Version 1.2 launched as -e 0.1 12 input/gemsec-Facebook.html/new_sites_edges.csv.gz 294


Execution time and memory used at after reading from file: 3.197000e+01 seconds, 24547328 bytes of memory usage, 24008 kB of memory peak and 00:32 elapsed time
Statistics on the network after reading from file
	Number of nodes: 27919
	Number of allocated nodes: 28672
	Number of edges: 205965
	Maximum in degree: 585 (node 27517)
	Maximum out degree: 497 (node 7314)

Execution time and memory used at after adding costs: 3.197000e+01 seconds, 24547328 bytes of memory usage, 24008 kB of memory peak and 00:32 elapsed time
Statistics on the network after adding costs
	Number of nodes: 27919
	Number of allocated nodes: 28672
	Number of edges: 205965
	Maximum in degree: 585 (node 27517)
	Maximum out degree: 497 (node 7314)

Execution time and memory used at before starting main computation: 3.199000e+01 seconds, 24817664 bytes of memory usage, 24752 kB of memory peak and 00:32 elapsed time
Statistics on the network before starting main computation
	Number of nodes: 27919
	Number of allocated nodes: 28672
	Number of edges: 205965
	Maximum in degree: 585 (node 27517)
	Maximum out degree: 497 (node 7314)
	source 637 (node 7314) with out degree 497
	target 1010 (node 27517) with in degree 585

Execution time and memory used at after iteration 1 (MF = 128.914048): 1.269600e+02 seconds, 210120704 bytes of memory usage, 257400 kB of memory peak and 02:07 elapsed time
Statistics on the network after iteration 1 (MF = 128.914048)
	Number of nodes: 27919
	Number of allocated nodes: 28672
	Number of edges: 205965
	Maximum in degree: 585 (node 27517)
	Maximum out degree: 497 (node 7314)
	source 637 (node 7314) with out degree 497
	target 1010 (node 27517) with in degree 585

Execution time and memory used at after iteration 2 (MF = 21.706100): 1.310100e+02 seconds, 210120704 bytes of memory usage, 257600 kB of memory peak and 02:11 elapsed time
Statistics on the network after iteration 2 (MF = 21.706100)
	Number of nodes: 27919
	Number of allocated nodes: 28672
	Number of edges: 205965
	Maximum in degree: 585 (node 27517)
	Maximum out degree: 497 (node 7314)
	source 637 (node 7314) with out degree 497
	target 1010 (node 27517) with in degree 585

Execution time and memory used at after iteration 3 (MF = 107.339187): 1.384900e+02 seconds, 210120704 bytes of memory usage, 258016 kB of memory peak and 02:19 elapsed time
Statistics on the network after iteration 3 (MF = 107.339187)
	Number of nodes: 27919
	Number of allocated nodes: 28672
	Number of edges: 205965
	Maximum in degree: 585 (node 27517)
	Maximum out degree: 497 (node 7314)
	source 637 (node 7314) with out degree 497
	target 1010 (node 27517) with in degree 585

Execution time and memory used at after iteration 4 (MF = 107.339187): 1.456800e+02 seconds, 210120704 bytes of memory usage, 258444 kB of memory peak and 02:26 elapsed time
Statistics on the network after iteration 4 (MF = 107.339187)
	Number of nodes: 27919
	Number of allocated nodes: 28672
	Number of edges: 205965
	Maximum in degree: 585 (node 27517)
	Maximum out degree: 497 (node 7314)
	source 637 (node 7314) with out degree 497
	target 1010 (node 27517) with in degree 585

Execution time and memory used at after iteration 5 (MF = 107.339187): 1.529900e+02 seconds, 210120704 bytes of memory usage, 266112 kB of memory peak and 02:33 elapsed time
Statistics on the network after iteration 5 (MF = 107.339187)
	Number of nodes: 27919
	Number of allocated nodes: 28672
	Number of edges: 205965
	Maximum in degree: 585 (node 27517)
	Maximum out degree: 497 (node 7314)
	source 637 (node 7314) with out degree 497
	target 1010 (node 27517) with in degree 585

Execution time and memory used at after iteration 6 (MF = 107.280961): 1.602000e+02 seconds, 210120704 bytes of memory usage, 266552 kB of memory peak and 02:40 elapsed time
Statistics on the network after iteration 6 (MF = 107.280961)
	Number of nodes: 27919
	Number of allocated nodes: 28672
	Number of edges: 205965
	Maximum in degree: 585 (node 27517)
	Maximum out degree: 497 (node 7314)
	source 637 (node 7314) with out degree 497
	target 1010 (node 27517) with in degree 585

Execution time and memory used at after iteration 7 (MF = 107.280961): 1.675200e+02 seconds, 210120704 bytes of memory usage, 266976 kB of memory peak and 02:48 elapsed time
Statistics on the network after iteration 7 (MF = 107.280961)
	Number of nodes: 27919
	Number of allocated nodes: 28672
	Number of edges: 205965
	Maximum in degree: 585 (node 27517)
	Maximum out degree: 497 (node 7314)
	source 637 (node 7314) with out degree 497
	target 1010 (node 27517) with in degree 585

Execution time and memory used at after iteration 8 (MF = 107.280961): 1.751500e+02 seconds, 210120704 bytes of memory usage, 269012 kB of memory peak and 02:55 elapsed time
Statistics on the network after iteration 8 (MF = 107.280961)
	Number of nodes: 27919
	Number of allocated nodes: 28672
	Number of edges: 205965
	Maximum in degree: 585 (node 27517)
	Maximum out degree: 497 (node 7314)
	source 637 (node 7314) with out degree 497
	target 1010 (node 27517) with in degree 585

Execution time and memory used at after iteration 9 (MF = 107.280961): 1.829900e+02 seconds, 210120704 bytes of memory usage, 269420 kB of memory peak and 03:03 elapsed time
Statistics on the network after iteration 9 (MF = 107.280961)
	Number of nodes: 27919
	Number of allocated nodes: 28672
	Number of edges: 205965
	Maximum in degree: 585 (node 27517)
	Maximum out degree: 497 (node 7314)
	source 637 (node 7314) with out degree 497
	target 1010 (node 27517) with in degree 585

Execution time and memory used at after iteration 10 (MF = 107.376155): 1.909100e+02 seconds, 210120704 bytes of memory usage, 269852 kB of memory peak and 03:11 elapsed time
Statistics on the network after iteration 10 (MF = 107.376155)
	Number of nodes: 27919
	Number of allocated nodes: 28672
	Number of edges: 205965
	Maximum in degree: 585 (node 27517)
	Maximum out degree: 497 (node 7314)
	source 637 (node 7314) with out degree 497
	target 1010 (node 27517) with in degree 585

Execution time and memory used at after iteration 11 (MF = 107.280961): 1.987200e+02 seconds, 212537344 bytes of memory usage, 270272 kB of memory peak and 03:19 elapsed time
Statistics on the network after iteration 11 (MF = 107.280961)
	Number of nodes: 27919
	Number of allocated nodes: 28672
	Number of edges: 205965
	Maximum in degree: 585 (node 27517)
	Maximum out degree: 497 (node 7314)
	source 637 (node 7314) with out degree 497
	target 1010 (node 27517) with in degree 585

Execution time and memory used at after iteration 12 (MF = 107.280961): 2.067800e+02 seconds, 214175744 bytes of memory usage, 270692 kB of memory peak and 03:27 elapsed time
Statistics on the network after iteration 12 (MF = 107.280961)
	Number of nodes: 27919
	Number of allocated nodes: 28672
	Number of edges: 205965
	Maximum in degree: 585 (node 27517)
	Maximum out degree: 497 (node 7314)
	source 637 (node 7314) with out degree 497
	target 1010 (node 27517) with in degree 585

Execution time and memory used at after iteration 13 (MF = 107.280961): 2.148200e+02 seconds, 214175744 bytes of memory usage, 271120 kB of memory peak and 03:35 elapsed time
Statistics on the network after iteration 13 (MF = 107.280961)
	Number of nodes: 27919
	Number of allocated nodes: 28672
	Number of edges: 205965
	Maximum in degree: 585 (node 27517)
	Maximum out degree: 497 (node 7314)
	source 637 (node 7314) with out degree 497
	target 1010 (node 27517) with in degree 585

Execution time and memory used at after iteration 14 (MF = 107.280961): 2.231300e+02 seconds, 214175744 bytes of memory usage, 271544 kB of memory peak and 03:43 elapsed time
Statistics on the network after iteration 14 (MF = 107.280961)
	Number of nodes: 27919
	Number of allocated nodes: 28672
	Number of edges: 205965
	Maximum in degree: 585 (node 27517)
	Maximum out degree: 497 (node 7314)
	source 637 (node 7314) with out degree 497
	target 1010 (node 27517) with in degree 585

Execution time and memory used at after iteration 15 (MF = 107.339187): 2.315700e+02 seconds, 215814144 bytes of memory usage, 271980 kB of memory peak and 03:52 elapsed time
Statistics on the network after iteration 15 (MF = 107.339187)
	Number of nodes: 27919
	Number of allocated nodes: 28672
	Number of edges: 205965
	Maximum in degree: 585 (node 27517)
	Maximum out degree: 497 (node 7314)
	source 637 (node 7314) with out degree 497
	target 1010 (node 27517) with in degree 585

Execution time and memory used at after iteration 16 (MF = 107.434381): 2.401100e+02 seconds, 215814144 bytes of memory usage, 272416 kB of memory peak and 04:00 elapsed time
Statistics on the network after iteration 16 (MF = 107.434381)
	Number of nodes: 27919
	Number of allocated nodes: 28672
	Number of edges: 205965
	Maximum in degree: 585 (node 27517)
	Maximum out degree: 497 (node 7314)
	source 637 (node 7314) with out degree 497
	target 1010 (node 27517) with in degree 585

Execution time and memory used at after iteration 17 (MF = 107.339187): 2.484200e+02 seconds, 215814144 bytes of memory usage, 272840 kB of memory peak and 04:09 elapsed time
Statistics on the network after iteration 17 (MF = 107.339187)
	Number of nodes: 27919
	Number of allocated nodes: 28672
	Number of edges: 205965
	Maximum in degree: 585 (node 27517)
	Maximum out degree: 497 (node 7314)
	source 637 (node 7314) with out degree 497
	target 1010 (node 27517) with in degree 585

Execution time and memory used at after iteration 18 (MF = 107.280961): 2.574900e+02 seconds, 217452544 bytes of memory usage, 273244 kB of memory peak and 04:18 elapsed time
Statistics on the network after iteration 18 (MF = 107.280961)
	Number of nodes: 27919
	Number of allocated nodes: 28672
	Number of edges: 205965
	Maximum in degree: 585 (node 27517)
	Maximum out degree: 497 (node 7314)
	source 637 (node 7314) with out degree 497
	target 1010 (node 27517) with in degree 585

Execution time and memory used at after iteration 19 (MF = 107.339187): 2.665600e+02 seconds, 217452544 bytes of memory usage, 273940 kB of memory peak and 04:27 elapsed time
Statistics on the network after iteration 19 (MF = 107.339187)
	Number of nodes: 27919
	Number of allocated nodes: 28672
	Number of edges: 205965
	Maximum in degree: 585 (node 27517)
	Maximum out degree: 497 (node 7314)
	source 637 (node 7314) with out degree 497
	target 1010 (node 27517) with in degree 585

Execution time and memory used at after iteration 20 (MF = 107.339187): 2.757600e+02 seconds, 217452544 bytes of memory usage, 274364 kB of memory peak and 04:36 elapsed time
Statistics on the network after iteration 20 (MF = 107.339187)
	Number of nodes: 27919
	Number of allocated nodes: 28672
	Number of edges: 205965
	Maximum in degree: 585 (node 27517)
	Maximum out degree: 497 (node 7314)
	source 637 (node 7314) with out degree 497
	target 1010 (node 27517) with in degree 585

Execution time and memory used at after iteration 21 (MF = 107.339187): 2.850800e+02 seconds, 217452544 bytes of memory usage, 284288 kB of memory peak and 04:45 elapsed time
Statistics on the network after iteration 21 (MF = 107.339187)
	Number of nodes: 27919
	Number of allocated nodes: 28672
	Number of edges: 205965
	Maximum in degree: 585 (node 27517)
	Maximum out degree: 497 (node 7314)
	source 637 (node 7314) with out degree 497
	target 1010 (node 27517) with in degree 585

Execution time and memory used at after iteration 22 (MF = 107.376155): 2.944100e+02 seconds, 217452544 bytes of memory usage, 284712 kB of memory peak and 04:55 elapsed time
Statistics on the network after iteration 22 (MF = 107.376155)
	Number of nodes: 27919
	Number of allocated nodes: 28672
	Number of edges: 205965
	Maximum in degree: 585 (node 27517)
	Maximum out degree: 497 (node 7314)
	source 637 (node 7314) with out degree 497
	target 1010 (node 27517) with in degree 585

Execution time and memory used at after iteration 23 (MF = 107.376155): 3.039200e+02 seconds, 217452544 bytes of memory usage, 285120 kB of memory peak and 05:04 elapsed time
Statistics on the network after iteration 23 (MF = 107.376155)
	Number of nodes: 27919
	Number of allocated nodes: 28672
	Number of edges: 205965
	Maximum in degree: 585 (node 27517)
	Maximum out degree: 497 (node 7314)
	source 637 (node 7314) with out degree 497
	target 1010 (node 27517) with in degree 585

Execution time and memory used at after iteration 24 (MF = 107.280961): 3.121300e+02 seconds, 217452544 bytes of memory usage, 285120 kB of memory peak and 05:12 elapsed time
Statistics on the network after iteration 24 (MF = 107.280961)
	Number of nodes: 27919
	Number of allocated nodes: 28672
	Number of edges: 205965
	Maximum in degree: 585 (node 27517)
	Maximum out degree: 497 (node 7314)
	source 637 (node 7314) with out degree 497
	target 1010 (node 27517) with in degree 585

Execution time and memory used at after iteration 25 (MF = 107.280961): 3.216500e+02 seconds, 217452544 bytes of memory usage, 285948 kB of memory peak and 05:22 elapsed time
Statistics on the network after iteration 25 (MF = 107.280961)
	Number of nodes: 27919
	Number of allocated nodes: 28672
	Number of edges: 205965
	Maximum in degree: 585 (node 27517)
	Maximum out degree: 497 (node 7314)
	source 637 (node 7314) with out degree 497
	target 1010 (node 27517) with in degree 585

Execution time and memory used at after iteration 26 (MF = 107.339187): 3.311500e+02 seconds, 217452544 bytes of memory usage, 286388 kB of memory peak and 05:32 elapsed time
Statistics on the network after iteration 26 (MF = 107.339187)
	Number of nodes: 27919
	Number of allocated nodes: 28672
	Number of edges: 205965
	Maximum in degree: 585 (node 27517)
	Maximum out degree: 497 (node 7314)
	source 637 (node 7314) with out degree 497
	target 1010 (node 27517) with in degree 585

Execution time and memory used at after iteration 27 (MF = 107.339187): 3.405900e+02 seconds, 217452544 bytes of memory usage, 286812 kB of memory peak and 05:41 elapsed time
Statistics on the network after iteration 27 (MF = 107.339187)
	Number of nodes: 27919
	Number of allocated nodes: 28672
	Number of edges: 205965
	Maximum in degree: 585 (node 27517)
	Maximum out degree: 497 (node 7314)
	source 637 (node 7314) with out degree 497
	target 1010 (node 27517) with in degree 585

Execution time and memory used at after iteration 28 (MF = 107.339187): 3.502000e+02 seconds, 217452544 bytes of memory usage, 287240 kB of memory peak and 05:51 elapsed time
Statistics on the network after iteration 28 (MF = 107.339187)
	Number of nodes: 27919
	Number of allocated nodes: 28672
	Number of edges: 205965
	Maximum in degree: 585 (node 27517)
	Maximum out degree: 497 (node 7314)
	source 637 (node 7314) with out degree 497
	target 1010 (node 27517) with in degree 585

Execution time and memory used at after iteration 29 (MF = 107.339187): 3.598300e+02 seconds, 217452544 bytes of memory usage, 287656 kB of memory peak and 06:00 elapsed time
Statistics on the network after iteration 29 (MF = 107.339187)
	Number of nodes: 27919
	Number of allocated nodes: 28672
	Number of edges: 205965
	Maximum in degree: 585 (node 27517)
	Maximum out degree: 497 (node 7314)
	source 637 (node 7314) with out degree 497
	target 1010 (node 27517) with in degree 585

Execution time and memory used at after iteration 30 (MF = 107.339187): 3.695800e+02 seconds, 217452544 bytes of memory usage, 288076 kB of memory peak and 06:10 elapsed time
Statistics on the network after iteration 30 (MF = 107.339187)
	Number of nodes: 27919
	Number of allocated nodes: 28672
	Number of edges: 205965
	Maximum in degree: 585 (node 27517)
	Maximum out degree: 497 (node 7314)
	source 637 (node 7314) with out degree 497
	target 1010 (node 27517) with in degree 585

Execution time and memory used at after iteration 31 (MF = 107.339187): 3.793700e+02 seconds, 217452544 bytes of memory usage, 288492 kB of memory peak and 06:20 elapsed time
Statistics on the network after iteration 31 (MF = 107.339187)
	Number of nodes: 27919
	Number of allocated nodes: 28672
	Number of edges: 205965
	Maximum in degree: 585 (node 27517)
	Maximum out degree: 497 (node 7314)
	source 637 (node 7314) with out degree 497
	target 1010 (node 27517) with in degree 585

Execution time and memory used at after iteration 32 (MF = 107.339187): 3.892600e+02 seconds, 217452544 bytes of memory usage, 288904 kB of memory peak and 06:30 elapsed time
Statistics on the network after iteration 32 (MF = 107.339187)
	Number of nodes: 27919
	Number of allocated nodes: 28672
	Number of edges: 205965
	Maximum in degree: 585 (node 27517)
	Maximum out degree: 497 (node 7314)
	source 637 (node 7314) with out degree 497
	target 1010 (node 27517) with in degree 585

Execution time and memory used at after iteration 33 (MF = 107.339187): 3.991900e+02 seconds, 217452544 bytes of memory usage, 289320 kB of memory peak and 06:40 elapsed time
Statistics on the network after iteration 33 (MF = 107.339187)
	Number of nodes: 27919
	Number of allocated nodes: 28672
	Number of edges: 205965
	Maximum in degree: 585 (node 27517)
	Maximum out degree: 497 (node 7314)
	source 637 (node 7314) with out degree 497
	target 1010 (node 27517) with in degree 585

Execution time and memory used at after iteration 34 (MF = 107.339187): 4.092300e+02 seconds, 217452544 bytes of memory usage, 289736 kB of memory peak and 06:50 elapsed time
Statistics on the network after iteration 34 (MF = 107.339187)
	Number of nodes: 27919
	Number of allocated nodes: 28672
	Number of edges: 205965
	Maximum in degree: 585 (node 27517)
	Maximum out degree: 497 (node 7314)
	source 637 (node 7314) with out degree 497
	target 1010 (node 27517) with in degree 585

Execution time and memory used at after iteration 35 (MF = 107.339187): 4.192100e+02 seconds, 217452544 bytes of memory usage, 290164 kB of memory peak and 07:00 elapsed time
Statistics on the network after iteration 35 (MF = 107.339187)
	Number of nodes: 27919
	Number of allocated nodes: 28672
	Number of edges: 205965
	Maximum in degree: 585 (node 27517)
	Maximum out degree: 497 (node 7314)
	source 637 (node 7314) with out degree 497
	target 1010 (node 27517) with in degree 585

Execution time and memory used at after iteration 36 (MF = 107.339187): 4.294200e+02 seconds, 217452544 bytes of memory usage, 300336 kB of memory peak and 07:10 elapsed time
Statistics on the network after iteration 36 (MF = 107.339187)
	Number of nodes: 27919
	Number of allocated nodes: 28672
	Number of edges: 205965
	Maximum in degree: 585 (node 27517)
	Maximum out degree: 497 (node 7314)
	source 637 (node 7314) with out degree 497
	target 1010 (node 27517) with in degree 585

Execution time and memory used at after iteration 37 (MF = 107.376155): 4.398300e+02 seconds, 217452544 bytes of memory usage, 300752 kB of memory peak and 07:20 elapsed time
Statistics on the network after iteration 37 (MF = 107.376155)
	Number of nodes: 27919
	Number of allocated nodes: 28672
	Number of edges: 205965
	Maximum in degree: 585 (node 27517)
	Maximum out degree: 497 (node 7314)
	source 637 (node 7314) with out degree 497
	target 1010 (node 27517) with in degree 585

Execution time and memory used at after iteration 38 (MF = 107.280961): 4.502700e+02 seconds, 217452544 bytes of memory usage, 301172 kB of memory peak and 07:31 elapsed time
Statistics on the network after iteration 38 (MF = 107.280961)
	Number of nodes: 27919
	Number of allocated nodes: 28672
	Number of edges: 205965
	Maximum in degree: 585 (node 27517)
	Maximum out degree: 497 (node 7314)
	source 637 (node 7314) with out degree 497
	target 1010 (node 27517) with in degree 585

Execution time and memory used at after iteration 39 (MF = 107.280961): 4.606500e+02 seconds, 217452544 bytes of memory usage, 301596 kB of memory peak and 07:41 elapsed time
Statistics on the network after iteration 39 (MF = 107.280961)
	Number of nodes: 27919
	Number of allocated nodes: 28672
	Number of edges: 205965
	Maximum in degree: 585 (node 27517)
	Maximum out degree: 497 (node 7314)
	source 637 (node 7314) with out degree 497
	target 1010 (node 27517) with in degree 585

Execution time and memory used at after iteration 40 (MF = 107.280961): 4.710700e+02 seconds, 217452544 bytes of memory usage, 301996 kB of memory peak and 07:52 elapsed time
Statistics on the network after iteration 40 (MF = 107.280961)
	Number of nodes: 27919
	Number of allocated nodes: 28672
	Number of edges: 205965
	Maximum in degree: 585 (node 27517)
	Maximum out degree: 497 (node 7314)
	source 637 (node 7314) with out degree 497
	target 1010 (node 27517) with in degree 585

Execution time and memory used at after iteration 41 (MF = 107.280961): 4.815600e+02 seconds, 217452544 bytes of memory usage, 302440 kB of memory peak and 08:02 elapsed time
Statistics on the network after iteration 41 (MF = 107.280961)
	Number of nodes: 27919
	Number of allocated nodes: 28672
	Number of edges: 205965
	Maximum in degree: 585 (node 27517)
	Maximum out degree: 497 (node 7314)
	source 637 (node 7314) with out degree 497
	target 1010 (node 27517) with in degree 585

Execution time and memory used at after iteration 42 (MF = 107.280961): 4.926800e+02 seconds, 227115008 bytes of memory usage, 302856 kB of memory peak and 08:13 elapsed time
Statistics on the network after iteration 42 (MF = 107.280961)
	Number of nodes: 27919
	Number of allocated nodes: 28672
	Number of edges: 205965
	Maximum in degree: 585 (node 27517)
	Maximum out degree: 497 (node 7314)
	source 637 (node 7314) with out degree 497
	target 1010 (node 27517) with in degree 585

Execution time and memory used at after iteration 43 (MF = 107.339187): 5.037900e+02 seconds, 227115008 bytes of memory usage, 303296 kB of memory peak and 08:24 elapsed time
Statistics on the network after iteration 43 (MF = 107.339187)
	Number of nodes: 27919
	Number of allocated nodes: 28672
	Number of edges: 205965
	Maximum in degree: 585 (node 27517)
	Maximum out degree: 497 (node 7314)
	source 637 (node 7314) with out degree 497
	target 1010 (node 27517) with in degree 585

Execution time and memory used at after iteration 44 (MF = 107.339187): 5.149500e+02 seconds, 228753408 bytes of memory usage, 303708 kB of memory peak and 08:35 elapsed time
Statistics on the network after iteration 44 (MF = 107.339187)
	Number of nodes: 27919
	Number of allocated nodes: 28672
	Number of edges: 205965
	Maximum in degree: 585 (node 27517)
	Maximum out degree: 497 (node 7314)
	source 637 (node 7314) with out degree 497
	target 1010 (node 27517) with in degree 585

Execution time and memory used at after iteration 45 (MF = 107.339187): 5.259500e+02 seconds, 227115008 bytes of memory usage, 304124 kB of memory peak and 08:46 elapsed time
Statistics on the network after iteration 45 (MF = 107.339187)
	Number of nodes: 27919
	Number of allocated nodes: 28672
	Number of edges: 205965
	Maximum in degree: 585 (node 27517)
	Maximum out degree: 497 (node 7314)
	source 637 (node 7314) with out degree 497
	target 1010 (node 27517) with in degree 585

Execution time and memory used at after iteration 46 (MF = 107.280961): 5.369600e+02 seconds, 227115008 bytes of memory usage, 304520 kB of memory peak and 08:57 elapsed time
Statistics on the network after iteration 46 (MF = 107.280961)
	Number of nodes: 27919
	Number of allocated nodes: 28672
	Number of edges: 205965
	Maximum in degree: 585 (node 27517)
	Maximum out degree: 497 (node 7314)
	source 637 (node 7314) with out degree 497
	target 1010 (node 27517) with in degree 585

Execution time and memory used at after iteration 47 (MF = 107.280961): 5.479300e+02 seconds, 227115008 bytes of memory usage, 304948 kB of memory peak and 09:08 elapsed time
Statistics on the network after iteration 47 (MF = 107.280961)
	Number of nodes: 27919
	Number of allocated nodes: 28672
	Number of edges: 205965
	Maximum in degree: 585 (node 27517)
	Maximum out degree: 497 (node 7314)
	source 637 (node 7314) with out degree 497
	target 1010 (node 27517) with in degree 585

Execution time and memory used at after iteration 48 (MF = 107.280961): 5.590300e+02 seconds, 227115008 bytes of memory usage, 305392 kB of memory peak and 09:20 elapsed time
Statistics on the network after iteration 48 (MF = 107.280961)
	Number of nodes: 27919
	Number of allocated nodes: 28672
	Number of edges: 205965
	Maximum in degree: 585 (node 27517)
	Maximum out degree: 497 (node 7314)
	source 637 (node 7314) with out degree 497
	target 1010 (node 27517) with in degree 585

Execution time and memory used at after iteration 49 (MF = 107.280961): 5.706100e+02 seconds, 227115008 bytes of memory usage, 305792 kB of memory peak and 09:31 elapsed time
Statistics on the network after iteration 49 (MF = 107.280961)
	Number of nodes: 27919
	Number of allocated nodes: 28672
	Number of edges: 205965
	Maximum in degree: 585 (node 27517)
	Maximum out degree: 497 (node 7314)
	source 637 (node 7314) with out degree 497
	target 1010 (node 27517) with in degree 585

Execution time and memory used at after iteration 50 (MF = 107.280961): 5.826000e+02 seconds, 227110912 bytes of memory usage, 306232 kB of memory peak and 09:43 elapsed time
Statistics on the network after iteration 50 (MF = 107.280961)
	Number of nodes: 27919
	Number of allocated nodes: 28672
	Number of edges: 205965
	Maximum in degree: 585 (node 27517)
	Maximum out degree: 497 (node 7314)
	source 637 (node 7314) with out degree 497
	target 1010 (node 27517) with in degree 585

Execution time and memory used at after iteration 51 (MF = 107.280961): 5.947000e+02 seconds, 227110912 bytes of memory usage, 306640 kB of memory peak and 09:55 elapsed time
Statistics on the network after iteration 51 (MF = 107.280961)
	Number of nodes: 27919
	Number of allocated nodes: 28672
	Number of edges: 205965
	Maximum in degree: 585 (node 27517)
	Maximum out degree: 497 (node 7314)
	source 637 (node 7314) with out degree 497
	target 1010 (node 27517) with in degree 585

Execution time and memory used at after iteration 52 (MF = 107.280961): 6.070500e+02 seconds, 227110912 bytes of memory usage, 307080 kB of memory peak and 10:08 elapsed time
Statistics on the network after iteration 52 (MF = 107.280961)
	Number of nodes: 27919
	Number of allocated nodes: 28672
	Number of edges: 205965
	Maximum in degree: 585 (node 27517)
	Maximum out degree: 497 (node 7314)
	source 637 (node 7314) with out degree 497
	target 1010 (node 27517) with in degree 585

Execution time and memory used at after iteration 53 (MF = 107.353050): 6.193500e+02 seconds, 227110912 bytes of memory usage, 307504 kB of memory peak and 10:20 elapsed time
Statistics on the network after iteration 53 (MF = 107.353050)
	Number of nodes: 27919
	Number of allocated nodes: 28672
	Number of edges: 205965
	Maximum in degree: 585 (node 27517)
	Maximum out degree: 497 (node 7314)
	source 637 (node 7314) with out degree 497
	target 1010 (node 27517) with in degree 585

Execution time and memory used at after iteration 54 (MF = 107.280961): 6.319200e+02 seconds, 227110912 bytes of memory usage, 307932 kB of memory peak and 10:32 elapsed time
Statistics on the network after iteration 54 (MF = 107.280961)
	Number of nodes: 27919
	Number of allocated nodes: 28672
	Number of edges: 205965
	Maximum in degree: 585 (node 27517)
	Maximum out degree: 497 (node 7314)
	source 637 (node 7314) with out degree 497
	target 1010 (node 27517) with in degree 585

Execution time and memory used at after iteration 55 (MF = 107.280961): 6.445300e+02 seconds, 227110912 bytes of memory usage, 308356 kB of memory peak and 10:45 elapsed time
Statistics on the network after iteration 55 (MF = 107.280961)
	Number of nodes: 27919
	Number of allocated nodes: 28672
	Number of edges: 205965
	Maximum in degree: 585 (node 27517)
	Maximum out degree: 497 (node 7314)
	source 637 (node 7314) with out degree 497
	target 1010 (node 27517) with in degree 585

Execution time and memory used at after iteration 56 (MF = 107.280961): 6.571800e+02 seconds, 227110912 bytes of memory usage, 308784 kB of memory peak and 10:58 elapsed time
Statistics on the network after iteration 56 (MF = 107.280961)
	Number of nodes: 27919
	Number of allocated nodes: 28672
	Number of edges: 205965
	Maximum in degree: 585 (node 27517)
	Maximum out degree: 497 (node 7314)
	source 637 (node 7314) with out degree 497
	target 1010 (node 27517) with in degree 585

Execution time and memory used at after iteration 57 (MF = 107.280961): 6.701000e+02 seconds, 227110912 bytes of memory usage, 309208 kB of memory peak and 11:11 elapsed time
Statistics on the network after iteration 57 (MF = 107.280961)
	Number of nodes: 27919
	Number of allocated nodes: 28672
	Number of edges: 205965
	Maximum in degree: 585 (node 27517)
	Maximum out degree: 497 (node 7314)
	source 637 (node 7314) with out degree 497
	target 1010 (node 27517) with in degree 585

Execution time and memory used at after iteration 58 (MF = 107.280961): 6.829500e+02 seconds, 227110912 bytes of memory usage, 309612 kB of memory peak and 11:24 elapsed time
Statistics on the network after iteration 58 (MF = 107.280961)
	Number of nodes: 27919
	Number of allocated nodes: 28672
	Number of edges: 205965
	Maximum in degree: 585 (node 27517)
	Maximum out degree: 497 (node 7314)
	source 637 (node 7314) with out degree 497
	target 1010 (node 27517) with in degree 585

Execution time and memory used at after iteration 59 (MF = 107.339187): 6.956700e+02 seconds, 227110912 bytes of memory usage, 310044 kB of memory peak and 11:36 elapsed time
Statistics on the network after iteration 59 (MF = 107.339187)
	Number of nodes: 27919
	Number of allocated nodes: 28672
	Number of edges: 205965
	Maximum in degree: 585 (node 27517)
	Maximum out degree: 497 (node 7314)
	source 637 (node 7314) with out degree 497
	target 1010 (node 27517) with in degree 585

Execution time and memory used at after iteration 60 (MF = 107.339187): 7.088100e+02 seconds, 227110912 bytes of memory usage, 310460 kB of memory peak and 11:49 elapsed time
Statistics on the network after iteration 60 (MF = 107.339187)
	Number of nodes: 27919
	Number of allocated nodes: 28672
	Number of edges: 205965
	Maximum in degree: 585 (node 27517)
	Maximum out degree: 497 (node 7314)
	source 637 (node 7314) with out degree 497
	target 1010 (node 27517) with in degree 585

Execution time and memory used at after iteration 61 (MF = 107.339187): 7.220200e+02 seconds, 227110912 bytes of memory usage, 310856 kB of memory peak and 12:03 elapsed time
Statistics on the network after iteration 61 (MF = 107.339187)
	Number of nodes: 27919
	Number of allocated nodes: 28672
	Number of edges: 205965
	Maximum in degree: 585 (node 27517)
	Maximum out degree: 497 (node 7314)
	source 637 (node 7314) with out degree 497
	target 1010 (node 27517) with in degree 585

Execution time and memory used at after iteration 62 (MF = 107.339187): 7.354800e+02 seconds, 227110912 bytes of memory usage, 311264 kB of memory peak and 12:16 elapsed time
Statistics on the network after iteration 62 (MF = 107.339187)
	Number of nodes: 27919
	Number of allocated nodes: 28672
	Number of edges: 205965
	Maximum in degree: 585 (node 27517)
	Maximum out degree: 497 (node 7314)
	source 637 (node 7314) with out degree 497
	target 1010 (node 27517) with in degree 585

Execution time and memory used at after iteration 63 (MF = 107.411275): 7.490900e+02 seconds, 227110912 bytes of memory usage, 311680 kB of memory peak and 12:30 elapsed time
Statistics on the network after iteration 63 (MF = 107.411275)
	Number of nodes: 27919
	Number of allocated nodes: 28672
	Number of edges: 205965
	Maximum in degree: 585 (node 27517)
	Maximum out degree: 497 (node 7314)
	source 637 (node 7314) with out degree 497
	target 1010 (node 27517) with in degree 585

Execution time and memory used at after iteration 64 (MF = 107.339187): 7.626400e+02 seconds, 227110912 bytes of memory usage, 312120 kB of memory peak and 12:43 elapsed time
Statistics on the network after iteration 64 (MF = 107.339187)
	Number of nodes: 27919
	Number of allocated nodes: 28672
	Number of edges: 205965
	Maximum in degree: 585 (node 27517)
	Maximum out degree: 497 (node 7314)
	source 637 (node 7314) with out degree 497
	target 1010 (node 27517) with in degree 585

Execution time and memory used at after iteration 65 (MF = 107.339187): 7.762300e+02 seconds, 227110912 bytes of memory usage, 312532 kB of memory peak and 12:57 elapsed time
Statistics on the network after iteration 65 (MF = 107.339187)
	Number of nodes: 27919
	Number of allocated nodes: 28672
	Number of edges: 205965
	Maximum in degree: 585 (node 27517)
	Maximum out degree: 497 (node 7314)
	source 637 (node 7314) with out degree 497
	target 1010 (node 27517) with in degree 585

Execution time and memory used at after iteration 66 (MF = 107.339187): 7.900500e+02 seconds, 227110912 bytes of memory usage, 312948 kB of memory peak and 13:11 elapsed time
Statistics on the network after iteration 66 (MF = 107.339187)
	Number of nodes: 27919
	Number of allocated nodes: 28672
	Number of edges: 205965
	Maximum in degree: 585 (node 27517)
	Maximum out degree: 497 (node 7314)
	source 637 (node 7314) with out degree 497
	target 1010 (node 27517) with in degree 585

Execution time and memory used at after iteration 67 (MF = 107.339187): 8.041200e+02 seconds, 227110912 bytes of memory usage, 313384 kB of memory peak and 13:25 elapsed time
Statistics on the network after iteration 67 (MF = 107.339187)
	Number of nodes: 27919
	Number of allocated nodes: 28672
	Number of edges: 205965
	Maximum in degree: 585 (node 27517)
	Maximum out degree: 497 (node 7314)
	source 637 (node 7314) with out degree 497
	target 1010 (node 27517) with in degree 585

Execution time and memory used at after iteration 68 (MF = 107.434381): 8.183400e+02 seconds, 227110912 bytes of memory usage, 313804 kB of memory peak and 13:39 elapsed time
Statistics on the network after iteration 68 (MF = 107.434381)
	Number of nodes: 27919
	Number of allocated nodes: 28672
	Number of edges: 205965
	Maximum in degree: 585 (node 27517)
	Maximum out degree: 497 (node 7314)
	source 637 (node 7314) with out degree 497
	target 1010 (node 27517) with in degree 585

Execution time and memory used at after iteration 69 (MF = 107.339187): 8.327000e+02 seconds, 227110912 bytes of memory usage, 314220 kB of memory peak and 13:53 elapsed time
Statistics on the network after iteration 69 (MF = 107.339187)
	Number of nodes: 27919
	Number of allocated nodes: 28672
	Number of edges: 205965
	Maximum in degree: 585 (node 27517)
	Maximum out degree: 497 (node 7314)
	source 637 (node 7314) with out degree 497
	target 1010 (node 27517) with in degree 585

Execution time and memory used at after iteration 70 (MF = 107.339187): 8.471300e+02 seconds, 227110912 bytes of memory usage, 314668 kB of memory peak and 14:08 elapsed time
Statistics on the network after iteration 70 (MF = 107.339187)
	Number of nodes: 27919
	Number of allocated nodes: 28672
	Number of edges: 205965
	Maximum in degree: 585 (node 27517)
	Maximum out degree: 497 (node 7314)
	source 637 (node 7314) with out degree 497
	target 1010 (node 27517) with in degree 585

Execution time and memory used at after iteration 71 (MF = 107.339187): 8.617500e+02 seconds, 227110912 bytes of memory usage, 315068 kB of memory peak and 14:22 elapsed time
Statistics on the network after iteration 71 (MF = 107.339187)
	Number of nodes: 27919
	Number of allocated nodes: 28672
	Number of edges: 205965
	Maximum in degree: 585 (node 27517)
	Maximum out degree: 497 (node 7314)
	source 637 (node 7314) with out degree 497
	target 1010 (node 27517) with in degree 585

Execution time and memory used at after iteration 72 (MF = 107.339187): 8.765200e+02 seconds, 227110912 bytes of memory usage, 315488 kB of memory peak and 14:37 elapsed time
Statistics on the network after iteration 72 (MF = 107.339187)
	Number of nodes: 27919
	Number of allocated nodes: 28672
	Number of edges: 205965
	Maximum in degree: 585 (node 27517)
	Maximum out degree: 497 (node 7314)
	source 637 (node 7314) with out degree 497
	target 1010 (node 27517) with in degree 585

Execution time and memory used at after iteration 73 (MF = 107.434381): 8.913400e+02 seconds, 227110912 bytes of memory usage, 315904 kB of memory peak and 14:52 elapsed time
Statistics on the network after iteration 73 (MF = 107.434381)
	Number of nodes: 27919
	Number of allocated nodes: 28672
	Number of edges: 205965
	Maximum in degree: 585 (node 27517)
	Maximum out degree: 497 (node 7314)
	source 637 (node 7314) with out degree 497
	target 1010 (node 27517) with in degree 585

Execution time and memory used at after iteration 74 (MF = 107.339187): 9.064000e+02 seconds, 227110912 bytes of memory usage, 316308 kB of memory peak and 15:07 elapsed time
Statistics on the network after iteration 74 (MF = 107.339187)
	Number of nodes: 27919
	Number of allocated nodes: 28672
	Number of edges: 205965
	Maximum in degree: 585 (node 27517)
	Maximum out degree: 497 (node 7314)
	source 637 (node 7314) with out degree 497
	target 1010 (node 27517) with in degree 585

Execution time and memory used at after iteration 75 (MF = 107.280961): 9.217300e+02 seconds, 242528256 bytes of memory usage, 316716 kB of memory peak and 15:22 elapsed time
Statistics on the network after iteration 75 (MF = 107.280961)
	Number of nodes: 27919
	Number of allocated nodes: 28672
	Number of edges: 205965
	Maximum in degree: 585 (node 27517)
	Maximum out degree: 497 (node 7314)
	source 637 (node 7314) with out degree 497
	target 1010 (node 27517) with in degree 585

Execution time and memory used at after iteration 76 (MF = 107.376155): 9.373700e+02 seconds, 242528256 bytes of memory usage, 317156 kB of memory peak and 15:38 elapsed time
Statistics on the network after iteration 76 (MF = 107.376155)
	Number of nodes: 27919
	Number of allocated nodes: 28672
	Number of edges: 205965
	Maximum in degree: 585 (node 27517)
	Maximum out degree: 497 (node 7314)
	source 637 (node 7314) with out degree 497
	target 1010 (node 27517) with in degree 585

Execution time and memory used at after iteration 77 (MF = 107.280961): 9.534100e+02 seconds, 242528256 bytes of memory usage, 317568 kB of memory peak and 15:54 elapsed time
Statistics on the network after iteration 77 (MF = 107.280961)
	Number of nodes: 27919
	Number of allocated nodes: 28672
	Number of edges: 205965
	Maximum in degree: 585 (node 27517)
	Maximum out degree: 497 (node 7314)
	source 637 (node 7314) with out degree 497
	target 1010 (node 27517) with in degree 585

Execution time and memory used at after iteration 78 (MF = 107.376155): 9.699200e+02 seconds, 242528256 bytes of memory usage, 317988 kB of memory peak and 16:11 elapsed time
Statistics on the network after iteration 78 (MF = 107.376155)
	Number of nodes: 27919
	Number of allocated nodes: 28672
	Number of edges: 205965
	Maximum in degree: 585 (node 27517)
	Maximum out degree: 497 (node 7314)
	source 637 (node 7314) with out degree 497
	target 1010 (node 27517) with in degree 585

Execution time and memory used at after iteration 79 (MF = 107.280961): 9.871300e+02 seconds, 242528256 bytes of memory usage, 318404 kB of memory peak and 16:28 elapsed time
Statistics on the network after iteration 79 (MF = 107.280961)
	Number of nodes: 27919
	Number of allocated nodes: 28672
	Number of edges: 205965
	Maximum in degree: 585 (node 27517)
	Maximum out degree: 497 (node 7314)
	source 637 (node 7314) with out degree 497
	target 1010 (node 27517) with in degree 585

Execution time and memory used at after iteration 80 (MF = 107.376155): 1.003380e+03 seconds, 244883456 bytes of memory usage, 318832 kB of memory peak and 16:44 elapsed time
Statistics on the network after iteration 80 (MF = 107.376155)
	Number of nodes: 27919
	Number of allocated nodes: 28672
	Number of edges: 205965
	Maximum in degree: 585 (node 27517)
	Maximum out degree: 497 (node 7314)
	source 637 (node 7314) with out degree 497
	target 1010 (node 27517) with in degree 585

Execution time and memory used at after iteration 81 (MF = 107.280961): 1.019660e+03 seconds, 246517760 bytes of memory usage, 319228 kB of memory peak and 17:00 elapsed time
Statistics on the network after iteration 81 (MF = 107.280961)
	Number of nodes: 27919
	Number of allocated nodes: 28672
	Number of edges: 205965
	Maximum in degree: 585 (node 27517)
	Maximum out degree: 497 (node 7314)
	source 637 (node 7314) with out degree 497
	target 1010 (node 27517) with in degree 585

Execution time and memory used at after iteration 82 (MF = 107.376155): 1.036400e+03 seconds, 246517760 bytes of memory usage, 319668 kB of memory peak and 17:17 elapsed time
Statistics on the network after iteration 82 (MF = 107.376155)
	Number of nodes: 27919
	Number of allocated nodes: 28672
	Number of edges: 205965
	Maximum in degree: 585 (node 27517)
	Maximum out degree: 497 (node 7314)
	source 637 (node 7314) with out degree 497
	target 1010 (node 27517) with in degree 585

Execution time and memory used at after iteration 83 (MF = 107.353050): 1.049430e+03 seconds, 246517760 bytes of memory usage, 320048 kB of memory peak and 17:30 elapsed time
Statistics on the network after iteration 83 (MF = 107.353050)
	Number of nodes: 27919
	Number of allocated nodes: 28672
	Number of edges: 205965
	Maximum in degree: 585 (node 27517)
	Maximum out degree: 497 (node 7314)
	source 637 (node 7314) with out degree 497
	target 1010 (node 27517) with in degree 585

Execution time and memory used at after iteration 84 (MF = 107.280961): 1.064080e+03 seconds, 246517760 bytes of memory usage, 320476 kB of memory peak and 17:45 elapsed time
Statistics on the network after iteration 84 (MF = 107.280961)
	Number of nodes: 27919
	Number of allocated nodes: 28672
	Number of edges: 205965
	Maximum in degree: 585 (node 27517)
	Maximum out degree: 497 (node 7314)
	source 637 (node 7314) with out degree 497
	target 1010 (node 27517) with in degree 585

Execution time and memory used at after iteration 85 (MF = 107.280961): 1.080340e+03 seconds, 246517760 bytes of memory usage, 320896 kB of memory peak and 18:01 elapsed time
Statistics on the network after iteration 85 (MF = 107.280961)
	Number of nodes: 27919
	Number of allocated nodes: 28672
	Number of edges: 205965
	Maximum in degree: 585 (node 27517)
	Maximum out degree: 497 (node 7314)
	source 637 (node 7314) with out degree 497
	target 1010 (node 27517) with in degree 585

Execution time and memory used at after iteration 86 (MF = 107.376155): 1.091620e+03 seconds, 246517760 bytes of memory usage, 321304 kB of memory peak and 18:12 elapsed time
Statistics on the network after iteration 86 (MF = 107.376155)
	Number of nodes: 27919
	Number of allocated nodes: 28672
	Number of edges: 205965
	Maximum in degree: 585 (node 27517)
	Maximum out degree: 497 (node 7314)
	source 637 (node 7314) with out degree 497
	target 1010 (node 27517) with in degree 585

Execution time and memory used at after iteration 87 (MF = 107.376155): 1.103010e+03 seconds, 246517760 bytes of memory usage, 321712 kB of memory peak and 18:24 elapsed time
Statistics on the network after iteration 87 (MF = 107.376155)
	Number of nodes: 27919
	Number of allocated nodes: 28672
	Number of edges: 205965
	Maximum in degree: 585 (node 27517)
	Maximum out degree: 497 (node 7314)
	source 637 (node 7314) with out degree 497
	target 1010 (node 27517) with in degree 585

Execution time and memory used at after iteration 88 (MF = 107.376155): 1.114360e+03 seconds, 246517760 bytes of memory usage, 322128 kB of memory peak and 18:35 elapsed time
Statistics on the network after iteration 88 (MF = 107.376155)
	Number of nodes: 27919
	Number of allocated nodes: 28672
	Number of edges: 205965
	Maximum in degree: 585 (node 27517)
	Maximum out degree: 497 (node 7314)
	source 637 (node 7314) with out degree 497
	target 1010 (node 27517) with in degree 585

Execution time and memory used at after iteration 89 (MF = 107.376155): 1.125780e+03 seconds, 249020416 bytes of memory usage, 322548 kB of memory peak and 18:47 elapsed time
Statistics on the network after iteration 89 (MF = 107.376155)
	Number of nodes: 27919
	Number of allocated nodes: 28672
	Number of edges: 205965
	Maximum in degree: 585 (node 27517)
	Maximum out degree: 497 (node 7314)
	source 637 (node 7314) with out degree 497
	target 1010 (node 27517) with in degree 585

Execution time and memory used at after iteration 90 (MF = 107.376155): 1.138040e+03 seconds, 250658816 bytes of memory usage, 322968 kB of memory peak and 18:59 elapsed time
Statistics on the network after iteration 90 (MF = 107.376155)
	Number of nodes: 27919
	Number of allocated nodes: 28672
	Number of edges: 205965
	Maximum in degree: 585 (node 27517)
	Maximum out degree: 497 (node 7314)
	source 637 (node 7314) with out degree 497
	target 1010 (node 27517) with in degree 585

Execution time and memory used at after iteration 91 (MF = 107.339187): 1.153280e+03 seconds, 250658816 bytes of memory usage, 323384 kB of memory peak and 19:14 elapsed time
Statistics on the network after iteration 91 (MF = 107.339187)
	Number of nodes: 27919
	Number of allocated nodes: 28672
	Number of edges: 205965
	Maximum in degree: 585 (node 27517)
	Maximum out degree: 497 (node 7314)
	source 637 (node 7314) with out degree 497
	target 1010 (node 27517) with in degree 585

Execution time and memory used at after iteration 92 (MF = 107.339187): 1.166620e+03 seconds, 250658816 bytes of memory usage, 323800 kB of memory peak and 19:27 elapsed time
Statistics on the network after iteration 92 (MF = 107.339187)
	Number of nodes: 27919
	Number of allocated nodes: 28672
	Number of edges: 205965
	Maximum in degree: 585 (node 27517)
	Maximum out degree: 497 (node 7314)
	source 637 (node 7314) with out degree 497
	target 1010 (node 27517) with in degree 585

Execution time and memory used at after iteration 93 (MF = 107.376155): 1.180010e+03 seconds, 252297216 bytes of memory usage, 324232 kB of memory peak and 19:41 elapsed time
Statistics on the network after iteration 93 (MF = 107.376155)
	Number of nodes: 27919
	Number of allocated nodes: 28672
	Number of edges: 205965
	Maximum in degree: 585 (node 27517)
	Maximum out degree: 497 (node 7314)
	source 637 (node 7314) with out degree 497
	target 1010 (node 27517) with in degree 585

Execution time and memory used at after iteration 94 (MF = 107.376155): 1.193370e+03 seconds, 250658816 bytes of memory usage, 324764 kB of memory peak and 19:54 elapsed time
Statistics on the network after iteration 94 (MF = 107.376155)
	Number of nodes: 27919
	Number of allocated nodes: 28672
	Number of edges: 205965
	Maximum in degree: 585 (node 27517)
	Maximum out degree: 497 (node 7314)
	source 637 (node 7314) with out degree 497
	target 1010 (node 27517) with in degree 585

Execution time and memory used at after iteration 95 (MF = 107.376155): 1.207740e+03 seconds, 250658816 bytes of memory usage, 325044 kB of memory peak and 20:09 elapsed time
Statistics on the network after iteration 95 (MF = 107.376155)
	Number of nodes: 27919
	Number of allocated nodes: 28672
	Number of edges: 205965
	Maximum in degree: 585 (node 27517)
	Maximum out degree: 497 (node 7314)
	source 637 (node 7314) with out degree 497
	target 1010 (node 27517) with in degree 585

Execution time and memory used at after iteration 96 (MF = 107.339187): 1.222280e+03 seconds, 250658816 bytes of memory usage, 325416 kB of memory peak and 20:23 elapsed time
Statistics on the network after iteration 96 (MF = 107.339187)
	Number of nodes: 27919
	Number of allocated nodes: 28672
	Number of edges: 205965
	Maximum in degree: 585 (node 27517)
	Maximum out degree: 497 (node 7314)
	source 637 (node 7314) with out degree 497
	target 1010 (node 27517) with in degree 585

Execution time and memory used at after iteration 97 (MF = 107.434381): 1.236820e+03 seconds, 250658816 bytes of memory usage, 325876 kB of memory peak and 20:38 elapsed time
Statistics on the network after iteration 97 (MF = 107.434381)
	Number of nodes: 27919
	Number of allocated nodes: 28672
	Number of edges: 205965
	Maximum in degree: 585 (node 27517)
	Maximum out degree: 497 (node 7314)
	source 637 (node 7314) with out degree 497
	target 1010 (node 27517) with in degree 585

Execution time and memory used at after iteration 98 (MF = 107.339187): 1.251870e+03 seconds, 250658816 bytes of memory usage, 326296 kB of memory peak and 20:53 elapsed time
Statistics on the network after iteration 98 (MF = 107.339187)
	Number of nodes: 27919
	Number of allocated nodes: 28672
	Number of edges: 205965
	Maximum in degree: 585 (node 27517)
	Maximum out degree: 497 (node 7314)
	source 637 (node 7314) with out degree 497
	target 1010 (node 27517) with in degree 585

Execution time and memory used at after iteration 99 (MF = 107.339187): 1.267750e+03 seconds, 250658816 bytes of memory usage, 326728 kB of memory peak and 21:09 elapsed time
Statistics on the network after iteration 99 (MF = 107.339187)
	Number of nodes: 27919
	Number of allocated nodes: 28672
	Number of edges: 205965
	Maximum in degree: 585 (node 27517)
	Maximum out degree: 497 (node 7314)
	source 637 (node 7314) with out degree 497
	target 1010 (node 27517) with in degree 585

Execution time and memory used at after iteration 100 (MF = 107.376155): 1.284100e+03 seconds, 250658816 bytes of memory usage, 327144 kB of memory peak and 21:25 elapsed time
Statistics on the network after iteration 100 (MF = 107.376155)
	Number of nodes: 27919
	Number of allocated nodes: 28672
	Number of edges: 205965
	Maximum in degree: 585 (node 27517)
	Maximum out degree: 497 (node 7314)
	source 637 (node 7314) with out degree 497
	target 1010 (node 27517) with in degree 585

Execution time and memory used at after iteration 101 (MF = 107.434381): 1.303890e+03 seconds, 250658816 bytes of memory usage, 337292 kB of memory peak and 21:45 elapsed time
Statistics on the network after iteration 101 (MF = 107.434381)
	Number of nodes: 27919
	Number of allocated nodes: 28672
	Number of edges: 205965
	Maximum in degree: 585 (node 27517)
	Maximum out degree: 497 (node 7314)
	source 637 (node 7314) with out degree 497
	target 1010 (node 27517) with in degree 585

Execution time and memory used at after iteration 102 (MF = 107.339187): 1.320720e+03 seconds, 250658816 bytes of memory usage, 337704 kB of memory peak and 22:02 elapsed time
Statistics on the network after iteration 102 (MF = 107.339187)
	Number of nodes: 27919
	Number of allocated nodes: 28672
	Number of edges: 205965
	Maximum in degree: 585 (node 27517)
	Maximum out degree: 497 (node 7314)
	source 637 (node 7314) with out degree 497
	target 1010 (node 27517) with in degree 585

Execution time and memory used at after iteration 103 (MF = 107.339187): 1.338360e+03 seconds, 250658816 bytes of memory usage, 338128 kB of memory peak and 22:19 elapsed time
Statistics on the network after iteration 103 (MF = 107.339187)
	Number of nodes: 27919
	Number of allocated nodes: 28672
	Number of edges: 205965
	Maximum in degree: 585 (node 27517)
	Maximum out degree: 497 (node 7314)
	source 637 (node 7314) with out degree 497
	target 1010 (node 27517) with in degree 585

Execution time and memory used at after iteration 104 (MF = 107.339187): 1.356090e+03 seconds, 250658816 bytes of memory usage, 348304 kB of memory peak and 22:37 elapsed time
Statistics on the network after iteration 104 (MF = 107.339187)
	Number of nodes: 27919
	Number of allocated nodes: 28672
	Number of edges: 205965
	Maximum in degree: 585 (node 27517)
	Maximum out degree: 497 (node 7314)
	source 637 (node 7314) with out degree 497
	target 1010 (node 27517) with in degree 585

Execution time and memory used at after iteration 105 (MF = 107.376155): 1.374150e+03 seconds, 250658816 bytes of memory usage, 348708 kB of memory peak and 22:55 elapsed time
Statistics on the network after iteration 105 (MF = 107.376155)
	Number of nodes: 27919
	Number of allocated nodes: 28672
	Number of edges: 205965
	Maximum in degree: 585 (node 27517)
	Maximum out degree: 497 (node 7314)
	source 637 (node 7314) with out degree 497
	target 1010 (node 27517) with in degree 585

Execution time and memory used at after iteration 106 (MF = 107.280961): 1.392450e+03 seconds, 250658816 bytes of memory usage, 349120 kB of memory peak and 23:13 elapsed time
Statistics on the network after iteration 106 (MF = 107.280961)
	Number of nodes: 27919
	Number of allocated nodes: 28672
	Number of edges: 205965
	Maximum in degree: 585 (node 27517)
	Maximum out degree: 497 (node 7314)
	source 637 (node 7314) with out degree 497
	target 1010 (node 27517) with in degree 585

Execution time and memory used at after iteration 107 (MF = 107.376155): 1.411020e+03 seconds, 250658816 bytes of memory usage, 349536 kB of memory peak and 23:32 elapsed time
Statistics on the network after iteration 107 (MF = 107.376155)
	Number of nodes: 27919
	Number of allocated nodes: 28672
	Number of edges: 205965
	Maximum in degree: 585 (node 27517)
	Maximum out degree: 497 (node 7314)
	source 637 (node 7314) with out degree 497
	target 1010 (node 27517) with in degree 585

Execution time and memory used at after iteration 108 (MF = 107.434381): 1.429670e+03 seconds, 250658816 bytes of memory usage, 349952 kB of memory peak and 23:51 elapsed time
Statistics on the network after iteration 108 (MF = 107.434381)
	Number of nodes: 27919
	Number of allocated nodes: 28672
	Number of edges: 205965
	Maximum in degree: 585 (node 27517)
	Maximum out degree: 497 (node 7314)
	source 637 (node 7314) with out degree 497
	target 1010 (node 27517) with in degree 585

Execution time and memory used at after iteration 109 (MF = 107.434381): 1.448540e+03 seconds, 250658816 bytes of memory usage, 350364 kB of memory peak and 24:09 elapsed time
Statistics on the network after iteration 109 (MF = 107.434381)
	Number of nodes: 27919
	Number of allocated nodes: 28672
	Number of edges: 205965
	Maximum in degree: 585 (node 27517)
	Maximum out degree: 497 (node 7314)
	source 637 (node 7314) with out degree 497
	target 1010 (node 27517) with in degree 585

Execution time and memory used at after iteration 110 (MF = 107.434381): 1.467500e+03 seconds, 250658816 bytes of memory usage, 350784 kB of memory peak and 24:28 elapsed time
Statistics on the network after iteration 110 (MF = 107.434381)
	Number of nodes: 27919
	Number of allocated nodes: 28672
	Number of edges: 205965
	Maximum in degree: 585 (node 27517)
	Maximum out degree: 497 (node 7314)
	source 637 (node 7314) with out degree 497
	target 1010 (node 27517) with in degree 585

Execution time and memory used at after iteration 111 (MF = 107.434381): 1.486550e+03 seconds, 250658816 bytes of memory usage, 351200 kB of memory peak and 24:47 elapsed time
Statistics on the network after iteration 111 (MF = 107.434381)
	Number of nodes: 27919
	Number of allocated nodes: 28672
	Number of edges: 205965
	Maximum in degree: 585 (node 27517)
	Maximum out degree: 497 (node 7314)
	source 637 (node 7314) with out degree 497
	target 1010 (node 27517) with in degree 585

Execution time and memory used at after iteration 112 (MF = 107.434381): 1.505790e+03 seconds, 250658816 bytes of memory usage, 351612 kB of memory peak and 25:07 elapsed time
Statistics on the network after iteration 112 (MF = 107.434381)
	Number of nodes: 27919
	Number of allocated nodes: 28672
	Number of edges: 205965
	Maximum in degree: 585 (node 27517)
	Maximum out degree: 497 (node 7314)
	source 637 (node 7314) with out degree 497
	target 1010 (node 27517) with in degree 585

Execution time and memory used at after iteration 113 (MF = 107.434381): 1.525120e+03 seconds, 250658816 bytes of memory usage, 352020 kB of memory peak and 25:26 elapsed time
Statistics on the network after iteration 113 (MF = 107.434381)
	Number of nodes: 27919
	Number of allocated nodes: 28672
	Number of edges: 205965
	Maximum in degree: 585 (node 27517)
	Maximum out degree: 497 (node 7314)
	source 637 (node 7314) with out degree 497
	target 1010 (node 27517) with in degree 585

Execution time and memory used at after iteration 114 (MF = 107.434381): 1.544440e+03 seconds, 250658816 bytes of memory usage, 352448 kB of memory peak and 25:45 elapsed time
Statistics on the network after iteration 114 (MF = 107.434381)
	Number of nodes: 27919
	Number of allocated nodes: 28672
	Number of edges: 205965
	Maximum in degree: 585 (node 27517)
	Maximum out degree: 497 (node 7314)
	source 637 (node 7314) with out degree 497
	target 1010 (node 27517) with in degree 585

Execution time and memory used at after iteration 115 (MF = 107.434381): 1.564490e+03 seconds, 250658816 bytes of memory usage, 352864 kB of memory peak and 26:05 elapsed time
Statistics on the network after iteration 115 (MF = 107.434381)
	Number of nodes: 27919
	Number of allocated nodes: 28672
	Number of edges: 205965
	Maximum in degree: 585 (node 27517)
	Maximum out degree: 497 (node 7314)
	source 637 (node 7314) with out degree 497
	target 1010 (node 27517) with in degree 585

Execution time and memory used at after iteration 116 (MF = 107.280961): 1.585190e+03 seconds, 250658816 bytes of memory usage, 353288 kB of memory peak and 26:26 elapsed time
Statistics on the network after iteration 116 (MF = 107.280961)
	Number of nodes: 27919
	Number of allocated nodes: 28672
	Number of edges: 205965
	Maximum in degree: 585 (node 27517)
	Maximum out degree: 497 (node 7314)
	source 637 (node 7314) with out degree 497
	target 1010 (node 27517) with in degree 585

Execution time and memory used at after iteration 117 (MF = 107.280961): 1.605390e+03 seconds, 250658816 bytes of memory usage, 353716 kB of memory peak and 26:46 elapsed time
Statistics on the network after iteration 117 (MF = 107.280961)
	Number of nodes: 27919
	Number of allocated nodes: 28672
	Number of edges: 205965
	Maximum in degree: 585 (node 27517)
	Maximum out degree: 497 (node 7314)
	source 637 (node 7314) with out degree 497
	target 1010 (node 27517) with in degree 585

Execution time and memory used at after iteration 118 (MF = 107.280961): 1.626170e+03 seconds, 250658816 bytes of memory usage, 354128 kB of memory peak and 27:07 elapsed time
Statistics on the network after iteration 118 (MF = 107.280961)
	Number of nodes: 27919
	Number of allocated nodes: 28672
	Number of edges: 205965
	Maximum in degree: 585 (node 27517)
	Maximum out degree: 497 (node 7314)
	source 637 (node 7314) with out degree 497
	target 1010 (node 27517) with in degree 585

Execution time and memory used at after iteration 119 (MF = 107.280961): 1.647050e+03 seconds, 250658816 bytes of memory usage, 354544 kB of memory peak and 27:28 elapsed time
Statistics on the network after iteration 119 (MF = 107.280961)
	Number of nodes: 27919
	Number of allocated nodes: 28672
	Number of edges: 205965
	Maximum in degree: 585 (node 27517)
	Maximum out degree: 497 (node 7314)
	source 637 (node 7314) with out degree 497
	target 1010 (node 27517) with in degree 585

Execution time and memory used at after iteration 120 (MF = 107.353050): 1.667880e+03 seconds, 250658816 bytes of memory usage, 354944 kB of memory peak and 27:49 elapsed time
Statistics on the network after iteration 120 (MF = 107.353050)
	Number of nodes: 27919
	Number of allocated nodes: 28672
	Number of edges: 205965
	Maximum in degree: 585 (node 27517)
	Maximum out degree: 497 (node 7314)
	source 637 (node 7314) with out degree 497
	target 1010 (node 27517) with in degree 585

Execution time and memory used at after iteration 121 (MF = 107.434381): 1.688240e+03 seconds, 250658816 bytes of memory usage, 355380 kB of memory peak and 28:09 elapsed time
Statistics on the network after iteration 121 (MF = 107.434381)
	Number of nodes: 27919
	Number of allocated nodes: 28672
	Number of edges: 205965
	Maximum in degree: 585 (node 27517)
	Maximum out degree: 497 (node 7314)
	source 637 (node 7314) with out degree 497
	target 1010 (node 27517) with in degree 585

Execution time and memory used at after iteration 122 (MF = 107.434381): 1.708790e+03 seconds, 250658816 bytes of memory usage, 355772 kB of memory peak and 28:30 elapsed time
Statistics on the network after iteration 122 (MF = 107.434381)
	Number of nodes: 27919
	Number of allocated nodes: 28672
	Number of edges: 205965
	Maximum in degree: 585 (node 27517)
	Maximum out degree: 497 (node 7314)
	source 637 (node 7314) with out degree 497
	target 1010 (node 27517) with in degree 585

Execution time and memory used at after iteration 123 (MF = 107.339187): 1.729420e+03 seconds, 250658816 bytes of memory usage, 356212 kB of memory peak and 28:50 elapsed time
Statistics on the network after iteration 123 (MF = 107.339187)
	Number of nodes: 27919
	Number of allocated nodes: 28672
	Number of edges: 205965
	Maximum in degree: 585 (node 27517)
	Maximum out degree: 497 (node 7314)
	source 637 (node 7314) with out degree 497
	target 1010 (node 27517) with in degree 585

Execution time and memory used at after iteration 124 (MF = 107.339187): 1.750250e+03 seconds, 250658816 bytes of memory usage, 356624 kB of memory peak and 29:11 elapsed time
Statistics on the network after iteration 124 (MF = 107.339187)
	Number of nodes: 27919
	Number of allocated nodes: 28672
	Number of edges: 205965
	Maximum in degree: 585 (node 27517)
	Maximum out degree: 497 (node 7314)
	source 637 (node 7314) with out degree 497
	target 1010 (node 27517) with in degree 585

Execution time and memory used at after iteration 125 (MF = 107.339187): 1.771180e+03 seconds, 250658816 bytes of memory usage, 357056 kB of memory peak and 29:32 elapsed time
Statistics on the network after iteration 125 (MF = 107.339187)
	Number of nodes: 27919
	Number of allocated nodes: 28672
	Number of edges: 205965
	Maximum in degree: 585 (node 27517)
	Maximum out degree: 497 (node 7314)
	source 637 (node 7314) with out degree 497
	target 1010 (node 27517) with in degree 585

Execution time and memory used at after iteration 126 (MF = 107.434381): 1.792240e+03 seconds, 250658816 bytes of memory usage, 357480 kB of memory peak and 29:53 elapsed time
Statistics on the network after iteration 126 (MF = 107.434381)
	Number of nodes: 27919
	Number of allocated nodes: 28672
	Number of edges: 205965
	Maximum in degree: 585 (node 27517)
	Maximum out degree: 497 (node 7314)
	source 637 (node 7314) with out degree 497
	target 1010 (node 27517) with in degree 585

Execution time and memory used at after iteration 127 (MF = 107.339187): 1.813470e+03 seconds, 250658816 bytes of memory usage, 357896 kB of memory peak and 30:14 elapsed time
Statistics on the network after iteration 127 (MF = 107.339187)
	Number of nodes: 27919
	Number of allocated nodes: 28672
	Number of edges: 205965
	Maximum in degree: 585 (node 27517)
	Maximum out degree: 497 (node 7314)
	source 637 (node 7314) with out degree 497
	target 1010 (node 27517) with in degree 585

Execution time and memory used at after iteration 128 (MF = 107.339187): 1.834400e+03 seconds, 250658816 bytes of memory usage, 358264 kB of memory peak and 30:35 elapsed time
Statistics on the network after iteration 128 (MF = 107.339187)
	Number of nodes: 27919
	Number of allocated nodes: 28672
	Number of edges: 205965
	Maximum in degree: 585 (node 27517)
	Maximum out degree: 497 (node 7314)
	source 637 (node 7314) with out degree 497
	target 1010 (node 27517) with in degree 585

Execution time and memory used at after iteration 129 (MF = 107.339187): 1.855060e+03 seconds, 250658816 bytes of memory usage, 358680 kB of memory peak and 30:56 elapsed time
Statistics on the network after iteration 129 (MF = 107.339187)
	Number of nodes: 27919
	Number of allocated nodes: 28672
	Number of edges: 205965
	Maximum in degree: 585 (node 27517)
	Maximum out degree: 497 (node 7314)
	source 637 (node 7314) with out degree 497
	target 1010 (node 27517) with in degree 585

Execution time and memory used at after iteration 130 (MF = 107.339187): 1.876140e+03 seconds, 250658816 bytes of memory usage, 359104 kB of memory peak and 31:17 elapsed time
Statistics on the network after iteration 130 (MF = 107.339187)
	Number of nodes: 27919
	Number of allocated nodes: 28672
	Number of edges: 205965
	Maximum in degree: 585 (node 27517)
	Maximum out degree: 497 (node 7314)
	source 637 (node 7314) with out degree 497
	target 1010 (node 27517) with in degree 585

Execution time and memory used at after iteration 131 (MF = 107.339187): 1.897290e+03 seconds, 250658816 bytes of memory usage, 359516 kB of memory peak and 31:38 elapsed time
Statistics on the network after iteration 131 (MF = 107.339187)
	Number of nodes: 27919
	Number of allocated nodes: 28672
	Number of edges: 205965
	Maximum in degree: 585 (node 27517)
	Maximum out degree: 497 (node 7314)
	source 637 (node 7314) with out degree 497
	target 1010 (node 27517) with in degree 585

Execution time and memory used at after iteration 132 (MF = 107.280961): 1.918570e+03 seconds, 250658816 bytes of memory usage, 359920 kB of memory peak and 32:00 elapsed time
Statistics on the network after iteration 132 (MF = 107.280961)
	Number of nodes: 27919
	Number of allocated nodes: 28672
	Number of edges: 205965
	Maximum in degree: 585 (node 27517)
	Maximum out degree: 497 (node 7314)
	source 637 (node 7314) with out degree 497
	target 1010 (node 27517) with in degree 585

Execution time and memory used at after iteration 133 (MF = 107.280961): 1.939900e+03 seconds, 250658816 bytes of memory usage, 360352 kB of memory peak and 32:21 elapsed time
Statistics on the network after iteration 133 (MF = 107.280961)
	Number of nodes: 27919
	Number of allocated nodes: 28672
	Number of edges: 205965
	Maximum in degree: 585 (node 27517)
	Maximum out degree: 497 (node 7314)
	source 637 (node 7314) with out degree 497
	target 1010 (node 27517) with in degree 585

Execution time and memory used at after iteration 134 (MF = 107.280961): 1.961370e+03 seconds, 250658816 bytes of memory usage, 360756 kB of memory peak and 32:42 elapsed time
Statistics on the network after iteration 134 (MF = 107.280961)
	Number of nodes: 27919
	Number of allocated nodes: 28672
	Number of edges: 205965
	Maximum in degree: 585 (node 27517)
	Maximum out degree: 497 (node 7314)
	source 637 (node 7314) with out degree 497
	target 1010 (node 27517) with in degree 585

Execution time and memory used at after iteration 135 (MF = 107.280961): 1.982850e+03 seconds, 250658816 bytes of memory usage, 361164 kB of memory peak and 33:04 elapsed time
Statistics on the network after iteration 135 (MF = 107.280961)
	Number of nodes: 27919
	Number of allocated nodes: 28672
	Number of edges: 205965
	Maximum in degree: 585 (node 27517)
	Maximum out degree: 497 (node 7314)
	source 637 (node 7314) with out degree 497
	target 1010 (node 27517) with in degree 585

Execution time and memory used at after iteration 136 (MF = 107.280961): 2.004400e+03 seconds, 250658816 bytes of memory usage, 361592 kB of memory peak and 33:25 elapsed time
Statistics on the network after iteration 136 (MF = 107.280961)
	Number of nodes: 27919
	Number of allocated nodes: 28672
	Number of edges: 205965
	Maximum in degree: 585 (node 27517)
	Maximum out degree: 497 (node 7314)
	source 637 (node 7314) with out degree 497
	target 1010 (node 27517) with in degree 585

Execution time and memory used at after iteration 137 (MF = 107.280961): 2.026590e+03 seconds, 250658816 bytes of memory usage, 362004 kB of memory peak and 33:48 elapsed time
Statistics on the network after iteration 137 (MF = 107.280961)
	Number of nodes: 27919
	Number of allocated nodes: 28672
	Number of edges: 205965
	Maximum in degree: 585 (node 27517)
	Maximum out degree: 497 (node 7314)
	source 637 (node 7314) with out degree 497
	target 1010 (node 27517) with in degree 585

Execution time and memory used at after iteration 138 (MF = 107.339187): 2.048820e+03 seconds, 250658816 bytes of memory usage, 362404 kB of memory peak and 34:10 elapsed time
Statistics on the network after iteration 138 (MF = 107.339187)
	Number of nodes: 27919
	Number of allocated nodes: 28672
	Number of edges: 205965
	Maximum in degree: 585 (node 27517)
	Maximum out degree: 497 (node 7314)
	source 637 (node 7314) with out degree 497
	target 1010 (node 27517) with in degree 585

Execution time and memory used at after iteration 139 (MF = 107.339187): 2.071120e+03 seconds, 250658816 bytes of memory usage, 362816 kB of memory peak and 34:32 elapsed time
Statistics on the network after iteration 139 (MF = 107.339187)
	Number of nodes: 27919
	Number of allocated nodes: 28672
	Number of edges: 205965
	Maximum in degree: 585 (node 27517)
	Maximum out degree: 497 (node 7314)
	source 637 (node 7314) with out degree 497
	target 1010 (node 27517) with in degree 585

Execution time and memory used at after iteration 140 (MF = 107.339187): 2.095060e+03 seconds, 250658816 bytes of memory usage, 363228 kB of memory peak and 34:56 elapsed time
Statistics on the network after iteration 140 (MF = 107.339187)
	Number of nodes: 27919
	Number of allocated nodes: 28672
	Number of edges: 205965
	Maximum in degree: 585 (node 27517)
	Maximum out degree: 497 (node 7314)
	source 637 (node 7314) with out degree 497
	target 1010 (node 27517) with in degree 585

Execution time and memory used at after iteration 141 (MF = 107.280961): 2.120100e+03 seconds, 250658816 bytes of memory usage, 363636 kB of memory peak and 35:21 elapsed time
Statistics on the network after iteration 141 (MF = 107.280961)
	Number of nodes: 27919
	Number of allocated nodes: 28672
	Number of edges: 205965
	Maximum in degree: 585 (node 27517)
	Maximum out degree: 497 (node 7314)
	source 637 (node 7314) with out degree 497
	target 1010 (node 27517) with in degree 585

Execution time and memory used at after iteration 142 (MF = 107.280961): 2.144080e+03 seconds, 250658816 bytes of memory usage, 364064 kB of memory peak and 35:45 elapsed time
Statistics on the network after iteration 142 (MF = 107.280961)
	Number of nodes: 27919
	Number of allocated nodes: 28672
	Number of edges: 205965
	Maximum in degree: 585 (node 27517)
	Maximum out degree: 497 (node 7314)
	source 637 (node 7314) with out degree 497
	target 1010 (node 27517) with in degree 585

Execution time and memory used at after iteration 143 (MF = 107.280961): 2.168120e+03 seconds, 250658816 bytes of memory usage, 364476 kB of memory peak and 36:09 elapsed time
Statistics on the network after iteration 143 (MF = 107.280961)
	Number of nodes: 27919
	Number of allocated nodes: 28672
	Number of edges: 205965
	Maximum in degree: 585 (node 27517)
	Maximum out degree: 497 (node 7314)
	source 637 (node 7314) with out degree 497
	target 1010 (node 27517) with in degree 585

Execution time and memory used at after iteration 144 (MF = 107.353050): 2.191530e+03 seconds, 250658816 bytes of memory usage, 364904 kB of memory peak and 36:33 elapsed time
Statistics on the network after iteration 144 (MF = 107.353050)
	Number of nodes: 27919
	Number of allocated nodes: 28672
	Number of edges: 205965
	Maximum in degree: 585 (node 27517)
	Maximum out degree: 497 (node 7314)
	source 637 (node 7314) with out degree 497
	target 1010 (node 27517) with in degree 585

Execution time and memory used at after iteration 145 (MF = 107.339187): 2.222680e+03 seconds, 250658816 bytes of memory usage, 365328 kB of memory peak and 37:04 elapsed time
Statistics on the network after iteration 145 (MF = 107.339187)
	Number of nodes: 27919
	Number of allocated nodes: 28672
	Number of edges: 205965
	Maximum in degree: 585 (node 27517)
	Maximum out degree: 497 (node 7314)
	source 637 (node 7314) with out degree 497
	target 1010 (node 27517) with in degree 585

Execution time and memory used at after iteration 146 (MF = 107.376155): 2.244850e+03 seconds, 250658816 bytes of memory usage, 365328 kB of memory peak and 37:26 elapsed time
Statistics on the network after iteration 146 (MF = 107.376155)
	Number of nodes: 27919
	Number of allocated nodes: 28672
	Number of edges: 205965
	Maximum in degree: 585 (node 27517)
	Maximum out degree: 497 (node 7314)
	source 637 (node 7314) with out degree 497
	target 1010 (node 27517) with in degree 585

Execution time and memory used at after iteration 147 (MF = 107.376155): 2.267100e+03 seconds, 250658816 bytes of memory usage, 365328 kB of memory peak and 37:48 elapsed time
Statistics on the network after iteration 147 (MF = 107.376155)
	Number of nodes: 27919
	Number of allocated nodes: 28672
	Number of edges: 205965
	Maximum in degree: 585 (node 27517)
	Maximum out degree: 497 (node 7314)
	source 637 (node 7314) with out degree 497
	target 1010 (node 27517) with in degree 585

Execution time and memory used at after iteration 148 (MF = 107.376155): 2.291440e+03 seconds, 250658816 bytes of memory usage, 366580 kB of memory peak and 38:13 elapsed time
Statistics on the network after iteration 148 (MF = 107.376155)
	Number of nodes: 27919
	Number of allocated nodes: 28672
	Number of edges: 205965
	Maximum in degree: 585 (node 27517)
	Maximum out degree: 497 (node 7314)
	source 637 (node 7314) with out degree 497
	target 1010 (node 27517) with in degree 585

Execution time and memory used at after iteration 149 (MF = 107.376155): 2.315820e+03 seconds, 250658816 bytes of memory usage, 366992 kB of memory peak and 38:37 elapsed time
Statistics on the network after iteration 149 (MF = 107.376155)
	Number of nodes: 27919
	Number of allocated nodes: 28672
	Number of edges: 205965
	Maximum in degree: 585 (node 27517)
	Maximum out degree: 497 (node 7314)
	source 637 (node 7314) with out degree 497
	target 1010 (node 27517) with in degree 585

Execution time and memory used at after iteration 150 (MF = 107.376155): 2.340790e+03 seconds, 250658816 bytes of memory usage, 367400 kB of memory peak and 39:02 elapsed time
Statistics on the network after iteration 150 (MF = 107.376155)
	Number of nodes: 27919
	Number of allocated nodes: 28672
	Number of edges: 205965
	Maximum in degree: 585 (node 27517)
	Maximum out degree: 497 (node 7314)
	source 637 (node 7314) with out degree 497
	target 1010 (node 27517) with in degree 585

Execution time and memory used at after iteration 151 (MF = 107.339187): 2.365650e+03 seconds, 250658816 bytes of memory usage, 367812 kB of memory peak and 39:27 elapsed time
Statistics on the network after iteration 151 (MF = 107.339187)
	Number of nodes: 27919
	Number of allocated nodes: 28672
	Number of edges: 205965
	Maximum in degree: 585 (node 27517)
	Maximum out degree: 497 (node 7314)
	source 637 (node 7314) with out degree 497
	target 1010 (node 27517) with in degree 585

Execution time and memory used at after iteration 152 (MF = 107.339187): 2.390540e+03 seconds, 250658816 bytes of memory usage, 368220 kB of memory peak and 39:52 elapsed time
Statistics on the network after iteration 152 (MF = 107.339187)
	Number of nodes: 27919
	Number of allocated nodes: 28672
	Number of edges: 205965
	Maximum in degree: 585 (node 27517)
	Maximum out degree: 497 (node 7314)
	source 637 (node 7314) with out degree 497
	target 1010 (node 27517) with in degree 585

Execution time and memory used at after iteration 153 (MF = 107.339187): 2.416050e+03 seconds, 250658816 bytes of memory usage, 368628 kB of memory peak and 40:17 elapsed time
Statistics on the network after iteration 153 (MF = 107.339187)
	Number of nodes: 27919
	Number of allocated nodes: 28672
	Number of edges: 205965
	Maximum in degree: 585 (node 27517)
	Maximum out degree: 497 (node 7314)
	source 637 (node 7314) with out degree 497
	target 1010 (node 27517) with in degree 585

Execution time and memory used at after iteration 154 (MF = 107.339187): 2.441670e+03 seconds, 250658816 bytes of memory usage, 369072 kB of memory peak and 40:43 elapsed time
Statistics on the network after iteration 154 (MF = 107.339187)
	Number of nodes: 27919
	Number of allocated nodes: 28672
	Number of edges: 205965
	Maximum in degree: 585 (node 27517)
	Maximum out degree: 497 (node 7314)
	source 637 (node 7314) with out degree 497
	target 1010 (node 27517) with in degree 585

Execution time and memory used at after iteration 155 (MF = 107.280961): 2.467480e+03 seconds, 250658816 bytes of memory usage, 369472 kB of memory peak and 41:09 elapsed time
Statistics on the network after iteration 155 (MF = 107.280961)
	Number of nodes: 27919
	Number of allocated nodes: 28672
	Number of edges: 205965
	Maximum in degree: 585 (node 27517)
	Maximum out degree: 497 (node 7314)
	source 637 (node 7314) with out degree 497
	target 1010 (node 27517) with in degree 585

Execution time and memory used at after iteration 156 (MF = 107.280961): 2.493860e+03 seconds, 250658816 bytes of memory usage, 369892 kB of memory peak and 41:35 elapsed time
Statistics on the network after iteration 156 (MF = 107.280961)
	Number of nodes: 27919
	Number of allocated nodes: 28672
	Number of edges: 205965
	Maximum in degree: 585 (node 27517)
	Maximum out degree: 497 (node 7314)
	source 637 (node 7314) with out degree 497
	target 1010 (node 27517) with in degree 585

Execution time and memory used at after iteration 157 (MF = 107.280961): 2.520580e+03 seconds, 250658816 bytes of memory usage, 370308 kB of memory peak and 42:02 elapsed time
Statistics on the network after iteration 157 (MF = 107.280961)
	Number of nodes: 27919
	Number of allocated nodes: 28672
	Number of edges: 205965
	Maximum in degree: 585 (node 27517)
	Maximum out degree: 497 (node 7314)
	source 637 (node 7314) with out degree 497
	target 1010 (node 27517) with in degree 585

Execution time and memory used at after iteration 158 (MF = 107.280961): 2.546900e+03 seconds, 250658816 bytes of memory usage, 370728 kB of memory peak and 42:28 elapsed time
Statistics on the network after iteration 158 (MF = 107.280961)
	Number of nodes: 27919
	Number of allocated nodes: 28672
	Number of edges: 205965
	Maximum in degree: 585 (node 27517)
	Maximum out degree: 497 (node 7314)
	source 637 (node 7314) with out degree 497
	target 1010 (node 27517) with in degree 585

Execution time and memory used at after iteration 159 (MF = 107.280961): 2.573330e+03 seconds, 250658816 bytes of memory usage, 371136 kB of memory peak and 42:55 elapsed time
Statistics on the network after iteration 159 (MF = 107.280961)
	Number of nodes: 27919
	Number of allocated nodes: 28672
	Number of edges: 205965
	Maximum in degree: 585 (node 27517)
	Maximum out degree: 497 (node 7314)
	source 637 (node 7314) with out degree 497
	target 1010 (node 27517) with in degree 585

Execution time and memory used at after iteration 160 (MF = 107.280961): 2.599920e+03 seconds, 250658816 bytes of memory usage, 371556 kB of memory peak and 43:21 elapsed time
Statistics on the network after iteration 160 (MF = 107.280961)
	Number of nodes: 27919
	Number of allocated nodes: 28672
	Number of edges: 205965
	Maximum in degree: 585 (node 27517)
	Maximum out degree: 497 (node 7314)
	source 637 (node 7314) with out degree 497
	target 1010 (node 27517) with in degree 585

Execution time and memory used at after iteration 161 (MF = 107.280961): 2.626700e+03 seconds, 250658816 bytes of memory usage, 371972 kB of memory peak and 43:48 elapsed time
Statistics on the network after iteration 161 (MF = 107.280961)
	Number of nodes: 27919
	Number of allocated nodes: 28672
	Number of edges: 205965
	Maximum in degree: 585 (node 27517)
	Maximum out degree: 497 (node 7314)
	source 637 (node 7314) with out degree 497
	target 1010 (node 27517) with in degree 585

Execution time and memory used at after iteration 162 (MF = 107.280961): 2.653880e+03 seconds, 250658816 bytes of memory usage, 372392 kB of memory peak and 44:15 elapsed time
Statistics on the network after iteration 162 (MF = 107.280961)
	Number of nodes: 27919
	Number of allocated nodes: 28672
	Number of edges: 205965
	Maximum in degree: 585 (node 27517)
	Maximum out degree: 497 (node 7314)
	source 637 (node 7314) with out degree 497
	target 1010 (node 27517) with in degree 585

Execution time and memory used at after iteration 163 (MF = 107.280961): 2.688980e+03 seconds, 250658816 bytes of memory usage, 372796 kB of memory peak and 44:50 elapsed time
Statistics on the network after iteration 163 (MF = 107.280961)
	Number of nodes: 27919
	Number of allocated nodes: 28672
	Number of edges: 205965
	Maximum in degree: 585 (node 27517)
	Maximum out degree: 497 (node 7314)
	source 637 (node 7314) with out degree 497
	target 1010 (node 27517) with in degree 585

Execution time and memory used at after iteration 164 (MF = 107.280961): 2.716340e+03 seconds, 250658816 bytes of memory usage, 373232 kB of memory peak and 45:18 elapsed time
Statistics on the network after iteration 164 (MF = 107.280961)
	Number of nodes: 27919
	Number of allocated nodes: 28672
	Number of edges: 205965
	Maximum in degree: 585 (node 27517)
	Maximum out degree: 497 (node 7314)
	source 637 (node 7314) with out degree 497
	target 1010 (node 27517) with in degree 585

Execution time and memory used at after iteration 165 (MF = 107.376155): 2.743830e+03 seconds, 250658816 bytes of memory usage, 373648 kB of memory peak and 45:45 elapsed time
Statistics on the network after iteration 165 (MF = 107.376155)
	Number of nodes: 27919
	Number of allocated nodes: 28672
	Number of edges: 205965
	Maximum in degree: 585 (node 27517)
	Maximum out degree: 497 (node 7314)
	source 637 (node 7314) with out degree 497
	target 1010 (node 27517) with in degree 585

Execution time and memory used at after iteration 166 (MF = 107.280961): 2.771330e+03 seconds, 250658816 bytes of memory usage, 374060 kB of memory peak and 46:13 elapsed time
Statistics on the network after iteration 166 (MF = 107.280961)
	Number of nodes: 27919
	Number of allocated nodes: 28672
	Number of edges: 205965
	Maximum in degree: 585 (node 27517)
	Maximum out degree: 497 (node 7314)
	source 637 (node 7314) with out degree 497
	target 1010 (node 27517) with in degree 585

Execution time and memory used at after iteration 167 (MF = 107.294824): 2.798720e+03 seconds, 250658816 bytes of memory usage, 374456 kB of memory peak and 46:40 elapsed time
Statistics on the network after iteration 167 (MF = 107.294824)
	Number of nodes: 27919
	Number of allocated nodes: 28672
	Number of edges: 205965
	Maximum in degree: 585 (node 27517)
	Maximum out degree: 497 (node 7314)
	source 637 (node 7314) with out degree 497
	target 1010 (node 27517) with in degree 585

Execution time and memory used at after iteration 168 (MF = 107.339187): 2.826730e+03 seconds, 250658816 bytes of memory usage, 374876 kB of memory peak and 47:08 elapsed time
Statistics on the network after iteration 168 (MF = 107.339187)
	Number of nodes: 27919
	Number of allocated nodes: 28672
	Number of edges: 205965
	Maximum in degree: 585 (node 27517)
	Maximum out degree: 497 (node 7314)
	source 637 (node 7314) with out degree 497
	target 1010 (node 27517) with in degree 585

Execution time and memory used at after iteration 169 (MF = 107.434381): 2.854860e+03 seconds, 250658816 bytes of memory usage, 375316 kB of memory peak and 47:36 elapsed time
Statistics on the network after iteration 169 (MF = 107.434381)
	Number of nodes: 27919
	Number of allocated nodes: 28672
	Number of edges: 205965
	Maximum in degree: 585 (node 27517)
	Maximum out degree: 497 (node 7314)
	source 637 (node 7314) with out degree 497
	target 1010 (node 27517) with in degree 585

Execution time and memory used at after iteration 170 (MF = 107.339187): 2.882820e+03 seconds, 250658816 bytes of memory usage, 375716 kB of memory peak and 48:04 elapsed time
Statistics on the network after iteration 170 (MF = 107.339187)
	Number of nodes: 27919
	Number of allocated nodes: 28672
	Number of edges: 205965
	Maximum in degree: 585 (node 27517)
	Maximum out degree: 497 (node 7314)
	source 637 (node 7314) with out degree 497
	target 1010 (node 27517) with in degree 585

Execution time and memory used at after iteration 171 (MF = 107.339187): 2.910810e+03 seconds, 250658816 bytes of memory usage, 376136 kB of memory peak and 48:32 elapsed time
Statistics on the network after iteration 171 (MF = 107.339187)
	Number of nodes: 27919
	Number of allocated nodes: 28672
	Number of edges: 205965
	Maximum in degree: 585 (node 27517)
	Maximum out degree: 497 (node 7314)
	source 637 (node 7314) with out degree 497
	target 1010 (node 27517) with in degree 585

Execution time and memory used at after iteration 172 (MF = 107.339187): 2.938710e+03 seconds, 250658816 bytes of memory usage, 376544 kB of memory peak and 49:00 elapsed time
Statistics on the network after iteration 172 (MF = 107.339187)
	Number of nodes: 27919
	Number of allocated nodes: 28672
	Number of edges: 205965
	Maximum in degree: 585 (node 27517)
	Maximum out degree: 497 (node 7314)
	source 637 (node 7314) with out degree 497
	target 1010 (node 27517) with in degree 585

Execution time and memory used at after iteration 173 (MF = 107.339187): 2.966670e+03 seconds, 250658816 bytes of memory usage, 376972 kB of memory peak and 49:28 elapsed time
Statistics on the network after iteration 173 (MF = 107.339187)
	Number of nodes: 27919
	Number of allocated nodes: 28672
	Number of edges: 205965
	Maximum in degree: 585 (node 27517)
	Maximum out degree: 497 (node 7314)
	source 637 (node 7314) with out degree 497
	target 1010 (node 27517) with in degree 585

Execution time and memory used at after iteration 174 (MF = 107.339187): 2.994690e+03 seconds, 250658816 bytes of memory usage, 377388 kB of memory peak and 49:56 elapsed time
Statistics on the network after iteration 174 (MF = 107.339187)
	Number of nodes: 27919
	Number of allocated nodes: 28672
	Number of edges: 205965
	Maximum in degree: 585 (node 27517)
	Maximum out degree: 497 (node 7314)
	source 637 (node 7314) with out degree 497
	target 1010 (node 27517) with in degree 585

Execution time and memory used at after iteration 175 (MF = 107.411275): 3.032600e+03 seconds, 250658816 bytes of memory usage, 377808 kB of memory peak and 50:34 elapsed time
Statistics on the network after iteration 175 (MF = 107.411275)
	Number of nodes: 27919
	Number of allocated nodes: 28672
	Number of edges: 205965
	Maximum in degree: 585 (node 27517)
	Maximum out degree: 497 (node 7314)
	source 637 (node 7314) with out degree 497
	target 1010 (node 27517) with in degree 585

Execution time and memory used at after iteration 176 (MF = 107.339187): 3.061240e+03 seconds, 250658816 bytes of memory usage, 378240 kB of memory peak and 51:03 elapsed time
Statistics on the network after iteration 176 (MF = 107.339187)
	Number of nodes: 27919
	Number of allocated nodes: 28672
	Number of edges: 205965
	Maximum in degree: 585 (node 27517)
	Maximum out degree: 497 (node 7314)
	source 637 (node 7314) with out degree 497
	target 1010 (node 27517) with in degree 585

Execution time and memory used at after iteration 177 (MF = 107.339187): 3.089780e+03 seconds, 250658816 bytes of memory usage, 378652 kB of memory peak and 51:31 elapsed time
Statistics on the network after iteration 177 (MF = 107.339187)
	Number of nodes: 27919
	Number of allocated nodes: 28672
	Number of edges: 205965
	Maximum in degree: 585 (node 27517)
	Maximum out degree: 497 (node 7314)
	source 637 (node 7314) with out degree 497
	target 1010 (node 27517) with in degree 585

Execution time and memory used at after iteration 178 (MF = 107.339187): 3.118960e+03 seconds, 250658816 bytes of memory usage, 379064 kB of memory peak and 52:00 elapsed time
Statistics on the network after iteration 178 (MF = 107.339187)
	Number of nodes: 27919
	Number of allocated nodes: 28672
	Number of edges: 205965
	Maximum in degree: 585 (node 27517)
	Maximum out degree: 497 (node 7314)
	source 637 (node 7314) with out degree 497
	target 1010 (node 27517) with in degree 585

Execution time and memory used at after iteration 179 (MF = 107.411275): 3.147380e+03 seconds, 250658816 bytes of memory usage, 379488 kB of memory peak and 52:29 elapsed time
Statistics on the network after iteration 179 (MF = 107.411275)
	Number of nodes: 27919
	Number of allocated nodes: 28672
	Number of edges: 205965
	Maximum in degree: 585 (node 27517)
	Maximum out degree: 497 (node 7314)
	source 637 (node 7314) with out degree 497
	target 1010 (node 27517) with in degree 585

Execution time and memory used at after iteration 180 (MF = 107.339187): 3.175640e+03 seconds, 250658816 bytes of memory usage, 379888 kB of memory peak and 52:57 elapsed time
Statistics on the network after iteration 180 (MF = 107.339187)
	Number of nodes: 27919
	Number of allocated nodes: 28672
	Number of edges: 205965
	Maximum in degree: 585 (node 27517)
	Maximum out degree: 497 (node 7314)
	source 637 (node 7314) with out degree 497
	target 1010 (node 27517) with in degree 585

Execution time and memory used at after iteration 181 (MF = 107.339187): 3.204210e+03 seconds, 250658816 bytes of memory usage, 380296 kB of memory peak and 53:26 elapsed time
Statistics on the network after iteration 181 (MF = 107.339187)
	Number of nodes: 27919
	Number of allocated nodes: 28672
	Number of edges: 205965
	Maximum in degree: 585 (node 27517)
	Maximum out degree: 497 (node 7314)
	source 637 (node 7314) with out degree 497
	target 1010 (node 27517) with in degree 585

Execution time and memory used at after iteration 182 (MF = 107.339187): 3.239280e+03 seconds, 250658816 bytes of memory usage, 380708 kB of memory peak and 54:01 elapsed time
Statistics on the network after iteration 182 (MF = 107.339187)
	Number of nodes: 27919
	Number of allocated nodes: 28672
	Number of edges: 205965
	Maximum in degree: 585 (node 27517)
	Maximum out degree: 497 (node 7314)
	source 637 (node 7314) with out degree 497
	target 1010 (node 27517) with in degree 585

Execution time and memory used at after iteration 183 (MF = 107.280961): 3.268600e+03 seconds, 250658816 bytes of memory usage, 381132 kB of memory peak and 54:30 elapsed time
Statistics on the network after iteration 183 (MF = 107.280961)
	Number of nodes: 27919
	Number of allocated nodes: 28672
	Number of edges: 205965
	Maximum in degree: 585 (node 27517)
	Maximum out degree: 497 (node 7314)
	source 637 (node 7314) with out degree 497
	target 1010 (node 27517) with in degree 585

Execution time and memory used at after iteration 184 (MF = 107.294824): 3.292170e+03 seconds, 250658816 bytes of memory usage, 381132 kB of memory peak and 54:54 elapsed time
Statistics on the network after iteration 184 (MF = 107.294824)
	Number of nodes: 27919
	Number of allocated nodes: 28672
	Number of edges: 205965
	Maximum in degree: 585 (node 27517)
	Maximum out degree: 497 (node 7314)
	source 637 (node 7314) with out degree 497
	target 1010 (node 27517) with in degree 585

Execution time and memory used at after iteration 185 (MF = 107.339187): 3.317090e+03 seconds, 250658816 bytes of memory usage, 381132 kB of memory peak and 55:19 elapsed time
Statistics on the network after iteration 185 (MF = 107.339187)
	Number of nodes: 27919
	Number of allocated nodes: 28672
	Number of edges: 205965
	Maximum in degree: 585 (node 27517)
	Maximum out degree: 497 (node 7314)
	source 637 (node 7314) with out degree 497
	target 1010 (node 27517) with in degree 585

Execution time and memory used at after iteration 186 (MF = 107.339187): 3.344040e+03 seconds, 250658816 bytes of memory usage, 381132 kB of memory peak and 55:45 elapsed time
Statistics on the network after iteration 186 (MF = 107.339187)
	Number of nodes: 27919
	Number of allocated nodes: 28672
	Number of edges: 205965
	Maximum in degree: 585 (node 27517)
	Maximum out degree: 497 (node 7314)
	source 637 (node 7314) with out degree 497
	target 1010 (node 27517) with in degree 585

Execution time and memory used at after iteration 187 (MF = 107.339187): 3.369690e+03 seconds, 250658816 bytes of memory usage, 381132 kB of memory peak and 56:11 elapsed time
Statistics on the network after iteration 187 (MF = 107.339187)
	Number of nodes: 27919
	Number of allocated nodes: 28672
	Number of edges: 205965
	Maximum in degree: 585 (node 27517)
	Maximum out degree: 497 (node 7314)
	source 637 (node 7314) with out degree 497
	target 1010 (node 27517) with in degree 585

Execution time and memory used at after iteration 188 (MF = 107.339187): 3.395490e+03 seconds, 250658816 bytes of memory usage, 381132 kB of memory peak and 56:37 elapsed time
Statistics on the network after iteration 188 (MF = 107.339187)
	Number of nodes: 27919
	Number of allocated nodes: 28672
	Number of edges: 205965
	Maximum in degree: 585 (node 27517)
	Maximum out degree: 497 (node 7314)
	source 637 (node 7314) with out degree 497
	target 1010 (node 27517) with in degree 585

Execution time and memory used at after iteration 189 (MF = 107.339187): 3.421510e+03 seconds, 250658816 bytes of memory usage, 381132 kB of memory peak and 57:03 elapsed time
Statistics on the network after iteration 189 (MF = 107.339187)
	Number of nodes: 27919
	Number of allocated nodes: 28672
	Number of edges: 205965
	Maximum in degree: 585 (node 27517)
	Maximum out degree: 497 (node 7314)
	source 637 (node 7314) with out degree 497
	target 1010 (node 27517) with in degree 585

Execution time and memory used at after iteration 190 (MF = 107.339187): 3.447730e+03 seconds, 250658816 bytes of memory usage, 381132 kB of memory peak and 57:29 elapsed time
Statistics on the network after iteration 190 (MF = 107.339187)
	Number of nodes: 27919
	Number of allocated nodes: 28672
	Number of edges: 205965
	Maximum in degree: 585 (node 27517)
	Maximum out degree: 497 (node 7314)
	source 637 (node 7314) with out degree 497
	target 1010 (node 27517) with in degree 585

Execution time and memory used at after iteration 191 (MF = 107.339187): 3.475190e+03 seconds, 250658816 bytes of memory usage, 381132 kB of memory peak and 57:57 elapsed time
Statistics on the network after iteration 191 (MF = 107.339187)
	Number of nodes: 27919
	Number of allocated nodes: 28672
	Number of edges: 205965
	Maximum in degree: 585 (node 27517)
	Maximum out degree: 497 (node 7314)
	source 637 (node 7314) with out degree 497
	target 1010 (node 27517) with in degree 585

Execution time and memory used at after iteration 192 (MF = 107.339187): 3.501630e+03 seconds, 250658816 bytes of memory usage, 381132 kB of memory peak and 58:23 elapsed time
Statistics on the network after iteration 192 (MF = 107.339187)
	Number of nodes: 27919
	Number of allocated nodes: 28672
	Number of edges: 205965
	Maximum in degree: 585 (node 27517)
	Maximum out degree: 497 (node 7314)
	source 637 (node 7314) with out degree 497
	target 1010 (node 27517) with in degree 585

Execution time and memory used at after iteration 193 (MF = 107.339187): 3.528250e+03 seconds, 250658816 bytes of memory usage, 381132 kB of memory peak and 58:50 elapsed time
Statistics on the network after iteration 193 (MF = 107.339187)
	Number of nodes: 27919
	Number of allocated nodes: 28672
	Number of edges: 205965
	Maximum in degree: 585 (node 27517)
	Maximum out degree: 497 (node 7314)
	source 637 (node 7314) with out degree 497
	target 1010 (node 27517) with in degree 585

Execution time and memory used at after iteration 194 (MF = 107.339187): 3.557240e+03 seconds, 250658816 bytes of memory usage, 381132 kB of memory peak and 59:19 elapsed time
Statistics on the network after iteration 194 (MF = 107.339187)
	Number of nodes: 27919
	Number of allocated nodes: 28672
	Number of edges: 205965
	Maximum in degree: 585 (node 27517)
	Maximum out degree: 497 (node 7314)
	source 637 (node 7314) with out degree 497
	target 1010 (node 27517) with in degree 585

Execution time and memory used at after iteration 195 (MF = 107.339187): 3.583950e+03 seconds, 250658816 bytes of memory usage, 381132 kB of memory peak and 59:45 elapsed time
Statistics on the network after iteration 195 (MF = 107.339187)
	Number of nodes: 27919
	Number of allocated nodes: 28672
	Number of edges: 205965
	Maximum in degree: 585 (node 27517)
	Maximum out degree: 497 (node 7314)
	source 637 (node 7314) with out degree 497
	target 1010 (node 27517) with in degree 585

Execution time and memory used at after iteration 196 (MF = 107.339187): 3.610880e+03 seconds, 250658816 bytes of memory usage, 381132 kB of memory peak and 01:00:12 elapsed time
Statistics on the network after iteration 196 (MF = 107.339187)
	Number of nodes: 27919
	Number of allocated nodes: 28672
	Number of edges: 205965
	Maximum in degree: 585 (node 27517)
	Maximum out degree: 497 (node 7314)
	source 637 (node 7314) with out degree 497
	target 1010 (node 27517) with in degree 585

Execution time and memory used at after iteration 197 (MF = 107.339187): 3.640440e+03 seconds, 250658816 bytes of memory usage, 381132 kB of memory peak and 01:00:42 elapsed time
Statistics on the network after iteration 197 (MF = 107.339187)
	Number of nodes: 27919
	Number of allocated nodes: 28672
	Number of edges: 205965
	Maximum in degree: 585 (node 27517)
	Maximum out degree: 497 (node 7314)
	source 637 (node 7314) with out degree 497
	target 1010 (node 27517) with in degree 585

Execution time and memory used at after iteration 198 (MF = 107.339187): 3.670090e+03 seconds, 250658816 bytes of memory usage, 381132 kB of memory peak and 01:01:12 elapsed time
Statistics on the network after iteration 198 (MF = 107.339187)
	Number of nodes: 27919
	Number of allocated nodes: 28672
	Number of edges: 205965
	Maximum in degree: 585 (node 27517)
	Maximum out degree: 497 (node 7314)
	source 637 (node 7314) with out degree 497
	target 1010 (node 27517) with in degree 585

Execution time and memory used at after iteration 199 (MF = 107.339187): 3.699780e+03 seconds, 250658816 bytes of memory usage, 381132 kB of memory peak and 01:01:41 elapsed time
Statistics on the network after iteration 199 (MF = 107.339187)
	Number of nodes: 27919
	Number of allocated nodes: 28672
	Number of edges: 205965
	Maximum in degree: 585 (node 27517)
	Maximum out degree: 497 (node 7314)
	source 637 (node 7314) with out degree 497
	target 1010 (node 27517) with in degree 585

Execution time and memory used at after iteration 200 (MF = 107.339187): 3.729410e+03 seconds, 250658816 bytes of memory usage, 381132 kB of memory peak and 01:02:11 elapsed time
Statistics on the network after iteration 200 (MF = 107.339187)
	Number of nodes: 27919
	Number of allocated nodes: 28672
	Number of edges: 205965
	Maximum in degree: 585 (node 27517)
	Maximum out degree: 497 (node 7314)
	source 637 (node 7314) with out degree 497
	target 1010 (node 27517) with in degree 585

Execution time and memory used at after iteration 201 (MF = 107.411275): 3.758870e+03 seconds, 250658816 bytes of memory usage, 381132 kB of memory peak and 01:02:40 elapsed time
Statistics on the network after iteration 201 (MF = 107.411275)
	Number of nodes: 27919
	Number of allocated nodes: 28672
	Number of edges: 205965
	Maximum in degree: 585 (node 27517)
	Maximum out degree: 497 (node 7314)
	source 637 (node 7314) with out degree 497
	target 1010 (node 27517) with in degree 585

Execution time and memory used at after iteration 202 (MF = 107.434381): 3.788490e+03 seconds, 250658816 bytes of memory usage, 381132 kB of memory peak and 01:03:10 elapsed time
Statistics on the network after iteration 202 (MF = 107.434381)
	Number of nodes: 27919
	Number of allocated nodes: 28672
	Number of edges: 205965
	Maximum in degree: 585 (node 27517)
	Maximum out degree: 497 (node 7314)
	source 637 (node 7314) with out degree 497
	target 1010 (node 27517) with in degree 585

Execution time and memory used at after iteration 203 (MF = 107.339187): 3.821280e+03 seconds, 250658816 bytes of memory usage, 381132 kB of memory peak and 01:03:43 elapsed time
Statistics on the network after iteration 203 (MF = 107.339187)
	Number of nodes: 27919
	Number of allocated nodes: 28672
	Number of edges: 205965
	Maximum in degree: 585 (node 27517)
	Maximum out degree: 497 (node 7314)
	source 637 (node 7314) with out degree 497
	target 1010 (node 27517) with in degree 585

Execution time and memory used at after iteration 204 (MF = 107.339187): 3.851110e+03 seconds, 250658816 bytes of memory usage, 399548 kB of memory peak and 01:04:13 elapsed time
Statistics on the network after iteration 204 (MF = 107.339187)
	Number of nodes: 27919
	Number of allocated nodes: 28672
	Number of edges: 205965
	Maximum in degree: 585 (node 27517)
	Maximum out degree: 497 (node 7314)
	source 637 (node 7314) with out degree 497
	target 1010 (node 27517) with in degree 585

Execution time and memory used at after iteration 205 (MF = 107.376155): 3.881190e+03 seconds, 258904064 bytes of memory usage, 399960 kB of memory peak and 01:04:43 elapsed time
Statistics on the network after iteration 205 (MF = 107.376155)
	Number of nodes: 27919
	Number of allocated nodes: 28672
	Number of edges: 205965
	Maximum in degree: 585 (node 27517)
	Maximum out degree: 497 (node 7314)
	source 637 (node 7314) with out degree 497
	target 1010 (node 27517) with in degree 585

Execution time and memory used at after iteration 206 (MF = 107.280961): 3.911230e+03 seconds, 258904064 bytes of memory usage, 400368 kB of memory peak and 01:05:13 elapsed time
Statistics on the network after iteration 206 (MF = 107.280961)
	Number of nodes: 27919
	Number of allocated nodes: 28672
	Number of edges: 205965
	Maximum in degree: 585 (node 27517)
	Maximum out degree: 497 (node 7314)
	source 637 (node 7314) with out degree 497
	target 1010 (node 27517) with in degree 585

Execution time and memory used at after iteration 207 (MF = 107.280961): 3.941250e+03 seconds, 258904064 bytes of memory usage, 400776 kB of memory peak and 01:05:43 elapsed time
Statistics on the network after iteration 207 (MF = 107.280961)
	Number of nodes: 27919
	Number of allocated nodes: 28672
	Number of edges: 205965
	Maximum in degree: 585 (node 27517)
	Maximum out degree: 497 (node 7314)
	source 637 (node 7314) with out degree 497
	target 1010 (node 27517) with in degree 585

Execution time and memory used at after iteration 208 (MF = 107.280961): 3.971350e+03 seconds, 258904064 bytes of memory usage, 401196 kB of memory peak and 01:06:13 elapsed time
Statistics on the network after iteration 208 (MF = 107.280961)
	Number of nodes: 27919
	Number of allocated nodes: 28672
	Number of edges: 205965
	Maximum in degree: 585 (node 27517)
	Maximum out degree: 497 (node 7314)
	source 637 (node 7314) with out degree 497
	target 1010 (node 27517) with in degree 585

Execution time and memory used at after iteration 209 (MF = 107.280961): 4.001750e+03 seconds, 258904064 bytes of memory usage, 401600 kB of memory peak and 01:06:43 elapsed time
Statistics on the network after iteration 209 (MF = 107.280961)
	Number of nodes: 27919
	Number of allocated nodes: 28672
	Number of edges: 205965
	Maximum in degree: 585 (node 27517)
	Maximum out degree: 497 (node 7314)
	source 637 (node 7314) with out degree 497
	target 1010 (node 27517) with in degree 585

Execution time and memory used at after iteration 210 (MF = 107.376155): 4.032420e+03 seconds, 258904064 bytes of memory usage, 402012 kB of memory peak and 01:07:14 elapsed time
Statistics on the network after iteration 210 (MF = 107.376155)
	Number of nodes: 27919
	Number of allocated nodes: 28672
	Number of edges: 205965
	Maximum in degree: 585 (node 27517)
	Maximum out degree: 497 (node 7314)
	source 637 (node 7314) with out degree 497
	target 1010 (node 27517) with in degree 585

Execution time and memory used at after iteration 211 (MF = 107.376155): 4.063340e+03 seconds, 258908160 bytes of memory usage, 402436 kB of memory peak and 01:07:45 elapsed time
Statistics on the network after iteration 211 (MF = 107.376155)
	Number of nodes: 27919
	Number of allocated nodes: 28672
	Number of edges: 205965
	Maximum in degree: 585 (node 27517)
	Maximum out degree: 497 (node 7314)
	source 637 (node 7314) with out degree 497
	target 1010 (node 27517) with in degree 585

Execution time and memory used at after iteration 212 (MF = 107.339187): 4.094610e+03 seconds, 258908160 bytes of memory usage, 402844 kB of memory peak and 01:08:16 elapsed time
Statistics on the network after iteration 212 (MF = 107.339187)
	Number of nodes: 27919
	Number of allocated nodes: 28672
	Number of edges: 205965
	Maximum in degree: 585 (node 27517)
	Maximum out degree: 497 (node 7314)
	source 637 (node 7314) with out degree 497
	target 1010 (node 27517) with in degree 585

Execution time and memory used at after iteration 213 (MF = 107.434381): 4.126120e+03 seconds, 258908160 bytes of memory usage, 403264 kB of memory peak and 01:08:48 elapsed time
Statistics on the network after iteration 213 (MF = 107.434381)
	Number of nodes: 27919
	Number of allocated nodes: 28672
	Number of edges: 205965
	Maximum in degree: 585 (node 27517)
	Maximum out degree: 497 (node 7314)
	source 637 (node 7314) with out degree 497
	target 1010 (node 27517) with in degree 585

Execution time and memory used at after iteration 214 (MF = 107.434381): 4.157820e+03 seconds, 258908160 bytes of memory usage, 403680 kB of memory peak and 01:09:19 elapsed time
Statistics on the network after iteration 214 (MF = 107.434381)
	Number of nodes: 27919
	Number of allocated nodes: 28672
	Number of edges: 205965
	Maximum in degree: 585 (node 27517)
	Maximum out degree: 497 (node 7314)
	source 637 (node 7314) with out degree 497
	target 1010 (node 27517) with in degree 585

Execution time and memory used at after iteration 215 (MF = 107.434381): 4.189640e+03 seconds, 258908160 bytes of memory usage, 404088 kB of memory peak and 01:09:51 elapsed time
Statistics on the network after iteration 215 (MF = 107.434381)
	Number of nodes: 27919
	Number of allocated nodes: 28672
	Number of edges: 205965
	Maximum in degree: 585 (node 27517)
	Maximum out degree: 497 (node 7314)
	source 637 (node 7314) with out degree 497
	target 1010 (node 27517) with in degree 585

Execution time and memory used at after iteration 216 (MF = 107.339187): 4.221930e+03 seconds, 258908160 bytes of memory usage, 404516 kB of memory peak and 01:10:24 elapsed time
Statistics on the network after iteration 216 (MF = 107.339187)
	Number of nodes: 27919
	Number of allocated nodes: 28672
	Number of edges: 205965
	Maximum in degree: 585 (node 27517)
	Maximum out degree: 497 (node 7314)
	source 637 (node 7314) with out degree 497
	target 1010 (node 27517) with in degree 585

Execution time and memory used at after iteration 217 (MF = 107.339187): 4.260320e+03 seconds, 258908160 bytes of memory usage, 404916 kB of memory peak and 01:11:02 elapsed time
Statistics on the network after iteration 217 (MF = 107.339187)
	Number of nodes: 27919
	Number of allocated nodes: 28672
	Number of edges: 205965
	Maximum in degree: 585 (node 27517)
	Maximum out degree: 497 (node 7314)
	source 637 (node 7314) with out degree 497
	target 1010 (node 27517) with in degree 585

Execution time and memory used at after iteration 218 (MF = 107.339187): 4.295580e+03 seconds, 258908160 bytes of memory usage, 405344 kB of memory peak and 01:11:37 elapsed time
Statistics on the network after iteration 218 (MF = 107.339187)
	Number of nodes: 27919
	Number of allocated nodes: 28672
	Number of edges: 205965
	Maximum in degree: 585 (node 27517)
	Maximum out degree: 497 (node 7314)
	source 637 (node 7314) with out degree 497
	target 1010 (node 27517) with in degree 585

Execution time and memory used at after iteration 219 (MF = 107.339187): 4.328410e+03 seconds, 258908160 bytes of memory usage, 405752 kB of memory peak and 01:12:10 elapsed time
Statistics on the network after iteration 219 (MF = 107.339187)
	Number of nodes: 27919
	Number of allocated nodes: 28672
	Number of edges: 205965
	Maximum in degree: 585 (node 27517)
	Maximum out degree: 497 (node 7314)
	source 637 (node 7314) with out degree 497
	target 1010 (node 27517) with in degree 585

Execution time and memory used at after iteration 220 (MF = 107.339187): 4.361870e+03 seconds, 258908160 bytes of memory usage, 406156 kB of memory peak and 01:12:44 elapsed time
Statistics on the network after iteration 220 (MF = 107.339187)
	Number of nodes: 27919
	Number of allocated nodes: 28672
	Number of edges: 205965
	Maximum in degree: 585 (node 27517)
	Maximum out degree: 497 (node 7314)
	source 637 (node 7314) with out degree 497
	target 1010 (node 27517) with in degree 585

Execution time and memory used at after iteration 221 (MF = 107.376155): 4.400230e+03 seconds, 258908160 bytes of memory usage, 406604 kB of memory peak and 01:13:22 elapsed time
Statistics on the network after iteration 221 (MF = 107.376155)
	Number of nodes: 27919
	Number of allocated nodes: 28672
	Number of edges: 205965
	Maximum in degree: 585 (node 27517)
	Maximum out degree: 497 (node 7314)
	source 637 (node 7314) with out degree 497
	target 1010 (node 27517) with in degree 585

Execution time and memory used at after iteration 222 (MF = 107.280961): 4.433300e+03 seconds, 258908160 bytes of memory usage, 407000 kB of memory peak and 01:13:55 elapsed time
Statistics on the network after iteration 222 (MF = 107.280961)
	Number of nodes: 27919
	Number of allocated nodes: 28672
	Number of edges: 205965
	Maximum in degree: 585 (node 27517)
	Maximum out degree: 497 (node 7314)
	source 637 (node 7314) with out degree 497
	target 1010 (node 27517) with in degree 585

Execution time and memory used at after iteration 223 (MF = 107.280961): 4.466470e+03 seconds, 250658816 bytes of memory usage, 407404 kB of memory peak and 01:14:28 elapsed time
Statistics on the network after iteration 223 (MF = 107.280961)
	Number of nodes: 27919
	Number of allocated nodes: 28672
	Number of edges: 205965
	Maximum in degree: 585 (node 27517)
	Maximum out degree: 497 (node 7314)
	source 637 (node 7314) with out degree 497
	target 1010 (node 27517) with in degree 585

Execution time and memory used at after iteration 224 (MF = 107.280961): 4.499690e+03 seconds, 250658816 bytes of memory usage, 407828 kB of memory peak and 01:15:01 elapsed time
Statistics on the network after iteration 224 (MF = 107.280961)
	Number of nodes: 27919
	Number of allocated nodes: 28672
	Number of edges: 205965
	Maximum in degree: 585 (node 27517)
	Maximum out degree: 497 (node 7314)
	source 637 (node 7314) with out degree 497
	target 1010 (node 27517) with in degree 585

Execution time and memory used at after iteration 225 (MF = 107.280961): 4.539240e+03 seconds, 250658816 bytes of memory usage, 408244 kB of memory peak and 01:15:41 elapsed time
Statistics on the network after iteration 225 (MF = 107.280961)
	Number of nodes: 27919
	Number of allocated nodes: 28672
	Number of edges: 205965
	Maximum in degree: 585 (node 27517)
	Maximum out degree: 497 (node 7314)
	source 637 (node 7314) with out degree 497
	target 1010 (node 27517) with in degree 585

Execution time and memory used at after iteration 226 (MF = 107.280961): 4.573810e+03 seconds, 250658816 bytes of memory usage, 408648 kB of memory peak and 01:16:16 elapsed time
Statistics on the network after iteration 226 (MF = 107.280961)
	Number of nodes: 27919
	Number of allocated nodes: 28672
	Number of edges: 205965
	Maximum in degree: 585 (node 27517)
	Maximum out degree: 497 (node 7314)
	source 637 (node 7314) with out degree 497
	target 1010 (node 27517) with in degree 585

Execution time and memory used at after iteration 227 (MF = 107.376155): 4.610460e+03 seconds, 250658816 bytes of memory usage, 409072 kB of memory peak and 01:16:52 elapsed time
Statistics on the network after iteration 227 (MF = 107.376155)
	Number of nodes: 27919
	Number of allocated nodes: 28672
	Number of edges: 205965
	Maximum in degree: 585 (node 27517)
	Maximum out degree: 497 (node 7314)
	source 637 (node 7314) with out degree 497
	target 1010 (node 27517) with in degree 585

Execution time and memory used at after iteration 228 (MF = 107.448244): 4.644640e+03 seconds, 250658816 bytes of memory usage, 409484 kB of memory peak and 01:17:26 elapsed time
Statistics on the network after iteration 228 (MF = 107.448244)
	Number of nodes: 27919
	Number of allocated nodes: 28672
	Number of edges: 205965
	Maximum in degree: 585 (node 27517)
	Maximum out degree: 497 (node 7314)
	source 637 (node 7314) with out degree 497
	target 1010 (node 27517) with in degree 585

Execution time and memory used at after iteration 229 (MF = 107.376155): 4.679100e+03 seconds, 250658816 bytes of memory usage, 409896 kB of memory peak and 01:18:01 elapsed time
Statistics on the network after iteration 229 (MF = 107.376155)
	Number of nodes: 27919
	Number of allocated nodes: 28672
	Number of edges: 205965
	Maximum in degree: 585 (node 27517)
	Maximum out degree: 497 (node 7314)
	source 637 (node 7314) with out degree 497
	target 1010 (node 27517) with in degree 585

Execution time and memory used at after iteration 230 (MF = 107.376155): 4.714100e+03 seconds, 250658816 bytes of memory usage, 410304 kB of memory peak and 01:18:36 elapsed time
Statistics on the network after iteration 230 (MF = 107.376155)
	Number of nodes: 27919
	Number of allocated nodes: 28672
	Number of edges: 205965
	Maximum in degree: 585 (node 27517)
	Maximum out degree: 497 (node 7314)
	source 637 (node 7314) with out degree 497
	target 1010 (node 27517) with in degree 585

Execution time and memory used at after iteration 231 (MF = 107.339187): 4.749370e+03 seconds, 250658816 bytes of memory usage, 410732 kB of memory peak and 01:19:11 elapsed time
Statistics on the network after iteration 231 (MF = 107.339187)
	Number of nodes: 27919
	Number of allocated nodes: 28672
	Number of edges: 205965
	Maximum in degree: 585 (node 27517)
	Maximum out degree: 497 (node 7314)
	source 637 (node 7314) with out degree 497
	target 1010 (node 27517) with in degree 585

Execution time and memory used at after iteration 232 (MF = 107.411275): 4.783920e+03 seconds, 250658816 bytes of memory usage, 411140 kB of memory peak and 01:19:46 elapsed time
Statistics on the network after iteration 232 (MF = 107.411275)
	Number of nodes: 27919
	Number of allocated nodes: 28672
	Number of edges: 205965
	Maximum in degree: 585 (node 27517)
	Maximum out degree: 497 (node 7314)
	source 637 (node 7314) with out degree 497
	target 1010 (node 27517) with in degree 585

Execution time and memory used at after iteration 233 (MF = 107.339187): 4.818830e+03 seconds, 250658816 bytes of memory usage, 411568 kB of memory peak and 01:20:21 elapsed time
Statistics on the network after iteration 233 (MF = 107.339187)
	Number of nodes: 27919
	Number of allocated nodes: 28672
	Number of edges: 205965
	Maximum in degree: 585 (node 27517)
	Maximum out degree: 497 (node 7314)
	source 637 (node 7314) with out degree 497
	target 1010 (node 27517) with in degree 585

Execution time and memory used at after iteration 234 (MF = 107.339187): 4.853540e+03 seconds, 250658816 bytes of memory usage, 411992 kB of memory peak and 01:20:55 elapsed time
Statistics on the network after iteration 234 (MF = 107.339187)
	Number of nodes: 27919
	Number of allocated nodes: 28672
	Number of edges: 205965
	Maximum in degree: 585 (node 27517)
	Maximum out degree: 497 (node 7314)
	source 637 (node 7314) with out degree 497
	target 1010 (node 27517) with in degree 585

Execution time and memory used at after iteration 235 (MF = 107.339187): 4.888950e+03 seconds, 250658816 bytes of memory usage, 412420 kB of memory peak and 01:21:31 elapsed time
Statistics on the network after iteration 235 (MF = 107.339187)
	Number of nodes: 27919
	Number of allocated nodes: 28672
	Number of edges: 205965
	Maximum in degree: 585 (node 27517)
	Maximum out degree: 497 (node 7314)
	source 637 (node 7314) with out degree 497
	target 1010 (node 27517) with in degree 585

Execution time and memory used at after iteration 236 (MF = 107.280961): 4.924510e+03 seconds, 250658816 bytes of memory usage, 412840 kB of memory peak and 01:22:06 elapsed time
Statistics on the network after iteration 236 (MF = 107.280961)
	Number of nodes: 27919
	Number of allocated nodes: 28672
	Number of edges: 205965
	Maximum in degree: 585 (node 27517)
	Maximum out degree: 497 (node 7314)
	source 637 (node 7314) with out degree 497
	target 1010 (node 27517) with in degree 585

Execution time and memory used at after iteration 237 (MF = 107.280961): 4.964810e+03 seconds, 250658816 bytes of memory usage, 413256 kB of memory peak and 01:22:47 elapsed time
Statistics on the network after iteration 237 (MF = 107.280961)
	Number of nodes: 27919
	Number of allocated nodes: 28672
	Number of edges: 205965
	Maximum in degree: 585 (node 27517)
	Maximum out degree: 497 (node 7314)
	source 637 (node 7314) with out degree 497
	target 1010 (node 27517) with in degree 585

Execution time and memory used at after iteration 238 (MF = 107.294824): 5.000990e+03 seconds, 250658816 bytes of memory usage, 413672 kB of memory peak and 01:23:23 elapsed time
Statistics on the network after iteration 238 (MF = 107.294824)
	Number of nodes: 27919
	Number of allocated nodes: 28672
	Number of edges: 205965
	Maximum in degree: 585 (node 27517)
	Maximum out degree: 497 (node 7314)
	source 637 (node 7314) with out degree 497
	target 1010 (node 27517) with in degree 585

Execution time and memory used at after iteration 239 (MF = 107.376155): 5.037310e+03 seconds, 250658816 bytes of memory usage, 414092 kB of memory peak and 01:23:59 elapsed time
Statistics on the network after iteration 239 (MF = 107.376155)
	Number of nodes: 27919
	Number of allocated nodes: 28672
	Number of edges: 205965
	Maximum in degree: 585 (node 27517)
	Maximum out degree: 497 (node 7314)
	source 637 (node 7314) with out degree 497
	target 1010 (node 27517) with in degree 585

Execution time and memory used at after iteration 240 (MF = 107.280961): 5.073750e+03 seconds, 250658816 bytes of memory usage, 414508 kB of memory peak and 01:24:36 elapsed time
Statistics on the network after iteration 240 (MF = 107.280961)
	Number of nodes: 27919
	Number of allocated nodes: 28672
	Number of edges: 205965
	Maximum in degree: 585 (node 27517)
	Maximum out degree: 497 (node 7314)
	source 637 (node 7314) with out degree 497
	target 1010 (node 27517) with in degree 585

Execution time and memory used at after iteration 241 (MF = 107.376155): 5.110460e+03 seconds, 250658816 bytes of memory usage, 414936 kB of memory peak and 01:25:12 elapsed time
Statistics on the network after iteration 241 (MF = 107.376155)
	Number of nodes: 27919
	Number of allocated nodes: 28672
	Number of edges: 205965
	Maximum in degree: 585 (node 27517)
	Maximum out degree: 497 (node 7314)
	source 637 (node 7314) with out degree 497
	target 1010 (node 27517) with in degree 585

Execution time and memory used at after iteration 242 (MF = 107.280961): 5.147630e+03 seconds, 250658816 bytes of memory usage, 415332 kB of memory peak and 01:25:49 elapsed time
Statistics on the network after iteration 242 (MF = 107.280961)
	Number of nodes: 27919
	Number of allocated nodes: 28672
	Number of edges: 205965
	Maximum in degree: 585 (node 27517)
	Maximum out degree: 497 (node 7314)
	source 637 (node 7314) with out degree 497
	target 1010 (node 27517) with in degree 585

Execution time and memory used at after iteration 243 (MF = 107.376155): 5.185060e+03 seconds, 250658816 bytes of memory usage, 415756 kB of memory peak and 01:26:27 elapsed time
Statistics on the network after iteration 243 (MF = 107.376155)
	Number of nodes: 27919
	Number of allocated nodes: 28672
	Number of edges: 205965
	Maximum in degree: 585 (node 27517)
	Maximum out degree: 497 (node 7314)
	source 637 (node 7314) with out degree 497
	target 1010 (node 27517) with in degree 585

Execution time and memory used at after iteration 244 (MF = 107.280961): 5.223260e+03 seconds, 250658816 bytes of memory usage, 416176 kB of memory peak and 01:27:05 elapsed time
Statistics on the network after iteration 244 (MF = 107.280961)
	Number of nodes: 27919
	Number of allocated nodes: 28672
	Number of edges: 205965
	Maximum in degree: 585 (node 27517)
	Maximum out degree: 497 (node 7314)
	source 637 (node 7314) with out degree 497
	target 1010 (node 27517) with in degree 585

Execution time and memory used at after iteration 245 (MF = 107.376155): 5.260940e+03 seconds, 250658816 bytes of memory usage, 416576 kB of memory peak and 01:27:43 elapsed time
Statistics on the network after iteration 245 (MF = 107.376155)
	Number of nodes: 27919
	Number of allocated nodes: 28672
	Number of edges: 205965
	Maximum in degree: 585 (node 27517)
	Maximum out degree: 497 (node 7314)
	source 637 (node 7314) with out degree 497
	target 1010 (node 27517) with in degree 585

Execution time and memory used at after iteration 246 (MF = 107.353050): 5.298320e+03 seconds, 250658816 bytes of memory usage, 416992 kB of memory peak and 01:28:20 elapsed time
Statistics on the network after iteration 246 (MF = 107.353050)
	Number of nodes: 27919
	Number of allocated nodes: 28672
	Number of edges: 205965
	Maximum in degree: 585 (node 27517)
	Maximum out degree: 497 (node 7314)
	source 637 (node 7314) with out degree 497
	target 1010 (node 27517) with in degree 585

Execution time and memory used at after iteration 247 (MF = 107.376155): 5.335970e+03 seconds, 250658816 bytes of memory usage, 417404 kB of memory peak and 01:28:58 elapsed time
Statistics on the network after iteration 247 (MF = 107.376155)
	Number of nodes: 27919
	Number of allocated nodes: 28672
	Number of edges: 205965
	Maximum in degree: 585 (node 27517)
	Maximum out degree: 497 (node 7314)
	source 637 (node 7314) with out degree 497
	target 1010 (node 27517) with in degree 585

Execution time and memory used at after iteration 248 (MF = 107.434381): 5.373960e+03 seconds, 250658816 bytes of memory usage, 417804 kB of memory peak and 01:29:36 elapsed time
Statistics on the network after iteration 248 (MF = 107.434381)
	Number of nodes: 27919
	Number of allocated nodes: 28672
	Number of edges: 205965
	Maximum in degree: 585 (node 27517)
	Maximum out degree: 497 (node 7314)
	source 637 (node 7314) with out degree 497
	target 1010 (node 27517) with in degree 585

Execution time and memory used at after iteration 249 (MF = 107.339187): 5.413280e+03 seconds, 250658816 bytes of memory usage, 418232 kB of memory peak and 01:30:15 elapsed time
Statistics on the network after iteration 249 (MF = 107.339187)
	Number of nodes: 27919
	Number of allocated nodes: 28672
	Number of edges: 205965
	Maximum in degree: 585 (node 27517)
	Maximum out degree: 497 (node 7314)
	source 637 (node 7314) with out degree 497
	target 1010 (node 27517) with in degree 585

Execution time and memory used at after iteration 250 (MF = 107.434381): 5.458970e+03 seconds, 250658816 bytes of memory usage, 418656 kB of memory peak and 01:31:01 elapsed time
Statistics on the network after iteration 250 (MF = 107.434381)
	Number of nodes: 27919
	Number of allocated nodes: 28672
	Number of edges: 205965
	Maximum in degree: 585 (node 27517)
	Maximum out degree: 497 (node 7314)
	source 637 (node 7314) with out degree 497
	target 1010 (node 27517) with in degree 585

Execution time and memory used at after iteration 251 (MF = 107.339187): 5.497590e+03 seconds, 250658816 bytes of memory usage, 419084 kB of memory peak and 01:31:40 elapsed time
Statistics on the network after iteration 251 (MF = 107.339187)
	Number of nodes: 27919
	Number of allocated nodes: 28672
	Number of edges: 205965
	Maximum in degree: 585 (node 27517)
	Maximum out degree: 497 (node 7314)
	source 637 (node 7314) with out degree 497
	target 1010 (node 27517) with in degree 585

Execution time and memory used at after iteration 252 (MF = 107.434381): 5.537680e+03 seconds, 250658816 bytes of memory usage, 419488 kB of memory peak and 01:32:20 elapsed time
Statistics on the network after iteration 252 (MF = 107.434381)
	Number of nodes: 27919
	Number of allocated nodes: 28672
	Number of edges: 205965
	Maximum in degree: 585 (node 27517)
	Maximum out degree: 497 (node 7314)
	source 637 (node 7314) with out degree 497
	target 1010 (node 27517) with in degree 585

Execution time and memory used at after iteration 253 (MF = 107.339187): 5.576420e+03 seconds, 250658816 bytes of memory usage, 419916 kB of memory peak and 01:32:58 elapsed time
Statistics on the network after iteration 253 (MF = 107.339187)
	Number of nodes: 27919
	Number of allocated nodes: 28672
	Number of edges: 205965
	Maximum in degree: 585 (node 27517)
	Maximum out degree: 497 (node 7314)
	source 637 (node 7314) with out degree 497
	target 1010 (node 27517) with in degree 585

Execution time and memory used at after iteration 254 (MF = 107.411275): 5.615510e+03 seconds, 250658816 bytes of memory usage, 420332 kB of memory peak and 01:33:37 elapsed time
Statistics on the network after iteration 254 (MF = 107.411275)
	Number of nodes: 27919
	Number of allocated nodes: 28672
	Number of edges: 205965
	Maximum in degree: 585 (node 27517)
	Maximum out degree: 497 (node 7314)
	source 637 (node 7314) with out degree 497
	target 1010 (node 27517) with in degree 585

Execution time and memory used at after iteration 255 (MF = 107.434381): 5.654670e+03 seconds, 250658816 bytes of memory usage, 420748 kB of memory peak and 01:34:17 elapsed time
Statistics on the network after iteration 255 (MF = 107.434381)
	Number of nodes: 27919
	Number of allocated nodes: 28672
	Number of edges: 205965
	Maximum in degree: 585 (node 27517)
	Maximum out degree: 497 (node 7314)
	source 637 (node 7314) with out degree 497
	target 1010 (node 27517) with in degree 585

Execution time and memory used at after iteration 256 (MF = 107.434381): 5.694180e+03 seconds, 250658816 bytes of memory usage, 421160 kB of memory peak and 01:34:56 elapsed time
Statistics on the network after iteration 256 (MF = 107.434381)
	Number of nodes: 27919
	Number of allocated nodes: 28672
	Number of edges: 205965
	Maximum in degree: 585 (node 27517)
	Maximum out degree: 497 (node 7314)
	source 637 (node 7314) with out degree 497
	target 1010 (node 27517) with in degree 585

Execution time and memory used at after iteration 257 (MF = 107.339187): 5.734030e+03 seconds, 250658816 bytes of memory usage, 421568 kB of memory peak and 01:35:36 elapsed time
Statistics on the network after iteration 257 (MF = 107.339187)
	Number of nodes: 27919
	Number of allocated nodes: 28672
	Number of edges: 205965
	Maximum in degree: 585 (node 27517)
	Maximum out degree: 497 (node 7314)
	source 637 (node 7314) with out degree 497
	target 1010 (node 27517) with in degree 585

Execution time and memory used at after iteration 258 (MF = 107.434381): 5.773900e+03 seconds, 250658816 bytes of memory usage, 421972 kB of memory peak and 01:36:16 elapsed time
Statistics on the network after iteration 258 (MF = 107.434381)
	Number of nodes: 27919
	Number of allocated nodes: 28672
	Number of edges: 205965
	Maximum in degree: 585 (node 27517)
	Maximum out degree: 497 (node 7314)
	source 637 (node 7314) with out degree 497
	target 1010 (node 27517) with in degree 585

Execution time and memory used at after iteration 259 (MF = 107.339187): 5.814020e+03 seconds, 250658816 bytes of memory usage, 422396 kB of memory peak and 01:36:56 elapsed time
Statistics on the network after iteration 259 (MF = 107.339187)
	Number of nodes: 27919
	Number of allocated nodes: 28672
	Number of edges: 205965
	Maximum in degree: 585 (node 27517)
	Maximum out degree: 497 (node 7314)
	source 637 (node 7314) with out degree 497
	target 1010 (node 27517) with in degree 585

Execution time and memory used at after iteration 260 (MF = 107.434381): 5.877930e+03 seconds, 250658816 bytes of memory usage, 422808 kB of memory peak and 01:38:00 elapsed time
Statistics on the network after iteration 260 (MF = 107.434381)
	Number of nodes: 27919
	Number of allocated nodes: 28672
	Number of edges: 205965
	Maximum in degree: 585 (node 27517)
	Maximum out degree: 497 (node 7314)
	source 637 (node 7314) with out degree 497
	target 1010 (node 27517) with in degree 585

Execution time and memory used at after iteration 261 (MF = 107.339187): 5.918400e+03 seconds, 250658816 bytes of memory usage, 423216 kB of memory peak and 01:38:40 elapsed time
Statistics on the network after iteration 261 (MF = 107.339187)
	Number of nodes: 27919
	Number of allocated nodes: 28672
	Number of edges: 205965
	Maximum in degree: 585 (node 27517)
	Maximum out degree: 497 (node 7314)
	source 637 (node 7314) with out degree 497
	target 1010 (node 27517) with in degree 585

Execution time and memory used at after iteration 262 (MF = 107.434381): 5.959050e+03 seconds, 250658816 bytes of memory usage, 423644 kB of memory peak and 01:39:21 elapsed time
Statistics on the network after iteration 262 (MF = 107.434381)
	Number of nodes: 27919
	Number of allocated nodes: 28672
	Number of edges: 205965
	Maximum in degree: 585 (node 27517)
	Maximum out degree: 497 (node 7314)
	source 637 (node 7314) with out degree 497
	target 1010 (node 27517) with in degree 585

Execution time and memory used at after iteration 263 (MF = 107.411275): 6.002450e+03 seconds, 250658816 bytes of memory usage, 424052 kB of memory peak and 01:40:04 elapsed time
Statistics on the network after iteration 263 (MF = 107.411275)
	Number of nodes: 27919
	Number of allocated nodes: 28672
	Number of edges: 205965
	Maximum in degree: 585 (node 27517)
	Maximum out degree: 497 (node 7314)
	source 637 (node 7314) with out degree 497
	target 1010 (node 27517) with in degree 585

Execution time and memory used at after iteration 264 (MF = 107.339187): 6.043470e+03 seconds, 250658816 bytes of memory usage, 424456 kB of memory peak and 01:40:45 elapsed time
Statistics on the network after iteration 264 (MF = 107.339187)
	Number of nodes: 27919
	Number of allocated nodes: 28672
	Number of edges: 205965
	Maximum in degree: 585 (node 27517)
	Maximum out degree: 497 (node 7314)
	source 637 (node 7314) with out degree 497
	target 1010 (node 27517) with in degree 585

Execution time and memory used at after iteration 265 (MF = 107.339187): 6.084400e+03 seconds, 250658816 bytes of memory usage, 424880 kB of memory peak and 01:41:26 elapsed time
Statistics on the network after iteration 265 (MF = 107.339187)
	Number of nodes: 27919
	Number of allocated nodes: 28672
	Number of edges: 205965
	Maximum in degree: 585 (node 27517)
	Maximum out degree: 497 (node 7314)
	source 637 (node 7314) with out degree 497
	target 1010 (node 27517) with in degree 585

Execution time and memory used at after iteration 266 (MF = 107.411275): 6.125390e+03 seconds, 250658816 bytes of memory usage, 425316 kB of memory peak and 01:42:07 elapsed time
Statistics on the network after iteration 266 (MF = 107.411275)
	Number of nodes: 27919
	Number of allocated nodes: 28672
	Number of edges: 205965
	Maximum in degree: 585 (node 27517)
	Maximum out degree: 497 (node 7314)
	source 637 (node 7314) with out degree 497
	target 1010 (node 27517) with in degree 585

Execution time and memory used at after iteration 267 (MF = 107.339187): 6.166780e+03 seconds, 250658816 bytes of memory usage, 425720 kB of memory peak and 01:42:49 elapsed time
Statistics on the network after iteration 267 (MF = 107.339187)
	Number of nodes: 27919
	Number of allocated nodes: 28672
	Number of edges: 205965
	Maximum in degree: 585 (node 27517)
	Maximum out degree: 497 (node 7314)
	source 637 (node 7314) with out degree 497
	target 1010 (node 27517) with in degree 585

Execution time and memory used at after iteration 268 (MF = 107.339187): 6.208290e+03 seconds, 250658816 bytes of memory usage, 426128 kB of memory peak and 01:43:30 elapsed time
Statistics on the network after iteration 268 (MF = 107.339187)
	Number of nodes: 27919
	Number of allocated nodes: 28672
	Number of edges: 205965
	Maximum in degree: 585 (node 27517)
	Maximum out degree: 497 (node 7314)
	source 637 (node 7314) with out degree 497
	target 1010 (node 27517) with in degree 585

Execution time and memory used at after iteration 269 (MF = 107.339187): 6.249660e+03 seconds, 250658816 bytes of memory usage, 426536 kB of memory peak and 01:44:12 elapsed time
Statistics on the network after iteration 269 (MF = 107.339187)
	Number of nodes: 27919
	Number of allocated nodes: 28672
	Number of edges: 205965
	Maximum in degree: 585 (node 27517)
	Maximum out degree: 497 (node 7314)
	source 637 (node 7314) with out degree 497
	target 1010 (node 27517) with in degree 585

Execution time and memory used at after iteration 270 (MF = 107.339187): 6.300320e+03 seconds, 250658816 bytes of memory usage, 426956 kB of memory peak and 01:45:02 elapsed time
Statistics on the network after iteration 270 (MF = 107.339187)
	Number of nodes: 27919
	Number of allocated nodes: 28672
	Number of edges: 205965
	Maximum in degree: 585 (node 27517)
	Maximum out degree: 497 (node 7314)
	source 637 (node 7314) with out degree 497
	target 1010 (node 27517) with in degree 585

Execution time and memory used at after iteration 271 (MF = 107.339187): 6.342370e+03 seconds, 250658816 bytes of memory usage, 427364 kB of memory peak and 01:45:44 elapsed time
Statistics on the network after iteration 271 (MF = 107.339187)
	Number of nodes: 27919
	Number of allocated nodes: 28672
	Number of edges: 205965
	Maximum in degree: 585 (node 27517)
	Maximum out degree: 497 (node 7314)
	source 637 (node 7314) with out degree 497
	target 1010 (node 27517) with in degree 585

Execution time and memory used at after iteration 272 (MF = 107.339187): 6.384180e+03 seconds, 250658816 bytes of memory usage, 427800 kB of memory peak and 01:46:26 elapsed time
Statistics on the network after iteration 272 (MF = 107.339187)
	Number of nodes: 27919
	Number of allocated nodes: 28672
	Number of edges: 205965
	Maximum in degree: 585 (node 27517)
	Maximum out degree: 497 (node 7314)
	source 637 (node 7314) with out degree 497
	target 1010 (node 27517) with in degree 585

Execution time and memory used at after iteration 273 (MF = 107.339187): 6.428810e+03 seconds, 252305408 bytes of memory usage, 428212 kB of memory peak and 01:47:11 elapsed time
Statistics on the network after iteration 273 (MF = 107.339187)
	Number of nodes: 27919
	Number of allocated nodes: 28672
	Number of edges: 205965
	Maximum in degree: 585 (node 27517)
	Maximum out degree: 497 (node 7314)
	source 637 (node 7314) with out degree 497
	target 1010 (node 27517) with in degree 585

Execution time and memory used at after iteration 274 (MF = 107.339187): 6.470900e+03 seconds, 252305408 bytes of memory usage, 428620 kB of memory peak and 01:47:53 elapsed time
Statistics on the network after iteration 274 (MF = 107.339187)
	Number of nodes: 27919
	Number of allocated nodes: 28672
	Number of edges: 205965
	Maximum in degree: 585 (node 27517)
	Maximum out degree: 497 (node 7314)
	source 637 (node 7314) with out degree 497
	target 1010 (node 27517) with in degree 585

Execution time and memory used at after iteration 275 (MF = 107.411275): 6.512670e+03 seconds, 252305408 bytes of memory usage, 429056 kB of memory peak and 01:48:35 elapsed time
Statistics on the network after iteration 275 (MF = 107.411275)
	Number of nodes: 27919
	Number of allocated nodes: 28672
	Number of edges: 205965
	Maximum in degree: 585 (node 27517)
	Maximum out degree: 497 (node 7314)
	source 637 (node 7314) with out degree 497
	target 1010 (node 27517) with in degree 585

Execution time and memory used at after iteration 276 (MF = 107.339187): 6.554750e+03 seconds, 252305408 bytes of memory usage, 429480 kB of memory peak and 01:49:17 elapsed time
Statistics on the network after iteration 276 (MF = 107.339187)
	Number of nodes: 27919
	Number of allocated nodes: 28672
	Number of edges: 205965
	Maximum in degree: 585 (node 27517)
	Maximum out degree: 497 (node 7314)
	source 637 (node 7314) with out degree 497
	target 1010 (node 27517) with in degree 585

Execution time and memory used at after iteration 277 (MF = 107.339187): 6.596980e+03 seconds, 252305408 bytes of memory usage, 429892 kB of memory peak and 01:49:59 elapsed time
Statistics on the network after iteration 277 (MF = 107.339187)
	Number of nodes: 27919
	Number of allocated nodes: 28672
	Number of edges: 205965
	Maximum in degree: 585 (node 27517)
	Maximum out degree: 497 (node 7314)
	source 637 (node 7314) with out degree 497
	target 1010 (node 27517) with in degree 585

Execution time and memory used at after iteration 278 (MF = 107.353050): 6.639280e+03 seconds, 252305408 bytes of memory usage, 430308 kB of memory peak and 01:50:41 elapsed time
Statistics on the network after iteration 278 (MF = 107.353050)
	Number of nodes: 27919
	Number of allocated nodes: 28672
	Number of edges: 205965
	Maximum in degree: 585 (node 27517)
	Maximum out degree: 497 (node 7314)
	source 637 (node 7314) with out degree 497
	target 1010 (node 27517) with in degree 585

Execution time and memory used at after iteration 279 (MF = 107.280961): 6.681680e+03 seconds, 252305408 bytes of memory usage, 430728 kB of memory peak and 01:51:24 elapsed time
Statistics on the network after iteration 279 (MF = 107.280961)
	Number of nodes: 27919
	Number of allocated nodes: 28672
	Number of edges: 205965
	Maximum in degree: 585 (node 27517)
	Maximum out degree: 497 (node 7314)
	source 637 (node 7314) with out degree 497
	target 1010 (node 27517) with in degree 585

Execution time and memory used at after iteration 280 (MF = 107.353050): 6.724070e+03 seconds, 252305408 bytes of memory usage, 431128 kB of memory peak and 01:52:06 elapsed time
Statistics on the network after iteration 280 (MF = 107.353050)
	Number of nodes: 27919
	Number of allocated nodes: 28672
	Number of edges: 205965
	Maximum in degree: 585 (node 27517)
	Maximum out degree: 497 (node 7314)
	source 637 (node 7314) with out degree 497
	target 1010 (node 27517) with in degree 585

Execution time and memory used at after iteration 281 (MF = 107.280961): 6.767130e+03 seconds, 252305408 bytes of memory usage, 431540 kB of memory peak and 01:52:49 elapsed time
Statistics on the network after iteration 281 (MF = 107.280961)
	Number of nodes: 27919
	Number of allocated nodes: 28672
	Number of edges: 205965
	Maximum in degree: 585 (node 27517)
	Maximum out degree: 497 (node 7314)
	source 637 (node 7314) with out degree 497
	target 1010 (node 27517) with in degree 585

Execution time and memory used at after iteration 282 (MF = 107.280961): 6.809610e+03 seconds, 252510208 bytes of memory usage, 431980 kB of memory peak and 01:53:32 elapsed time
Statistics on the network after iteration 282 (MF = 107.280961)
	Number of nodes: 27919
	Number of allocated nodes: 28672
	Number of edges: 205965
	Maximum in degree: 585 (node 27517)
	Maximum out degree: 497 (node 7314)
	source 637 (node 7314) with out degree 497
	target 1010 (node 27517) with in degree 585

Execution time and memory used at after iteration 283 (MF = 107.280961): 6.852720e+03 seconds, 252518400 bytes of memory usage, 432384 kB of memory peak and 01:54:15 elapsed time
Statistics on the network after iteration 283 (MF = 107.280961)
	Number of nodes: 27919
	Number of allocated nodes: 28672
	Number of edges: 205965
	Maximum in degree: 585 (node 27517)
	Maximum out degree: 497 (node 7314)
	source 637 (node 7314) with out degree 497
	target 1010 (node 27517) with in degree 585

Execution time and memory used at after iteration 284 (MF = 107.280961): 6.895770e+03 seconds, 253956096 bytes of memory usage, 432796 kB of memory peak and 01:54:58 elapsed time
Statistics on the network after iteration 284 (MF = 107.280961)
	Number of nodes: 27919
	Number of allocated nodes: 28672
	Number of edges: 205965
	Maximum in degree: 585 (node 27517)
	Maximum out degree: 497 (node 7314)
	source 637 (node 7314) with out degree 497
	target 1010 (node 27517) with in degree 585

Execution time and memory used at after iteration 285 (MF = 107.280961): 6.939310e+03 seconds, 253956096 bytes of memory usage, 433212 kB of memory peak and 01:55:41 elapsed time
Statistics on the network after iteration 285 (MF = 107.280961)
	Number of nodes: 27919
	Number of allocated nodes: 28672
	Number of edges: 205965
	Maximum in degree: 585 (node 27517)
	Maximum out degree: 497 (node 7314)
	source 637 (node 7314) with out degree 497
	target 1010 (node 27517) with in degree 585

Execution time and memory used at after iteration 286 (MF = 107.280961): 6.983070e+03 seconds, 253956096 bytes of memory usage, 433608 kB of memory peak and 01:56:25 elapsed time
Statistics on the network after iteration 286 (MF = 107.280961)
	Number of nodes: 27919
	Number of allocated nodes: 28672
	Number of edges: 205965
	Maximum in degree: 585 (node 27517)
	Maximum out degree: 497 (node 7314)
	source 637 (node 7314) with out degree 497
	target 1010 (node 27517) with in degree 585

Execution time and memory used at after iteration 287 (MF = 107.280961): 7.035930e+03 seconds, 253956096 bytes of memory usage, 434016 kB of memory peak and 01:57:18 elapsed time
Statistics on the network after iteration 287 (MF = 107.280961)
	Number of nodes: 27919
	Number of allocated nodes: 28672
	Number of edges: 205965
	Maximum in degree: 585 (node 27517)
	Maximum out degree: 497 (node 7314)
	source 637 (node 7314) with out degree 497
	target 1010 (node 27517) with in degree 585

Execution time and memory used at after iteration 288 (MF = 107.353050): 7.079630e+03 seconds, 253956096 bytes of memory usage, 434448 kB of memory peak and 01:58:02 elapsed time
Statistics on the network after iteration 288 (MF = 107.353050)
	Number of nodes: 27919
	Number of allocated nodes: 28672
	Number of edges: 205965
	Maximum in degree: 585 (node 27517)
	Maximum out degree: 497 (node 7314)
	source 637 (node 7314) with out degree 497
	target 1010 (node 27517) with in degree 585

Execution time and memory used at after iteration 289 (MF = 107.353050): 7.123620e+03 seconds, 253956096 bytes of memory usage, 434852 kB of memory peak and 01:58:46 elapsed time
Statistics on the network after iteration 289 (MF = 107.353050)
	Number of nodes: 27919
	Number of allocated nodes: 28672
	Number of edges: 205965
	Maximum in degree: 585 (node 27517)
	Maximum out degree: 497 (node 7314)
	source 637 (node 7314) with out degree 497
	target 1010 (node 27517) with in degree 585

Execution time and memory used at after iteration 290 (MF = 107.280961): 7.167620e+03 seconds, 253956096 bytes of memory usage, 435268 kB of memory peak and 01:59:30 elapsed time
Statistics on the network after iteration 290 (MF = 107.280961)
	Number of nodes: 27919
	Number of allocated nodes: 28672
	Number of edges: 205965
	Maximum in degree: 585 (node 27517)
	Maximum out degree: 497 (node 7314)
	source 637 (node 7314) with out degree 497
	target 1010 (node 27517) with in degree 585

Execution time and memory used at after iteration 291 (MF = 107.280961): 7.211480e+03 seconds, 253956096 bytes of memory usage, 435688 kB of memory peak and 02:00:14 elapsed time
Statistics on the network after iteration 291 (MF = 107.280961)
	Number of nodes: 27919
	Number of allocated nodes: 28672
	Number of edges: 205965
	Maximum in degree: 585 (node 27517)
	Maximum out degree: 497 (node 7314)
	source 637 (node 7314) with out degree 497
	target 1010 (node 27517) with in degree 585

Execution time and memory used at after iteration 292 (MF = 107.280961): 7.256290e+03 seconds, 254164992 bytes of memory usage, 436112 kB of memory peak and 02:00:59 elapsed time
Statistics on the network after iteration 292 (MF = 107.280961)
	Number of nodes: 27919
	Number of allocated nodes: 28672
	Number of edges: 205965
	Maximum in degree: 585 (node 27517)
	Maximum out degree: 497 (node 7314)
	source 637 (node 7314) with out degree 497
	target 1010 (node 27517) with in degree 585

Execution time and memory used at after iteration 293 (MF = 107.280961): 7.300440e+03 seconds, 255610880 bytes of memory usage, 436524 kB of memory peak and 02:01:43 elapsed time
Statistics on the network after iteration 293 (MF = 107.280961)
	Number of nodes: 27919
	Number of allocated nodes: 28672
	Number of edges: 205965
	Maximum in degree: 585 (node 27517)
	Maximum out degree: 497 (node 7314)
	source 637 (node 7314) with out degree 497
	target 1010 (node 27517) with in degree 585

Execution time and memory used at after iteration 294 (MF = 107.280961): 7.344540e+03 seconds, 255610880 bytes of memory usage, 436940 kB of memory peak and 02:02:27 elapsed time
Statistics on the network after iteration 294 (MF = 107.280961)
	Number of nodes: 27919
	Number of allocated nodes: 28672
	Number of edges: 205965
	Maximum in degree: 585 (node 27517)
	Maximum out degree: 497 (node 7314)
	source 637 (node 7314) with out degree 497
	target 1010 (node 27517) with in degree 585

Execution time and memory used at after iteration 295 (MF = 107.280961): 7.388810e+03 seconds, 255610880 bytes of memory usage, 437360 kB of memory peak and 02:03:11 elapsed time
Statistics on the network after iteration 295 (MF = 107.280961)
	Number of nodes: 27919
	Number of allocated nodes: 28672
	Number of edges: 205965
	Maximum in degree: 585 (node 27517)
	Maximum out degree: 497 (node 7314)
	source 637 (node 7314) with out degree 497
	target 1010 (node 27517) with in degree 585

Execution time and memory used at after iteration 296 (MF = 107.353050): 7.433640e+03 seconds, 255610880 bytes of memory usage, 437760 kB of memory peak and 02:03:56 elapsed time
Statistics on the network after iteration 296 (MF = 107.353050)
	Number of nodes: 27919
	Number of allocated nodes: 28672
	Number of edges: 205965
	Maximum in degree: 585 (node 27517)
	Maximum out degree: 497 (node 7314)
	source 637 (node 7314) with out degree 497
	target 1010 (node 27517) with in degree 585

Execution time and memory used at after iteration 297 (MF = 107.280961): 7.478680e+03 seconds, 255610880 bytes of memory usage, 438196 kB of memory peak and 02:04:41 elapsed time
Statistics on the network after iteration 297 (MF = 107.280961)
	Number of nodes: 27919
	Number of allocated nodes: 28672
	Number of edges: 205965
	Maximum in degree: 585 (node 27517)
	Maximum out degree: 497 (node 7314)
	source 637 (node 7314) with out degree 497
	target 1010 (node 27517) with in degree 585

Execution time and memory used at after iteration 298 (MF = 107.280961): 7.523310e+03 seconds, 255610880 bytes of memory usage, 438596 kB of memory peak and 02:05:26 elapsed time
Statistics on the network after iteration 298 (MF = 107.280961)
	Number of nodes: 27919
	Number of allocated nodes: 28672
	Number of edges: 205965
	Maximum in degree: 585 (node 27517)
	Maximum out degree: 497 (node 7314)
	source 637 (node 7314) with out degree 497
	target 1010 (node 27517) with in degree 585

Execution time and memory used at after iteration 299 (MF = 107.280961): 7.567970e+03 seconds, 255610880 bytes of memory usage, 439000 kB of memory peak and 02:06:10 elapsed time
Statistics on the network after iteration 299 (MF = 107.280961)
	Number of nodes: 27919
	Number of allocated nodes: 28672
	Number of edges: 205965
	Maximum in degree: 585 (node 27517)
	Maximum out degree: 497 (node 7314)
	source 637 (node 7314) with out degree 497
	target 1010 (node 27517) with in degree 585

Execution time and memory used at after iteration 300 (MF = 107.280961): 7.612660e+03 seconds, 255610880 bytes of memory usage, 439416 kB of memory peak and 02:06:55 elapsed time
Statistics on the network after iteration 300 (MF = 107.280961)
	Number of nodes: 27919
	Number of allocated nodes: 28672
	Number of edges: 205965
	Maximum in degree: 585 (node 27517)
	Maximum out degree: 497 (node 7314)
	source 637 (node 7314) with out degree 497
	target 1010 (node 27517) with in degree 585

Execution time and memory used at after iteration 301 (MF = 107.353050): 7.666900e+03 seconds, 255815680 bytes of memory usage, 449588 kB of memory peak and 02:07:49 elapsed time
Statistics on the network after iteration 301 (MF = 107.353050)
	Number of nodes: 27919
	Number of allocated nodes: 28672
	Number of edges: 205965
	Maximum in degree: 585 (node 27517)
	Maximum out degree: 497 (node 7314)
	source 637 (node 7314) with out degree 497
	target 1010 (node 27517) with in degree 585

Execution time and memory used at after iteration 302 (MF = 107.280961): 7.713180e+03 seconds, 256020480 bytes of memory usage, 450004 kB of memory peak and 02:08:35 elapsed time
Statistics on the network after iteration 302 (MF = 107.280961)
	Number of nodes: 27919
	Number of allocated nodes: 28672
	Number of edges: 205965
	Maximum in degree: 585 (node 27517)
	Maximum out degree: 497 (node 7314)
	source 637 (node 7314) with out degree 497
	target 1010 (node 27517) with in degree 585

Execution time and memory used at after iteration 303 (MF = 107.339187): 7.759420e+03 seconds, 256229376 bytes of memory usage, 450408 kB of memory peak and 02:09:22 elapsed time
Statistics on the network after iteration 303 (MF = 107.339187)
	Number of nodes: 27919
	Number of allocated nodes: 28672
	Number of edges: 205965
	Maximum in degree: 585 (node 27517)
	Maximum out degree: 497 (node 7314)
	source 637 (node 7314) with out degree 497
	target 1010 (node 27517) with in degree 585

Execution time and memory used at after iteration 304 (MF = 107.411275): 7.805810e+03 seconds, 257261568 bytes of memory usage, 450824 kB of memory peak and 02:10:08 elapsed time
Statistics on the network after iteration 304 (MF = 107.411275)
	Number of nodes: 27919
	Number of allocated nodes: 28672
	Number of edges: 205965
	Maximum in degree: 585 (node 27517)
	Maximum out degree: 497 (node 7314)
	source 637 (node 7314) with out degree 497
	target 1010 (node 27517) with in degree 585

Execution time and memory used at after iteration 305 (MF = 107.339187): 7.852200e+03 seconds, 257261568 bytes of memory usage, 451252 kB of memory peak and 02:10:55 elapsed time
Statistics on the network after iteration 305 (MF = 107.339187)
	Number of nodes: 27919
	Number of allocated nodes: 28672
	Number of edges: 205965
	Maximum in degree: 585 (node 27517)
	Maximum out degree: 497 (node 7314)
	source 637 (node 7314) with out degree 497
	target 1010 (node 27517) with in degree 585

Execution time and memory used at after iteration 306 (MF = 107.339187): 7.898590e+03 seconds, 257261568 bytes of memory usage, 451680 kB of memory peak and 02:11:41 elapsed time
Statistics on the network after iteration 306 (MF = 107.339187)
	Number of nodes: 27919
	Number of allocated nodes: 28672
	Number of edges: 205965
	Maximum in degree: 585 (node 27517)
	Maximum out degree: 497 (node 7314)
	source 637 (node 7314) with out degree 497
	target 1010 (node 27517) with in degree 585

Execution time and memory used at after iteration 307 (MF = 107.339187): 7.945750e+03 seconds, 257261568 bytes of memory usage, 452080 kB of memory peak and 02:12:28 elapsed time
Statistics on the network after iteration 307 (MF = 107.339187)
	Number of nodes: 27919
	Number of allocated nodes: 28672
	Number of edges: 205965
	Maximum in degree: 585 (node 27517)
	Maximum out degree: 497 (node 7314)
	source 637 (node 7314) with out degree 497
	target 1010 (node 27517) with in degree 585

Execution time and memory used at after iteration 308 (MF = 107.339187): 7.992390e+03 seconds, 257261568 bytes of memory usage, 452496 kB of memory peak and 02:13:15 elapsed time
Statistics on the network after iteration 308 (MF = 107.339187)
	Number of nodes: 27919
	Number of allocated nodes: 28672
	Number of edges: 205965
	Maximum in degree: 585 (node 27517)
	Maximum out degree: 497 (node 7314)
	source 637 (node 7314) with out degree 497
	target 1010 (node 27517) with in degree 585

Execution time and memory used at after iteration 309 (MF = 107.411275): 8.039540e+03 seconds, 257261568 bytes of memory usage, 452916 kB of memory peak and 02:14:02 elapsed time
Statistics on the network after iteration 309 (MF = 107.411275)
	Number of nodes: 27919
	Number of allocated nodes: 28672
	Number of edges: 205965
	Maximum in degree: 585 (node 27517)
	Maximum out degree: 497 (node 7314)
	source 637 (node 7314) with out degree 497
	target 1010 (node 27517) with in degree 585

Execution time and memory used at after iteration 310 (MF = 107.339187): 8.086780e+03 seconds, 257466368 bytes of memory usage, 453328 kB of memory peak and 02:14:49 elapsed time
Statistics on the network after iteration 310 (MF = 107.339187)
	Number of nodes: 27919
	Number of allocated nodes: 28672
	Number of edges: 205965
	Maximum in degree: 585 (node 27517)
	Maximum out degree: 497 (node 7314)
	source 637 (node 7314) with out degree 497
	target 1010 (node 27517) with in degree 585

Execution time and memory used at after iteration 311 (MF = 107.411275): 8.116570e+03 seconds, 257675264 bytes of memory usage, 453328 kB of memory peak and 02:15:19 elapsed time
Statistics on the network after iteration 311 (MF = 107.411275)
	Number of nodes: 27919
	Number of allocated nodes: 28672
	Number of edges: 205965
	Maximum in degree: 585 (node 27517)
	Maximum out degree: 497 (node 7314)
	source 637 (node 7314) with out degree 497
	target 1010 (node 27517) with in degree 585

Execution time and memory used at after iteration 312 (MF = 107.280961): 8.144600e+03 seconds, 257880064 bytes of memory usage, 453328 kB of memory peak and 02:15:47 elapsed time
Statistics on the network after iteration 312 (MF = 107.280961)
	Number of nodes: 27919
	Number of allocated nodes: 28672
	Number of edges: 205965
	Maximum in degree: 585 (node 27517)
	Maximum out degree: 497 (node 7314)
	source 637 (node 7314) with out degree 497
	target 1010 (node 27517) with in degree 585

Execution time and memory used at after iteration 313 (MF = 107.280961): 8.172700e+03 seconds, 257880064 bytes of memory usage, 453328 kB of memory peak and 02:16:15 elapsed time
Statistics on the network after iteration 313 (MF = 107.280961)
	Number of nodes: 27919
	Number of allocated nodes: 28672
	Number of edges: 205965
	Maximum in degree: 585 (node 27517)
	Maximum out degree: 497 (node 7314)
	source 637 (node 7314) with out degree 497
	target 1010 (node 27517) with in degree 585

Execution time and memory used at after iteration 314 (MF = 107.280961): 8.200830e+03 seconds, 258912256 bytes of memory usage, 453328 kB of memory peak and 02:16:43 elapsed time
Statistics on the network after iteration 314 (MF = 107.280961)
	Number of nodes: 27919
	Number of allocated nodes: 28672
	Number of edges: 205965
	Maximum in degree: 585 (node 27517)
	Maximum out degree: 497 (node 7314)
	source 637 (node 7314) with out degree 497
	target 1010 (node 27517) with in degree 585

Execution time and memory used at after iteration 315 (MF = 107.280961): 8.228880e+03 seconds, 258912256 bytes of memory usage, 453328 kB of memory peak and 02:17:11 elapsed time
Statistics on the network after iteration 315 (MF = 107.280961)
	Number of nodes: 27919
	Number of allocated nodes: 28672
	Number of edges: 205965
	Maximum in degree: 585 (node 27517)
	Maximum out degree: 497 (node 7314)
	source 637 (node 7314) with out degree 497
	target 1010 (node 27517) with in degree 585

Execution time and memory used at after iteration 316 (MF = 107.353050): 8.264330e+03 seconds, 258912256 bytes of memory usage, 453328 kB of memory peak and 02:17:47 elapsed time
Statistics on the network after iteration 316 (MF = 107.353050)
	Number of nodes: 27919
	Number of allocated nodes: 28672
	Number of edges: 205965
	Maximum in degree: 585 (node 27517)
	Maximum out degree: 497 (node 7314)
	source 637 (node 7314) with out degree 497
	target 1010 (node 27517) with in degree 585

Execution time and memory used at after iteration 317 (MF = 107.339187): 8.301380e+03 seconds, 258912256 bytes of memory usage, 453328 kB of memory peak and 02:18:24 elapsed time
Statistics on the network after iteration 317 (MF = 107.339187)
	Number of nodes: 27919
	Number of allocated nodes: 28672
	Number of edges: 205965
	Maximum in degree: 585 (node 27517)
	Maximum out degree: 497 (node 7314)
	source 637 (node 7314) with out degree 497
	target 1010 (node 27517) with in degree 585

Execution time and memory used at after iteration 318 (MF = 107.339187): 8.337350e+03 seconds, 258912256 bytes of memory usage, 453328 kB of memory peak and 02:19:00 elapsed time
Statistics on the network after iteration 318 (MF = 107.339187)
	Number of nodes: 27919
	Number of allocated nodes: 28672
	Number of edges: 205965
	Maximum in degree: 585 (node 27517)
	Maximum out degree: 497 (node 7314)
	source 637 (node 7314) with out degree 497
	target 1010 (node 27517) with in degree 585

Execution time and memory used at after iteration 319 (MF = 107.339187): 8.373350e+03 seconds, 259121152 bytes of memory usage, 453328 kB of memory peak and 02:19:36 elapsed time
Statistics on the network after iteration 319 (MF = 107.339187)
	Number of nodes: 27919
	Number of allocated nodes: 28672
	Number of edges: 205965
	Maximum in degree: 585 (node 27517)
	Maximum out degree: 497 (node 7314)
	source 637 (node 7314) with out degree 497
	target 1010 (node 27517) with in degree 585

Execution time and memory used at after iteration 320 (MF = 107.339187): 8.410610e+03 seconds, 259121152 bytes of memory usage, 453328 kB of memory peak and 02:20:13 elapsed time
Statistics on the network after iteration 320 (MF = 107.339187)
	Number of nodes: 27919
	Number of allocated nodes: 28672
	Number of edges: 205965
	Maximum in degree: 585 (node 27517)
	Maximum out degree: 497 (node 7314)
	source 637 (node 7314) with out degree 497
	target 1010 (node 27517) with in degree 585

Execution time and memory used at after iteration 321 (MF = 107.339187): 8.453700e+03 seconds, 259325952 bytes of memory usage, 453328 kB of memory peak and 02:20:56 elapsed time
Statistics on the network after iteration 321 (MF = 107.339187)
	Number of nodes: 27919
	Number of allocated nodes: 28672
	Number of edges: 205965
	Maximum in degree: 585 (node 27517)
	Maximum out degree: 497 (node 7314)
	source 637 (node 7314) with out degree 497
	target 1010 (node 27517) with in degree 585

Execution time and memory used at after iteration 322 (MF = 107.339187): 8.503670e+03 seconds, 259534848 bytes of memory usage, 458332 kB of memory peak and 02:21:46 elapsed time
Statistics on the network after iteration 322 (MF = 107.339187)
	Number of nodes: 27919
	Number of allocated nodes: 28672
	Number of edges: 205965
	Maximum in degree: 585 (node 27517)
	Maximum out degree: 497 (node 7314)
	source 637 (node 7314) with out degree 497
	target 1010 (node 27517) with in degree 585

Execution time and memory used at after iteration 323 (MF = 107.339187): 8.553180e+03 seconds, 259739648 bytes of memory usage, 458740 kB of memory peak and 02:22:36 elapsed time
Statistics on the network after iteration 323 (MF = 107.339187)
	Number of nodes: 27919
	Number of allocated nodes: 28672
	Number of edges: 205965
	Maximum in degree: 585 (node 27517)
	Maximum out degree: 497 (node 7314)
	source 637 (node 7314) with out degree 497
	target 1010 (node 27517) with in degree 585

Execution time and memory used at after iteration 324 (MF = 107.339187): 8.604600e+03 seconds, 260558848 bytes of memory usage, 459152 kB of memory peak and 02:23:27 elapsed time
Statistics on the network after iteration 324 (MF = 107.339187)
	Number of nodes: 27919
	Number of allocated nodes: 28672
	Number of edges: 205965
	Maximum in degree: 585 (node 27517)
	Maximum out degree: 497 (node 7314)
	source 637 (node 7314) with out degree 497
	target 1010 (node 27517) with in degree 585

Execution time and memory used at after iteration 325 (MF = 107.339187): 8.654960e+03 seconds, 260558848 bytes of memory usage, 459584 kB of memory peak and 02:24:17 elapsed time
Statistics on the network after iteration 325 (MF = 107.339187)
	Number of nodes: 27919
	Number of allocated nodes: 28672
	Number of edges: 205965
	Maximum in degree: 585 (node 27517)
	Maximum out degree: 497 (node 7314)
	source 637 (node 7314) with out degree 497
	target 1010 (node 27517) with in degree 585

Execution time and memory used at after iteration 326 (MF = 107.280961): 8.705470e+03 seconds, 260558848 bytes of memory usage, 459992 kB of memory peak and 02:25:08 elapsed time
Statistics on the network after iteration 326 (MF = 107.280961)
	Number of nodes: 27919
	Number of allocated nodes: 28672
	Number of edges: 205965
	Maximum in degree: 585 (node 27517)
	Maximum out degree: 497 (node 7314)
	source 637 (node 7314) with out degree 497
	target 1010 (node 27517) with in degree 585

Execution time and memory used at after iteration 327 (MF = 107.280961): 8.757630e+03 seconds, 260558848 bytes of memory usage, 460400 kB of memory peak and 02:26:00 elapsed time
Statistics on the network after iteration 327 (MF = 107.280961)
	Number of nodes: 27919
	Number of allocated nodes: 28672
	Number of edges: 205965
	Maximum in degree: 585 (node 27517)
	Maximum out degree: 497 (node 7314)
	source 637 (node 7314) with out degree 497
	target 1010 (node 27517) with in degree 585

Execution time and memory used at after iteration 328 (MF = 107.339187): 8.791900e+03 seconds, 260558848 bytes of memory usage, 460400 kB of memory peak and 02:26:34 elapsed time
Statistics on the network after iteration 328 (MF = 107.339187)
	Number of nodes: 27919
	Number of allocated nodes: 28672
	Number of edges: 205965
	Maximum in degree: 585 (node 27517)
	Maximum out degree: 497 (node 7314)
	source 637 (node 7314) with out degree 497
	target 1010 (node 27517) with in degree 585

Execution time and memory used at after iteration 329 (MF = 107.339187): 8.838020e+03 seconds, 260767744 bytes of memory usage, 460400 kB of memory peak and 02:27:21 elapsed time
Statistics on the network after iteration 329 (MF = 107.339187)
	Number of nodes: 27919
	Number of allocated nodes: 28672
	Number of edges: 205965
	Maximum in degree: 585 (node 27517)
	Maximum out degree: 497 (node 7314)
	source 637 (node 7314) with out degree 497
	target 1010 (node 27517) with in degree 585

Execution time and memory used at after iteration 330 (MF = 107.339187): 8.876290e+03 seconds, 260972544 bytes of memory usage, 460400 kB of memory peak and 02:27:59 elapsed time
Statistics on the network after iteration 330 (MF = 107.339187)
	Number of nodes: 27919
	Number of allocated nodes: 28672
	Number of edges: 205965
	Maximum in degree: 585 (node 27517)
	Maximum out degree: 497 (node 7314)
	source 637 (node 7314) with out degree 497
	target 1010 (node 27517) with in degree 585

Execution time and memory used at after iteration 331 (MF = 107.339187): 8.932280e+03 seconds, 261181440 bytes of memory usage, 460400 kB of memory peak and 02:28:55 elapsed time
Statistics on the network after iteration 331 (MF = 107.339187)
	Number of nodes: 27919
	Number of allocated nodes: 28672
	Number of edges: 205965
	Maximum in degree: 585 (node 27517)
	Maximum out degree: 497 (node 7314)
	source 637 (node 7314) with out degree 497
	target 1010 (node 27517) with in degree 585

Execution time and memory used at after iteration 332 (MF = 107.339187): 8.979340e+03 seconds, 261386240 bytes of memory usage, 460400 kB of memory peak and 02:29:42 elapsed time
Statistics on the network after iteration 332 (MF = 107.339187)
	Number of nodes: 27919
	Number of allocated nodes: 28672
	Number of edges: 205965
	Maximum in degree: 585 (node 27517)
	Maximum out degree: 497 (node 7314)
	source 637 (node 7314) with out degree 497
	target 1010 (node 27517) with in degree 585

Execution time and memory used at after iteration 333 (MF = 107.339187): 9.027240e+03 seconds, 261591040 bytes of memory usage, 460400 kB of memory peak and 02:30:30 elapsed time
Statistics on the network after iteration 333 (MF = 107.339187)
	Number of nodes: 27919
	Number of allocated nodes: 28672
	Number of edges: 205965
	Maximum in degree: 585 (node 27517)
	Maximum out degree: 497 (node 7314)
	source 637 (node 7314) with out degree 497
	target 1010 (node 27517) with in degree 585

Execution time and memory used at after iteration 334 (MF = 107.339187): 9.074930e+03 seconds, 261795840 bytes of memory usage, 460400 kB of memory peak and 02:31:17 elapsed time
Statistics on the network after iteration 334 (MF = 107.339187)
	Number of nodes: 27919
	Number of allocated nodes: 28672
	Number of edges: 205965
	Maximum in degree: 585 (node 27517)
	Maximum out degree: 497 (node 7314)
	source 637 (node 7314) with out degree 497
	target 1010 (node 27517) with in degree 585

Execution time and memory used at after iteration 335 (MF = 107.339187): 9.122620e+03 seconds, 261795840 bytes of memory usage, 460400 kB of memory peak and 02:32:05 elapsed time
Statistics on the network after iteration 335 (MF = 107.339187)
	Number of nodes: 27919
	Number of allocated nodes: 28672
	Number of edges: 205965
	Maximum in degree: 585 (node 27517)
	Maximum out degree: 497 (node 7314)
	source 637 (node 7314) with out degree 497
	target 1010 (node 27517) with in degree 585

Execution time and memory used at after iteration 336 (MF = 107.339187): 9.170370e+03 seconds, 262004736 bytes of memory usage, 460400 kB of memory peak and 02:32:53 elapsed time
Statistics on the network after iteration 336 (MF = 107.339187)
	Number of nodes: 27919
	Number of allocated nodes: 28672
	Number of edges: 205965
	Maximum in degree: 585 (node 27517)
	Maximum out degree: 497 (node 7314)
	source 637 (node 7314) with out degree 497
	target 1010 (node 27517) with in degree 585

Execution time and memory used at after iteration 337 (MF = 107.411275): 9.218610e+03 seconds, 262209536 bytes of memory usage, 460400 kB of memory peak and 02:33:41 elapsed time
Statistics on the network after iteration 337 (MF = 107.411275)
	Number of nodes: 27919
	Number of allocated nodes: 28672
	Number of edges: 205965
	Maximum in degree: 585 (node 27517)
	Maximum out degree: 497 (node 7314)
	source 637 (node 7314) with out degree 497
	target 1010 (node 27517) with in degree 585

Execution time and memory used at after iteration 338 (MF = 107.376155): 9.268060e+03 seconds, 262348800 bytes of memory usage, 460400 kB of memory peak and 02:34:31 elapsed time
Statistics on the network after iteration 338 (MF = 107.376155)
	Number of nodes: 27919
	Number of allocated nodes: 28672
	Number of edges: 205965
	Maximum in degree: 585 (node 27517)
	Maximum out degree: 497 (node 7314)
	source 637 (node 7314) with out degree 497
	target 1010 (node 27517) with in degree 585

Execution time and memory used at after iteration 339 (MF = 107.280961): 9.316830e+03 seconds, 262524928 bytes of memory usage, 460400 kB of memory peak and 02:35:19 elapsed time
Statistics on the network after iteration 339 (MF = 107.280961)
	Number of nodes: 27919
	Number of allocated nodes: 28672
	Number of edges: 205965
	Maximum in degree: 585 (node 27517)
	Maximum out degree: 497 (node 7314)
	source 637 (node 7314) with out degree 497
	target 1010 (node 27517) with in degree 585

Execution time and memory used at after iteration 340 (MF = 107.376155): 9.376350e+03 seconds, 262692864 bytes of memory usage, 460400 kB of memory peak and 02:36:19 elapsed time
Statistics on the network after iteration 340 (MF = 107.376155)
	Number of nodes: 27919
	Number of allocated nodes: 28672
	Number of edges: 205965
	Maximum in degree: 585 (node 27517)
	Maximum out degree: 497 (node 7314)
	source 637 (node 7314) with out degree 497
	target 1010 (node 27517) with in degree 585

Execution time and memory used at after iteration 341 (MF = 107.280961): 9.425620e+03 seconds, 262868992 bytes of memory usage, 460400 kB of memory peak and 02:37:08 elapsed time
Statistics on the network after iteration 341 (MF = 107.280961)
	Number of nodes: 27919
	Number of allocated nodes: 28672
	Number of edges: 205965
	Maximum in degree: 585 (node 27517)
	Maximum out degree: 497 (node 7314)
	source 637 (node 7314) with out degree 497
	target 1010 (node 27517) with in degree 585

Execution time and memory used at after iteration 342 (MF = 107.376155): 9.474960e+03 seconds, 263065600 bytes of memory usage, 460400 kB of memory peak and 02:37:58 elapsed time
Statistics on the network after iteration 342 (MF = 107.376155)
	Number of nodes: 27919
	Number of allocated nodes: 28672
	Number of edges: 205965
	Maximum in degree: 585 (node 27517)
	Maximum out degree: 497 (node 7314)
	source 637 (node 7314) with out degree 497
	target 1010 (node 27517) with in degree 585

Execution time and memory used at after iteration 343 (MF = 107.280961): 9.524610e+03 seconds, 263241728 bytes of memory usage, 460400 kB of memory peak and 02:38:47 elapsed time
Statistics on the network after iteration 343 (MF = 107.280961)
	Number of nodes: 27919
	Number of allocated nodes: 28672
	Number of edges: 205965
	Maximum in degree: 585 (node 27517)
	Maximum out degree: 497 (node 7314)
	source 637 (node 7314) with out degree 497
	target 1010 (node 27517) with in degree 585

Execution time and memory used at after iteration 344 (MF = 107.376155): 9.574260e+03 seconds, 263409664 bytes of memory usage, 460400 kB of memory peak and 02:39:37 elapsed time
Statistics on the network after iteration 344 (MF = 107.376155)
	Number of nodes: 27919
	Number of allocated nodes: 28672
	Number of edges: 205965
	Maximum in degree: 585 (node 27517)
	Maximum out degree: 497 (node 7314)
	source 637 (node 7314) with out degree 497
	target 1010 (node 27517) with in degree 585

Execution time and memory used at after iteration 345 (MF = 107.280961): 9.624090e+03 seconds, 263577600 bytes of memory usage, 460400 kB of memory peak and 02:40:27 elapsed time
Statistics on the network after iteration 345 (MF = 107.280961)
	Number of nodes: 27919
	Number of allocated nodes: 28672
	Number of edges: 205965
	Maximum in degree: 585 (node 27517)
	Maximum out degree: 497 (node 7314)
	source 637 (node 7314) with out degree 497
	target 1010 (node 27517) with in degree 585

Execution time and memory used at after iteration 346 (MF = 107.376155): 9.674670e+03 seconds, 263766016 bytes of memory usage, 460400 kB of memory peak and 02:41:17 elapsed time
Statistics on the network after iteration 346 (MF = 107.376155)
	Number of nodes: 27919
	Number of allocated nodes: 28672
	Number of edges: 205965
	Maximum in degree: 585 (node 27517)
	Maximum out degree: 497 (node 7314)
	source 637 (node 7314) with out degree 497
	target 1010 (node 27517) with in degree 585

Execution time and memory used at after iteration 347 (MF = 107.353050): 9.725880e+03 seconds, 263942144 bytes of memory usage, 460400 kB of memory peak and 02:42:09 elapsed time
Statistics on the network after iteration 347 (MF = 107.353050)
	Number of nodes: 27919
	Number of allocated nodes: 28672
	Number of edges: 205965
	Maximum in degree: 585 (node 27517)
	Maximum out degree: 497 (node 7314)
	source 637 (node 7314) with out degree 497
	target 1010 (node 27517) with in degree 585

Execution time and memory used at after iteration 348 (MF = 107.339187): 9.776330e+03 seconds, 264151040 bytes of memory usage, 460400 kB of memory peak and 02:42:59 elapsed time
Statistics on the network after iteration 348 (MF = 107.339187)
	Number of nodes: 27919
	Number of allocated nodes: 28672
	Number of edges: 205965
	Maximum in degree: 585 (node 27517)
	Maximum out degree: 497 (node 7314)
	source 637 (node 7314) with out degree 497
	target 1010 (node 27517) with in degree 585

Execution time and memory used at after iteration 349 (MF = 107.339187): 9.827630e+03 seconds, 264310784 bytes of memory usage, 460400 kB of memory peak and 02:43:50 elapsed time
Statistics on the network after iteration 349 (MF = 107.339187)
	Number of nodes: 27919
	Number of allocated nodes: 28672
	Number of edges: 205965
	Maximum in degree: 585 (node 27517)
	Maximum out degree: 497 (node 7314)
	source 637 (node 7314) with out degree 497
	target 1010 (node 27517) with in degree 585

Execution time and memory used at after iteration 350 (MF = 107.339187): 9.879580e+03 seconds, 264486912 bytes of memory usage, 460400 kB of memory peak and 02:44:42 elapsed time
Statistics on the network after iteration 350 (MF = 107.339187)
	Number of nodes: 27919
	Number of allocated nodes: 28672
	Number of edges: 205965
	Maximum in degree: 585 (node 27517)
	Maximum out degree: 497 (node 7314)
	source 637 (node 7314) with out degree 497
	target 1010 (node 27517) with in degree 585

Execution time and memory used at after iteration 351 (MF = 107.339187): 9.932960e+03 seconds, 264667136 bytes of memory usage, 460400 kB of memory peak and 02:45:36 elapsed time
Statistics on the network after iteration 351 (MF = 107.339187)
	Number of nodes: 27919
	Number of allocated nodes: 28672
	Number of edges: 205965
	Maximum in degree: 585 (node 27517)
	Maximum out degree: 497 (node 7314)
	source 637 (node 7314) with out degree 497
	target 1010 (node 27517) with in degree 585

Execution time and memory used at after iteration 352 (MF = 107.411275): 9.985650e+03 seconds, 264867840 bytes of memory usage, 460400 kB of memory peak and 02:46:28 elapsed time
Statistics on the network after iteration 352 (MF = 107.411275)
	Number of nodes: 27919
	Number of allocated nodes: 28672
	Number of edges: 205965
	Maximum in degree: 585 (node 27517)
	Maximum out degree: 497 (node 7314)
	source 637 (node 7314) with out degree 497
	target 1010 (node 27517) with in degree 585

Execution time and memory used at after iteration 353 (MF = 107.339187): 1.003661e+04 seconds, 265035776 bytes of memory usage, 460400 kB of memory peak and 02:47:19 elapsed time
Statistics on the network after iteration 353 (MF = 107.339187)
	Number of nodes: 27919
	Number of allocated nodes: 28672
	Number of edges: 205965
	Maximum in degree: 585 (node 27517)
	Maximum out degree: 497 (node 7314)
	source 637 (node 7314) with out degree 497
	target 1010 (node 27517) with in degree 585

Execution time and memory used at after iteration 354 (MF = 107.339187): 1.008806e+04 seconds, 265195520 bytes of memory usage, 460400 kB of memory peak and 02:48:11 elapsed time
Statistics on the network after iteration 354 (MF = 107.339187)
	Number of nodes: 27919
	Number of allocated nodes: 28672
	Number of edges: 205965
	Maximum in degree: 585 (node 27517)
	Maximum out degree: 497 (node 7314)
	source 637 (node 7314) with out degree 497
	target 1010 (node 27517) with in degree 585

Execution time and memory used at after iteration 355 (MF = 107.339187): 1.013943e+04 seconds, 265383936 bytes of memory usage, 460400 kB of memory peak and 02:49:02 elapsed time
Statistics on the network after iteration 355 (MF = 107.339187)
	Number of nodes: 27919
	Number of allocated nodes: 28672
	Number of edges: 205965
	Maximum in degree: 585 (node 27517)
	Maximum out degree: 497 (node 7314)
	source 637 (node 7314) with out degree 497
	target 1010 (node 27517) with in degree 585

Execution time and memory used at after iteration 356 (MF = 107.339187): 1.019089e+04 seconds, 265560064 bytes of memory usage, 460400 kB of memory peak and 02:49:54 elapsed time
Statistics on the network after iteration 356 (MF = 107.339187)
	Number of nodes: 27919
	Number of allocated nodes: 28672
	Number of edges: 205965
	Maximum in degree: 585 (node 27517)
	Maximum out degree: 497 (node 7314)
	source 637 (node 7314) with out degree 497
	target 1010 (node 27517) with in degree 585

Execution time and memory used at after iteration 357 (MF = 107.339187): 1.024355e+04 seconds, 265744384 bytes of memory usage, 460400 kB of memory peak and 02:50:46 elapsed time
Statistics on the network after iteration 357 (MF = 107.339187)
	Number of nodes: 27919
	Number of allocated nodes: 28672
	Number of edges: 205965
	Maximum in degree: 585 (node 27517)
	Maximum out degree: 497 (node 7314)
	source 637 (node 7314) with out degree 497
	target 1010 (node 27517) with in degree 585

Execution time and memory used at after iteration 358 (MF = 107.411275): 1.029556e+04 seconds, 265936896 bytes of memory usage, 460400 kB of memory peak and 02:51:38 elapsed time
Statistics on the network after iteration 358 (MF = 107.411275)
	Number of nodes: 27919
	Number of allocated nodes: 28672
	Number of edges: 205965
	Maximum in degree: 585 (node 27517)
	Maximum out degree: 497 (node 7314)
	source 637 (node 7314) with out degree 497
	target 1010 (node 27517) with in degree 585

Execution time and memory used at after iteration 359 (MF = 107.434381): 1.034760e+04 seconds, 266108928 bytes of memory usage, 460400 kB of memory peak and 02:52:30 elapsed time
Statistics on the network after iteration 359 (MF = 107.434381)
	Number of nodes: 27919
	Number of allocated nodes: 28672
	Number of edges: 205965
	Maximum in degree: 585 (node 27517)
	Maximum out degree: 497 (node 7314)
	source 637 (node 7314) with out degree 497
	target 1010 (node 27517) with in degree 585

Execution time and memory used at after iteration 360 (MF = 107.434381): 1.039994e+04 seconds, 266276864 bytes of memory usage, 460400 kB of memory peak and 02:53:23 elapsed time
Statistics on the network after iteration 360 (MF = 107.434381)
	Number of nodes: 27919
	Number of allocated nodes: 28672
	Number of edges: 205965
	Maximum in degree: 585 (node 27517)
	Maximum out degree: 497 (node 7314)
	source 637 (node 7314) with out degree 497
	target 1010 (node 27517) with in degree 585

Execution time and memory used at after iteration 361 (MF = 107.280961): 1.046269e+04 seconds, 266461184 bytes of memory usage, 460400 kB of memory peak and 02:54:25 elapsed time
Statistics on the network after iteration 361 (MF = 107.280961)
	Number of nodes: 27919
	Number of allocated nodes: 28672
	Number of edges: 205965
	Maximum in degree: 585 (node 27517)
	Maximum out degree: 497 (node 7314)
	source 637 (node 7314) with out degree 497
	target 1010 (node 27517) with in degree 585

Execution time and memory used at after iteration 362 (MF = 107.280961): 1.051499e+04 seconds, 266645504 bytes of memory usage, 460400 kB of memory peak and 02:55:18 elapsed time
Statistics on the network after iteration 362 (MF = 107.280961)
	Number of nodes: 27919
	Number of allocated nodes: 28672
	Number of edges: 205965
	Maximum in degree: 585 (node 27517)
	Maximum out degree: 497 (node 7314)
	source 637 (node 7314) with out degree 497
	target 1010 (node 27517) with in degree 585

Execution time and memory used at after iteration 363 (MF = 107.280961): 1.056737e+04 seconds, 266821632 bytes of memory usage, 460400 kB of memory peak and 02:56:10 elapsed time
Statistics on the network after iteration 363 (MF = 107.280961)
	Number of nodes: 27919
	Number of allocated nodes: 28672
	Number of edges: 205965
	Maximum in degree: 585 (node 27517)
	Maximum out degree: 497 (node 7314)
	source 637 (node 7314) with out degree 497
	target 1010 (node 27517) with in degree 585

Execution time and memory used at after iteration 364 (MF = 107.353050): 1.062006e+04 seconds, 267001856 bytes of memory usage, 460400 kB of memory peak and 02:57:03 elapsed time
Statistics on the network after iteration 364 (MF = 107.353050)
	Number of nodes: 27919
	Number of allocated nodes: 28672
	Number of edges: 205965
	Maximum in degree: 585 (node 27517)
	Maximum out degree: 497 (node 7314)
	source 637 (node 7314) with out degree 497
	target 1010 (node 27517) with in degree 585

Execution time and memory used at after iteration 365 (MF = 107.280961): 1.067269e+04 seconds, 267177984 bytes of memory usage, 460400 kB of memory peak and 02:57:55 elapsed time
Statistics on the network after iteration 365 (MF = 107.280961)
	Number of nodes: 27919
	Number of allocated nodes: 28672
	Number of edges: 205965
	Maximum in degree: 585 (node 27517)
	Maximum out degree: 497 (node 7314)
	source 637 (node 7314) with out degree 497
	target 1010 (node 27517) with in degree 585

Execution time and memory used at after iteration 366 (MF = 107.280961): 1.072761e+04 seconds, 267362304 bytes of memory usage, 460400 kB of memory peak and 02:58:50 elapsed time
Statistics on the network after iteration 366 (MF = 107.280961)
	Number of nodes: 27919
	Number of allocated nodes: 28672
	Number of edges: 205965
	Maximum in degree: 585 (node 27517)
	Maximum out degree: 497 (node 7314)
	source 637 (node 7314) with out degree 497
	target 1010 (node 27517) with in degree 585

Execution time and memory used at after iteration 367 (MF = 107.280961): 1.078035e+04 seconds, 267538432 bytes of memory usage, 460400 kB of memory peak and 02:59:43 elapsed time
Statistics on the network after iteration 367 (MF = 107.280961)
	Number of nodes: 27919
	Number of allocated nodes: 28672
	Number of edges: 205965
	Maximum in degree: 585 (node 27517)
	Maximum out degree: 497 (node 7314)
	source 637 (node 7314) with out degree 497
	target 1010 (node 27517) with in degree 585

Execution time and memory used at after iteration 368 (MF = 107.353050): 1.083334e+04 seconds, 267710464 bytes of memory usage, 460400 kB of memory peak and 03:00:36 elapsed time
Statistics on the network after iteration 368 (MF = 107.353050)
	Number of nodes: 27919
	Number of allocated nodes: 28672
	Number of edges: 205965
	Maximum in degree: 585 (node 27517)
	Maximum out degree: 497 (node 7314)
	source 637 (node 7314) with out degree 497
	target 1010 (node 27517) with in degree 585

Execution time and memory used at after iteration 369 (MF = 107.280961): 1.088649e+04 seconds, 267894784 bytes of memory usage, 460400 kB of memory peak and 03:01:29 elapsed time
Statistics on the network after iteration 369 (MF = 107.280961)
	Number of nodes: 27919
	Number of allocated nodes: 28672
	Number of edges: 205965
	Maximum in degree: 585 (node 27517)
	Maximum out degree: 497 (node 7314)
	source 637 (node 7314) with out degree 497
	target 1010 (node 27517) with in degree 585

Execution time and memory used at after iteration 370 (MF = 107.280961): 1.093944e+04 seconds, 268087296 bytes of memory usage, 460400 kB of memory peak and 03:02:22 elapsed time
Statistics on the network after iteration 370 (MF = 107.280961)
	Number of nodes: 27919
	Number of allocated nodes: 28672
	Number of edges: 205965
	Maximum in degree: 585 (node 27517)
	Maximum out degree: 497 (node 7314)
	source 637 (node 7314) with out degree 497
	target 1010 (node 27517) with in degree 585

Execution time and memory used at after iteration 371 (MF = 107.280961): 1.099250e+04 seconds, 268255232 bytes of memory usage, 460400 kB of memory peak and 03:03:15 elapsed time
Statistics on the network after iteration 371 (MF = 107.280961)
	Number of nodes: 27919
	Number of allocated nodes: 28672
	Number of edges: 205965
	Maximum in degree: 585 (node 27517)
	Maximum out degree: 497 (node 7314)
	source 637 (node 7314) with out degree 497
	target 1010 (node 27517) with in degree 585

Execution time and memory used at after iteration 372 (MF = 107.280961): 1.104568e+04 seconds, 268427264 bytes of memory usage, 460400 kB of memory peak and 03:04:08 elapsed time
Statistics on the network after iteration 372 (MF = 107.280961)
	Number of nodes: 27919
	Number of allocated nodes: 28672
	Number of edges: 205965
	Maximum in degree: 585 (node 27517)
	Maximum out degree: 497 (node 7314)
	source 637 (node 7314) with out degree 497
	target 1010 (node 27517) with in degree 585

Execution time and memory used at after iteration 373 (MF = 107.280961): 1.109910e+04 seconds, 268619776 bytes of memory usage, 460400 kB of memory peak and 03:05:02 elapsed time
Statistics on the network after iteration 373 (MF = 107.280961)
	Number of nodes: 27919
	Number of allocated nodes: 28672
	Number of edges: 205965
	Maximum in degree: 585 (node 27517)
	Maximum out degree: 497 (node 7314)
	source 637 (node 7314) with out degree 497
	target 1010 (node 27517) with in degree 585

Execution time and memory used at after iteration 374 (MF = 107.280961): 1.115250e+04 seconds, 268795904 bytes of memory usage, 460600 kB of memory peak and 03:05:55 elapsed time
Statistics on the network after iteration 374 (MF = 107.280961)
	Number of nodes: 27919
	Number of allocated nodes: 28672
	Number of edges: 205965
	Maximum in degree: 585 (node 27517)
	Maximum out degree: 497 (node 7314)
	source 637 (node 7314) with out degree 497
	target 1010 (node 27517) with in degree 585

Execution time and memory used at after iteration 375 (MF = 107.353050): 1.120601e+04 seconds, 268972032 bytes of memory usage, 461172 kB of memory peak and 03:06:49 elapsed time
Statistics on the network after iteration 375 (MF = 107.353050)
	Number of nodes: 27919
	Number of allocated nodes: 28672
	Number of edges: 205965
	Maximum in degree: 585 (node 27517)
	Maximum out degree: 497 (node 7314)
	source 637 (node 7314) with out degree 497
	target 1010 (node 27517) with in degree 585

Execution time and memory used at after iteration 376 (MF = 107.280961): 1.125964e+04 seconds, 269156352 bytes of memory usage, 461340 kB of memory peak and 03:07:42 elapsed time
Statistics on the network after iteration 376 (MF = 107.280961)
	Number of nodes: 27919
	Number of allocated nodes: 28672
	Number of edges: 205965
	Maximum in degree: 585 (node 27517)
	Maximum out degree: 497 (node 7314)
	source 637 (node 7314) with out degree 497
	target 1010 (node 27517) with in degree 585

Execution time and memory used at after iteration 377 (MF = 107.280961): 1.131338e+04 seconds, 269336576 bytes of memory usage, 461716 kB of memory peak and 03:08:36 elapsed time
Statistics on the network after iteration 377 (MF = 107.280961)
	Number of nodes: 27919
	Number of allocated nodes: 28672
	Number of edges: 205965
	Maximum in degree: 585 (node 27517)
	Maximum out degree: 497 (node 7314)
	source 637 (node 7314) with out degree 497
	target 1010 (node 27517) with in degree 585

Execution time and memory used at after iteration 378 (MF = 107.280961): 1.136724e+04 seconds, 269520896 bytes of memory usage, 462288 kB of memory peak and 03:09:30 elapsed time
Statistics on the network after iteration 378 (MF = 107.280961)
	Number of nodes: 27919
	Number of allocated nodes: 28672
	Number of edges: 205965
	Maximum in degree: 585 (node 27517)
	Maximum out degree: 497 (node 7314)
	source 637 (node 7314) with out degree 497
	target 1010 (node 27517) with in degree 585

Execution time and memory used at after iteration 379 (MF = 107.280961): 1.142180e+04 seconds, 269680640 bytes of memory usage, 462656 kB of memory peak and 03:10:25 elapsed time
Statistics on the network after iteration 379 (MF = 107.280961)
	Number of nodes: 27919
	Number of allocated nodes: 28672
	Number of edges: 205965
	Maximum in degree: 585 (node 27517)
	Maximum out degree: 497 (node 7314)
	source 637 (node 7314) with out degree 497
	target 1010 (node 27517) with in degree 585

Execution time and memory used at after iteration 380 (MF = 107.353050): 1.147826e+04 seconds, 269873152 bytes of memory usage, 463236 kB of memory peak and 03:11:21 elapsed time
Statistics on the network after iteration 380 (MF = 107.353050)
	Number of nodes: 27919
	Number of allocated nodes: 28672
	Number of edges: 205965
	Maximum in degree: 585 (node 27517)
	Maximum out degree: 497 (node 7314)
	source 637 (node 7314) with out degree 497
	target 1010 (node 27517) with in degree 585

Execution time and memory used at after iteration 381 (MF = 107.280961): 1.153448e+04 seconds, 270045184 bytes of memory usage, 463400 kB of memory peak and 03:12:17 elapsed time
Statistics on the network after iteration 381 (MF = 107.280961)
	Number of nodes: 27919
	Number of allocated nodes: 28672
	Number of edges: 205965
	Maximum in degree: 585 (node 27517)
	Maximum out degree: 497 (node 7314)
	source 637 (node 7314) with out degree 497
	target 1010 (node 27517) with in degree 585

Execution time and memory used at after iteration 382 (MF = 107.280961): 1.158895e+04 seconds, 270229504 bytes of memory usage, 463772 kB of memory peak and 03:13:12 elapsed time
Statistics on the network after iteration 382 (MF = 107.280961)
	Number of nodes: 27919
	Number of allocated nodes: 28672
	Number of edges: 205965
	Maximum in degree: 585 (node 27517)
	Maximum out degree: 497 (node 7314)
	source 637 (node 7314) with out degree 497
	target 1010 (node 27517) with in degree 585

Execution time and memory used at after iteration 383 (MF = 107.353050): 1.164550e+04 seconds, 270405632 bytes of memory usage, 464340 kB of memory peak and 03:14:08 elapsed time
Statistics on the network after iteration 383 (MF = 107.353050)
	Number of nodes: 27919
	Number of allocated nodes: 28672
	Number of edges: 205965
	Maximum in degree: 585 (node 27517)
	Maximum out degree: 497 (node 7314)
	source 637 (node 7314) with out degree 497
	target 1010 (node 27517) with in degree 585

Execution time and memory used at after iteration 384 (MF = 107.353050): 1.170101e+04 seconds, 270589952 bytes of memory usage, 464716 kB of memory peak and 03:15:04 elapsed time
Statistics on the network after iteration 384 (MF = 107.353050)
	Number of nodes: 27919
	Number of allocated nodes: 28672
	Number of edges: 205965
	Maximum in degree: 585 (node 27517)
	Maximum out degree: 497 (node 7314)
	source 637 (node 7314) with out degree 497
	target 1010 (node 27517) with in degree 585

Execution time and memory used at after iteration 385 (MF = 107.434381): 1.175581e+04 seconds, 270761984 bytes of memory usage, 465280 kB of memory peak and 03:15:59 elapsed time
Statistics on the network after iteration 385 (MF = 107.434381)
	Number of nodes: 27919
	Number of allocated nodes: 28672
	Number of edges: 205965
	Maximum in degree: 585 (node 27517)
	Maximum out degree: 497 (node 7314)
	source 637 (node 7314) with out degree 497
	target 1010 (node 27517) with in degree 585

Execution time and memory used at after iteration 386 (MF = 107.434381): 1.181228e+04 seconds, 270962688 bytes of memory usage, 485052 kB of memory peak and 03:16:55 elapsed time
Statistics on the network after iteration 386 (MF = 107.434381)
	Number of nodes: 27919
	Number of allocated nodes: 28672
	Number of edges: 205965
	Maximum in degree: 585 (node 27517)
	Maximum out degree: 497 (node 7314)
	source 637 (node 7314) with out degree 497
	target 1010 (node 27517) with in degree 585

Execution time and memory used at after iteration 387 (MF = 107.434381): 1.186888e+04 seconds, 271122432 bytes of memory usage, 485456 kB of memory peak and 03:17:52 elapsed time
Statistics on the network after iteration 387 (MF = 107.434381)
	Number of nodes: 27919
	Number of allocated nodes: 28672
	Number of edges: 205965
	Maximum in degree: 585 (node 27517)
	Maximum out degree: 497 (node 7314)
	source 637 (node 7314) with out degree 497
	target 1010 (node 27517) with in degree 585

Execution time and memory used at after iteration 388 (MF = 107.434381): 1.192573e+04 seconds, 271298560 bytes of memory usage, 485864 kB of memory peak and 03:18:49 elapsed time
Statistics on the network after iteration 388 (MF = 107.434381)
	Number of nodes: 27919
	Number of allocated nodes: 28672
	Number of edges: 205965
	Maximum in degree: 585 (node 27517)
	Maximum out degree: 497 (node 7314)
	source 637 (node 7314) with out degree 497
	target 1010 (node 27517) with in degree 585

Execution time and memory used at after iteration 389 (MF = 107.434381): 1.198491e+04 seconds, 271478784 bytes of memory usage, 486272 kB of memory peak and 03:19:48 elapsed time
Statistics on the network after iteration 389 (MF = 107.434381)
	Number of nodes: 27919
	Number of allocated nodes: 28672
	Number of edges: 205965
	Maximum in degree: 585 (node 27517)
	Maximum out degree: 497 (node 7314)
	source 637 (node 7314) with out degree 497
	target 1010 (node 27517) with in degree 585

Execution time and memory used at after iteration 390 (MF = 107.434381): 1.204210e+04 seconds, 271679488 bytes of memory usage, 486708 kB of memory peak and 03:20:45 elapsed time
Statistics on the network after iteration 390 (MF = 107.434381)
	Number of nodes: 27919
	Number of allocated nodes: 28672
	Number of edges: 205965
	Maximum in degree: 585 (node 27517)
	Maximum out degree: 497 (node 7314)
	source 637 (node 7314) with out degree 497
	target 1010 (node 27517) with in degree 585

Execution time and memory used at after iteration 391 (MF = 107.434381): 1.209937e+04 seconds, 271839232 bytes of memory usage, 487108 kB of memory peak and 03:21:42 elapsed time
Statistics on the network after iteration 391 (MF = 107.434381)
	Number of nodes: 27919
	Number of allocated nodes: 28672
	Number of edges: 205965
	Maximum in degree: 585 (node 27517)
	Maximum out degree: 497 (node 7314)
	source 637 (node 7314) with out degree 497
	target 1010 (node 27517) with in degree 585

Execution time and memory used at after iteration 392 (MF = 107.434381): 1.215880e+04 seconds, 272015360 bytes of memory usage, 487516 kB of memory peak and 03:22:42 elapsed time
Statistics on the network after iteration 392 (MF = 107.434381)
	Number of nodes: 27919
	Number of allocated nodes: 28672
	Number of edges: 205965
	Maximum in degree: 585 (node 27517)
	Maximum out degree: 497 (node 7314)
	source 637 (node 7314) with out degree 497
	target 1010 (node 27517) with in degree 585

Execution time and memory used at after iteration 393 (MF = 107.376155): 1.221797e+04 seconds, 272195584 bytes of memory usage, 487928 kB of memory peak and 03:23:41 elapsed time
Statistics on the network after iteration 393 (MF = 107.376155)
	Number of nodes: 27919
	Number of allocated nodes: 28672
	Number of edges: 205965
	Maximum in degree: 585 (node 27517)
	Maximum out degree: 497 (node 7314)
	source 637 (node 7314) with out degree 497
	target 1010 (node 27517) with in degree 585

Execution time and memory used at after iteration 394 (MF = 107.376155): 1.227720e+04 seconds, 272379904 bytes of memory usage, 488348 kB of memory peak and 03:24:40 elapsed time
Statistics on the network after iteration 394 (MF = 107.376155)
	Number of nodes: 27919
	Number of allocated nodes: 28672
	Number of edges: 205965
	Maximum in degree: 585 (node 27517)
	Maximum out degree: 497 (node 7314)
	source 637 (node 7314) with out degree 497
	target 1010 (node 27517) with in degree 585

Execution time and memory used at after iteration 395 (MF = 107.376155): 1.234356e+04 seconds, 272564224 bytes of memory usage, 488772 kB of memory peak and 03:25:47 elapsed time
Statistics on the network after iteration 395 (MF = 107.376155)
	Number of nodes: 27919
	Number of allocated nodes: 28672
	Number of edges: 205965
	Maximum in degree: 585 (node 27517)
	Maximum out degree: 497 (node 7314)
	source 637 (node 7314) with out degree 497
	target 1010 (node 27517) with in degree 585

Execution time and memory used at after iteration 396 (MF = 107.376155): 1.240318e+04 seconds, 272732160 bytes of memory usage, 489176 kB of memory peak and 03:26:46 elapsed time
Statistics on the network after iteration 396 (MF = 107.376155)
	Number of nodes: 27919
	Number of allocated nodes: 28672
	Number of edges: 205965
	Maximum in degree: 585 (node 27517)
	Maximum out degree: 497 (node 7314)
	source 637 (node 7314) with out degree 497
	target 1010 (node 27517) with in degree 585

Execution time and memory used at after iteration 397 (MF = 107.376155): 1.246270e+04 seconds, 272904192 bytes of memory usage, 489584 kB of memory peak and 03:27:46 elapsed time
Statistics on the network after iteration 397 (MF = 107.376155)
	Number of nodes: 27919
	Number of allocated nodes: 28672
	Number of edges: 205965
	Maximum in degree: 585 (node 27517)
	Maximum out degree: 497 (node 7314)
	source 637 (node 7314) with out degree 497
	target 1010 (node 27517) with in degree 585

Execution time and memory used at after iteration 398 (MF = 107.376155): 1.252282e+04 seconds, 273080320 bytes of memory usage, 490008 kB of memory peak and 03:28:46 elapsed time
Statistics on the network after iteration 398 (MF = 107.376155)
	Number of nodes: 27919
	Number of allocated nodes: 28672
	Number of edges: 205965
	Maximum in degree: 585 (node 27517)
	Maximum out degree: 497 (node 7314)
	source 637 (node 7314) with out degree 497
	target 1010 (node 27517) with in degree 585

Execution time and memory used at after iteration 399 (MF = 107.376155): 1.258313e+04 seconds, 250658816 bytes of memory usage, 490420 kB of memory peak and 03:29:46 elapsed time
Statistics on the network after iteration 399 (MF = 107.376155)
	Number of nodes: 27919
	Number of allocated nodes: 28672
	Number of edges: 205965
	Maximum in degree: 585 (node 27517)
	Maximum out degree: 497 (node 7314)
	source 637 (node 7314) with out degree 497
	target 1010 (node 27517) with in degree 585

Execution time and memory used at after iteration 400 (MF = 107.376155): 1.264353e+04 seconds, 250658816 bytes of memory usage, 490836 kB of memory peak and 03:30:47 elapsed time
Statistics on the network after iteration 400 (MF = 107.376155)
	Number of nodes: 27919
	Number of allocated nodes: 28672
	Number of edges: 205965
	Maximum in degree: 585 (node 27517)
	Maximum out degree: 497 (node 7314)
	source 637 (node 7314) with out degree 497
	target 1010 (node 27517) with in degree 585

Execution time and memory used at after iteration 401 (MF = 107.376155): 1.270427e+04 seconds, 250658816 bytes of memory usage, 491284 kB of memory peak and 03:31:47 elapsed time
Statistics on the network after iteration 401 (MF = 107.376155)
	Number of nodes: 27919
	Number of allocated nodes: 28672
	Number of edges: 205965
	Maximum in degree: 585 (node 27517)
	Maximum out degree: 497 (node 7314)
	source 637 (node 7314) with out degree 497
	target 1010 (node 27517) with in degree 585

Execution time and memory used at after iteration 402 (MF = 107.434381): 1.276543e+04 seconds, 250658816 bytes of memory usage, 491708 kB of memory peak and 03:32:48 elapsed time
Statistics on the network after iteration 402 (MF = 107.434381)
	Number of nodes: 27919
	Number of allocated nodes: 28672
	Number of edges: 205965
	Maximum in degree: 585 (node 27517)
	Maximum out degree: 497 (node 7314)
	source 637 (node 7314) with out degree 497
	target 1010 (node 27517) with in degree 585

Execution time and memory used at after iteration 403 (MF = 107.434381): 1.282670e+04 seconds, 250658816 bytes of memory usage, 492112 kB of memory peak and 03:33:50 elapsed time
Statistics on the network after iteration 403 (MF = 107.434381)
	Number of nodes: 27919
	Number of allocated nodes: 28672
	Number of edges: 205965
	Maximum in degree: 585 (node 27517)
	Maximum out degree: 497 (node 7314)
	source 637 (node 7314) with out degree 497
	target 1010 (node 27517) with in degree 585

Execution time and memory used at after iteration 404 (MF = 107.434381): 1.288805e+04 seconds, 250658816 bytes of memory usage, 492536 kB of memory peak and 03:34:51 elapsed time
Statistics on the network after iteration 404 (MF = 107.434381)
	Number of nodes: 27919
	Number of allocated nodes: 28672
	Number of edges: 205965
	Maximum in degree: 585 (node 27517)
	Maximum out degree: 497 (node 7314)
	source 637 (node 7314) with out degree 497
	target 1010 (node 27517) with in degree 585

Execution time and memory used at after iteration 405 (MF = 107.434381): 1.294950e+04 seconds, 250658816 bytes of memory usage, 492964 kB of memory peak and 03:35:53 elapsed time
Statistics on the network after iteration 405 (MF = 107.434381)
	Number of nodes: 27919
	Number of allocated nodes: 28672
	Number of edges: 205965
	Maximum in degree: 585 (node 27517)
	Maximum out degree: 497 (node 7314)
	source 637 (node 7314) with out degree 497
	target 1010 (node 27517) with in degree 585

Execution time and memory used at after iteration 406 (MF = 107.434381): 1.301118e+04 seconds, 250658816 bytes of memory usage, 493384 kB of memory peak and 03:36:54 elapsed time
Statistics on the network after iteration 406 (MF = 107.434381)
	Number of nodes: 27919
	Number of allocated nodes: 28672
	Number of edges: 205965
	Maximum in degree: 585 (node 27517)
	Maximum out degree: 497 (node 7314)
	source 637 (node 7314) with out degree 497
	target 1010 (node 27517) with in degree 585

Execution time and memory used at after iteration 407 (MF = 107.339187): 1.307301e+04 seconds, 250658816 bytes of memory usage, 493808 kB of memory peak and 03:37:56 elapsed time
Statistics on the network after iteration 407 (MF = 107.339187)
	Number of nodes: 27919
	Number of allocated nodes: 28672
	Number of edges: 205965
	Maximum in degree: 585 (node 27517)
	Maximum out degree: 497 (node 7314)
	source 637 (node 7314) with out degree 497
	target 1010 (node 27517) with in degree 585

Execution time and memory used at after iteration 408 (MF = 107.339187): 1.313495e+04 seconds, 250658816 bytes of memory usage, 494220 kB of memory peak and 03:38:58 elapsed time
Statistics on the network after iteration 408 (MF = 107.339187)
	Number of nodes: 27919
	Number of allocated nodes: 28672
	Number of edges: 205965
	Maximum in degree: 585 (node 27517)
	Maximum out degree: 497 (node 7314)
	source 637 (node 7314) with out degree 497
	target 1010 (node 27517) with in degree 585

Execution time and memory used at after iteration 409 (MF = 107.434381): 1.319690e+04 seconds, 250658816 bytes of memory usage, 494628 kB of memory peak and 03:40:00 elapsed time
Statistics on the network after iteration 409 (MF = 107.434381)
	Number of nodes: 27919
	Number of allocated nodes: 28672
	Number of edges: 205965
	Maximum in degree: 585 (node 27517)
	Maximum out degree: 497 (node 7314)
	source 637 (node 7314) with out degree 497
	target 1010 (node 27517) with in degree 585

Execution time and memory used at after iteration 410 (MF = 107.434381): 1.325900e+04 seconds, 250658816 bytes of memory usage, 495056 kB of memory peak and 03:41:02 elapsed time
Statistics on the network after iteration 410 (MF = 107.434381)
	Number of nodes: 27919
	Number of allocated nodes: 28672
	Number of edges: 205965
	Maximum in degree: 585 (node 27517)
	Maximum out degree: 497 (node 7314)
	source 637 (node 7314) with out degree 497
	target 1010 (node 27517) with in degree 585

Execution time and memory used at after iteration 411 (MF = 107.434381): 1.332116e+04 seconds, 250658816 bytes of memory usage, 495476 kB of memory peak and 03:42:04 elapsed time
Statistics on the network after iteration 411 (MF = 107.434381)
	Number of nodes: 27919
	Number of allocated nodes: 28672
	Number of edges: 205965
	Maximum in degree: 585 (node 27517)
	Maximum out degree: 497 (node 7314)
	source 637 (node 7314) with out degree 497
	target 1010 (node 27517) with in degree 585

Execution time and memory used at after iteration 412 (MF = 107.434381): 1.338334e+04 seconds, 250658816 bytes of memory usage, 495868 kB of memory peak and 03:43:07 elapsed time
Statistics on the network after iteration 412 (MF = 107.434381)
	Number of nodes: 27919
	Number of allocated nodes: 28672
	Number of edges: 205965
	Maximum in degree: 585 (node 27517)
	Maximum out degree: 497 (node 7314)
	source 637 (node 7314) with out degree 497
	target 1010 (node 27517) with in degree 585

Execution time and memory used at after iteration 413 (MF = 107.434381): 1.344576e+04 seconds, 250658816 bytes of memory usage, 496296 kB of memory peak and 03:44:09 elapsed time
Statistics on the network after iteration 413 (MF = 107.434381)
	Number of nodes: 27919
	Number of allocated nodes: 28672
	Number of edges: 205965
	Maximum in degree: 585 (node 27517)
	Maximum out degree: 497 (node 7314)
	source 637 (node 7314) with out degree 497
	target 1010 (node 27517) with in degree 585

Execution time and memory used at after iteration 414 (MF = 107.434381): 1.350856e+04 seconds, 250658816 bytes of memory usage, 496720 kB of memory peak and 03:45:12 elapsed time
Statistics on the network after iteration 414 (MF = 107.434381)
	Number of nodes: 27919
	Number of allocated nodes: 28672
	Number of edges: 205965
	Maximum in degree: 585 (node 27517)
	Maximum out degree: 497 (node 7314)
	source 637 (node 7314) with out degree 497
	target 1010 (node 27517) with in degree 585

Execution time and memory used at after iteration 415 (MF = 107.434381): 1.357128e+04 seconds, 250658816 bytes of memory usage, 497148 kB of memory peak and 03:46:14 elapsed time
Statistics on the network after iteration 415 (MF = 107.434381)
	Number of nodes: 27919
	Number of allocated nodes: 28672
	Number of edges: 205965
	Maximum in degree: 585 (node 27517)
	Maximum out degree: 497 (node 7314)
	source 637 (node 7314) with out degree 497
	target 1010 (node 27517) with in degree 585

Execution time and memory used at after iteration 416 (MF = 107.434381): 1.363430e+04 seconds, 250658816 bytes of memory usage, 497548 kB of memory peak and 03:47:18 elapsed time
Statistics on the network after iteration 416 (MF = 107.434381)
	Number of nodes: 27919
	Number of allocated nodes: 28672
	Number of edges: 205965
	Maximum in degree: 585 (node 27517)
	Maximum out degree: 497 (node 7314)
	source 637 (node 7314) with out degree 497
	target 1010 (node 27517) with in degree 585

Execution time and memory used at after iteration 417 (MF = 107.434381): 1.369734e+04 seconds, 250658816 bytes of memory usage, 497968 kB of memory peak and 03:48:21 elapsed time
Statistics on the network after iteration 417 (MF = 107.434381)
	Number of nodes: 27919
	Number of allocated nodes: 28672
	Number of edges: 205965
	Maximum in degree: 585 (node 27517)
	Maximum out degree: 497 (node 7314)
	source 637 (node 7314) with out degree 497
	target 1010 (node 27517) with in degree 585

Execution time and memory used at after iteration 418 (MF = 107.434381): 1.376065e+04 seconds, 250658816 bytes of memory usage, 498392 kB of memory peak and 03:49:24 elapsed time
Statistics on the network after iteration 418 (MF = 107.434381)
	Number of nodes: 27919
	Number of allocated nodes: 28672
	Number of edges: 205965
	Maximum in degree: 585 (node 27517)
	Maximum out degree: 497 (node 7314)
	source 637 (node 7314) with out degree 497
	target 1010 (node 27517) with in degree 585

Execution time and memory used at after iteration 419 (MF = 107.339187): 1.382406e+04 seconds, 250658816 bytes of memory usage, 498800 kB of memory peak and 03:50:27 elapsed time
Statistics on the network after iteration 419 (MF = 107.339187)
	Number of nodes: 27919
	Number of allocated nodes: 28672
	Number of edges: 205965
	Maximum in degree: 585 (node 27517)
	Maximum out degree: 497 (node 7314)
	source 637 (node 7314) with out degree 497
	target 1010 (node 27517) with in degree 585

Execution time and memory used at after iteration 420 (MF = 107.339187): 1.388746e+04 seconds, 250658816 bytes of memory usage, 499212 kB of memory peak and 03:51:31 elapsed time
Statistics on the network after iteration 420 (MF = 107.339187)
	Number of nodes: 27919
	Number of allocated nodes: 28672
	Number of edges: 205965
	Maximum in degree: 585 (node 27517)
	Maximum out degree: 497 (node 7314)
	source 637 (node 7314) with out degree 497
	target 1010 (node 27517) with in degree 585

Execution time and memory used at after iteration 421 (MF = 107.339187): 1.395108e+04 seconds, 250658816 bytes of memory usage, 499628 kB of memory peak and 03:52:34 elapsed time
Statistics on the network after iteration 421 (MF = 107.339187)
	Number of nodes: 27919
	Number of allocated nodes: 28672
	Number of edges: 205965
	Maximum in degree: 585 (node 27517)
	Maximum out degree: 497 (node 7314)
	source 637 (node 7314) with out degree 497
	target 1010 (node 27517) with in degree 585

Execution time and memory used at after iteration 422 (MF = 107.339187): 1.401469e+04 seconds, 250658816 bytes of memory usage, 500040 kB of memory peak and 03:53:38 elapsed time
Statistics on the network after iteration 422 (MF = 107.339187)
	Number of nodes: 27919
	Number of allocated nodes: 28672
	Number of edges: 205965
	Maximum in degree: 585 (node 27517)
	Maximum out degree: 497 (node 7314)
	source 637 (node 7314) with out degree 497
	target 1010 (node 27517) with in degree 585

Execution time and memory used at after iteration 423 (MF = 107.339187): 1.407839e+04 seconds, 250658816 bytes of memory usage, 500440 kB of memory peak and 03:54:42 elapsed time
Statistics on the network after iteration 423 (MF = 107.339187)
	Number of nodes: 27919
	Number of allocated nodes: 28672
	Number of edges: 205965
	Maximum in degree: 585 (node 27517)
	Maximum out degree: 497 (node 7314)
	source 637 (node 7314) with out degree 497
	target 1010 (node 27517) with in degree 585

Execution time and memory used at after iteration 424 (MF = 107.339187): 1.414223e+04 seconds, 250658816 bytes of memory usage, 500872 kB of memory peak and 03:55:46 elapsed time
Statistics on the network after iteration 424 (MF = 107.339187)
	Number of nodes: 27919
	Number of allocated nodes: 28672
	Number of edges: 205965
	Maximum in degree: 585 (node 27517)
	Maximum out degree: 497 (node 7314)
	source 637 (node 7314) with out degree 497
	target 1010 (node 27517) with in degree 585

Execution time and memory used at after iteration 425 (MF = 107.339187): 1.420611e+04 seconds, 250658816 bytes of memory usage, 501284 kB of memory peak and 03:56:49 elapsed time
Statistics on the network after iteration 425 (MF = 107.339187)
	Number of nodes: 27919
	Number of allocated nodes: 28672
	Number of edges: 205965
	Maximum in degree: 585 (node 27517)
	Maximum out degree: 497 (node 7314)
	source 637 (node 7314) with out degree 497
	target 1010 (node 27517) with in degree 585

Execution time and memory used at after iteration 426 (MF = 107.339187): 1.427018e+04 seconds, 250658816 bytes of memory usage, 501700 kB of memory peak and 03:57:53 elapsed time
Statistics on the network after iteration 426 (MF = 107.339187)
	Number of nodes: 27919
	Number of allocated nodes: 28672
	Number of edges: 205965
	Maximum in degree: 585 (node 27517)
	Maximum out degree: 497 (node 7314)
	source 637 (node 7314) with out degree 497
	target 1010 (node 27517) with in degree 585

Execution time and memory used at after iteration 427 (MF = 107.339187): 1.433426e+04 seconds, 250658816 bytes of memory usage, 502128 kB of memory peak and 03:58:58 elapsed time
Statistics on the network after iteration 427 (MF = 107.339187)
	Number of nodes: 27919
	Number of allocated nodes: 28672
	Number of edges: 205965
	Maximum in degree: 585 (node 27517)
	Maximum out degree: 497 (node 7314)
	source 637 (node 7314) with out degree 497
	target 1010 (node 27517) with in degree 585

Execution time and memory used at after iteration 428 (MF = 107.339187): 1.439857e+04 seconds, 250658816 bytes of memory usage, 502544 kB of memory peak and 04:00:02 elapsed time
Statistics on the network after iteration 428 (MF = 107.339187)
	Number of nodes: 27919
	Number of allocated nodes: 28672
	Number of edges: 205965
	Maximum in degree: 585 (node 27517)
	Maximum out degree: 497 (node 7314)
	source 637 (node 7314) with out degree 497
	target 1010 (node 27517) with in degree 585

Execution time and memory used at after iteration 429 (MF = 107.339187): 1.446286e+04 seconds, 250658816 bytes of memory usage, 502956 kB of memory peak and 04:01:06 elapsed time
Statistics on the network after iteration 429 (MF = 107.339187)
	Number of nodes: 27919
	Number of allocated nodes: 28672
	Number of edges: 205965
	Maximum in degree: 585 (node 27517)
	Maximum out degree: 497 (node 7314)
	source 637 (node 7314) with out degree 497
	target 1010 (node 27517) with in degree 585

Execution time and memory used at after iteration 430 (MF = 107.339187): 1.452730e+04 seconds, 250658816 bytes of memory usage, 503372 kB of memory peak and 04:02:11 elapsed time
Statistics on the network after iteration 430 (MF = 107.339187)
	Number of nodes: 27919
	Number of allocated nodes: 28672
	Number of edges: 205965
	Maximum in degree: 585 (node 27517)
	Maximum out degree: 497 (node 7314)
	source 637 (node 7314) with out degree 497
	target 1010 (node 27517) with in degree 585

Execution time and memory used at after iteration 431 (MF = 107.339187): 1.459176e+04 seconds, 250658816 bytes of memory usage, 503784 kB of memory peak and 04:03:15 elapsed time
Statistics on the network after iteration 431 (MF = 107.339187)
	Number of nodes: 27919
	Number of allocated nodes: 28672
	Number of edges: 205965
	Maximum in degree: 585 (node 27517)
	Maximum out degree: 497 (node 7314)
	source 637 (node 7314) with out degree 497
	target 1010 (node 27517) with in degree 585

Execution time and memory used at after iteration 432 (MF = 107.339187): 1.465637e+04 seconds, 250658816 bytes of memory usage, 504200 kB of memory peak and 04:04:20 elapsed time
Statistics on the network after iteration 432 (MF = 107.339187)
	Number of nodes: 27919
	Number of allocated nodes: 28672
	Number of edges: 205965
	Maximum in degree: 585 (node 27517)
	Maximum out degree: 497 (node 7314)
	source 637 (node 7314) with out degree 497
	target 1010 (node 27517) with in degree 585

Execution time and memory used at after iteration 433 (MF = 107.280961): 1.472112e+04 seconds, 250658816 bytes of memory usage, 504620 kB of memory peak and 04:05:24 elapsed time
Statistics on the network after iteration 433 (MF = 107.280961)
	Number of nodes: 27919
	Number of allocated nodes: 28672
	Number of edges: 205965
	Maximum in degree: 585 (node 27517)
	Maximum out degree: 497 (node 7314)
	source 637 (node 7314) with out degree 497
	target 1010 (node 27517) with in degree 585

Execution time and memory used at after iteration 434 (MF = 107.280961): 1.478606e+04 seconds, 250658816 bytes of memory usage, 505044 kB of memory peak and 04:06:29 elapsed time
Statistics on the network after iteration 434 (MF = 107.280961)
	Number of nodes: 27919
	Number of allocated nodes: 28672
	Number of edges: 205965
	Maximum in degree: 585 (node 27517)
	Maximum out degree: 497 (node 7314)
	source 637 (node 7314) with out degree 497
	target 1010 (node 27517) with in degree 585

Execution time and memory used at after iteration 435 (MF = 107.280961): 1.485090e+04 seconds, 250658816 bytes of memory usage, 505452 kB of memory peak and 04:07:34 elapsed time
Statistics on the network after iteration 435 (MF = 107.280961)
	Number of nodes: 27919
	Number of allocated nodes: 28672
	Number of edges: 205965
	Maximum in degree: 585 (node 27517)
	Maximum out degree: 497 (node 7314)
	source 637 (node 7314) with out degree 497
	target 1010 (node 27517) with in degree 585

Execution time and memory used at after iteration 436 (MF = 107.280961): 1.491576e+04 seconds, 250658816 bytes of memory usage, 505864 kB of memory peak and 04:08:39 elapsed time
Statistics on the network after iteration 436 (MF = 107.280961)
	Number of nodes: 27919
	Number of allocated nodes: 28672
	Number of edges: 205965
	Maximum in degree: 585 (node 27517)
	Maximum out degree: 497 (node 7314)
	source 637 (node 7314) with out degree 497
	target 1010 (node 27517) with in degree 585

Execution time and memory used at after iteration 437 (MF = 107.280961): 1.498073e+04 seconds, 250658816 bytes of memory usage, 506292 kB of memory peak and 04:09:44 elapsed time
Statistics on the network after iteration 437 (MF = 107.280961)
	Number of nodes: 27919
	Number of allocated nodes: 28672
	Number of edges: 205965
	Maximum in degree: 585 (node 27517)
	Maximum out degree: 497 (node 7314)
	source 637 (node 7314) with out degree 497
	target 1010 (node 27517) with in degree 585

Execution time and memory used at after iteration 438 (MF = 107.353050): 1.504590e+04 seconds, 250658816 bytes of memory usage, 506728 kB of memory peak and 04:10:49 elapsed time
Statistics on the network after iteration 438 (MF = 107.353050)
	Number of nodes: 27919
	Number of allocated nodes: 28672
	Number of edges: 205965
	Maximum in degree: 585 (node 27517)
	Maximum out degree: 497 (node 7314)
	source 637 (node 7314) with out degree 497
	target 1010 (node 27517) with in degree 585

Execution time and memory used at after iteration 439 (MF = 107.339187): 1.511117e+04 seconds, 250658816 bytes of memory usage, 507100 kB of memory peak and 04:11:55 elapsed time
Statistics on the network after iteration 439 (MF = 107.339187)
	Number of nodes: 27919
	Number of allocated nodes: 28672
	Number of edges: 205965
	Maximum in degree: 585 (node 27517)
	Maximum out degree: 497 (node 7314)
	source 637 (node 7314) with out degree 497
	target 1010 (node 27517) with in degree 585

Execution time and memory used at after iteration 440 (MF = 107.339187): 1.517663e+04 seconds, 250658816 bytes of memory usage, 507672 kB of memory peak and 04:13:00 elapsed time
Statistics on the network after iteration 440 (MF = 107.339187)
	Number of nodes: 27919
	Number of allocated nodes: 28672
	Number of edges: 205965
	Maximum in degree: 585 (node 27517)
	Maximum out degree: 497 (node 7314)
	source 637 (node 7314) with out degree 497
	target 1010 (node 27517) with in degree 585

Execution time and memory used at after iteration 441 (MF = 107.339187): 1.524210e+04 seconds, 250658816 bytes of memory usage, 508064 kB of memory peak and 04:14:06 elapsed time
Statistics on the network after iteration 441 (MF = 107.339187)
	Number of nodes: 27919
	Number of allocated nodes: 28672
	Number of edges: 205965
	Maximum in degree: 585 (node 27517)
	Maximum out degree: 497 (node 7314)
	source 637 (node 7314) with out degree 497
	target 1010 (node 27517) with in degree 585

Execution time and memory used at after iteration 442 (MF = 107.339187): 1.532556e+04 seconds, 250658816 bytes of memory usage, 508388 kB of memory peak and 04:15:29 elapsed time
Statistics on the network after iteration 442 (MF = 107.339187)
	Number of nodes: 27919
	Number of allocated nodes: 28672
	Number of edges: 205965
	Maximum in degree: 585 (node 27517)
	Maximum out degree: 497 (node 7314)
	source 637 (node 7314) with out degree 497
	target 1010 (node 27517) with in degree 585

Execution time and memory used at after iteration 443 (MF = 107.339187): 1.539123e+04 seconds, 250658816 bytes of memory usage, 508848 kB of memory peak and 04:16:35 elapsed time
Statistics on the network after iteration 443 (MF = 107.339187)
	Number of nodes: 27919
	Number of allocated nodes: 28672
	Number of edges: 205965
	Maximum in degree: 585 (node 27517)
	Maximum out degree: 497 (node 7314)
	source 637 (node 7314) with out degree 497
	target 1010 (node 27517) with in degree 585

Execution time and memory used at after iteration 444 (MF = 107.411275): 1.545739e+04 seconds, 250658816 bytes of memory usage, 509224 kB of memory peak and 04:17:41 elapsed time
Statistics on the network after iteration 444 (MF = 107.411275)
	Number of nodes: 27919
	Number of allocated nodes: 28672
	Number of edges: 205965
	Maximum in degree: 585 (node 27517)
	Maximum out degree: 497 (node 7314)
	source 637 (node 7314) with out degree 497
	target 1010 (node 27517) with in degree 585

Execution time and memory used at after iteration 445 (MF = 107.280961): 1.552360e+04 seconds, 250658816 bytes of memory usage, 509600 kB of memory peak and 04:18:47 elapsed time
Statistics on the network after iteration 445 (MF = 107.280961)
	Number of nodes: 27919
	Number of allocated nodes: 28672
	Number of edges: 205965
	Maximum in degree: 585 (node 27517)
	Maximum out degree: 497 (node 7314)
	source 637 (node 7314) with out degree 497
	target 1010 (node 27517) with in degree 585

Execution time and memory used at after iteration 446 (MF = 107.280961): 1.558971e+04 seconds, 250658816 bytes of memory usage, 510184 kB of memory peak and 04:19:53 elapsed time
Statistics on the network after iteration 446 (MF = 107.280961)
	Number of nodes: 27919
	Number of allocated nodes: 28672
	Number of edges: 205965
	Maximum in degree: 585 (node 27517)
	Maximum out degree: 497 (node 7314)
	source 637 (node 7314) with out degree 497
	target 1010 (node 27517) with in degree 585

Execution time and memory used at after iteration 447 (MF = 107.280961): 1.566028e+04 seconds, 250658816 bytes of memory usage, 510748 kB of memory peak and 04:21:04 elapsed time
Statistics on the network after iteration 447 (MF = 107.280961)
	Number of nodes: 27919
	Number of allocated nodes: 28672
	Number of edges: 205965
	Maximum in degree: 585 (node 27517)
	Maximum out degree: 497 (node 7314)
	source 637 (node 7314) with out degree 497
	target 1010 (node 27517) with in degree 585

Execution time and memory used at after iteration 448 (MF = 107.339187): 1.573034e+04 seconds, 250658816 bytes of memory usage, 510936 kB of memory peak and 04:22:14 elapsed time
Statistics on the network after iteration 448 (MF = 107.339187)
	Number of nodes: 27919
	Number of allocated nodes: 28672
	Number of edges: 205965
	Maximum in degree: 585 (node 27517)
	Maximum out degree: 497 (node 7314)
	source 637 (node 7314) with out degree 497
	target 1010 (node 27517) with in degree 585

Execution time and memory used at after iteration 449 (MF = 107.339187): 1.580051e+04 seconds, 250658816 bytes of memory usage, 511316 kB of memory peak and 04:23:24 elapsed time
Statistics on the network after iteration 449 (MF = 107.339187)
	Number of nodes: 27919
	Number of allocated nodes: 28672
	Number of edges: 205965
	Maximum in degree: 585 (node 27517)
	Maximum out degree: 497 (node 7314)
	source 637 (node 7314) with out degree 497
	target 1010 (node 27517) with in degree 585

Execution time and memory used at after iteration 450 (MF = 107.339187): 1.587071e+04 seconds, 250658816 bytes of memory usage, 511680 kB of memory peak and 04:24:34 elapsed time
Statistics on the network after iteration 450 (MF = 107.339187)
	Number of nodes: 27919
	Number of allocated nodes: 28672
	Number of edges: 205965
	Maximum in degree: 585 (node 27517)
	Maximum out degree: 497 (node 7314)
	source 637 (node 7314) with out degree 497
	target 1010 (node 27517) with in degree 585

Execution time and memory used at after iteration 451 (MF = 107.280961): 1.595237e+04 seconds, 250658816 bytes of memory usage, 512260 kB of memory peak and 04:25:56 elapsed time
Statistics on the network after iteration 451 (MF = 107.280961)
	Number of nodes: 27919
	Number of allocated nodes: 28672
	Number of edges: 205965
	Maximum in degree: 585 (node 27517)
	Maximum out degree: 497 (node 7314)
	source 637 (node 7314) with out degree 497
	target 1010 (node 27517) with in degree 585

Execution time and memory used at after iteration 452 (MF = 107.353050): 1.603445e+04 seconds, 250658816 bytes of memory usage, 512852 kB of memory peak and 04:27:18 elapsed time
Statistics on the network after iteration 452 (MF = 107.353050)
	Number of nodes: 27919
	Number of allocated nodes: 28672
	Number of edges: 205965
	Maximum in degree: 585 (node 27517)
	Maximum out degree: 497 (node 7314)
	source 637 (node 7314) with out degree 497
	target 1010 (node 27517) with in degree 585

Execution time and memory used at after iteration 453 (MF = 107.339187): 1.611337e+04 seconds, 250658816 bytes of memory usage, 513028 kB of memory peak and 04:28:37 elapsed time
Statistics on the network after iteration 453 (MF = 107.339187)
	Number of nodes: 27919
	Number of allocated nodes: 28672
	Number of edges: 205965
	Maximum in degree: 585 (node 27517)
	Maximum out degree: 497 (node 7314)
	source 637 (node 7314) with out degree 497
	target 1010 (node 27517) with in degree 585

Execution time and memory used at after iteration 454 (MF = 107.339187): 1.619238e+04 seconds, 250658816 bytes of memory usage, 513404 kB of memory peak and 04:29:56 elapsed time
Statistics on the network after iteration 454 (MF = 107.339187)
	Number of nodes: 27919
	Number of allocated nodes: 28672
	Number of edges: 205965
	Maximum in degree: 585 (node 27517)
	Maximum out degree: 497 (node 7314)
	source 637 (node 7314) with out degree 497
	target 1010 (node 27517) with in degree 585

Execution time and memory used at after iteration 455 (MF = 107.411275): 1.626270e+04 seconds, 250658816 bytes of memory usage, 513808 kB of memory peak and 04:31:06 elapsed time
Statistics on the network after iteration 455 (MF = 107.411275)
	Number of nodes: 27919
	Number of allocated nodes: 28672
	Number of edges: 205965
	Maximum in degree: 585 (node 27517)
	Maximum out degree: 497 (node 7314)
	source 637 (node 7314) with out degree 497
	target 1010 (node 27517) with in degree 585

Execution time and memory used at after iteration 456 (MF = 107.376155): 1.633855e+04 seconds, 250658816 bytes of memory usage, 514380 kB of memory peak and 04:32:22 elapsed time
Statistics on the network after iteration 456 (MF = 107.376155)
	Number of nodes: 27919
	Number of allocated nodes: 28672
	Number of edges: 205965
	Maximum in degree: 585 (node 27517)
	Maximum out degree: 497 (node 7314)
	source 637 (node 7314) with out degree 497
	target 1010 (node 27517) with in degree 585

Execution time and memory used at after iteration 457 (MF = 107.376155): 1.641207e+04 seconds, 250658816 bytes of memory usage, 514980 kB of memory peak and 04:33:36 elapsed time
Statistics on the network after iteration 457 (MF = 107.376155)
	Number of nodes: 27919
	Number of allocated nodes: 28672
	Number of edges: 205965
	Maximum in degree: 585 (node 27517)
	Maximum out degree: 497 (node 7314)
	source 637 (node 7314) with out degree 497
	target 1010 (node 27517) with in degree 585

Execution time and memory used at after iteration 458 (MF = 107.376155): 1.648431e+04 seconds, 250658816 bytes of memory usage, 515152 kB of memory peak and 04:34:48 elapsed time
Statistics on the network after iteration 458 (MF = 107.376155)
	Number of nodes: 27919
	Number of allocated nodes: 28672
	Number of edges: 205965
	Maximum in degree: 585 (node 27517)
	Maximum out degree: 497 (node 7314)
	source 637 (node 7314) with out degree 497
	target 1010 (node 27517) with in degree 585

Execution time and memory used at after iteration 459 (MF = 107.376155): 1.656080e+04 seconds, 250658816 bytes of memory usage, 515532 kB of memory peak and 04:36:04 elapsed time
Statistics on the network after iteration 459 (MF = 107.376155)
	Number of nodes: 27919
	Number of allocated nodes: 28672
	Number of edges: 205965
	Maximum in degree: 585 (node 27517)
	Maximum out degree: 497 (node 7314)
	source 637 (node 7314) with out degree 497
	target 1010 (node 27517) with in degree 585

Execution time and memory used at after iteration 460 (MF = 107.376155): 1.663415e+04 seconds, 250658816 bytes of memory usage, 515920 kB of memory peak and 04:37:18 elapsed time
Statistics on the network after iteration 460 (MF = 107.376155)
	Number of nodes: 27919
	Number of allocated nodes: 28672
	Number of edges: 205965
	Maximum in degree: 585 (node 27517)
	Maximum out degree: 497 (node 7314)
	source 637 (node 7314) with out degree 497
	target 1010 (node 27517) with in degree 585

Execution time and memory used at after iteration 461 (MF = 107.376155): 1.670654e+04 seconds, 250658816 bytes of memory usage, 516512 kB of memory peak and 04:38:30 elapsed time
Statistics on the network after iteration 461 (MF = 107.376155)
	Number of nodes: 27919
	Number of allocated nodes: 28672
	Number of edges: 205965
	Maximum in degree: 585 (node 27517)
	Maximum out degree: 497 (node 7314)
	source 637 (node 7314) with out degree 497
	target 1010 (node 27517) with in degree 585

Execution time and memory used at after iteration 462 (MF = 107.376155): 1.677906e+04 seconds, 250658816 bytes of memory usage, 517076 kB of memory peak and 04:39:43 elapsed time
Statistics on the network after iteration 462 (MF = 107.376155)
	Number of nodes: 27919
	Number of allocated nodes: 28672
	Number of edges: 205965
	Maximum in degree: 585 (node 27517)
	Maximum out degree: 497 (node 7314)
	source 637 (node 7314) with out degree 497
	target 1010 (node 27517) with in degree 585

Execution time and memory used at after iteration 463 (MF = 107.339187): 1.685183e+04 seconds, 250658816 bytes of memory usage, 517252 kB of memory peak and 04:40:55 elapsed time
Statistics on the network after iteration 463 (MF = 107.339187)
	Number of nodes: 27919
	Number of allocated nodes: 28672
	Number of edges: 205965
	Maximum in degree: 585 (node 27517)
	Maximum out degree: 497 (node 7314)
	source 637 (node 7314) with out degree 497
	target 1010 (node 27517) with in degree 585

Execution time and memory used at after iteration 464 (MF = 107.339187): 1.692458e+04 seconds, 250658816 bytes of memory usage, 517632 kB of memory peak and 04:42:08 elapsed time
Statistics on the network after iteration 464 (MF = 107.339187)
	Number of nodes: 27919
	Number of allocated nodes: 28672
	Number of edges: 205965
	Maximum in degree: 585 (node 27517)
	Maximum out degree: 497 (node 7314)
	source 637 (node 7314) with out degree 497
	target 1010 (node 27517) with in degree 585

Execution time and memory used at after iteration 465 (MF = 107.339187): 1.699580e+04 seconds, 250658816 bytes of memory usage, 517996 kB of memory peak and 04:43:19 elapsed time
Statistics on the network after iteration 465 (MF = 107.339187)
	Number of nodes: 27919
	Number of allocated nodes: 28672
	Number of edges: 205965
	Maximum in degree: 585 (node 27517)
	Maximum out degree: 497 (node 7314)
	source 637 (node 7314) with out degree 497
	target 1010 (node 27517) with in degree 585

Execution time and memory used at after iteration 466 (MF = 107.339187): 1.706704e+04 seconds, 250658816 bytes of memory usage, 518580 kB of memory peak and 04:44:31 elapsed time
Statistics on the network after iteration 466 (MF = 107.339187)
	Number of nodes: 27919
	Number of allocated nodes: 28672
	Number of edges: 205965
	Maximum in degree: 585 (node 27517)
	Maximum out degree: 497 (node 7314)
	source 637 (node 7314) with out degree 497
	target 1010 (node 27517) with in degree 585

Execution time and memory used at after iteration 467 (MF = 107.434381): 1.714007e+04 seconds, 250658816 bytes of memory usage, 518764 kB of memory peak and 04:45:44 elapsed time
Statistics on the network after iteration 467 (MF = 107.434381)
	Number of nodes: 27919
	Number of allocated nodes: 28672
	Number of edges: 205965
	Maximum in degree: 585 (node 27517)
	Maximum out degree: 497 (node 7314)
	source 637 (node 7314) with out degree 497
	target 1010 (node 27517) with in degree 585

Execution time and memory used at after iteration 468 (MF = 107.434381): 1.721322e+04 seconds, 250658816 bytes of memory usage, 519340 kB of memory peak and 04:46:57 elapsed time
Statistics on the network after iteration 468 (MF = 107.434381)
	Number of nodes: 27919
	Number of allocated nodes: 28672
	Number of edges: 205965
	Maximum in degree: 585 (node 27517)
	Maximum out degree: 497 (node 7314)
	source 637 (node 7314) with out degree 497
	target 1010 (node 27517) with in degree 585

Execution time and memory used at after iteration 469 (MF = 107.339187): 1.728646e+04 seconds, 250658816 bytes of memory usage, 519712 kB of memory peak and 04:48:10 elapsed time
Statistics on the network after iteration 469 (MF = 107.339187)
	Number of nodes: 27919
	Number of allocated nodes: 28672
	Number of edges: 205965
	Maximum in degree: 585 (node 27517)
	Maximum out degree: 497 (node 7314)
	source 637 (node 7314) with out degree 497
	target 1010 (node 27517) with in degree 585

Execution time and memory used at after iteration 470 (MF = 107.280961): 1.735921e+04 seconds, 250658816 bytes of memory usage, 520100 kB of memory peak and 04:49:23 elapsed time
Statistics on the network after iteration 470 (MF = 107.280961)
	Number of nodes: 27919
	Number of allocated nodes: 28672
	Number of edges: 205965
	Maximum in degree: 585 (node 27517)
	Maximum out degree: 497 (node 7314)
	source 637 (node 7314) with out degree 497
	target 1010 (node 27517) with in degree 585

Execution time and memory used at after iteration 471 (MF = 107.280961): 1.743155e+04 seconds, 250658816 bytes of memory usage, 520688 kB of memory peak and 04:50:35 elapsed time
Statistics on the network after iteration 471 (MF = 107.280961)
	Number of nodes: 27919
	Number of allocated nodes: 28672
	Number of edges: 205965
	Maximum in degree: 585 (node 27517)
	Maximum out degree: 497 (node 7314)
	source 637 (node 7314) with out degree 497
	target 1010 (node 27517) with in degree 585

Execution time and memory used at after iteration 472 (MF = 107.280961): 1.750388e+04 seconds, 250658816 bytes of memory usage, 520860 kB of memory peak and 04:51:48 elapsed time
Statistics on the network after iteration 472 (MF = 107.280961)
	Number of nodes: 27919
	Number of allocated nodes: 28672
	Number of edges: 205965
	Maximum in degree: 585 (node 27517)
	Maximum out degree: 497 (node 7314)
	source 637 (node 7314) with out degree 497
	target 1010 (node 27517) with in degree 585

Execution time and memory used at after iteration 473 (MF = 107.280961): 1.757085e+04 seconds, 250658816 bytes of memory usage, 530712 kB of memory peak and 04:52:55 elapsed time
Statistics on the network after iteration 473 (MF = 107.280961)
	Number of nodes: 27919
	Number of allocated nodes: 28672
	Number of edges: 205965
	Maximum in degree: 585 (node 27517)
	Maximum out degree: 497 (node 7314)
	source 637 (node 7314) with out degree 497
	target 1010 (node 27517) with in degree 585

Execution time and memory used at after iteration 474 (MF = 107.280961): 1.763805e+04 seconds, 250658816 bytes of memory usage, 531116 kB of memory peak and 04:54:02 elapsed time
Statistics on the network after iteration 474 (MF = 107.280961)
	Number of nodes: 27919
	Number of allocated nodes: 28672
	Number of edges: 205965
	Maximum in degree: 585 (node 27517)
	Maximum out degree: 497 (node 7314)
	source 637 (node 7314) with out degree 497
	target 1010 (node 27517) with in degree 585

Execution time and memory used at after iteration 475 (MF = 107.280961): 1.770535e+04 seconds, 250658816 bytes of memory usage, 531540 kB of memory peak and 04:55:09 elapsed time
Statistics on the network after iteration 475 (MF = 107.280961)
	Number of nodes: 27919
	Number of allocated nodes: 28672
	Number of edges: 205965
	Maximum in degree: 585 (node 27517)
	Maximum out degree: 497 (node 7314)
	source 637 (node 7314) with out degree 497
	target 1010 (node 27517) with in degree 585

Execution time and memory used at after iteration 476 (MF = 107.280961): 1.777317e+04 seconds, 250658816 bytes of memory usage, 531964 kB of memory peak and 04:56:17 elapsed time
Statistics on the network after iteration 476 (MF = 107.280961)
	Number of nodes: 27919
	Number of allocated nodes: 28672
	Number of edges: 205965
	Maximum in degree: 585 (node 27517)
	Maximum out degree: 497 (node 7314)
	source 637 (node 7314) with out degree 497
	target 1010 (node 27517) with in degree 585

Execution time and memory used at after iteration 477 (MF = 107.280961): 1.784055e+04 seconds, 250658816 bytes of memory usage, 532380 kB of memory peak and 04:57:24 elapsed time
Statistics on the network after iteration 477 (MF = 107.280961)
	Number of nodes: 27919
	Number of allocated nodes: 28672
	Number of edges: 205965
	Maximum in degree: 585 (node 27517)
	Maximum out degree: 497 (node 7314)
	source 637 (node 7314) with out degree 497
	target 1010 (node 27517) with in degree 585

Execution time and memory used at after iteration 478 (MF = 107.280961): 1.790919e+04 seconds, 250658816 bytes of memory usage, 532788 kB of memory peak and 04:58:33 elapsed time
Statistics on the network after iteration 478 (MF = 107.280961)
	Number of nodes: 27919
	Number of allocated nodes: 28672
	Number of edges: 205965
	Maximum in degree: 585 (node 27517)
	Maximum out degree: 497 (node 7314)
	source 637 (node 7314) with out degree 497
	target 1010 (node 27517) with in degree 585

Execution time and memory used at after iteration 479 (MF = 107.280961): 1.797683e+04 seconds, 250658816 bytes of memory usage, 533200 kB of memory peak and 04:59:41 elapsed time
Statistics on the network after iteration 479 (MF = 107.280961)
	Number of nodes: 27919
	Number of allocated nodes: 28672
	Number of edges: 205965
	Maximum in degree: 585 (node 27517)
	Maximum out degree: 497 (node 7314)
	source 637 (node 7314) with out degree 497
	target 1010 (node 27517) with in degree 585

Execution time and memory used at after iteration 480 (MF = 107.280961): 1.804893e+04 seconds, 250658816 bytes of memory usage, 533608 kB of memory peak and 05:00:53 elapsed time
Statistics on the network after iteration 480 (MF = 107.280961)
	Number of nodes: 27919
	Number of allocated nodes: 28672
	Number of edges: 205965
	Maximum in degree: 585 (node 27517)
	Maximum out degree: 497 (node 7314)
	source 637 (node 7314) with out degree 497
	target 1010 (node 27517) with in degree 585

Execution time and memory used at after iteration 481 (MF = 107.339187): 1.812396e+04 seconds, 250658816 bytes of memory usage, 534016 kB of memory peak and 05:02:08 elapsed time
Statistics on the network after iteration 481 (MF = 107.339187)
	Number of nodes: 27919
	Number of allocated nodes: 28672
	Number of edges: 205965
	Maximum in degree: 585 (node 27517)
	Maximum out degree: 497 (node 7314)
	source 637 (node 7314) with out degree 497
	target 1010 (node 27517) with in degree 585

Execution time and memory used at after iteration 482 (MF = 107.339187): 1.820213e+04 seconds, 250658816 bytes of memory usage, 534424 kB of memory peak and 05:03:26 elapsed time
Statistics on the network after iteration 482 (MF = 107.339187)
	Number of nodes: 27919
	Number of allocated nodes: 28672
	Number of edges: 205965
	Maximum in degree: 585 (node 27517)
	Maximum out degree: 497 (node 7314)
	source 637 (node 7314) with out degree 497
	target 1010 (node 27517) with in degree 585

Execution time and memory used at after iteration 483 (MF = 107.339187): 1.827720e+04 seconds, 250658816 bytes of memory usage, 534864 kB of memory peak and 05:04:41 elapsed time
Statistics on the network after iteration 483 (MF = 107.339187)
	Number of nodes: 27919
	Number of allocated nodes: 28672
	Number of edges: 205965
	Maximum in degree: 585 (node 27517)
	Maximum out degree: 497 (node 7314)
	source 637 (node 7314) with out degree 497
	target 1010 (node 27517) with in degree 585

Execution time and memory used at after iteration 484 (MF = 107.339187): 1.834944e+04 seconds, 250658816 bytes of memory usage, 535264 kB of memory peak and 05:05:53 elapsed time
Statistics on the network after iteration 484 (MF = 107.339187)
	Number of nodes: 27919
	Number of allocated nodes: 28672
	Number of edges: 205965
	Maximum in degree: 585 (node 27517)
	Maximum out degree: 497 (node 7314)
	source 637 (node 7314) with out degree 497
	target 1010 (node 27517) with in degree 585

Execution time and memory used at after iteration 485 (MF = 107.339187): 1.842492e+04 seconds, 250658816 bytes of memory usage, 535680 kB of memory peak and 05:07:09 elapsed time
Statistics on the network after iteration 485 (MF = 107.339187)
	Number of nodes: 27919
	Number of allocated nodes: 28672
	Number of edges: 205965
	Maximum in degree: 585 (node 27517)
	Maximum out degree: 497 (node 7314)
	source 637 (node 7314) with out degree 497
	target 1010 (node 27517) with in degree 585

Execution time and memory used at after iteration 486 (MF = 107.339187): 1.849718e+04 seconds, 250658816 bytes of memory usage, 536096 kB of memory peak and 05:08:21 elapsed time
Statistics on the network after iteration 486 (MF = 107.339187)
	Number of nodes: 27919
	Number of allocated nodes: 28672
	Number of edges: 205965
	Maximum in degree: 585 (node 27517)
	Maximum out degree: 497 (node 7314)
	source 637 (node 7314) with out degree 497
	target 1010 (node 27517) with in degree 585

Execution time and memory used at after iteration 487 (MF = 107.339187): 1.856950e+04 seconds, 250658816 bytes of memory usage, 536512 kB of memory peak and 05:09:33 elapsed time
Statistics on the network after iteration 487 (MF = 107.339187)
	Number of nodes: 27919
	Number of allocated nodes: 28672
	Number of edges: 205965
	Maximum in degree: 585 (node 27517)
	Maximum out degree: 497 (node 7314)
	source 637 (node 7314) with out degree 497
	target 1010 (node 27517) with in degree 585

Execution time and memory used at after iteration 488 (MF = 107.339187): 1.863913e+04 seconds, 250658816 bytes of memory usage, 536932 kB of memory peak and 05:10:43 elapsed time
Statistics on the network after iteration 488 (MF = 107.339187)
	Number of nodes: 27919
	Number of allocated nodes: 28672
	Number of edges: 205965
	Maximum in degree: 585 (node 27517)
	Maximum out degree: 497 (node 7314)
	source 637 (node 7314) with out degree 497
	target 1010 (node 27517) with in degree 585

Execution time and memory used at after iteration 489 (MF = 107.376155): 1.871211e+04 seconds, 250658816 bytes of memory usage, 537348 kB of memory peak and 05:11:56 elapsed time
Statistics on the network after iteration 489 (MF = 107.376155)
	Number of nodes: 27919
	Number of allocated nodes: 28672
	Number of edges: 205965
	Maximum in degree: 585 (node 27517)
	Maximum out degree: 497 (node 7314)
	source 637 (node 7314) with out degree 497
	target 1010 (node 27517) with in degree 585

Execution time and memory used at after iteration 490 (MF = 107.376155): 1.878510e+04 seconds, 250658816 bytes of memory usage, 537772 kB of memory peak and 05:13:09 elapsed time
Statistics on the network after iteration 490 (MF = 107.376155)
	Number of nodes: 27919
	Number of allocated nodes: 28672
	Number of edges: 205965
	Maximum in degree: 585 (node 27517)
	Maximum out degree: 497 (node 7314)
	source 637 (node 7314) with out degree 497
	target 1010 (node 27517) with in degree 585

Execution time and memory used at after iteration 491 (MF = 107.376155): 1.886013e+04 seconds, 250658816 bytes of memory usage, 538172 kB of memory peak and 05:14:24 elapsed time
Statistics on the network after iteration 491 (MF = 107.376155)
	Number of nodes: 27919
	Number of allocated nodes: 28672
	Number of edges: 205965
	Maximum in degree: 585 (node 27517)
	Maximum out degree: 497 (node 7314)
	source 637 (node 7314) with out degree 497
	target 1010 (node 27517) with in degree 585

Execution time and memory used at after iteration 492 (MF = 107.339187): 1.893562e+04 seconds, 250658816 bytes of memory usage, 538596 kB of memory peak and 05:15:39 elapsed time
Statistics on the network after iteration 492 (MF = 107.339187)
	Number of nodes: 27919
	Number of allocated nodes: 28672
	Number of edges: 205965
	Maximum in degree: 585 (node 27517)
	Maximum out degree: 497 (node 7314)
	source 637 (node 7314) with out degree 497
	target 1010 (node 27517) with in degree 585

Execution time and memory used at after iteration 493 (MF = 107.353050): 1.900727e+04 seconds, 250658816 bytes of memory usage, 539016 kB of memory peak and 05:16:51 elapsed time
Statistics on the network after iteration 493 (MF = 107.353050)
	Number of nodes: 27919
	Number of allocated nodes: 28672
	Number of edges: 205965
	Maximum in degree: 585 (node 27517)
	Maximum out degree: 497 (node 7314)
	source 637 (node 7314) with out degree 497
	target 1010 (node 27517) with in degree 585

Execution time and memory used at after iteration 494 (MF = 107.376155): 1.908268e+04 seconds, 250658816 bytes of memory usage, 539440 kB of memory peak and 05:18:07 elapsed time
Statistics on the network after iteration 494 (MF = 107.376155)
	Number of nodes: 27919
	Number of allocated nodes: 28672
	Number of edges: 205965
	Maximum in degree: 585 (node 27517)
	Maximum out degree: 497 (node 7314)
	source 637 (node 7314) with out degree 497
	target 1010 (node 27517) with in degree 585

Execution time and memory used at after iteration 495 (MF = 107.376155): 1.915875e+04 seconds, 250658816 bytes of memory usage, 539852 kB of memory peak and 05:19:23 elapsed time
Statistics on the network after iteration 495 (MF = 107.376155)
	Number of nodes: 27919
	Number of allocated nodes: 28672
	Number of edges: 205965
	Maximum in degree: 585 (node 27517)
	Maximum out degree: 497 (node 7314)
	source 637 (node 7314) with out degree 497
	target 1010 (node 27517) with in degree 585

Execution time and memory used at after iteration 496 (MF = 107.376155): 1.923460e+04 seconds, 250658816 bytes of memory usage, 540400 kB of memory peak and 05:20:38 elapsed time
Statistics on the network after iteration 496 (MF = 107.376155)
	Number of nodes: 27919
	Number of allocated nodes: 28672
	Number of edges: 205965
	Maximum in degree: 585 (node 27517)
	Maximum out degree: 497 (node 7314)
	source 637 (node 7314) with out degree 497
	target 1010 (node 27517) with in degree 585

Execution time and memory used at after iteration 497 (MF = 107.376155): 1.931098e+04 seconds, 250658816 bytes of memory usage, 540768 kB of memory peak and 05:21:55 elapsed time
Statistics on the network after iteration 497 (MF = 107.376155)
	Number of nodes: 27919
	Number of allocated nodes: 28672
	Number of edges: 205965
	Maximum in degree: 585 (node 27517)
	Maximum out degree: 497 (node 7314)
	source 637 (node 7314) with out degree 497
	target 1010 (node 27517) with in degree 585

Execution time and memory used at after iteration 498 (MF = 107.376155): 1.938663e+04 seconds, 250658816 bytes of memory usage, 541172 kB of memory peak and 05:23:11 elapsed time
Statistics on the network after iteration 498 (MF = 107.376155)
	Number of nodes: 27919
	Number of allocated nodes: 28672
	Number of edges: 205965
	Maximum in degree: 585 (node 27517)
	Maximum out degree: 497 (node 7314)
	source 637 (node 7314) with out degree 497
	target 1010 (node 27517) with in degree 585

Execution time and memory used at after iteration 499 (MF = 107.376155): 1.946279e+04 seconds, 250658816 bytes of memory usage, 541752 kB of memory peak and 05:24:27 elapsed time
Statistics on the network after iteration 499 (MF = 107.376155)
	Number of nodes: 27919
	Number of allocated nodes: 28672
	Number of edges: 205965
	Maximum in degree: 585 (node 27517)
	Maximum out degree: 497 (node 7314)
	source 637 (node 7314) with out degree 497
	target 1010 (node 27517) with in degree 585

Execution time and memory used at after iteration 500 (MF = 107.376155): 1.953950e+04 seconds, 250658816 bytes of memory usage, 541944 kB of memory peak and 05:25:43 elapsed time
Statistics on the network after iteration 500 (MF = 107.376155)
	Number of nodes: 27919
	Number of allocated nodes: 28672
	Number of edges: 205965
	Maximum in degree: 585 (node 27517)
	Maximum out degree: 497 (node 7314)
	source 637 (node 7314) with out degree 497
	target 1010 (node 27517) with in degree 585

Execution time and memory used at after iteration 501 (MF = 107.376155): 1.961264e+04 seconds, 250658816 bytes of memory usage, 542360 kB of memory peak and 05:26:57 elapsed time
Statistics on the network after iteration 501 (MF = 107.376155)
	Number of nodes: 27919
	Number of allocated nodes: 28672
	Number of edges: 205965
	Maximum in degree: 585 (node 27517)
	Maximum out degree: 497 (node 7314)
	source 637 (node 7314) with out degree 497
	target 1010 (node 27517) with in degree 585

Execution time and memory used at after iteration 502 (MF = 107.339187): 1.968646e+04 seconds, 250658816 bytes of memory usage, 542884 kB of memory peak and 05:28:10 elapsed time
Statistics on the network after iteration 502 (MF = 107.339187)
	Number of nodes: 27919
	Number of allocated nodes: 28672
	Number of edges: 205965
	Maximum in degree: 585 (node 27517)
	Maximum out degree: 497 (node 7314)
	source 637 (node 7314) with out degree 497
	target 1010 (node 27517) with in degree 585

Execution time and memory used at after iteration 503 (MF = 107.339187): 1.975988e+04 seconds, 250658816 bytes of memory usage, 543276 kB of memory peak and 05:29:24 elapsed time
Statistics on the network after iteration 503 (MF = 107.339187)
	Number of nodes: 27919
	Number of allocated nodes: 28672
	Number of edges: 205965
	Maximum in degree: 585 (node 27517)
	Maximum out degree: 497 (node 7314)
	source 637 (node 7314) with out degree 497
	target 1010 (node 27517) with in degree 585

Execution time and memory used at after iteration 504 (MF = 107.339187): 1.983360e+04 seconds, 250658816 bytes of memory usage, 543856 kB of memory peak and 05:30:38 elapsed time
Statistics on the network after iteration 504 (MF = 107.339187)
	Number of nodes: 27919
	Number of allocated nodes: 28672
	Number of edges: 205965
	Maximum in degree: 585 (node 27517)
	Maximum out degree: 497 (node 7314)
	source 637 (node 7314) with out degree 497
	target 1010 (node 27517) with in degree 585

Execution time and memory used at after iteration 505 (MF = 107.339187): 1.990909e+04 seconds, 250658816 bytes of memory usage, 544032 kB of memory peak and 05:31:53 elapsed time
Statistics on the network after iteration 505 (MF = 107.339187)
	Number of nodes: 27919
	Number of allocated nodes: 28672
	Number of edges: 205965
	Maximum in degree: 585 (node 27517)
	Maximum out degree: 497 (node 7314)
	source 637 (node 7314) with out degree 497
	target 1010 (node 27517) with in degree 585

Execution time and memory used at after iteration 506 (MF = 107.376155): 1.998422e+04 seconds, 250658816 bytes of memory usage, 544456 kB of memory peak and 05:33:08 elapsed time
Statistics on the network after iteration 506 (MF = 107.376155)
	Number of nodes: 27919
	Number of allocated nodes: 28672
	Number of edges: 205965
	Maximum in degree: 585 (node 27517)
	Maximum out degree: 497 (node 7314)
	source 637 (node 7314) with out degree 497
	target 1010 (node 27517) with in degree 585

Execution time and memory used at after iteration 507 (MF = 107.376155): 2.005985e+04 seconds, 250658816 bytes of memory usage, 544996 kB of memory peak and 05:34:24 elapsed time
Statistics on the network after iteration 507 (MF = 107.376155)
	Number of nodes: 27919
	Number of allocated nodes: 28672
	Number of edges: 205965
	Maximum in degree: 585 (node 27517)
	Maximum out degree: 497 (node 7314)
	source 637 (node 7314) with out degree 497
	target 1010 (node 27517) with in degree 585

Execution time and memory used at after iteration 508 (MF = 107.376155): 2.013502e+04 seconds, 250658816 bytes of memory usage, 545368 kB of memory peak and 05:35:39 elapsed time
Statistics on the network after iteration 508 (MF = 107.376155)
	Number of nodes: 27919
	Number of allocated nodes: 28672
	Number of edges: 205965
	Maximum in degree: 585 (node 27517)
	Maximum out degree: 497 (node 7314)
	source 637 (node 7314) with out degree 497
	target 1010 (node 27517) with in degree 585

Execution time and memory used at after iteration 509 (MF = 107.376155): 2.021077e+04 seconds, 250658816 bytes of memory usage, 545968 kB of memory peak and 05:36:55 elapsed time
Statistics on the network after iteration 509 (MF = 107.376155)
	Number of nodes: 27919
	Number of allocated nodes: 28672
	Number of edges: 205965
	Maximum in degree: 585 (node 27517)
	Maximum out degree: 497 (node 7314)
	source 637 (node 7314) with out degree 497
	target 1010 (node 27517) with in degree 585

Execution time and memory used at after iteration 510 (MF = 107.376155): 2.028724e+04 seconds, 250658816 bytes of memory usage, 546144 kB of memory peak and 05:38:11 elapsed time
Statistics on the network after iteration 510 (MF = 107.376155)
	Number of nodes: 27919
	Number of allocated nodes: 28672
	Number of edges: 205965
	Maximum in degree: 585 (node 27517)
	Maximum out degree: 497 (node 7314)
	source 637 (node 7314) with out degree 497
	target 1010 (node 27517) with in degree 585

Execution time and memory used at after iteration 511 (MF = 107.376155): 2.036321e+04 seconds, 250658816 bytes of memory usage, 546556 kB of memory peak and 05:39:27 elapsed time
Statistics on the network after iteration 511 (MF = 107.376155)
	Number of nodes: 27919
	Number of allocated nodes: 28672
	Number of edges: 205965
	Maximum in degree: 585 (node 27517)
	Maximum out degree: 497 (node 7314)
	source 637 (node 7314) with out degree 497
	target 1010 (node 27517) with in degree 585

Execution time and memory used at after iteration 512 (MF = 107.376155): 2.044010e+04 seconds, 250658816 bytes of memory usage, 547092 kB of memory peak and 05:40:44 elapsed time
Statistics on the network after iteration 512 (MF = 107.376155)
	Number of nodes: 27919
	Number of allocated nodes: 28672
	Number of edges: 205965
	Maximum in degree: 585 (node 27517)
	Maximum out degree: 497 (node 7314)
	source 637 (node 7314) with out degree 497
	target 1010 (node 27517) with in degree 585

Execution time and memory used at after iteration 513 (MF = 107.376155): 2.051866e+04 seconds, 250658816 bytes of memory usage, 547464 kB of memory peak and 05:42:03 elapsed time
Statistics on the network after iteration 513 (MF = 107.376155)
	Number of nodes: 27919
	Number of allocated nodes: 28672
	Number of edges: 205965
	Maximum in degree: 585 (node 27517)
	Maximum out degree: 497 (node 7314)
	source 637 (node 7314) with out degree 497
	target 1010 (node 27517) with in degree 585

Execution time and memory used at after iteration 514 (MF = 107.280961): 2.059767e+04 seconds, 250658816 bytes of memory usage, 548052 kB of memory peak and 05:43:22 elapsed time
Statistics on the network after iteration 514 (MF = 107.280961)
	Number of nodes: 27919
	Number of allocated nodes: 28672
	Number of edges: 205965
	Maximum in degree: 585 (node 27517)
	Maximum out degree: 497 (node 7314)
	source 637 (node 7314) with out degree 497
	target 1010 (node 27517) with in degree 585

Execution time and memory used at after iteration 515 (MF = 107.280961): 2.067714e+04 seconds, 250658816 bytes of memory usage, 548232 kB of memory peak and 05:44:41 elapsed time
Statistics on the network after iteration 515 (MF = 107.280961)
	Number of nodes: 27919
	Number of allocated nodes: 28672
	Number of edges: 205965
	Maximum in degree: 585 (node 27517)
	Maximum out degree: 497 (node 7314)
	source 637 (node 7314) with out degree 497
	target 1010 (node 27517) with in degree 585

Execution time and memory used at after iteration 516 (MF = 107.280961): 2.075701e+04 seconds, 250658816 bytes of memory usage, 548644 kB of memory peak and 05:46:01 elapsed time
Statistics on the network after iteration 516 (MF = 107.280961)
	Number of nodes: 27919
	Number of allocated nodes: 28672
	Number of edges: 205965
	Maximum in degree: 585 (node 27517)
	Maximum out degree: 497 (node 7314)
	source 637 (node 7314) with out degree 497
	target 1010 (node 27517) with in degree 585

Execution time and memory used at after iteration 517 (MF = 107.280961): 2.083993e+04 seconds, 250658816 bytes of memory usage, 549204 kB of memory peak and 05:47:24 elapsed time
Statistics on the network after iteration 517 (MF = 107.280961)
	Number of nodes: 27919
	Number of allocated nodes: 28672
	Number of edges: 205965
	Maximum in degree: 585 (node 27517)
	Maximum out degree: 497 (node 7314)
	source 637 (node 7314) with out degree 497
	target 1010 (node 27517) with in degree 585

Execution time and memory used at after iteration 518 (MF = 107.294824): 2.092474e+04 seconds, 250658816 bytes of memory usage, 549564 kB of memory peak and 05:48:49 elapsed time
Statistics on the network after iteration 518 (MF = 107.294824)
	Number of nodes: 27919
	Number of allocated nodes: 28672
	Number of edges: 205965
	Maximum in degree: 585 (node 27517)
	Maximum out degree: 497 (node 7314)
	source 637 (node 7314) with out degree 497
	target 1010 (node 27517) with in degree 585

Execution time and memory used at after iteration 519 (MF = 107.434381): 2.101916e+04 seconds, 250658816 bytes of memory usage, 550140 kB of memory peak and 05:50:23 elapsed time
Statistics on the network after iteration 519 (MF = 107.434381)
	Number of nodes: 27919
	Number of allocated nodes: 28672
	Number of edges: 205965
	Maximum in degree: 585 (node 27517)
	Maximum out degree: 497 (node 7314)
	source 637 (node 7314) with out degree 497
	target 1010 (node 27517) with in degree 585

Execution time and memory used at after iteration 520 (MF = 107.434381): 2.110115e+04 seconds, 250658816 bytes of memory usage, 550316 kB of memory peak and 05:51:45 elapsed time
Statistics on the network after iteration 520 (MF = 107.434381)
	Number of nodes: 27919
	Number of allocated nodes: 28672
	Number of edges: 205965
	Maximum in degree: 585 (node 27517)
	Maximum out degree: 497 (node 7314)
	source 637 (node 7314) with out degree 497
	target 1010 (node 27517) with in degree 585

Execution time and memory used at after iteration 521 (MF = 107.434381): 2.118251e+04 seconds, 250658816 bytes of memory usage, 550704 kB of memory peak and 05:53:07 elapsed time
Statistics on the network after iteration 521 (MF = 107.434381)
	Number of nodes: 27919
	Number of allocated nodes: 28672
	Number of edges: 205965
	Maximum in degree: 585 (node 27517)
	Maximum out degree: 497 (node 7314)
	source 637 (node 7314) with out degree 497
	target 1010 (node 27517) with in degree 585

Execution time and memory used at after iteration 522 (MF = 107.434381): 2.128052e+04 seconds, 250658816 bytes of memory usage, 551100 kB of memory peak and 05:54:45 elapsed time
Statistics on the network after iteration 522 (MF = 107.434381)
	Number of nodes: 27919
	Number of allocated nodes: 28672
	Number of edges: 205965
	Maximum in degree: 585 (node 27517)
	Maximum out degree: 497 (node 7314)
	source 637 (node 7314) with out degree 497
	target 1010 (node 27517) with in degree 585

Execution time and memory used at after iteration 523 (MF = 107.434381): 2.136718e+04 seconds, 250658816 bytes of memory usage, 551652 kB of memory peak and 05:56:11 elapsed time
Statistics on the network after iteration 523 (MF = 107.434381)
	Number of nodes: 27919
	Number of allocated nodes: 28672
	Number of edges: 205965
	Maximum in degree: 585 (node 27517)
	Maximum out degree: 497 (node 7314)
	source 637 (node 7314) with out degree 497
	target 1010 (node 27517) with in degree 585

Execution time and memory used at after iteration 524 (MF = 107.339187): 2.145063e+04 seconds, 250658816 bytes of memory usage, 552232 kB of memory peak and 05:57:35 elapsed time
Statistics on the network after iteration 524 (MF = 107.339187)
	Number of nodes: 27919
	Number of allocated nodes: 28672
	Number of edges: 205965
	Maximum in degree: 585 (node 27517)
	Maximum out degree: 497 (node 7314)
	source 637 (node 7314) with out degree 497
	target 1010 (node 27517) with in degree 585

Execution time and memory used at after iteration 525 (MF = 107.339187): 2.153465e+04 seconds, 250658816 bytes of memory usage, 552420 kB of memory peak and 05:58:59 elapsed time
Statistics on the network after iteration 525 (MF = 107.339187)
	Number of nodes: 27919
	Number of allocated nodes: 28672
	Number of edges: 205965
	Maximum in degree: 585 (node 27517)
	Maximum out degree: 497 (node 7314)
	source 637 (node 7314) with out degree 497
	target 1010 (node 27517) with in degree 585

Execution time and memory used at after iteration 526 (MF = 107.353050): 2.162521e+04 seconds, 250658816 bytes of memory usage, 552792 kB of memory peak and 06:00:29 elapsed time
Statistics on the network after iteration 526 (MF = 107.353050)
	Number of nodes: 27919
	Number of allocated nodes: 28672
	Number of edges: 205965
	Maximum in degree: 585 (node 27517)
	Maximum out degree: 497 (node 7314)
	source 637 (node 7314) with out degree 497
	target 1010 (node 27517) with in degree 585

Execution time and memory used at after iteration 527 (MF = 107.339187): 2.171013e+04 seconds, 250658816 bytes of memory usage, 553196 kB of memory peak and 06:01:54 elapsed time
Statistics on the network after iteration 527 (MF = 107.339187)
	Number of nodes: 27919
	Number of allocated nodes: 28672
	Number of edges: 205965
	Maximum in degree: 585 (node 27517)
	Maximum out degree: 497 (node 7314)
	source 637 (node 7314) with out degree 497
	target 1010 (node 27517) with in degree 585

Execution time and memory used at after iteration 528 (MF = 107.339187): 2.179687e+04 seconds, 250658816 bytes of memory usage, 553764 kB of memory peak and 06:03:21 elapsed time
Statistics on the network after iteration 528 (MF = 107.339187)
	Number of nodes: 27919
	Number of allocated nodes: 28672
	Number of edges: 205965
	Maximum in degree: 585 (node 27517)
	Maximum out degree: 497 (node 7314)
	source 637 (node 7314) with out degree 497
	target 1010 (node 27517) with in degree 585

Execution time and memory used at after iteration 529 (MF = 107.339187): 2.188085e+04 seconds, 250658816 bytes of memory usage, 554344 kB of memory peak and 06:04:45 elapsed time
Statistics on the network after iteration 529 (MF = 107.339187)
	Number of nodes: 27919
	Number of allocated nodes: 28672
	Number of edges: 205965
	Maximum in degree: 585 (node 27517)
	Maximum out degree: 497 (node 7314)
	source 637 (node 7314) with out degree 497
	target 1010 (node 27517) with in degree 585

Execution time and memory used at after iteration 530 (MF = 107.339187): 2.197093e+04 seconds, 250658816 bytes of memory usage, 554516 kB of memory peak and 06:06:15 elapsed time
Statistics on the network after iteration 530 (MF = 107.339187)
	Number of nodes: 27919
	Number of allocated nodes: 28672
	Number of edges: 205965
	Maximum in degree: 585 (node 27517)
	Maximum out degree: 497 (node 7314)
	source 637 (node 7314) with out degree 497
	target 1010 (node 27517) with in degree 585

Execution time and memory used at after iteration 531 (MF = 107.339187): 2.205545e+04 seconds, 250658816 bytes of memory usage, 554896 kB of memory peak and 06:07:40 elapsed time
Statistics on the network after iteration 531 (MF = 107.339187)
	Number of nodes: 27919
	Number of allocated nodes: 28672
	Number of edges: 205965
	Maximum in degree: 585 (node 27517)
	Maximum out degree: 497 (node 7314)
	source 637 (node 7314) with out degree 497
	target 1010 (node 27517) with in degree 585

Execution time and memory used at after iteration 532 (MF = 107.339187): 2.213947e+04 seconds, 250658816 bytes of memory usage, 554896 kB of memory peak and 06:09:04 elapsed time
Statistics on the network after iteration 532 (MF = 107.339187)
	Number of nodes: 27919
	Number of allocated nodes: 28672
	Number of edges: 205965
	Maximum in degree: 585 (node 27517)
	Maximum out degree: 497 (node 7314)
	source 637 (node 7314) with out degree 497
	target 1010 (node 27517) with in degree 585

Execution time and memory used at after iteration 533 (MF = 107.339187): 2.222064e+04 seconds, 250658816 bytes of memory usage, 554896 kB of memory peak and 06:10:25 elapsed time
Statistics on the network after iteration 533 (MF = 107.339187)
	Number of nodes: 27919
	Number of allocated nodes: 28672
	Number of edges: 205965
	Maximum in degree: 585 (node 27517)
	Maximum out degree: 497 (node 7314)
	source 637 (node 7314) with out degree 497
	target 1010 (node 27517) with in degree 585

Execution time and memory used at after iteration 534 (MF = 107.376155): 2.230533e+04 seconds, 250658816 bytes of memory usage, 554896 kB of memory peak and 06:11:50 elapsed time
Statistics on the network after iteration 534 (MF = 107.376155)
	Number of nodes: 27919
	Number of allocated nodes: 28672
	Number of edges: 205965
	Maximum in degree: 585 (node 27517)
	Maximum out degree: 497 (node 7314)
	source 637 (node 7314) with out degree 497
	target 1010 (node 27517) with in degree 585

Execution time and memory used at after iteration 535 (MF = 107.376155): 2.238708e+04 seconds, 250777600 bytes of memory usage, 554896 kB of memory peak and 06:13:11 elapsed time
Statistics on the network after iteration 535 (MF = 107.376155)
	Number of nodes: 27919
	Number of allocated nodes: 28672
	Number of edges: 205965
	Maximum in degree: 585 (node 27517)
	Maximum out degree: 497 (node 7314)
	source 637 (node 7314) with out degree 497
	target 1010 (node 27517) with in degree 585

Execution time and memory used at after iteration 536 (MF = 107.448244): 2.246879e+04 seconds, 250953728 bytes of memory usage, 554896 kB of memory peak and 06:14:33 elapsed time
Statistics on the network after iteration 536 (MF = 107.448244)
	Number of nodes: 27919
	Number of allocated nodes: 28672
	Number of edges: 205965
	Maximum in degree: 585 (node 27517)
	Maximum out degree: 497 (node 7314)
	source 637 (node 7314) with out degree 497
	target 1010 (node 27517) with in degree 585

Execution time and memory used at after iteration 537 (MF = 107.376155): 2.255056e+04 seconds, 251138048 bytes of memory usage, 554896 kB of memory peak and 06:15:55 elapsed time
Statistics on the network after iteration 537 (MF = 107.376155)
	Number of nodes: 27919
	Number of allocated nodes: 28672
	Number of edges: 205965
	Maximum in degree: 585 (node 27517)
	Maximum out degree: 497 (node 7314)
	source 637 (node 7314) with out degree 497
	target 1010 (node 27517) with in degree 585

Execution time and memory used at after iteration 538 (MF = 107.376155): 2.263221e+04 seconds, 251318272 bytes of memory usage, 554896 kB of memory peak and 06:17:16 elapsed time
Statistics on the network after iteration 538 (MF = 107.376155)
	Number of nodes: 27919
	Number of allocated nodes: 28672
	Number of edges: 205965
	Maximum in degree: 585 (node 27517)
	Maximum out degree: 497 (node 7314)
	source 637 (node 7314) with out degree 497
	target 1010 (node 27517) with in degree 585

Execution time and memory used at after iteration 539 (MF = 107.376155): 2.271479e+04 seconds, 251494400 bytes of memory usage, 554896 kB of memory peak and 06:18:39 elapsed time
Statistics on the network after iteration 539 (MF = 107.376155)
	Number of nodes: 27919
	Number of allocated nodes: 28672
	Number of edges: 205965
	Maximum in degree: 585 (node 27517)
	Maximum out degree: 497 (node 7314)
	source 637 (node 7314) with out degree 497
	target 1010 (node 27517) with in degree 585

Execution time and memory used at after iteration 540 (MF = 107.434381): 2.279577e+04 seconds, 251678720 bytes of memory usage, 554896 kB of memory peak and 06:20:00 elapsed time
Statistics on the network after iteration 540 (MF = 107.434381)
	Number of nodes: 27919
	Number of allocated nodes: 28672
	Number of edges: 205965
	Maximum in degree: 585 (node 27517)
	Maximum out degree: 497 (node 7314)
	source 637 (node 7314) with out degree 497
	target 1010 (node 27517) with in degree 585

Execution time and memory used at after iteration 541 (MF = 107.434381): 2.287860e+04 seconds, 251850752 bytes of memory usage, 554896 kB of memory peak and 06:21:23 elapsed time
Statistics on the network after iteration 541 (MF = 107.434381)
	Number of nodes: 27919
	Number of allocated nodes: 28672
	Number of edges: 205965
	Maximum in degree: 585 (node 27517)
	Maximum out degree: 497 (node 7314)
	source 637 (node 7314) with out degree 497
	target 1010 (node 27517) with in degree 585

Execution time and memory used at after iteration 542 (MF = 107.434381): 2.296185e+04 seconds, 252026880 bytes of memory usage, 554896 kB of memory peak and 06:22:46 elapsed time
Statistics on the network after iteration 542 (MF = 107.434381)
	Number of nodes: 27919
	Number of allocated nodes: 28672
	Number of edges: 205965
	Maximum in degree: 585 (node 27517)
	Maximum out degree: 497 (node 7314)
	source 637 (node 7314) with out degree 497
	target 1010 (node 27517) with in degree 585

Execution time and memory used at after iteration 543 (MF = 107.434381): 2.304500e+04 seconds, 252211200 bytes of memory usage, 554896 kB of memory peak and 06:24:09 elapsed time
Statistics on the network after iteration 543 (MF = 107.434381)
	Number of nodes: 27919
	Number of allocated nodes: 28672
	Number of edges: 205965
	Maximum in degree: 585 (node 27517)
	Maximum out degree: 497 (node 7314)
	source 637 (node 7314) with out degree 497
	target 1010 (node 27517) with in degree 585

Execution time and memory used at after iteration 544 (MF = 107.506470): 2.312809e+04 seconds, 252395520 bytes of memory usage, 554896 kB of memory peak and 06:25:32 elapsed time
Statistics on the network after iteration 544 (MF = 107.506470)
	Number of nodes: 27919
	Number of allocated nodes: 28672
	Number of edges: 205965
	Maximum in degree: 585 (node 27517)
	Maximum out degree: 497 (node 7314)
	source 637 (node 7314) with out degree 497
	target 1010 (node 27517) with in degree 585

Execution time and memory used at after iteration 545 (MF = 107.434381): 2.321117e+04 seconds, 252567552 bytes of memory usage, 554896 kB of memory peak and 06:26:55 elapsed time
Statistics on the network after iteration 545 (MF = 107.434381)
	Number of nodes: 27919
	Number of allocated nodes: 28672
	Number of edges: 205965
	Maximum in degree: 585 (node 27517)
	Maximum out degree: 497 (node 7314)
	source 637 (node 7314) with out degree 497
	target 1010 (node 27517) with in degree 585

Execution time and memory used at after iteration 546 (MF = 107.434381): 2.329451e+04 seconds, 252751872 bytes of memory usage, 554896 kB of memory peak and 06:28:19 elapsed time
Statistics on the network after iteration 546 (MF = 107.434381)
	Number of nodes: 27919
	Number of allocated nodes: 28672
	Number of edges: 205965
	Maximum in degree: 585 (node 27517)
	Maximum out degree: 497 (node 7314)
	source 637 (node 7314) with out degree 497
	target 1010 (node 27517) with in degree 585

Execution time and memory used at after iteration 547 (MF = 107.434381): 2.337760e+04 seconds, 252928000 bytes of memory usage, 554896 kB of memory peak and 06:29:42 elapsed time
Statistics on the network after iteration 547 (MF = 107.434381)
	Number of nodes: 27919
	Number of allocated nodes: 28672
	Number of edges: 205965
	Maximum in degree: 585 (node 27517)
	Maximum out degree: 497 (node 7314)
	source 637 (node 7314) with out degree 497
	target 1010 (node 27517) with in degree 585

Execution time and memory used at after iteration 548 (MF = 107.434381): 2.346055e+04 seconds, 253100032 bytes of memory usage, 554896 kB of memory peak and 06:31:05 elapsed time
Statistics on the network after iteration 548 (MF = 107.434381)
	Number of nodes: 27919
	Number of allocated nodes: 28672
	Number of edges: 205965
	Maximum in degree: 585 (node 27517)
	Maximum out degree: 497 (node 7314)
	source 637 (node 7314) with out degree 497
	target 1010 (node 27517) with in degree 585

Execution time and memory used at after iteration 549 (MF = 107.434381): 2.355108e+04 seconds, 253284352 bytes of memory usage, 554896 kB of memory peak and 06:32:35 elapsed time
Statistics on the network after iteration 549 (MF = 107.434381)
	Number of nodes: 27919
	Number of allocated nodes: 28672
	Number of edges: 205965
	Maximum in degree: 585 (node 27517)
	Maximum out degree: 497 (node 7314)
	source 637 (node 7314) with out degree 497
	target 1010 (node 27517) with in degree 585

Execution time and memory used at after iteration 550 (MF = 107.434381): 2.363510e+04 seconds, 253460480 bytes of memory usage, 554896 kB of memory peak and 06:33:59 elapsed time
Statistics on the network after iteration 550 (MF = 107.434381)
	Number of nodes: 27919
	Number of allocated nodes: 28672
	Number of edges: 205965
	Maximum in degree: 585 (node 27517)
	Maximum out degree: 497 (node 7314)
	source 637 (node 7314) with out degree 497
	target 1010 (node 27517) with in degree 585

Execution time and memory used at after iteration 551 (MF = 107.339187): 2.371951e+04 seconds, 253640704 bytes of memory usage, 554896 kB of memory peak and 06:35:24 elapsed time
Statistics on the network after iteration 551 (MF = 107.339187)
	Number of nodes: 27919
	Number of allocated nodes: 28672
	Number of edges: 205965
	Maximum in degree: 585 (node 27517)
	Maximum out degree: 497 (node 7314)
	source 637 (node 7314) with out degree 497
	target 1010 (node 27517) with in degree 585

Execution time and memory used at after iteration 552 (MF = 107.339187): 2.380457e+04 seconds, 253816832 bytes of memory usage, 554896 kB of memory peak and 06:36:49 elapsed time
Statistics on the network after iteration 552 (MF = 107.339187)
	Number of nodes: 27919
	Number of allocated nodes: 28672
	Number of edges: 205965
	Maximum in degree: 585 (node 27517)
	Maximum out degree: 497 (node 7314)
	source 637 (node 7314) with out degree 497
	target 1010 (node 27517) with in degree 585

Execution time and memory used at after iteration 553 (MF = 107.434381): 2.388959e+04 seconds, 254001152 bytes of memory usage, 554896 kB of memory peak and 06:38:14 elapsed time
Statistics on the network after iteration 553 (MF = 107.434381)
	Number of nodes: 27919
	Number of allocated nodes: 28672
	Number of edges: 205965
	Maximum in degree: 585 (node 27517)
	Maximum out degree: 497 (node 7314)
	source 637 (node 7314) with out degree 497
	target 1010 (node 27517) with in degree 585

Execution time and memory used at after iteration 554 (MF = 107.434381): 2.398357e+04 seconds, 254185472 bytes of memory usage, 555088 kB of memory peak and 06:39:48 elapsed time
Statistics on the network after iteration 554 (MF = 107.434381)
	Number of nodes: 27919
	Number of allocated nodes: 28672
	Number of edges: 205965
	Maximum in degree: 585 (node 27517)
	Maximum out degree: 497 (node 7314)
	source 637 (node 7314) with out degree 497
	target 1010 (node 27517) with in degree 585

Execution time and memory used at after iteration 555 (MF = 107.339187): 2.407799e+04 seconds, 254357504 bytes of memory usage, 555656 kB of memory peak and 06:41:22 elapsed time
Statistics on the network after iteration 555 (MF = 107.339187)
	Number of nodes: 27919
	Number of allocated nodes: 28672
	Number of edges: 205965
	Maximum in degree: 585 (node 27517)
	Maximum out degree: 497 (node 7314)
	source 637 (node 7314) with out degree 497
	target 1010 (node 27517) with in degree 585

Execution time and memory used at after iteration 556 (MF = 107.339187): 2.417664e+04 seconds, 254541824 bytes of memory usage, 556240 kB of memory peak and 06:43:01 elapsed time
Statistics on the network after iteration 556 (MF = 107.339187)
	Number of nodes: 27919
	Number of allocated nodes: 28672
	Number of edges: 205965
	Maximum in degree: 585 (node 27517)
	Maximum out degree: 497 (node 7314)
	source 637 (node 7314) with out degree 497
	target 1010 (node 27517) with in degree 585

Execution time and memory used at after iteration 557 (MF = 107.339187): 2.426439e+04 seconds, 254717952 bytes of memory usage, 556240 kB of memory peak and 06:44:29 elapsed time
Statistics on the network after iteration 557 (MF = 107.339187)
	Number of nodes: 27919
	Number of allocated nodes: 28672
	Number of edges: 205965
	Maximum in degree: 585 (node 27517)
	Maximum out degree: 497 (node 7314)
	source 637 (node 7314) with out degree 497
	target 1010 (node 27517) with in degree 585

Execution time and memory used at after iteration 558 (MF = 107.376155): 2.434533e+04 seconds, 254889984 bytes of memory usage, 556240 kB of memory peak and 06:45:50 elapsed time
Statistics on the network after iteration 558 (MF = 107.376155)
	Number of nodes: 27919
	Number of allocated nodes: 28672
	Number of edges: 205965
	Maximum in degree: 585 (node 27517)
	Maximum out degree: 497 (node 7314)
	source 637 (node 7314) with out degree 497
	target 1010 (node 27517) with in degree 585

Execution time and memory used at after iteration 559 (MF = 107.339187): 2.442627e+04 seconds, 255074304 bytes of memory usage, 556240 kB of memory peak and 06:47:11 elapsed time
Statistics on the network after iteration 559 (MF = 107.339187)
	Number of nodes: 27919
	Number of allocated nodes: 28672
	Number of edges: 205965
	Maximum in degree: 585 (node 27517)
	Maximum out degree: 497 (node 7314)
	source 637 (node 7314) with out degree 497
	target 1010 (node 27517) with in degree 585

Execution time and memory used at after iteration 560 (MF = 107.339187): 2.451182e+04 seconds, 255250432 bytes of memory usage, 556240 kB of memory peak and 06:48:36 elapsed time
Statistics on the network after iteration 560 (MF = 107.339187)
	Number of nodes: 27919
	Number of allocated nodes: 28672
	Number of edges: 205965
	Maximum in degree: 585 (node 27517)
	Maximum out degree: 497 (node 7314)
	source 637 (node 7314) with out degree 497
	target 1010 (node 27517) with in degree 585

Execution time and memory used at after iteration 561 (MF = 107.339187): 2.459303e+04 seconds, 255422464 bytes of memory usage, 556240 kB of memory peak and 06:49:57 elapsed time
Statistics on the network after iteration 561 (MF = 107.339187)
	Number of nodes: 27919
	Number of allocated nodes: 28672
	Number of edges: 205965
	Maximum in degree: 585 (node 27517)
	Maximum out degree: 497 (node 7314)
	source 637 (node 7314) with out degree 497
	target 1010 (node 27517) with in degree 585

Execution time and memory used at after iteration 562 (MF = 107.339187): 2.467657e+04 seconds, 255598592 bytes of memory usage, 556240 kB of memory peak and 06:51:21 elapsed time
Statistics on the network after iteration 562 (MF = 107.339187)
	Number of nodes: 27919
	Number of allocated nodes: 28672
	Number of edges: 205965
	Maximum in degree: 585 (node 27517)
	Maximum out degree: 497 (node 7314)
	source 637 (node 7314) with out degree 497
	target 1010 (node 27517) with in degree 585

Execution time and memory used at after iteration 563 (MF = 107.339187): 2.475766e+04 seconds, 255778816 bytes of memory usage, 556240 kB of memory peak and 06:52:42 elapsed time
Statistics on the network after iteration 563 (MF = 107.339187)
	Number of nodes: 27919
	Number of allocated nodes: 28672
	Number of edges: 205965
	Maximum in degree: 585 (node 27517)
	Maximum out degree: 497 (node 7314)
	source 637 (node 7314) with out degree 497
	target 1010 (node 27517) with in degree 585

Execution time and memory used at after iteration 564 (MF = 107.339187): 2.484512e+04 seconds, 255954944 bytes of memory usage, 556240 kB of memory peak and 06:54:10 elapsed time
Statistics on the network after iteration 564 (MF = 107.339187)
	Number of nodes: 27919
	Number of allocated nodes: 28672
	Number of edges: 205965
	Maximum in degree: 585 (node 27517)
	Maximum out degree: 497 (node 7314)
	source 637 (node 7314) with out degree 497
	target 1010 (node 27517) with in degree 585

Execution time and memory used at after iteration 565 (MF = 107.339187): 2.491950e+04 seconds, 256131072 bytes of memory usage, 556240 kB of memory peak and 06:55:24 elapsed time
Statistics on the network after iteration 565 (MF = 107.339187)
	Number of nodes: 27919
	Number of allocated nodes: 28672
	Number of edges: 205965
	Maximum in degree: 585 (node 27517)
	Maximum out degree: 497 (node 7314)
	source 637 (node 7314) with out degree 497
	target 1010 (node 27517) with in degree 585

Execution time and memory used at after iteration 566 (MF = 107.434381): 2.500533e+04 seconds, 256303104 bytes of memory usage, 556240 kB of memory peak and 06:56:50 elapsed time
Statistics on the network after iteration 566 (MF = 107.434381)
	Number of nodes: 27919
	Number of allocated nodes: 28672
	Number of edges: 205965
	Maximum in degree: 585 (node 27517)
	Maximum out degree: 497 (node 7314)
	source 637 (node 7314) with out degree 497
	target 1010 (node 27517) with in degree 585

Execution time and memory used at after iteration 567 (MF = 107.434381): 2.508273e+04 seconds, 256491520 bytes of memory usage, 556240 kB of memory peak and 06:58:07 elapsed time
Statistics on the network after iteration 567 (MF = 107.434381)
	Number of nodes: 27919
	Number of allocated nodes: 28672
	Number of edges: 205965
	Maximum in degree: 585 (node 27517)
	Maximum out degree: 497 (node 7314)
	source 637 (node 7314) with out degree 497
	target 1010 (node 27517) with in degree 585

Execution time and memory used at after iteration 568 (MF = 107.339187): 2.518619e+04 seconds, 256663552 bytes of memory usage, 556240 kB of memory peak and 06:59:51 elapsed time
Statistics on the network after iteration 568 (MF = 107.339187)
	Number of nodes: 27919
	Number of allocated nodes: 28672
	Number of edges: 205965
	Maximum in degree: 585 (node 27517)
	Maximum out degree: 497 (node 7314)
	source 637 (node 7314) with out degree 497
	target 1010 (node 27517) with in degree 585

Execution time and memory used at after iteration 569 (MF = 107.339187): 2.526378e+04 seconds, 256839680 bytes of memory usage, 556240 kB of memory peak and 07:01:08 elapsed time
Statistics on the network after iteration 569 (MF = 107.339187)
	Number of nodes: 27919
	Number of allocated nodes: 28672
	Number of edges: 205965
	Maximum in degree: 585 (node 27517)
	Maximum out degree: 497 (node 7314)
	source 637 (node 7314) with out degree 497
	target 1010 (node 27517) with in degree 585

Execution time and memory used at after iteration 570 (MF = 107.339187): 2.534141e+04 seconds, 257015808 bytes of memory usage, 556240 kB of memory peak and 07:02:26 elapsed time
Statistics on the network after iteration 570 (MF = 107.339187)
	Number of nodes: 27919
	Number of allocated nodes: 28672
	Number of edges: 205965
	Maximum in degree: 585 (node 27517)
	Maximum out degree: 497 (node 7314)
	source 637 (node 7314) with out degree 497
	target 1010 (node 27517) with in degree 585

Execution time and memory used at after iteration 571 (MF = 107.339187): 2.541904e+04 seconds, 257200128 bytes of memory usage, 556240 kB of memory peak and 07:03:44 elapsed time
Statistics on the network after iteration 571 (MF = 107.339187)
	Number of nodes: 27919
	Number of allocated nodes: 28672
	Number of edges: 205965
	Maximum in degree: 585 (node 27517)
	Maximum out degree: 497 (node 7314)
	source 637 (node 7314) with out degree 497
	target 1010 (node 27517) with in degree 585

Execution time and memory used at after iteration 572 (MF = 107.411275): 2.550465e+04 seconds, 257372160 bytes of memory usage, 556240 kB of memory peak and 07:05:09 elapsed time
Statistics on the network after iteration 572 (MF = 107.411275)
	Number of nodes: 27919
	Number of allocated nodes: 28672
	Number of edges: 205965
	Maximum in degree: 585 (node 27517)
	Maximum out degree: 497 (node 7314)
	source 637 (node 7314) with out degree 497
	target 1010 (node 27517) with in degree 585

Execution time and memory used at after iteration 573 (MF = 107.339187): 2.558348e+04 seconds, 257560576 bytes of memory usage, 556240 kB of memory peak and 07:06:28 elapsed time
Statistics on the network after iteration 573 (MF = 107.339187)
	Number of nodes: 27919
	Number of allocated nodes: 28672
	Number of edges: 205965
	Maximum in degree: 585 (node 27517)
	Maximum out degree: 497 (node 7314)
	source 637 (node 7314) with out degree 497
	target 1010 (node 27517) with in degree 585

Execution time and memory used at after iteration 574 (MF = 107.434381): 2.566434e+04 seconds, 257744896 bytes of memory usage, 556240 kB of memory peak and 07:07:49 elapsed time
Statistics on the network after iteration 574 (MF = 107.434381)
	Number of nodes: 27919
	Number of allocated nodes: 28672
	Number of edges: 205965
	Maximum in degree: 585 (node 27517)
	Maximum out degree: 497 (node 7314)
	source 637 (node 7314) with out degree 497
	target 1010 (node 27517) with in degree 585

Execution time and memory used at after iteration 575 (MF = 107.339187): 2.574582e+04 seconds, 257908736 bytes of memory usage, 556240 kB of memory peak and 07:09:10 elapsed time
Statistics on the network after iteration 575 (MF = 107.339187)
	Number of nodes: 27919
	Number of allocated nodes: 28672
	Number of edges: 205965
	Maximum in degree: 585 (node 27517)
	Maximum out degree: 497 (node 7314)
	source 637 (node 7314) with out degree 497
	target 1010 (node 27517) with in degree 585

Execution time and memory used at after iteration 576 (MF = 107.339187): 2.582804e+04 seconds, 258084864 bytes of memory usage, 556240 kB of memory peak and 07:10:33 elapsed time
Statistics on the network after iteration 576 (MF = 107.339187)
	Number of nodes: 27919
	Number of allocated nodes: 28672
	Number of edges: 205965
	Maximum in degree: 585 (node 27517)
	Maximum out degree: 497 (node 7314)
	source 637 (node 7314) with out degree 497
	target 1010 (node 27517) with in degree 585

Execution time and memory used at after iteration 577 (MF = 107.339187): 2.591017e+04 seconds, 258260992 bytes of memory usage, 556240 kB of memory peak and 07:11:55 elapsed time
Statistics on the network after iteration 577 (MF = 107.339187)
	Number of nodes: 27919
	Number of allocated nodes: 28672
	Number of edges: 205965
	Maximum in degree: 585 (node 27517)
	Maximum out degree: 497 (node 7314)
	source 637 (node 7314) with out degree 497
	target 1010 (node 27517) with in degree 585

Execution time and memory used at after iteration 578 (MF = 107.339187): 2.599248e+04 seconds, 258441216 bytes of memory usage, 556240 kB of memory peak and 07:13:17 elapsed time
Statistics on the network after iteration 578 (MF = 107.339187)
	Number of nodes: 27919
	Number of allocated nodes: 28672
	Number of edges: 205965
	Maximum in degree: 585 (node 27517)
	Maximum out degree: 497 (node 7314)
	source 637 (node 7314) with out degree 497
	target 1010 (node 27517) with in degree 585

Execution time and memory used at after iteration 579 (MF = 107.339187): 2.607487e+04 seconds, 258617344 bytes of memory usage, 556240 kB of memory peak and 07:14:39 elapsed time
Statistics on the network after iteration 579 (MF = 107.339187)
	Number of nodes: 27919
	Number of allocated nodes: 28672
	Number of edges: 205965
	Maximum in degree: 585 (node 27517)
	Maximum out degree: 497 (node 7314)
	source 637 (node 7314) with out degree 497
	target 1010 (node 27517) with in degree 585

Execution time and memory used at after iteration 580 (MF = 107.339187): 2.615763e+04 seconds, 258801664 bytes of memory usage, 556240 kB of memory peak and 07:16:02 elapsed time
Statistics on the network after iteration 580 (MF = 107.339187)
	Number of nodes: 27919
	Number of allocated nodes: 28672
	Number of edges: 205965
	Maximum in degree: 585 (node 27517)
	Maximum out degree: 497 (node 7314)
	source 637 (node 7314) with out degree 497
	target 1010 (node 27517) with in degree 585

Execution time and memory used at after iteration 581 (MF = 107.339187): 2.624028e+04 seconds, 258973696 bytes of memory usage, 556240 kB of memory peak and 07:17:25 elapsed time
Statistics on the network after iteration 581 (MF = 107.339187)
	Number of nodes: 27919
	Number of allocated nodes: 28672
	Number of edges: 205965
	Maximum in degree: 585 (node 27517)
	Maximum out degree: 497 (node 7314)
	source 637 (node 7314) with out degree 497
	target 1010 (node 27517) with in degree 585

Execution time and memory used at after iteration 582 (MF = 107.339187): 2.632329e+04 seconds, 259158016 bytes of memory usage, 556240 kB of memory peak and 07:18:48 elapsed time
Statistics on the network after iteration 582 (MF = 107.339187)
	Number of nodes: 27919
	Number of allocated nodes: 28672
	Number of edges: 205965
	Maximum in degree: 585 (node 27517)
	Maximum out degree: 497 (node 7314)
	source 637 (node 7314) with out degree 497
	target 1010 (node 27517) with in degree 585

Execution time and memory used at after iteration 583 (MF = 107.339187): 2.640627e+04 seconds, 259334144 bytes of memory usage, 556240 kB of memory peak and 07:20:11 elapsed time
Statistics on the network after iteration 583 (MF = 107.339187)
	Number of nodes: 27919
	Number of allocated nodes: 28672
	Number of edges: 205965
	Maximum in degree: 585 (node 27517)
	Maximum out degree: 497 (node 7314)
	source 637 (node 7314) with out degree 497
	target 1010 (node 27517) with in degree 585

Execution time and memory used at after iteration 584 (MF = 107.339187): 2.648942e+04 seconds, 259506176 bytes of memory usage, 556240 kB of memory peak and 07:21:34 elapsed time
Statistics on the network after iteration 584 (MF = 107.339187)
	Number of nodes: 27919
	Number of allocated nodes: 28672
	Number of edges: 205965
	Maximum in degree: 585 (node 27517)
	Maximum out degree: 497 (node 7314)
	source 637 (node 7314) with out degree 497
	target 1010 (node 27517) with in degree 585

Execution time and memory used at after iteration 585 (MF = 107.411275): 2.657252e+04 seconds, 259694592 bytes of memory usage, 556240 kB of memory peak and 07:22:57 elapsed time
Statistics on the network after iteration 585 (MF = 107.411275)
	Number of nodes: 27919
	Number of allocated nodes: 28672
	Number of edges: 205965
	Maximum in degree: 585 (node 27517)
	Maximum out degree: 497 (node 7314)
	source 637 (node 7314) with out degree 497
	target 1010 (node 27517) with in degree 585

Execution time and memory used at after iteration 586 (MF = 107.411275): 2.665719e+04 seconds, 259866624 bytes of memory usage, 556240 kB of memory peak and 07:24:22 elapsed time
Statistics on the network after iteration 586 (MF = 107.411275)
	Number of nodes: 27919
	Number of allocated nodes: 28672
	Number of edges: 205965
	Maximum in degree: 585 (node 27517)
	Maximum out degree: 497 (node 7314)
	source 637 (node 7314) with out degree 497
	target 1010 (node 27517) with in degree 585

Execution time and memory used at after iteration 587 (MF = 107.376155): 2.674200e+04 seconds, 260042752 bytes of memory usage, 556240 kB of memory peak and 07:25:47 elapsed time
Statistics on the network after iteration 587 (MF = 107.376155)
	Number of nodes: 27919
	Number of allocated nodes: 28672
	Number of edges: 205965
	Maximum in degree: 585 (node 27517)
	Maximum out degree: 497 (node 7314)
	source 637 (node 7314) with out degree 497
	target 1010 (node 27517) with in degree 585

Execution time and memory used at after iteration 588 (MF = 107.376155): 2.682691e+04 seconds, 260218880 bytes of memory usage, 556240 kB of memory peak and 07:27:12 elapsed time
Statistics on the network after iteration 588 (MF = 107.376155)
	Number of nodes: 27919
	Number of allocated nodes: 28672
	Number of edges: 205965
	Maximum in degree: 585 (node 27517)
	Maximum out degree: 497 (node 7314)
	source 637 (node 7314) with out degree 497
	target 1010 (node 27517) with in degree 585

Execution time and memory used at after iteration 589 (MF = 107.376155): 2.691158e+04 seconds, 260399104 bytes of memory usage, 556240 kB of memory peak and 07:28:36 elapsed time
Statistics on the network after iteration 589 (MF = 107.376155)
	Number of nodes: 27919
	Number of allocated nodes: 28672
	Number of edges: 205965
	Maximum in degree: 585 (node 27517)
	Maximum out degree: 497 (node 7314)
	source 637 (node 7314) with out degree 497
	target 1010 (node 27517) with in degree 585

Execution time and memory used at after iteration 590 (MF = 107.376155): 2.699702e+04 seconds, 260575232 bytes of memory usage, 556240 kB of memory peak and 07:30:02 elapsed time
Statistics on the network after iteration 590 (MF = 107.376155)
	Number of nodes: 27919
	Number of allocated nodes: 28672
	Number of edges: 205965
	Maximum in degree: 585 (node 27517)
	Maximum out degree: 497 (node 7314)
	source 637 (node 7314) with out degree 497
	target 1010 (node 27517) with in degree 585

Execution time and memory used at after iteration 591 (MF = 107.280961): 2.708256e+04 seconds, 260759552 bytes of memory usage, 556240 kB of memory peak and 07:31:27 elapsed time
Statistics on the network after iteration 591 (MF = 107.280961)
	Number of nodes: 27919
	Number of allocated nodes: 28672
	Number of edges: 205965
	Maximum in degree: 585 (node 27517)
	Maximum out degree: 497 (node 7314)
	source 637 (node 7314) with out degree 497
	target 1010 (node 27517) with in degree 585

Execution time and memory used at after iteration 592 (MF = 107.353050): 2.716800e+04 seconds, 260935680 bytes of memory usage, 556240 kB of memory peak and 07:32:53 elapsed time
Statistics on the network after iteration 592 (MF = 107.353050)
	Number of nodes: 27919
	Number of allocated nodes: 28672
	Number of edges: 205965
	Maximum in degree: 585 (node 27517)
	Maximum out degree: 497 (node 7314)
	source 637 (node 7314) with out degree 497
	target 1010 (node 27517) with in degree 585

Execution time and memory used at after iteration 593 (MF = 107.353050): 2.725339e+04 seconds, 261120000 bytes of memory usage, 556240 kB of memory peak and 07:34:18 elapsed time
Statistics on the network after iteration 593 (MF = 107.353050)
	Number of nodes: 27919
	Number of allocated nodes: 28672
	Number of edges: 205965
	Maximum in degree: 585 (node 27517)
	Maximum out degree: 497 (node 7314)
	source 637 (node 7314) with out degree 497
	target 1010 (node 27517) with in degree 585

Execution time and memory used at after iteration 594 (MF = 107.353050): 2.733880e+04 seconds, 261296128 bytes of memory usage, 556240 kB of memory peak and 07:35:43 elapsed time
Statistics on the network after iteration 594 (MF = 107.353050)
	Number of nodes: 27919
	Number of allocated nodes: 28672
	Number of edges: 205965
	Maximum in degree: 585 (node 27517)
	Maximum out degree: 497 (node 7314)
	source 637 (node 7314) with out degree 497
	target 1010 (node 27517) with in degree 585

Execution time and memory used at after iteration 595 (MF = 107.280961): 2.742441e+04 seconds, 261472256 bytes of memory usage, 556240 kB of memory peak and 07:37:09 elapsed time
Statistics on the network after iteration 595 (MF = 107.280961)
	Number of nodes: 27919
	Number of allocated nodes: 28672
	Number of edges: 205965
	Maximum in degree: 585 (node 27517)
	Maximum out degree: 497 (node 7314)
	source 637 (node 7314) with out degree 497
	target 1010 (node 27517) with in degree 585

Execution time and memory used at after iteration 596 (MF = 107.280961): 2.751130e+04 seconds, 261652480 bytes of memory usage, 556240 kB of memory peak and 07:38:36 elapsed time
Statistics on the network after iteration 596 (MF = 107.280961)
	Number of nodes: 27919
	Number of allocated nodes: 28672
	Number of edges: 205965
	Maximum in degree: 585 (node 27517)
	Maximum out degree: 497 (node 7314)
	source 637 (node 7314) with out degree 497
	target 1010 (node 27517) with in degree 585

Execution time and memory used at after iteration 597 (MF = 107.280961): 2.759826e+04 seconds, 261828608 bytes of memory usage, 556240 kB of memory peak and 07:40:03 elapsed time
Statistics on the network after iteration 597 (MF = 107.280961)
	Number of nodes: 27919
	Number of allocated nodes: 28672
	Number of edges: 205965
	Maximum in degree: 585 (node 27517)
	Maximum out degree: 497 (node 7314)
	source 637 (node 7314) with out degree 497
	target 1010 (node 27517) with in degree 585

Execution time and memory used at after iteration 598 (MF = 107.280961): 2.768559e+04 seconds, 262017024 bytes of memory usage, 556240 kB of memory peak and 07:41:30 elapsed time
Statistics on the network after iteration 598 (MF = 107.280961)
	Number of nodes: 27919
	Number of allocated nodes: 28672
	Number of edges: 205965
	Maximum in degree: 585 (node 27517)
	Maximum out degree: 497 (node 7314)
	source 637 (node 7314) with out degree 497
	target 1010 (node 27517) with in degree 585

Execution time and memory used at after iteration 599 (MF = 107.280961): 2.777327e+04 seconds, 262197248 bytes of memory usage, 556240 kB of memory peak and 07:42:58 elapsed time
Statistics on the network after iteration 599 (MF = 107.280961)
	Number of nodes: 27919
	Number of allocated nodes: 28672
	Number of edges: 205965
	Maximum in degree: 585 (node 27517)
	Maximum out degree: 497 (node 7314)
	source 637 (node 7314) with out degree 497
	target 1010 (node 27517) with in degree 585

Execution time and memory used at after iteration 600 (MF = 107.280961): 2.786103e+04 seconds, 262365184 bytes of memory usage, 556240 kB of memory peak and 07:44:26 elapsed time
Statistics on the network after iteration 600 (MF = 107.280961)
	Number of nodes: 27919
	Number of allocated nodes: 28672
	Number of edges: 205965
	Maximum in degree: 585 (node 27517)
	Maximum out degree: 497 (node 7314)
	source 637 (node 7314) with out degree 497
	target 1010 (node 27517) with in degree 585

Execution time and memory used at after iteration 601 (MF = 107.280961): 2.794910e+04 seconds, 262549504 bytes of memory usage, 556240 kB of memory peak and 07:45:54 elapsed time
Statistics on the network after iteration 601 (MF = 107.280961)
	Number of nodes: 27919
	Number of allocated nodes: 28672
	Number of edges: 205965
	Maximum in degree: 585 (node 27517)
	Maximum out degree: 497 (node 7314)
	source 637 (node 7314) with out degree 497
	target 1010 (node 27517) with in degree 585

Execution time and memory used at after iteration 602 (MF = 107.280961): 2.804671e+04 seconds, 262721536 bytes of memory usage, 556240 kB of memory peak and 07:47:31 elapsed time
Statistics on the network after iteration 602 (MF = 107.280961)
	Number of nodes: 27919
	Number of allocated nodes: 28672
	Number of edges: 205965
	Maximum in degree: 585 (node 27517)
	Maximum out degree: 497 (node 7314)
	source 637 (node 7314) with out degree 497
	target 1010 (node 27517) with in degree 585

Execution time and memory used at after iteration 603 (MF = 107.280961): 2.813538e+04 seconds, 262905856 bytes of memory usage, 556240 kB of memory peak and 07:49:00 elapsed time
Statistics on the network after iteration 603 (MF = 107.280961)
	Number of nodes: 27919
	Number of allocated nodes: 28672
	Number of edges: 205965
	Maximum in degree: 585 (node 27517)
	Maximum out degree: 497 (node 7314)
	source 637 (node 7314) with out degree 497
	target 1010 (node 27517) with in degree 585

Execution time and memory used at after iteration 604 (MF = 107.280961): 2.822389e+04 seconds, 263081984 bytes of memory usage, 556488 kB of memory peak and 07:50:29 elapsed time
Statistics on the network after iteration 604 (MF = 107.280961)
	Number of nodes: 27919
	Number of allocated nodes: 28672
	Number of edges: 205965
	Maximum in degree: 585 (node 27517)
	Maximum out degree: 497 (node 7314)
	source 637 (node 7314) with out degree 497
	target 1010 (node 27517) with in degree 585

Execution time and memory used at after iteration 605 (MF = 107.280961): 2.831279e+04 seconds, 263266304 bytes of memory usage, 557020 kB of memory peak and 07:51:58 elapsed time
Statistics on the network after iteration 605 (MF = 107.280961)
	Number of nodes: 27919
	Number of allocated nodes: 28672
	Number of edges: 205965
	Maximum in degree: 585 (node 27517)
	Maximum out degree: 497 (node 7314)
	source 637 (node 7314) with out degree 497
	target 1010 (node 27517) with in degree 585

Execution time and memory used at after iteration 606 (MF = 107.280961): 2.840180e+04 seconds, 263446528 bytes of memory usage, 557560 kB of memory peak and 07:53:27 elapsed time
Statistics on the network after iteration 606 (MF = 107.280961)
	Number of nodes: 27919
	Number of allocated nodes: 28672
	Number of edges: 205965
	Maximum in degree: 585 (node 27517)
	Maximum out degree: 497 (node 7314)
	source 637 (node 7314) with out degree 497
	target 1010 (node 27517) with in degree 585

Execution time and memory used at after iteration 607 (MF = 107.280961): 2.849056e+04 seconds, 263622656 bytes of memory usage, 558096 kB of memory peak and 07:54:55 elapsed time
Statistics on the network after iteration 607 (MF = 107.280961)
	Number of nodes: 27919
	Number of allocated nodes: 28672
	Number of edges: 205965
	Maximum in degree: 585 (node 27517)
	Maximum out degree: 497 (node 7314)
	source 637 (node 7314) with out degree 497
	target 1010 (node 27517) with in degree 585

Execution time and memory used at after iteration 608 (MF = 107.280961): 2.857938e+04 seconds, 263806976 bytes of memory usage, 558096 kB of memory peak and 07:56:24 elapsed time
Statistics on the network after iteration 608 (MF = 107.280961)
	Number of nodes: 27919
	Number of allocated nodes: 28672
	Number of edges: 205965
	Maximum in degree: 585 (node 27517)
	Maximum out degree: 497 (node 7314)
	source 637 (node 7314) with out degree 497
	target 1010 (node 27517) with in degree 585

Execution time and memory used at after iteration 609 (MF = 107.280961): 2.866925e+04 seconds, 263979008 bytes of memory usage, 558364 kB of memory peak and 07:57:54 elapsed time
Statistics on the network after iteration 609 (MF = 107.280961)
	Number of nodes: 27919
	Number of allocated nodes: 28672
	Number of edges: 205965
	Maximum in degree: 585 (node 27517)
	Maximum out degree: 497 (node 7314)
	source 637 (node 7314) with out degree 497
	target 1010 (node 27517) with in degree 585

Execution time and memory used at after iteration 610 (MF = 107.434381): 2.875912e+04 seconds, 264163328 bytes of memory usage, 558904 kB of memory peak and 07:59:24 elapsed time
Statistics on the network after iteration 610 (MF = 107.434381)
	Number of nodes: 27919
	Number of allocated nodes: 28672
	Number of edges: 205965
	Maximum in degree: 585 (node 27517)
	Maximum out degree: 497 (node 7314)
	source 637 (node 7314) with out degree 497
	target 1010 (node 27517) with in degree 585

Execution time and memory used at after iteration 611 (MF = 107.339187): 2.884930e+04 seconds, 264347648 bytes of memory usage, 559444 kB of memory peak and 08:00:54 elapsed time
Statistics on the network after iteration 611 (MF = 107.339187)
	Number of nodes: 27919
	Number of allocated nodes: 28672
	Number of edges: 205965
	Maximum in degree: 585 (node 27517)
	Maximum out degree: 497 (node 7314)
	source 637 (node 7314) with out degree 497
	target 1010 (node 27517) with in degree 585

Execution time and memory used at after iteration 612 (MF = 107.353050): 2.894063e+04 seconds, 264523776 bytes of memory usage, 559976 kB of memory peak and 08:02:25 elapsed time
Statistics on the network after iteration 612 (MF = 107.353050)
	Number of nodes: 27919
	Number of allocated nodes: 28672
	Number of edges: 205965
	Maximum in degree: 585 (node 27517)
	Maximum out degree: 497 (node 7314)
	source 637 (node 7314) with out degree 497
	target 1010 (node 27517) with in degree 585

Execution time and memory used at after iteration 613 (MF = 107.376155): 2.903202e+04 seconds, 264704000 bytes of memory usage, 560524 kB of memory peak and 08:03:57 elapsed time
Statistics on the network after iteration 613 (MF = 107.376155)
	Number of nodes: 27919
	Number of allocated nodes: 28672
	Number of edges: 205965
	Maximum in degree: 585 (node 27517)
	Maximum out degree: 497 (node 7314)
	source 637 (node 7314) with out degree 497
	target 1010 (node 27517) with in degree 585

Execution time and memory used at after iteration 614 (MF = 107.280961): 2.912333e+04 seconds, 264880128 bytes of memory usage, 560524 kB of memory peak and 08:05:28 elapsed time
Statistics on the network after iteration 614 (MF = 107.280961)
	Number of nodes: 27919
	Number of allocated nodes: 28672
	Number of edges: 205965
	Maximum in degree: 585 (node 27517)
	Maximum out degree: 497 (node 7314)
	source 637 (node 7314) with out degree 497
	target 1010 (node 27517) with in degree 585

Execution time and memory used at after iteration 615 (MF = 107.294824): 2.921570e+04 seconds, 265056256 bytes of memory usage, 560784 kB of memory peak and 08:07:00 elapsed time
Statistics on the network after iteration 615 (MF = 107.294824)
	Number of nodes: 27919
	Number of allocated nodes: 28672
	Number of edges: 205965
	Maximum in degree: 585 (node 27517)
	Maximum out degree: 497 (node 7314)
	source 637 (node 7314) with out degree 497
	target 1010 (node 27517) with in degree 585

Execution time and memory used at after iteration 616 (MF = 107.339187): 2.930821e+04 seconds, 265236480 bytes of memory usage, 561324 kB of memory peak and 08:08:33 elapsed time
Statistics on the network after iteration 616 (MF = 107.339187)
	Number of nodes: 27919
	Number of allocated nodes: 28672
	Number of edges: 205965
	Maximum in degree: 585 (node 27517)
	Maximum out degree: 497 (node 7314)
	source 637 (node 7314) with out degree 497
	target 1010 (node 27517) with in degree 585

Execution time and memory used at after iteration 617 (MF = 107.353050): 2.940110e+04 seconds, 265412608 bytes of memory usage, 561848 kB of memory peak and 08:10:06 elapsed time
Statistics on the network after iteration 617 (MF = 107.353050)
	Number of nodes: 27919
	Number of allocated nodes: 28672
	Number of edges: 205965
	Maximum in degree: 585 (node 27517)
	Maximum out degree: 497 (node 7314)
	source 637 (node 7314) with out degree 497
	target 1010 (node 27517) with in degree 585

Execution time and memory used at after iteration 618 (MF = 107.339187): 2.949426e+04 seconds, 265596928 bytes of memory usage, 562388 kB of memory peak and 08:11:39 elapsed time
Statistics on the network after iteration 618 (MF = 107.339187)
	Number of nodes: 27919
	Number of allocated nodes: 28672
	Number of edges: 205965
	Maximum in degree: 585 (node 27517)
	Maximum out degree: 497 (node 7314)
	source 637 (node 7314) with out degree 497
	target 1010 (node 27517) with in degree 585

Execution time and memory used at after iteration 619 (MF = 107.339187): 2.958753e+04 seconds, 265768960 bytes of memory usage, 562924 kB of memory peak and 08:13:12 elapsed time
Statistics on the network after iteration 619 (MF = 107.339187)
	Number of nodes: 27919
	Number of allocated nodes: 28672
	Number of edges: 205965
	Maximum in degree: 585 (node 27517)
	Maximum out degree: 497 (node 7314)
	source 637 (node 7314) with out degree 497
	target 1010 (node 27517) with in degree 585

Execution time and memory used at after iteration 620 (MF = 107.339187): 2.968098e+04 seconds, 265953280 bytes of memory usage, 563480 kB of memory peak and 08:14:46 elapsed time
Statistics on the network after iteration 620 (MF = 107.339187)
	Number of nodes: 27919
	Number of allocated nodes: 28672
	Number of edges: 205965
	Maximum in degree: 585 (node 27517)
	Maximum out degree: 497 (node 7314)
	source 637 (node 7314) with out degree 497
	target 1010 (node 27517) with in degree 585

Execution time and memory used at after iteration 621 (MF = 107.339187): 2.977435e+04 seconds, 266129408 bytes of memory usage, 563480 kB of memory peak and 08:16:19 elapsed time
Statistics on the network after iteration 621 (MF = 107.339187)
	Number of nodes: 27919
	Number of allocated nodes: 28672
	Number of edges: 205965
	Maximum in degree: 585 (node 27517)
	Maximum out degree: 497 (node 7314)
	source 637 (node 7314) with out degree 497
	target 1010 (node 27517) with in degree 585

Execution time and memory used at after iteration 622 (MF = 107.339187): 2.986782e+04 seconds, 266309632 bytes of memory usage, 563728 kB of memory peak and 08:17:53 elapsed time
Statistics on the network after iteration 622 (MF = 107.339187)
	Number of nodes: 27919
	Number of allocated nodes: 28672
	Number of edges: 205965
	Maximum in degree: 585 (node 27517)
	Maximum out degree: 497 (node 7314)
	source 637 (node 7314) with out degree 497
	target 1010 (node 27517) with in degree 585

Execution time and memory used at after iteration 623 (MF = 107.339187): 2.996135e+04 seconds, 266485760 bytes of memory usage, 564252 kB of memory peak and 08:19:26 elapsed time
Statistics on the network after iteration 623 (MF = 107.339187)
	Number of nodes: 27919
	Number of allocated nodes: 28672
	Number of edges: 205965
	Maximum in degree: 585 (node 27517)
	Maximum out degree: 497 (node 7314)
	source 637 (node 7314) with out degree 497
	target 1010 (node 27517) with in degree 585

Execution time and memory used at after iteration 624 (MF = 107.339187): 3.006340e+04 seconds, 266670080 bytes of memory usage, 564812 kB of memory peak and 08:21:08 elapsed time
Statistics on the network after iteration 624 (MF = 107.339187)
	Number of nodes: 27919
	Number of allocated nodes: 28672
	Number of edges: 205965
	Maximum in degree: 585 (node 27517)
	Maximum out degree: 497 (node 7314)
	source 637 (node 7314) with out degree 497
	target 1010 (node 27517) with in degree 585

Execution time and memory used at after iteration 625 (MF = 107.280961): 3.016555e+04 seconds, 266846208 bytes of memory usage, 565344 kB of memory peak and 08:22:50 elapsed time
Statistics on the network after iteration 625 (MF = 107.280961)
	Number of nodes: 27919
	Number of allocated nodes: 28672
	Number of edges: 205965
	Maximum in degree: 585 (node 27517)
	Maximum out degree: 497 (node 7314)
	source 637 (node 7314) with out degree 497
	target 1010 (node 27517) with in degree 585

Execution time and memory used at after iteration 626 (MF = 107.280961): 3.026780e+04 seconds, 267030528 bytes of memory usage, 565880 kB of memory peak and 08:24:33 elapsed time
Statistics on the network after iteration 626 (MF = 107.280961)
	Number of nodes: 27919
	Number of allocated nodes: 28672
	Number of edges: 205965
	Maximum in degree: 585 (node 27517)
	Maximum out degree: 497 (node 7314)
	source 637 (node 7314) with out degree 497
	target 1010 (node 27517) with in degree 585

Execution time and memory used at after iteration 627 (MF = 107.280961): 3.036992e+04 seconds, 267206656 bytes of memory usage, 566404 kB of memory peak and 08:26:15 elapsed time
Statistics on the network after iteration 627 (MF = 107.280961)
	Number of nodes: 27919
	Number of allocated nodes: 28672
	Number of edges: 205965
	Maximum in degree: 585 (node 27517)
	Maximum out degree: 497 (node 7314)
	source 637 (node 7314) with out degree 497
	target 1010 (node 27517) with in degree 585

Execution time and memory used at after iteration 628 (MF = 107.280961): 3.047241e+04 seconds, 267370496 bytes of memory usage, 566404 kB of memory peak and 08:27:57 elapsed time
Statistics on the network after iteration 628 (MF = 107.280961)
	Number of nodes: 27919
	Number of allocated nodes: 28672
	Number of edges: 205965
	Maximum in degree: 585 (node 27517)
	Maximum out degree: 497 (node 7314)
	source 637 (node 7314) with out degree 497
	target 1010 (node 27517) with in degree 585

Execution time and memory used at after iteration 629 (MF = 107.280961): 3.057468e+04 seconds, 267546624 bytes of memory usage, 566656 kB of memory peak and 08:29:40 elapsed time
Statistics on the network after iteration 629 (MF = 107.280961)
	Number of nodes: 27919
	Number of allocated nodes: 28672
	Number of edges: 205965
	Maximum in degree: 585 (node 27517)
	Maximum out degree: 497 (node 7314)
	source 637 (node 7314) with out degree 497
	target 1010 (node 27517) with in degree 585

Execution time and memory used at after iteration 630 (MF = 107.280961): 3.067716e+04 seconds, 267730944 bytes of memory usage, 567192 kB of memory peak and 08:31:22 elapsed time
Statistics on the network after iteration 630 (MF = 107.280961)
	Number of nodes: 27919
	Number of allocated nodes: 28672
	Number of edges: 205965
	Maximum in degree: 585 (node 27517)
	Maximum out degree: 497 (node 7314)
	source 637 (node 7314) with out degree 497
	target 1010 (node 27517) with in degree 585

Execution time and memory used at after iteration 631 (MF = 107.280961): 3.077453e+04 seconds, 267907072 bytes of memory usage, 567716 kB of memory peak and 08:32:59 elapsed time
Statistics on the network after iteration 631 (MF = 107.280961)
	Number of nodes: 27919
	Number of allocated nodes: 28672
	Number of edges: 205965
	Maximum in degree: 585 (node 27517)
	Maximum out degree: 497 (node 7314)
	source 637 (node 7314) with out degree 497
	target 1010 (node 27517) with in degree 585

Execution time and memory used at after iteration 632 (MF = 107.339187): 3.087168e+04 seconds, 268083200 bytes of memory usage, 568264 kB of memory peak and 08:34:37 elapsed time
Statistics on the network after iteration 632 (MF = 107.339187)
	Number of nodes: 27919
	Number of allocated nodes: 28672
	Number of edges: 205965
	Maximum in degree: 585 (node 27517)
	Maximum out degree: 497 (node 7314)
	source 637 (node 7314) with out degree 497
	target 1010 (node 27517) with in degree 585

Execution time and memory used at after iteration 633 (MF = 107.353050): 3.097034e+04 seconds, 268255232 bytes of memory usage, 568792 kB of memory peak and 08:36:15 elapsed time
Statistics on the network after iteration 633 (MF = 107.353050)
	Number of nodes: 27919
	Number of allocated nodes: 28672
	Number of edges: 205965
	Maximum in degree: 585 (node 27517)
	Maximum out degree: 497 (node 7314)
	source 637 (node 7314) with out degree 497
	target 1010 (node 27517) with in degree 585

Execution time and memory used at after iteration 634 (MF = 107.339187): 3.106844e+04 seconds, 268439552 bytes of memory usage, 569332 kB of memory peak and 08:37:53 elapsed time
Statistics on the network after iteration 634 (MF = 107.339187)
	Number of nodes: 27919
	Number of allocated nodes: 28672
	Number of edges: 205965
	Maximum in degree: 585 (node 27517)
	Maximum out degree: 497 (node 7314)
	source 637 (node 7314) with out degree 497
	target 1010 (node 27517) with in degree 585

Execution time and memory used at after iteration 635 (MF = 107.339187): 3.116736e+04 seconds, 268615680 bytes of memory usage, 569332 kB of memory peak and 08:39:32 elapsed time
Statistics on the network after iteration 635 (MF = 107.339187)
	Number of nodes: 27919
	Number of allocated nodes: 28672
	Number of edges: 205965
	Maximum in degree: 585 (node 27517)
	Maximum out degree: 497 (node 7314)
	source 637 (node 7314) with out degree 497
	target 1010 (node 27517) with in degree 585

Execution time and memory used at after iteration 636 (MF = 107.339187): 3.126637e+04 seconds, 268800000 bytes of memory usage, 569588 kB of memory peak and 08:41:11 elapsed time
Statistics on the network after iteration 636 (MF = 107.339187)
	Number of nodes: 27919
	Number of allocated nodes: 28672
	Number of edges: 205965
	Maximum in degree: 585 (node 27517)
	Maximum out degree: 497 (node 7314)
	source 637 (node 7314) with out degree 497
	target 1010 (node 27517) with in degree 585

Execution time and memory used at after iteration 637 (MF = 107.339187): 3.136453e+04 seconds, 268972032 bytes of memory usage, 570128 kB of memory peak and 08:42:50 elapsed time
Statistics on the network after iteration 637 (MF = 107.339187)
	Number of nodes: 27919
	Number of allocated nodes: 28672
	Number of edges: 205965
	Maximum in degree: 585 (node 27517)
	Maximum out degree: 497 (node 7314)
	source 637 (node 7314) with out degree 497
	target 1010 (node 27517) with in degree 585

Execution time and memory used at after iteration 638 (MF = 107.411275): 3.146385e+04 seconds, 269156352 bytes of memory usage, 577300 kB of memory peak and 08:44:29 elapsed time
Statistics on the network after iteration 638 (MF = 107.411275)
	Number of nodes: 27919
	Number of allocated nodes: 28672
	Number of edges: 205965
	Maximum in degree: 585 (node 27517)
	Maximum out degree: 497 (node 7314)
	source 637 (node 7314) with out degree 497
	target 1010 (node 27517) with in degree 585

Execution time and memory used at after iteration 639 (MF = 107.339187): 3.156338e+04 seconds, 269332480 bytes of memory usage, 577840 kB of memory peak and 08:46:08 elapsed time
Statistics on the network after iteration 639 (MF = 107.339187)
	Number of nodes: 27919
	Number of allocated nodes: 28672
	Number of edges: 205965
	Maximum in degree: 585 (node 27517)
	Maximum out degree: 497 (node 7314)
	source 637 (node 7314) with out degree 497
	target 1010 (node 27517) with in degree 585

Execution time and memory used at after iteration 640 (MF = 107.339187): 3.166174e+04 seconds, 269504512 bytes of memory usage, 578164 kB of memory peak and 08:47:47 elapsed time
Statistics on the network after iteration 640 (MF = 107.339187)
	Number of nodes: 27919
	Number of allocated nodes: 28672
	Number of edges: 205965
	Maximum in degree: 585 (node 27517)
	Maximum out degree: 497 (node 7314)
	source 637 (node 7314) with out degree 497
	target 1010 (node 27517) with in degree 585

Execution time and memory used at after iteration 641 (MF = 107.339187): 3.176211e+04 seconds, 269688832 bytes of memory usage, 578696 kB of memory peak and 08:49:27 elapsed time
Statistics on the network after iteration 641 (MF = 107.339187)
	Number of nodes: 27919
	Number of allocated nodes: 28672
	Number of edges: 205965
	Maximum in degree: 585 (node 27517)
	Maximum out degree: 497 (node 7314)
	source 637 (node 7314) with out degree 497
	target 1010 (node 27517) with in degree 585

Execution time and memory used at after iteration 642 (MF = 107.339187): 3.186293e+04 seconds, 269864960 bytes of memory usage, 579236 kB of memory peak and 08:51:08 elapsed time
Statistics on the network after iteration 642 (MF = 107.339187)
	Number of nodes: 27919
	Number of allocated nodes: 28672
	Number of edges: 205965
	Maximum in degree: 585 (node 27517)
	Maximum out degree: 497 (node 7314)
	source 637 (node 7314) with out degree 497
	target 1010 (node 27517) with in degree 585

Execution time and memory used at after iteration 643 (MF = 107.339187): 3.196247e+04 seconds, 270045184 bytes of memory usage, 579780 kB of memory peak and 08:52:48 elapsed time
Statistics on the network after iteration 643 (MF = 107.339187)
	Number of nodes: 27919
	Number of allocated nodes: 28672
	Number of edges: 205965
	Maximum in degree: 585 (node 27517)
	Maximum out degree: 497 (node 7314)
	source 637 (node 7314) with out degree 497
	target 1010 (node 27517) with in degree 585

Execution time and memory used at after iteration 644 (MF = 107.339187): 3.206409e+04 seconds, 270229504 bytes of memory usage, 580328 kB of memory peak and 08:54:29 elapsed time
Statistics on the network after iteration 644 (MF = 107.339187)
	Number of nodes: 27919
	Number of allocated nodes: 28672
	Number of edges: 205965
	Maximum in degree: 585 (node 27517)
	Maximum out degree: 497 (node 7314)
	source 637 (node 7314) with out degree 497
	target 1010 (node 27517) with in degree 585

Execution time and memory used at after iteration 645 (MF = 107.280961): 3.216613e+04 seconds, 270405632 bytes of memory usage, 580856 kB of memory peak and 08:56:11 elapsed time
Statistics on the network after iteration 645 (MF = 107.280961)
	Number of nodes: 27919
	Number of allocated nodes: 28672
	Number of edges: 205965
	Maximum in degree: 585 (node 27517)
	Maximum out degree: 497 (node 7314)
	source 637 (node 7314) with out degree 497
	target 1010 (node 27517) with in degree 585

Execution time and memory used at after iteration 646 (MF = 107.280961): 3.225839e+04 seconds, 270577664 bytes of memory usage, 602740 kB of memory peak and 08:57:44 elapsed time
Statistics on the network after iteration 646 (MF = 107.280961)
	Number of nodes: 27919
	Number of allocated nodes: 28672
	Number of edges: 205965
	Maximum in degree: 585 (node 27517)
	Maximum out degree: 497 (node 7314)
	source 637 (node 7314) with out degree 497
	target 1010 (node 27517) with in degree 585

Execution time and memory used at after iteration 647 (MF = 107.339187): 3.235070e+04 seconds, 270766080 bytes of memory usage, 603312 kB of memory peak and 08:59:16 elapsed time
Statistics on the network after iteration 647 (MF = 107.339187)
	Number of nodes: 27919
	Number of allocated nodes: 28672
	Number of edges: 205965
	Maximum in degree: 585 (node 27517)
	Maximum out degree: 497 (node 7314)
	source 637 (node 7314) with out degree 497
	target 1010 (node 27517) with in degree 585

Execution time and memory used at after iteration 648 (MF = 107.339187): 3.244304e+04 seconds, 270942208 bytes of memory usage, 603880 kB of memory peak and 09:00:48 elapsed time
Statistics on the network after iteration 648 (MF = 107.339187)
	Number of nodes: 27919
	Number of allocated nodes: 28672
	Number of edges: 205965
	Maximum in degree: 585 (node 27517)
	Maximum out degree: 497 (node 7314)
	source 637 (node 7314) with out degree 497
	target 1010 (node 27517) with in degree 585

Execution time and memory used at after iteration 649 (MF = 107.339187): 3.253538e+04 seconds, 271114240 bytes of memory usage, 604448 kB of memory peak and 09:02:21 elapsed time
Statistics on the network after iteration 649 (MF = 107.339187)
	Number of nodes: 27919
	Number of allocated nodes: 28672
	Number of edges: 205965
	Maximum in degree: 585 (node 27517)
	Maximum out degree: 497 (node 7314)
	source 637 (node 7314) with out degree 497
	target 1010 (node 27517) with in degree 585

Execution time and memory used at after iteration 650 (MF = 107.339187): 3.262792e+04 seconds, 271290368 bytes of memory usage, 605024 kB of memory peak and 09:03:53 elapsed time
Statistics on the network after iteration 650 (MF = 107.339187)
	Number of nodes: 27919
	Number of allocated nodes: 28672
	Number of edges: 205965
	Maximum in degree: 585 (node 27517)
	Maximum out degree: 497 (node 7314)
	source 637 (node 7314) with out degree 497
	target 1010 (node 27517) with in degree 585

Execution time and memory used at after iteration 651 (MF = 107.339187): 3.272054e+04 seconds, 271474688 bytes of memory usage, 605024 kB of memory peak and 09:05:26 elapsed time
Statistics on the network after iteration 651 (MF = 107.339187)
	Number of nodes: 27919
	Number of allocated nodes: 28672
	Number of edges: 205965
	Maximum in degree: 585 (node 27517)
	Maximum out degree: 497 (node 7314)
	source 637 (node 7314) with out degree 497
	target 1010 (node 27517) with in degree 585

Execution time and memory used at after iteration 652 (MF = 107.339187): 3.281371e+04 seconds, 271646720 bytes of memory usage, 605352 kB of memory peak and 09:06:59 elapsed time
Statistics on the network after iteration 652 (MF = 107.339187)
	Number of nodes: 27919
	Number of allocated nodes: 28672
	Number of edges: 205965
	Maximum in degree: 585 (node 27517)
	Maximum out degree: 497 (node 7314)
	source 637 (node 7314) with out degree 497
	target 1010 (node 27517) with in degree 585

Execution time and memory used at after iteration 653 (MF = 107.434381): 3.290728e+04 seconds, 271831040 bytes of memory usage, 605928 kB of memory peak and 09:08:33 elapsed time
Statistics on the network after iteration 653 (MF = 107.434381)
	Number of nodes: 27919
	Number of allocated nodes: 28672
	Number of edges: 205965
	Maximum in degree: 585 (node 27517)
	Maximum out degree: 497 (node 7314)
	source 637 (node 7314) with out degree 497
	target 1010 (node 27517) with in degree 585

Execution time and memory used at after iteration 654 (MF = 107.339187): 3.300094e+04 seconds, 272007168 bytes of memory usage, 605984 kB of memory peak and 09:10:06 elapsed time
Statistics on the network after iteration 654 (MF = 107.339187)
	Number of nodes: 27919
	Number of allocated nodes: 28672
	Number of edges: 205965
	Maximum in degree: 585 (node 27517)
	Maximum out degree: 497 (node 7314)
	source 637 (node 7314) with out degree 497
	target 1010 (node 27517) with in degree 585

Execution time and memory used at after iteration 655 (MF = 107.411275): 3.309469e+04 seconds, 272187392 bytes of memory usage, 606488 kB of memory peak and 09:11:40 elapsed time
Statistics on the network after iteration 655 (MF = 107.411275)
	Number of nodes: 27919
	Number of allocated nodes: 28672
	Number of edges: 205965
	Maximum in degree: 585 (node 27517)
	Maximum out degree: 497 (node 7314)
	source 637 (node 7314) with out degree 497
	target 1010 (node 27517) with in degree 585

Execution time and memory used at after iteration 656 (MF = 107.339187): 3.318862e+04 seconds, 272363520 bytes of memory usage, 606832 kB of memory peak and 09:13:14 elapsed time
Statistics on the network after iteration 656 (MF = 107.339187)
	Number of nodes: 27919
	Number of allocated nodes: 28672
	Number of edges: 205965
	Maximum in degree: 585 (node 27517)
	Maximum out degree: 497 (node 7314)
	source 637 (node 7314) with out degree 497
	target 1010 (node 27517) with in degree 585

Execution time and memory used at after iteration 657 (MF = 107.339187): 3.328245e+04 seconds, 272539648 bytes of memory usage, 607236 kB of memory peak and 09:14:48 elapsed time
Statistics on the network after iteration 657 (MF = 107.339187)
	Number of nodes: 27919
	Number of allocated nodes: 28672
	Number of edges: 205965
	Maximum in degree: 585 (node 27517)
	Maximum out degree: 497 (node 7314)
	source 637 (node 7314) with out degree 497
	target 1010 (node 27517) with in degree 585

Execution time and memory used at after iteration 658 (MF = 107.339187): 3.337793e+04 seconds, 272719872 bytes of memory usage, 607716 kB of memory peak and 09:16:23 elapsed time
Statistics on the network after iteration 658 (MF = 107.339187)
	Number of nodes: 27919
	Number of allocated nodes: 28672
	Number of edges: 205965
	Maximum in degree: 585 (node 27517)
	Maximum out degree: 497 (node 7314)
	source 637 (node 7314) with out degree 497
	target 1010 (node 27517) with in degree 585

Execution time and memory used at after iteration 659 (MF = 107.339187): 3.347341e+04 seconds, 272896000 bytes of memory usage, 608260 kB of memory peak and 09:17:59 elapsed time
Statistics on the network after iteration 659 (MF = 107.339187)
	Number of nodes: 27919
	Number of allocated nodes: 28672
	Number of edges: 205965
	Maximum in degree: 585 (node 27517)
	Maximum out degree: 497 (node 7314)
	source 637 (node 7314) with out degree 497
	target 1010 (node 27517) with in degree 585

Execution time and memory used at after iteration 660 (MF = 107.339187): 3.356904e+04 seconds, 273080320 bytes of memory usage, 608480 kB of memory peak and 09:19:34 elapsed time
Statistics on the network after iteration 660 (MF = 107.339187)
	Number of nodes: 27919
	Number of allocated nodes: 28672
	Number of edges: 205965
	Maximum in degree: 585 (node 27517)
	Maximum out degree: 497 (node 7314)
	source 637 (node 7314) with out degree 497
	target 1010 (node 27517) with in degree 585

Execution time and memory used at after iteration 661 (MF = 107.339187): 3.366450e+04 seconds, 273252352 bytes of memory usage, 608944 kB of memory peak and 09:21:10 elapsed time
Statistics on the network after iteration 661 (MF = 107.339187)
	Number of nodes: 27919
	Number of allocated nodes: 28672
	Number of edges: 205965
	Maximum in degree: 585 (node 27517)
	Maximum out degree: 497 (node 7314)
	source 637 (node 7314) with out degree 497
	target 1010 (node 27517) with in degree 585

Execution time and memory used at after iteration 662 (MF = 107.339187): 3.376288e+04 seconds, 273428480 bytes of memory usage, 609296 kB of memory peak and 09:22:48 elapsed time
Statistics on the network after iteration 662 (MF = 107.339187)
	Number of nodes: 27919
	Number of allocated nodes: 28672
	Number of edges: 205965
	Maximum in degree: 585 (node 27517)
	Maximum out degree: 497 (node 7314)
	source 637 (node 7314) with out degree 497
	target 1010 (node 27517) with in degree 585

Execution time and memory used at after iteration 663 (MF = 107.448244): 3.386119e+04 seconds, 273604608 bytes of memory usage, 609832 kB of memory peak and 09:24:27 elapsed time
Statistics on the network after iteration 663 (MF = 107.448244)
	Number of nodes: 27919
	Number of allocated nodes: 28672
	Number of edges: 205965
	Maximum in degree: 585 (node 27517)
	Maximum out degree: 497 (node 7314)
	source 637 (node 7314) with out degree 497
	target 1010 (node 27517) with in degree 585

Execution time and memory used at after iteration 664 (MF = 107.448244): 3.395964e+04 seconds, 273788928 bytes of memory usage, 610176 kB of memory peak and 09:26:05 elapsed time
Statistics on the network after iteration 664 (MF = 107.448244)
	Number of nodes: 27919
	Number of allocated nodes: 28672
	Number of edges: 205965
	Maximum in degree: 585 (node 27517)
	Maximum out degree: 497 (node 7314)
	source 637 (node 7314) with out degree 497
	target 1010 (node 27517) with in degree 585

Execution time and memory used at after iteration 665 (MF = 107.448244): 3.405811e+04 seconds, 273973248 bytes of memory usage, 610728 kB of memory peak and 09:27:44 elapsed time
Statistics on the network after iteration 665 (MF = 107.448244)
	Number of nodes: 27919
	Number of allocated nodes: 28672
	Number of edges: 205965
	Maximum in degree: 585 (node 27517)
	Maximum out degree: 497 (node 7314)
	source 637 (node 7314) with out degree 497
	target 1010 (node 27517) with in degree 585

Execution time and memory used at after iteration 666 (MF = 107.448244): 3.415679e+04 seconds, 274141184 bytes of memory usage, 611272 kB of memory peak and 09:29:22 elapsed time
Statistics on the network after iteration 666 (MF = 107.448244)
	Number of nodes: 27919
	Number of allocated nodes: 28672
	Number of edges: 205965
	Maximum in degree: 585 (node 27517)
	Maximum out degree: 497 (node 7314)
	source 637 (node 7314) with out degree 497
	target 1010 (node 27517) with in degree 585

Execution time and memory used at after iteration 667 (MF = 107.448244): 3.425543e+04 seconds, 274321408 bytes of memory usage, 611420 kB of memory peak and 09:31:01 elapsed time
Statistics on the network after iteration 667 (MF = 107.448244)
	Number of nodes: 27919
	Number of allocated nodes: 28672
	Number of edges: 205965
	Maximum in degree: 585 (node 27517)
	Maximum out degree: 497 (node 7314)
	source 637 (node 7314) with out degree 497
	target 1010 (node 27517) with in degree 585

Execution time and memory used at after iteration 668 (MF = 107.376155): 3.435491e+04 seconds, 274497536 bytes of memory usage, 611796 kB of memory peak and 09:32:40 elapsed time
Statistics on the network after iteration 668 (MF = 107.376155)
	Number of nodes: 27919
	Number of allocated nodes: 28672
	Number of edges: 205965
	Maximum in degree: 585 (node 27517)
	Maximum out degree: 497 (node 7314)
	source 637 (node 7314) with out degree 497
	target 1010 (node 27517) with in degree 585

Execution time and memory used at after iteration 669 (MF = 107.390018): 3.445483e+04 seconds, 274673664 bytes of memory usage, 612292 kB of memory peak and 09:34:20 elapsed time
Statistics on the network after iteration 669 (MF = 107.390018)
	Number of nodes: 27919
	Number of allocated nodes: 28672
	Number of edges: 205965
	Maximum in degree: 585 (node 27517)
	Maximum out degree: 497 (node 7314)
	source 637 (node 7314) with out degree 497
	target 1010 (node 27517) with in degree 585

Execution time and memory used at after iteration 670 (MF = 107.280961): 3.455527e+04 seconds, 274853888 bytes of memory usage, 612648 kB of memory peak and 09:36:01 elapsed time
Statistics on the network after iteration 670 (MF = 107.280961)
	Number of nodes: 27919
	Number of allocated nodes: 28672
	Number of edges: 205965
	Maximum in degree: 585 (node 27517)
	Maximum out degree: 497 (node 7314)
	source 637 (node 7314) with out degree 497
	target 1010 (node 27517) with in degree 585

Execution time and memory used at after iteration 671 (MF = 107.280961): 3.465636e+04 seconds, 275030016 bytes of memory usage, 613196 kB of memory peak and 09:37:42 elapsed time
Statistics on the network after iteration 671 (MF = 107.280961)
	Number of nodes: 27919
	Number of allocated nodes: 28672
	Number of edges: 205965
	Maximum in degree: 585 (node 27517)
	Maximum out degree: 497 (node 7314)
	source 637 (node 7314) with out degree 497
	target 1010 (node 27517) with in degree 585

Execution time and memory used at after iteration 672 (MF = 107.280961): 3.475945e+04 seconds, 275214336 bytes of memory usage, 613748 kB of memory peak and 09:39:25 elapsed time
Statistics on the network after iteration 672 (MF = 107.280961)
	Number of nodes: 27919
	Number of allocated nodes: 28672
	Number of edges: 205965
	Maximum in degree: 585 (node 27517)
	Maximum out degree: 497 (node 7314)
	source 637 (node 7314) with out degree 497
	target 1010 (node 27517) with in degree 585

Execution time and memory used at after iteration 673 (MF = 107.376155): 3.486247e+04 seconds, 275386368 bytes of memory usage, 613884 kB of memory peak and 09:41:08 elapsed time
Statistics on the network after iteration 673 (MF = 107.376155)
	Number of nodes: 27919
	Number of allocated nodes: 28672
	Number of edges: 205965
	Maximum in degree: 585 (node 27517)
	Maximum out degree: 497 (node 7314)
	source 637 (node 7314) with out degree 497
	target 1010 (node 27517) with in degree 585

Execution time and memory used at after iteration 674 (MF = 107.280961): 3.496581e+04 seconds, 275570688 bytes of memory usage, 614292 kB of memory peak and 09:42:51 elapsed time
Statistics on the network after iteration 674 (MF = 107.280961)
	Number of nodes: 27919
	Number of allocated nodes: 28672
	Number of edges: 205965
	Maximum in degree: 585 (node 27517)
	Maximum out degree: 497 (node 7314)
	source 637 (node 7314) with out degree 497
	target 1010 (node 27517) with in degree 585

Execution time and memory used at after iteration 675 (MF = 107.294824): 3.506915e+04 seconds, 275746816 bytes of memory usage, 614772 kB of memory peak and 09:44:35 elapsed time
Statistics on the network after iteration 675 (MF = 107.294824)
	Number of nodes: 27919
	Number of allocated nodes: 28672
	Number of edges: 205965
	Maximum in degree: 585 (node 27517)
	Maximum out degree: 497 (node 7314)
	source 637 (node 7314) with out degree 497
	target 1010 (node 27517) with in degree 585

Execution time and memory used at after iteration 676 (MF = 107.434381): 3.517528e+04 seconds, 275927040 bytes of memory usage, 615132 kB of memory peak and 09:46:21 elapsed time
Statistics on the network after iteration 676 (MF = 107.434381)
	Number of nodes: 27919
	Number of allocated nodes: 28672
	Number of edges: 205965
	Maximum in degree: 585 (node 27517)
	Maximum out degree: 497 (node 7314)
	source 637 (node 7314) with out degree 497
	target 1010 (node 27517) with in degree 585

Execution time and memory used at after iteration 677 (MF = 107.376155): 3.528709e+04 seconds, 276103168 bytes of memory usage, 615660 kB of memory peak and 09:48:13 elapsed time
Statistics on the network after iteration 677 (MF = 107.376155)
	Number of nodes: 27919
	Number of allocated nodes: 28672
	Number of edges: 205965
	Maximum in degree: 585 (node 27517)
	Maximum out degree: 497 (node 7314)
	source 637 (node 7314) with out degree 497
	target 1010 (node 27517) with in degree 585

Execution time and memory used at after iteration 678 (MF = 107.376155): 3.539941e+04 seconds, 276279296 bytes of memory usage, 616204 kB of memory peak and 09:50:05 elapsed time
Statistics on the network after iteration 678 (MF = 107.376155)
	Number of nodes: 27919
	Number of allocated nodes: 28672
	Number of edges: 205965
	Maximum in degree: 585 (node 27517)
	Maximum out degree: 497 (node 7314)
	source 637 (node 7314) with out degree 497
	target 1010 (node 27517) with in degree 585

Execution time and memory used at after iteration 679 (MF = 107.376155): 3.550680e+04 seconds, 276451328 bytes of memory usage, 616344 kB of memory peak and 09:51:52 elapsed time
Statistics on the network after iteration 679 (MF = 107.376155)
	Number of nodes: 27919
	Number of allocated nodes: 28672
	Number of edges: 205965
	Maximum in degree: 585 (node 27517)
	Maximum out degree: 497 (node 7314)
	source 637 (node 7314) with out degree 497
	target 1010 (node 27517) with in degree 585

Execution time and memory used at after iteration 680 (MF = 107.376155): 3.561458e+04 seconds, 276635648 bytes of memory usage, 616760 kB of memory peak and 09:53:40 elapsed time
Statistics on the network after iteration 680 (MF = 107.376155)
	Number of nodes: 27919
	Number of allocated nodes: 28672
	Number of edges: 205965
	Maximum in degree: 585 (node 27517)
	Maximum out degree: 497 (node 7314)
	source 637 (node 7314) with out degree 497
	target 1010 (node 27517) with in degree 585

Execution time and memory used at after iteration 681 (MF = 107.376155): 3.572264e+04 seconds, 276811776 bytes of memory usage, 617228 kB of memory peak and 09:55:28 elapsed time
Statistics on the network after iteration 681 (MF = 107.376155)
	Number of nodes: 27919
	Number of allocated nodes: 28672
	Number of edges: 205965
	Maximum in degree: 585 (node 27517)
	Maximum out degree: 497 (node 7314)
	source 637 (node 7314) with out degree 497
	target 1010 (node 27517) with in degree 585

Execution time and memory used at after iteration 682 (MF = 107.339187): 3.581023e+04 seconds, 276983808 bytes of memory usage, 617596 kB of memory peak and 09:56:56 elapsed time
Statistics on the network after iteration 682 (MF = 107.339187)
	Number of nodes: 27919
	Number of allocated nodes: 28672
	Number of edges: 205965
	Maximum in degree: 585 (node 27517)
	Maximum out degree: 497 (node 7314)
	source 637 (node 7314) with out degree 497
	target 1010 (node 27517) with in degree 585

Execution time and memory used at after iteration 683 (MF = 107.376155): 3.589777e+04 seconds, 277168128 bytes of memory usage, 618116 kB of memory peak and 09:58:23 elapsed time
Statistics on the network after iteration 683 (MF = 107.376155)
	Number of nodes: 27919
	Number of allocated nodes: 28672
	Number of edges: 205965
	Maximum in degree: 585 (node 27517)
	Maximum out degree: 497 (node 7314)
	source 637 (node 7314) with out degree 497
	target 1010 (node 27517) with in degree 585

Execution time and memory used at after iteration 684 (MF = 107.376155): 3.599019e+04 seconds, 277344256 bytes of memory usage, 618660 kB of memory peak and 09:59:56 elapsed time
Statistics on the network after iteration 684 (MF = 107.376155)
	Number of nodes: 27919
	Number of allocated nodes: 28672
	Number of edges: 205965
	Maximum in degree: 585 (node 27517)
	Maximum out degree: 497 (node 7314)
	source 637 (node 7314) with out degree 497
	target 1010 (node 27517) with in degree 585

Execution time and memory used at after iteration 685 (MF = 107.434381): 3.608529e+04 seconds, 277524480 bytes of memory usage, 618864 kB of memory peak and 10:01:31 elapsed time
Statistics on the network after iteration 685 (MF = 107.434381)
	Number of nodes: 27919
	Number of allocated nodes: 28672
	Number of edges: 205965
	Maximum in degree: 585 (node 27517)
	Maximum out degree: 497 (node 7314)
	source 637 (node 7314) with out degree 497
	target 1010 (node 27517) with in degree 585

Execution time and memory used at after iteration 686 (MF = 107.339187): 3.618157e+04 seconds, 277700608 bytes of memory usage, 619348 kB of memory peak and 10:03:07 elapsed time
Statistics on the network after iteration 686 (MF = 107.339187)
	Number of nodes: 27919
	Number of allocated nodes: 28672
	Number of edges: 205965
	Maximum in degree: 585 (node 27517)
	Maximum out degree: 497 (node 7314)
	source 637 (node 7314) with out degree 497
	target 1010 (node 27517) with in degree 585

Execution time and memory used at after iteration 687 (MF = 107.353050): 3.627768e+04 seconds, 277876736 bytes of memory usage, 619684 kB of memory peak and 10:04:43 elapsed time
Statistics on the network after iteration 687 (MF = 107.353050)
	Number of nodes: 27919
	Number of allocated nodes: 28672
	Number of edges: 205965
	Maximum in degree: 585 (node 27517)
	Maximum out degree: 497 (node 7314)
	source 637 (node 7314) with out degree 497
	target 1010 (node 27517) with in degree 585

Execution time and memory used at after iteration 688 (MF = 107.339187): 3.637377e+04 seconds, 278056960 bytes of memory usage, 620232 kB of memory peak and 10:06:19 elapsed time
Statistics on the network after iteration 688 (MF = 107.339187)
	Number of nodes: 27919
	Number of allocated nodes: 28672
	Number of edges: 205965
	Maximum in degree: 585 (node 27517)
	Maximum out degree: 497 (node 7314)
	source 637 (node 7314) with out degree 497
	target 1010 (node 27517) with in degree 585

Execution time and memory used at after iteration 689 (MF = 107.339187): 3.646994e+04 seconds, 278233088 bytes of memory usage, 620588 kB of memory peak and 10:07:56 elapsed time
Statistics on the network after iteration 689 (MF = 107.339187)
	Number of nodes: 27919
	Number of allocated nodes: 28672
	Number of edges: 205965
	Maximum in degree: 585 (node 27517)
	Maximum out degree: 497 (node 7314)
	source 637 (node 7314) with out degree 497
	target 1010 (node 27517) with in degree 585

Execution time and memory used at after iteration 690 (MF = 107.339187): 3.656615e+04 seconds, 278421504 bytes of memory usage, 621128 kB of memory peak and 10:09:32 elapsed time
Statistics on the network after iteration 690 (MF = 107.339187)
	Number of nodes: 27919
	Number of allocated nodes: 28672
	Number of edges: 205965
	Maximum in degree: 585 (node 27517)
	Maximum out degree: 497 (node 7314)
	source 637 (node 7314) with out degree 497
	target 1010 (node 27517) with in degree 585

Execution time and memory used at after iteration 691 (MF = 107.339187): 3.666243e+04 seconds, 278593536 bytes of memory usage, 621340 kB of memory peak and 10:11:08 elapsed time
Statistics on the network after iteration 691 (MF = 107.339187)
	Number of nodes: 27919
	Number of allocated nodes: 28672
	Number of edges: 205965
	Maximum in degree: 585 (node 27517)
	Maximum out degree: 497 (node 7314)
	source 637 (node 7314) with out degree 497
	target 1010 (node 27517) with in degree 585

Execution time and memory used at after iteration 692 (MF = 107.339187): 3.675895e+04 seconds, 278769664 bytes of memory usage, 621812 kB of memory peak and 10:12:45 elapsed time
Statistics on the network after iteration 692 (MF = 107.339187)
	Number of nodes: 27919
	Number of allocated nodes: 28672
	Number of edges: 205965
	Maximum in degree: 585 (node 27517)
	Maximum out degree: 497 (node 7314)
	source 637 (node 7314) with out degree 497
	target 1010 (node 27517) with in degree 585

Execution time and memory used at after iteration 693 (MF = 107.339187): 3.685533e+04 seconds, 278945792 bytes of memory usage, 622164 kB of memory peak and 10:14:21 elapsed time
Statistics on the network after iteration 693 (MF = 107.339187)
	Number of nodes: 27919
	Number of allocated nodes: 28672
	Number of edges: 205965
	Maximum in degree: 585 (node 27517)
	Maximum out degree: 497 (node 7314)
	source 637 (node 7314) with out degree 497
	target 1010 (node 27517) with in degree 585

Execution time and memory used at after iteration 694 (MF = 107.339187): 3.696128e+04 seconds, 279126016 bytes of memory usage, 622708 kB of memory peak and 10:16:07 elapsed time
Statistics on the network after iteration 694 (MF = 107.339187)
	Number of nodes: 27919
	Number of allocated nodes: 28672
	Number of edges: 205965
	Maximum in degree: 585 (node 27517)
	Maximum out degree: 497 (node 7314)
	source 637 (node 7314) with out degree 497
	target 1010 (node 27517) with in degree 585

Execution time and memory used at after iteration 695 (MF = 107.376155): 3.706745e+04 seconds, 279302144 bytes of memory usage, 623056 kB of memory peak and 10:17:53 elapsed time
Statistics on the network after iteration 695 (MF = 107.376155)
	Number of nodes: 27919
	Number of allocated nodes: 28672
	Number of edges: 205965
	Maximum in degree: 585 (node 27517)
	Maximum out degree: 497 (node 7314)
	source 637 (node 7314) with out degree 497
	target 1010 (node 27517) with in degree 585

Execution time and memory used at after iteration 696 (MF = 107.280961): 3.717380e+04 seconds, 279486464 bytes of memory usage, 623608 kB of memory peak and 10:19:39 elapsed time
Statistics on the network after iteration 696 (MF = 107.280961)
	Number of nodes: 27919
	Number of allocated nodes: 28672
	Number of edges: 205965
	Maximum in degree: 585 (node 27517)
	Maximum out degree: 497 (node 7314)
	source 637 (node 7314) with out degree 497
	target 1010 (node 27517) with in degree 585

Execution time and memory used at after iteration 697 (MF = 107.294824): 3.728034e+04 seconds, 279658496 bytes of memory usage, 624136 kB of memory peak and 10:21:26 elapsed time
Statistics on the network after iteration 697 (MF = 107.294824)
	Number of nodes: 27919
	Number of allocated nodes: 28672
	Number of edges: 205965
	Maximum in degree: 585 (node 27517)
	Maximum out degree: 497 (node 7314)
	source 637 (node 7314) with out degree 497
	target 1010 (node 27517) with in degree 585

Execution time and memory used at after iteration 698 (MF = 107.434381): 3.738726e+04 seconds, 279842816 bytes of memory usage, 624292 kB of memory peak and 10:23:13 elapsed time
Statistics on the network after iteration 698 (MF = 107.434381)
	Number of nodes: 27919
	Number of allocated nodes: 28672
	Number of edges: 205965
	Maximum in degree: 585 (node 27517)
	Maximum out degree: 497 (node 7314)
	source 637 (node 7314) with out degree 497
	target 1010 (node 27517) with in degree 585

Execution time and memory used at after iteration 699 (MF = 107.339187): 3.749425e+04 seconds, 280018944 bytes of memory usage, 624676 kB of memory peak and 10:25:00 elapsed time
Statistics on the network after iteration 699 (MF = 107.339187)
	Number of nodes: 27919
	Number of allocated nodes: 28672
	Number of edges: 205965
	Maximum in degree: 585 (node 27517)
	Maximum out degree: 497 (node 7314)
	source 637 (node 7314) with out degree 497
	target 1010 (node 27517) with in degree 585

Execution time and memory used at after iteration 700 (MF = 107.353050): 3.760549e+04 seconds, 280203264 bytes of memory usage, 625196 kB of memory peak and 10:26:51 elapsed time
Statistics on the network after iteration 700 (MF = 107.353050)
	Number of nodes: 27919
	Number of allocated nodes: 28672
	Number of edges: 205965
	Maximum in degree: 585 (node 27517)
	Maximum out degree: 497 (node 7314)
	source 637 (node 7314) with out degree 497
	target 1010 (node 27517) with in degree 585

Execution time and memory used at after iteration 701 (MF = 107.376155): 3.771693e+04 seconds, 280375296 bytes of memory usage, 625532 kB of memory peak and 10:28:43 elapsed time
Statistics on the network after iteration 701 (MF = 107.376155)
	Number of nodes: 27919
	Number of allocated nodes: 28672
	Number of edges: 205965
	Maximum in degree: 585 (node 27517)
	Maximum out degree: 497 (node 7314)
	source 637 (node 7314) with out degree 497
	target 1010 (node 27517) with in degree 585

Execution time and memory used at after iteration 702 (MF = 107.280961): 3.782854e+04 seconds, 280559616 bytes of memory usage, 626084 kB of memory peak and 10:30:34 elapsed time
Statistics on the network after iteration 702 (MF = 107.280961)
	Number of nodes: 27919
	Number of allocated nodes: 28672
	Number of edges: 205965
	Maximum in degree: 585 (node 27517)
	Maximum out degree: 497 (node 7314)
	source 637 (node 7314) with out degree 497
	target 1010 (node 27517) with in degree 585

Execution time and memory used at after iteration 703 (MF = 107.294824): 3.794068e+04 seconds, 280735744 bytes of memory usage, 626620 kB of memory peak and 10:32:26 elapsed time
Statistics on the network after iteration 703 (MF = 107.294824)
	Number of nodes: 27919
	Number of allocated nodes: 28672
	Number of edges: 205965
	Maximum in degree: 585 (node 27517)
	Maximum out degree: 497 (node 7314)
	source 637 (node 7314) with out degree 497
	target 1010 (node 27517) with in degree 585

Execution time and memory used at after iteration 704 (MF = 107.434381): 3.805305e+04 seconds, 280907776 bytes of memory usage, 627164 kB of memory peak and 10:34:19 elapsed time
Statistics on the network after iteration 704 (MF = 107.434381)
	Number of nodes: 27919
	Number of allocated nodes: 28672
	Number of edges: 205965
	Maximum in degree: 585 (node 27517)
	Maximum out degree: 497 (node 7314)
	source 637 (node 7314) with out degree 497
	target 1010 (node 27517) with in degree 585

Execution time and memory used at after iteration 705 (MF = 107.339187): 3.816570e+04 seconds, 281083904 bytes of memory usage, 627164 kB of memory peak and 10:36:11 elapsed time
Statistics on the network after iteration 705 (MF = 107.339187)
	Number of nodes: 27919
	Number of allocated nodes: 28672
	Number of edges: 205965
	Maximum in degree: 585 (node 27517)
	Maximum out degree: 497 (node 7314)
	source 637 (node 7314) with out degree 497
	target 1010 (node 27517) with in degree 585

Execution time and memory used at after iteration 706 (MF = 107.339187): 3.827827e+04 seconds, 281268224 bytes of memory usage, 627644 kB of memory peak and 10:38:04 elapsed time
Statistics on the network after iteration 706 (MF = 107.339187)
	Number of nodes: 27919
	Number of allocated nodes: 28672
	Number of edges: 205965
	Maximum in degree: 585 (node 27517)
	Maximum out degree: 497 (node 7314)
	source 637 (node 7314) with out degree 497
	target 1010 (node 27517) with in degree 585

Execution time and memory used at after iteration 707 (MF = 107.339187): 3.839131e+04 seconds, 281440256 bytes of memory usage, 627988 kB of memory peak and 10:39:57 elapsed time
Statistics on the network after iteration 707 (MF = 107.339187)
	Number of nodes: 27919
	Number of allocated nodes: 28672
	Number of edges: 205965
	Maximum in degree: 585 (node 27517)
	Maximum out degree: 497 (node 7314)
	source 637 (node 7314) with out degree 497
	target 1010 (node 27517) with in degree 585

Execution time and memory used at after iteration 708 (MF = 107.434381): 3.850518e+04 seconds, 281624576 bytes of memory usage, 628540 kB of memory peak and 10:41:51 elapsed time
Statistics on the network after iteration 708 (MF = 107.434381)
	Number of nodes: 27919
	Number of allocated nodes: 28672
	Number of edges: 205965
	Maximum in degree: 585 (node 27517)
	Maximum out degree: 497 (node 7314)
	source 637 (node 7314) with out degree 497
	target 1010 (node 27517) with in degree 585

Execution time and memory used at after iteration 709 (MF = 107.339187): 3.861922e+04 seconds, 281800704 bytes of memory usage, 629068 kB of memory peak and 10:43:45 elapsed time
Statistics on the network after iteration 709 (MF = 107.339187)
	Number of nodes: 27919
	Number of allocated nodes: 28672
	Number of edges: 205965
	Maximum in degree: 585 (node 27517)
	Maximum out degree: 497 (node 7314)
	source 637 (node 7314) with out degree 497
	target 1010 (node 27517) with in degree 585

Execution time and memory used at after iteration 710 (MF = 107.339187): 3.873971e+04 seconds, 281972736 bytes of memory usage, 629612 kB of memory peak and 10:45:45 elapsed time
Statistics on the network after iteration 710 (MF = 107.339187)
	Number of nodes: 27919
	Number of allocated nodes: 28672
	Number of edges: 205965
	Maximum in degree: 585 (node 27517)
	Maximum out degree: 497 (node 7314)
	source 637 (node 7314) with out degree 497
	target 1010 (node 27517) with in degree 585

Execution time and memory used at after iteration 711 (MF = 107.339187): 3.886029e+04 seconds, 282148864 bytes of memory usage, 630164 kB of memory peak and 10:47:46 elapsed time
Statistics on the network after iteration 711 (MF = 107.339187)
	Number of nodes: 27919
	Number of allocated nodes: 28672
	Number of edges: 205965
	Maximum in degree: 585 (node 27517)
	Maximum out degree: 497 (node 7314)
	source 637 (node 7314) with out degree 497
	target 1010 (node 27517) with in degree 585

Execution time and memory used at after iteration 712 (MF = 107.339187): 3.898095e+04 seconds, 282333184 bytes of memory usage, 630700 kB of memory peak and 10:49:47 elapsed time
Statistics on the network after iteration 712 (MF = 107.339187)
	Number of nodes: 27919
	Number of allocated nodes: 28672
	Number of edges: 205965
	Maximum in degree: 585 (node 27517)
	Maximum out degree: 497 (node 7314)
	source 637 (node 7314) with out degree 497
	target 1010 (node 27517) with in degree 585

Execution time and memory used at after iteration 713 (MF = 107.339187): 3.909650e+04 seconds, 282509312 bytes of memory usage, 630700 kB of memory peak and 10:51:42 elapsed time
Statistics on the network after iteration 713 (MF = 107.339187)
	Number of nodes: 27919
	Number of allocated nodes: 28672
	Number of edges: 205965
	Maximum in degree: 585 (node 27517)
	Maximum out degree: 497 (node 7314)
	source 637 (node 7314) with out degree 497
	target 1010 (node 27517) with in degree 585

Execution time and memory used at after iteration 714 (MF = 107.339187): 3.921254e+04 seconds, 282685440 bytes of memory usage, 630996 kB of memory peak and 10:53:38 elapsed time
Statistics on the network after iteration 714 (MF = 107.339187)
	Number of nodes: 27919
	Number of allocated nodes: 28672
	Number of edges: 205965
	Maximum in degree: 585 (node 27517)
	Maximum out degree: 497 (node 7314)
	source 637 (node 7314) with out degree 497
	target 1010 (node 27517) with in degree 585

Execution time and memory used at after iteration 715 (MF = 107.411275): 3.933086e+04 seconds, 282865664 bytes of memory usage, 631556 kB of memory peak and 10:55:37 elapsed time
Statistics on the network after iteration 715 (MF = 107.411275)
	Number of nodes: 27919
	Number of allocated nodes: 28672
	Number of edges: 205965
	Maximum in degree: 585 (node 27517)
	Maximum out degree: 497 (node 7314)
	source 637 (node 7314) with out degree 497
	target 1010 (node 27517) with in degree 585

Execution time and memory used at after iteration 716 (MF = 107.339187): 3.944884e+04 seconds, 283041792 bytes of memory usage, 632092 kB of memory peak and 10:57:35 elapsed time
Statistics on the network after iteration 716 (MF = 107.339187)
	Number of nodes: 27919
	Number of allocated nodes: 28672
	Number of edges: 205965
	Maximum in degree: 585 (node 27517)
	Maximum out degree: 497 (node 7314)
	source 637 (node 7314) with out degree 497
	target 1010 (node 27517) with in degree 585

Execution time and memory used at after iteration 717 (MF = 107.339187): 3.956683e+04 seconds, 283226112 bytes of memory usage, 632652 kB of memory peak and 10:59:33 elapsed time
Statistics on the network after iteration 717 (MF = 107.339187)
	Number of nodes: 27919
	Number of allocated nodes: 28672
	Number of edges: 205965
	Maximum in degree: 585 (node 27517)
	Maximum out degree: 497 (node 7314)
	source 637 (node 7314) with out degree 497
	target 1010 (node 27517) with in degree 585

Execution time and memory used at after iteration 718 (MF = 107.339187): 3.968743e+04 seconds, 283402240 bytes of memory usage, 632652 kB of memory peak and 11:01:33 elapsed time
Statistics on the network after iteration 718 (MF = 107.339187)
	Number of nodes: 27919
	Number of allocated nodes: 28672
	Number of edges: 205965
	Maximum in degree: 585 (node 27517)
	Maximum out degree: 497 (node 7314)
	source 637 (node 7314) with out degree 497
	target 1010 (node 27517) with in degree 585

Execution time and memory used at after iteration 719 (MF = 107.339187): 3.980777e+04 seconds, 283574272 bytes of memory usage, 632964 kB of memory peak and 11:03:34 elapsed time
Statistics on the network after iteration 719 (MF = 107.339187)
	Number of nodes: 27919
	Number of allocated nodes: 28672
	Number of edges: 205965
	Maximum in degree: 585 (node 27517)
	Maximum out degree: 497 (node 7314)
	source 637 (node 7314) with out degree 497
	target 1010 (node 27517) with in degree 585

Execution time and memory used at after iteration 720 (MF = 107.339187): 3.992791e+04 seconds, 283750400 bytes of memory usage, 633452 kB of memory peak and 11:05:34 elapsed time
Statistics on the network after iteration 720 (MF = 107.339187)
	Number of nodes: 27919
	Number of allocated nodes: 28672
	Number of edges: 205965
	Maximum in degree: 585 (node 27517)
	Maximum out degree: 497 (node 7314)
	source 637 (node 7314) with out degree 497
	target 1010 (node 27517) with in degree 585

Execution time and memory used at after iteration 721 (MF = 107.339187): 4.004814e+04 seconds, 283930624 bytes of memory usage, 633996 kB of memory peak and 11:07:34 elapsed time
Statistics on the network after iteration 721 (MF = 107.339187)
	Number of nodes: 27919
	Number of allocated nodes: 28672
	Number of edges: 205965
	Maximum in degree: 585 (node 27517)
	Maximum out degree: 497 (node 7314)
	source 637 (node 7314) with out degree 497
	target 1010 (node 27517) with in degree 585

Execution time and memory used at after iteration 722 (MF = 107.339187): 4.016853e+04 seconds, 284106752 bytes of memory usage, 634532 kB of memory peak and 11:09:34 elapsed time
Statistics on the network after iteration 722 (MF = 107.339187)
	Number of nodes: 27919
	Number of allocated nodes: 28672
	Number of edges: 205965
	Maximum in degree: 585 (node 27517)
	Maximum out degree: 497 (node 7314)
	source 637 (node 7314) with out degree 497
	target 1010 (node 27517) with in degree 585

Execution time and memory used at after iteration 723 (MF = 107.339187): 4.028897e+04 seconds, 284282880 bytes of memory usage, 635068 kB of memory peak and 11:11:35 elapsed time
Statistics on the network after iteration 723 (MF = 107.339187)
	Number of nodes: 27919
	Number of allocated nodes: 28672
	Number of edges: 205965
	Maximum in degree: 585 (node 27517)
	Maximum out degree: 497 (node 7314)
	source 637 (node 7314) with out degree 497
	target 1010 (node 27517) with in degree 585

Execution time and memory used at after iteration 724 (MF = 107.339187): 4.041079e+04 seconds, 284454912 bytes of memory usage, 635612 kB of memory peak and 11:13:37 elapsed time
Statistics on the network after iteration 724 (MF = 107.339187)
	Number of nodes: 27919
	Number of allocated nodes: 28672
	Number of edges: 205965
	Maximum in degree: 585 (node 27517)
	Maximum out degree: 497 (node 7314)
	source 637 (node 7314) with out degree 497
	target 1010 (node 27517) with in degree 585

Execution time and memory used at after iteration 725 (MF = 107.376155): 4.053256e+04 seconds, 284631040 bytes of memory usage, 636148 kB of memory peak and 11:15:39 elapsed time
Statistics on the network after iteration 725 (MF = 107.376155)
	Number of nodes: 27919
	Number of allocated nodes: 28672
	Number of edges: 205965
	Maximum in degree: 585 (node 27517)
	Maximum out degree: 497 (node 7314)
	source 637 (node 7314) with out degree 497
	target 1010 (node 27517) with in degree 585

Execution time and memory used at after iteration 726 (MF = 107.376155): 4.065447e+04 seconds, 284803072 bytes of memory usage, 636148 kB of memory peak and 11:17:40 elapsed time
Statistics on the network after iteration 726 (MF = 107.376155)
	Number of nodes: 27919
	Number of allocated nodes: 28672
	Number of edges: 205965
	Maximum in degree: 585 (node 27517)
	Maximum out degree: 497 (node 7314)
	source 637 (node 7314) with out degree 497
	target 1010 (node 27517) with in degree 585

Execution time and memory used at after iteration 727 (MF = 107.376155): 4.077679e+04 seconds, 284979200 bytes of memory usage, 636416 kB of memory peak and 11:19:43 elapsed time
Statistics on the network after iteration 727 (MF = 107.376155)
	Number of nodes: 27919
	Number of allocated nodes: 28672
	Number of edges: 205965
	Maximum in degree: 585 (node 27517)
	Maximum out degree: 497 (node 7314)
	source 637 (node 7314) with out degree 497
	target 1010 (node 27517) with in degree 585

Execution time and memory used at after iteration 728 (MF = 107.376155): 4.089956e+04 seconds, 285155328 bytes of memory usage, 636960 kB of memory peak and 11:21:46 elapsed time
Statistics on the network after iteration 728 (MF = 107.376155)
	Number of nodes: 27919
	Number of allocated nodes: 28672
	Number of edges: 205965
	Maximum in degree: 585 (node 27517)
	Maximum out degree: 497 (node 7314)
	source 637 (node 7314) with out degree 497
	target 1010 (node 27517) with in degree 585

Execution time and memory used at after iteration 729 (MF = 107.376155): 4.102204e+04 seconds, 285335552 bytes of memory usage, 637512 kB of memory peak and 11:23:48 elapsed time
Statistics on the network after iteration 729 (MF = 107.376155)
	Number of nodes: 27919
	Number of allocated nodes: 28672
	Number of edges: 205965
	Maximum in degree: 585 (node 27517)
	Maximum out degree: 497 (node 7314)
	source 637 (node 7314) with out degree 497
	target 1010 (node 27517) with in degree 585

Execution time and memory used at after iteration 730 (MF = 107.376155): 4.114541e+04 seconds, 285511680 bytes of memory usage, 637512 kB of memory peak and 11:25:51 elapsed time
Statistics on the network after iteration 730 (MF = 107.376155)
	Number of nodes: 27919
	Number of allocated nodes: 28672
	Number of edges: 205965
	Maximum in degree: 585 (node 27517)
	Maximum out degree: 497 (node 7314)
	source 637 (node 7314) with out degree 497
	target 1010 (node 27517) with in degree 585

Execution time and memory used at after iteration 731 (MF = 107.376155): 4.126892e+04 seconds, 285687808 bytes of memory usage, 637980 kB of memory peak and 11:27:55 elapsed time
Statistics on the network after iteration 731 (MF = 107.376155)
	Number of nodes: 27919
	Number of allocated nodes: 28672
	Number of edges: 205965
	Maximum in degree: 585 (node 27517)
	Maximum out degree: 497 (node 7314)
	source 637 (node 7314) with out degree 497
	target 1010 (node 27517) with in degree 585

Execution time and memory used at after iteration 732 (MF = 107.376155): 4.139241e+04 seconds, 285872128 bytes of memory usage, 638332 kB of memory peak and 11:29:58 elapsed time
Statistics on the network after iteration 732 (MF = 107.376155)
	Number of nodes: 27919
	Number of allocated nodes: 28672
	Number of edges: 205965
	Maximum in degree: 585 (node 27517)
	Maximum out degree: 497 (node 7314)
	source 637 (node 7314) with out degree 497
	target 1010 (node 27517) with in degree 585

Execution time and memory used at after iteration 733 (MF = 107.376155): 4.151595e+04 seconds, 286048256 bytes of memory usage, 638860 kB of memory peak and 11:32:02 elapsed time
Statistics on the network after iteration 733 (MF = 107.376155)
	Number of nodes: 27919
	Number of allocated nodes: 28672
	Number of edges: 205965
	Maximum in degree: 585 (node 27517)
	Maximum out degree: 497 (node 7314)
	source 637 (node 7314) with out degree 497
	target 1010 (node 27517) with in degree 585

Execution time and memory used at after iteration 734 (MF = 107.280961): 4.163998e+04 seconds, 286220288 bytes of memory usage, 639412 kB of memory peak and 11:34:06 elapsed time
Statistics on the network after iteration 734 (MF = 107.280961)
	Number of nodes: 27919
	Number of allocated nodes: 28672
	Number of edges: 205965
	Maximum in degree: 585 (node 27517)
	Maximum out degree: 497 (node 7314)
	source 637 (node 7314) with out degree 497
	target 1010 (node 27517) with in degree 585

Execution time and memory used at after iteration 735 (MF = 107.294824): 4.176408e+04 seconds, 286396416 bytes of memory usage, 639948 kB of memory peak and 11:36:10 elapsed time
Statistics on the network after iteration 735 (MF = 107.294824)
	Number of nodes: 27919
	Number of allocated nodes: 28672
	Number of edges: 205965
	Maximum in degree: 585 (node 27517)
	Maximum out degree: 497 (node 7314)
	source 637 (node 7314) with out degree 497
	target 1010 (node 27517) with in degree 585

Execution time and memory used at after iteration 736 (MF = 107.376155): 4.188828e+04 seconds, 286572544 bytes of memory usage, 640500 kB of memory peak and 11:38:14 elapsed time
Statistics on the network after iteration 736 (MF = 107.376155)
	Number of nodes: 27919
	Number of allocated nodes: 28672
	Number of edges: 205965
	Maximum in degree: 585 (node 27517)
	Maximum out degree: 497 (node 7314)
	source 637 (node 7314) with out degree 497
	target 1010 (node 27517) with in degree 585

Execution time and memory used at after iteration 737 (MF = 107.376155): 4.201788e+04 seconds, 286756864 bytes of memory usage, 641048 kB of memory peak and 11:40:24 elapsed time
Statistics on the network after iteration 737 (MF = 107.376155)
	Number of nodes: 27919
	Number of allocated nodes: 28672
	Number of edges: 205965
	Maximum in degree: 585 (node 27517)
	Maximum out degree: 497 (node 7314)
	source 637 (node 7314) with out degree 497
	target 1010 (node 27517) with in degree 585

Execution time and memory used at after iteration 738 (MF = 107.376155): 4.214266e+04 seconds, 286932992 bytes of memory usage, 641048 kB of memory peak and 11:42:29 elapsed time
Statistics on the network after iteration 738 (MF = 107.376155)
	Number of nodes: 27919
	Number of allocated nodes: 28672
	Number of edges: 205965
	Maximum in degree: 585 (node 27517)
	Maximum out degree: 497 (node 7314)
	source 637 (node 7314) with out degree 497
	target 1010 (node 27517) with in degree 585

Execution time and memory used at after iteration 739 (MF = 107.280961): 4.226743e+04 seconds, 287109120 bytes of memory usage, 641332 kB of memory peak and 11:44:34 elapsed time
Statistics on the network after iteration 739 (MF = 107.280961)
	Number of nodes: 27919
	Number of allocated nodes: 28672
	Number of edges: 205965
	Maximum in degree: 585 (node 27517)
	Maximum out degree: 497 (node 7314)
	source 637 (node 7314) with out degree 497
	target 1010 (node 27517) with in degree 585

Execution time and memory used at after iteration 740 (MF = 107.294824): 4.239249e+04 seconds, 287281152 bytes of memory usage, 641868 kB of memory peak and 11:46:39 elapsed time
Statistics on the network after iteration 740 (MF = 107.294824)
	Number of nodes: 27919
	Number of allocated nodes: 28672
	Number of edges: 205965
	Maximum in degree: 585 (node 27517)
	Maximum out degree: 497 (node 7314)
	source 637 (node 7314) with out degree 497
	target 1010 (node 27517) with in degree 585

Execution time and memory used at after iteration 741 (MF = 107.280961): 4.252326e+04 seconds, 287457280 bytes of memory usage, 642404 kB of memory peak and 11:48:49 elapsed time
Statistics on the network after iteration 741 (MF = 107.280961)
	Number of nodes: 27919
	Number of allocated nodes: 28672
	Number of edges: 205965
	Maximum in degree: 585 (node 27517)
	Maximum out degree: 497 (node 7314)
	source 637 (node 7314) with out degree 497
	target 1010 (node 27517) with in degree 585

Execution time and memory used at after iteration 742 (MF = 107.280961): 4.264937e+04 seconds, 287641600 bytes of memory usage, 642964 kB of memory peak and 11:50:56 elapsed time
Statistics on the network after iteration 742 (MF = 107.280961)
	Number of nodes: 27919
	Number of allocated nodes: 28672
	Number of edges: 205965
	Maximum in degree: 585 (node 27517)
	Maximum out degree: 497 (node 7314)
	source 637 (node 7314) with out degree 497
	target 1010 (node 27517) with in degree 585

Execution time and memory used at after iteration 743 (MF = 107.280961): 4.277536e+04 seconds, 287813632 bytes of memory usage, 642964 kB of memory peak and 11:53:02 elapsed time
Statistics on the network after iteration 743 (MF = 107.280961)
	Number of nodes: 27919
	Number of allocated nodes: 28672
	Number of edges: 205965
	Maximum in degree: 585 (node 27517)
	Maximum out degree: 497 (node 7314)
	source 637 (node 7314) with out degree 497
	target 1010 (node 27517) with in degree 585

Execution time and memory used at after iteration 744 (MF = 107.280961): 4.290182e+04 seconds, 287997952 bytes of memory usage, 643268 kB of memory peak and 11:55:08 elapsed time
Statistics on the network after iteration 744 (MF = 107.280961)
	Number of nodes: 27919
	Number of allocated nodes: 28672
	Number of edges: 205965
	Maximum in degree: 585 (node 27517)
	Maximum out degree: 497 (node 7314)
	source 637 (node 7314) with out degree 497
	target 1010 (node 27517) with in degree 585

Execution time and memory used at after iteration 745 (MF = 107.376155): 4.302847e+04 seconds, 288174080 bytes of memory usage, 643792 kB of memory peak and 11:57:15 elapsed time
Statistics on the network after iteration 745 (MF = 107.376155)
	Number of nodes: 27919
	Number of allocated nodes: 28672
	Number of edges: 205965
	Maximum in degree: 585 (node 27517)
	Maximum out degree: 497 (node 7314)
	source 637 (node 7314) with out degree 497
	target 1010 (node 27517) with in degree 585

Execution time and memory used at after iteration 746 (MF = 107.376155): 4.315538e+04 seconds, 288354304 bytes of memory usage, 644344 kB of memory peak and 11:59:22 elapsed time
Statistics on the network after iteration 746 (MF = 107.376155)
	Number of nodes: 27919
	Number of allocated nodes: 28672
	Number of edges: 205965
	Maximum in degree: 585 (node 27517)
	Maximum out degree: 497 (node 7314)
	source 637 (node 7314) with out degree 497
	target 1010 (node 27517) with in degree 585

Execution time and memory used at after iteration 747 (MF = 107.376155): 4.328237e+04 seconds, 288530432 bytes of memory usage, 644880 kB of memory peak and 12:01:29 elapsed time
Statistics on the network after iteration 747 (MF = 107.376155)
	Number of nodes: 27919
	Number of allocated nodes: 28672
	Number of edges: 205965
	Maximum in degree: 585 (node 27517)
	Maximum out degree: 497 (node 7314)
	source 637 (node 7314) with out degree 497
	target 1010 (node 27517) with in degree 585

Execution time and memory used at after iteration 748 (MF = 107.376155): 4.340960e+04 seconds, 288714752 bytes of memory usage, 645440 kB of memory peak and 12:03:36 elapsed time
Statistics on the network after iteration 748 (MF = 107.376155)
	Number of nodes: 27919
	Number of allocated nodes: 28672
	Number of edges: 205965
	Maximum in degree: 585 (node 27517)
	Maximum out degree: 497 (node 7314)
	source 637 (node 7314) with out degree 497
	target 1010 (node 27517) with in degree 585

Execution time and memory used at after iteration 749 (MF = 107.376155): 4.353685e+04 seconds, 288890880 bytes of memory usage, 645992 kB of memory peak and 12:05:43 elapsed time
Statistics on the network after iteration 749 (MF = 107.376155)
	Number of nodes: 27919
	Number of allocated nodes: 28672
	Number of edges: 205965
	Maximum in degree: 585 (node 27517)
	Maximum out degree: 497 (node 7314)
	source 637 (node 7314) with out degree 497
	target 1010 (node 27517) with in degree 585

Execution time and memory used at after iteration 750 (MF = 107.376155): 4.366423e+04 seconds, 289071104 bytes of memory usage, 646536 kB of memory peak and 12:07:50 elapsed time
Statistics on the network after iteration 750 (MF = 107.376155)
	Number of nodes: 27919
	Number of allocated nodes: 28672
	Number of edges: 205965
	Maximum in degree: 585 (node 27517)
	Maximum out degree: 497 (node 7314)
	source 637 (node 7314) with out degree 497
	target 1010 (node 27517) with in degree 585

Execution time and memory used at after iteration 751 (MF = 107.376155): 4.379160e+04 seconds, 289247232 bytes of memory usage, 646536 kB of memory peak and 12:09:58 elapsed time
Statistics on the network after iteration 751 (MF = 107.376155)
	Number of nodes: 27919
	Number of allocated nodes: 28672
	Number of edges: 205965
	Maximum in degree: 585 (node 27517)
	Maximum out degree: 497 (node 7314)
	source 637 (node 7314) with out degree 497
	target 1010 (node 27517) with in degree 585

Execution time and memory used at after iteration 752 (MF = 107.376155): 4.391908e+04 seconds, 289431552 bytes of memory usage, 646820 kB of memory peak and 12:12:05 elapsed time
Statistics on the network after iteration 752 (MF = 107.376155)
	Number of nodes: 27919
	Number of allocated nodes: 28672
	Number of edges: 205965
	Maximum in degree: 585 (node 27517)
	Maximum out degree: 497 (node 7314)
	source 637 (node 7314) with out degree 497
	target 1010 (node 27517) with in degree 585

Execution time and memory used at after iteration 753 (MF = 107.376155): 4.404717e+04 seconds, 289603584 bytes of memory usage, 647368 kB of memory peak and 12:14:13 elapsed time
Statistics on the network after iteration 753 (MF = 107.376155)
	Number of nodes: 27919
	Number of allocated nodes: 28672
	Number of edges: 205965
	Maximum in degree: 585 (node 27517)
	Maximum out degree: 497 (node 7314)
	source 637 (node 7314) with out degree 497
	target 1010 (node 27517) with in degree 585

Execution time and memory used at after iteration 754 (MF = 107.376155): 4.417528e+04 seconds, 289787904 bytes of memory usage, 647920 kB of memory peak and 12:16:22 elapsed time
Statistics on the network after iteration 754 (MF = 107.376155)
	Number of nodes: 27919
	Number of allocated nodes: 28672
	Number of edges: 205965
	Maximum in degree: 585 (node 27517)
	Maximum out degree: 497 (node 7314)
	source 637 (node 7314) with out degree 497
	target 1010 (node 27517) with in degree 585

Execution time and memory used at after iteration 755 (MF = 107.280961): 4.430323e+04 seconds, 289964032 bytes of memory usage, 647920 kB of memory peak and 12:18:30 elapsed time
Statistics on the network after iteration 755 (MF = 107.280961)
	Number of nodes: 27919
	Number of allocated nodes: 28672
	Number of edges: 205965
	Maximum in degree: 585 (node 27517)
	Maximum out degree: 497 (node 7314)
	source 637 (node 7314) with out degree 497
	target 1010 (node 27517) with in degree 585

Execution time and memory used at after iteration 756 (MF = 107.280961): 4.443132e+04 seconds, 290144256 bytes of memory usage, 648272 kB of memory peak and 12:20:38 elapsed time
Statistics on the network after iteration 756 (MF = 107.280961)
	Number of nodes: 27919
	Number of allocated nodes: 28672
	Number of edges: 205965
	Maximum in degree: 585 (node 27517)
	Maximum out degree: 497 (node 7314)
	source 637 (node 7314) with out degree 497
	target 1010 (node 27517) with in degree 585

Execution time and memory used at after iteration 757 (MF = 107.280961): 4.455980e+04 seconds, 290328576 bytes of memory usage, 648780 kB of memory peak and 12:22:46 elapsed time
Statistics on the network after iteration 757 (MF = 107.280961)
	Number of nodes: 27919
	Number of allocated nodes: 28672
	Number of edges: 205965
	Maximum in degree: 585 (node 27517)
	Maximum out degree: 497 (node 7314)
	source 637 (node 7314) with out degree 497
	target 1010 (node 27517) with in degree 585

Execution time and memory used at after iteration 758 (MF = 107.353050): 4.468841e+04 seconds, 290504704 bytes of memory usage, 649324 kB of memory peak and 12:24:55 elapsed time
Statistics on the network after iteration 758 (MF = 107.353050)
	Number of nodes: 27919
	Number of allocated nodes: 28672
	Number of edges: 205965
	Maximum in degree: 585 (node 27517)
	Maximum out degree: 497 (node 7314)
	source 637 (node 7314) with out degree 497
	target 1010 (node 27517) with in degree 585

Execution time and memory used at after iteration 759 (MF = 107.353050): 4.481718e+04 seconds, 290680832 bytes of memory usage, 649860 kB of memory peak and 12:27:04 elapsed time
Statistics on the network after iteration 759 (MF = 107.353050)
	Number of nodes: 27919
	Number of allocated nodes: 28672
	Number of edges: 205965
	Maximum in degree: 585 (node 27517)
	Maximum out degree: 497 (node 7314)
	source 637 (node 7314) with out degree 497
	target 1010 (node 27517) with in degree 585

Execution time and memory used at after iteration 760 (MF = 107.353050): 4.494661e+04 seconds, 290865152 bytes of memory usage, 650416 kB of memory peak and 12:29:13 elapsed time
Statistics on the network after iteration 760 (MF = 107.353050)
	Number of nodes: 27919
	Number of allocated nodes: 28672
	Number of edges: 205965
	Maximum in degree: 585 (node 27517)
	Maximum out degree: 497 (node 7314)
	source 637 (node 7314) with out degree 497
	target 1010 (node 27517) with in degree 585

Execution time and memory used at after iteration 761 (MF = 107.280961): 4.507610e+04 seconds, 291041280 bytes of memory usage, 650944 kB of memory peak and 12:31:23 elapsed time
Statistics on the network after iteration 761 (MF = 107.280961)
	Number of nodes: 27919
	Number of allocated nodes: 28672
	Number of edges: 205965
	Maximum in degree: 585 (node 27517)
	Maximum out degree: 497 (node 7314)
	source 637 (node 7314) with out degree 497
	target 1010 (node 27517) with in degree 585

Execution time and memory used at after iteration 762 (MF = 107.280961): 4.520581e+04 seconds, 291205120 bytes of memory usage, 651480 kB of memory peak and 12:33:32 elapsed time
Statistics on the network after iteration 762 (MF = 107.280961)
	Number of nodes: 27919
	Number of allocated nodes: 28672
	Number of edges: 205965
	Maximum in degree: 585 (node 27517)
	Maximum out degree: 497 (node 7314)
	source 637 (node 7314) with out degree 497
	target 1010 (node 27517) with in degree 585

Execution time and memory used at after iteration 763 (MF = 107.280961): 4.533641e+04 seconds, 291389440 bytes of memory usage, 651480 kB of memory peak and 12:35:43 elapsed time
Statistics on the network after iteration 763 (MF = 107.280961)
	Number of nodes: 27919
	Number of allocated nodes: 28672
	Number of edges: 205965
	Maximum in degree: 585 (node 27517)
	Maximum out degree: 497 (node 7314)
	source 637 (node 7314) with out degree 497
	target 1010 (node 27517) with in degree 585

Execution time and memory used at after iteration 764 (MF = 107.280961): 4.546659e+04 seconds, 291565568 bytes of memory usage, 651764 kB of memory peak and 12:37:53 elapsed time
Statistics on the network after iteration 764 (MF = 107.280961)
	Number of nodes: 27919
	Number of allocated nodes: 28672
	Number of edges: 205965
	Maximum in degree: 585 (node 27517)
	Maximum out degree: 497 (node 7314)
	source 637 (node 7314) with out degree 497
	target 1010 (node 27517) with in degree 585

Execution time and memory used at after iteration 765 (MF = 107.280961): 4.559699e+04 seconds, 291745792 bytes of memory usage, 652316 kB of memory peak and 12:40:03 elapsed time
Statistics on the network after iteration 765 (MF = 107.280961)
	Number of nodes: 27919
	Number of allocated nodes: 28672
	Number of edges: 205965
	Maximum in degree: 585 (node 27517)
	Maximum out degree: 497 (node 7314)
	source 637 (node 7314) with out degree 497
	target 1010 (node 27517) with in degree 585

Execution time and memory used at after iteration 766 (MF = 107.280961): 4.572771e+04 seconds, 291921920 bytes of memory usage, 652868 kB of memory peak and 12:42:14 elapsed time
Statistics on the network after iteration 766 (MF = 107.280961)
	Number of nodes: 27919
	Number of allocated nodes: 28672
	Number of edges: 205965
	Maximum in degree: 585 (node 27517)
	Maximum out degree: 497 (node 7314)
	source 637 (node 7314) with out degree 497
	target 1010 (node 27517) with in degree 585

Execution time and memory used at after iteration 767 (MF = 107.280961): 4.585853e+04 seconds, 292106240 bytes of memory usage, 653416 kB of memory peak and 12:44:25 elapsed time
Statistics on the network after iteration 767 (MF = 107.280961)
	Number of nodes: 27919
	Number of allocated nodes: 28672
	Number of edges: 205965
	Maximum in degree: 585 (node 27517)
	Maximum out degree: 497 (node 7314)
	source 637 (node 7314) with out degree 497
	target 1010 (node 27517) with in degree 585

Execution time and memory used at after iteration 768 (MF = 107.353050): 4.599156e+04 seconds, 292278272 bytes of memory usage, 653960 kB of memory peak and 12:46:38 elapsed time
Statistics on the network after iteration 768 (MF = 107.353050)
	Number of nodes: 27919
	Number of allocated nodes: 28672
	Number of edges: 205965
	Maximum in degree: 585 (node 27517)
	Maximum out degree: 497 (node 7314)
	source 637 (node 7314) with out degree 497
	target 1010 (node 27517) with in degree 585

Execution time and memory used at after iteration 769 (MF = 107.280961): 4.612368e+04 seconds, 292454400 bytes of memory usage, 653960 kB of memory peak and 12:48:50 elapsed time
Statistics on the network after iteration 769 (MF = 107.280961)
	Number of nodes: 27919
	Number of allocated nodes: 28672
	Number of edges: 205965
	Maximum in degree: 585 (node 27517)
	Maximum out degree: 497 (node 7314)
	source 637 (node 7314) with out degree 497
	target 1010 (node 27517) with in degree 585

Execution time and memory used at after iteration 770 (MF = 107.280961): 4.625514e+04 seconds, 292630528 bytes of memory usage, 654228 kB of memory peak and 12:51:02 elapsed time
Statistics on the network after iteration 770 (MF = 107.280961)
	Number of nodes: 27919
	Number of allocated nodes: 28672
	Number of edges: 205965
	Maximum in degree: 585 (node 27517)
	Maximum out degree: 497 (node 7314)
	source 637 (node 7314) with out degree 497
	target 1010 (node 27517) with in degree 585

Execution time and memory used at after iteration 771 (MF = 107.280961): 4.639924e+04 seconds, 292810752 bytes of memory usage, 654780 kB of memory peak and 12:53:26 elapsed time
Statistics on the network after iteration 771 (MF = 107.280961)
	Number of nodes: 27919
	Number of allocated nodes: 28672
	Number of edges: 205965
	Maximum in degree: 585 (node 27517)
	Maximum out degree: 497 (node 7314)
	source 637 (node 7314) with out degree 497
	target 1010 (node 27517) with in degree 585

Execution time and memory used at after iteration 772 (MF = 107.280961): 4.653371e+04 seconds, 292986880 bytes of memory usage, 655316 kB of memory peak and 12:55:40 elapsed time
Statistics on the network after iteration 772 (MF = 107.280961)
	Number of nodes: 27919
	Number of allocated nodes: 28672
	Number of edges: 205965
	Maximum in degree: 585 (node 27517)
	Maximum out degree: 497 (node 7314)
	source 637 (node 7314) with out degree 497
	target 1010 (node 27517) with in degree 585

Execution time and memory used at after iteration 773 (MF = 107.280961): 4.666618e+04 seconds, 293163008 bytes of memory usage, 655860 kB of memory peak and 12:57:53 elapsed time
Statistics on the network after iteration 773 (MF = 107.280961)
	Number of nodes: 27919
	Number of allocated nodes: 28672
	Number of edges: 205965
	Maximum in degree: 585 (node 27517)
	Maximum out degree: 497 (node 7314)
	source 637 (node 7314) with out degree 497
	target 1010 (node 27517) with in degree 585

Execution time and memory used at after iteration 774 (MF = 107.280961): 4.680219e+04 seconds, 293343232 bytes of memory usage, 656404 kB of memory peak and 13:00:09 elapsed time
Statistics on the network after iteration 774 (MF = 107.280961)
	Number of nodes: 27919
	Number of allocated nodes: 28672
	Number of edges: 205965
	Maximum in degree: 585 (node 27517)
	Maximum out degree: 497 (node 7314)
	source 637 (node 7314) with out degree 497
	target 1010 (node 27517) with in degree 585

Execution time and memory used at after iteration 775 (MF = 107.353050): 4.693875e+04 seconds, 293519360 bytes of memory usage, 656404 kB of memory peak and 13:02:25 elapsed time
Statistics on the network after iteration 775 (MF = 107.353050)
	Number of nodes: 27919
	Number of allocated nodes: 28672
	Number of edges: 205965
	Maximum in degree: 585 (node 27517)
	Maximum out degree: 497 (node 7314)
	source 637 (node 7314) with out degree 497
	target 1010 (node 27517) with in degree 585

Execution time and memory used at after iteration 776 (MF = 107.280961): 4.707516e+04 seconds, 293703680 bytes of memory usage, 656704 kB of memory peak and 13:04:42 elapsed time
Statistics on the network after iteration 776 (MF = 107.280961)
	Number of nodes: 27919
	Number of allocated nodes: 28672
	Number of edges: 205965
	Maximum in degree: 585 (node 27517)
	Maximum out degree: 497 (node 7314)
	source 637 (node 7314) with out degree 497
	target 1010 (node 27517) with in degree 585

Execution time and memory used at after iteration 777 (MF = 107.434381): 4.720913e+04 seconds, 293875712 bytes of memory usage, 657256 kB of memory peak and 13:06:56 elapsed time
Statistics on the network after iteration 777 (MF = 107.434381)
	Number of nodes: 27919
	Number of allocated nodes: 28672
	Number of edges: 205965
	Maximum in degree: 585 (node 27517)
	Maximum out degree: 497 (node 7314)
	source 637 (node 7314) with out degree 497
	target 1010 (node 27517) with in degree 585

Execution time and memory used at after iteration 778 (MF = 107.434381): 4.734263e+04 seconds, 294051840 bytes of memory usage, 657784 kB of memory peak and 13:09:09 elapsed time
Statistics on the network after iteration 778 (MF = 107.434381)
	Number of nodes: 27919
	Number of allocated nodes: 28672
	Number of edges: 205965
	Maximum in degree: 585 (node 27517)
	Maximum out degree: 497 (node 7314)
	source 637 (node 7314) with out degree 497
	target 1010 (node 27517) with in degree 585

Execution time and memory used at after iteration 779 (MF = 107.434381): 4.747765e+04 seconds, 294236160 bytes of memory usage, 658336 kB of memory peak and 13:11:24 elapsed time
Statistics on the network after iteration 779 (MF = 107.434381)
	Number of nodes: 27919
	Number of allocated nodes: 28672
	Number of edges: 205965
	Maximum in degree: 585 (node 27517)
	Maximum out degree: 497 (node 7314)
	source 637 (node 7314) with out degree 497
	target 1010 (node 27517) with in degree 585

Execution time and memory used at after iteration 780 (MF = 107.434381): 4.761357e+04 seconds, 294408192 bytes of memory usage, 658888 kB of memory peak and 13:13:40 elapsed time
Statistics on the network after iteration 780 (MF = 107.434381)
	Number of nodes: 27919
	Number of allocated nodes: 28672
	Number of edges: 205965
	Maximum in degree: 585 (node 27517)
	Maximum out degree: 497 (node 7314)
	source 637 (node 7314) with out degree 497
	target 1010 (node 27517) with in degree 585

Execution time and memory used at after iteration 781 (MF = 107.434381): 4.774819e+04 seconds, 294592512 bytes of memory usage, 658888 kB of memory peak and 13:15:55 elapsed time
Statistics on the network after iteration 781 (MF = 107.434381)
	Number of nodes: 27919
	Number of allocated nodes: 28672
	Number of edges: 205965
	Maximum in degree: 585 (node 27517)
	Maximum out degree: 497 (node 7314)
	source 637 (node 7314) with out degree 497
	target 1010 (node 27517) with in degree 585

Execution time and memory used at after iteration 782 (MF = 107.434381): 4.788304e+04 seconds, 294776832 bytes of memory usage, 659184 kB of memory peak and 13:18:10 elapsed time
Statistics on the network after iteration 782 (MF = 107.434381)
	Number of nodes: 27919
	Number of allocated nodes: 28672
	Number of edges: 205965
	Maximum in degree: 585 (node 27517)
	Maximum out degree: 497 (node 7314)
	source 637 (node 7314) with out degree 497
	target 1010 (node 27517) with in degree 585

Execution time and memory used at after iteration 783 (MF = 107.434381): 4.801751e+04 seconds, 294952960 bytes of memory usage, 659728 kB of memory peak and 13:20:24 elapsed time
Statistics on the network after iteration 783 (MF = 107.434381)
	Number of nodes: 27919
	Number of allocated nodes: 28672
	Number of edges: 205965
	Maximum in degree: 585 (node 27517)
	Maximum out degree: 497 (node 7314)
	source 637 (node 7314) with out degree 497
	target 1010 (node 27517) with in degree 585

Execution time and memory used at after iteration 784 (MF = 107.434381): 4.815218e+04 seconds, 295133184 bytes of memory usage, 660272 kB of memory peak and 13:22:39 elapsed time
Statistics on the network after iteration 784 (MF = 107.434381)
	Number of nodes: 27919
	Number of allocated nodes: 28672
	Number of edges: 205965
	Maximum in degree: 585 (node 27517)
	Maximum out degree: 497 (node 7314)
	source 637 (node 7314) with out degree 497
	target 1010 (node 27517) with in degree 585

Execution time and memory used at after iteration 785 (MF = 107.434381): 4.828691e+04 seconds, 295309312 bytes of memory usage, 660824 kB of memory peak and 13:24:53 elapsed time
Statistics on the network after iteration 785 (MF = 107.434381)
	Number of nodes: 27919
	Number of allocated nodes: 28672
	Number of edges: 205965
	Maximum in degree: 585 (node 27517)
	Maximum out degree: 497 (node 7314)
	source 637 (node 7314) with out degree 497
	target 1010 (node 27517) with in degree 585

Execution time and memory used at after iteration 786 (MF = 107.339187): 4.842330e+04 seconds, 295485440 bytes of memory usage, 661352 kB of memory peak and 13:27:10 elapsed time
Statistics on the network after iteration 786 (MF = 107.339187)
	Number of nodes: 27919
	Number of allocated nodes: 28672
	Number of edges: 205965
	Maximum in degree: 585 (node 27517)
	Maximum out degree: 497 (node 7314)
	source 637 (node 7314) with out degree 497
	target 1010 (node 27517) with in degree 585

Execution time and memory used at after iteration 787 (MF = 107.411275): 4.855904e+04 seconds, 295665664 bytes of memory usage, 661916 kB of memory peak and 13:29:26 elapsed time
Statistics on the network after iteration 787 (MF = 107.411275)
	Number of nodes: 27919
	Number of allocated nodes: 28672
	Number of edges: 205965
	Maximum in degree: 585 (node 27517)
	Maximum out degree: 497 (node 7314)
	source 637 (node 7314) with out degree 497
	target 1010 (node 27517) with in degree 585

Execution time and memory used at after iteration 788 (MF = 107.411275): 4.869474e+04 seconds, 295849984 bytes of memory usage, 661916 kB of memory peak and 13:31:41 elapsed time
Statistics on the network after iteration 788 (MF = 107.411275)
	Number of nodes: 27919
	Number of allocated nodes: 28672
	Number of edges: 205965
	Maximum in degree: 585 (node 27517)
	Maximum out degree: 497 (node 7314)
	source 637 (node 7314) with out degree 497
	target 1010 (node 27517) with in degree 585

Execution time and memory used at after iteration 789 (MF = 107.411275): 4.883072e+04 seconds, 296026112 bytes of memory usage, 662224 kB of memory peak and 13:33:57 elapsed time
Statistics on the network after iteration 789 (MF = 107.411275)
	Number of nodes: 27919
	Number of allocated nodes: 28672
	Number of edges: 205965
	Maximum in degree: 585 (node 27517)
	Maximum out degree: 497 (node 7314)
	source 637 (node 7314) with out degree 497
	target 1010 (node 27517) with in degree 585

Execution time and memory used at after iteration 790 (MF = 107.339187): 4.896698e+04 seconds, 296206336 bytes of memory usage, 662776 kB of memory peak and 13:36:14 elapsed time
Statistics on the network after iteration 790 (MF = 107.339187)
	Number of nodes: 27919
	Number of allocated nodes: 28672
	Number of edges: 205965
	Maximum in degree: 585 (node 27517)
	Maximum out degree: 497 (node 7314)
	source 637 (node 7314) with out degree 497
	target 1010 (node 27517) with in degree 585

Execution time and memory used at after iteration 791 (MF = 107.339187): 4.910797e+04 seconds, 296382464 bytes of memory usage, 663312 kB of memory peak and 13:38:35 elapsed time
Statistics on the network after iteration 791 (MF = 107.339187)
	Number of nodes: 27919
	Number of allocated nodes: 28672
	Number of edges: 205965
	Maximum in degree: 585 (node 27517)
	Maximum out degree: 497 (node 7314)
	source 637 (node 7314) with out degree 497
	target 1010 (node 27517) with in degree 585

Execution time and memory used at after iteration 792 (MF = 107.339187): 4.924511e+04 seconds, 296566784 bytes of memory usage, 663872 kB of memory peak and 13:40:52 elapsed time
Statistics on the network after iteration 792 (MF = 107.339187)
	Number of nodes: 27919
	Number of allocated nodes: 28672
	Number of edges: 205965
	Maximum in degree: 585 (node 27517)
	Maximum out degree: 497 (node 7314)
	source 637 (node 7314) with out degree 497
	target 1010 (node 27517) with in degree 585

Execution time and memory used at after iteration 793 (MF = 107.411275): 4.938488e+04 seconds, 296742912 bytes of memory usage, 664416 kB of memory peak and 13:43:12 elapsed time
Statistics on the network after iteration 793 (MF = 107.411275)
	Number of nodes: 27919
	Number of allocated nodes: 28672
	Number of edges: 205965
	Maximum in degree: 585 (node 27517)
	Maximum out degree: 497 (node 7314)
	source 637 (node 7314) with out degree 497
	target 1010 (node 27517) with in degree 585

Execution time and memory used at after iteration 794 (MF = 107.339187): 4.952312e+04 seconds, 296914944 bytes of memory usage, 664416 kB of memory peak and 13:45:30 elapsed time
Statistics on the network after iteration 794 (MF = 107.339187)
	Number of nodes: 27919
	Number of allocated nodes: 28672
	Number of edges: 205965
	Maximum in degree: 585 (node 27517)
	Maximum out degree: 497 (node 7314)
	source 637 (node 7314) with out degree 497
	target 1010 (node 27517) with in degree 585

Execution time and memory used at after iteration 795 (MF = 107.339187): 4.966074e+04 seconds, 297103360 bytes of memory usage, 664696 kB of memory peak and 13:47:47 elapsed time
Statistics on the network after iteration 795 (MF = 107.339187)
	Number of nodes: 27919
	Number of allocated nodes: 28672
	Number of edges: 205965
	Maximum in degree: 585 (node 27517)
	Maximum out degree: 497 (node 7314)
	source 637 (node 7314) with out degree 497
	target 1010 (node 27517) with in degree 585

Execution time and memory used at after iteration 796 (MF = 107.339187): 4.979794e+04 seconds, 297275392 bytes of memory usage, 665224 kB of memory peak and 13:50:05 elapsed time
Statistics on the network after iteration 796 (MF = 107.339187)
	Number of nodes: 27919
	Number of allocated nodes: 28672
	Number of edges: 205965
	Maximum in degree: 585 (node 27517)
	Maximum out degree: 497 (node 7314)
	source 637 (node 7314) with out degree 497
	target 1010 (node 27517) with in degree 585

Execution time and memory used at after iteration 797 (MF = 107.339187): 4.993874e+04 seconds, 297443328 bytes of memory usage, 665768 kB of memory peak and 13:52:25 elapsed time
Statistics on the network after iteration 797 (MF = 107.339187)
	Number of nodes: 27919
	Number of allocated nodes: 28672
	Number of edges: 205965
	Maximum in degree: 585 (node 27517)
	Maximum out degree: 497 (node 7314)
	source 637 (node 7314) with out degree 497
	target 1010 (node 27517) with in degree 585

Execution time and memory used at after iteration 798 (MF = 107.339187): 5.008005e+04 seconds, 297627648 bytes of memory usage, 666312 kB of memory peak and 13:54:47 elapsed time
Statistics on the network after iteration 798 (MF = 107.339187)
	Number of nodes: 27919
	Number of allocated nodes: 28672
	Number of edges: 205965
	Maximum in degree: 585 (node 27517)
	Maximum out degree: 497 (node 7314)
	source 637 (node 7314) with out degree 497
	target 1010 (node 27517) with in degree 585

Execution time and memory used at after iteration 799 (MF = 107.339187): 5.022812e+04 seconds, 297799680 bytes of memory usage, 666856 kB of memory peak and 13:57:15 elapsed time
Statistics on the network after iteration 799 (MF = 107.339187)
	Number of nodes: 27919
	Number of allocated nodes: 28672
	Number of edges: 205965
	Maximum in degree: 585 (node 27517)
	Maximum out degree: 497 (node 7314)
	source 637 (node 7314) with out degree 497
	target 1010 (node 27517) with in degree 585

Execution time and memory used at after iteration 800 (MF = 107.339187): 5.036824e+04 seconds, 297984000 bytes of memory usage, 667408 kB of memory peak and 13:59:35 elapsed time
Statistics on the network after iteration 800 (MF = 107.339187)
	Number of nodes: 27919
	Number of allocated nodes: 28672
	Number of edges: 205965
	Maximum in degree: 585 (node 27517)
	Maximum out degree: 497 (node 7314)
	source 637 (node 7314) with out degree 497
	target 1010 (node 27517) with in degree 585

Execution time and memory used at after iteration 801 (MF = 107.353050): 5.050801e+04 seconds, 298184704 bytes of memory usage, 668004 kB of memory peak and 14:01:55 elapsed time
Statistics on the network after iteration 801 (MF = 107.353050)
	Number of nodes: 27919
	Number of allocated nodes: 28672
	Number of edges: 205965
	Maximum in degree: 585 (node 27517)
	Maximum out degree: 497 (node 7314)
	source 637 (node 7314) with out degree 497
	target 1010 (node 27517) with in degree 585

Execution time and memory used at after iteration 802 (MF = 107.339187): 5.064950e+04 seconds, 298360832 bytes of memory usage, 668548 kB of memory peak and 14:04:16 elapsed time
Statistics on the network after iteration 802 (MF = 107.339187)
	Number of nodes: 27919
	Number of allocated nodes: 28672
	Number of edges: 205965
	Maximum in degree: 585 (node 27517)
	Maximum out degree: 497 (node 7314)
	source 637 (node 7314) with out degree 497
	target 1010 (node 27517) with in degree 585

Execution time and memory used at after iteration 803 (MF = 107.339187): 5.079806e+04 seconds, 298541056 bytes of memory usage, 669084 kB of memory peak and 14:06:45 elapsed time
Statistics on the network after iteration 803 (MF = 107.339187)
	Number of nodes: 27919
	Number of allocated nodes: 28672
	Number of edges: 205965
	Maximum in degree: 585 (node 27517)
	Maximum out degree: 497 (node 7314)
	source 637 (node 7314) with out degree 497
	target 1010 (node 27517) with in degree 585

Execution time and memory used at after iteration 804 (MF = 107.411275): 5.093833e+04 seconds, 298717184 bytes of memory usage, 669636 kB of memory peak and 14:09:05 elapsed time
Statistics on the network after iteration 804 (MF = 107.411275)
	Number of nodes: 27919
	Number of allocated nodes: 28672
	Number of edges: 205965
	Maximum in degree: 585 (node 27517)
	Maximum out degree: 497 (node 7314)
	source 637 (node 7314) with out degree 497
	target 1010 (node 27517) with in degree 585

Execution time and memory used at after iteration 805 (MF = 107.339187): 5.107854e+04 seconds, 298893312 bytes of memory usage, 670172 kB of memory peak and 14:11:25 elapsed time
Statistics on the network after iteration 805 (MF = 107.339187)
	Number of nodes: 27919
	Number of allocated nodes: 28672
	Number of edges: 205965
	Maximum in degree: 585 (node 27517)
	Maximum out degree: 497 (node 7314)
	source 637 (node 7314) with out degree 497
	target 1010 (node 27517) with in degree 585

Execution time and memory used at after iteration 806 (MF = 107.434381): 5.121960e+04 seconds, 299077632 bytes of memory usage, 670736 kB of memory peak and 14:13:46 elapsed time
Statistics on the network after iteration 806 (MF = 107.434381)
	Number of nodes: 27919
	Number of allocated nodes: 28672
	Number of edges: 205965
	Maximum in degree: 585 (node 27517)
	Maximum out degree: 497 (node 7314)
	source 637 (node 7314) with out degree 497
	target 1010 (node 27517) with in degree 585

Execution time and memory used at after iteration 807 (MF = 107.434381): 5.136727e+04 seconds, 299253760 bytes of memory usage, 671272 kB of memory peak and 14:16:14 elapsed time
Statistics on the network after iteration 807 (MF = 107.434381)
	Number of nodes: 27919
	Number of allocated nodes: 28672
	Number of edges: 205965
	Maximum in degree: 585 (node 27517)
	Maximum out degree: 497 (node 7314)
	source 637 (node 7314) with out degree 497
	target 1010 (node 27517) with in degree 585

Execution time and memory used at after iteration 808 (MF = 107.434381): 5.151025e+04 seconds, 299425792 bytes of memory usage, 671824 kB of memory peak and 14:18:37 elapsed time
Statistics on the network after iteration 808 (MF = 107.434381)
	Number of nodes: 27919
	Number of allocated nodes: 28672
	Number of edges: 205965
	Maximum in degree: 585 (node 27517)
	Maximum out degree: 497 (node 7314)
	source 637 (node 7314) with out degree 497
	target 1010 (node 27517) with in degree 585

Execution time and memory used at after iteration 809 (MF = 107.339187): 5.165513e+04 seconds, 299610112 bytes of memory usage, 672384 kB of memory peak and 14:21:02 elapsed time
Statistics on the network after iteration 809 (MF = 107.339187)
	Number of nodes: 27919
	Number of allocated nodes: 28672
	Number of edges: 205965
	Maximum in degree: 585 (node 27517)
	Maximum out degree: 497 (node 7314)
	source 637 (node 7314) with out degree 497
	target 1010 (node 27517) with in degree 585

Execution time and memory used at after iteration 810 (MF = 107.339187): 5.179915e+04 seconds, 299786240 bytes of memory usage, 672912 kB of memory peak and 14:23:26 elapsed time
Statistics on the network after iteration 810 (MF = 107.339187)
	Number of nodes: 27919
	Number of allocated nodes: 28672
	Number of edges: 205965
	Maximum in degree: 585 (node 27517)
	Maximum out degree: 497 (node 7314)
	source 637 (node 7314) with out degree 497
	target 1010 (node 27517) with in degree 585

Execution time and memory used at after iteration 811 (MF = 107.339187): 5.194275e+04 seconds, 299958272 bytes of memory usage, 673456 kB of memory peak and 14:25:50 elapsed time
Statistics on the network after iteration 811 (MF = 107.339187)
	Number of nodes: 27919
	Number of allocated nodes: 28672
	Number of edges: 205965
	Maximum in degree: 585 (node 27517)
	Maximum out degree: 497 (node 7314)
	source 637 (node 7314) with out degree 497
	target 1010 (node 27517) with in degree 585

Execution time and memory used at after iteration 812 (MF = 107.434381): 5.208930e+04 seconds, 300146688 bytes of memory usage, 674012 kB of memory peak and 14:28:16 elapsed time
Statistics on the network after iteration 812 (MF = 107.434381)
	Number of nodes: 27919
	Number of allocated nodes: 28672
	Number of edges: 205965
	Maximum in degree: 585 (node 27517)
	Maximum out degree: 497 (node 7314)
	source 637 (node 7314) with out degree 497
	target 1010 (node 27517) with in degree 585

Execution time and memory used at after iteration 813 (MF = 107.434381): 5.223644e+04 seconds, 300318720 bytes of memory usage, 674540 kB of memory peak and 14:30:43 elapsed time
Statistics on the network after iteration 813 (MF = 107.434381)
	Number of nodes: 27919
	Number of allocated nodes: 28672
	Number of edges: 205965
	Maximum in degree: 585 (node 27517)
	Maximum out degree: 497 (node 7314)
	source 637 (node 7314) with out degree 497
	target 1010 (node 27517) with in degree 585

Execution time and memory used at after iteration 814 (MF = 107.339187): 5.238398e+04 seconds, 300494848 bytes of memory usage, 675092 kB of memory peak and 14:33:11 elapsed time
Statistics on the network after iteration 814 (MF = 107.339187)
	Number of nodes: 27919
	Number of allocated nodes: 28672
	Number of edges: 205965
	Maximum in degree: 585 (node 27517)
	Maximum out degree: 497 (node 7314)
	source 637 (node 7314) with out degree 497
	target 1010 (node 27517) with in degree 585

Execution time and memory used at after iteration 815 (MF = 107.353050): 5.253467e+04 seconds, 300670976 bytes of memory usage, 675644 kB of memory peak and 14:35:42 elapsed time
Statistics on the network after iteration 815 (MF = 107.353050)
	Number of nodes: 27919
	Number of allocated nodes: 28672
	Number of edges: 205965
	Maximum in degree: 585 (node 27517)
	Maximum out degree: 497 (node 7314)
	source 637 (node 7314) with out degree 497
	target 1010 (node 27517) with in degree 585

Execution time and memory used at after iteration 816 (MF = 107.434381): 5.268354e+04 seconds, 300847104 bytes of memory usage, 676180 kB of memory peak and 14:38:10 elapsed time
Statistics on the network after iteration 816 (MF = 107.434381)
	Number of nodes: 27919
	Number of allocated nodes: 28672
	Number of edges: 205965
	Maximum in degree: 585 (node 27517)
	Maximum out degree: 497 (node 7314)
	source 637 (node 7314) with out degree 497
	target 1010 (node 27517) with in degree 585

Execution time and memory used at after iteration 817 (MF = 107.339187): 5.283189e+04 seconds, 301027328 bytes of memory usage, 676736 kB of memory peak and 14:40:39 elapsed time
Statistics on the network after iteration 817 (MF = 107.339187)
	Number of nodes: 27919
	Number of allocated nodes: 28672
	Number of edges: 205965
	Maximum in degree: 585 (node 27517)
	Maximum out degree: 497 (node 7314)
	source 637 (node 7314) with out degree 497
	target 1010 (node 27517) with in degree 585

Execution time and memory used at after iteration 818 (MF = 107.339187): 5.298248e+04 seconds, 301203456 bytes of memory usage, 677280 kB of memory peak and 14:43:09 elapsed time
Statistics on the network after iteration 818 (MF = 107.339187)
	Number of nodes: 27919
	Number of allocated nodes: 28672
	Number of edges: 205965
	Maximum in degree: 585 (node 27517)
	Maximum out degree: 497 (node 7314)
	source 637 (node 7314) with out degree 497
	target 1010 (node 27517) with in degree 585

Execution time and memory used at after iteration 819 (MF = 107.411275): 5.313254e+04 seconds, 301387776 bytes of memory usage, 677832 kB of memory peak and 14:45:39 elapsed time
Statistics on the network after iteration 819 (MF = 107.411275)
	Number of nodes: 27919
	Number of allocated nodes: 28672
	Number of edges: 205965
	Maximum in degree: 585 (node 27517)
	Maximum out degree: 497 (node 7314)
	source 637 (node 7314) with out degree 497
	target 1010 (node 27517) with in degree 585

Execution time and memory used at after iteration 820 (MF = 107.506470): 5.328165e+04 seconds, 301559808 bytes of memory usage, 678368 kB of memory peak and 14:48:09 elapsed time
Statistics on the network after iteration 820 (MF = 107.506470)
	Number of nodes: 27919
	Number of allocated nodes: 28672
	Number of edges: 205965
	Maximum in degree: 585 (node 27517)
	Maximum out degree: 497 (node 7314)
	source 637 (node 7314) with out degree 497
	target 1010 (node 27517) with in degree 585

Execution time and memory used at after iteration 821 (MF = 107.411275): 5.343071e+04 seconds, 301744128 bytes of memory usage, 678936 kB of memory peak and 14:50:38 elapsed time
Statistics on the network after iteration 821 (MF = 107.411275)
	Number of nodes: 27919
	Number of allocated nodes: 28672
	Number of edges: 205965
	Maximum in degree: 585 (node 27517)
	Maximum out degree: 497 (node 7314)
	source 637 (node 7314) with out degree 497
	target 1010 (node 27517) with in degree 585

Execution time and memory used at after iteration 822 (MF = 107.411275): 5.357972e+04 seconds, 301928448 bytes of memory usage, 679480 kB of memory peak and 14:53:07 elapsed time
Statistics on the network after iteration 822 (MF = 107.411275)
	Number of nodes: 27919
	Number of allocated nodes: 28672
	Number of edges: 205965
	Maximum in degree: 585 (node 27517)
	Maximum out degree: 497 (node 7314)
	source 637 (node 7314) with out degree 497
	target 1010 (node 27517) with in degree 585

Execution time and memory used at after iteration 823 (MF = 107.411275): 5.372953e+04 seconds, 302104576 bytes of memory usage, 679480 kB of memory peak and 14:55:36 elapsed time
Statistics on the network after iteration 823 (MF = 107.411275)
	Number of nodes: 27919
	Number of allocated nodes: 28672
	Number of edges: 205965
	Maximum in degree: 585 (node 27517)
	Maximum out degree: 497 (node 7314)
	source 637 (node 7314) with out degree 497
	target 1010 (node 27517) with in degree 585

Execution time and memory used at after iteration 824 (MF = 107.434381): 5.388084e+04 seconds, 302284800 bytes of memory usage, 679480 kB of memory peak and 14:58:08 elapsed time
Statistics on the network after iteration 824 (MF = 107.434381)
	Number of nodes: 27919
	Number of allocated nodes: 28672
	Number of edges: 205965
	Maximum in degree: 585 (node 27517)
	Maximum out degree: 497 (node 7314)
	source 637 (node 7314) with out degree 497
	target 1010 (node 27517) with in degree 585

Execution time and memory used at after iteration 825 (MF = 107.434381): 5.404228e+04 seconds, 302460928 bytes of memory usage, 679480 kB of memory peak and 15:00:49 elapsed time
Statistics on the network after iteration 825 (MF = 107.434381)
	Number of nodes: 27919
	Number of allocated nodes: 28672
	Number of edges: 205965
	Maximum in degree: 585 (node 27517)
	Maximum out degree: 497 (node 7314)
	source 637 (node 7314) with out degree 497
	target 1010 (node 27517) with in degree 585

Execution time and memory used at after iteration 826 (MF = 107.434381): 5.419749e+04 seconds, 302645248 bytes of memory usage, 679480 kB of memory peak and 15:03:24 elapsed time
Statistics on the network after iteration 826 (MF = 107.434381)
	Number of nodes: 27919
	Number of allocated nodes: 28672
	Number of edges: 205965
	Maximum in degree: 585 (node 27517)
	Maximum out degree: 497 (node 7314)
	source 637 (node 7314) with out degree 497
	target 1010 (node 27517) with in degree 585

Execution time and memory used at after iteration 827 (MF = 107.376155): 5.434791e+04 seconds, 302829568 bytes of memory usage, 679480 kB of memory peak and 15:05:55 elapsed time
Statistics on the network after iteration 827 (MF = 107.376155)
	Number of nodes: 27919
	Number of allocated nodes: 28672
	Number of edges: 205965
	Maximum in degree: 585 (node 27517)
	Maximum out degree: 497 (node 7314)
	source 637 (node 7314) with out degree 497
	target 1010 (node 27517) with in degree 585

Execution time and memory used at after iteration 828 (MF = 107.280961): 5.449845e+04 seconds, 302997504 bytes of memory usage, 679480 kB of memory peak and 15:08:25 elapsed time
Statistics on the network after iteration 828 (MF = 107.280961)
	Number of nodes: 27919
	Number of allocated nodes: 28672
	Number of edges: 205965
	Maximum in degree: 585 (node 27517)
	Maximum out degree: 497 (node 7314)
	source 637 (node 7314) with out degree 497
	target 1010 (node 27517) with in degree 585

Execution time and memory used at after iteration 829 (MF = 107.280961): 5.464895e+04 seconds, 303173632 bytes of memory usage, 679480 kB of memory peak and 15:10:56 elapsed time
Statistics on the network after iteration 829 (MF = 107.280961)
	Number of nodes: 27919
	Number of allocated nodes: 28672
	Number of edges: 205965
	Maximum in degree: 585 (node 27517)
	Maximum out degree: 497 (node 7314)
	source 637 (node 7314) with out degree 497
	target 1010 (node 27517) with in degree 585

Execution time and memory used at after iteration 830 (MF = 107.280961): 5.479990e+04 seconds, 303353856 bytes of memory usage, 679656 kB of memory peak and 15:13:27 elapsed time
Statistics on the network after iteration 830 (MF = 107.280961)
	Number of nodes: 27919
	Number of allocated nodes: 28672
	Number of edges: 205965
	Maximum in degree: 585 (node 27517)
	Maximum out degree: 497 (node 7314)
	source 637 (node 7314) with out degree 497
	target 1010 (node 27517) with in degree 585

Execution time and memory used at after iteration 831 (MF = 107.280961): 5.495107e+04 seconds, 303529984 bytes of memory usage, 680188 kB of memory peak and 15:15:58 elapsed time
Statistics on the network after iteration 831 (MF = 107.280961)
	Number of nodes: 27919
	Number of allocated nodes: 28672
	Number of edges: 205965
	Maximum in degree: 585 (node 27517)
	Maximum out degree: 497 (node 7314)
	source 637 (node 7314) with out degree 497
	target 1010 (node 27517) with in degree 585

Execution time and memory used at after iteration 832 (MF = 107.448244): 5.510209e+04 seconds, 303702016 bytes of memory usage, 680188 kB of memory peak and 15:18:29 elapsed time
Statistics on the network after iteration 832 (MF = 107.448244)
	Number of nodes: 27919
	Number of allocated nodes: 28672
	Number of edges: 205965
	Maximum in degree: 585 (node 27517)
	Maximum out degree: 497 (node 7314)
	source 637 (node 7314) with out degree 497
	target 1010 (node 27517) with in degree 585

Execution time and memory used at after iteration 833 (MF = 107.353050): 5.526153e+04 seconds, 303878144 bytes of memory usage, 680440 kB of memory peak and 15:21:08 elapsed time
Statistics on the network after iteration 833 (MF = 107.353050)
	Number of nodes: 27919
	Number of allocated nodes: 28672
	Number of edges: 205965
	Maximum in degree: 585 (node 27517)
	Maximum out degree: 497 (node 7314)
	source 637 (node 7314) with out degree 497
	target 1010 (node 27517) with in degree 585

Execution time and memory used at after iteration 834 (MF = 107.353050): 5.541328e+04 seconds, 304054272 bytes of memory usage, 680964 kB of memory peak and 15:23:40 elapsed time
Statistics on the network after iteration 834 (MF = 107.353050)
	Number of nodes: 27919
	Number of allocated nodes: 28672
	Number of edges: 205965
	Maximum in degree: 585 (node 27517)
	Maximum out degree: 497 (node 7314)
	source 637 (node 7314) with out degree 497
	target 1010 (node 27517) with in degree 585

Execution time and memory used at after iteration 835 (MF = 107.353050): 5.556516e+04 seconds, 304238592 bytes of memory usage, 681492 kB of memory peak and 15:26:12 elapsed time
Statistics on the network after iteration 835 (MF = 107.353050)
	Number of nodes: 27919
	Number of allocated nodes: 28672
	Number of edges: 205965
	Maximum in degree: 585 (node 27517)
	Maximum out degree: 497 (node 7314)
	source 637 (node 7314) with out degree 497
	target 1010 (node 27517) with in degree 585

Execution time and memory used at after iteration 836 (MF = 107.353050): 5.571783e+04 seconds, 304414720 bytes of memory usage, 682024 kB of memory peak and 15:28:45 elapsed time
Statistics on the network after iteration 836 (MF = 107.353050)
	Number of nodes: 27919
	Number of allocated nodes: 28672
	Number of edges: 205965
	Maximum in degree: 585 (node 27517)
	Maximum out degree: 497 (node 7314)
	source 637 (node 7314) with out degree 497
	target 1010 (node 27517) with in degree 585

Execution time and memory used at after iteration 837 (MF = 107.376155): 5.587412e+04 seconds, 304586752 bytes of memory usage, 682024 kB of memory peak and 15:31:21 elapsed time
Statistics on the network after iteration 837 (MF = 107.376155)
	Number of nodes: 27919
	Number of allocated nodes: 28672
	Number of edges: 205965
	Maximum in degree: 585 (node 27517)
	Maximum out degree: 497 (node 7314)
	source 637 (node 7314) with out degree 497
	target 1010 (node 27517) with in degree 585

Execution time and memory used at after iteration 838 (MF = 107.376155): 5.602654e+04 seconds, 304762880 bytes of memory usage, 682348 kB of memory peak and 15:33:54 elapsed time
Statistics on the network after iteration 838 (MF = 107.376155)
	Number of nodes: 27919
	Number of allocated nodes: 28672
	Number of edges: 205965
	Maximum in degree: 585 (node 27517)
	Maximum out degree: 497 (node 7314)
	source 637 (node 7314) with out degree 497
	target 1010 (node 27517) with in degree 585

Execution time and memory used at after iteration 839 (MF = 107.376155): 5.618132e+04 seconds, 304947200 bytes of memory usage, 684740 kB of memory peak and 15:36:28 elapsed time
Statistics on the network after iteration 839 (MF = 107.376155)
	Number of nodes: 27919
	Number of allocated nodes: 28672
	Number of edges: 205965
	Maximum in degree: 585 (node 27517)
	Maximum out degree: 497 (node 7314)
	source 637 (node 7314) with out degree 497
	target 1010 (node 27517) with in degree 585

Execution time and memory used at after iteration 840 (MF = 107.376155): 5.634291e+04 seconds, 305123328 bytes of memory usage, 685192 kB of memory peak and 15:39:10 elapsed time
Statistics on the network after iteration 840 (MF = 107.376155)
	Number of nodes: 27919
	Number of allocated nodes: 28672
	Number of edges: 205965
	Maximum in degree: 585 (node 27517)
	Maximum out degree: 497 (node 7314)
	source 637 (node 7314) with out degree 497
	target 1010 (node 27517) with in degree 585

Execution time and memory used at after iteration 841 (MF = 107.280961): 5.649573e+04 seconds, 305307648 bytes of memory usage, 685724 kB of memory peak and 15:41:43 elapsed time
Statistics on the network after iteration 841 (MF = 107.280961)
	Number of nodes: 27919
	Number of allocated nodes: 28672
	Number of edges: 205965
	Maximum in degree: 585 (node 27517)
	Maximum out degree: 497 (node 7314)
	source 637 (node 7314) with out degree 497
	target 1010 (node 27517) with in degree 585

Execution time and memory used at after iteration 842 (MF = 107.280961): 5.664877e+04 seconds, 305483776 bytes of memory usage, 686060 kB of memory peak and 15:44:16 elapsed time
Statistics on the network after iteration 842 (MF = 107.280961)
	Number of nodes: 27919
	Number of allocated nodes: 28672
	Number of edges: 205965
	Maximum in degree: 585 (node 27517)
	Maximum out degree: 497 (node 7314)
	source 637 (node 7314) with out degree 497
	target 1010 (node 27517) with in degree 585

Execution time and memory used at after iteration 843 (MF = 107.280961): 5.680197e+04 seconds, 305655808 bytes of memory usage, 686588 kB of memory peak and 15:46:49 elapsed time
Statistics on the network after iteration 843 (MF = 107.280961)
	Number of nodes: 27919
	Number of allocated nodes: 28672
	Number of edges: 205965
	Maximum in degree: 585 (node 27517)
	Maximum out degree: 497 (node 7314)
	source 637 (node 7314) with out degree 497
	target 1010 (node 27517) with in degree 585

Execution time and memory used at after iteration 844 (MF = 107.448244): 5.695544e+04 seconds, 305831936 bytes of memory usage, 687120 kB of memory peak and 15:49:23 elapsed time
Statistics on the network after iteration 844 (MF = 107.448244)
	Number of nodes: 27919
	Number of allocated nodes: 28672
	Number of edges: 205965
	Maximum in degree: 585 (node 27517)
	Maximum out degree: 497 (node 7314)
	source 637 (node 7314) with out degree 497
	target 1010 (node 27517) with in degree 585

Execution time and memory used at after iteration 845 (MF = 107.353050): 5.711923e+04 seconds, 306020352 bytes of memory usage, 687664 kB of memory peak and 15:52:06 elapsed time
Statistics on the network after iteration 845 (MF = 107.353050)
	Number of nodes: 27919
	Number of allocated nodes: 28672
	Number of edges: 205965
	Maximum in degree: 585 (node 27517)
	Maximum out degree: 497 (node 7314)
	source 637 (node 7314) with out degree 497
	target 1010 (node 27517) with in degree 585

Execution time and memory used at after iteration 846 (MF = 107.353050): 5.727435e+04 seconds, 306192384 bytes of memory usage, 688184 kB of memory peak and 15:54:41 elapsed time
Statistics on the network after iteration 846 (MF = 107.353050)
	Number of nodes: 27919
	Number of allocated nodes: 28672
	Number of edges: 205965
	Maximum in degree: 585 (node 27517)
	Maximum out degree: 497 (node 7314)
	source 637 (node 7314) with out degree 497
	target 1010 (node 27517) with in degree 585

Execution time and memory used at after iteration 847 (MF = 107.353050): 5.742849e+04 seconds, 306368512 bytes of memory usage, 688732 kB of memory peak and 15:57:16 elapsed time
Statistics on the network after iteration 847 (MF = 107.353050)
	Number of nodes: 27919
	Number of allocated nodes: 28672
	Number of edges: 205965
	Maximum in degree: 585 (node 27517)
	Maximum out degree: 497 (node 7314)
	source 637 (node 7314) with out degree 497
	target 1010 (node 27517) with in degree 585

Execution time and memory used at after iteration 848 (MF = 107.376155): 5.758263e+04 seconds, 306544640 bytes of memory usage, 689252 kB of memory peak and 15:59:50 elapsed time
Statistics on the network after iteration 848 (MF = 107.376155)
	Number of nodes: 27919
	Number of allocated nodes: 28672
	Number of edges: 205965
	Maximum in degree: 585 (node 27517)
	Maximum out degree: 497 (node 7314)
	source 637 (node 7314) with out degree 497
	target 1010 (node 27517) with in degree 585

Execution time and memory used at after iteration 849 (MF = 107.376155): 5.773719e+04 seconds, 306716672 bytes of memory usage, 689784 kB of memory peak and 16:02:24 elapsed time
Statistics on the network after iteration 849 (MF = 107.376155)
	Number of nodes: 27919
	Number of allocated nodes: 28672
	Number of edges: 205965
	Maximum in degree: 585 (node 27517)
	Maximum out degree: 497 (node 7314)
	source 637 (node 7314) with out degree 497
	target 1010 (node 27517) with in degree 585

Execution time and memory used at after iteration 850 (MF = 107.376155): 5.789453e+04 seconds, 306905088 bytes of memory usage, 690328 kB of memory peak and 16:05:02 elapsed time
Statistics on the network after iteration 850 (MF = 107.376155)
	Number of nodes: 27919
	Number of allocated nodes: 28672
	Number of edges: 205965
	Maximum in degree: 585 (node 27517)
	Maximum out degree: 497 (node 7314)
	source 637 (node 7314) with out degree 497
	target 1010 (node 27517) with in degree 585

Execution time and memory used at after iteration 851 (MF = 107.339187): 5.804952e+04 seconds, 307077120 bytes of memory usage, 690328 kB of memory peak and 16:07:37 elapsed time
Statistics on the network after iteration 851 (MF = 107.339187)
	Number of nodes: 27919
	Number of allocated nodes: 28672
	Number of edges: 205965
	Maximum in degree: 585 (node 27517)
	Maximum out degree: 497 (node 7314)
	source 637 (node 7314) with out degree 497
	target 1010 (node 27517) with in degree 585

Execution time and memory used at after iteration 852 (MF = 107.434381): 5.820492e+04 seconds, 307253248 bytes of memory usage, 690580 kB of memory peak and 16:10:12 elapsed time
Statistics on the network after iteration 852 (MF = 107.434381)
	Number of nodes: 27919
	Number of allocated nodes: 28672
	Number of edges: 205965
	Maximum in degree: 585 (node 27517)
	Maximum out degree: 497 (node 7314)
	source 637 (node 7314) with out degree 497
	target 1010 (node 27517) with in degree 585

Execution time and memory used at after iteration 853 (MF = 107.339187): 5.836048e+04 seconds, 307429376 bytes of memory usage, 691124 kB of memory peak and 16:12:48 elapsed time
Statistics on the network after iteration 853 (MF = 107.339187)
	Number of nodes: 27919
	Number of allocated nodes: 28672
	Number of edges: 205965
	Maximum in degree: 585 (node 27517)
	Maximum out degree: 497 (node 7314)
	source 637 (node 7314) with out degree 497
	target 1010 (node 27517) with in degree 585

Execution time and memory used at after iteration 854 (MF = 107.339187): 5.851613e+04 seconds, 307601408 bytes of memory usage, 691648 kB of memory peak and 16:15:23 elapsed time
Statistics on the network after iteration 854 (MF = 107.339187)
	Number of nodes: 27919
	Number of allocated nodes: 28672
	Number of edges: 205965
	Maximum in degree: 585 (node 27517)
	Maximum out degree: 497 (node 7314)
	source 637 (node 7314) with out degree 497
	target 1010 (node 27517) with in degree 585

Execution time and memory used at after iteration 855 (MF = 107.411275): 5.868738e+04 seconds, 307789824 bytes of memory usage, 692192 kB of memory peak and 16:18:15 elapsed time
Statistics on the network after iteration 855 (MF = 107.411275)
	Number of nodes: 27919
	Number of allocated nodes: 28672
	Number of edges: 205965
	Maximum in degree: 585 (node 27517)
	Maximum out degree: 497 (node 7314)
	source 637 (node 7314) with out degree 497
	target 1010 (node 27517) with in degree 585

Execution time and memory used at after iteration 856 (MF = 107.506470): 5.884386e+04 seconds, 307974144 bytes of memory usage, 692204 kB of memory peak and 16:20:51 elapsed time
Statistics on the network after iteration 856 (MF = 107.506470)
	Number of nodes: 27919
	Number of allocated nodes: 28672
	Number of edges: 205965
	Maximum in degree: 585 (node 27517)
	Maximum out degree: 497 (node 7314)
	source 637 (node 7314) with out degree 497
	target 1010 (node 27517) with in degree 585

Execution time and memory used at after iteration 857 (MF = 107.411275): 5.900349e+04 seconds, 308137984 bytes of memory usage, 692664 kB of memory peak and 16:23:31 elapsed time
Statistics on the network after iteration 857 (MF = 107.411275)
	Number of nodes: 27919
	Number of allocated nodes: 28672
	Number of edges: 205965
	Maximum in degree: 585 (node 27517)
	Maximum out degree: 497 (node 7314)
	source 637 (node 7314) with out degree 497
	target 1010 (node 27517) with in degree 585

Execution time and memory used at after iteration 858 (MF = 107.411275): 5.916176e+04 seconds, 308322304 bytes of memory usage, 693084 kB of memory peak and 16:26:09 elapsed time
Statistics on the network after iteration 858 (MF = 107.411275)
	Number of nodes: 27919
	Number of allocated nodes: 28672
	Number of edges: 205965
	Maximum in degree: 585 (node 27517)
	Maximum out degree: 497 (node 7314)
	source 637 (node 7314) with out degree 497
	target 1010 (node 27517) with in degree 585

Execution time and memory used at after iteration 859 (MF = 107.434381): 5.931969e+04 seconds, 308498432 bytes of memory usage, 693528 kB of memory peak and 16:28:47 elapsed time
Statistics on the network after iteration 859 (MF = 107.434381)
	Number of nodes: 27919
	Number of allocated nodes: 28672
	Number of edges: 205965
	Maximum in degree: 585 (node 27517)
	Maximum out degree: 497 (node 7314)
	source 637 (node 7314) with out degree 497
	target 1010 (node 27517) with in degree 585

Execution time and memory used at after iteration 860 (MF = 107.434381): 5.947690e+04 seconds, 308682752 bytes of memory usage, 694072 kB of memory peak and 16:31:24 elapsed time
Statistics on the network after iteration 860 (MF = 107.434381)
	Number of nodes: 27919
	Number of allocated nodes: 28672
	Number of edges: 205965
	Maximum in degree: 585 (node 27517)
	Maximum out degree: 497 (node 7314)
	source 637 (node 7314) with out degree 497
	target 1010 (node 27517) with in degree 585

Execution time and memory used at after iteration 861 (MF = 107.434381): 5.963458e+04 seconds, 308867072 bytes of memory usage, 694604 kB of memory peak and 16:34:02 elapsed time
Statistics on the network after iteration 861 (MF = 107.434381)
	Number of nodes: 27919
	Number of allocated nodes: 28672
	Number of edges: 205965
	Maximum in degree: 585 (node 27517)
	Maximum out degree: 497 (node 7314)
	source 637 (node 7314) with out degree 497
	target 1010 (node 27517) with in degree 585

Execution time and memory used at after iteration 862 (MF = 107.339187): 5.980024e+04 seconds, 309035008 bytes of memory usage, 695144 kB of memory peak and 16:36:48 elapsed time
Statistics on the network after iteration 862 (MF = 107.339187)
	Number of nodes: 27919
	Number of allocated nodes: 28672
	Number of edges: 205965
	Maximum in degree: 585 (node 27517)
	Maximum out degree: 497 (node 7314)
	source 637 (node 7314) with out degree 497
	target 1010 (node 27517) with in degree 585

Execution time and memory used at after iteration 863 (MF = 107.339187): 5.995979e+04 seconds, 309207040 bytes of memory usage, 695668 kB of memory peak and 16:39:27 elapsed time
Statistics on the network after iteration 863 (MF = 107.339187)
	Number of nodes: 27919
	Number of allocated nodes: 28672
	Number of edges: 205965
	Maximum in degree: 585 (node 27517)
	Maximum out degree: 497 (node 7314)
	source 637 (node 7314) with out degree 497
	target 1010 (node 27517) with in degree 585

Execution time and memory used at after iteration 864 (MF = 107.339187): 6.012220e+04 seconds, 309395456 bytes of memory usage, 696212 kB of memory peak and 16:42:10 elapsed time
Statistics on the network after iteration 864 (MF = 107.339187)
	Number of nodes: 27919
	Number of allocated nodes: 28672
	Number of edges: 205965
	Maximum in degree: 585 (node 27517)
	Maximum out degree: 497 (node 7314)
	source 637 (node 7314) with out degree 497
	target 1010 (node 27517) with in degree 585

Execution time and memory used at after iteration 865 (MF = 107.339187): 6.028184e+04 seconds, 309567488 bytes of memory usage, 696724 kB of memory peak and 16:44:49 elapsed time
Statistics on the network after iteration 865 (MF = 107.339187)
	Number of nodes: 27919
	Number of allocated nodes: 28672
	Number of edges: 205965
	Maximum in degree: 585 (node 27517)
	Maximum out degree: 497 (node 7314)
	source 637 (node 7314) with out degree 497
	target 1010 (node 27517) with in degree 585

Execution time and memory used at after iteration 866 (MF = 107.280961): 6.044213e+04 seconds, 309735424 bytes of memory usage, 697264 kB of memory peak and 16:47:29 elapsed time
Statistics on the network after iteration 866 (MF = 107.280961)
	Number of nodes: 27919
	Number of allocated nodes: 28672
	Number of edges: 205965
	Maximum in degree: 585 (node 27517)
	Maximum out degree: 497 (node 7314)
	source 637 (node 7314) with out degree 497
	target 1010 (node 27517) with in degree 585

Execution time and memory used at after iteration 867 (MF = 107.294824): 6.060270e+04 seconds, 309911552 bytes of memory usage, 697788 kB of memory peak and 16:50:10 elapsed time
Statistics on the network after iteration 867 (MF = 107.294824)
	Number of nodes: 27919
	Number of allocated nodes: 28672
	Number of edges: 205965
	Maximum in degree: 585 (node 27517)
	Maximum out degree: 497 (node 7314)
	source 637 (node 7314) with out degree 497
	target 1010 (node 27517) with in degree 585

Execution time and memory used at after iteration 868 (MF = 107.280961): 6.076377e+04 seconds, 310091776 bytes of memory usage, 697788 kB of memory peak and 16:52:51 elapsed time
Statistics on the network after iteration 868 (MF = 107.280961)
	Number of nodes: 27919
	Number of allocated nodes: 28672
	Number of edges: 205965
	Maximum in degree: 585 (node 27517)
	Maximum out degree: 497 (node 7314)
	source 637 (node 7314) with out degree 497
	target 1010 (node 27517) with in degree 585

Execution time and memory used at after iteration 869 (MF = 107.294824): 6.092511e+04 seconds, 310267904 bytes of memory usage, 698052 kB of memory peak and 16:55:32 elapsed time
Statistics on the network after iteration 869 (MF = 107.294824)
	Number of nodes: 27919
	Number of allocated nodes: 28672
	Number of edges: 205965
	Maximum in degree: 585 (node 27517)
	Maximum out degree: 497 (node 7314)
	source 637 (node 7314) with out degree 497
	target 1010 (node 27517) with in degree 585

Execution time and memory used at after iteration 870 (MF = 107.339187): 6.108696e+04 seconds, 310444032 bytes of memory usage, 698584 kB of memory peak and 16:58:14 elapsed time
Statistics on the network after iteration 870 (MF = 107.339187)
	Number of nodes: 27919
	Number of allocated nodes: 28672
	Number of edges: 205965
	Maximum in degree: 585 (node 27517)
	Maximum out degree: 497 (node 7314)
	source 637 (node 7314) with out degree 497
	target 1010 (node 27517) with in degree 585

Execution time and memory used at after iteration 871 (MF = 107.353050): 6.125022e+04 seconds, 310624256 bytes of memory usage, 699116 kB of memory peak and 17:00:58 elapsed time
Statistics on the network after iteration 871 (MF = 107.353050)
	Number of nodes: 27919
	Number of allocated nodes: 28672
	Number of edges: 205965
	Maximum in degree: 585 (node 27517)
	Maximum out degree: 497 (node 7314)
	source 637 (node 7314) with out degree 497
	target 1010 (node 27517) with in degree 585

Execution time and memory used at after iteration 872 (MF = 107.280961): 6.141906e+04 seconds, 310800384 bytes of memory usage, 699648 kB of memory peak and 17:03:46 elapsed time
Statistics on the network after iteration 872 (MF = 107.280961)
	Number of nodes: 27919
	Number of allocated nodes: 28672
	Number of edges: 205965
	Maximum in degree: 585 (node 27517)
	Maximum out degree: 497 (node 7314)
	source 637 (node 7314) with out degree 497
	target 1010 (node 27517) with in degree 585

Execution time and memory used at after iteration 873 (MF = 107.353050): 6.158422e+04 seconds, 310984704 bytes of memory usage, 700192 kB of memory peak and 17:06:32 elapsed time
Statistics on the network after iteration 873 (MF = 107.353050)
	Number of nodes: 27919
	Number of allocated nodes: 28672
	Number of edges: 205965
	Maximum in degree: 585 (node 27517)
	Maximum out degree: 497 (node 7314)
	source 637 (node 7314) with out degree 497
	target 1010 (node 27517) with in degree 585

Execution time and memory used at after iteration 874 (MF = 107.280961): 6.175356e+04 seconds, 311156736 bytes of memory usage, 700716 kB of memory peak and 17:09:21 elapsed time
Statistics on the network after iteration 874 (MF = 107.280961)
	Number of nodes: 27919
	Number of allocated nodes: 28672
	Number of edges: 205965
	Maximum in degree: 585 (node 27517)
	Maximum out degree: 497 (node 7314)
	source 637 (node 7314) with out degree 497
	target 1010 (node 27517) with in degree 585

Execution time and memory used at after iteration 875 (MF = 107.376155): 6.192407e+04 seconds, 311332864 bytes of memory usage, 701244 kB of memory peak and 17:12:11 elapsed time
Statistics on the network after iteration 875 (MF = 107.376155)
	Number of nodes: 27919
	Number of allocated nodes: 28672
	Number of edges: 205965
	Maximum in degree: 585 (node 27517)
	Maximum out degree: 497 (node 7314)
	source 637 (node 7314) with out degree 497
	target 1010 (node 27517) with in degree 585

Execution time and memory used at after iteration 876 (MF = 107.376155): 6.210414e+04 seconds, 311517184 bytes of memory usage, 701244 kB of memory peak and 17:15:12 elapsed time
Statistics on the network after iteration 876 (MF = 107.376155)
	Number of nodes: 27919
	Number of allocated nodes: 28672
	Number of edges: 205965
	Maximum in degree: 585 (node 27517)
	Maximum out degree: 497 (node 7314)
	source 637 (node 7314) with out degree 497
	target 1010 (node 27517) with in degree 585

Execution time and memory used at after iteration 877 (MF = 107.376155): 6.227094e+04 seconds, 311689216 bytes of memory usage, 701508 kB of memory peak and 17:17:58 elapsed time
Statistics on the network after iteration 877 (MF = 107.376155)
	Number of nodes: 27919
	Number of allocated nodes: 28672
	Number of edges: 205965
	Maximum in degree: 585 (node 27517)
	Maximum out degree: 497 (node 7314)
	source 637 (node 7314) with out degree 497
	target 1010 (node 27517) with in degree 585

Execution time and memory used at after iteration 878 (MF = 107.376155): 6.243996e+04 seconds, 311877632 bytes of memory usage, 702052 kB of memory peak and 17:20:47 elapsed time
Statistics on the network after iteration 878 (MF = 107.376155)
	Number of nodes: 27919
	Number of allocated nodes: 28672
	Number of edges: 205965
	Maximum in degree: 585 (node 27517)
	Maximum out degree: 497 (node 7314)
	source 637 (node 7314) with out degree 497
	target 1010 (node 27517) with in degree 585

Execution time and memory used at after iteration 879 (MF = 107.448244): 6.260824e+04 seconds, 312061952 bytes of memory usage, 702576 kB of memory peak and 17:23:36 elapsed time
Statistics on the network after iteration 879 (MF = 107.448244)
	Number of nodes: 27919
	Number of allocated nodes: 28672
	Number of edges: 205965
	Maximum in degree: 585 (node 27517)
	Maximum out degree: 497 (node 7314)
	source 637 (node 7314) with out degree 497
	target 1010 (node 27517) with in degree 585

Execution time and memory used at after iteration 880 (MF = 107.376155): 6.277832e+04 seconds, 312225792 bytes of memory usage, 703108 kB of memory peak and 17:26:26 elapsed time
Statistics on the network after iteration 880 (MF = 107.376155)
	Number of nodes: 27919
	Number of allocated nodes: 28672
	Number of edges: 205965
	Maximum in degree: 585 (node 27517)
	Maximum out degree: 497 (node 7314)
	source 637 (node 7314) with out degree 497
	target 1010 (node 27517) with in degree 585

Execution time and memory used at after iteration 881 (MF = 107.376155): 6.294617e+04 seconds, 312401920 bytes of memory usage, 703656 kB of memory peak and 17:29:14 elapsed time
Statistics on the network after iteration 881 (MF = 107.376155)
	Number of nodes: 27919
	Number of allocated nodes: 28672
	Number of edges: 205965
	Maximum in degree: 585 (node 27517)
	Maximum out degree: 497 (node 7314)
	source 637 (node 7314) with out degree 497
	target 1010 (node 27517) with in degree 585

Execution time and memory used at after iteration 882 (MF = 107.376155): 6.312022e+04 seconds, 312586240 bytes of memory usage, 704184 kB of memory peak and 17:32:08 elapsed time
Statistics on the network after iteration 882 (MF = 107.376155)
	Number of nodes: 27919
	Number of allocated nodes: 28672
	Number of edges: 205965
	Maximum in degree: 585 (node 27517)
	Maximum out degree: 497 (node 7314)
	source 637 (node 7314) with out degree 497
	target 1010 (node 27517) with in degree 585

Execution time and memory used at after iteration 883 (MF = 107.376155): 6.328972e+04 seconds, 312762368 bytes of memory usage, 704708 kB of memory peak and 17:34:57 elapsed time
Statistics on the network after iteration 883 (MF = 107.376155)
	Number of nodes: 27919
	Number of allocated nodes: 28672
	Number of edges: 205965
	Maximum in degree: 585 (node 27517)
	Maximum out degree: 497 (node 7314)
	source 637 (node 7314) with out degree 497
	target 1010 (node 27517) with in degree 585

Execution time and memory used at after iteration 884 (MF = 107.376155): 6.345886e+04 seconds, 312938496 bytes of memory usage, 704708 kB of memory peak and 17:37:46 elapsed time
Statistics on the network after iteration 884 (MF = 107.376155)
	Number of nodes: 27919
	Number of allocated nodes: 28672
	Number of edges: 205965
	Maximum in degree: 585 (node 27517)
	Maximum out degree: 497 (node 7314)
	source 637 (node 7314) with out degree 497
	target 1010 (node 27517) with in degree 585

Execution time and memory used at after iteration 885 (MF = 107.376155): 6.360503e+04 seconds, 313114624 bytes of memory usage, 704984 kB of memory peak and 17:40:12 elapsed time
Statistics on the network after iteration 885 (MF = 107.376155)
	Number of nodes: 27919
	Number of allocated nodes: 28672
	Number of edges: 205965
	Maximum in degree: 585 (node 27517)
	Maximum out degree: 497 (node 7314)
	source 637 (node 7314) with out degree 497
	target 1010 (node 27517) with in degree 585

Execution time and memory used at after iteration 886 (MF = 107.339187): 6.375091e+04 seconds, 313294848 bytes of memory usage, 705528 kB of memory peak and 17:42:38 elapsed time
Statistics on the network after iteration 886 (MF = 107.339187)
	Number of nodes: 27919
	Number of allocated nodes: 28672
	Number of edges: 205965
	Maximum in degree: 585 (node 27517)
	Maximum out degree: 497 (node 7314)
	source 637 (node 7314) with out degree 497
	target 1010 (node 27517) with in degree 585

Execution time and memory used at after iteration 887 (MF = 107.339187): 6.392815e+04 seconds, 313470976 bytes of memory usage, 706060 kB of memory peak and 17:45:36 elapsed time
Statistics on the network after iteration 887 (MF = 107.339187)
	Number of nodes: 27919
	Number of allocated nodes: 28672
	Number of edges: 205965
	Maximum in degree: 585 (node 27517)
	Maximum out degree: 497 (node 7314)
	source 637 (node 7314) with out degree 497
	target 1010 (node 27517) with in degree 585

Execution time and memory used at after iteration 888 (MF = 107.376155): 6.410416e+04 seconds, 313647104 bytes of memory usage, 706584 kB of memory peak and 17:48:32 elapsed time
Statistics on the network after iteration 888 (MF = 107.376155)
	Number of nodes: 27919
	Number of allocated nodes: 28672
	Number of edges: 205965
	Maximum in degree: 585 (node 27517)
	Maximum out degree: 497 (node 7314)
	source 637 (node 7314) with out degree 497
	target 1010 (node 27517) with in degree 585

Execution time and memory used at after iteration 889 (MF = 107.434381): 6.427330e+04 seconds, 313827328 bytes of memory usage, 707124 kB of memory peak and 17:51:21 elapsed time
Statistics on the network after iteration 889 (MF = 107.434381)
	Number of nodes: 27919
	Number of allocated nodes: 28672
	Number of edges: 205965
	Maximum in degree: 585 (node 27517)
	Maximum out degree: 497 (node 7314)
	source 637 (node 7314) with out degree 497
	target 1010 (node 27517) with in degree 585

Execution time and memory used at after iteration 890 (MF = 107.434381): 6.444269e+04 seconds, 314011648 bytes of memory usage, 707664 kB of memory peak and 17:54:10 elapsed time
Statistics on the network after iteration 890 (MF = 107.434381)
	Number of nodes: 27919
	Number of allocated nodes: 28672
	Number of edges: 205965
	Maximum in degree: 585 (node 27517)
	Maximum out degree: 497 (node 7314)
	source 637 (node 7314) with out degree 497
	target 1010 (node 27517) with in degree 585

Execution time and memory used at after iteration 891 (MF = 107.434381): 6.461766e+04 seconds, 314187776 bytes of memory usage, 708208 kB of memory peak and 17:57:05 elapsed time
Statistics on the network after iteration 891 (MF = 107.434381)
	Number of nodes: 27919
	Number of allocated nodes: 28672
	Number of edges: 205965
	Maximum in degree: 585 (node 27517)
	Maximum out degree: 497 (node 7314)
	source 637 (node 7314) with out degree 497
	target 1010 (node 27517) with in degree 585

Execution time and memory used at after iteration 892 (MF = 107.434381): 6.478788e+04 seconds, 314368000 bytes of memory usage, 708748 kB of memory peak and 17:59:55 elapsed time
Statistics on the network after iteration 892 (MF = 107.434381)
	Number of nodes: 27919
	Number of allocated nodes: 28672
	Number of edges: 205965
	Maximum in degree: 585 (node 27517)
	Maximum out degree: 497 (node 7314)
	source 637 (node 7314) with out degree 497
	target 1010 (node 27517) with in degree 585

Execution time and memory used at after iteration 893 (MF = 107.506470): 6.496280e+04 seconds, 314544128 bytes of memory usage, 708748 kB of memory peak and 18:02:50 elapsed time
Statistics on the network after iteration 893 (MF = 107.506470)
	Number of nodes: 27919
	Number of allocated nodes: 28672
	Number of edges: 205965
	Maximum in degree: 585 (node 27517)
	Maximum out degree: 497 (node 7314)
	source 637 (node 7314) with out degree 497
	target 1010 (node 27517) with in degree 585

Execution time and memory used at after iteration 894 (MF = 107.434381): 6.513984e+04 seconds, 314728448 bytes of memory usage, 709004 kB of memory peak and 18:05:47 elapsed time
Statistics on the network after iteration 894 (MF = 107.434381)
	Number of nodes: 27919
	Number of allocated nodes: 28672
	Number of edges: 205965
	Maximum in degree: 585 (node 27517)
	Maximum out degree: 497 (node 7314)
	source 637 (node 7314) with out degree 497
	target 1010 (node 27517) with in degree 585

Execution time and memory used at after iteration 895 (MF = 107.434381): 6.531262e+04 seconds, 314904576 bytes of memory usage, 709532 kB of memory peak and 18:08:40 elapsed time
Statistics on the network after iteration 895 (MF = 107.434381)
	Number of nodes: 27919
	Number of allocated nodes: 28672
	Number of edges: 205965
	Maximum in degree: 585 (node 27517)
	Maximum out degree: 497 (node 7314)
	source 637 (node 7314) with out degree 497
	target 1010 (node 27517) with in degree 585

Execution time and memory used at after iteration 896 (MF = 107.434381): 6.548450e+04 seconds, 315084800 bytes of memory usage, 710072 kB of memory peak and 18:11:32 elapsed time
Statistics on the network after iteration 896 (MF = 107.434381)
	Number of nodes: 27919
	Number of allocated nodes: 28672
	Number of edges: 205965
	Maximum in degree: 585 (node 27517)
	Maximum out degree: 497 (node 7314)
	source 637 (node 7314) with out degree 497
	target 1010 (node 27517) with in degree 585

Execution time and memory used at after iteration 897 (MF = 107.434381): 6.566198e+04 seconds, 315260928 bytes of memory usage, 710612 kB of memory peak and 18:14:29 elapsed time
Statistics on the network after iteration 897 (MF = 107.434381)
	Number of nodes: 27919
	Number of allocated nodes: 28672
	Number of edges: 205965
	Maximum in degree: 585 (node 27517)
	Maximum out degree: 497 (node 7314)
	source 637 (node 7314) with out degree 497
	target 1010 (node 27517) with in degree 585

Execution time and memory used at after iteration 898 (MF = 107.434381): 6.583570e+04 seconds, 315445248 bytes of memory usage, 711144 kB of memory peak and 18:17:23 elapsed time
Statistics on the network after iteration 898 (MF = 107.434381)
	Number of nodes: 27919
	Number of allocated nodes: 28672
	Number of edges: 205965
	Maximum in degree: 585 (node 27517)
	Maximum out degree: 497 (node 7314)
	source 637 (node 7314) with out degree 497
	target 1010 (node 27517) with in degree 585

Execution time and memory used at after iteration 899 (MF = 107.434381): 6.600858e+04 seconds, 315617280 bytes of memory usage, 711684 kB of memory peak and 18:20:16 elapsed time
Statistics on the network after iteration 899 (MF = 107.434381)
	Number of nodes: 27919
	Number of allocated nodes: 28672
	Number of edges: 205965
	Maximum in degree: 585 (node 27517)
	Maximum out degree: 497 (node 7314)
	source 637 (node 7314) with out degree 497
	target 1010 (node 27517) with in degree 585

Execution time and memory used at after iteration 900 (MF = 107.434381): 6.618265e+04 seconds, 315801600 bytes of memory usage, 712220 kB of memory peak and 18:23:10 elapsed time
Statistics on the network after iteration 900 (MF = 107.434381)
	Number of nodes: 27919
	Number of allocated nodes: 28672
	Number of edges: 205965
	Maximum in degree: 585 (node 27517)
	Maximum out degree: 497 (node 7314)
	source 637 (node 7314) with out degree 497
	target 1010 (node 27517) with in degree 585

Execution time and memory used at after iteration 901 (MF = 107.434381): 6.635742e+04 seconds, 315977728 bytes of memory usage, 712752 kB of memory peak and 18:26:05 elapsed time
Statistics on the network after iteration 901 (MF = 107.434381)
	Number of nodes: 27919
	Number of allocated nodes: 28672
	Number of edges: 205965
	Maximum in degree: 585 (node 27517)
	Maximum out degree: 497 (node 7314)
	source 637 (node 7314) with out degree 497
	target 1010 (node 27517) with in degree 585

Execution time and memory used at after iteration 902 (MF = 107.339187): 6.653939e+04 seconds, 316157952 bytes of memory usage, 712752 kB of memory peak and 18:29:07 elapsed time
Statistics on the network after iteration 902 (MF = 107.339187)
	Number of nodes: 27919
	Number of allocated nodes: 28672
	Number of edges: 205965
	Maximum in degree: 585 (node 27517)
	Maximum out degree: 497 (node 7314)
	source 637 (node 7314) with out degree 497
	target 1010 (node 27517) with in degree 585

Execution time and memory used at after iteration 903 (MF = 107.434381): 6.672058e+04 seconds, 316334080 bytes of memory usage, 713020 kB of memory peak and 18:32:08 elapsed time
Statistics on the network after iteration 903 (MF = 107.434381)
	Number of nodes: 27919
	Number of allocated nodes: 28672
	Number of edges: 205965
	Maximum in degree: 585 (node 27517)
	Maximum out degree: 497 (node 7314)
	source 637 (node 7314) with out degree 497
	target 1010 (node 27517) with in degree 585

Execution time and memory used at after iteration 904 (MF = 107.339187): 6.690289e+04 seconds, 316510208 bytes of memory usage, 713552 kB of memory peak and 18:35:10 elapsed time
Statistics on the network after iteration 904 (MF = 107.339187)
	Number of nodes: 27919
	Number of allocated nodes: 28672
	Number of edges: 205965
	Maximum in degree: 585 (node 27517)
	Maximum out degree: 497 (node 7314)
	source 637 (node 7314) with out degree 497
	target 1010 (node 27517) with in degree 585

Execution time and memory used at after iteration 905 (MF = 107.434381): 6.707824e+04 seconds, 316694528 bytes of memory usage, 714104 kB of memory peak and 18:38:06 elapsed time
Statistics on the network after iteration 905 (MF = 107.434381)
	Number of nodes: 27919
	Number of allocated nodes: 28672
	Number of edges: 205965
	Maximum in degree: 585 (node 27517)
	Maximum out degree: 497 (node 7314)
	source 637 (node 7314) with out degree 497
	target 1010 (node 27517) with in degree 585

Execution time and memory used at after iteration 906 (MF = 107.339187): 6.725602e+04 seconds, 316878848 bytes of memory usage, 714636 kB of memory peak and 18:41:04 elapsed time
Statistics on the network after iteration 906 (MF = 107.339187)
	Number of nodes: 27919
	Number of allocated nodes: 28672
	Number of edges: 205965
	Maximum in degree: 585 (node 27517)
	Maximum out degree: 497 (node 7314)
	source 637 (node 7314) with out degree 497
	target 1010 (node 27517) with in degree 585

Execution time and memory used at after iteration 907 (MF = 107.434381): 6.743583e+04 seconds, 364240896 bytes of memory usage, 715180 kB of memory peak and 18:44:03 elapsed time
Statistics on the network after iteration 907 (MF = 107.434381)
	Number of nodes: 27919
	Number of allocated nodes: 28672
	Number of edges: 205965
	Maximum in degree: 585 (node 27517)
	Maximum out degree: 497 (node 7314)
	source 637 (node 7314) with out degree 497
	target 1010 (node 27517) with in degree 585

Execution time and memory used at after iteration 908 (MF = 107.434381): 6.761587e+04 seconds, 364425216 bytes of memory usage, 715720 kB of memory peak and 18:47:03 elapsed time
Statistics on the network after iteration 908 (MF = 107.434381)
	Number of nodes: 27919
	Number of allocated nodes: 28672
	Number of edges: 205965
	Maximum in degree: 585 (node 27517)
	Maximum out degree: 497 (node 7314)
	source 637 (node 7314) with out degree 497
	target 1010 (node 27517) with in degree 585

Execution time and memory used at after iteration 909 (MF = 107.434381): 6.779812e+04 seconds, 364601344 bytes of memory usage, 716244 kB of memory peak and 18:50:06 elapsed time
Statistics on the network after iteration 909 (MF = 107.434381)
	Number of nodes: 27919
	Number of allocated nodes: 28672
	Number of edges: 205965
	Maximum in degree: 585 (node 27517)
	Maximum out degree: 497 (node 7314)
	source 637 (node 7314) with out degree 497
	target 1010 (node 27517) with in degree 585

Execution time and memory used at after iteration 910 (MF = 107.339187): 6.797867e+04 seconds, 364785664 bytes of memory usage, 716244 kB of memory peak and 18:53:06 elapsed time
Statistics on the network after iteration 910 (MF = 107.339187)
	Number of nodes: 27919
	Number of allocated nodes: 28672
	Number of edges: 205965
	Maximum in degree: 585 (node 27517)
	Maximum out degree: 497 (node 7314)
	source 637 (node 7314) with out degree 497
	target 1010 (node 27517) with in degree 585

Execution time and memory used at after iteration 911 (MF = 107.339187): 6.815898e+04 seconds, 364957696 bytes of memory usage, 716508 kB of memory peak and 18:56:07 elapsed time
Statistics on the network after iteration 911 (MF = 107.339187)
	Number of nodes: 27919
	Number of allocated nodes: 28672
	Number of edges: 205965
	Maximum in degree: 585 (node 27517)
	Maximum out degree: 497 (node 7314)
	source 637 (node 7314) with out degree 497
	target 1010 (node 27517) with in degree 585

Execution time and memory used at after iteration 912 (MF = 107.339187): 6.834530e+04 seconds, 365150208 bytes of memory usage, 717040 kB of memory peak and 18:59:13 elapsed time
Statistics on the network after iteration 912 (MF = 107.339187)
	Number of nodes: 27919
	Number of allocated nodes: 28672
	Number of edges: 205965
	Maximum in degree: 585 (node 27517)
	Maximum out degree: 497 (node 7314)
	source 637 (node 7314) with out degree 497
	target 1010 (node 27517) with in degree 585

Execution time and memory used at after iteration 913 (MF = 107.339187): 6.852652e+04 seconds, 365326336 bytes of memory usage, 717576 kB of memory peak and 19:02:14 elapsed time
Statistics on the network after iteration 913 (MF = 107.339187)
	Number of nodes: 27919
	Number of allocated nodes: 28672
	Number of edges: 205965
	Maximum in degree: 585 (node 27517)
	Maximum out degree: 497 (node 7314)
	source 637 (node 7314) with out degree 497
	target 1010 (node 27517) with in degree 585

Execution time and memory used at after iteration 914 (MF = 107.339187): 6.870643e+04 seconds, 365502464 bytes of memory usage, 718108 kB of memory peak and 19:05:14 elapsed time
Statistics on the network after iteration 914 (MF = 107.339187)
	Number of nodes: 27919
	Number of allocated nodes: 28672
	Number of edges: 205965
	Maximum in degree: 585 (node 27517)
	Maximum out degree: 497 (node 7314)
	source 637 (node 7314) with out degree 497
	target 1010 (node 27517) with in degree 585

Execution time and memory used at after iteration 915 (MF = 107.339187): 6.888686e+04 seconds, 365678592 bytes of memory usage, 718644 kB of memory peak and 19:08:14 elapsed time
Statistics on the network after iteration 915 (MF = 107.339187)
	Number of nodes: 27919
	Number of allocated nodes: 28672
	Number of edges: 205965
	Maximum in degree: 585 (node 27517)
	Maximum out degree: 497 (node 7314)
	source 637 (node 7314) with out degree 497
	target 1010 (node 27517) with in degree 585

Execution time and memory used at after iteration 916 (MF = 107.339187): 6.906746e+04 seconds, 365854720 bytes of memory usage, 719176 kB of memory peak and 19:11:15 elapsed time
Statistics on the network after iteration 916 (MF = 107.339187)
	Number of nodes: 27919
	Number of allocated nodes: 28672
	Number of edges: 205965
	Maximum in degree: 585 (node 27517)
	Maximum out degree: 497 (node 7314)
	source 637 (node 7314) with out degree 497
	target 1010 (node 27517) with in degree 585

Execution time and memory used at after iteration 917 (MF = 107.411275): 6.925014e+04 seconds, 366034944 bytes of memory usage, 719716 kB of memory peak and 19:14:18 elapsed time
Statistics on the network after iteration 917 (MF = 107.411275)
	Number of nodes: 27919
	Number of allocated nodes: 28672
	Number of edges: 205965
	Maximum in degree: 585 (node 27517)
	Maximum out degree: 497 (node 7314)
	source 637 (node 7314) with out degree 497
	target 1010 (node 27517) with in degree 585

Execution time and memory used at after iteration 918 (MF = 107.339187): 6.943121e+04 seconds, 366227456 bytes of memory usage, 720252 kB of memory peak and 19:17:19 elapsed time
Statistics on the network after iteration 918 (MF = 107.339187)
	Number of nodes: 27919
	Number of allocated nodes: 28672
	Number of edges: 205965
	Maximum in degree: 585 (node 27517)
	Maximum out degree: 497 (node 7314)
	source 637 (node 7314) with out degree 497
	target 1010 (node 27517) with in degree 585

Execution time and memory used at after iteration 919 (MF = 107.339187): 6.961262e+04 seconds, 366395392 bytes of memory usage, 720792 kB of memory peak and 19:20:20 elapsed time
Statistics on the network after iteration 919 (MF = 107.339187)
	Number of nodes: 27919
	Number of allocated nodes: 28672
	Number of edges: 205965
	Maximum in degree: 585 (node 27517)
	Maximum out degree: 497 (node 7314)
	source 637 (node 7314) with out degree 497
	target 1010 (node 27517) with in degree 585

Execution time and memory used at after iteration 920 (MF = 107.339187): 6.979438e+04 seconds, 366579712 bytes of memory usage, 721316 kB of memory peak and 19:23:22 elapsed time
Statistics on the network after iteration 920 (MF = 107.339187)
	Number of nodes: 27919
	Number of allocated nodes: 28672
	Number of edges: 205965
	Maximum in degree: 585 (node 27517)
	Maximum out degree: 497 (node 7314)
	source 637 (node 7314) with out degree 497
	target 1010 (node 27517) with in degree 585

Execution time and memory used at after iteration 921 (MF = 107.339187): 6.997667e+04 seconds, 366747648 bytes of memory usage, 721860 kB of memory peak and 19:26:24 elapsed time
Statistics on the network after iteration 921 (MF = 107.339187)
	Number of nodes: 27919
	Number of allocated nodes: 28672
	Number of edges: 205965
	Maximum in degree: 585 (node 27517)
	Maximum out degree: 497 (node 7314)
	source 637 (node 7314) with out degree 497
	target 1010 (node 27517) with in degree 585

Execution time and memory used at after iteration 922 (MF = 107.339187): 7.015939e+04 seconds, 366923776 bytes of memory usage, 722392 kB of memory peak and 19:29:27 elapsed time
Statistics on the network after iteration 922 (MF = 107.339187)
	Number of nodes: 27919
	Number of allocated nodes: 28672
	Number of edges: 205965
	Maximum in degree: 585 (node 27517)
	Maximum out degree: 497 (node 7314)
	source 637 (node 7314) with out degree 497
	target 1010 (node 27517) with in degree 585

Execution time and memory used at after iteration 923 (MF = 107.339187): 7.034809e+04 seconds, 367104000 bytes of memory usage, 722916 kB of memory peak and 19:32:36 elapsed time
Statistics on the network after iteration 923 (MF = 107.339187)
	Number of nodes: 27919
	Number of allocated nodes: 28672
	Number of edges: 205965
	Maximum in degree: 585 (node 27517)
	Maximum out degree: 497 (node 7314)
	source 637 (node 7314) with out degree 497
	target 1010 (node 27517) with in degree 585

Execution time and memory used at after iteration 924 (MF = 107.339187): 7.053477e+04 seconds, 367288320 bytes of memory usage, 723456 kB of memory peak and 19:35:42 elapsed time
Statistics on the network after iteration 924 (MF = 107.339187)
	Number of nodes: 27919
	Number of allocated nodes: 28672
	Number of edges: 205965
	Maximum in degree: 585 (node 27517)
	Maximum out degree: 497 (node 7314)
	source 637 (node 7314) with out degree 497
	target 1010 (node 27517) with in degree 585

Execution time and memory used at after iteration 925 (MF = 107.280961): 7.072346e+04 seconds, 367464448 bytes of memory usage, 724000 kB of memory peak and 19:38:51 elapsed time
Statistics on the network after iteration 925 (MF = 107.280961)
	Number of nodes: 27919
	Number of allocated nodes: 28672
	Number of edges: 205965
	Maximum in degree: 585 (node 27517)
	Maximum out degree: 497 (node 7314)
	source 637 (node 7314) with out degree 497
	target 1010 (node 27517) with in degree 585

Execution time and memory used at after iteration 926 (MF = 107.280961): 7.091156e+04 seconds, 367640576 bytes of memory usage, 724532 kB of memory peak and 19:41:59 elapsed time
Statistics on the network after iteration 926 (MF = 107.280961)
	Number of nodes: 27919
	Number of allocated nodes: 28672
	Number of edges: 205965
	Maximum in degree: 585 (node 27517)
	Maximum out degree: 497 (node 7314)
	source 637 (node 7314) with out degree 497
	target 1010 (node 27517) with in degree 585

Execution time and memory used at after iteration 927 (MF = 107.294824): 7.109663e+04 seconds, 367812608 bytes of memory usage, 725056 kB of memory peak and 19:45:04 elapsed time
Statistics on the network after iteration 927 (MF = 107.294824)
	Number of nodes: 27919
	Number of allocated nodes: 28672
	Number of edges: 205965
	Maximum in degree: 585 (node 27517)
	Maximum out degree: 497 (node 7314)
	source 637 (node 7314) with out degree 497
	target 1010 (node 27517) with in degree 585

Execution time and memory used at after iteration 928 (MF = 107.280961): 7.128175e+04 seconds, 368005120 bytes of memory usage, 725596 kB of memory peak and 19:48:09 elapsed time
Statistics on the network after iteration 928 (MF = 107.280961)
	Number of nodes: 27919
	Number of allocated nodes: 28672
	Number of edges: 205965
	Maximum in degree: 585 (node 27517)
	Maximum out degree: 497 (node 7314)
	source 637 (node 7314) with out degree 497
	target 1010 (node 27517) with in degree 585

Execution time and memory used at after iteration 929 (MF = 107.294824): 7.146740e+04 seconds, 368173056 bytes of memory usage, 726116 kB of memory peak and 19:51:15 elapsed time
Statistics on the network after iteration 929 (MF = 107.294824)
	Number of nodes: 27919
	Number of allocated nodes: 28672
	Number of edges: 205965
	Maximum in degree: 585 (node 27517)
	Maximum out degree: 497 (node 7314)
	source 637 (node 7314) with out degree 497
	target 1010 (node 27517) with in degree 585

Execution time and memory used at after iteration 930 (MF = 107.280961): 7.165309e+04 seconds, 368361472 bytes of memory usage, 726660 kB of memory peak and 19:54:21 elapsed time
Statistics on the network after iteration 930 (MF = 107.280961)
	Number of nodes: 27919
	Number of allocated nodes: 28672
	Number of edges: 205965
	Maximum in degree: 585 (node 27517)
	Maximum out degree: 497 (node 7314)
	source 637 (node 7314) with out degree 497
	target 1010 (node 27517) with in degree 585

Execution time and memory used at after iteration 931 (MF = 107.294824): 7.183894e+04 seconds, 368529408 bytes of memory usage, 727192 kB of memory peak and 19:57:27 elapsed time
Statistics on the network after iteration 931 (MF = 107.294824)
	Number of nodes: 27919
	Number of allocated nodes: 28672
	Number of edges: 205965
	Maximum in degree: 585 (node 27517)
	Maximum out degree: 497 (node 7314)
	source 637 (node 7314) with out degree 497
	target 1010 (node 27517) with in degree 585

Execution time and memory used at after iteration 932 (MF = 107.339187): 7.202506e+04 seconds, 368721920 bytes of memory usage, 727724 kB of memory peak and 20:00:33 elapsed time
Statistics on the network after iteration 932 (MF = 107.339187)
	Number of nodes: 27919
	Number of allocated nodes: 28672
	Number of edges: 205965
	Maximum in degree: 585 (node 27517)
	Maximum out degree: 497 (node 7314)
	source 637 (node 7314) with out degree 497
	target 1010 (node 27517) with in degree 585

Execution time and memory used at after iteration 933 (MF = 107.353050): 7.221147e+04 seconds, 368906240 bytes of memory usage, 728256 kB of memory peak and 20:03:39 elapsed time
Statistics on the network after iteration 933 (MF = 107.353050)
	Number of nodes: 27919
	Number of allocated nodes: 28672
	Number of edges: 205965
	Maximum in degree: 585 (node 27517)
	Maximum out degree: 497 (node 7314)
	source 637 (node 7314) with out degree 497
	target 1010 (node 27517) with in degree 585

Execution time and memory used at after iteration 934 (MF = 107.339187): 7.239799e+04 seconds, 369078272 bytes of memory usage, 728788 kB of memory peak and 20:06:46 elapsed time
Statistics on the network after iteration 934 (MF = 107.339187)
	Number of nodes: 27919
	Number of allocated nodes: 28672
	Number of edges: 205965
	Maximum in degree: 585 (node 27517)
	Maximum out degree: 497 (node 7314)
	source 637 (node 7314) with out degree 497
	target 1010 (node 27517) with in degree 585

Execution time and memory used at after iteration 935 (MF = 107.353050): 7.258511e+04 seconds, 369262592 bytes of memory usage, 729344 kB of memory peak and 20:09:53 elapsed time
Statistics on the network after iteration 935 (MF = 107.353050)
	Number of nodes: 27919
	Number of allocated nodes: 28672
	Number of edges: 205965
	Maximum in degree: 585 (node 27517)
	Maximum out degree: 497 (node 7314)
	source 637 (node 7314) with out degree 497
	target 1010 (node 27517) with in degree 585

Execution time and memory used at after iteration 936 (MF = 107.280961): 7.277254e+04 seconds, 369446912 bytes of memory usage, 729880 kB of memory peak and 20:13:00 elapsed time
Statistics on the network after iteration 936 (MF = 107.280961)
	Number of nodes: 27919
	Number of allocated nodes: 28672
	Number of edges: 205965
	Maximum in degree: 585 (node 27517)
	Maximum out degree: 497 (node 7314)
	source 637 (node 7314) with out degree 497
	target 1010 (node 27517) with in degree 585

Execution time and memory used at after iteration 937 (MF = 107.294824): 7.296076e+04 seconds, 369610752 bytes of memory usage, 730412 kB of memory peak and 20:16:08 elapsed time
Statistics on the network after iteration 937 (MF = 107.294824)
	Number of nodes: 27919
	Number of allocated nodes: 28672
	Number of edges: 205965
	Maximum in degree: 585 (node 27517)
	Maximum out degree: 497 (node 7314)
	source 637 (node 7314) with out degree 497
	target 1010 (node 27517) with in degree 585

Execution time and memory used at after iteration 938 (MF = 107.280961): 7.315368e+04 seconds, 369795072 bytes of memory usage, 730944 kB of memory peak and 20:19:21 elapsed time
Statistics on the network after iteration 938 (MF = 107.280961)
	Number of nodes: 27919
	Number of allocated nodes: 28672
	Number of edges: 205965
	Maximum in degree: 585 (node 27517)
	Maximum out degree: 497 (node 7314)
	source 637 (node 7314) with out degree 497
	target 1010 (node 27517) with in degree 585

Execution time and memory used at after iteration 939 (MF = 107.294824): 7.334344e+04 seconds, 369979392 bytes of memory usage, 731460 kB of memory peak and 20:22:31 elapsed time
Statistics on the network after iteration 939 (MF = 107.294824)
	Number of nodes: 27919
	Number of allocated nodes: 28672
	Number of edges: 205965
	Maximum in degree: 585 (node 27517)
	Maximum out degree: 497 (node 7314)
	source 637 (node 7314) with out degree 497
	target 1010 (node 27517) with in degree 585

Execution time and memory used at after iteration 940 (MF = 107.339187): 7.353342e+04 seconds, 370155520 bytes of memory usage, 732012 kB of memory peak and 20:25:41 elapsed time
Statistics on the network after iteration 940 (MF = 107.339187)
	Number of nodes: 27919
	Number of allocated nodes: 28672
	Number of edges: 205965
	Maximum in degree: 585 (node 27517)
	Maximum out degree: 497 (node 7314)
	source 637 (node 7314) with out degree 497
	target 1010 (node 27517) with in degree 585

Execution time and memory used at after iteration 941 (MF = 107.353050): 7.372470e+04 seconds, 370331648 bytes of memory usage, 732552 kB of memory peak and 20:28:52 elapsed time
Statistics on the network after iteration 941 (MF = 107.353050)
	Number of nodes: 27919
	Number of allocated nodes: 28672
	Number of edges: 205965
	Maximum in degree: 585 (node 27517)
	Maximum out degree: 497 (node 7314)
	source 637 (node 7314) with out degree 497
	target 1010 (node 27517) with in degree 585

Execution time and memory used at after iteration 942 (MF = 107.280961): 7.391394e+04 seconds, 370515968 bytes of memory usage, 739776 kB of memory peak and 20:32:02 elapsed time
Statistics on the network after iteration 942 (MF = 107.280961)
	Number of nodes: 27919
	Number of allocated nodes: 28672
	Number of edges: 205965
	Maximum in degree: 585 (node 27517)
	Maximum out degree: 497 (node 7314)
	source 637 (node 7314) with out degree 497
	target 1010 (node 27517) with in degree 585

Execution time and memory used at after iteration 943 (MF = 107.353050): 7.410396e+04 seconds, 370708480 bytes of memory usage, 740256 kB of memory peak and 20:35:12 elapsed time
Statistics on the network after iteration 943 (MF = 107.353050)
	Number of nodes: 27919
	Number of allocated nodes: 28672
	Number of edges: 205965
	Maximum in degree: 585 (node 27517)
	Maximum out degree: 497 (node 7314)
	source 637 (node 7314) with out degree 497
	target 1010 (node 27517) with in degree 585

Execution time and memory used at after iteration 944 (MF = 107.280961): 7.429966e+04 seconds, 370880512 bytes of memory usage, 740668 kB of memory peak and 20:38:27 elapsed time
Statistics on the network after iteration 944 (MF = 107.280961)
	Number of nodes: 27919
	Number of allocated nodes: 28672
	Number of edges: 205965
	Maximum in degree: 585 (node 27517)
	Maximum out degree: 497 (node 7314)
	source 637 (node 7314) with out degree 497
	target 1010 (node 27517) with in degree 585

Execution time and memory used at after iteration 945 (MF = 107.280961): 7.449502e+04 seconds, 371064832 bytes of memory usage, 741128 kB of memory peak and 20:41:43 elapsed time
Statistics on the network after iteration 945 (MF = 107.280961)
	Number of nodes: 27919
	Number of allocated nodes: 28672
	Number of edges: 205965
	Maximum in degree: 585 (node 27517)
	Maximum out degree: 497 (node 7314)
	source 637 (node 7314) with out degree 497
	target 1010 (node 27517) with in degree 585

Execution time and memory used at after iteration 946 (MF = 107.280961): 7.468888e+04 seconds, 371240960 bytes of memory usage, 741668 kB of memory peak and 20:44:57 elapsed time
Statistics on the network after iteration 946 (MF = 107.280961)
	Number of nodes: 27919
	Number of allocated nodes: 28672
	Number of edges: 205965
	Maximum in degree: 585 (node 27517)
	Maximum out degree: 497 (node 7314)
	source 637 (node 7314) with out degree 497
	target 1010 (node 27517) with in degree 585

Execution time and memory used at after iteration 947 (MF = 107.339187): 7.488566e+04 seconds, 371417088 bytes of memory usage, 742196 kB of memory peak and 20:48:13 elapsed time
Statistics on the network after iteration 947 (MF = 107.339187)
	Number of nodes: 27919
	Number of allocated nodes: 28672
	Number of edges: 205965
	Maximum in degree: 585 (node 27517)
	Maximum out degree: 497 (node 7314)
	source 637 (node 7314) with out degree 497
	target 1010 (node 27517) with in degree 585

Execution time and memory used at after iteration 948 (MF = 107.353050): 7.507850e+04 seconds, 371593216 bytes of memory usage, 742728 kB of memory peak and 20:51:26 elapsed time
Statistics on the network after iteration 948 (MF = 107.353050)
	Number of nodes: 27919
	Number of allocated nodes: 28672
	Number of edges: 205965
	Maximum in degree: 585 (node 27517)
	Maximum out degree: 497 (node 7314)
	source 637 (node 7314) with out degree 497
	target 1010 (node 27517) with in degree 585

Execution time and memory used at after iteration 949 (MF = 107.376155): 7.527045e+04 seconds, 371785728 bytes of memory usage, 743264 kB of memory peak and 20:54:38 elapsed time
Statistics on the network after iteration 949 (MF = 107.376155)
	Number of nodes: 27919
	Number of allocated nodes: 28672
	Number of edges: 205965
	Maximum in degree: 585 (node 27517)
	Maximum out degree: 497 (node 7314)
	source 637 (node 7314) with out degree 497
	target 1010 (node 27517) with in degree 585

Execution time and memory used at after iteration 950 (MF = 107.280961): 7.547071e+04 seconds, 371957760 bytes of memory usage, 743800 kB of memory peak and 20:57:59 elapsed time
Statistics on the network after iteration 950 (MF = 107.280961)
	Number of nodes: 27919
	Number of allocated nodes: 28672
	Number of edges: 205965
	Maximum in degree: 585 (node 27517)
	Maximum out degree: 497 (node 7314)
	source 637 (node 7314) with out degree 497
	target 1010 (node 27517) with in degree 585

Execution time and memory used at after iteration 951 (MF = 107.280961): 7.566237e+04 seconds, 372150272 bytes of memory usage, 744332 kB of memory peak and 21:01:10 elapsed time
Statistics on the network after iteration 951 (MF = 107.280961)
	Number of nodes: 27919
	Number of allocated nodes: 28672
	Number of edges: 205965
	Maximum in degree: 585 (node 27517)
	Maximum out degree: 497 (node 7314)
	source 637 (node 7314) with out degree 497
	target 1010 (node 27517) with in degree 585

Execution time and memory used at after iteration 952 (MF = 107.280961): 7.585725e+04 seconds, 372334592 bytes of memory usage, 744864 kB of memory peak and 21:04:25 elapsed time
Statistics on the network after iteration 952 (MF = 107.280961)
	Number of nodes: 27919
	Number of allocated nodes: 28672
	Number of edges: 205965
	Maximum in degree: 585 (node 27517)
	Maximum out degree: 497 (node 7314)
	source 637 (node 7314) with out degree 497
	target 1010 (node 27517) with in degree 585

Execution time and memory used at after iteration 953 (MF = 107.280961): 7.605112e+04 seconds, 372506624 bytes of memory usage, 745396 kB of memory peak and 21:07:39 elapsed time
Statistics on the network after iteration 953 (MF = 107.280961)
	Number of nodes: 27919
	Number of allocated nodes: 28672
	Number of edges: 205965
	Maximum in degree: 585 (node 27517)
	Maximum out degree: 497 (node 7314)
	source 637 (node 7314) with out degree 497
	target 1010 (node 27517) with in degree 585

Execution time and memory used at after iteration 954 (MF = 107.353050): 7.624392e+04 seconds, 372690944 bytes of memory usage, 745396 kB of memory peak and 21:10:52 elapsed time
Statistics on the network after iteration 954 (MF = 107.353050)
	Number of nodes: 27919
	Number of allocated nodes: 28672
	Number of edges: 205965
	Maximum in degree: 585 (node 27517)
	Maximum out degree: 497 (node 7314)
	source 637 (node 7314) with out degree 497
	target 1010 (node 27517) with in degree 585

Execution time and memory used at after iteration 955 (MF = 107.280961): 7.644119e+04 seconds, 372867072 bytes of memory usage, 745656 kB of memory peak and 21:14:09 elapsed time
Statistics on the network after iteration 955 (MF = 107.280961)
	Number of nodes: 27919
	Number of allocated nodes: 28672
	Number of edges: 205965
	Maximum in degree: 585 (node 27517)
	Maximum out degree: 497 (node 7314)
	source 637 (node 7314) with out degree 497
	target 1010 (node 27517) with in degree 585

Execution time and memory used at after iteration 956 (MF = 107.280961): 7.663393e+04 seconds, 373051392 bytes of memory usage, 746200 kB of memory peak and 21:17:22 elapsed time
Statistics on the network after iteration 956 (MF = 107.280961)
	Number of nodes: 27919
	Number of allocated nodes: 28672
	Number of edges: 205965
	Maximum in degree: 585 (node 27517)
	Maximum out degree: 497 (node 7314)
	source 637 (node 7314) with out degree 497
	target 1010 (node 27517) with in degree 585

Execution time and memory used at after iteration 957 (MF = 107.280961): 7.683342e+04 seconds, 373223424 bytes of memory usage, 746732 kB of memory peak and 21:20:41 elapsed time
Statistics on the network after iteration 957 (MF = 107.280961)
	Number of nodes: 27919
	Number of allocated nodes: 28672
	Number of edges: 205965
	Maximum in degree: 585 (node 27517)
	Maximum out degree: 497 (node 7314)
	source 637 (node 7314) with out degree 497
	target 1010 (node 27517) with in degree 585

Execution time and memory used at after iteration 958 (MF = 107.353050): 7.702760e+04 seconds, 373399552 bytes of memory usage, 747264 kB of memory peak and 21:23:55 elapsed time
Statistics on the network after iteration 958 (MF = 107.353050)
	Number of nodes: 27919
	Number of allocated nodes: 28672
	Number of edges: 205965
	Maximum in degree: 585 (node 27517)
	Maximum out degree: 497 (node 7314)
	source 637 (node 7314) with out degree 497
	target 1010 (node 27517) with in degree 585

Execution time and memory used at after iteration 959 (MF = 107.411275): 7.722170e+04 seconds, 373579776 bytes of memory usage, 747268 kB of memory peak and 21:27:10 elapsed time
Statistics on the network after iteration 959 (MF = 107.411275)
	Number of nodes: 27919
	Number of allocated nodes: 28672
	Number of edges: 205965
	Maximum in degree: 585 (node 27517)
	Maximum out degree: 497 (node 7314)
	source 637 (node 7314) with out degree 497
	target 1010 (node 27517) with in degree 585

Execution time and memory used at after iteration 960 (MF = 107.353050): 7.742104e+04 seconds, 373760000 bytes of memory usage, 747748 kB of memory peak and 21:30:29 elapsed time
Statistics on the network after iteration 960 (MF = 107.353050)
	Number of nodes: 27919
	Number of allocated nodes: 28672
	Number of edges: 205965
	Maximum in degree: 585 (node 27517)
	Maximum out degree: 497 (node 7314)
	source 637 (node 7314) with out degree 497
	target 1010 (node 27517) with in degree 585

Execution time and memory used at after iteration 961 (MF = 107.280961): 7.761800e+04 seconds, 373936128 bytes of memory usage, 748144 kB of memory peak and 21:33:46 elapsed time
Statistics on the network after iteration 961 (MF = 107.280961)
	Number of nodes: 27919
	Number of allocated nodes: 28672
	Number of edges: 205965
	Maximum in degree: 585 (node 27517)
	Maximum out degree: 497 (node 7314)
	source 637 (node 7314) with out degree 497
	target 1010 (node 27517) with in degree 585

Execution time and memory used at after iteration 962 (MF = 107.280961): 7.781300e+04 seconds, 374120448 bytes of memory usage, 748620 kB of memory peak and 21:37:01 elapsed time
Statistics on the network after iteration 962 (MF = 107.280961)
	Number of nodes: 27919
	Number of allocated nodes: 28672
	Number of edges: 205965
	Maximum in degree: 585 (node 27517)
	Maximum out degree: 497 (node 7314)
	source 637 (node 7314) with out degree 497
	target 1010 (node 27517) with in degree 585

Execution time and memory used at after iteration 963 (MF = 107.280961): 7.800866e+04 seconds, 374312960 bytes of memory usage, 749160 kB of memory peak and 21:40:17 elapsed time
Statistics on the network after iteration 963 (MF = 107.280961)
	Number of nodes: 27919
	Number of allocated nodes: 28672
	Number of edges: 205965
	Maximum in degree: 585 (node 27517)
	Maximum out degree: 497 (node 7314)
	source 637 (node 7314) with out degree 497
	target 1010 (node 27517) with in degree 585

Execution time and memory used at after iteration 964 (MF = 107.339187): 7.821348e+04 seconds, 374476800 bytes of memory usage, 749684 kB of memory peak and 21:43:41 elapsed time
Statistics on the network after iteration 964 (MF = 107.339187)
	Number of nodes: 27919
	Number of allocated nodes: 28672
	Number of edges: 205965
	Maximum in degree: 585 (node 27517)
	Maximum out degree: 497 (node 7314)
	source 637 (node 7314) with out degree 497
	target 1010 (node 27517) with in degree 585

Execution time and memory used at after iteration 965 (MF = 107.339187): 7.841249e+04 seconds, 374685696 bytes of memory usage, 750232 kB of memory peak and 21:47:00 elapsed time
Statistics on the network after iteration 965 (MF = 107.339187)
	Number of nodes: 27919
	Number of allocated nodes: 28672
	Number of edges: 205965
	Maximum in degree: 585 (node 27517)
	Maximum out degree: 497 (node 7314)
	source 637 (node 7314) with out degree 497
	target 1010 (node 27517) with in degree 585

Execution time and memory used at after iteration 966 (MF = 107.339187): 7.860883e+04 seconds, 374861824 bytes of memory usage, 750764 kB of memory peak and 21:50:17 elapsed time
Statistics on the network after iteration 966 (MF = 107.339187)
	Number of nodes: 27919
	Number of allocated nodes: 28672
	Number of edges: 205965
	Maximum in degree: 585 (node 27517)
	Maximum out degree: 497 (node 7314)
	source 637 (node 7314) with out degree 497
	target 1010 (node 27517) with in degree 585

Execution time and memory used at after iteration 967 (MF = 107.280961): 7.880896e+04 seconds, 375033856 bytes of memory usage, 751304 kB of memory peak and 21:53:37 elapsed time
Statistics on the network after iteration 967 (MF = 107.280961)
	Number of nodes: 27919
	Number of allocated nodes: 28672
	Number of edges: 205965
	Maximum in degree: 585 (node 27517)
	Maximum out degree: 497 (node 7314)
	source 637 (node 7314) with out degree 497
	target 1010 (node 27517) with in degree 585

Execution time and memory used at after iteration 968 (MF = 107.294824): 7.900589e+04 seconds, 375209984 bytes of memory usage, 751836 kB of memory peak and 21:56:54 elapsed time
Statistics on the network after iteration 968 (MF = 107.294824)
	Number of nodes: 27919
	Number of allocated nodes: 28672
	Number of edges: 205965
	Maximum in degree: 585 (node 27517)
	Maximum out degree: 497 (node 7314)
	source 637 (node 7314) with out degree 497
	target 1010 (node 27517) with in degree 585

Execution time and memory used at after iteration 969 (MF = 107.280961): 7.920328e+04 seconds, 375386112 bytes of memory usage, 752360 kB of memory peak and 22:00:11 elapsed time
Statistics on the network after iteration 969 (MF = 107.280961)
	Number of nodes: 27919
	Number of allocated nodes: 28672
	Number of edges: 205965
	Maximum in degree: 585 (node 27517)
	Maximum out degree: 497 (node 7314)
	source 637 (node 7314) with out degree 497
	target 1010 (node 27517) with in degree 585

Execution time and memory used at after iteration 970 (MF = 107.280961): 7.940359e+04 seconds, 375574528 bytes of memory usage, 752892 kB of memory peak and 22:03:32 elapsed time
Statistics on the network after iteration 970 (MF = 107.280961)
	Number of nodes: 27919
	Number of allocated nodes: 28672
	Number of edges: 205965
	Maximum in degree: 585 (node 27517)
	Maximum out degree: 497 (node 7314)
	source 637 (node 7314) with out degree 497
	target 1010 (node 27517) with in degree 585

Execution time and memory used at after iteration 971 (MF = 107.280961): 7.960143e+04 seconds, 375750656 bytes of memory usage, 752892 kB of memory peak and 22:06:49 elapsed time
Statistics on the network after iteration 971 (MF = 107.280961)
	Number of nodes: 27919
	Number of allocated nodes: 28672
	Number of edges: 205965
	Maximum in degree: 585 (node 27517)
	Maximum out degree: 497 (node 7314)
	source 637 (node 7314) with out degree 497
	target 1010 (node 27517) with in degree 585

Execution time and memory used at after iteration 972 (MF = 107.376155): 7.979938e+04 seconds, 375934976 bytes of memory usage, 753148 kB of memory peak and 22:10:07 elapsed time
Statistics on the network after iteration 972 (MF = 107.376155)
	Number of nodes: 27919
	Number of allocated nodes: 28672
	Number of edges: 205965
	Maximum in degree: 585 (node 27517)
	Maximum out degree: 497 (node 7314)
	source 637 (node 7314) with out degree 497
	target 1010 (node 27517) with in degree 585

Execution time and memory used at after iteration 973 (MF = 107.376155): 7.999728e+04 seconds, 376123392 bytes of memory usage, 753688 kB of memory peak and 22:13:25 elapsed time
Statistics on the network after iteration 973 (MF = 107.376155)
	Number of nodes: 27919
	Number of allocated nodes: 28672
	Number of edges: 205965
	Maximum in degree: 585 (node 27517)
	Maximum out degree: 497 (node 7314)
	source 637 (node 7314) with out degree 497
	target 1010 (node 27517) with in degree 585

Execution time and memory used at after iteration 974 (MF = 107.376155): 8.020155e+04 seconds, 376291328 bytes of memory usage, 754220 kB of memory peak and 22:16:50 elapsed time
Statistics on the network after iteration 974 (MF = 107.376155)
	Number of nodes: 27919
	Number of allocated nodes: 28672
	Number of edges: 205965
	Maximum in degree: 585 (node 27517)
	Maximum out degree: 497 (node 7314)
	source 637 (node 7314) with out degree 497
	target 1010 (node 27517) with in degree 585

Execution time and memory used at after iteration 975 (MF = 107.376155): 8.040169e+04 seconds, 376483840 bytes of memory usage, 754752 kB of memory peak and 22:20:10 elapsed time
Statistics on the network after iteration 975 (MF = 107.376155)
	Number of nodes: 27919
	Number of allocated nodes: 28672
	Number of edges: 205965
	Maximum in degree: 585 (node 27517)
	Maximum out degree: 497 (node 7314)
	source 637 (node 7314) with out degree 497
	target 1010 (node 27517) with in degree 585

Execution time and memory used at after iteration 976 (MF = 107.376155): 8.060435e+04 seconds, 376664064 bytes of memory usage, 755292 kB of memory peak and 22:23:32 elapsed time
Statistics on the network after iteration 976 (MF = 107.376155)
	Number of nodes: 27919
	Number of allocated nodes: 28672
	Number of edges: 205965
	Maximum in degree: 585 (node 27517)
	Maximum out degree: 497 (node 7314)
	source 637 (node 7314) with out degree 497
	target 1010 (node 27517) with in degree 585

Execution time and memory used at after iteration 977 (MF = 107.353050): 8.080923e+04 seconds, 376848384 bytes of memory usage, 755824 kB of memory peak and 22:26:57 elapsed time
Statistics on the network after iteration 977 (MF = 107.353050)
	Number of nodes: 27919
	Number of allocated nodes: 28672
	Number of edges: 205965
	Maximum in degree: 585 (node 27517)
	Maximum out degree: 497 (node 7314)
	source 637 (node 7314) with out degree 497
	target 1010 (node 27517) with in degree 585

Execution time and memory used at after iteration 978 (MF = 107.353050): 8.101024e+04 seconds, 377028608 bytes of memory usage, 756368 kB of memory peak and 22:30:18 elapsed time
Statistics on the network after iteration 978 (MF = 107.353050)
	Number of nodes: 27919
	Number of allocated nodes: 28672
	Number of edges: 205965
	Maximum in degree: 585 (node 27517)
	Maximum out degree: 497 (node 7314)
	source 637 (node 7314) with out degree 497
	target 1010 (node 27517) with in degree 585

Execution time and memory used at after iteration 979 (MF = 107.280961): 8.121249e+04 seconds, 377208832 bytes of memory usage, 756912 kB of memory peak and 22:33:41 elapsed time
Statistics on the network after iteration 979 (MF = 107.280961)
	Number of nodes: 27919
	Number of allocated nodes: 28672
	Number of edges: 205965
	Maximum in degree: 585 (node 27517)
	Maximum out degree: 497 (node 7314)
	source 637 (node 7314) with out degree 497
	target 1010 (node 27517) with in degree 585

Execution time and memory used at after iteration 980 (MF = 107.434381): 8.141654e+04 seconds, 377393152 bytes of memory usage, 756912 kB of memory peak and 22:37:05 elapsed time
Statistics on the network after iteration 980 (MF = 107.434381)
	Number of nodes: 27919
	Number of allocated nodes: 28672
	Number of edges: 205965
	Maximum in degree: 585 (node 27517)
	Maximum out degree: 497 (node 7314)
	source 637 (node 7314) with out degree 497
	target 1010 (node 27517) with in degree 585

Execution time and memory used at after iteration 981 (MF = 107.339187): 8.161939e+04 seconds, 377569280 bytes of memory usage, 757152 kB of memory peak and 22:40:27 elapsed time
Statistics on the network after iteration 981 (MF = 107.339187)
	Number of nodes: 27919
	Number of allocated nodes: 28672
	Number of edges: 205965
	Maximum in degree: 585 (node 27517)
	Maximum out degree: 497 (node 7314)
	source 637 (node 7314) with out degree 497
	target 1010 (node 27517) with in degree 585

Execution time and memory used at after iteration 982 (MF = 107.434381): 8.182635e+04 seconds, 377741312 bytes of memory usage, 757676 kB of memory peak and 22:43:54 elapsed time
Statistics on the network after iteration 982 (MF = 107.434381)
	Number of nodes: 27919
	Number of allocated nodes: 28672
	Number of edges: 205965
	Maximum in degree: 585 (node 27517)
	Maximum out degree: 497 (node 7314)
	source 637 (node 7314) with out degree 497
	target 1010 (node 27517) with in degree 585

Execution time and memory used at after iteration 983 (MF = 107.411275): 8.202883e+04 seconds, 377921536 bytes of memory usage, 758212 kB of memory peak and 22:47:17 elapsed time
Statistics on the network after iteration 983 (MF = 107.411275)
	Number of nodes: 27919
	Number of allocated nodes: 28672
	Number of edges: 205965
	Maximum in degree: 585 (node 27517)
	Maximum out degree: 497 (node 7314)
	source 637 (node 7314) with out degree 497
	target 1010 (node 27517) with in degree 585

Execution time and memory used at after iteration 984 (MF = 107.434381): 8.223155e+04 seconds, 378089472 bytes of memory usage, 758744 kB of memory peak and 22:50:40 elapsed time
Statistics on the network after iteration 984 (MF = 107.434381)
	Number of nodes: 27919
	Number of allocated nodes: 28672
	Number of edges: 205965
	Maximum in degree: 585 (node 27517)
	Maximum out degree: 497 (node 7314)
	source 637 (node 7314) with out degree 497
	target 1010 (node 27517) with in degree 585

Execution time and memory used at after iteration 985 (MF = 107.339187): 8.243464e+04 seconds, 378277888 bytes of memory usage, 759276 kB of memory peak and 22:54:03 elapsed time
Statistics on the network after iteration 985 (MF = 107.339187)
	Number of nodes: 27919
	Number of allocated nodes: 28672
	Number of edges: 205965
	Maximum in degree: 585 (node 27517)
	Maximum out degree: 497 (node 7314)
	source 637 (node 7314) with out degree 497
	target 1010 (node 27517) with in degree 585

Execution time and memory used at after iteration 986 (MF = 107.434381): 8.264626e+04 seconds, 378454016 bytes of memory usage, 759812 kB of memory peak and 22:57:34 elapsed time
Statistics on the network after iteration 986 (MF = 107.434381)
	Number of nodes: 27919
	Number of allocated nodes: 28672
	Number of edges: 205965
	Maximum in degree: 585 (node 27517)
	Maximum out degree: 497 (node 7314)
	source 637 (node 7314) with out degree 497
	target 1010 (node 27517) with in degree 585

Execution time and memory used at after iteration 987 (MF = 107.339187): 8.286350e+04 seconds, 378638336 bytes of memory usage, 760344 kB of memory peak and 23:01:12 elapsed time
Statistics on the network after iteration 987 (MF = 107.339187)
	Number of nodes: 27919
	Number of allocated nodes: 28672
	Number of edges: 205965
	Maximum in degree: 585 (node 27517)
	Maximum out degree: 497 (node 7314)
	source 637 (node 7314) with out degree 497
	target 1010 (node 27517) with in degree 585

Execution time and memory used at after iteration 988 (MF = 107.339187): 8.306777e+04 seconds, 378826752 bytes of memory usage, 760344 kB of memory peak and 23:04:36 elapsed time
Statistics on the network after iteration 988 (MF = 107.339187)
	Number of nodes: 27919
	Number of allocated nodes: 28672
	Number of edges: 205965
	Maximum in degree: 585 (node 27517)
	Maximum out degree: 497 (node 7314)
	source 637 (node 7314) with out degree 497
	target 1010 (node 27517) with in degree 585

Execution time and memory used at after iteration 989 (MF = 107.434381): 8.327174e+04 seconds, 379002880 bytes of memory usage, 760612 kB of memory peak and 23:08:00 elapsed time
Statistics on the network after iteration 989 (MF = 107.434381)
	Number of nodes: 27919
	Number of allocated nodes: 28672
	Number of edges: 205965
	Maximum in degree: 585 (node 27517)
	Maximum out degree: 497 (node 7314)
	source 637 (node 7314) with out degree 497
	target 1010 (node 27517) with in degree 585

Execution time and memory used at after iteration 990 (MF = 107.376155): 8.348138e+04 seconds, 379187200 bytes of memory usage, 761152 kB of memory peak and 23:11:29 elapsed time
Statistics on the network after iteration 990 (MF = 107.376155)
	Number of nodes: 27919
	Number of allocated nodes: 28672
	Number of edges: 205965
	Maximum in degree: 585 (node 27517)
	Maximum out degree: 497 (node 7314)
	source 637 (node 7314) with out degree 497
	target 1010 (node 27517) with in degree 585

Execution time and memory used at after iteration 991 (MF = 107.280961): 8.368619e+04 seconds, 379363328 bytes of memory usage, 761688 kB of memory peak and 23:14:54 elapsed time
Statistics on the network after iteration 991 (MF = 107.280961)
	Number of nodes: 27919
	Number of allocated nodes: 28672
	Number of edges: 205965
	Maximum in degree: 585 (node 27517)
	Maximum out degree: 497 (node 7314)
	source 637 (node 7314) with out degree 497
	target 1010 (node 27517) with in degree 585

Execution time and memory used at after iteration 992 (MF = 107.376155): 8.389124e+04 seconds, 379543552 bytes of memory usage, 762236 kB of memory peak and 23:18:19 elapsed time
Statistics on the network after iteration 992 (MF = 107.376155)
	Number of nodes: 27919
	Number of allocated nodes: 28672
	Number of edges: 205965
	Maximum in degree: 585 (node 27517)
	Maximum out degree: 497 (node 7314)
	source 637 (node 7314) with out degree 497
	target 1010 (node 27517) with in degree 585

Execution time and memory used at after iteration 993 (MF = 107.353050): 8.409687e+04 seconds, 379727872 bytes of memory usage, 762756 kB of memory peak and 23:21:45 elapsed time
Statistics on the network after iteration 993 (MF = 107.353050)
	Number of nodes: 27919
	Number of allocated nodes: 28672
	Number of edges: 205965
	Maximum in degree: 585 (node 27517)
	Maximum out degree: 497 (node 7314)
	source 637 (node 7314) with out degree 497
	target 1010 (node 27517) with in degree 585

Execution time and memory used at after iteration 994 (MF = 107.376155): 8.430325e+04 seconds, 379904000 bytes of memory usage, 763288 kB of memory peak and 23:25:11 elapsed time
Statistics on the network after iteration 994 (MF = 107.376155)
	Number of nodes: 27919
	Number of allocated nodes: 28672
	Number of edges: 205965
	Maximum in degree: 585 (node 27517)
	Maximum out degree: 497 (node 7314)
	source 637 (node 7314) with out degree 497
	target 1010 (node 27517) with in degree 585

Execution time and memory used at after iteration 995 (MF = 107.280961): 8.451618e+04 seconds, 380076032 bytes of memory usage, 763820 kB of memory peak and 23:28:44 elapsed time
Statistics on the network after iteration 995 (MF = 107.280961)
	Number of nodes: 27919
	Number of allocated nodes: 28672
	Number of edges: 205965
	Maximum in degree: 585 (node 27517)
	Maximum out degree: 497 (node 7314)
	source 637 (node 7314) with out degree 497
	target 1010 (node 27517) with in degree 585

Execution time and memory used at after iteration 996 (MF = 107.376155): 8.472881e+04 seconds, 380260352 bytes of memory usage, 764352 kB of memory peak and 23:32:17 elapsed time
Statistics on the network after iteration 996 (MF = 107.376155)
	Number of nodes: 27919
	Number of allocated nodes: 28672
	Number of edges: 205965
	Maximum in degree: 585 (node 27517)
	Maximum out degree: 497 (node 7314)
	source 637 (node 7314) with out degree 497
	target 1010 (node 27517) with in degree 585

Execution time and memory used at after iteration 997 (MF = 107.280961): 8.493549e+04 seconds, 380436480 bytes of memory usage, 764352 kB of memory peak and 23:35:44 elapsed time
Statistics on the network after iteration 997 (MF = 107.280961)
	Number of nodes: 27919
	Number of allocated nodes: 28672
	Number of edges: 205965
	Maximum in degree: 585 (node 27517)
	Maximum out degree: 497 (node 7314)
	source 637 (node 7314) with out degree 497
	target 1010 (node 27517) with in degree 585

Execution time and memory used at after iteration 998 (MF = 107.280961): 8.515067e+04 seconds, 380612608 bytes of memory usage, 764600 kB of memory peak and 23:39:19 elapsed time
Statistics on the network after iteration 998 (MF = 107.280961)
	Number of nodes: 27919
	Number of allocated nodes: 28672
	Number of edges: 205965
	Maximum in degree: 585 (node 27517)
	Maximum out degree: 497 (node 7314)
	source 637 (node 7314) with out degree 497
	target 1010 (node 27517) with in degree 585

Execution time and memory used at after iteration 999 (MF = 107.376155): 8.535921e+04 seconds, 380792832 bytes of memory usage, 765132 kB of memory peak and 23:42:47 elapsed time
Statistics on the network after iteration 999 (MF = 107.376155)
	Number of nodes: 27919
	Number of allocated nodes: 28672
	Number of edges: 205965
	Maximum in degree: 585 (node 27517)
	Maximum out degree: 497 (node 7314)
	source 637 (node 7314) with out degree 497
	target 1010 (node 27517) with in degree 585

Execution time and memory used at after iteration 1000 (MF = 107.280961): 8.557002e+04 seconds, 380968960 bytes of memory usage, 765672 kB of memory peak and 23:46:18 elapsed time
Statistics on the network after iteration 1000 (MF = 107.280961)
	Number of nodes: 27919
	Number of allocated nodes: 28672
	Number of edges: 205965
	Maximum in degree: 585 (node 27517)
	Maximum out degree: 497 (node 7314)
	source 637 (node 7314) with out degree 497
	target 1010 (node 27517) with in degree 585

Execution time and memory used at after iteration 1001 (MF = 107.376155): 8.578246e+04 seconds, 381153280 bytes of memory usage, 766204 kB of memory peak and 23:49:51 elapsed time
Statistics on the network after iteration 1001 (MF = 107.376155)
	Number of nodes: 27919
	Number of allocated nodes: 28672
	Number of edges: 205965
	Maximum in degree: 585 (node 27517)
	Maximum out degree: 497 (node 7314)
	source 637 (node 7314) with out degree 497
	target 1010 (node 27517) with in degree 585

Execution time and memory used at after iteration 1002 (MF = 107.353050): 8.599105e+04 seconds, 381329408 bytes of memory usage, 766740 kB of memory peak and 23:53:19 elapsed time
Statistics on the network after iteration 1002 (MF = 107.353050)
	Number of nodes: 27919
	Number of allocated nodes: 28672
	Number of edges: 205965
	Maximum in degree: 585 (node 27517)
	Maximum out degree: 497 (node 7314)
	source 637 (node 7314) with out degree 497
	target 1010 (node 27517) with in degree 585

Execution time and memory used at after iteration 1003 (MF = 107.376155): 8.620005e+04 seconds, 381517824 bytes of memory usage, 767276 kB of memory peak and 23:56:48 elapsed time
Statistics on the network after iteration 1003 (MF = 107.376155)
	Number of nodes: 27919
	Number of allocated nodes: 28672
	Number of edges: 205965
	Maximum in degree: 585 (node 27517)
	Maximum out degree: 497 (node 7314)
	source 637 (node 7314) with out degree 497
	target 1010 (node 27517) with in degree 585

Execution time and memory used at after iteration 1004 (MF = 107.280961): 8.641120e+04 seconds, 381693952 bytes of memory usage, 767808 kB of memory peak and 1-00:00:19 elapsed time
Statistics on the network after iteration 1004 (MF = 107.280961)
	Number of nodes: 27919
	Number of allocated nodes: 28672
	Number of edges: 205965
	Maximum in degree: 585 (node 27517)
	Maximum out degree: 497 (node 7314)
	source 637 (node 7314) with out degree 497
	target 1010 (node 27517) with in degree 585

Execution time and memory used at after iteration 1005 (MF = 107.280961): 8.662192e+04 seconds, 381870080 bytes of memory usage, 767808 kB of memory peak and 1-00:03:50 elapsed time
Statistics on the network after iteration 1005 (MF = 107.280961)
	Number of nodes: 27919
	Number of allocated nodes: 28672
	Number of edges: 205965
	Maximum in degree: 585 (node 27517)
	Maximum out degree: 497 (node 7314)
	source 637 (node 7314) with out degree 497
	target 1010 (node 27517) with in degree 585

Execution time and memory used at after iteration 1006 (MF = 107.280961): 8.683447e+04 seconds, 382042112 bytes of memory usage, 768060 kB of memory peak and 1-00:07:23 elapsed time
Statistics on the network after iteration 1006 (MF = 107.280961)
	Number of nodes: 27919
	Number of allocated nodes: 28672
	Number of edges: 205965
	Maximum in degree: 585 (node 27517)
	Maximum out degree: 497 (node 7314)
	source 637 (node 7314) with out degree 497
	target 1010 (node 27517) with in degree 585

Execution time and memory used at after iteration 1007 (MF = 107.280961): 8.704917e+04 seconds, 382234624 bytes of memory usage, 768600 kB of memory peak and 1-00:10:57 elapsed time
Statistics on the network after iteration 1007 (MF = 107.280961)
	Number of nodes: 27919
	Number of allocated nodes: 28672
	Number of edges: 205965
	Maximum in degree: 585 (node 27517)
	Maximum out degree: 497 (node 7314)
	source 637 (node 7314) with out degree 497
	target 1010 (node 27517) with in degree 585

Execution time and memory used at after iteration 1008 (MF = 107.280961): 8.726089e+04 seconds, 382402560 bytes of memory usage, 769136 kB of memory peak and 1-00:14:29 elapsed time
Statistics on the network after iteration 1008 (MF = 107.280961)
	Number of nodes: 27919
	Number of allocated nodes: 28672
	Number of edges: 205965
	Maximum in degree: 585 (node 27517)
	Maximum out degree: 497 (node 7314)
	source 637 (node 7314) with out degree 497
	target 1010 (node 27517) with in degree 585

Execution time and memory used at after iteration 1009 (MF = 107.280961): 8.747797e+04 seconds, 382590976 bytes of memory usage, 769676 kB of memory peak and 1-00:18:06 elapsed time
Statistics on the network after iteration 1009 (MF = 107.280961)
	Number of nodes: 27919
	Number of allocated nodes: 28672
	Number of edges: 205965
	Maximum in degree: 585 (node 27517)
	Maximum out degree: 497 (node 7314)
	source 637 (node 7314) with out degree 497
	target 1010 (node 27517) with in degree 585

Execution time and memory used at after iteration 1010 (MF = 107.280961): 8.768866e+04 seconds, 382767104 bytes of memory usage, 770208 kB of memory peak and 1-00:21:37 elapsed time
Statistics on the network after iteration 1010 (MF = 107.280961)
	Number of nodes: 27919
	Number of allocated nodes: 28672
	Number of edges: 205965
	Maximum in degree: 585 (node 27517)
	Maximum out degree: 497 (node 7314)
	source 637 (node 7314) with out degree 497
	target 1010 (node 27517) with in degree 585

Execution time and memory used at after iteration 1011 (MF = 107.280961): 8.789915e+04 seconds, 382943232 bytes of memory usage, 770756 kB of memory peak and 1-00:25:07 elapsed time
Statistics on the network after iteration 1011 (MF = 107.280961)
	Number of nodes: 27919
	Number of allocated nodes: 28672
	Number of edges: 205965
	Maximum in degree: 585 (node 27517)
	Maximum out degree: 497 (node 7314)
	source 637 (node 7314) with out degree 497
	target 1010 (node 27517) with in degree 585

Execution time and memory used at after iteration 1012 (MF = 107.280961): 8.811415e+04 seconds, 383119360 bytes of memory usage, 771288 kB of memory peak and 1-00:28:42 elapsed time
Statistics on the network after iteration 1012 (MF = 107.280961)
	Number of nodes: 27919
	Number of allocated nodes: 28672
	Number of edges: 205965
	Maximum in degree: 585 (node 27517)
	Maximum out degree: 497 (node 7314)
	source 637 (node 7314) with out degree 497
	target 1010 (node 27517) with in degree 585

Execution time and memory used at after iteration 1013 (MF = 107.353050): 8.832508e+04 seconds, 383303680 bytes of memory usage, 771820 kB of memory peak and 1-00:32:13 elapsed time
Statistics on the network after iteration 1013 (MF = 107.353050)
	Number of nodes: 27919
	Number of allocated nodes: 28672
	Number of edges: 205965
	Maximum in degree: 585 (node 27517)
	Maximum out degree: 497 (node 7314)
	source 637 (node 7314) with out degree 497
	target 1010 (node 27517) with in degree 585

Execution time and memory used at after iteration 1014 (MF = 107.280961): 8.853600e+04 seconds, 383475712 bytes of memory usage, 771820 kB of memory peak and 1-00:35:44 elapsed time
Statistics on the network after iteration 1014 (MF = 107.280961)
	Number of nodes: 27919
	Number of allocated nodes: 28672
	Number of edges: 205965
	Maximum in degree: 585 (node 27517)
	Maximum out degree: 497 (node 7314)
	source 637 (node 7314) with out degree 497
	target 1010 (node 27517) with in degree 585

Execution time and memory used at after iteration 1015 (MF = 107.280961): 8.874796e+04 seconds, 383668224 bytes of memory usage, 772084 kB of memory peak and 1-00:39:16 elapsed time
Statistics on the network after iteration 1015 (MF = 107.280961)
	Number of nodes: 27919
	Number of allocated nodes: 28672
	Number of edges: 205965
	Maximum in degree: 585 (node 27517)
	Maximum out degree: 497 (node 7314)
	source 637 (node 7314) with out degree 497
	target 1010 (node 27517) with in degree 585

Execution time and memory used at after iteration 1016 (MF = 107.280961): 8.895995e+04 seconds, 383844352 bytes of memory usage, 772624 kB of memory peak and 1-00:42:48 elapsed time
Statistics on the network after iteration 1016 (MF = 107.280961)
	Number of nodes: 27919
	Number of allocated nodes: 28672
	Number of edges: 205965
	Maximum in degree: 585 (node 27517)
	Maximum out degree: 497 (node 7314)
	source 637 (node 7314) with out degree 497
	target 1010 (node 27517) with in degree 585

Execution time and memory used at after iteration 1017 (MF = 107.434381): 8.917766e+04 seconds, 384016384 bytes of memory usage, 773136 kB of memory peak and 1-00:46:26 elapsed time
Statistics on the network after iteration 1017 (MF = 107.434381)
	Number of nodes: 27919
	Number of allocated nodes: 28672
	Number of edges: 205965
	Maximum in degree: 585 (node 27517)
	Maximum out degree: 497 (node 7314)
	source 637 (node 7314) with out degree 497
	target 1010 (node 27517) with in degree 585

Execution time and memory used at after iteration 1018 (MF = 107.339187): 8.939009e+04 seconds, 384200704 bytes of memory usage, 773676 kB of memory peak and 1-00:49:58 elapsed time
Statistics on the network after iteration 1018 (MF = 107.339187)
	Number of nodes: 27919
	Number of allocated nodes: 28672
	Number of edges: 205965
	Maximum in degree: 585 (node 27517)
	Maximum out degree: 497 (node 7314)
	source 637 (node 7314) with out degree 497
	target 1010 (node 27517) with in degree 585

Execution time and memory used at after iteration 1019 (MF = 107.434381): 8.960707e+04 seconds, 384376832 bytes of memory usage, 774220 kB of memory peak and 1-00:53:35 elapsed time
Statistics on the network after iteration 1019 (MF = 107.434381)
	Number of nodes: 27919
	Number of allocated nodes: 28672
	Number of edges: 205965
	Maximum in degree: 585 (node 27517)
	Maximum out degree: 497 (node 7314)
	source 637 (node 7314) with out degree 497
	target 1010 (node 27517) with in degree 585

Execution time and memory used at after iteration 1020 (MF = 107.411275): 8.982184e+04 seconds, 384561152 bytes of memory usage, 774760 kB of memory peak and 1-00:57:10 elapsed time
Statistics on the network after iteration 1020 (MF = 107.411275)
	Number of nodes: 27919
	Number of allocated nodes: 28672
	Number of edges: 205965
	Maximum in degree: 585 (node 27517)
	Maximum out degree: 497 (node 7314)
	source 637 (node 7314) with out degree 497
	target 1010 (node 27517) with in degree 585

Execution time and memory used at after iteration 1021 (MF = 107.434381): 9.003521e+04 seconds, 384733184 bytes of memory usage, 775284 kB of memory peak and 1-01:00:43 elapsed time
Statistics on the network after iteration 1021 (MF = 107.434381)
	Number of nodes: 27919
	Number of allocated nodes: 28672
	Number of edges: 205965
	Maximum in degree: 585 (node 27517)
	Maximum out degree: 497 (node 7314)
	source 637 (node 7314) with out degree 497
	target 1010 (node 27517) with in degree 585

Execution time and memory used at after iteration 1022 (MF = 107.339187): 9.025210e+04 seconds, 384917504 bytes of memory usage, 775824 kB of memory peak and 1-01:04:20 elapsed time
Statistics on the network after iteration 1022 (MF = 107.339187)
	Number of nodes: 27919
	Number of allocated nodes: 28672
	Number of edges: 205965
	Maximum in degree: 585 (node 27517)
	Maximum out degree: 497 (node 7314)
	source 637 (node 7314) with out degree 497
	target 1010 (node 27517) with in degree 585

Execution time and memory used at after iteration 1023 (MF = 107.339187): 9.046900e+04 seconds, 385085440 bytes of memory usage, 776356 kB of memory peak and 1-01:07:57 elapsed time
Statistics on the network after iteration 1023 (MF = 107.339187)
	Number of nodes: 27919
	Number of allocated nodes: 28672
	Number of edges: 205965
	Maximum in degree: 585 (node 27517)
	Maximum out degree: 497 (node 7314)
	source 637 (node 7314) with out degree 497
	target 1010 (node 27517) with in degree 585

Execution time and memory used at after iteration 1024 (MF = 107.339187): 9.068424e+04 seconds, 385269760 bytes of memory usage, 776880 kB of memory peak and 1-01:11:32 elapsed time
Statistics on the network after iteration 1024 (MF = 107.339187)
	Number of nodes: 27919
	Number of allocated nodes: 28672
	Number of edges: 205965
	Maximum in degree: 585 (node 27517)
	Maximum out degree: 497 (node 7314)
	source 637 (node 7314) with out degree 497
	target 1010 (node 27517) with in degree 585

Execution time and memory used at after iteration 1025 (MF = 107.339187): 9.089823e+04 seconds, 385449984 bytes of memory usage, 777424 kB of memory peak and 1-01:15:06 elapsed time
Statistics on the network after iteration 1025 (MF = 107.339187)
	Number of nodes: 27919
	Number of allocated nodes: 28672
	Number of edges: 205965
	Maximum in degree: 585 (node 27517)
	Maximum out degree: 497 (node 7314)
	source 637 (node 7314) with out degree 497
	target 1010 (node 27517) with in degree 585

Execution time and memory used at after iteration 1026 (MF = 107.339187): 9.111633e+04 seconds, 385642496 bytes of memory usage, 777964 kB of memory peak and 1-01:18:45 elapsed time
Statistics on the network after iteration 1026 (MF = 107.339187)
	Number of nodes: 27919
	Number of allocated nodes: 28672
	Number of edges: 205965
	Maximum in degree: 585 (node 27517)
	Maximum out degree: 497 (node 7314)
	source 637 (node 7314) with out degree 497
	target 1010 (node 27517) with in degree 585

Execution time and memory used at after iteration 1027 (MF = 107.339187): 9.133233e+04 seconds, 385818624 bytes of memory usage, 778496 kB of memory peak and 1-01:22:21 elapsed time
Statistics on the network after iteration 1027 (MF = 107.339187)
	Number of nodes: 27919
	Number of allocated nodes: 28672
	Number of edges: 205965
	Maximum in degree: 585 (node 27517)
	Maximum out degree: 497 (node 7314)
	source 637 (node 7314) with out degree 497
	target 1010 (node 27517) with in degree 585

Execution time and memory used at after iteration 1028 (MF = 107.339187): 9.154852e+04 seconds, 386002944 bytes of memory usage, 779036 kB of memory peak and 1-01:25:57 elapsed time
Statistics on the network after iteration 1028 (MF = 107.339187)
	Number of nodes: 27919
	Number of allocated nodes: 28672
	Number of edges: 205965
	Maximum in degree: 585 (node 27517)
	Maximum out degree: 497 (node 7314)
	source 637 (node 7314) with out degree 497
	target 1010 (node 27517) with in degree 585

Execution time and memory used at after iteration 1029 (MF = 107.339187): 9.176446e+04 seconds, 386179072 bytes of memory usage, 779580 kB of memory peak and 1-01:29:33 elapsed time
Statistics on the network after iteration 1029 (MF = 107.339187)
	Number of nodes: 27919
	Number of allocated nodes: 28672
	Number of edges: 205965
	Maximum in degree: 585 (node 27517)
	Maximum out degree: 497 (node 7314)
	source 637 (node 7314) with out degree 497
	target 1010 (node 27517) with in degree 585

Execution time and memory used at after iteration 1030 (MF = 107.339187): 9.197945e+04 seconds, 386359296 bytes of memory usage, 780112 kB of memory peak and 1-01:33:08 elapsed time
Statistics on the network after iteration 1030 (MF = 107.339187)
	Number of nodes: 27919
	Number of allocated nodes: 28672
	Number of edges: 205965
	Maximum in degree: 585 (node 27517)
	Maximum out degree: 497 (node 7314)
	source 637 (node 7314) with out degree 497
	target 1010 (node 27517) with in degree 585

Execution time and memory used at after iteration 1031 (MF = 107.411275): 9.220666e+04 seconds, 386535424 bytes of memory usage, 780644 kB of memory peak and 1-01:36:55 elapsed time
Statistics on the network after iteration 1031 (MF = 107.411275)
	Number of nodes: 27919
	Number of allocated nodes: 28672
	Number of edges: 205965
	Maximum in degree: 585 (node 27517)
	Maximum out degree: 497 (node 7314)
	source 637 (node 7314) with out degree 497
	target 1010 (node 27517) with in degree 585

Execution time and memory used at after iteration 1032 (MF = 107.339187): 9.242200e+04 seconds, 386719744 bytes of memory usage, 781192 kB of memory peak and 1-01:40:30 elapsed time
Statistics on the network after iteration 1032 (MF = 107.339187)
	Number of nodes: 27919
	Number of allocated nodes: 28672
	Number of edges: 205965
	Maximum in degree: 585 (node 27517)
	Maximum out degree: 497 (node 7314)
	source 637 (node 7314) with out degree 497
	target 1010 (node 27517) with in degree 585

Execution time and memory used at after iteration 1033 (MF = 107.339187): 9.263826e+04 seconds, 386895872 bytes of memory usage, 781724 kB of memory peak and 1-01:44:07 elapsed time
Statistics on the network after iteration 1033 (MF = 107.339187)
	Number of nodes: 27919
	Number of allocated nodes: 28672
	Number of edges: 205965
	Maximum in degree: 585 (node 27517)
	Maximum out degree: 497 (node 7314)
	source 637 (node 7314) with out degree 497
	target 1010 (node 27517) with in degree 585

Execution time and memory used at after iteration 1034 (MF = 107.339187): 9.285421e+04 seconds, 387076096 bytes of memory usage, 782264 kB of memory peak and 1-01:47:43 elapsed time
Statistics on the network after iteration 1034 (MF = 107.339187)
	Number of nodes: 27919
	Number of allocated nodes: 28672
	Number of edges: 205965
	Maximum in degree: 585 (node 27517)
	Maximum out degree: 497 (node 7314)
	source 637 (node 7314) with out degree 497
	target 1010 (node 27517) with in degree 585

Execution time and memory used at after iteration 1035 (MF = 107.339187): 9.308063e+04 seconds, 387252224 bytes of memory usage, 782796 kB of memory peak and 1-01:51:29 elapsed time
Statistics on the network after iteration 1035 (MF = 107.339187)
	Number of nodes: 27919
	Number of allocated nodes: 28672
	Number of edges: 205965
	Maximum in degree: 585 (node 27517)
	Maximum out degree: 497 (node 7314)
	source 637 (node 7314) with out degree 497
	target 1010 (node 27517) with in degree 585

Execution time and memory used at after iteration 1036 (MF = 107.411275): 9.330172e+04 seconds, 387432448 bytes of memory usage, 783344 kB of memory peak and 1-01:55:10 elapsed time
Statistics on the network after iteration 1036 (MF = 107.411275)
	Number of nodes: 27919
	Number of allocated nodes: 28672
	Number of edges: 205965
	Maximum in degree: 585 (node 27517)
	Maximum out degree: 497 (node 7314)
	source 637 (node 7314) with out degree 497
	target 1010 (node 27517) with in degree 585

Execution time and memory used at after iteration 1037 (MF = 107.339187): 9.353734e+04 seconds, 387612672 bytes of memory usage, 783872 kB of memory peak and 1-01:59:06 elapsed time
Statistics on the network after iteration 1037 (MF = 107.339187)
	Number of nodes: 27919
	Number of allocated nodes: 28672
	Number of edges: 205965
	Maximum in degree: 585 (node 27517)
	Maximum out degree: 497 (node 7314)
	source 637 (node 7314) with out degree 497
	target 1010 (node 27517) with in degree 585

Execution time and memory used at after iteration 1038 (MF = 107.339187): 9.375643e+04 seconds, 387788800 bytes of memory usage, 784404 kB of memory peak and 1-02:02:45 elapsed time
Statistics on the network after iteration 1038 (MF = 107.339187)
	Number of nodes: 27919
	Number of allocated nodes: 28672
	Number of edges: 205965
	Maximum in degree: 585 (node 27517)
	Maximum out degree: 497 (node 7314)
	source 637 (node 7314) with out degree 497
	target 1010 (node 27517) with in degree 585

Execution time and memory used at after iteration 1039 (MF = 107.339187): 9.398668e+04 seconds, 387981312 bytes of memory usage, 784944 kB of memory peak and 1-02:06:35 elapsed time
Statistics on the network after iteration 1039 (MF = 107.339187)
	Number of nodes: 27919
	Number of allocated nodes: 28672
	Number of edges: 205965
	Maximum in degree: 585 (node 27517)
	Maximum out degree: 497 (node 7314)
	source 637 (node 7314) with out degree 497
	target 1010 (node 27517) with in degree 585

Execution time and memory used at after iteration 1040 (MF = 107.339187): 9.410931e+04 seconds, 388149248 bytes of memory usage, 784944 kB of memory peak and 1-02:08:38 elapsed time
Statistics on the network after iteration 1040 (MF = 107.339187)
	Number of nodes: 27919
	Number of allocated nodes: 28672
	Number of edges: 205965
	Maximum in degree: 585 (node 27517)
	Maximum out degree: 497 (node 7314)
	source 637 (node 7314) with out degree 497
	target 1010 (node 27517) with in degree 585

Execution time and memory used at after iteration 1041 (MF = 107.339187): 9.423495e+04 seconds, 388341760 bytes of memory usage, 784944 kB of memory peak and 1-02:10:43 elapsed time
Statistics on the network after iteration 1041 (MF = 107.339187)
	Number of nodes: 27919
	Number of allocated nodes: 28672
	Number of edges: 205965
	Maximum in degree: 585 (node 27517)
	Maximum out degree: 497 (node 7314)
	source 637 (node 7314) with out degree 497
	target 1010 (node 27517) with in degree 585

Execution time and memory used at after iteration 1042 (MF = 107.339187): 9.436222e+04 seconds, 388505600 bytes of memory usage, 784944 kB of memory peak and 1-02:12:51 elapsed time
Statistics on the network after iteration 1042 (MF = 107.339187)
	Number of nodes: 27919
	Number of allocated nodes: 28672
	Number of edges: 205965
	Maximum in degree: 585 (node 27517)
	Maximum out degree: 497 (node 7314)
	source 637 (node 7314) with out degree 497
	target 1010 (node 27517) with in degree 585

Execution time and memory used at after iteration 1043 (MF = 107.339187): 9.448552e+04 seconds, 388681728 bytes of memory usage, 784944 kB of memory peak and 1-02:14:54 elapsed time
Statistics on the network after iteration 1043 (MF = 107.339187)
	Number of nodes: 27919
	Number of allocated nodes: 28672
	Number of edges: 205965
	Maximum in degree: 585 (node 27517)
	Maximum out degree: 497 (node 7314)
	source 637 (node 7314) with out degree 497
	target 1010 (node 27517) with in degree 585

Execution time and memory used at after iteration 1044 (MF = 107.339187): 9.460880e+04 seconds, 388874240 bytes of memory usage, 784944 kB of memory peak and 1-02:16:57 elapsed time
Statistics on the network after iteration 1044 (MF = 107.339187)
	Number of nodes: 27919
	Number of allocated nodes: 28672
	Number of edges: 205965
	Maximum in degree: 585 (node 27517)
	Maximum out degree: 497 (node 7314)
	source 637 (node 7314) with out degree 497
	target 1010 (node 27517) with in degree 585

Execution time and memory used at after iteration 1045 (MF = 107.339187): 9.473192e+04 seconds, 389038080 bytes of memory usage, 784944 kB of memory peak and 1-02:19:00 elapsed time
Statistics on the network after iteration 1045 (MF = 107.339187)
	Number of nodes: 27919
	Number of allocated nodes: 28672
	Number of edges: 205965
	Maximum in degree: 585 (node 27517)
	Maximum out degree: 497 (node 7314)
	source 637 (node 7314) with out degree 497
	target 1010 (node 27517) with in degree 585

Execution time and memory used at after iteration 1046 (MF = 107.339187): 9.486628e+04 seconds, 389222400 bytes of memory usage, 784944 kB of memory peak and 1-02:21:15 elapsed time
Statistics on the network after iteration 1046 (MF = 107.339187)
	Number of nodes: 27919
	Number of allocated nodes: 28672
	Number of edges: 205965
	Maximum in degree: 585 (node 27517)
	Maximum out degree: 497 (node 7314)
	source 637 (node 7314) with out degree 497
	target 1010 (node 27517) with in degree 585

Execution time and memory used at after iteration 1047 (MF = 107.339187): 9.500043e+04 seconds, 389414912 bytes of memory usage, 784944 kB of memory peak and 1-02:23:29 elapsed time
Statistics on the network after iteration 1047 (MF = 107.339187)
	Number of nodes: 27919
	Number of allocated nodes: 28672
	Number of edges: 205965
	Maximum in degree: 585 (node 27517)
	Maximum out degree: 497 (node 7314)
	source 637 (node 7314) with out degree 497
	target 1010 (node 27517) with in degree 585

Execution time and memory used at after iteration 1048 (MF = 107.411275): 9.513599e+04 seconds, 389591040 bytes of memory usage, 784944 kB of memory peak and 1-02:25:44 elapsed time
Statistics on the network after iteration 1048 (MF = 107.411275)
	Number of nodes: 27919
	Number of allocated nodes: 28672
	Number of edges: 205965
	Maximum in degree: 585 (node 27517)
	Maximum out degree: 497 (node 7314)
	source 637 (node 7314) with out degree 497
	target 1010 (node 27517) with in degree 585

Execution time and memory used at after iteration 1049 (MF = 107.280961): 9.527988e+04 seconds, 389763072 bytes of memory usage, 784944 kB of memory peak and 1-02:28:08 elapsed time
Statistics on the network after iteration 1049 (MF = 107.280961)
	Number of nodes: 27919
	Number of allocated nodes: 28672
	Number of edges: 205965
	Maximum in degree: 585 (node 27517)
	Maximum out degree: 497 (node 7314)
	source 637 (node 7314) with out degree 497
	target 1010 (node 27517) with in degree 585

Execution time and memory used at after iteration 1050 (MF = 107.280961): 9.541664e+04 seconds, 389939200 bytes of memory usage, 784944 kB of memory peak and 1-02:30:25 elapsed time
Statistics on the network after iteration 1050 (MF = 107.280961)
	Number of nodes: 27919
	Number of allocated nodes: 28672
	Number of edges: 205965
	Maximum in degree: 585 (node 27517)
	Maximum out degree: 497 (node 7314)
	source 637 (node 7314) with out degree 497
	target 1010 (node 27517) with in degree 585

Execution time and memory used at after iteration 1051 (MF = 107.280961): 9.555588e+04 seconds, 390123520 bytes of memory usage, 784944 kB of memory peak and 1-02:32:44 elapsed time
Statistics on the network after iteration 1051 (MF = 107.280961)
	Number of nodes: 27919
	Number of allocated nodes: 28672
	Number of edges: 205965
	Maximum in degree: 585 (node 27517)
	Maximum out degree: 497 (node 7314)
	source 637 (node 7314) with out degree 497
	target 1010 (node 27517) with in degree 585

Execution time and memory used at after iteration 1052 (MF = 107.339187): 9.570900e+04 seconds, 390307840 bytes of memory usage, 784944 kB of memory peak and 1-02:35:17 elapsed time
Statistics on the network after iteration 1052 (MF = 107.339187)
	Number of nodes: 27919
	Number of allocated nodes: 28672
	Number of edges: 205965
	Maximum in degree: 585 (node 27517)
	Maximum out degree: 497 (node 7314)
	source 637 (node 7314) with out degree 497
	target 1010 (node 27517) with in degree 585

Execution time and memory used at after iteration 1053 (MF = 107.339187): 9.584990e+04 seconds, 390479872 bytes of memory usage, 784944 kB of memory peak and 1-02:37:38 elapsed time
Statistics on the network after iteration 1053 (MF = 107.339187)
	Number of nodes: 27919
	Number of allocated nodes: 28672
	Number of edges: 205965
	Maximum in degree: 585 (node 27517)
	Maximum out degree: 497 (node 7314)
	source 637 (node 7314) with out degree 497
	target 1010 (node 27517) with in degree 585

Execution time and memory used at after iteration 1054 (MF = 107.339187): 9.599088e+04 seconds, 390647808 bytes of memory usage, 784944 kB of memory peak and 1-02:39:59 elapsed time
Statistics on the network after iteration 1054 (MF = 107.339187)
	Number of nodes: 27919
	Number of allocated nodes: 28672
	Number of edges: 205965
	Maximum in degree: 585 (node 27517)
	Maximum out degree: 497 (node 7314)
	source 637 (node 7314) with out degree 497
	target 1010 (node 27517) with in degree 585

Execution time and memory used at after iteration 1055 (MF = 107.353050): 9.614304e+04 seconds, 390832128 bytes of memory usage, 784944 kB of memory peak and 1-02:42:32 elapsed time
Statistics on the network after iteration 1055 (MF = 107.353050)
	Number of nodes: 27919
	Number of allocated nodes: 28672
	Number of edges: 205965
	Maximum in degree: 585 (node 27517)
	Maximum out degree: 497 (node 7314)
	source 637 (node 7314) with out degree 497
	target 1010 (node 27517) with in degree 585

Execution time and memory used at after iteration 1056 (MF = 107.434381): 9.630157e+04 seconds, 391016448 bytes of memory usage, 784944 kB of memory peak and 1-02:45:10 elapsed time
Statistics on the network after iteration 1056 (MF = 107.434381)
	Number of nodes: 27919
	Number of allocated nodes: 28672
	Number of edges: 205965
	Maximum in degree: 585 (node 27517)
	Maximum out degree: 497 (node 7314)
	source 637 (node 7314) with out degree 497
	target 1010 (node 27517) with in degree 585

Execution time and memory used at after iteration 1057 (MF = 107.376155): 9.646838e+04 seconds, 391188480 bytes of memory usage, 784944 kB of memory peak and 1-02:47:57 elapsed time
Statistics on the network after iteration 1057 (MF = 107.376155)
	Number of nodes: 27919
	Number of allocated nodes: 28672
	Number of edges: 205965
	Maximum in degree: 585 (node 27517)
	Maximum out degree: 497 (node 7314)
	source 637 (node 7314) with out degree 497
	target 1010 (node 27517) with in degree 585

Execution time and memory used at after iteration 1058 (MF = 107.376155): 9.662928e+04 seconds, 391372800 bytes of memory usage, 784944 kB of memory peak and 1-02:50:38 elapsed time
Statistics on the network after iteration 1058 (MF = 107.376155)
	Number of nodes: 27919
	Number of allocated nodes: 28672
	Number of edges: 205965
	Maximum in degree: 585 (node 27517)
	Maximum out degree: 497 (node 7314)
	source 637 (node 7314) with out degree 497
	target 1010 (node 27517) with in degree 585

Execution time and memory used at after iteration 1059 (MF = 107.339187): 9.680311e+04 seconds, 391540736 bytes of memory usage, 784944 kB of memory peak and 1-02:53:32 elapsed time
Statistics on the network after iteration 1059 (MF = 107.339187)
	Number of nodes: 27919
	Number of allocated nodes: 28672
	Number of edges: 205965
	Maximum in degree: 585 (node 27517)
	Maximum out degree: 497 (node 7314)
	source 637 (node 7314) with out degree 497
	target 1010 (node 27517) with in degree 585

Execution time and memory used at after iteration 1060 (MF = 107.339187): 9.696589e+04 seconds, 391733248 bytes of memory usage, 784944 kB of memory peak and 1-02:56:14 elapsed time
Statistics on the network after iteration 1060 (MF = 107.339187)
	Number of nodes: 27919
	Number of allocated nodes: 28672
	Number of edges: 205965
	Maximum in degree: 585 (node 27517)
	Maximum out degree: 497 (node 7314)
	source 637 (node 7314) with out degree 497
	target 1010 (node 27517) with in degree 585

Execution time and memory used at after iteration 1061 (MF = 107.339187): 9.713055e+04 seconds, 391905280 bytes of memory usage, 784944 kB of memory peak and 1-02:58:59 elapsed time
Statistics on the network after iteration 1061 (MF = 107.339187)
	Number of nodes: 27919
	Number of allocated nodes: 28672
	Number of edges: 205965
	Maximum in degree: 585 (node 27517)
	Maximum out degree: 497 (node 7314)
	source 637 (node 7314) with out degree 497
	target 1010 (node 27517) with in degree 585

Execution time and memory used at after iteration 1062 (MF = 107.376155): 9.729385e+04 seconds, 392081408 bytes of memory usage, 784944 kB of memory peak and 1-03:01:42 elapsed time
Statistics on the network after iteration 1062 (MF = 107.376155)
	Number of nodes: 27919
	Number of allocated nodes: 28672
	Number of edges: 205965
	Maximum in degree: 585 (node 27517)
	Maximum out degree: 497 (node 7314)
	source 637 (node 7314) with out degree 497
	target 1010 (node 27517) with in degree 585

Execution time and memory used at after iteration 1063 (MF = 107.376155): 9.747114e+04 seconds, 392265728 bytes of memory usage, 784944 kB of memory peak and 1-03:04:40 elapsed time
Statistics on the network after iteration 1063 (MF = 107.376155)
	Number of nodes: 27919
	Number of allocated nodes: 28672
	Number of edges: 205965
	Maximum in degree: 585 (node 27517)
	Maximum out degree: 497 (node 7314)
	source 637 (node 7314) with out degree 497
	target 1010 (node 27517) with in degree 585

Execution time and memory used at after iteration 1064 (MF = 107.434381): 9.764290e+04 seconds, 392445952 bytes of memory usage, 784944 kB of memory peak and 1-03:07:31 elapsed time
Statistics on the network after iteration 1064 (MF = 107.434381)
	Number of nodes: 27919
	Number of allocated nodes: 28672
	Number of edges: 205965
	Maximum in degree: 585 (node 27517)
	Maximum out degree: 497 (node 7314)
	source 637 (node 7314) with out degree 497
	target 1010 (node 27517) with in degree 585

Execution time and memory used at after iteration 1065 (MF = 107.434381): 9.782728e+04 seconds, 392613888 bytes of memory usage, 784944 kB of memory peak and 1-03:10:36 elapsed time
Statistics on the network after iteration 1065 (MF = 107.434381)
	Number of nodes: 27919
	Number of allocated nodes: 28672
	Number of edges: 205965
	Maximum in degree: 585 (node 27517)
	Maximum out degree: 497 (node 7314)
	source 637 (node 7314) with out degree 497
	target 1010 (node 27517) with in degree 585

Execution time and memory used at after iteration 1066 (MF = 107.434381): 9.800166e+04 seconds, 392806400 bytes of memory usage, 784944 kB of memory peak and 1-03:13:30 elapsed time
Statistics on the network after iteration 1066 (MF = 107.434381)
	Number of nodes: 27919
	Number of allocated nodes: 28672
	Number of edges: 205965
	Maximum in degree: 585 (node 27517)
	Maximum out degree: 497 (node 7314)
	source 637 (node 7314) with out degree 497
	target 1010 (node 27517) with in degree 585

Execution time and memory used at after iteration 1067 (MF = 107.434381): 9.817579e+04 seconds, 392982528 bytes of memory usage, 784944 kB of memory peak and 1-03:16:24 elapsed time
Statistics on the network after iteration 1067 (MF = 107.434381)
	Number of nodes: 27919
	Number of allocated nodes: 28672
	Number of edges: 205965
	Maximum in degree: 585 (node 27517)
	Maximum out degree: 497 (node 7314)
	source 637 (node 7314) with out degree 497
	target 1010 (node 27517) with in degree 585

Execution time and memory used at after iteration 1068 (MF = 107.434381): 9.834864e+04 seconds, 393166848 bytes of memory usage, 784944 kB of memory peak and 1-03:19:17 elapsed time
Statistics on the network after iteration 1068 (MF = 107.434381)
	Number of nodes: 27919
	Number of allocated nodes: 28672
	Number of edges: 205965
	Maximum in degree: 585 (node 27517)
	Maximum out degree: 497 (node 7314)
	source 637 (node 7314) with out degree 497
	target 1010 (node 27517) with in degree 585

Execution time and memory used at after iteration 1069 (MF = 107.434381): 9.852136e+04 seconds, 393351168 bytes of memory usage, 784944 kB of memory peak and 1-03:22:10 elapsed time
Statistics on the network after iteration 1069 (MF = 107.434381)
	Number of nodes: 27919
	Number of allocated nodes: 28672
	Number of edges: 205965
	Maximum in degree: 585 (node 27517)
	Maximum out degree: 497 (node 7314)
	source 637 (node 7314) with out degree 497
	target 1010 (node 27517) with in degree 585

Execution time and memory used at after iteration 1070 (MF = 107.434381): 9.869923e+04 seconds, 393523200 bytes of memory usage, 784944 kB of memory peak and 1-03:25:08 elapsed time
Statistics on the network after iteration 1070 (MF = 107.434381)
	Number of nodes: 27919
	Number of allocated nodes: 28672
	Number of edges: 205965
	Maximum in degree: 585 (node 27517)
	Maximum out degree: 497 (node 7314)
	source 637 (node 7314) with out degree 497
	target 1010 (node 27517) with in degree 585

Execution time and memory used at after iteration 1071 (MF = 107.434381): 9.888445e+04 seconds, 393699328 bytes of memory usage, 784944 kB of memory peak and 1-03:28:13 elapsed time
Statistics on the network after iteration 1071 (MF = 107.434381)
	Number of nodes: 27919
	Number of allocated nodes: 28672
	Number of edges: 205965
	Maximum in degree: 585 (node 27517)
	Maximum out degree: 497 (node 7314)
	source 637 (node 7314) with out degree 497
	target 1010 (node 27517) with in degree 585

Execution time and memory used at after iteration 1072 (MF = 107.434381): 9.906617e+04 seconds, 393887744 bytes of memory usage, 784944 kB of memory peak and 1-03:31:15 elapsed time
Statistics on the network after iteration 1072 (MF = 107.434381)
	Number of nodes: 27919
	Number of allocated nodes: 28672
	Number of edges: 205965
	Maximum in degree: 585 (node 27517)
	Maximum out degree: 497 (node 7314)
	source 637 (node 7314) with out degree 497
	target 1010 (node 27517) with in degree 585

Execution time and memory used at after iteration 1073 (MF = 107.434381): 9.924714e+04 seconds, 394072064 bytes of memory usage, 784944 kB of memory peak and 1-03:34:16 elapsed time
Statistics on the network after iteration 1073 (MF = 107.434381)
	Number of nodes: 27919
	Number of allocated nodes: 28672
	Number of edges: 205965
	Maximum in degree: 585 (node 27517)
	Maximum out degree: 497 (node 7314)
	source 637 (node 7314) with out degree 497
	target 1010 (node 27517) with in degree 585

Execution time and memory used at after iteration 1074 (MF = 107.434381): 9.942776e+04 seconds, 394235904 bytes of memory usage, 784944 kB of memory peak and 1-03:37:16 elapsed time
Statistics on the network after iteration 1074 (MF = 107.434381)
	Number of nodes: 27919
	Number of allocated nodes: 28672
	Number of edges: 205965
	Maximum in degree: 585 (node 27517)
	Maximum out degree: 497 (node 7314)
	source 637 (node 7314) with out degree 497
	target 1010 (node 27517) with in degree 585

Execution time and memory used at after iteration 1075 (MF = 107.506470): 9.960810e+04 seconds, 394420224 bytes of memory usage, 784944 kB of memory peak and 1-03:40:17 elapsed time
Statistics on the network after iteration 1075 (MF = 107.506470)
	Number of nodes: 27919
	Number of allocated nodes: 28672
	Number of edges: 205965
	Maximum in degree: 585 (node 27517)
	Maximum out degree: 497 (node 7314)
	source 637 (node 7314) with out degree 497
	target 1010 (node 27517) with in degree 585

Execution time and memory used at after iteration 1076 (MF = 107.376155): 9.979443e+04 seconds, 394596352 bytes of memory usage, 784944 kB of memory peak and 1-03:43:23 elapsed time
Statistics on the network after iteration 1076 (MF = 107.376155)
	Number of nodes: 27919
	Number of allocated nodes: 28672
	Number of edges: 205965
	Maximum in degree: 585 (node 27517)
	Maximum out degree: 497 (node 7314)
	source 637 (node 7314) with out degree 497
	target 1010 (node 27517) with in degree 585

Execution time and memory used at after iteration 1077 (MF = 107.376155): 9.997488e+04 seconds, 394772480 bytes of memory usage, 784944 kB of memory peak and 1-03:46:24 elapsed time
Statistics on the network after iteration 1077 (MF = 107.376155)
	Number of nodes: 27919
	Number of allocated nodes: 28672
	Number of edges: 205965
	Maximum in degree: 585 (node 27517)
	Maximum out degree: 497 (node 7314)
	source 637 (node 7314) with out degree 497
	target 1010 (node 27517) with in degree 585

Execution time and memory used at after iteration 1078 (MF = 107.448244): 1.001556e+05 seconds, 394952704 bytes of memory usage, 784944 kB of memory peak and 1-03:49:24 elapsed time
Statistics on the network after iteration 1078 (MF = 107.448244)
	Number of nodes: 27919
	Number of allocated nodes: 28672
	Number of edges: 205965
	Maximum in degree: 585 (node 27517)
	Maximum out degree: 497 (node 7314)
	source 637 (node 7314) with out degree 497
	target 1010 (node 27517) with in degree 585

Execution time and memory used at after iteration 1079 (MF = 107.376155): 1.003434e+05 seconds, 395128832 bytes of memory usage, 784944 kB of memory peak and 1-03:52:32 elapsed time
Statistics on the network after iteration 1079 (MF = 107.376155)
	Number of nodes: 27919
	Number of allocated nodes: 28672
	Number of edges: 205965
	Maximum in degree: 585 (node 27517)
	Maximum out degree: 497 (node 7314)
	source 637 (node 7314) with out degree 497
	target 1010 (node 27517) with in degree 585

Execution time and memory used at after iteration 1080 (MF = 107.376155): 1.005389e+05 seconds, 395321344 bytes of memory usage, 784944 kB of memory peak and 1-03:55:48 elapsed time
Statistics on the network after iteration 1080 (MF = 107.376155)
	Number of nodes: 27919
	Number of allocated nodes: 28672
	Number of edges: 205965
	Maximum in degree: 585 (node 27517)
	Maximum out degree: 497 (node 7314)
	source 637 (node 7314) with out degree 497
	target 1010 (node 27517) with in degree 585

Execution time and memory used at after iteration 1081 (MF = 107.434381): 1.007334e+05 seconds, 395489280 bytes of memory usage, 784944 kB of memory peak and 1-03:59:02 elapsed time
Statistics on the network after iteration 1081 (MF = 107.434381)
	Number of nodes: 27919
	Number of allocated nodes: 28672
	Number of edges: 205965
	Maximum in degree: 585 (node 27517)
	Maximum out degree: 497 (node 7314)
	source 637 (node 7314) with out degree 497
	target 1010 (node 27517) with in degree 585

Execution time and memory used at after iteration 1082 (MF = 107.434381): 1.009283e+05 seconds, 395669504 bytes of memory usage, 784944 kB of memory peak and 1-04:02:17 elapsed time
Statistics on the network after iteration 1082 (MF = 107.434381)
	Number of nodes: 27919
	Number of allocated nodes: 28672
	Number of edges: 205965
	Maximum in degree: 585 (node 27517)
	Maximum out degree: 497 (node 7314)
	source 637 (node 7314) with out degree 497
	target 1010 (node 27517) with in degree 585

Execution time and memory used at after iteration 1083 (MF = 107.411275): 1.011253e+05 seconds, 395853824 bytes of memory usage, 784944 kB of memory peak and 1-04:05:34 elapsed time
Statistics on the network after iteration 1083 (MF = 107.411275)
	Number of nodes: 27919
	Number of allocated nodes: 28672
	Number of edges: 205965
	Maximum in degree: 585 (node 27517)
	Maximum out degree: 497 (node 7314)
	source 637 (node 7314) with out degree 497
	target 1010 (node 27517) with in degree 585

Execution time and memory used at after iteration 1084 (MF = 107.434381): 1.013234e+05 seconds, 396029952 bytes of memory usage, 784944 kB of memory peak and 1-04:08:52 elapsed time
Statistics on the network after iteration 1084 (MF = 107.434381)
	Number of nodes: 27919
	Number of allocated nodes: 28672
	Number of edges: 205965
	Maximum in degree: 585 (node 27517)
	Maximum out degree: 497 (node 7314)
	source 637 (node 7314) with out degree 497
	target 1010 (node 27517) with in degree 585

Execution time and memory used at after iteration 1085 (MF = 107.411275): 1.015222e+05 seconds, 396214272 bytes of memory usage, 784944 kB of memory peak and 1-04:12:11 elapsed time
Statistics on the network after iteration 1085 (MF = 107.411275)
	Number of nodes: 27919
	Number of allocated nodes: 28672
	Number of edges: 205965
	Maximum in degree: 585 (node 27517)
	Maximum out degree: 497 (node 7314)
	source 637 (node 7314) with out degree 497
	target 1010 (node 27517) with in degree 585

Execution time and memory used at after iteration 1086 (MF = 107.339187): 1.017213e+05 seconds, 396390400 bytes of memory usage, 784944 kB of memory peak and 1-04:15:30 elapsed time
Statistics on the network after iteration 1086 (MF = 107.339187)
	Number of nodes: 27919
	Number of allocated nodes: 28672
	Number of edges: 205965
	Maximum in degree: 585 (node 27517)
	Maximum out degree: 497 (node 7314)
	source 637 (node 7314) with out degree 497
	target 1010 (node 27517) with in degree 585

Execution time and memory used at after iteration 1087 (MF = 107.339187): 1.019206e+05 seconds, 396570624 bytes of memory usage, 784944 kB of memory peak and 1-04:18:49 elapsed time
Statistics on the network after iteration 1087 (MF = 107.339187)
	Number of nodes: 27919
	Number of allocated nodes: 28672
	Number of edges: 205965
	Maximum in degree: 585 (node 27517)
	Maximum out degree: 497 (node 7314)
	source 637 (node 7314) with out degree 497
	target 1010 (node 27517) with in degree 585

Execution time and memory used at after iteration 1088 (MF = 107.339187): 1.021205e+05 seconds, 396746752 bytes of memory usage, 784944 kB of memory peak and 1-04:22:09 elapsed time
Statistics on the network after iteration 1088 (MF = 107.339187)
	Number of nodes: 27919
	Number of allocated nodes: 28672
	Number of edges: 205965
	Maximum in degree: 585 (node 27517)
	Maximum out degree: 497 (node 7314)
	source 637 (node 7314) with out degree 497
	target 1010 (node 27517) with in degree 585

Execution time and memory used at after iteration 1089 (MF = 107.339187): 1.023208e+05 seconds, 396922880 bytes of memory usage, 784944 kB of memory peak and 1-04:25:30 elapsed time
Statistics on the network after iteration 1089 (MF = 107.339187)
	Number of nodes: 27919
	Number of allocated nodes: 28672
	Number of edges: 205965
	Maximum in degree: 585 (node 27517)
	Maximum out degree: 497 (node 7314)
	source 637 (node 7314) with out degree 497
	target 1010 (node 27517) with in degree 585

Execution time and memory used at after iteration 1090 (MF = 107.411275): 1.025307e+05 seconds, 397107200 bytes of memory usage, 784944 kB of memory peak and 1-04:28:59 elapsed time
Statistics on the network after iteration 1090 (MF = 107.411275)
	Number of nodes: 27919
	Number of allocated nodes: 28672
	Number of edges: 205965
	Maximum in degree: 585 (node 27517)
	Maximum out degree: 497 (node 7314)
	source 637 (node 7314) with out degree 497
	target 1010 (node 27517) with in degree 585

Execution time and memory used at after iteration 1091 (MF = 107.280961): 1.027362e+05 seconds, 397287424 bytes of memory usage, 784944 kB of memory peak and 1-04:32:25 elapsed time
Statistics on the network after iteration 1091 (MF = 107.280961)
	Number of nodes: 27919
	Number of allocated nodes: 28672
	Number of edges: 205965
	Maximum in degree: 585 (node 27517)
	Maximum out degree: 497 (node 7314)
	source 637 (node 7314) with out degree 497
	target 1010 (node 27517) with in degree 585

Execution time and memory used at after iteration 1092 (MF = 107.280961): 1.029400e+05 seconds, 397475840 bytes of memory usage, 784944 kB of memory peak and 1-04:35:49 elapsed time
Statistics on the network after iteration 1092 (MF = 107.280961)
	Number of nodes: 27919
	Number of allocated nodes: 28672
	Number of edges: 205965
	Maximum in degree: 585 (node 27517)
	Maximum out degree: 497 (node 7314)
	source 637 (node 7314) with out degree 497
	target 1010 (node 27517) with in degree 585

Execution time and memory used at after iteration 1093 (MF = 107.294824): 1.031485e+05 seconds, 397635584 bytes of memory usage, 784944 kB of memory peak and 1-04:39:17 elapsed time
Statistics on the network after iteration 1093 (MF = 107.294824)
	Number of nodes: 27919
	Number of allocated nodes: 28672
	Number of edges: 205965
	Maximum in degree: 585 (node 27517)
	Maximum out degree: 497 (node 7314)
	source 637 (node 7314) with out degree 497
	target 1010 (node 27517) with in degree 585

Execution time and memory used at after iteration 1094 (MF = 107.280961): 1.033612e+05 seconds, 397819904 bytes of memory usage, 784944 kB of memory peak and 1-04:42:50 elapsed time
Statistics on the network after iteration 1094 (MF = 107.280961)
	Number of nodes: 27919
	Number of allocated nodes: 28672
	Number of edges: 205965
	Maximum in degree: 585 (node 27517)
	Maximum out degree: 497 (node 7314)
	source 637 (node 7314) with out degree 497
	target 1010 (node 27517) with in degree 585

Execution time and memory used at after iteration 1095 (MF = 107.280961): 1.035801e+05 seconds, 397991936 bytes of memory usage, 784944 kB of memory peak and 1-04:46:29 elapsed time
Statistics on the network after iteration 1095 (MF = 107.280961)
	Number of nodes: 27919
	Number of allocated nodes: 28672
	Number of edges: 205965
	Maximum in degree: 585 (node 27517)
	Maximum out degree: 497 (node 7314)
	source 637 (node 7314) with out degree 497
	target 1010 (node 27517) with in degree 585

Execution time and memory used at after iteration 1096 (MF = 107.339187): 1.037896e+05 seconds, 398176256 bytes of memory usage, 784944 kB of memory peak and 1-04:49:58 elapsed time
Statistics on the network after iteration 1096 (MF = 107.339187)
	Number of nodes: 27919
	Number of allocated nodes: 28672
	Number of edges: 205965
	Maximum in degree: 585 (node 27517)
	Maximum out degree: 497 (node 7314)
	source 637 (node 7314) with out degree 497
	target 1010 (node 27517) with in degree 585

Execution time and memory used at after iteration 1097 (MF = 107.339187): 1.040088e+05 seconds, 398368768 bytes of memory usage, 784944 kB of memory peak and 1-04:53:38 elapsed time
Statistics on the network after iteration 1097 (MF = 107.339187)
	Number of nodes: 27919
	Number of allocated nodes: 28672
	Number of edges: 205965
	Maximum in degree: 585 (node 27517)
	Maximum out degree: 497 (node 7314)
	source 637 (node 7314) with out degree 497
	target 1010 (node 27517) with in degree 585

Execution time and memory used at after iteration 1098 (MF = 107.448244): 1.042230e+05 seconds, 398536704 bytes of memory usage, 784944 kB of memory peak and 1-04:57:12 elapsed time
Statistics on the network after iteration 1098 (MF = 107.448244)
	Number of nodes: 27919
	Number of allocated nodes: 28672
	Number of edges: 205965
	Maximum in degree: 585 (node 27517)
	Maximum out degree: 497 (node 7314)
	source 637 (node 7314) with out degree 497
	target 1010 (node 27517) with in degree 585

Execution time and memory used at after iteration 1099 (MF = 107.376155): 1.044374e+05 seconds, 398708736 bytes of memory usage, 784944 kB of memory peak and 1-05:00:46 elapsed time
Statistics on the network after iteration 1099 (MF = 107.376155)
	Number of nodes: 27919
	Number of allocated nodes: 28672
	Number of edges: 205965
	Maximum in degree: 585 (node 27517)
	Maximum out degree: 497 (node 7314)
	source 637 (node 7314) with out degree 497
	target 1010 (node 27517) with in degree 585

Execution time and memory used at after iteration 1100 (MF = 107.448244): 1.046557e+05 seconds, 398893056 bytes of memory usage, 785020 kB of memory peak and 1-05:04:24 elapsed time
Statistics on the network after iteration 1100 (MF = 107.448244)
	Number of nodes: 27919
	Number of allocated nodes: 28672
	Number of edges: 205965
	Maximum in degree: 585 (node 27517)
	Maximum out degree: 497 (node 7314)
	source 637 (node 7314) with out degree 497
	target 1010 (node 27517) with in degree 585

Execution time and memory used at after iteration 1101 (MF = 107.448244): 1.048713e+05 seconds, 399085568 bytes of memory usage, 785524 kB of memory peak and 1-05:08:00 elapsed time
Statistics on the network after iteration 1101 (MF = 107.448244)
	Number of nodes: 27919
	Number of allocated nodes: 28672
	Number of edges: 205965
	Maximum in degree: 585 (node 27517)
	Maximum out degree: 497 (node 7314)
	source 637 (node 7314) with out degree 497
	target 1010 (node 27517) with in degree 585

Execution time and memory used at after iteration 1102 (MF = 107.448244): 1.050913e+05 seconds, 399269888 bytes of memory usage, 786040 kB of memory peak and 1-05:11:40 elapsed time
Statistics on the network after iteration 1102 (MF = 107.448244)
	Number of nodes: 27919
	Number of allocated nodes: 28672
	Number of edges: 205965
	Maximum in degree: 585 (node 27517)
	Maximum out degree: 497 (node 7314)
	source 637 (node 7314) with out degree 497
	target 1010 (node 27517) with in degree 585

Execution time and memory used at after iteration 1103 (MF = 107.448244): 1.053076e+05 seconds, 399437824 bytes of memory usage, 786544 kB of memory peak and 1-05:15:16 elapsed time
Statistics on the network after iteration 1103 (MF = 107.448244)
	Number of nodes: 27919
	Number of allocated nodes: 28672
	Number of edges: 205965
	Maximum in degree: 585 (node 27517)
	Maximum out degree: 497 (node 7314)
	source 637 (node 7314) with out degree 497
	target 1010 (node 27517) with in degree 585

Execution time and memory used at after iteration 1104 (MF = 107.280961): 1.055269e+05 seconds, 399613952 bytes of memory usage, 787060 kB of memory peak and 1-05:18:56 elapsed time
Statistics on the network after iteration 1104 (MF = 107.280961)
	Number of nodes: 27919
	Number of allocated nodes: 28672
	Number of edges: 205965
	Maximum in degree: 585 (node 27517)
	Maximum out degree: 497 (node 7314)
	source 637 (node 7314) with out degree 497
	target 1010 (node 27517) with in degree 585

Execution time and memory used at after iteration 1105 (MF = 107.376155): 1.057479e+05 seconds, 399785984 bytes of memory usage, 787568 kB of memory peak and 1-05:22:37 elapsed time
Statistics on the network after iteration 1105 (MF = 107.376155)
	Number of nodes: 27919
	Number of allocated nodes: 28672
	Number of edges: 205965
	Maximum in degree: 585 (node 27517)
	Maximum out degree: 497 (node 7314)
	source 637 (node 7314) with out degree 497
	target 1010 (node 27517) with in degree 585

Execution time and memory used at after iteration 1106 (MF = 107.280961): 1.059699e+05 seconds, 399970304 bytes of memory usage, 788068 kB of memory peak and 1-05:26:19 elapsed time
Statistics on the network after iteration 1106 (MF = 107.280961)
	Number of nodes: 27919
	Number of allocated nodes: 28672
	Number of edges: 205965
	Maximum in degree: 585 (node 27517)
	Maximum out degree: 497 (node 7314)
	source 637 (node 7314) with out degree 497
	target 1010 (node 27517) with in degree 585

Execution time and memory used at after iteration 1107 (MF = 107.376155): 1.061962e+05 seconds, 400158720 bytes of memory usage, 788588 kB of memory peak and 1-05:30:05 elapsed time
Statistics on the network after iteration 1107 (MF = 107.376155)
	Number of nodes: 27919
	Number of allocated nodes: 28672
	Number of edges: 205965
	Maximum in degree: 585 (node 27517)
	Maximum out degree: 497 (node 7314)
	source 637 (node 7314) with out degree 497
	target 1010 (node 27517) with in degree 585

Execution time and memory used at after iteration 1108 (MF = 107.376155): 1.064216e+05 seconds, 400330752 bytes of memory usage, 789088 kB of memory peak and 1-05:33:50 elapsed time
Statistics on the network after iteration 1108 (MF = 107.376155)
	Number of nodes: 27919
	Number of allocated nodes: 28672
	Number of edges: 205965
	Maximum in degree: 585 (node 27517)
	Maximum out degree: 497 (node 7314)
	source 637 (node 7314) with out degree 497
	target 1010 (node 27517) with in degree 585

Execution time and memory used at after iteration 1109 (MF = 107.376155): 1.066569e+05 seconds, 400506880 bytes of memory usage, 789596 kB of memory peak and 1-05:37:46 elapsed time
Statistics on the network after iteration 1109 (MF = 107.376155)
	Number of nodes: 27919
	Number of allocated nodes: 28672
	Number of edges: 205965
	Maximum in degree: 585 (node 27517)
	Maximum out degree: 497 (node 7314)
	source 637 (node 7314) with out degree 497
	target 1010 (node 27517) with in degree 585

Execution time and memory used at after iteration 1110 (MF = 107.280961): 1.068824e+05 seconds, 400683008 bytes of memory usage, 790108 kB of memory peak and 1-05:41:31 elapsed time
Statistics on the network after iteration 1110 (MF = 107.280961)
	Number of nodes: 27919
	Number of allocated nodes: 28672
	Number of edges: 205965
	Maximum in degree: 585 (node 27517)
	Maximum out degree: 497 (node 7314)
	source 637 (node 7314) with out degree 497
	target 1010 (node 27517) with in degree 585

Execution time and memory used at after iteration 1111 (MF = 107.280961): 1.071125e+05 seconds, 400859136 bytes of memory usage, 790632 kB of memory peak and 1-05:45:21 elapsed time
Statistics on the network after iteration 1111 (MF = 107.280961)
	Number of nodes: 27919
	Number of allocated nodes: 28672
	Number of edges: 205965
	Maximum in degree: 585 (node 27517)
	Maximum out degree: 497 (node 7314)
	source 637 (node 7314) with out degree 497
	target 1010 (node 27517) with in degree 585

Execution time and memory used at after iteration 1112 (MF = 107.339187): 1.073383e+05 seconds, 401039360 bytes of memory usage, 791132 kB of memory peak and 1-05:49:07 elapsed time
Statistics on the network after iteration 1112 (MF = 107.339187)
	Number of nodes: 27919
	Number of allocated nodes: 28672
	Number of edges: 205965
	Maximum in degree: 585 (node 27517)
	Maximum out degree: 497 (node 7314)
	source 637 (node 7314) with out degree 497
	target 1010 (node 27517) with in degree 585

Execution time and memory used at after iteration 1113 (MF = 107.339187): 1.075703e+05 seconds, 401215488 bytes of memory usage, 791624 kB of memory peak and 1-05:52:59 elapsed time
Statistics on the network after iteration 1113 (MF = 107.339187)
	Number of nodes: 27919
	Number of allocated nodes: 28672
	Number of edges: 205965
	Maximum in degree: 585 (node 27517)
	Maximum out degree: 497 (node 7314)
	source 637 (node 7314) with out degree 497
	target 1010 (node 27517) with in degree 585

Execution time and memory used at after iteration 1114 (MF = 107.339187): 1.078007e+05 seconds, 401399808 bytes of memory usage, 792148 kB of memory peak and 1-05:56:49 elapsed time
Statistics on the network after iteration 1114 (MF = 107.339187)
	Number of nodes: 27919
	Number of allocated nodes: 28672
	Number of edges: 205965
	Maximum in degree: 585 (node 27517)
	Maximum out degree: 497 (node 7314)
	source 637 (node 7314) with out degree 497
	target 1010 (node 27517) with in degree 585

Execution time and memory used at after iteration 1115 (MF = 107.339187): 1.080338e+05 seconds, 401575936 bytes of memory usage, 792668 kB of memory peak and 1-06:00:43 elapsed time
Statistics on the network after iteration 1115 (MF = 107.339187)
	Number of nodes: 27919
	Number of allocated nodes: 28672
	Number of edges: 205965
	Maximum in degree: 585 (node 27517)
	Maximum out degree: 497 (node 7314)
	source 637 (node 7314) with out degree 497
	target 1010 (node 27517) with in degree 585

Execution time and memory used at after iteration 1116 (MF = 107.339187): 1.082685e+05 seconds, 401756160 bytes of memory usage, 793176 kB of memory peak and 1-06:04:37 elapsed time
Statistics on the network after iteration 1116 (MF = 107.339187)
	Number of nodes: 27919
	Number of allocated nodes: 28672
	Number of edges: 205965
	Maximum in degree: 585 (node 27517)
	Maximum out degree: 497 (node 7314)
	source 637 (node 7314) with out degree 497
	target 1010 (node 27517) with in degree 585

Execution time and memory used at after iteration 1117 (MF = 107.339187): 1.085072e+05 seconds, 401932288 bytes of memory usage, 793684 kB of memory peak and 1-06:08:36 elapsed time
Statistics on the network after iteration 1117 (MF = 107.339187)
	Number of nodes: 27919
	Number of allocated nodes: 28672
	Number of edges: 205965
	Maximum in degree: 585 (node 27517)
	Maximum out degree: 497 (node 7314)
	source 637 (node 7314) with out degree 497
	target 1010 (node 27517) with in degree 585

Execution time and memory used at after iteration 1118 (MF = 107.411275): 1.087474e+05 seconds, 402108416 bytes of memory usage, 799828 kB of memory peak and 1-06:12:36 elapsed time
Statistics on the network after iteration 1118 (MF = 107.411275)
	Number of nodes: 27919
	Number of allocated nodes: 28672
	Number of edges: 205965
	Maximum in degree: 585 (node 27517)
	Maximum out degree: 497 (node 7314)
	source 637 (node 7314) with out degree 497
	target 1010 (node 27517) with in degree 585

Execution time and memory used at after iteration 1119 (MF = 107.339187): 1.089847e+05 seconds, 402300928 bytes of memory usage, 799828 kB of memory peak and 1-06:16:33 elapsed time
Statistics on the network after iteration 1119 (MF = 107.339187)
	Number of nodes: 27919
	Number of allocated nodes: 28672
	Number of edges: 205965
	Maximum in degree: 585 (node 27517)
	Maximum out degree: 497 (node 7314)
	source 637 (node 7314) with out degree 497
	target 1010 (node 27517) with in degree 585

Execution time and memory used at after iteration 1120 (MF = 107.339187): 1.092321e+05 seconds, 402485248 bytes of memory usage, 800044 kB of memory peak and 1-06:20:41 elapsed time
Statistics on the network after iteration 1120 (MF = 107.339187)
	Number of nodes: 27919
	Number of allocated nodes: 28672
	Number of edges: 205965
	Maximum in degree: 585 (node 27517)
	Maximum out degree: 497 (node 7314)
	source 637 (node 7314) with out degree 497
	target 1010 (node 27517) with in degree 585

Execution time and memory used at after iteration 1121 (MF = 107.339187): 1.094680e+05 seconds, 402653184 bytes of memory usage, 800560 kB of memory peak and 1-06:24:37 elapsed time
Statistics on the network after iteration 1121 (MF = 107.339187)
	Number of nodes: 27919
	Number of allocated nodes: 28672
	Number of edges: 205965
	Maximum in degree: 585 (node 27517)
	Maximum out degree: 497 (node 7314)
	source 637 (node 7314) with out degree 497
	target 1010 (node 27517) with in degree 585

Execution time and memory used at after iteration 1122 (MF = 107.339187): 1.097066e+05 seconds, 402829312 bytes of memory usage, 801060 kB of memory peak and 1-06:28:35 elapsed time
Statistics on the network after iteration 1122 (MF = 107.339187)
	Number of nodes: 27919
	Number of allocated nodes: 28672
	Number of edges: 205965
	Maximum in degree: 585 (node 27517)
	Maximum out degree: 497 (node 7314)
	source 637 (node 7314) with out degree 497
	target 1010 (node 27517) with in degree 585

Execution time and memory used at after iteration 1123 (MF = 107.411275): 1.099579e+05 seconds, 403021824 bytes of memory usage, 801572 kB of memory peak and 1-06:32:47 elapsed time
Statistics on the network after iteration 1123 (MF = 107.411275)
	Number of nodes: 27919
	Number of allocated nodes: 28672
	Number of edges: 205965
	Maximum in degree: 585 (node 27517)
	Maximum out degree: 497 (node 7314)
	source 637 (node 7314) with out degree 497
	target 1010 (node 27517) with in degree 585

Execution time and memory used at after iteration 1124 (MF = 107.434381): 1.102042e+05 seconds, 403189760 bytes of memory usage, 802080 kB of memory peak and 1-06:36:53 elapsed time
Statistics on the network after iteration 1124 (MF = 107.434381)
	Number of nodes: 27919
	Number of allocated nodes: 28672
	Number of edges: 205965
	Maximum in degree: 585 (node 27517)
	Maximum out degree: 497 (node 7314)
	source 637 (node 7314) with out degree 497
	target 1010 (node 27517) with in degree 585

Execution time and memory used at after iteration 1125 (MF = 107.434381): 1.104805e+05 seconds, 403365888 bytes of memory usage, 802592 kB of memory peak and 1-06:41:29 elapsed time
Statistics on the network after iteration 1125 (MF = 107.434381)
	Number of nodes: 27919
	Number of allocated nodes: 28672
	Number of edges: 205965
	Maximum in degree: 585 (node 27517)
	Maximum out degree: 497 (node 7314)
	source 637 (node 7314) with out degree 497
	target 1010 (node 27517) with in degree 585

Execution time and memory used at after iteration 1126 (MF = 107.434381): 1.107253e+05 seconds, 403550208 bytes of memory usage, 803100 kB of memory peak and 1-06:45:34 elapsed time
Statistics on the network after iteration 1126 (MF = 107.434381)
	Number of nodes: 27919
	Number of allocated nodes: 28672
	Number of edges: 205965
	Maximum in degree: 585 (node 27517)
	Maximum out degree: 497 (node 7314)
	source 637 (node 7314) with out degree 497
	target 1010 (node 27517) with in degree 585

Execution time and memory used at after iteration 1127 (MF = 107.376155): 1.109684e+05 seconds, 403730432 bytes of memory usage, 803616 kB of memory peak and 1-06:49:37 elapsed time
Statistics on the network after iteration 1127 (MF = 107.376155)
	Number of nodes: 27919
	Number of allocated nodes: 28672
	Number of edges: 205965
	Maximum in degree: 585 (node 27517)
	Maximum out degree: 497 (node 7314)
	source 637 (node 7314) with out degree 497
	target 1010 (node 27517) with in degree 585

Execution time and memory used at after iteration 1128 (MF = 107.280961): 1.112212e+05 seconds, 403898368 bytes of memory usage, 804124 kB of memory peak and 1-06:53:50 elapsed time
Statistics on the network after iteration 1128 (MF = 107.280961)
	Number of nodes: 27919
	Number of allocated nodes: 28672
	Number of edges: 205965
	Maximum in degree: 585 (node 27517)
	Maximum out degree: 497 (node 7314)
	source 637 (node 7314) with out degree 497
	target 1010 (node 27517) with in degree 585

Execution time and memory used at after iteration 1129 (MF = 107.376155): 1.114671e+05 seconds, 404082688 bytes of memory usage, 804640 kB of memory peak and 1-06:57:56 elapsed time
Statistics on the network after iteration 1129 (MF = 107.376155)
	Number of nodes: 27919
	Number of allocated nodes: 28672
	Number of edges: 205965
	Maximum in degree: 585 (node 27517)
	Maximum out degree: 497 (node 7314)
	source 637 (node 7314) with out degree 497
	target 1010 (node 27517) with in degree 585

Execution time and memory used at after iteration 1130 (MF = 107.280961): 1.117134e+05 seconds, 404258816 bytes of memory usage, 805152 kB of memory peak and 1-07:02:02 elapsed time
Statistics on the network after iteration 1130 (MF = 107.280961)
	Number of nodes: 27919
	Number of allocated nodes: 28672
	Number of edges: 205965
	Maximum in degree: 585 (node 27517)
	Maximum out degree: 497 (node 7314)
	source 637 (node 7314) with out degree 497
	target 1010 (node 27517) with in degree 585

Execution time and memory used at after iteration 1131 (MF = 107.376155): 1.119662e+05 seconds, 404439040 bytes of memory usage, 805668 kB of memory peak and 1-07:06:15 elapsed time
Statistics on the network after iteration 1131 (MF = 107.376155)
	Number of nodes: 27919
	Number of allocated nodes: 28672
	Number of edges: 205965
	Maximum in degree: 585 (node 27517)
	Maximum out degree: 497 (node 7314)
	source 637 (node 7314) with out degree 497
	target 1010 (node 27517) with in degree 585

Execution time and memory used at after iteration 1132 (MF = 107.280961): 1.122149e+05 seconds, 404615168 bytes of memory usage, 806168 kB of memory peak and 1-07:10:24 elapsed time
Statistics on the network after iteration 1132 (MF = 107.280961)
	Number of nodes: 27919
	Number of allocated nodes: 28672
	Number of edges: 205965
	Maximum in degree: 585 (node 27517)
	Maximum out degree: 497 (node 7314)
	source 637 (node 7314) with out degree 497
	target 1010 (node 27517) with in degree 585

Execution time and memory used at after iteration 1133 (MF = 107.376155): 1.124610e+05 seconds, 404799488 bytes of memory usage, 806700 kB of memory peak and 1-07:14:30 elapsed time
Statistics on the network after iteration 1133 (MF = 107.376155)
	Number of nodes: 27919
	Number of allocated nodes: 28672
	Number of edges: 205965
	Maximum in degree: 585 (node 27517)
	Maximum out degree: 497 (node 7314)
	source 637 (node 7314) with out degree 497
	target 1010 (node 27517) with in degree 585

Execution time and memory used at after iteration 1134 (MF = 107.353050): 1.127067e+05 seconds, 404983808 bytes of memory usage, 807196 kB of memory peak and 1-07:18:36 elapsed time
Statistics on the network after iteration 1134 (MF = 107.353050)
	Number of nodes: 27919
	Number of allocated nodes: 28672
	Number of edges: 205965
	Maximum in degree: 585 (node 27517)
	Maximum out degree: 497 (node 7314)
	source 637 (node 7314) with out degree 497
	target 1010 (node 27517) with in degree 585

Execution time and memory used at after iteration 1135 (MF = 107.376155): 1.129560e+05 seconds, 405164032 bytes of memory usage, 807712 kB of memory peak and 1-07:22:45 elapsed time
Statistics on the network after iteration 1135 (MF = 107.376155)
	Number of nodes: 27919
	Number of allocated nodes: 28672
	Number of edges: 205965
	Maximum in degree: 585 (node 27517)
	Maximum out degree: 497 (node 7314)
	source 637 (node 7314) with out degree 497
	target 1010 (node 27517) with in degree 585

Execution time and memory used at after iteration 1136 (MF = 107.339187): 1.132058e+05 seconds, 405340160 bytes of memory usage, 808228 kB of memory peak and 1-07:26:55 elapsed time
Statistics on the network after iteration 1136 (MF = 107.339187)
	Number of nodes: 27919
	Number of allocated nodes: 28672
	Number of edges: 205965
	Maximum in degree: 585 (node 27517)
	Maximum out degree: 497 (node 7314)
	source 637 (node 7314) with out degree 497
	target 1010 (node 27517) with in degree 585

Execution time and memory used at after iteration 1137 (MF = 107.339187): 1.134525e+05 seconds, 405524480 bytes of memory usage, 808744 kB of memory peak and 1-07:31:02 elapsed time
Statistics on the network after iteration 1137 (MF = 107.339187)
	Number of nodes: 27919
	Number of allocated nodes: 28672
	Number of edges: 205965
	Maximum in degree: 585 (node 27517)
	Maximum out degree: 497 (node 7314)
	source 637 (node 7314) with out degree 497
	target 1010 (node 27517) with in degree 585

Execution time and memory used at after iteration 1138 (MF = 107.339187): 1.136990e+05 seconds, 405700608 bytes of memory usage, 809252 kB of memory peak and 1-07:35:08 elapsed time
Statistics on the network after iteration 1138 (MF = 107.339187)
	Number of nodes: 27919
	Number of allocated nodes: 28672
	Number of edges: 205965
	Maximum in degree: 585 (node 27517)
	Maximum out degree: 497 (node 7314)
	source 637 (node 7314) with out degree 497
	target 1010 (node 27517) with in degree 585

Execution time and memory used at after iteration 1139 (MF = 107.339187): 1.139459e+05 seconds, 405884928 bytes of memory usage, 809772 kB of memory peak and 1-07:39:15 elapsed time
Statistics on the network after iteration 1139 (MF = 107.339187)
	Number of nodes: 27919
	Number of allocated nodes: 28672
	Number of edges: 205965
	Maximum in degree: 585 (node 27517)
	Maximum out degree: 497 (node 7314)
	source 637 (node 7314) with out degree 497
	target 1010 (node 27517) with in degree 585

Execution time and memory used at after iteration 1140 (MF = 107.339187): 1.141962e+05 seconds, 406052864 bytes of memory usage, 810280 kB of memory peak and 1-07:43:25 elapsed time
Statistics on the network after iteration 1140 (MF = 107.339187)
	Number of nodes: 27919
	Number of allocated nodes: 28672
	Number of edges: 205965
	Maximum in degree: 585 (node 27517)
	Maximum out degree: 497 (node 7314)
	source 637 (node 7314) with out degree 497
	target 1010 (node 27517) with in degree 585

Execution time and memory used at after iteration 1141 (MF = 107.339187): 1.144439e+05 seconds, 406237184 bytes of memory usage, 810792 kB of memory peak and 1-07:47:33 elapsed time
Statistics on the network after iteration 1141 (MF = 107.339187)
	Number of nodes: 27919
	Number of allocated nodes: 28672
	Number of edges: 205965
	Maximum in degree: 585 (node 27517)
	Maximum out degree: 497 (node 7314)
	source 637 (node 7314) with out degree 497
	target 1010 (node 27517) with in degree 585

Execution time and memory used at after iteration 1142 (MF = 107.339187): 1.146918e+05 seconds, 406421504 bytes of memory usage, 811292 kB of memory peak and 1-07:51:41 elapsed time
Statistics on the network after iteration 1142 (MF = 107.339187)
	Number of nodes: 27919
	Number of allocated nodes: 28672
	Number of edges: 205965
	Maximum in degree: 585 (node 27517)
	Maximum out degree: 497 (node 7314)
	source 637 (node 7314) with out degree 497
	target 1010 (node 27517) with in degree 585

Execution time and memory used at after iteration 1143 (MF = 107.339187): 1.149419e+05 seconds, 406601728 bytes of memory usage, 811816 kB of memory peak and 1-07:55:51 elapsed time
Statistics on the network after iteration 1143 (MF = 107.339187)
	Number of nodes: 27919
	Number of allocated nodes: 28672
	Number of edges: 205965
	Maximum in degree: 585 (node 27517)
	Maximum out degree: 497 (node 7314)
	source 637 (node 7314) with out degree 497
	target 1010 (node 27517) with in degree 585

Execution time and memory used at after iteration 1144 (MF = 107.411275): 1.151961e+05 seconds, 406786048 bytes of memory usage, 812332 kB of memory peak and 1-08:00:05 elapsed time
Statistics on the network after iteration 1144 (MF = 107.411275)
	Number of nodes: 27919
	Number of allocated nodes: 28672
	Number of edges: 205965
	Maximum in degree: 585 (node 27517)
	Maximum out degree: 497 (node 7314)
	source 637 (node 7314) with out degree 497
	target 1010 (node 27517) with in degree 585

Execution time and memory used at after iteration 1145 (MF = 107.411275): 1.154551e+05 seconds, 406962176 bytes of memory usage, 812844 kB of memory peak and 1-08:04:24 elapsed time
Statistics on the network after iteration 1145 (MF = 107.411275)
	Number of nodes: 27919
	Number of allocated nodes: 28672
	Number of edges: 205965
	Maximum in degree: 585 (node 27517)
	Maximum out degree: 497 (node 7314)
	source 637 (node 7314) with out degree 497
	target 1010 (node 27517) with in degree 585

Execution time and memory used at after iteration 1146 (MF = 107.280961): 1.157042e+05 seconds, 407142400 bytes of memory usage, 813368 kB of memory peak and 1-08:08:33 elapsed time
Statistics on the network after iteration 1146 (MF = 107.280961)
	Number of nodes: 27919
	Number of allocated nodes: 28672
	Number of edges: 205965
	Maximum in degree: 585 (node 27517)
	Maximum out degree: 497 (node 7314)
	source 637 (node 7314) with out degree 497
	target 1010 (node 27517) with in degree 585

Execution time and memory used at after iteration 1147 (MF = 107.280961): 1.159542e+05 seconds, 407322624 bytes of memory usage, 813872 kB of memory peak and 1-08:12:43 elapsed time
Statistics on the network after iteration 1147 (MF = 107.280961)
	Number of nodes: 27919
	Number of allocated nodes: 28672
	Number of edges: 205965
	Maximum in degree: 585 (node 27517)
	Maximum out degree: 497 (node 7314)
	source 637 (node 7314) with out degree 497
	target 1010 (node 27517) with in degree 585

Execution time and memory used at after iteration 1148 (MF = 107.280961): 1.162034e+05 seconds, 407498752 bytes of memory usage, 814388 kB of memory peak and 1-08:16:53 elapsed time
Statistics on the network after iteration 1148 (MF = 107.280961)
	Number of nodes: 27919
	Number of allocated nodes: 28672
	Number of edges: 205965
	Maximum in degree: 585 (node 27517)
	Maximum out degree: 497 (node 7314)
	source 637 (node 7314) with out degree 497
	target 1010 (node 27517) with in degree 585

Execution time and memory used at after iteration 1149 (MF = 107.280961): 1.164602e+05 seconds, 407674880 bytes of memory usage, 814888 kB of memory peak and 1-08:21:09 elapsed time
Statistics on the network after iteration 1149 (MF = 107.280961)
	Number of nodes: 27919
	Number of allocated nodes: 28672
	Number of edges: 205965
	Maximum in degree: 585 (node 27517)
	Maximum out degree: 497 (node 7314)
	source 637 (node 7314) with out degree 497
	target 1010 (node 27517) with in degree 585

Execution time and memory used at after iteration 1150 (MF = 107.280961): 1.167097e+05 seconds, 407859200 bytes of memory usage, 815404 kB of memory peak and 1-08:25:19 elapsed time
Statistics on the network after iteration 1150 (MF = 107.280961)
	Number of nodes: 27919
	Number of allocated nodes: 28672
	Number of edges: 205965
	Maximum in degree: 585 (node 27517)
	Maximum out degree: 497 (node 7314)
	source 637 (node 7314) with out degree 497
	target 1010 (node 27517) with in degree 585

Execution time and memory used at after iteration 1151 (MF = 107.280961): 1.169614e+05 seconds, 408023040 bytes of memory usage, 815912 kB of memory peak and 1-08:29:31 elapsed time
Statistics on the network after iteration 1151 (MF = 107.280961)
	Number of nodes: 27919
	Number of allocated nodes: 28672
	Number of edges: 205965
	Maximum in degree: 585 (node 27517)
	Maximum out degree: 497 (node 7314)
	source 637 (node 7314) with out degree 497
	target 1010 (node 27517) with in degree 585

Execution time and memory used at after iteration 1152 (MF = 107.280961): 1.172152e+05 seconds, 408207360 bytes of memory usage, 816424 kB of memory peak and 1-08:33:44 elapsed time
Statistics on the network after iteration 1152 (MF = 107.280961)
	Number of nodes: 27919
	Number of allocated nodes: 28672
	Number of edges: 205965
	Maximum in degree: 585 (node 27517)
	Maximum out degree: 497 (node 7314)
	source 637 (node 7314) with out degree 497
	target 1010 (node 27517) with in degree 585

Execution time and memory used at after iteration 1153 (MF = 107.280961): 1.174652e+05 seconds, 408391680 bytes of memory usage, 816932 kB of memory peak and 1-08:37:55 elapsed time
Statistics on the network after iteration 1153 (MF = 107.280961)
	Number of nodes: 27919
	Number of allocated nodes: 28672
	Number of edges: 205965
	Maximum in degree: 585 (node 27517)
	Maximum out degree: 497 (node 7314)
	source 637 (node 7314) with out degree 497
	target 1010 (node 27517) with in degree 585

Execution time and memory used at after iteration 1154 (MF = 107.280961): 1.177170e+05 seconds, 408567808 bytes of memory usage, 817440 kB of memory peak and 1-08:42:06 elapsed time
Statistics on the network after iteration 1154 (MF = 107.280961)
	Number of nodes: 27919
	Number of allocated nodes: 28672
	Number of edges: 205965
	Maximum in degree: 585 (node 27517)
	Maximum out degree: 497 (node 7314)
	source 637 (node 7314) with out degree 497
	target 1010 (node 27517) with in degree 585

Execution time and memory used at after iteration 1155 (MF = 107.280961): 1.179718e+05 seconds, 408739840 bytes of memory usage, 817948 kB of memory peak and 1-08:46:21 elapsed time
Statistics on the network after iteration 1155 (MF = 107.280961)
	Number of nodes: 27919
	Number of allocated nodes: 28672
	Number of edges: 205965
	Maximum in degree: 585 (node 27517)
	Maximum out degree: 497 (node 7314)
	source 637 (node 7314) with out degree 497
	target 1010 (node 27517) with in degree 585

Execution time and memory used at after iteration 1156 (MF = 107.280961): 1.182231e+05 seconds, 408928256 bytes of memory usage, 818468 kB of memory peak and 1-08:50:32 elapsed time
Statistics on the network after iteration 1156 (MF = 107.280961)
	Number of nodes: 27919
	Number of allocated nodes: 28672
	Number of edges: 205965
	Maximum in degree: 585 (node 27517)
	Maximum out degree: 497 (node 7314)
	source 637 (node 7314) with out degree 497
	target 1010 (node 27517) with in degree 585

Execution time and memory used at after iteration 1157 (MF = 107.280961): 1.184882e+05 seconds, 409104384 bytes of memory usage, 818960 kB of memory peak and 1-08:54:58 elapsed time
Statistics on the network after iteration 1157 (MF = 107.280961)
	Number of nodes: 27919
	Number of allocated nodes: 28672
	Number of edges: 205965
	Maximum in degree: 585 (node 27517)
	Maximum out degree: 497 (node 7314)
	source 637 (node 7314) with out degree 497
	target 1010 (node 27517) with in degree 585

Execution time and memory used at after iteration 1158 (MF = 107.339187): 1.187456e+05 seconds, 409276416 bytes of memory usage, 819484 kB of memory peak and 1-08:59:15 elapsed time
Statistics on the network after iteration 1158 (MF = 107.339187)
	Number of nodes: 27919
	Number of allocated nodes: 28672
	Number of edges: 205965
	Maximum in degree: 585 (node 27517)
	Maximum out degree: 497 (node 7314)
	source 637 (node 7314) with out degree 497
	target 1010 (node 27517) with in degree 585

Execution time and memory used at after iteration 1159 (MF = 107.339187): 1.189971e+05 seconds, 409460736 bytes of memory usage, 820012 kB of memory peak and 1-09:03:26 elapsed time
Statistics on the network after iteration 1159 (MF = 107.339187)
	Number of nodes: 27919
	Number of allocated nodes: 28672
	Number of edges: 205965
	Maximum in degree: 585 (node 27517)
	Maximum out degree: 497 (node 7314)
	source 637 (node 7314) with out degree 497
	target 1010 (node 27517) with in degree 585

Execution time and memory used at after iteration 1160 (MF = 107.339187): 1.192489e+05 seconds, 409645056 bytes of memory usage, 820520 kB of memory peak and 1-09:07:38 elapsed time
Statistics on the network after iteration 1160 (MF = 107.339187)
	Number of nodes: 27919
	Number of allocated nodes: 28672
	Number of edges: 205965
	Maximum in degree: 585 (node 27517)
	Maximum out degree: 497 (node 7314)
	source 637 (node 7314) with out degree 497
	target 1010 (node 27517) with in degree 585

Execution time and memory used at after iteration 1161 (MF = 107.339187): 1.195144e+05 seconds, 409829376 bytes of memory usage, 820520 kB of memory peak and 1-09:12:04 elapsed time
Statistics on the network after iteration 1161 (MF = 107.339187)
	Number of nodes: 27919
	Number of allocated nodes: 28672
	Number of edges: 205965
	Maximum in degree: 585 (node 27517)
	Maximum out degree: 497 (node 7314)
	source 637 (node 7314) with out degree 497
	target 1010 (node 27517) with in degree 585

Execution time and memory used at after iteration 1162 (MF = 107.339187): 1.197692e+05 seconds, 410005504 bytes of memory usage, 820520 kB of memory peak and 1-09:16:19 elapsed time
Statistics on the network after iteration 1162 (MF = 107.339187)
	Number of nodes: 27919
	Number of allocated nodes: 28672
	Number of edges: 205965
	Maximum in degree: 585 (node 27517)
	Maximum out degree: 497 (node 7314)
	source 637 (node 7314) with out degree 497
	target 1010 (node 27517) with in degree 585

Execution time and memory used at after iteration 1163 (MF = 107.339187): 1.200229e+05 seconds, 410189824 bytes of memory usage, 820520 kB of memory peak and 1-09:20:32 elapsed time
Statistics on the network after iteration 1163 (MF = 107.339187)
	Number of nodes: 27919
	Number of allocated nodes: 28672
	Number of edges: 205965
	Maximum in degree: 585 (node 27517)
	Maximum out degree: 497 (node 7314)
	source 637 (node 7314) with out degree 497
	target 1010 (node 27517) with in degree 585

Execution time and memory used at after iteration 1164 (MF = 107.339187): 1.202779e+05 seconds, 410382336 bytes of memory usage, 820520 kB of memory peak and 1-09:24:47 elapsed time
Statistics on the network after iteration 1164 (MF = 107.339187)
	Number of nodes: 27919
	Number of allocated nodes: 28672
	Number of edges: 205965
	Maximum in degree: 585 (node 27517)
	Maximum out degree: 497 (node 7314)
	source 637 (node 7314) with out degree 497
	target 1010 (node 27517) with in degree 585

Execution time and memory used at after iteration 1165 (MF = 107.339187): 1.205321e+05 seconds, 410550272 bytes of memory usage, 820520 kB of memory peak and 1-09:29:02 elapsed time
Statistics on the network after iteration 1165 (MF = 107.339187)
	Number of nodes: 27919
	Number of allocated nodes: 28672
	Number of edges: 205965
	Maximum in degree: 585 (node 27517)
	Maximum out degree: 497 (node 7314)
	source 637 (node 7314) with out degree 497
	target 1010 (node 27517) with in degree 585

Execution time and memory used at after iteration 1166 (MF = 107.339187): 1.207980e+05 seconds, 410734592 bytes of memory usage, 820520 kB of memory peak and 1-09:33:27 elapsed time
Statistics on the network after iteration 1166 (MF = 107.339187)
	Number of nodes: 27919
	Number of allocated nodes: 28672
	Number of edges: 205965
	Maximum in degree: 585 (node 27517)
	Maximum out degree: 497 (node 7314)
	source 637 (node 7314) with out degree 497
	target 1010 (node 27517) with in degree 585

Execution time and memory used at after iteration 1167 (MF = 107.339187): 1.210536e+05 seconds, 410918912 bytes of memory usage, 820520 kB of memory peak and 1-09:37:43 elapsed time
Statistics on the network after iteration 1167 (MF = 107.339187)
	Number of nodes: 27919
	Number of allocated nodes: 28672
	Number of edges: 205965
	Maximum in degree: 585 (node 27517)
	Maximum out degree: 497 (node 7314)
	source 637 (node 7314) with out degree 497
	target 1010 (node 27517) with in degree 585

Execution time and memory used at after iteration 1168 (MF = 107.339187): 1.213225e+05 seconds, 411095040 bytes of memory usage, 820640 kB of memory peak and 1-09:42:12 elapsed time
Statistics on the network after iteration 1168 (MF = 107.339187)
	Number of nodes: 27919
	Number of allocated nodes: 28672
	Number of edges: 205965
	Maximum in degree: 585 (node 27517)
	Maximum out degree: 497 (node 7314)
	source 637 (node 7314) with out degree 497
	target 1010 (node 27517) with in degree 585

Execution time and memory used at after iteration 1169 (MF = 107.339187): 1.215822e+05 seconds, 411267072 bytes of memory usage, 821148 kB of memory peak and 1-09:46:32 elapsed time
Statistics on the network after iteration 1169 (MF = 107.339187)
	Number of nodes: 27919
	Number of allocated nodes: 28672
	Number of edges: 205965
	Maximum in degree: 585 (node 27517)
	Maximum out degree: 497 (node 7314)
	source 637 (node 7314) with out degree 497
	target 1010 (node 27517) with in degree 585

Execution time and memory used at after iteration 1170 (MF = 107.339187): 1.218416e+05 seconds, 411455488 bytes of memory usage, 821148 kB of memory peak and 1-09:50:51 elapsed time
Statistics on the network after iteration 1170 (MF = 107.339187)
	Number of nodes: 27919
	Number of allocated nodes: 28672
	Number of edges: 205965
	Maximum in degree: 585 (node 27517)
	Maximum out degree: 497 (node 7314)
	source 637 (node 7314) with out degree 497
	target 1010 (node 27517) with in degree 585

Execution time and memory used at after iteration 1171 (MF = 107.339187): 1.221019e+05 seconds, 411631616 bytes of memory usage, 821356 kB of memory peak and 1-09:55:11 elapsed time
Statistics on the network after iteration 1171 (MF = 107.339187)
	Number of nodes: 27919
	Number of allocated nodes: 28672
	Number of edges: 205965
	Maximum in degree: 585 (node 27517)
	Maximum out degree: 497 (node 7314)
	source 637 (node 7314) with out degree 497
	target 1010 (node 27517) with in degree 585

Execution time and memory used at after iteration 1172 (MF = 107.339187): 1.223626e+05 seconds, 411807744 bytes of memory usage, 821872 kB of memory peak and 1-09:59:32 elapsed time
Statistics on the network after iteration 1172 (MF = 107.339187)
	Number of nodes: 27919
	Number of allocated nodes: 28672
	Number of edges: 205965
	Maximum in degree: 585 (node 27517)
	Maximum out degree: 497 (node 7314)
	source 637 (node 7314) with out degree 497
	target 1010 (node 27517) with in degree 585

Execution time and memory used at after iteration 1173 (MF = 107.411275): 1.226223e+05 seconds, 411987968 bytes of memory usage, 822396 kB of memory peak and 1-10:03:52 elapsed time
Statistics on the network after iteration 1173 (MF = 107.411275)
	Number of nodes: 27919
	Number of allocated nodes: 28672
	Number of edges: 205965
	Maximum in degree: 585 (node 27517)
	Maximum out degree: 497 (node 7314)
	source 637 (node 7314) with out degree 497
	target 1010 (node 27517) with in degree 585

Execution time and memory used at after iteration 1174 (MF = 107.411275): 1.228827e+05 seconds, 412176384 bytes of memory usage, 822900 kB of memory peak and 1-10:08:12 elapsed time
Statistics on the network after iteration 1174 (MF = 107.411275)
	Number of nodes: 27919
	Number of allocated nodes: 28672
	Number of edges: 205965
	Maximum in degree: 585 (node 27517)
	Maximum out degree: 497 (node 7314)
	source 637 (node 7314) with out degree 497
	target 1010 (node 27517) with in degree 585

Execution time and memory used at after iteration 1175 (MF = 107.280961): 1.231489e+05 seconds, 412348416 bytes of memory usage, 823424 kB of memory peak and 1-10:12:39 elapsed time
Statistics on the network after iteration 1175 (MF = 107.280961)
	Number of nodes: 27919
	Number of allocated nodes: 28672
	Number of edges: 205965
	Maximum in degree: 585 (node 27517)
	Maximum out degree: 497 (node 7314)
	source 637 (node 7314) with out degree 497
	target 1010 (node 27517) with in degree 585

Execution time and memory used at after iteration 1176 (MF = 107.280961): 1.234130e+05 seconds, 412524544 bytes of memory usage, 823932 kB of memory peak and 1-10:17:03 elapsed time
Statistics on the network after iteration 1176 (MF = 107.280961)
	Number of nodes: 27919
	Number of allocated nodes: 28672
	Number of edges: 205965
	Maximum in degree: 585 (node 27517)
	Maximum out degree: 497 (node 7314)
	source 637 (node 7314) with out degree 497
	target 1010 (node 27517) with in degree 585

Execution time and memory used at after iteration 1177 (MF = 107.280961): 1.236755e+05 seconds, 412721152 bytes of memory usage, 824452 kB of memory peak and 1-10:21:25 elapsed time
Statistics on the network after iteration 1177 (MF = 107.280961)
	Number of nodes: 27919
	Number of allocated nodes: 28672
	Number of edges: 205965
	Maximum in degree: 585 (node 27517)
	Maximum out degree: 497 (node 7314)
	source 637 (node 7314) with out degree 497
	target 1010 (node 27517) with in degree 585

Execution time and memory used at after iteration 1178 (MF = 107.280961): 1.239424e+05 seconds, 412884992 bytes of memory usage, 824952 kB of memory peak and 1-10:25:52 elapsed time
Statistics on the network after iteration 1178 (MF = 107.280961)
	Number of nodes: 27919
	Number of allocated nodes: 28672
	Number of edges: 205965
	Maximum in degree: 585 (node 27517)
	Maximum out degree: 497 (node 7314)
	source 637 (node 7314) with out degree 497
	target 1010 (node 27517) with in degree 585

Execution time and memory used at after iteration 1179 (MF = 107.353050): 1.242026e+05 seconds, 413061120 bytes of memory usage, 825468 kB of memory peak and 1-10:30:12 elapsed time
Statistics on the network after iteration 1179 (MF = 107.353050)
	Number of nodes: 27919
	Number of allocated nodes: 28672
	Number of edges: 205965
	Maximum in degree: 585 (node 27517)
	Maximum out degree: 497 (node 7314)
	source 637 (node 7314) with out degree 497
	target 1010 (node 27517) with in degree 585

Execution time and memory used at after iteration 1180 (MF = 107.280961): 1.244632e+05 seconds, 413253632 bytes of memory usage, 825980 kB of memory peak and 1-10:34:33 elapsed time
Statistics on the network after iteration 1180 (MF = 107.280961)
	Number of nodes: 27919
	Number of allocated nodes: 28672
	Number of edges: 205965
	Maximum in degree: 585 (node 27517)
	Maximum out degree: 497 (node 7314)
	source 637 (node 7314) with out degree 497
	target 1010 (node 27517) with in degree 585

Execution time and memory used at after iteration 1181 (MF = 107.280961): 1.247237e+05 seconds, 413421568 bytes of memory usage, 826504 kB of memory peak and 1-10:38:53 elapsed time
Statistics on the network after iteration 1181 (MF = 107.280961)
	Number of nodes: 27919
	Number of allocated nodes: 28672
	Number of edges: 205965
	Maximum in degree: 585 (node 27517)
	Maximum out degree: 497 (node 7314)
	source 637 (node 7314) with out degree 497
	target 1010 (node 27517) with in degree 585

Execution time and memory used at after iteration 1182 (MF = 107.280961): 1.249846e+05 seconds, 413601792 bytes of memory usage, 827012 kB of memory peak and 1-10:43:14 elapsed time
Statistics on the network after iteration 1182 (MF = 107.280961)
	Number of nodes: 27919
	Number of allocated nodes: 28672
	Number of edges: 205965
	Maximum in degree: 585 (node 27517)
	Maximum out degree: 497 (node 7314)
	source 637 (node 7314) with out degree 497
	target 1010 (node 27517) with in degree 585

Execution time and memory used at after iteration 1183 (MF = 107.280961): 1.252508e+05 seconds, 413777920 bytes of memory usage, 827528 kB of memory peak and 1-10:47:41 elapsed time
Statistics on the network after iteration 1183 (MF = 107.280961)
	Number of nodes: 27919
	Number of allocated nodes: 28672
	Number of edges: 205965
	Maximum in degree: 585 (node 27517)
	Maximum out degree: 497 (node 7314)
	source 637 (node 7314) with out degree 497
	target 1010 (node 27517) with in degree 585

Execution time and memory used at after iteration 1184 (MF = 107.280961): 1.255147e+05 seconds, 413970432 bytes of memory usage, 828036 kB of memory peak and 1-10:52:05 elapsed time
Statistics on the network after iteration 1184 (MF = 107.280961)
	Number of nodes: 27919
	Number of allocated nodes: 28672
	Number of edges: 205965
	Maximum in degree: 585 (node 27517)
	Maximum out degree: 497 (node 7314)
	source 637 (node 7314) with out degree 497
	target 1010 (node 27517) with in degree 585

Execution time and memory used at after iteration 1185 (MF = 107.280961): 1.257771e+05 seconds, 414146560 bytes of memory usage, 828548 kB of memory peak and 1-10:56:27 elapsed time
Statistics on the network after iteration 1185 (MF = 107.280961)
	Number of nodes: 27919
	Number of allocated nodes: 28672
	Number of edges: 205965
	Maximum in degree: 585 (node 27517)
	Maximum out degree: 497 (node 7314)
	source 637 (node 7314) with out degree 497
	target 1010 (node 27517) with in degree 585

Execution time and memory used at after iteration 1186 (MF = 107.280961): 1.260393e+05 seconds, 414318592 bytes of memory usage, 829064 kB of memory peak and 1-11:00:49 elapsed time
Statistics on the network after iteration 1186 (MF = 107.280961)
	Number of nodes: 27919
	Number of allocated nodes: 28672
	Number of edges: 205965
	Maximum in degree: 585 (node 27517)
	Maximum out degree: 497 (node 7314)
	source 637 (node 7314) with out degree 497
	target 1010 (node 27517) with in degree 585

Execution time and memory used at after iteration 1187 (MF = 107.353050): 1.263115e+05 seconds, 414502912 bytes of memory usage, 829588 kB of memory peak and 1-11:05:21 elapsed time
Statistics on the network after iteration 1187 (MF = 107.353050)
	Number of nodes: 27919
	Number of allocated nodes: 28672
	Number of edges: 205965
	Maximum in degree: 585 (node 27517)
	Maximum out degree: 497 (node 7314)
	source 637 (node 7314) with out degree 497
	target 1010 (node 27517) with in degree 585

Execution time and memory used at after iteration 1188 (MF = 107.280961): 1.265745e+05 seconds, 414679040 bytes of memory usage, 830096 kB of memory peak and 1-11:09:44 elapsed time
Statistics on the network after iteration 1188 (MF = 107.280961)
	Number of nodes: 27919
	Number of allocated nodes: 28672
	Number of edges: 205965
	Maximum in degree: 585 (node 27517)
	Maximum out degree: 497 (node 7314)
	source 637 (node 7314) with out degree 497
	target 1010 (node 27517) with in degree 585

Execution time and memory used at after iteration 1189 (MF = 107.280961): 1.268503e+05 seconds, 414863360 bytes of memory usage, 830616 kB of memory peak and 1-11:14:20 elapsed time
Statistics on the network after iteration 1189 (MF = 107.280961)
	Number of nodes: 27919
	Number of allocated nodes: 28672
	Number of edges: 205965
	Maximum in degree: 585 (node 27517)
	Maximum out degree: 497 (node 7314)
	source 637 (node 7314) with out degree 497
	target 1010 (node 27517) with in degree 585

Execution time and memory used at after iteration 1190 (MF = 107.280961): 1.271187e+05 seconds, 415039488 bytes of memory usage, 831124 kB of memory peak and 1-11:18:49 elapsed time
Statistics on the network after iteration 1190 (MF = 107.280961)
	Number of nodes: 27919
	Number of allocated nodes: 28672
	Number of edges: 205965
	Maximum in degree: 585 (node 27517)
	Maximum out degree: 497 (node 7314)
	source 637 (node 7314) with out degree 497
	target 1010 (node 27517) with in degree 585

Execution time and memory used at after iteration 1191 (MF = 107.280961): 1.273915e+05 seconds, 415232000 bytes of memory usage, 831632 kB of memory peak and 1-11:23:21 elapsed time
Statistics on the network after iteration 1191 (MF = 107.280961)
	Number of nodes: 27919
	Number of allocated nodes: 28672
	Number of edges: 205965
	Maximum in degree: 585 (node 27517)
	Maximum out degree: 497 (node 7314)
	source 637 (node 7314) with out degree 497
	target 1010 (node 27517) with in degree 585

Execution time and memory used at after iteration 1192 (MF = 107.280961): 1.276553e+05 seconds, 415404032 bytes of memory usage, 832148 kB of memory peak and 1-11:27:45 elapsed time
Statistics on the network after iteration 1192 (MF = 107.280961)
	Number of nodes: 27919
	Number of allocated nodes: 28672
	Number of edges: 205965
	Maximum in degree: 585 (node 27517)
	Maximum out degree: 497 (node 7314)
	source 637 (node 7314) with out degree 497
	target 1010 (node 27517) with in degree 585

Execution time and memory used at after iteration 1193 (MF = 107.353050): 1.279242e+05 seconds, 415588352 bytes of memory usage, 832664 kB of memory peak and 1-11:32:14 elapsed time
Statistics on the network after iteration 1193 (MF = 107.353050)
	Number of nodes: 27919
	Number of allocated nodes: 28672
	Number of edges: 205965
	Maximum in degree: 585 (node 27517)
	Maximum out degree: 497 (node 7314)
	source 637 (node 7314) with out degree 497
	target 1010 (node 27517) with in degree 585

Execution time and memory used at after iteration 1194 (MF = 107.280961): 1.281930e+05 seconds, 415764480 bytes of memory usage, 833176 kB of memory peak and 1-11:36:43 elapsed time
Statistics on the network after iteration 1194 (MF = 107.280961)
	Number of nodes: 27919
	Number of allocated nodes: 28672
	Number of edges: 205965
	Maximum in degree: 585 (node 27517)
	Maximum out degree: 497 (node 7314)
	source 637 (node 7314) with out degree 497
	target 1010 (node 27517) with in degree 585

Execution time and memory used at after iteration 1195 (MF = 107.280961): 1.284639e+05 seconds, 415940608 bytes of memory usage, 833692 kB of memory peak and 1-11:41:14 elapsed time
Statistics on the network after iteration 1195 (MF = 107.280961)
	Number of nodes: 27919
	Number of allocated nodes: 28672
	Number of edges: 205965
	Maximum in degree: 585 (node 27517)
	Maximum out degree: 497 (node 7314)
	source 637 (node 7314) with out degree 497
	target 1010 (node 27517) with in degree 585

Execution time and memory used at after iteration 1196 (MF = 107.280961): 1.287329e+05 seconds, 416124928 bytes of memory usage, 834192 kB of memory peak and 1-11:45:43 elapsed time
Statistics on the network after iteration 1196 (MF = 107.280961)
	Number of nodes: 27919
	Number of allocated nodes: 28672
	Number of edges: 205965
	Maximum in degree: 585 (node 27517)
	Maximum out degree: 497 (node 7314)
	source 637 (node 7314) with out degree 497
	target 1010 (node 27517) with in degree 585

Execution time and memory used at after iteration 1197 (MF = 107.353050): 1.290001e+05 seconds, 416309248 bytes of memory usage, 834716 kB of memory peak and 1-11:50:10 elapsed time
Statistics on the network after iteration 1197 (MF = 107.353050)
	Number of nodes: 27919
	Number of allocated nodes: 28672
	Number of edges: 205965
	Maximum in degree: 585 (node 27517)
	Maximum out degree: 497 (node 7314)
	source 637 (node 7314) with out degree 497
	target 1010 (node 27517) with in degree 585

Execution time and memory used at after iteration 1198 (MF = 107.280961): 1.292661e+05 seconds, 416485376 bytes of memory usage, 835224 kB of memory peak and 1-11:54:36 elapsed time
Statistics on the network after iteration 1198 (MF = 107.280961)
	Number of nodes: 27919
	Number of allocated nodes: 28672
	Number of edges: 205965
	Maximum in degree: 585 (node 27517)
	Maximum out degree: 497 (node 7314)
	source 637 (node 7314) with out degree 497
	target 1010 (node 27517) with in degree 585

Execution time and memory used at after iteration 1199 (MF = 107.353050): 1.295377e+05 seconds, 416665600 bytes of memory usage, 835732 kB of memory peak and 1-11:59:08 elapsed time
Statistics on the network after iteration 1199 (MF = 107.353050)
	Number of nodes: 27919
	Number of allocated nodes: 28672
	Number of edges: 205965
	Maximum in degree: 585 (node 27517)
	Maximum out degree: 497 (node 7314)
	source 637 (node 7314) with out degree 497
	target 1010 (node 27517) with in degree 585

Execution time and memory used at after iteration 1200 (MF = 107.434381): 1.298081e+05 seconds, 416841728 bytes of memory usage, 836244 kB of memory peak and 1-12:03:38 elapsed time
Statistics on the network after iteration 1200 (MF = 107.434381)
	Number of nodes: 27919
	Number of allocated nodes: 28672
	Number of edges: 205965
	Maximum in degree: 585 (node 27517)
	Maximum out degree: 497 (node 7314)
	source 637 (node 7314) with out degree 497
	target 1010 (node 27517) with in degree 585

Execution time and memory used at after iteration 1201 (MF = 107.434381): 1.300863e+05 seconds, 417026048 bytes of memory usage, 836768 kB of memory peak and 1-12:08:16 elapsed time
Statistics on the network after iteration 1201 (MF = 107.434381)
	Number of nodes: 27919
	Number of allocated nodes: 28672
	Number of edges: 205965
	Maximum in degree: 585 (node 27517)
	Maximum out degree: 497 (node 7314)
	source 637 (node 7314) with out degree 497
	target 1010 (node 27517) with in degree 585

Execution time and memory used at after iteration 1202 (MF = 107.434381): 1.303705e+05 seconds, 417218560 bytes of memory usage, 837292 kB of memory peak and 1-12:13:01 elapsed time
Statistics on the network after iteration 1202 (MF = 107.434381)
	Number of nodes: 27919
	Number of allocated nodes: 28672
	Number of edges: 205965
	Maximum in degree: 585 (node 27517)
	Maximum out degree: 497 (node 7314)
	source 637 (node 7314) with out degree 497
	target 1010 (node 27517) with in degree 585

Execution time and memory used at after iteration 1203 (MF = 107.339187): 1.306416e+05 seconds, 417394688 bytes of memory usage, 837792 kB of memory peak and 1-12:17:32 elapsed time
Statistics on the network after iteration 1203 (MF = 107.339187)
	Number of nodes: 27919
	Number of allocated nodes: 28672
	Number of edges: 205965
	Maximum in degree: 585 (node 27517)
	Maximum out degree: 497 (node 7314)
	source 637 (node 7314) with out degree 497
	target 1010 (node 27517) with in degree 585

Execution time and memory used at after iteration 1204 (MF = 107.339187): 1.309169e+05 seconds, 417574912 bytes of memory usage, 838312 kB of memory peak and 1-12:22:07 elapsed time
Statistics on the network after iteration 1204 (MF = 107.339187)
	Number of nodes: 27919
	Number of allocated nodes: 28672
	Number of edges: 205965
	Maximum in degree: 585 (node 27517)
	Maximum out degree: 497 (node 7314)
	source 637 (node 7314) with out degree 497
	target 1010 (node 27517) with in degree 585

Execution time and memory used at after iteration 1205 (MF = 107.339187): 1.311881e+05 seconds, 417751040 bytes of memory usage, 838820 kB of memory peak and 1-12:26:38 elapsed time
Statistics on the network after iteration 1205 (MF = 107.339187)
	Number of nodes: 27919
	Number of allocated nodes: 28672
	Number of edges: 205965
	Maximum in degree: 585 (node 27517)
	Maximum out degree: 497 (node 7314)
	source 637 (node 7314) with out degree 497
	target 1010 (node 27517) with in degree 585

Execution time and memory used at after iteration 1206 (MF = 107.339187): 1.314629e+05 seconds, 417935360 bytes of memory usage, 839344 kB of memory peak and 1-12:31:13 elapsed time
Statistics on the network after iteration 1206 (MF = 107.339187)
	Number of nodes: 27919
	Number of allocated nodes: 28672
	Number of edges: 205965
	Maximum in degree: 585 (node 27517)
	Maximum out degree: 497 (node 7314)
	source 637 (node 7314) with out degree 497
	target 1010 (node 27517) with in degree 585

Execution time and memory used at after iteration 1207 (MF = 107.339187): 1.317393e+05 seconds, 418111488 bytes of memory usage, 839852 kB of memory peak and 1-12:35:49 elapsed time
Statistics on the network after iteration 1207 (MF = 107.339187)
	Number of nodes: 27919
	Number of allocated nodes: 28672
	Number of edges: 205965
	Maximum in degree: 585 (node 27517)
	Maximum out degree: 497 (node 7314)
	source 637 (node 7314) with out degree 497
	target 1010 (node 27517) with in degree 585

Execution time and memory used at after iteration 1208 (MF = 107.411275): 1.320199e+05 seconds, 418291712 bytes of memory usage, 840360 kB of memory peak and 1-12:40:30 elapsed time
Statistics on the network after iteration 1208 (MF = 107.411275)
	Number of nodes: 27919
	Number of allocated nodes: 28672
	Number of edges: 205965
	Maximum in degree: 585 (node 27517)
	Maximum out degree: 497 (node 7314)
	source 637 (node 7314) with out degree 497
	target 1010 (node 27517) with in degree 585

Execution time and memory used at after iteration 1209 (MF = 107.339187): 1.322965e+05 seconds, 418467840 bytes of memory usage, 840872 kB of memory peak and 1-12:45:07 elapsed time
Statistics on the network after iteration 1209 (MF = 107.339187)
	Number of nodes: 27919
	Number of allocated nodes: 28672
	Number of edges: 205965
	Maximum in degree: 585 (node 27517)
	Maximum out degree: 497 (node 7314)
	source 637 (node 7314) with out degree 497
	target 1010 (node 27517) with in degree 585

Execution time and memory used at after iteration 1210 (MF = 107.339187): 1.325767e+05 seconds, 418652160 bytes of memory usage, 841388 kB of memory peak and 1-12:49:47 elapsed time
Statistics on the network after iteration 1210 (MF = 107.339187)
	Number of nodes: 27919
	Number of allocated nodes: 28672
	Number of edges: 205965
	Maximum in degree: 585 (node 27517)
	Maximum out degree: 497 (node 7314)
	source 637 (node 7314) with out degree 497
	target 1010 (node 27517) with in degree 585

Execution time and memory used at after iteration 1211 (MF = 107.339187): 1.328551e+05 seconds, 418836480 bytes of memory usage, 841896 kB of memory peak and 1-12:54:25 elapsed time
Statistics on the network after iteration 1211 (MF = 107.339187)
	Number of nodes: 27919
	Number of allocated nodes: 28672
	Number of edges: 205965
	Maximum in degree: 585 (node 27517)
	Maximum out degree: 497 (node 7314)
	source 637 (node 7314) with out degree 497
	target 1010 (node 27517) with in degree 585

Execution time and memory used at after iteration 1212 (MF = 107.339187): 1.331367e+05 seconds, 419012608 bytes of memory usage, 842420 kB of memory peak and 1-12:59:07 elapsed time
Statistics on the network after iteration 1212 (MF = 107.339187)
	Number of nodes: 27919
	Number of allocated nodes: 28672
	Number of edges: 205965
	Maximum in degree: 585 (node 27517)
	Maximum out degree: 497 (node 7314)
	source 637 (node 7314) with out degree 497
	target 1010 (node 27517) with in degree 585

Execution time and memory used at after iteration 1213 (MF = 107.411275): 1.334107e+05 seconds, 419184640 bytes of memory usage, 842928 kB of memory peak and 1-13:03:41 elapsed time
Statistics on the network after iteration 1213 (MF = 107.411275)
	Number of nodes: 27919
	Number of allocated nodes: 28672
	Number of edges: 205965
	Maximum in degree: 585 (node 27517)
	Maximum out degree: 497 (node 7314)
	source 637 (node 7314) with out degree 497
	target 1010 (node 27517) with in degree 585

Execution time and memory used at after iteration 1214 (MF = 107.339187): 1.336930e+05 seconds, 419373056 bytes of memory usage, 843448 kB of memory peak and 1-13:08:23 elapsed time
Statistics on the network after iteration 1214 (MF = 107.339187)
	Number of nodes: 27919
	Number of allocated nodes: 28672
	Number of edges: 205965
	Maximum in degree: 585 (node 27517)
	Maximum out degree: 497 (node 7314)
	source 637 (node 7314) with out degree 497
	target 1010 (node 27517) with in degree 585

Execution time and memory used at after iteration 1215 (MF = 107.339187): 1.339678e+05 seconds, 419549184 bytes of memory usage, 843948 kB of memory peak and 1-13:12:58 elapsed time
Statistics on the network after iteration 1215 (MF = 107.339187)
	Number of nodes: 27919
	Number of allocated nodes: 28672
	Number of edges: 205965
	Maximum in degree: 585 (node 27517)
	Maximum out degree: 497 (node 7314)
	source 637 (node 7314) with out degree 497
	target 1010 (node 27517) with in degree 585

Execution time and memory used at after iteration 1216 (MF = 107.339187): 1.342425e+05 seconds, 419721216 bytes of memory usage, 844460 kB of memory peak and 1-13:17:33 elapsed time
Statistics on the network after iteration 1216 (MF = 107.339187)
	Number of nodes: 27919
	Number of allocated nodes: 28672
	Number of edges: 205965
	Maximum in degree: 585 (node 27517)
	Maximum out degree: 497 (node 7314)
	source 637 (node 7314) with out degree 497
	target 1010 (node 27517) with in degree 585

Execution time and memory used at after iteration 1217 (MF = 107.339187): 1.345177e+05 seconds, 419917824 bytes of memory usage, 844976 kB of memory peak and 1-13:22:08 elapsed time
Statistics on the network after iteration 1217 (MF = 107.339187)
	Number of nodes: 27919
	Number of allocated nodes: 28672
	Number of edges: 205965
	Maximum in degree: 585 (node 27517)
	Maximum out degree: 497 (node 7314)
	source 637 (node 7314) with out degree 497
	target 1010 (node 27517) with in degree 585

Execution time and memory used at after iteration 1218 (MF = 107.339187): 1.347930e+05 seconds, 420081664 bytes of memory usage, 845492 kB of memory peak and 1-13:26:43 elapsed time
Statistics on the network after iteration 1218 (MF = 107.339187)
	Number of nodes: 27919
	Number of allocated nodes: 28672
	Number of edges: 205965
	Maximum in degree: 585 (node 27517)
	Maximum out degree: 497 (node 7314)
	source 637 (node 7314) with out degree 497
	target 1010 (node 27517) with in degree 585

Execution time and memory used at after iteration 1219 (MF = 107.411275): 1.350717e+05 seconds, 420274176 bytes of memory usage, 846008 kB of memory peak and 1-13:31:22 elapsed time
Statistics on the network after iteration 1219 (MF = 107.411275)
	Number of nodes: 27919
	Number of allocated nodes: 28672
	Number of edges: 205965
	Maximum in degree: 585 (node 27517)
	Maximum out degree: 497 (node 7314)
	source 637 (node 7314) with out degree 497
	target 1010 (node 27517) with in degree 585

Execution time and memory used at after iteration 1220 (MF = 107.280961): 1.353507e+05 seconds, 420458496 bytes of memory usage, 846528 kB of memory peak and 1-13:36:01 elapsed time
Statistics on the network after iteration 1220 (MF = 107.280961)
	Number of nodes: 27919
	Number of allocated nodes: 28672
	Number of edges: 205965
	Maximum in degree: 585 (node 27517)
	Maximum out degree: 497 (node 7314)
	source 637 (node 7314) with out degree 497
	target 1010 (node 27517) with in degree 585

Execution time and memory used at after iteration 1221 (MF = 107.280961): 1.356296e+05 seconds, 420626432 bytes of memory usage, 847036 kB of memory peak and 1-13:40:40 elapsed time
Statistics on the network after iteration 1221 (MF = 107.280961)
	Number of nodes: 27919
	Number of allocated nodes: 28672
	Number of edges: 205965
	Maximum in degree: 585 (node 27517)
	Maximum out degree: 497 (node 7314)
	source 637 (node 7314) with out degree 497
	target 1010 (node 27517) with in degree 585

Execution time and memory used at after iteration 1222 (MF = 107.294824): 1.359085e+05 seconds, 420810752 bytes of memory usage, 847536 kB of memory peak and 1-13:45:19 elapsed time
Statistics on the network after iteration 1222 (MF = 107.294824)
	Number of nodes: 27919
	Number of allocated nodes: 28672
	Number of edges: 205965
	Maximum in degree: 585 (node 27517)
	Maximum out degree: 497 (node 7314)
	source 637 (node 7314) with out degree 497
	target 1010 (node 27517) with in degree 585

Execution time and memory used at after iteration 1223 (MF = 107.339187): 1.361881e+05 seconds, 420990976 bytes of memory usage, 848052 kB of memory peak and 1-13:49:58 elapsed time
Statistics on the network after iteration 1223 (MF = 107.339187)
	Number of nodes: 27919
	Number of allocated nodes: 28672
	Number of edges: 205965
	Maximum in degree: 585 (node 27517)
	Maximum out degree: 497 (node 7314)
	source 637 (node 7314) with out degree 497
	target 1010 (node 27517) with in degree 585

Execution time and memory used at after iteration 1224 (MF = 107.353050): 1.364705e+05 seconds, 421167104 bytes of memory usage, 848560 kB of memory peak and 1-13:54:41 elapsed time
Statistics on the network after iteration 1224 (MF = 107.353050)
	Number of nodes: 27919
	Number of allocated nodes: 28672
	Number of edges: 205965
	Maximum in degree: 585 (node 27517)
	Maximum out degree: 497 (node 7314)
	source 637 (node 7314) with out degree 497
	target 1010 (node 27517) with in degree 585

Execution time and memory used at after iteration 1225 (MF = 107.376155): 1.367598e+05 seconds, 421343232 bytes of memory usage, 849060 kB of memory peak and 1-13:59:30 elapsed time
Statistics on the network after iteration 1225 (MF = 107.376155)
	Number of nodes: 27919
	Number of allocated nodes: 28672
	Number of edges: 205965
	Maximum in degree: 585 (node 27517)
	Maximum out degree: 497 (node 7314)
	source 637 (node 7314) with out degree 497
	target 1010 (node 27517) with in degree 585

Execution time and memory used at after iteration 1226 (MF = 107.339187): 1.370446e+05 seconds, 421519360 bytes of memory usage, 849572 kB of memory peak and 1-14:04:15 elapsed time
Statistics on the network after iteration 1226 (MF = 107.339187)
	Number of nodes: 27919
	Number of allocated nodes: 28672
	Number of edges: 205965
	Maximum in degree: 585 (node 27517)
	Maximum out degree: 497 (node 7314)
	source 637 (node 7314) with out degree 497
	target 1010 (node 27517) with in degree 585

Execution time and memory used at after iteration 1227 (MF = 107.339187): 1.373302e+05 seconds, 421691392 bytes of memory usage, 850080 kB of memory peak and 1-14:09:00 elapsed time
Statistics on the network after iteration 1227 (MF = 107.339187)
	Number of nodes: 27919
	Number of allocated nodes: 28672
	Number of edges: 205965
	Maximum in degree: 585 (node 27517)
	Maximum out degree: 497 (node 7314)
	source 637 (node 7314) with out degree 497
	target 1010 (node 27517) with in degree 585

Execution time and memory used at after iteration 1228 (MF = 107.339187): 1.376153e+05 seconds, 421875712 bytes of memory usage, 850588 kB of memory peak and 1-14:13:45 elapsed time
Statistics on the network after iteration 1228 (MF = 107.339187)
	Number of nodes: 27919
	Number of allocated nodes: 28672
	Number of edges: 205965
	Maximum in degree: 585 (node 27517)
	Maximum out degree: 497 (node 7314)
	source 637 (node 7314) with out degree 497
	target 1010 (node 27517) with in degree 585

Execution time and memory used at after iteration 1229 (MF = 107.434381): 1.379002e+05 seconds, 422043648 bytes of memory usage, 851088 kB of memory peak and 1-14:18:30 elapsed time
Statistics on the network after iteration 1229 (MF = 107.434381)
	Number of nodes: 27919
	Number of allocated nodes: 28672
	Number of edges: 205965
	Maximum in degree: 585 (node 27517)
	Maximum out degree: 497 (node 7314)
	source 637 (node 7314) with out degree 497
	target 1010 (node 27517) with in degree 585

Execution time and memory used at after iteration 1230 (MF = 107.339187): 1.381860e+05 seconds, 422215680 bytes of memory usage, 851588 kB of memory peak and 1-14:23:16 elapsed time
Statistics on the network after iteration 1230 (MF = 107.339187)
	Number of nodes: 27919
	Number of allocated nodes: 28672
	Number of edges: 205965
	Maximum in degree: 585 (node 27517)
	Maximum out degree: 497 (node 7314)
	source 637 (node 7314) with out degree 497
	target 1010 (node 27517) with in degree 585

Execution time and memory used at after iteration 1231 (MF = 107.411275): 1.384719e+05 seconds, 422408192 bytes of memory usage, 852112 kB of memory peak and 1-14:28:02 elapsed time
Statistics on the network after iteration 1231 (MF = 107.411275)
	Number of nodes: 27919
	Number of allocated nodes: 28672
	Number of edges: 205965
	Maximum in degree: 585 (node 27517)
	Maximum out degree: 497 (node 7314)
	source 637 (node 7314) with out degree 497
	target 1010 (node 27517) with in degree 585

Execution time and memory used at after iteration 1232 (MF = 107.339187): 1.387582e+05 seconds, 422592512 bytes of memory usage, 852624 kB of memory peak and 1-14:32:48 elapsed time
Statistics on the network after iteration 1232 (MF = 107.339187)
	Number of nodes: 27919
	Number of allocated nodes: 28672
	Number of edges: 205965
	Maximum in degree: 585 (node 27517)
	Maximum out degree: 497 (node 7314)
	source 637 (node 7314) with out degree 497
	target 1010 (node 27517) with in degree 585

Execution time and memory used at after iteration 1233 (MF = 107.339187): 1.390449e+05 seconds, 422768640 bytes of memory usage, 853140 kB of memory peak and 1-14:37:35 elapsed time
Statistics on the network after iteration 1233 (MF = 107.339187)
	Number of nodes: 27919
	Number of allocated nodes: 28672
	Number of edges: 205965
	Maximum in degree: 585 (node 27517)
	Maximum out degree: 497 (node 7314)
	source 637 (node 7314) with out degree 497
	target 1010 (node 27517) with in degree 585

Execution time and memory used at after iteration 1234 (MF = 107.339187): 1.393333e+05 seconds, 422952960 bytes of memory usage, 853656 kB of memory peak and 1-14:42:23 elapsed time
Statistics on the network after iteration 1234 (MF = 107.339187)
	Number of nodes: 27919
	Number of allocated nodes: 28672
	Number of edges: 205965
	Maximum in degree: 585 (node 27517)
	Maximum out degree: 497 (node 7314)
	source 637 (node 7314) with out degree 497
	target 1010 (node 27517) with in degree 585

Execution time and memory used at after iteration 1235 (MF = 107.376155): 1.396105e+05 seconds, 423137280 bytes of memory usage, 854180 kB of memory peak and 1-14:47:01 elapsed time
Statistics on the network after iteration 1235 (MF = 107.376155)
	Number of nodes: 27919
	Number of allocated nodes: 28672
	Number of edges: 205965
	Maximum in degree: 585 (node 27517)
	Maximum out degree: 497 (node 7314)
	source 637 (node 7314) with out degree 497
	target 1010 (node 27517) with in degree 585

Execution time and memory used at after iteration 1236 (MF = 107.376155): 1.398876e+05 seconds, 423309312 bytes of memory usage, 854688 kB of memory peak and 1-14:51:38 elapsed time
Statistics on the network after iteration 1236 (MF = 107.376155)
	Number of nodes: 27919
	Number of allocated nodes: 28672
	Number of edges: 205965
	Maximum in degree: 585 (node 27517)
	Maximum out degree: 497 (node 7314)
	source 637 (node 7314) with out degree 497
	target 1010 (node 27517) with in degree 585

Execution time and memory used at after iteration 1237 (MF = 107.376155): 1.401651e+05 seconds, 423493632 bytes of memory usage, 855192 kB of memory peak and 1-14:56:15 elapsed time
Statistics on the network after iteration 1237 (MF = 107.376155)
	Number of nodes: 27919
	Number of allocated nodes: 28672
	Number of edges: 205965
	Maximum in degree: 585 (node 27517)
	Maximum out degree: 497 (node 7314)
	source 637 (node 7314) with out degree 497
	target 1010 (node 27517) with in degree 585

Execution time and memory used at after iteration 1238 (MF = 107.376155): 1.404555e+05 seconds, 423677952 bytes of memory usage, 855716 kB of memory peak and 1-15:01:06 elapsed time
Statistics on the network after iteration 1238 (MF = 107.376155)
	Number of nodes: 27919
	Number of allocated nodes: 28672
	Number of edges: 205965
	Maximum in degree: 585 (node 27517)
	Maximum out degree: 497 (node 7314)
	source 637 (node 7314) with out degree 497
	target 1010 (node 27517) with in degree 585

Execution time and memory used at after iteration 1239 (MF = 107.339187): 1.407454e+05 seconds, 423862272 bytes of memory usage, 856224 kB of memory peak and 1-15:05:56 elapsed time
Statistics on the network after iteration 1239 (MF = 107.339187)
	Number of nodes: 27919
	Number of allocated nodes: 28672
	Number of edges: 205965
	Maximum in degree: 585 (node 27517)
	Maximum out degree: 497 (node 7314)
	source 637 (node 7314) with out degree 497
	target 1010 (node 27517) with in degree 585

Execution time and memory used at after iteration 1240 (MF = 107.339187): 1.410360e+05 seconds, 424038400 bytes of memory usage, 856740 kB of memory peak and 1-15:10:46 elapsed time
Statistics on the network after iteration 1240 (MF = 107.339187)
	Number of nodes: 27919
	Number of allocated nodes: 28672
	Number of edges: 205965
	Maximum in degree: 585 (node 27517)
	Maximum out degree: 497 (node 7314)
	source 637 (node 7314) with out degree 497
	target 1010 (node 27517) with in degree 585

Execution time and memory used at after iteration 1241 (MF = 107.411275): 1.413173e+05 seconds, 424222720 bytes of memory usage, 857264 kB of memory peak and 1-15:15:27 elapsed time
Statistics on the network after iteration 1241 (MF = 107.411275)
	Number of nodes: 27919
	Number of allocated nodes: 28672
	Number of edges: 205965
	Maximum in degree: 585 (node 27517)
	Maximum out degree: 497 (node 7314)
	source 637 (node 7314) with out degree 497
	target 1010 (node 27517) with in degree 585

Execution time and memory used at after iteration 1242 (MF = 107.376155): 1.415986e+05 seconds, 424394752 bytes of memory usage, 857768 kB of memory peak and 1-15:20:09 elapsed time
Statistics on the network after iteration 1242 (MF = 107.376155)
	Number of nodes: 27919
	Number of allocated nodes: 28672
	Number of edges: 205965
	Maximum in degree: 585 (node 27517)
	Maximum out degree: 497 (node 7314)
	source 637 (node 7314) with out degree 497
	target 1010 (node 27517) with in degree 585

Execution time and memory used at after iteration 1243 (MF = 107.376155): 1.418799e+05 seconds, 424570880 bytes of memory usage, 858268 kB of memory peak and 1-15:24:50 elapsed time
Statistics on the network after iteration 1243 (MF = 107.376155)
	Number of nodes: 27919
	Number of allocated nodes: 28672
	Number of edges: 205965
	Maximum in degree: 585 (node 27517)
	Maximum out degree: 497 (node 7314)
	source 637 (node 7314) with out degree 497
	target 1010 (node 27517) with in degree 585

Execution time and memory used at after iteration 1244 (MF = 107.376155): 1.421949e+05 seconds, 424747008 bytes of memory usage, 858776 kB of memory peak and 1-15:30:05 elapsed time
Statistics on the network after iteration 1244 (MF = 107.376155)
	Number of nodes: 27919
	Number of allocated nodes: 28672
	Number of edges: 205965
	Maximum in degree: 585 (node 27517)
	Maximum out degree: 497 (node 7314)
	source 637 (node 7314) with out degree 497
	target 1010 (node 27517) with in degree 585

Execution time and memory used at after iteration 1245 (MF = 107.376155): 1.425096e+05 seconds, 424931328 bytes of memory usage, 859296 kB of memory peak and 1-15:35:20 elapsed time
Statistics on the network after iteration 1245 (MF = 107.376155)
	Number of nodes: 27919
	Number of allocated nodes: 28672
	Number of edges: 205965
	Maximum in degree: 585 (node 27517)
	Maximum out degree: 497 (node 7314)
	source 637 (node 7314) with out degree 497
	target 1010 (node 27517) with in degree 585

Execution time and memory used at after iteration 1246 (MF = 107.376155): 1.428017e+05 seconds, 425115648 bytes of memory usage, 859796 kB of memory peak and 1-15:40:12 elapsed time
Statistics on the network after iteration 1246 (MF = 107.376155)
	Number of nodes: 27919
	Number of allocated nodes: 28672
	Number of edges: 205965
	Maximum in degree: 585 (node 27517)
	Maximum out degree: 497 (node 7314)
	source 637 (node 7314) with out degree 497
	target 1010 (node 27517) with in degree 585

Execution time and memory used at after iteration 1247 (MF = 107.376155): 1.430863e+05 seconds, 425283584 bytes of memory usage, 860312 kB of memory peak and 1-15:44:57 elapsed time
Statistics on the network after iteration 1247 (MF = 107.376155)
	Number of nodes: 27919
	Number of allocated nodes: 28672
	Number of edges: 205965
	Maximum in degree: 585 (node 27517)
	Maximum out degree: 497 (node 7314)
	source 637 (node 7314) with out degree 497
	target 1010 (node 27517) with in degree 585

Execution time and memory used at after iteration 1248 (MF = 107.376155): 1.433804e+05 seconds, 425467904 bytes of memory usage, 860824 kB of memory peak and 1-15:49:51 elapsed time
Statistics on the network after iteration 1248 (MF = 107.376155)
	Number of nodes: 27919
	Number of allocated nodes: 28672
	Number of edges: 205965
	Maximum in degree: 585 (node 27517)
	Maximum out degree: 497 (node 7314)
	source 637 (node 7314) with out degree 497
	target 1010 (node 27517) with in degree 585

Execution time and memory used at after iteration 1249 (MF = 107.390018): 1.436667e+05 seconds, 425644032 bytes of memory usage, 861332 kB of memory peak and 1-15:54:37 elapsed time
Statistics on the network after iteration 1249 (MF = 107.390018)
	Number of nodes: 27919
	Number of allocated nodes: 28672
	Number of edges: 205965
	Maximum in degree: 585 (node 27517)
	Maximum out degree: 497 (node 7314)
	source 637 (node 7314) with out degree 497
	target 1010 (node 27517) with in degree 585

Execution time and memory used at after iteration 1250 (MF = 107.434381): 1.439531e+05 seconds, 425816064 bytes of memory usage, 861848 kB of memory peak and 1-15:59:23 elapsed time
Statistics on the network after iteration 1250 (MF = 107.434381)
	Number of nodes: 27919
	Number of allocated nodes: 28672
	Number of edges: 205965
	Maximum in degree: 585 (node 27517)
	Maximum out degree: 497 (node 7314)
	source 637 (node 7314) with out degree 497
	target 1010 (node 27517) with in degree 585

Execution time and memory used at after iteration 1251 (MF = 107.434381): 1.442409e+05 seconds, 426004480 bytes of memory usage, 862368 kB of memory peak and 1-16:04:11 elapsed time
Statistics on the network after iteration 1251 (MF = 107.434381)
	Number of nodes: 27919
	Number of allocated nodes: 28672
	Number of edges: 205965
	Maximum in degree: 585 (node 27517)
	Maximum out degree: 497 (node 7314)
	source 637 (node 7314) with out degree 497
	target 1010 (node 27517) with in degree 585

Execution time and memory used at after iteration 1252 (MF = 107.434381): 1.445286e+05 seconds, 426180608 bytes of memory usage, 862860 kB of memory peak and 1-16:08:59 elapsed time
Statistics on the network after iteration 1252 (MF = 107.434381)
	Number of nodes: 27919
	Number of allocated nodes: 28672
	Number of edges: 205965
	Maximum in degree: 585 (node 27517)
	Maximum out degree: 497 (node 7314)
	source 637 (node 7314) with out degree 497
	target 1010 (node 27517) with in degree 585

Execution time and memory used at after iteration 1253 (MF = 107.448244): 1.448171e+05 seconds, 426352640 bytes of memory usage, 863384 kB of memory peak and 1-16:13:47 elapsed time
Statistics on the network after iteration 1253 (MF = 107.448244)
	Number of nodes: 27919
	Number of allocated nodes: 28672
	Number of edges: 205965
	Maximum in degree: 585 (node 27517)
	Maximum out degree: 497 (node 7314)
	source 637 (node 7314) with out degree 497
	target 1010 (node 27517) with in degree 585

Execution time and memory used at after iteration 1254 (MF = 107.434381): 1.451056e+05 seconds, 426528768 bytes of memory usage, 863868 kB of memory peak and 1-16:18:36 elapsed time
Statistics on the network after iteration 1254 (MF = 107.434381)
	Number of nodes: 27919
	Number of allocated nodes: 28672
	Number of edges: 205965
	Maximum in degree: 585 (node 27517)
	Maximum out degree: 497 (node 7314)
	source 637 (node 7314) with out degree 497
	target 1010 (node 27517) with in degree 585

Execution time and memory used at after iteration 1255 (MF = 107.434381): 1.453941e+05 seconds, 426704896 bytes of memory usage, 864372 kB of memory peak and 1-16:23:25 elapsed time
Statistics on the network after iteration 1255 (MF = 107.434381)
	Number of nodes: 27919
	Number of allocated nodes: 28672
	Number of edges: 205965
	Maximum in degree: 585 (node 27517)
	Maximum out degree: 497 (node 7314)
	source 637 (node 7314) with out degree 497
	target 1010 (node 27517) with in degree 585

Execution time and memory used at after iteration 1256 (MF = 107.434381): 1.456834e+05 seconds, 426876928 bytes of memory usage, 864880 kB of memory peak and 1-16:28:14 elapsed time
Statistics on the network after iteration 1256 (MF = 107.434381)
	Number of nodes: 27919
	Number of allocated nodes: 28672
	Number of edges: 205965
	Maximum in degree: 585 (node 27517)
	Maximum out degree: 497 (node 7314)
	source 637 (node 7314) with out degree 497
	target 1010 (node 27517) with in degree 585

Execution time and memory used at after iteration 1257 (MF = 107.339187): 1.459732e+05 seconds, 427073536 bytes of memory usage, 865396 kB of memory peak and 1-16:33:04 elapsed time
Statistics on the network after iteration 1257 (MF = 107.339187)
	Number of nodes: 27919
	Number of allocated nodes: 28672
	Number of edges: 205965
	Maximum in degree: 585 (node 27517)
	Maximum out degree: 497 (node 7314)
	source 637 (node 7314) with out degree 497
	target 1010 (node 27517) with in degree 585

Execution time and memory used at after iteration 1258 (MF = 107.339187): 1.462635e+05 seconds, 427237376 bytes of memory usage, 865896 kB of memory peak and 1-16:37:54 elapsed time
Statistics on the network after iteration 1258 (MF = 107.339187)
	Number of nodes: 27919
	Number of allocated nodes: 28672
	Number of edges: 205965
	Maximum in degree: 585 (node 27517)
	Maximum out degree: 497 (node 7314)
	source 637 (node 7314) with out degree 497
	target 1010 (node 27517) with in degree 585

Execution time and memory used at after iteration 1259 (MF = 107.339187): 1.465542e+05 seconds, 427413504 bytes of memory usage, 866412 kB of memory peak and 1-16:42:45 elapsed time
Statistics on the network after iteration 1259 (MF = 107.339187)
	Number of nodes: 27919
	Number of allocated nodes: 28672
	Number of edges: 205965
	Maximum in degree: 585 (node 27517)
	Maximum out degree: 497 (node 7314)
	source 637 (node 7314) with out degree 497
	target 1010 (node 27517) with in degree 585

Execution time and memory used at after iteration 1260 (MF = 107.339187): 1.468451e+05 seconds, 427597824 bytes of memory usage, 866932 kB of memory peak and 1-16:47:36 elapsed time
Statistics on the network after iteration 1260 (MF = 107.339187)
	Number of nodes: 27919
	Number of allocated nodes: 28672
	Number of edges: 205965
	Maximum in degree: 585 (node 27517)
	Maximum out degree: 497 (node 7314)
	source 637 (node 7314) with out degree 497
	target 1010 (node 27517) with in degree 585

Execution time and memory used at after iteration 1261 (MF = 107.339187): 1.471357e+05 seconds, 427786240 bytes of memory usage, 867424 kB of memory peak and 1-16:52:26 elapsed time
Statistics on the network after iteration 1261 (MF = 107.339187)
	Number of nodes: 27919
	Number of allocated nodes: 28672
	Number of edges: 205965
	Maximum in degree: 585 (node 27517)
	Maximum out degree: 497 (node 7314)
	source 637 (node 7314) with out degree 497
	target 1010 (node 27517) with in degree 585

Execution time and memory used at after iteration 1262 (MF = 107.411275): 1.474266e+05 seconds, 427950080 bytes of memory usage, 867952 kB of memory peak and 1-16:57:17 elapsed time
Statistics on the network after iteration 1262 (MF = 107.411275)
	Number of nodes: 27919
	Number of allocated nodes: 28672
	Number of edges: 205965
	Maximum in degree: 585 (node 27517)
	Maximum out degree: 497 (node 7314)
	source 637 (node 7314) with out degree 497
	target 1010 (node 27517) with in degree 585

Execution time and memory used at after iteration 1263 (MF = 107.339187): 1.477174e+05 seconds, 428142592 bytes of memory usage, 868468 kB of memory peak and 1-17:02:08 elapsed time
Statistics on the network after iteration 1263 (MF = 107.339187)
	Number of nodes: 27919
	Number of allocated nodes: 28672
	Number of edges: 205965
	Maximum in degree: 585 (node 27517)
	Maximum out degree: 497 (node 7314)
	source 637 (node 7314) with out degree 497
	target 1010 (node 27517) with in degree 585

Execution time and memory used at after iteration 1264 (MF = 107.339187): 1.480088e+05 seconds, 428318720 bytes of memory usage, 868968 kB of memory peak and 1-17:06:59 elapsed time
Statistics on the network after iteration 1264 (MF = 107.339187)
	Number of nodes: 27919
	Number of allocated nodes: 28672
	Number of edges: 205965
	Maximum in degree: 585 (node 27517)
	Maximum out degree: 497 (node 7314)
	source 637 (node 7314) with out degree 497
	target 1010 (node 27517) with in degree 585

Execution time and memory used at after iteration 1265 (MF = 107.339187): 1.483004e+05 seconds, 428494848 bytes of memory usage, 869484 kB of memory peak and 1-17:11:51 elapsed time
Statistics on the network after iteration 1265 (MF = 107.339187)
	Number of nodes: 27919
	Number of allocated nodes: 28672
	Number of edges: 205965
	Maximum in degree: 585 (node 27517)
	Maximum out degree: 497 (node 7314)
	source 637 (node 7314) with out degree 497
	target 1010 (node 27517) with in degree 585

Execution time and memory used at after iteration 1266 (MF = 107.339187): 1.485930e+05 seconds, 428679168 bytes of memory usage, 869992 kB of memory peak and 1-17:16:44 elapsed time
Statistics on the network after iteration 1266 (MF = 107.339187)
	Number of nodes: 27919
	Number of allocated nodes: 28672
	Number of edges: 205965
	Maximum in degree: 585 (node 27517)
	Maximum out degree: 497 (node 7314)
	source 637 (node 7314) with out degree 497
	target 1010 (node 27517) with in degree 585

Execution time and memory used at after iteration 1267 (MF = 107.339187): 1.488859e+05 seconds, 428859392 bytes of memory usage, 870512 kB of memory peak and 1-17:21:37 elapsed time
Statistics on the network after iteration 1267 (MF = 107.339187)
	Number of nodes: 27919
	Number of allocated nodes: 28672
	Number of edges: 205965
	Maximum in degree: 585 (node 27517)
	Maximum out degree: 497 (node 7314)
	source 637 (node 7314) with out degree 497
	target 1010 (node 27517) with in degree 585

Execution time and memory used at after iteration 1268 (MF = 107.339187): 1.491794e+05 seconds, 429027328 bytes of memory usage, 871020 kB of memory peak and 1-17:26:30 elapsed time
Statistics on the network after iteration 1268 (MF = 107.339187)
	Number of nodes: 27919
	Number of allocated nodes: 28672
	Number of edges: 205965
	Maximum in degree: 585 (node 27517)
	Maximum out degree: 497 (node 7314)
	source 637 (node 7314) with out degree 497
	target 1010 (node 27517) with in degree 585

Execution time and memory used at after iteration 1269 (MF = 107.339187): 1.494724e+05 seconds, 429211648 bytes of memory usage, 871520 kB of memory peak and 1-17:31:23 elapsed time
Statistics on the network after iteration 1269 (MF = 107.339187)
	Number of nodes: 27919
	Number of allocated nodes: 28672
	Number of edges: 205965
	Maximum in degree: 585 (node 27517)
	Maximum out degree: 497 (node 7314)
	source 637 (node 7314) with out degree 497
	target 1010 (node 27517) with in degree 585

Execution time and memory used at after iteration 1270 (MF = 107.339187): 1.497657e+05 seconds, 429395968 bytes of memory usage, 872056 kB of memory peak and 1-17:36:16 elapsed time
Statistics on the network after iteration 1270 (MF = 107.339187)
	Number of nodes: 27919
	Number of allocated nodes: 28672
	Number of edges: 205965
	Maximum in degree: 585 (node 27517)
	Maximum out degree: 497 (node 7314)
	source 637 (node 7314) with out degree 497
	target 1010 (node 27517) with in degree 585

Execution time and memory used at after iteration 1271 (MF = 107.339187): 1.500593e+05 seconds, 429572096 bytes of memory usage, 872556 kB of memory peak and 1-17:41:10 elapsed time
Statistics on the network after iteration 1271 (MF = 107.339187)
	Number of nodes: 27919
	Number of allocated nodes: 28672
	Number of edges: 205965
	Maximum in degree: 585 (node 27517)
	Maximum out degree: 497 (node 7314)
	source 637 (node 7314) with out degree 497
	target 1010 (node 27517) with in degree 585

Execution time and memory used at after iteration 1272 (MF = 107.339187): 1.503532e+05 seconds, 429748224 bytes of memory usage, 873064 kB of memory peak and 1-17:46:04 elapsed time
Statistics on the network after iteration 1272 (MF = 107.339187)
	Number of nodes: 27919
	Number of allocated nodes: 28672
	Number of edges: 205965
	Maximum in degree: 585 (node 27517)
	Maximum out degree: 497 (node 7314)
	source 637 (node 7314) with out degree 497
	target 1010 (node 27517) with in degree 585

Execution time and memory used at after iteration 1273 (MF = 107.339187): 1.506477e+05 seconds, 429924352 bytes of memory usage, 873580 kB of memory peak and 1-17:50:58 elapsed time
Statistics on the network after iteration 1273 (MF = 107.339187)
	Number of nodes: 27919
	Number of allocated nodes: 28672
	Number of edges: 205965
	Maximum in degree: 585 (node 27517)
	Maximum out degree: 497 (node 7314)
	source 637 (node 7314) with out degree 497
	target 1010 (node 27517) with in degree 585

Execution time and memory used at after iteration 1274 (MF = 107.339187): 1.509424e+05 seconds, 430108672 bytes of memory usage, 874092 kB of memory peak and 1-17:55:53 elapsed time
Statistics on the network after iteration 1274 (MF = 107.339187)
	Number of nodes: 27919
	Number of allocated nodes: 28672
	Number of edges: 205965
	Maximum in degree: 585 (node 27517)
	Maximum out degree: 497 (node 7314)
	source 637 (node 7314) with out degree 497
	target 1010 (node 27517) with in degree 585

Execution time and memory used at after iteration 1275 (MF = 107.339187): 1.512373e+05 seconds, 430280704 bytes of memory usage, 874608 kB of memory peak and 1-18:00:48 elapsed time
Statistics on the network after iteration 1275 (MF = 107.339187)
	Number of nodes: 27919
	Number of allocated nodes: 28672
	Number of edges: 205965
	Maximum in degree: 585 (node 27517)
	Maximum out degree: 497 (node 7314)
	source 637 (node 7314) with out degree 497
	target 1010 (node 27517) with in degree 585

Execution time and memory used at after iteration 1276 (MF = 107.339187): 1.515418e+05 seconds, 430469120 bytes of memory usage, 875116 kB of memory peak and 1-18:05:53 elapsed time
Statistics on the network after iteration 1276 (MF = 107.339187)
	Number of nodes: 27919
	Number of allocated nodes: 28672
	Number of edges: 205965
	Maximum in degree: 585 (node 27517)
	Maximum out degree: 497 (node 7314)
	source 637 (node 7314) with out degree 497
	target 1010 (node 27517) with in degree 585

Execution time and memory used at after iteration 1277 (MF = 107.339187): 1.518460e+05 seconds, 430649344 bytes of memory usage, 875624 kB of memory peak and 1-18:10:57 elapsed time
Statistics on the network after iteration 1277 (MF = 107.339187)
	Number of nodes: 27919
	Number of allocated nodes: 28672
	Number of edges: 205965
	Maximum in degree: 585 (node 27517)
	Maximum out degree: 497 (node 7314)
	source 637 (node 7314) with out degree 497
	target 1010 (node 27517) with in degree 585

Execution time and memory used at after iteration 1278 (MF = 107.339187): 1.521513e+05 seconds, 430825472 bytes of memory usage, 876140 kB of memory peak and 1-18:16:02 elapsed time
Statistics on the network after iteration 1278 (MF = 107.339187)
	Number of nodes: 27919
	Number of allocated nodes: 28672
	Number of edges: 205965
	Maximum in degree: 585 (node 27517)
	Maximum out degree: 497 (node 7314)
	source 637 (node 7314) with out degree 497
	target 1010 (node 27517) with in degree 585

Execution time and memory used at after iteration 1279 (MF = 107.339187): 1.524566e+05 seconds, 430997504 bytes of memory usage, 876652 kB of memory peak and 1-18:21:07 elapsed time
Statistics on the network after iteration 1279 (MF = 107.339187)
	Number of nodes: 27919
	Number of allocated nodes: 28672
	Number of edges: 205965
	Maximum in degree: 585 (node 27517)
	Maximum out degree: 497 (node 7314)
	source 637 (node 7314) with out degree 497
	target 1010 (node 27517) with in degree 585

Execution time and memory used at after iteration 1280 (MF = 107.339187): 1.527620e+05 seconds, 431194112 bytes of memory usage, 877160 kB of memory peak and 1-18:26:13 elapsed time
Statistics on the network after iteration 1280 (MF = 107.339187)
	Number of nodes: 27919
	Number of allocated nodes: 28672
	Number of edges: 205965
	Maximum in degree: 585 (node 27517)
	Maximum out degree: 497 (node 7314)
	source 637 (node 7314) with out degree 497
	target 1010 (node 27517) with in degree 585

Execution time and memory used at after iteration 1281 (MF = 107.339187): 1.530679e+05 seconds, 431370240 bytes of memory usage, 877668 kB of memory peak and 1-18:31:19 elapsed time
Statistics on the network after iteration 1281 (MF = 107.339187)
	Number of nodes: 27919
	Number of allocated nodes: 28672
	Number of edges: 205965
	Maximum in degree: 585 (node 27517)
	Maximum out degree: 497 (node 7314)
	source 637 (node 7314) with out degree 497
	target 1010 (node 27517) with in degree 585

Execution time and memory used at after iteration 1282 (MF = 107.339187): 1.533745e+05 seconds, 431554560 bytes of memory usage, 878196 kB of memory peak and 1-18:36:25 elapsed time
Statistics on the network after iteration 1282 (MF = 107.339187)
	Number of nodes: 27919
	Number of allocated nodes: 28672
	Number of edges: 205965
	Maximum in degree: 585 (node 27517)
	Maximum out degree: 497 (node 7314)
	source 637 (node 7314) with out degree 497
	target 1010 (node 27517) with in degree 585

Execution time and memory used at after iteration 1283 (MF = 107.339187): 1.536813e+05 seconds, 431738880 bytes of memory usage, 878704 kB of memory peak and 1-18:41:32 elapsed time
Statistics on the network after iteration 1283 (MF = 107.339187)
	Number of nodes: 27919
	Number of allocated nodes: 28672
	Number of edges: 205965
	Maximum in degree: 585 (node 27517)
	Maximum out degree: 497 (node 7314)
	source 637 (node 7314) with out degree 497
	target 1010 (node 27517) with in degree 585

Execution time and memory used at after iteration 1284 (MF = 107.339187): 1.539879e+05 seconds, 431906816 bytes of memory usage, 879220 kB of memory peak and 1-18:46:39 elapsed time
Statistics on the network after iteration 1284 (MF = 107.339187)
	Number of nodes: 27919
	Number of allocated nodes: 28672
	Number of edges: 205965
	Maximum in degree: 585 (node 27517)
	Maximum out degree: 497 (node 7314)
	source 637 (node 7314) with out degree 497
	target 1010 (node 27517) with in degree 585

Execution time and memory used at after iteration 1285 (MF = 107.411275): 1.542951e+05 seconds, 432091136 bytes of memory usage, 879740 kB of memory peak and 1-18:51:46 elapsed time
Statistics on the network after iteration 1285 (MF = 107.411275)
	Number of nodes: 27919
	Number of allocated nodes: 28672
	Number of edges: 205965
	Maximum in degree: 585 (node 27517)
	Maximum out degree: 497 (node 7314)
	source 637 (node 7314) with out degree 497
	target 1010 (node 27517) with in degree 585

Execution time and memory used at after iteration 1286 (MF = 107.411275): 1.546019e+05 seconds, 432271360 bytes of memory usage, 880256 kB of memory peak and 1-18:56:53 elapsed time
Statistics on the network after iteration 1286 (MF = 107.411275)
	Number of nodes: 27919
	Number of allocated nodes: 28672
	Number of edges: 205965
	Maximum in degree: 585 (node 27517)
	Maximum out degree: 497 (node 7314)
	source 637 (node 7314) with out degree 497
	target 1010 (node 27517) with in degree 585

Execution time and memory used at after iteration 1287 (MF = 107.339187): 1.549086e+05 seconds, 432447488 bytes of memory usage, 880764 kB of memory peak and 1-19:02:00 elapsed time
Statistics on the network after iteration 1287 (MF = 107.339187)
	Number of nodes: 27919
	Number of allocated nodes: 28672
	Number of edges: 205965
	Maximum in degree: 585 (node 27517)
	Maximum out degree: 497 (node 7314)
	source 637 (node 7314) with out degree 497
	target 1010 (node 27517) with in degree 585

Execution time and memory used at after iteration 1288 (MF = 107.339187): 1.552156e+05 seconds, 432623616 bytes of memory usage, 881272 kB of memory peak and 1-19:07:07 elapsed time
Statistics on the network after iteration 1288 (MF = 107.339187)
	Number of nodes: 27919
	Number of allocated nodes: 28672
	Number of edges: 205965
	Maximum in degree: 585 (node 27517)
	Maximum out degree: 497 (node 7314)
	source 637 (node 7314) with out degree 497
	target 1010 (node 27517) with in degree 585

Execution time and memory used at after iteration 1289 (MF = 107.339187): 1.555233e+05 seconds, 432799744 bytes of memory usage, 881764 kB of memory peak and 1-19:12:14 elapsed time
Statistics on the network after iteration 1289 (MF = 107.339187)
	Number of nodes: 27919
	Number of allocated nodes: 28672
	Number of edges: 205965
	Maximum in degree: 585 (node 27517)
	Maximum out degree: 497 (node 7314)
	source 637 (node 7314) with out degree 497
	target 1010 (node 27517) with in degree 585

Execution time and memory used at after iteration 1290 (MF = 107.339187): 1.558229e+05 seconds, 432971776 bytes of memory usage, 882272 kB of memory peak and 1-19:17:14 elapsed time
Statistics on the network after iteration 1290 (MF = 107.339187)
	Number of nodes: 27919
	Number of allocated nodes: 28672
	Number of edges: 205965
	Maximum in degree: 585 (node 27517)
	Maximum out degree: 497 (node 7314)
	source 637 (node 7314) with out degree 497
	target 1010 (node 27517) with in degree 585

Execution time and memory used at after iteration 1291 (MF = 107.376155): 1.561223e+05 seconds, 433156096 bytes of memory usage, 882792 kB of memory peak and 1-19:22:13 elapsed time
Statistics on the network after iteration 1291 (MF = 107.376155)
	Number of nodes: 27919
	Number of allocated nodes: 28672
	Number of edges: 205965
	Maximum in degree: 585 (node 27517)
	Maximum out degree: 497 (node 7314)
	source 637 (node 7314) with out degree 497
	target 1010 (node 27517) with in degree 585

Execution time and memory used at after iteration 1292 (MF = 107.376155): 1.564239e+05 seconds, 433332224 bytes of memory usage, 883300 kB of memory peak and 1-19:27:15 elapsed time
Statistics on the network after iteration 1292 (MF = 107.376155)
	Number of nodes: 27919
	Number of allocated nodes: 28672
	Number of edges: 205965
	Maximum in degree: 585 (node 27517)
	Maximum out degree: 497 (node 7314)
	source 637 (node 7314) with out degree 497
	target 1010 (node 27517) with in degree 585

Execution time and memory used at after iteration 1293 (MF = 107.280961): 1.567254e+05 seconds, 433516544 bytes of memory usage, 883808 kB of memory peak and 1-19:32:16 elapsed time
Statistics on the network after iteration 1293 (MF = 107.280961)
	Number of nodes: 27919
	Number of allocated nodes: 28672
	Number of edges: 205965
	Maximum in degree: 585 (node 27517)
	Maximum out degree: 497 (node 7314)
	source 637 (node 7314) with out degree 497
	target 1010 (node 27517) with in degree 585

Execution time and memory used at after iteration 1294 (MF = 107.294824): 1.570360e+05 seconds, 433688576 bytes of memory usage, 884316 kB of memory peak and 1-19:37:27 elapsed time
Statistics on the network after iteration 1294 (MF = 107.294824)
	Number of nodes: 27919
	Number of allocated nodes: 28672
	Number of edges: 205965
	Maximum in degree: 585 (node 27517)
	Maximum out degree: 497 (node 7314)
	source 637 (node 7314) with out degree 497
	target 1010 (node 27517) with in degree 585

Execution time and memory used at after iteration 1295 (MF = 107.339187): 1.573468e+05 seconds, 433872896 bytes of memory usage, 884832 kB of memory peak and 1-19:42:38 elapsed time
Statistics on the network after iteration 1295 (MF = 107.339187)
	Number of nodes: 27919
	Number of allocated nodes: 28672
	Number of edges: 205965
	Maximum in degree: 585 (node 27517)
	Maximum out degree: 497 (node 7314)
	source 637 (node 7314) with out degree 497
	target 1010 (node 27517) with in degree 585

Execution time and memory used at after iteration 1296 (MF = 107.339187): 1.576577e+05 seconds, 434049024 bytes of memory usage, 885336 kB of memory peak and 1-19:47:49 elapsed time
Statistics on the network after iteration 1296 (MF = 107.339187)
	Number of nodes: 27919
	Number of allocated nodes: 28672
	Number of edges: 205965
	Maximum in degree: 585 (node 27517)
	Maximum out degree: 497 (node 7314)
	source 637 (node 7314) with out degree 497
	target 1010 (node 27517) with in degree 585

Execution time and memory used at after iteration 1297 (MF = 107.339187): 1.579688e+05 seconds, 434225152 bytes of memory usage, 885844 kB of memory peak and 1-19:53:00 elapsed time
Statistics on the network after iteration 1297 (MF = 107.339187)
	Number of nodes: 27919
	Number of allocated nodes: 28672
	Number of edges: 205965
	Maximum in degree: 585 (node 27517)
	Maximum out degree: 497 (node 7314)
	source 637 (node 7314) with out degree 497
	target 1010 (node 27517) with in degree 585

Execution time and memory used at after iteration 1298 (MF = 107.339187): 1.582730e+05 seconds, 434397184 bytes of memory usage, 886352 kB of memory peak and 1-19:58:04 elapsed time
Statistics on the network after iteration 1298 (MF = 107.339187)
	Number of nodes: 27919
	Number of allocated nodes: 28672
	Number of edges: 205965
	Maximum in degree: 585 (node 27517)
	Maximum out degree: 497 (node 7314)
	source 637 (node 7314) with out degree 497
	target 1010 (node 27517) with in degree 585

Execution time and memory used at after iteration 1299 (MF = 107.280961): 1.585773e+05 seconds, 434581504 bytes of memory usage, 886860 kB of memory peak and 1-20:03:08 elapsed time
Statistics on the network after iteration 1299 (MF = 107.280961)
	Number of nodes: 27919
	Number of allocated nodes: 28672
	Number of edges: 205965
	Maximum in degree: 585 (node 27517)
	Maximum out degree: 497 (node 7314)
	source 637 (node 7314) with out degree 497
	target 1010 (node 27517) with in degree 585

Execution time and memory used at after iteration 1300 (MF = 107.280961): 1.588817e+05 seconds, 434757632 bytes of memory usage, 887368 kB of memory peak and 1-20:08:13 elapsed time
Statistics on the network after iteration 1300 (MF = 107.280961)
	Number of nodes: 27919
	Number of allocated nodes: 28672
	Number of edges: 205965
	Maximum in degree: 585 (node 27517)
	Maximum out degree: 497 (node 7314)
	source 637 (node 7314) with out degree 497
	target 1010 (node 27517) with in degree 585

Execution time and memory used at after iteration 1301 (MF = 107.280961): 1.591859e+05 seconds, 434941952 bytes of memory usage, 887892 kB of memory peak and 1-20:13:17 elapsed time
Statistics on the network after iteration 1301 (MF = 107.280961)
	Number of nodes: 27919
	Number of allocated nodes: 28672
	Number of edges: 205965
	Maximum in degree: 585 (node 27517)
	Maximum out degree: 497 (node 7314)
	source 637 (node 7314) with out degree 497
	target 1010 (node 27517) with in degree 585

Execution time and memory used at after iteration 1302 (MF = 107.280961): 1.594996e+05 seconds, 435122176 bytes of memory usage, 888404 kB of memory peak and 1-20:18:31 elapsed time
Statistics on the network after iteration 1302 (MF = 107.280961)
	Number of nodes: 27919
	Number of allocated nodes: 28672
	Number of edges: 205965
	Maximum in degree: 585 (node 27517)
	Maximum out degree: 497 (node 7314)
	source 637 (node 7314) with out degree 497
	target 1010 (node 27517) with in degree 585

Execution time and memory used at after iteration 1303 (MF = 107.339187): 1.598140e+05 seconds, 435298304 bytes of memory usage, 888920 kB of memory peak and 1-20:23:45 elapsed time
Statistics on the network after iteration 1303 (MF = 107.339187)
	Number of nodes: 27919
	Number of allocated nodes: 28672
	Number of edges: 205965
	Maximum in degree: 585 (node 27517)
	Maximum out degree: 497 (node 7314)
	source 637 (node 7314) with out degree 497
	target 1010 (node 27517) with in degree 585

Execution time and memory used at after iteration 1304 (MF = 107.339187): 1.601282e+05 seconds, 435474432 bytes of memory usage, 889420 kB of memory peak and 1-20:28:59 elapsed time
Statistics on the network after iteration 1304 (MF = 107.339187)
	Number of nodes: 27919
	Number of allocated nodes: 28672
	Number of edges: 205965
	Maximum in degree: 585 (node 27517)
	Maximum out degree: 497 (node 7314)
	source 637 (node 7314) with out degree 497
	target 1010 (node 27517) with in degree 585

Execution time and memory used at after iteration 1305 (MF = 107.339187): 1.604429e+05 seconds, 435658752 bytes of memory usage, 889928 kB of memory peak and 1-20:34:14 elapsed time
Statistics on the network after iteration 1305 (MF = 107.339187)
	Number of nodes: 27919
	Number of allocated nodes: 28672
	Number of edges: 205965
	Maximum in degree: 585 (node 27517)
	Maximum out degree: 497 (node 7314)
	source 637 (node 7314) with out degree 497
	target 1010 (node 27517) with in degree 585

Execution time and memory used at after iteration 1306 (MF = 107.339187): 1.607576e+05 seconds, 435826688 bytes of memory usage, 890428 kB of memory peak and 1-20:39:29 elapsed time
Statistics on the network after iteration 1306 (MF = 107.339187)
	Number of nodes: 27919
	Number of allocated nodes: 28672
	Number of edges: 205965
	Maximum in degree: 585 (node 27517)
	Maximum out degree: 497 (node 7314)
	source 637 (node 7314) with out degree 497
	target 1010 (node 27517) with in degree 585

Execution time and memory used at after iteration 1307 (MF = 107.280961): 1.610726e+05 seconds, 436015104 bytes of memory usage, 890948 kB of memory peak and 1-20:44:44 elapsed time
Statistics on the network after iteration 1307 (MF = 107.280961)
	Number of nodes: 27919
	Number of allocated nodes: 28672
	Number of edges: 205965
	Maximum in degree: 585 (node 27517)
	Maximum out degree: 497 (node 7314)
	source 637 (node 7314) with out degree 497
	target 1010 (node 27517) with in degree 585

Execution time and memory used at after iteration 1308 (MF = 107.280961): 1.613879e+05 seconds, 436195328 bytes of memory usage, 891456 kB of memory peak and 1-20:49:59 elapsed time
Statistics on the network after iteration 1308 (MF = 107.280961)
	Number of nodes: 27919
	Number of allocated nodes: 28672
	Number of edges: 205965
	Maximum in degree: 585 (node 27517)
	Maximum out degree: 497 (node 7314)
	source 637 (node 7314) with out degree 497
	target 1010 (node 27517) with in degree 585

Execution time and memory used at after iteration 1309 (MF = 107.280961): 1.617031e+05 seconds, 436371456 bytes of memory usage, 891960 kB of memory peak and 1-20:55:14 elapsed time
Statistics on the network after iteration 1309 (MF = 107.280961)
	Number of nodes: 27919
	Number of allocated nodes: 28672
	Number of edges: 205965
	Maximum in degree: 585 (node 27517)
	Maximum out degree: 497 (node 7314)
	source 637 (node 7314) with out degree 497
	target 1010 (node 27517) with in degree 585

Execution time and memory used at after iteration 1310 (MF = 107.280961): 1.620409e+05 seconds, 436555776 bytes of memory usage, 892484 kB of memory peak and 1-21:00:52 elapsed time
Statistics on the network after iteration 1310 (MF = 107.280961)
	Number of nodes: 27919
	Number of allocated nodes: 28672
	Number of edges: 205965
	Maximum in degree: 585 (node 27517)
	Maximum out degree: 497 (node 7314)
	source 637 (node 7314) with out degree 497
	target 1010 (node 27517) with in degree 585

Execution time and memory used at after iteration 1311 (MF = 107.376155): 1.623784e+05 seconds, 436731904 bytes of memory usage, 893016 kB of memory peak and 1-21:06:30 elapsed time
Statistics on the network after iteration 1311 (MF = 107.376155)
	Number of nodes: 27919
	Number of allocated nodes: 28672
	Number of edges: 205965
	Maximum in degree: 585 (node 27517)
	Maximum out degree: 497 (node 7314)
	source 637 (node 7314) with out degree 497
	target 1010 (node 27517) with in degree 585

Execution time and memory used at after iteration 1312 (MF = 107.376155): 1.627166e+05 seconds, 436908032 bytes of memory usage, 893508 kB of memory peak and 1-21:12:08 elapsed time
Statistics on the network after iteration 1312 (MF = 107.376155)
	Number of nodes: 27919
	Number of allocated nodes: 28672
	Number of edges: 205965
	Maximum in degree: 585 (node 27517)
	Maximum out degree: 497 (node 7314)
	source 637 (node 7314) with out degree 497
	target 1010 (node 27517) with in degree 585

Execution time and memory used at after iteration 1313 (MF = 107.376155): 1.630552e+05 seconds, 437104640 bytes of memory usage, 894028 kB of memory peak and 1-21:17:46 elapsed time
Statistics on the network after iteration 1313 (MF = 107.376155)
	Number of nodes: 27919
	Number of allocated nodes: 28672
	Number of edges: 205965
	Maximum in degree: 585 (node 27517)
	Maximum out degree: 497 (node 7314)
	source 637 (node 7314) with out degree 497
	target 1010 (node 27517) with in degree 585

Execution time and memory used at after iteration 1314 (MF = 107.376155): 1.633940e+05 seconds, 437288960 bytes of memory usage, 894548 kB of memory peak and 1-21:23:25 elapsed time
Statistics on the network after iteration 1314 (MF = 107.376155)
	Number of nodes: 27919
	Number of allocated nodes: 28672
	Number of edges: 205965
	Maximum in degree: 585 (node 27517)
	Maximum out degree: 497 (node 7314)
	source 637 (node 7314) with out degree 497
	target 1010 (node 27517) with in degree 585

Execution time and memory used at after iteration 1315 (MF = 107.376155): 1.637330e+05 seconds, 437456896 bytes of memory usage, 895056 kB of memory peak and 1-21:29:04 elapsed time
Statistics on the network after iteration 1315 (MF = 107.376155)
	Number of nodes: 27919
	Number of allocated nodes: 28672
	Number of edges: 205965
	Maximum in degree: 585 (node 27517)
	Maximum out degree: 497 (node 7314)
	source 637 (node 7314) with out degree 497
	target 1010 (node 27517) with in degree 585

Execution time and memory used at after iteration 1316 (MF = 107.376155): 1.640716e+05 seconds, 437637120 bytes of memory usage, 895564 kB of memory peak and 1-21:34:43 elapsed time
Statistics on the network after iteration 1316 (MF = 107.376155)
	Number of nodes: 27919
	Number of allocated nodes: 28672
	Number of edges: 205965
	Maximum in degree: 585 (node 27517)
	Maximum out degree: 497 (node 7314)
	source 637 (node 7314) with out degree 497
	target 1010 (node 27517) with in degree 585

Execution time and memory used at after iteration 1317 (MF = 107.376155): 1.643827e+05 seconds, 437809152 bytes of memory usage, 896072 kB of memory peak and 1-21:39:54 elapsed time
Statistics on the network after iteration 1317 (MF = 107.376155)
	Number of nodes: 27919
	Number of allocated nodes: 28672
	Number of edges: 205965
	Maximum in degree: 585 (node 27517)
	Maximum out degree: 497 (node 7314)
	source 637 (node 7314) with out degree 497
	target 1010 (node 27517) with in degree 585

Execution time and memory used at after iteration 1318 (MF = 107.411275): 1.646943e+05 seconds, 437989376 bytes of memory usage, 896588 kB of memory peak and 1-21:45:06 elapsed time
Statistics on the network after iteration 1318 (MF = 107.411275)
	Number of nodes: 27919
	Number of allocated nodes: 28672
	Number of edges: 205965
	Maximum in degree: 585 (node 27517)
	Maximum out degree: 497 (node 7314)
	source 637 (node 7314) with out degree 497
	target 1010 (node 27517) with in degree 585

Execution time and memory used at after iteration 1319 (MF = 107.339187): 1.650359e+05 seconds, 438177792 bytes of memory usage, 897108 kB of memory peak and 1-21:50:47 elapsed time
Statistics on the network after iteration 1319 (MF = 107.339187)
	Number of nodes: 27919
	Number of allocated nodes: 28672
	Number of edges: 205965
	Maximum in degree: 585 (node 27517)
	Maximum out degree: 497 (node 7314)
	source 637 (node 7314) with out degree 497
	target 1010 (node 27517) with in degree 585

Execution time and memory used at after iteration 1320 (MF = 107.434381): 1.653773e+05 seconds, 438349824 bytes of memory usage, 897612 kB of memory peak and 1-21:56:29 elapsed time
Statistics on the network after iteration 1320 (MF = 107.434381)
	Number of nodes: 27919
	Number of allocated nodes: 28672
	Number of edges: 205965
	Maximum in degree: 585 (node 27517)
	Maximum out degree: 497 (node 7314)
	source 637 (node 7314) with out degree 497
	target 1010 (node 27517) with in degree 585

Execution time and memory used at after iteration 1321 (MF = 107.434381): 1.657195e+05 seconds, 438525952 bytes of memory usage, 898112 kB of memory peak and 1-22:02:11 elapsed time
Statistics on the network after iteration 1321 (MF = 107.434381)
	Number of nodes: 27919
	Number of allocated nodes: 28672
	Number of edges: 205965
	Maximum in degree: 585 (node 27517)
	Maximum out degree: 497 (node 7314)
	source 637 (node 7314) with out degree 497
	target 1010 (node 27517) with in degree 585

Execution time and memory used at after iteration 1322 (MF = 107.434381): 1.660628e+05 seconds, 438710272 bytes of memory usage, 898620 kB of memory peak and 1-22:07:54 elapsed time
Statistics on the network after iteration 1322 (MF = 107.434381)
	Number of nodes: 27919
	Number of allocated nodes: 28672
	Number of edges: 205965
	Maximum in degree: 585 (node 27517)
	Maximum out degree: 497 (node 7314)
	source 637 (node 7314) with out degree 497
	target 1010 (node 27517) with in degree 585

Execution time and memory used at after iteration 1323 (MF = 107.434381): 1.664056e+05 seconds, 438882304 bytes of memory usage, 899136 kB of memory peak and 1-22:13:37 elapsed time
Statistics on the network after iteration 1323 (MF = 107.434381)
	Number of nodes: 27919
	Number of allocated nodes: 28672
	Number of edges: 205965
	Maximum in degree: 585 (node 27517)
	Maximum out degree: 497 (node 7314)
	source 637 (node 7314) with out degree 497
	target 1010 (node 27517) with in degree 585

Execution time and memory used at after iteration 1324 (MF = 107.434381): 1.667482e+05 seconds, 439058432 bytes of memory usage, 899628 kB of memory peak and 1-22:19:20 elapsed time
Statistics on the network after iteration 1324 (MF = 107.434381)
	Number of nodes: 27919
	Number of allocated nodes: 28672
	Number of edges: 205965
	Maximum in degree: 585 (node 27517)
	Maximum out degree: 497 (node 7314)
	source 637 (node 7314) with out degree 497
	target 1010 (node 27517) with in degree 585

Execution time and memory used at after iteration 1325 (MF = 107.434381): 1.670908e+05 seconds, 439246848 bytes of memory usage, 900148 kB of memory peak and 1-22:25:02 elapsed time
Statistics on the network after iteration 1325 (MF = 107.434381)
	Number of nodes: 27919
	Number of allocated nodes: 28672
	Number of edges: 205965
	Maximum in degree: 585 (node 27517)
	Maximum out degree: 497 (node 7314)
	source 637 (node 7314) with out degree 497
	target 1010 (node 27517) with in degree 585

Execution time and memory used at after iteration 1326 (MF = 107.434381): 1.674156e+05 seconds, 439410688 bytes of memory usage, 900656 kB of memory peak and 1-22:30:27 elapsed time
Statistics on the network after iteration 1326 (MF = 107.434381)
	Number of nodes: 27919
	Number of allocated nodes: 28672
	Number of edges: 205965
	Maximum in degree: 585 (node 27517)
	Maximum out degree: 497 (node 7314)
	source 637 (node 7314) with out degree 497
	target 1010 (node 27517) with in degree 585

Execution time and memory used at after iteration 1327 (MF = 107.339187): 1.677412e+05 seconds, 439586816 bytes of memory usage, 901148 kB of memory peak and 1-22:35:53 elapsed time
Statistics on the network after iteration 1327 (MF = 107.339187)
	Number of nodes: 27919
	Number of allocated nodes: 28672
	Number of edges: 205965
	Maximum in degree: 585 (node 27517)
	Maximum out degree: 497 (node 7314)
	source 637 (node 7314) with out degree 497
	target 1010 (node 27517) with in degree 585

Execution time and memory used at after iteration 1328 (MF = 107.339187): 1.680666e+05 seconds, 439771136 bytes of memory usage, 901660 kB of memory peak and 1-22:41:18 elapsed time
Statistics on the network after iteration 1328 (MF = 107.339187)
	Number of nodes: 27919
	Number of allocated nodes: 28672
	Number of edges: 205965
	Maximum in degree: 585 (node 27517)
	Maximum out degree: 497 (node 7314)
	source 637 (node 7314) with out degree 497
	target 1010 (node 27517) with in degree 585

Execution time and memory used at after iteration 1329 (MF = 107.339187): 1.683935e+05 seconds, 439947264 bytes of memory usage, 902176 kB of memory peak and 1-22:46:45 elapsed time
Statistics on the network after iteration 1329 (MF = 107.339187)
	Number of nodes: 27919
	Number of allocated nodes: 28672
	Number of edges: 205965
	Maximum in degree: 585 (node 27517)
	Maximum out degree: 497 (node 7314)
	source 637 (node 7314) with out degree 497
	target 1010 (node 27517) with in degree 585

Execution time and memory used at after iteration 1330 (MF = 107.280961): 1.687197e+05 seconds, 440127488 bytes of memory usage, 902684 kB of memory peak and 1-22:52:11 elapsed time
Statistics on the network after iteration 1330 (MF = 107.280961)
	Number of nodes: 27919
	Number of allocated nodes: 28672
	Number of edges: 205965
	Maximum in degree: 585 (node 27517)
	Maximum out degree: 497 (node 7314)
	source 637 (node 7314) with out degree 497
	target 1010 (node 27517) with in degree 585

Execution time and memory used at after iteration 1331 (MF = 107.280961): 1.690462e+05 seconds, 440303616 bytes of memory usage, 903192 kB of memory peak and 1-22:57:38 elapsed time
Statistics on the network after iteration 1331 (MF = 107.280961)
	Number of nodes: 27919
	Number of allocated nodes: 28672
	Number of edges: 205965
	Maximum in degree: 585 (node 27517)
	Maximum out degree: 497 (node 7314)
	source 637 (node 7314) with out degree 497
	target 1010 (node 27517) with in degree 585

Execution time and memory used at after iteration 1332 (MF = 107.280961): 1.693729e+05 seconds, 440479744 bytes of memory usage, 903692 kB of memory peak and 1-23:03:04 elapsed time
Statistics on the network after iteration 1332 (MF = 107.280961)
	Number of nodes: 27919
	Number of allocated nodes: 28672
	Number of edges: 205965
	Maximum in degree: 585 (node 27517)
	Maximum out degree: 497 (node 7314)
	source 637 (node 7314) with out degree 497
	target 1010 (node 27517) with in degree 585

Execution time and memory used at after iteration 1333 (MF = 107.280961): 1.697000e+05 seconds, 440664064 bytes of memory usage, 904216 kB of memory peak and 1-23:08:32 elapsed time
Statistics on the network after iteration 1333 (MF = 107.280961)
	Number of nodes: 27919
	Number of allocated nodes: 28672
	Number of edges: 205965
	Maximum in degree: 585 (node 27517)
	Maximum out degree: 497 (node 7314)
	source 637 (node 7314) with out degree 497
	target 1010 (node 27517) with in degree 585

Execution time and memory used at after iteration 1334 (MF = 107.339187): 1.700271e+05 seconds, 440836096 bytes of memory usage, 904712 kB of memory peak and 1-23:13:59 elapsed time
Statistics on the network after iteration 1334 (MF = 107.339187)
	Number of nodes: 27919
	Number of allocated nodes: 28672
	Number of edges: 205965
	Maximum in degree: 585 (node 27517)
	Maximum out degree: 497 (node 7314)
	source 637 (node 7314) with out degree 497
	target 1010 (node 27517) with in degree 585

Execution time and memory used at after iteration 1335 (MF = 107.339187): 1.703545e+05 seconds, 441012224 bytes of memory usage, 905228 kB of memory peak and 1-23:19:26 elapsed time
Statistics on the network after iteration 1335 (MF = 107.339187)
	Number of nodes: 27919
	Number of allocated nodes: 28672
	Number of edges: 205965
	Maximum in degree: 585 (node 27517)
	Maximum out degree: 497 (node 7314)
	source 637 (node 7314) with out degree 497
	target 1010 (node 27517) with in degree 585

Execution time and memory used at after iteration 1336 (MF = 107.434381): 1.706745e+05 seconds, 441196544 bytes of memory usage, 905736 kB of memory peak and 1-23:24:46 elapsed time
Statistics on the network after iteration 1336 (MF = 107.434381)
	Number of nodes: 27919
	Number of allocated nodes: 28672
	Number of edges: 205965
	Maximum in degree: 585 (node 27517)
	Maximum out degree: 497 (node 7314)
	source 637 (node 7314) with out degree 497
	target 1010 (node 27517) with in degree 585

Execution time and memory used at after iteration 1337 (MF = 107.339187): 1.709947e+05 seconds, 441372672 bytes of memory usage, 906252 kB of memory peak and 1-23:30:06 elapsed time
Statistics on the network after iteration 1337 (MF = 107.339187)
	Number of nodes: 27919
	Number of allocated nodes: 28672
	Number of edges: 205965
	Maximum in degree: 585 (node 27517)
	Maximum out degree: 497 (node 7314)
	source 637 (node 7314) with out degree 497
	target 1010 (node 27517) with in degree 585

Execution time and memory used at after iteration 1338 (MF = 107.339187): 1.713155e+05 seconds, 441556992 bytes of memory usage, 906760 kB of memory peak and 1-23:35:27 elapsed time
Statistics on the network after iteration 1338 (MF = 107.339187)
	Number of nodes: 27919
	Number of allocated nodes: 28672
	Number of edges: 205965
	Maximum in degree: 585 (node 27517)
	Maximum out degree: 497 (node 7314)
	source 637 (node 7314) with out degree 497
	target 1010 (node 27517) with in degree 585

Execution time and memory used at after iteration 1339 (MF = 107.339187): 1.716364e+05 seconds, 441729024 bytes of memory usage, 907280 kB of memory peak and 1-23:40:48 elapsed time
Statistics on the network after iteration 1339 (MF = 107.339187)
	Number of nodes: 27919
	Number of allocated nodes: 28672
	Number of edges: 205965
	Maximum in degree: 585 (node 27517)
	Maximum out degree: 497 (node 7314)
	source 637 (node 7314) with out degree 497
	target 1010 (node 27517) with in degree 585

Execution time and memory used at after iteration 1340 (MF = 107.339187): 1.719585e+05 seconds, 441905152 bytes of memory usage, 907780 kB of memory peak and 1-23:46:10 elapsed time
Statistics on the network after iteration 1340 (MF = 107.339187)
	Number of nodes: 27919
	Number of allocated nodes: 28672
	Number of edges: 205965
	Maximum in degree: 585 (node 27517)
	Maximum out degree: 497 (node 7314)
	source 637 (node 7314) with out degree 497
	target 1010 (node 27517) with in degree 585

Execution time and memory used at after iteration 1341 (MF = 107.339187): 1.722831e+05 seconds, 442089472 bytes of memory usage, 908296 kB of memory peak and 1-23:51:35 elapsed time
Statistics on the network after iteration 1341 (MF = 107.339187)
	Number of nodes: 27919
	Number of allocated nodes: 28672
	Number of edges: 205965
	Maximum in degree: 585 (node 27517)
	Maximum out degree: 497 (node 7314)
	source 637 (node 7314) with out degree 497
	target 1010 (node 27517) with in degree 585

Execution time and memory used at after iteration 1342 (MF = 107.339187): 1.726095e+05 seconds, 442273792 bytes of memory usage, 908796 kB of memory peak and 1-23:57:01 elapsed time
Statistics on the network after iteration 1342 (MF = 107.339187)
	Number of nodes: 27919
	Number of allocated nodes: 28672
	Number of edges: 205965
	Maximum in degree: 585 (node 27517)
	Maximum out degree: 497 (node 7314)
	source 637 (node 7314) with out degree 497
	target 1010 (node 27517) with in degree 585

Execution time and memory used at after iteration 1343 (MF = 107.339187): 1.729363e+05 seconds, 442445824 bytes of memory usage, 909312 kB of memory peak and 2-00:02:28 elapsed time
Statistics on the network after iteration 1343 (MF = 107.339187)
	Number of nodes: 27919
	Number of allocated nodes: 28672
	Number of edges: 205965
	Maximum in degree: 585 (node 27517)
	Maximum out degree: 497 (node 7314)
	source 637 (node 7314) with out degree 497
	target 1010 (node 27517) with in degree 585

Execution time and memory used at after iteration 1344 (MF = 107.339187): 1.732635e+05 seconds, 442621952 bytes of memory usage, 909828 kB of memory peak and 2-00:07:55 elapsed time
Statistics on the network after iteration 1344 (MF = 107.339187)
	Number of nodes: 27919
	Number of allocated nodes: 28672
	Number of edges: 205965
	Maximum in degree: 585 (node 27517)
	Maximum out degree: 497 (node 7314)
	source 637 (node 7314) with out degree 497
	target 1010 (node 27517) with in degree 585

Execution time and memory used at after iteration 1345 (MF = 107.280961): 1.735999e+05 seconds, 442806272 bytes of memory usage, 910340 kB of memory peak and 2-00:13:32 elapsed time
Statistics on the network after iteration 1345 (MF = 107.280961)
	Number of nodes: 27919
	Number of allocated nodes: 28672
	Number of edges: 205965
	Maximum in degree: 585 (node 27517)
	Maximum out degree: 497 (node 7314)
	source 637 (node 7314) with out degree 497
	target 1010 (node 27517) with in degree 585

Execution time and memory used at after iteration 1346 (MF = 107.280961): 1.739361e+05 seconds, 442982400 bytes of memory usage, 910840 kB of memory peak and 2-00:19:08 elapsed time
Statistics on the network after iteration 1346 (MF = 107.280961)
	Number of nodes: 27919
	Number of allocated nodes: 28672
	Number of edges: 205965
	Maximum in degree: 585 (node 27517)
	Maximum out degree: 497 (node 7314)
	source 637 (node 7314) with out degree 497
	target 1010 (node 27517) with in degree 585

Execution time and memory used at after iteration 1347 (MF = 107.280961): 1.742725e+05 seconds, 443154432 bytes of memory usage, 911356 kB of memory peak and 2-00:24:44 elapsed time
Statistics on the network after iteration 1347 (MF = 107.280961)
	Number of nodes: 27919
	Number of allocated nodes: 28672
	Number of edges: 205965
	Maximum in degree: 585 (node 27517)
	Maximum out degree: 497 (node 7314)
	source 637 (node 7314) with out degree 497
	target 1010 (node 27517) with in degree 585

Execution time and memory used at after iteration 1348 (MF = 107.280961): 1.746093e+05 seconds, 443342848 bytes of memory usage, 911876 kB of memory peak and 2-00:30:21 elapsed time
Statistics on the network after iteration 1348 (MF = 107.280961)
	Number of nodes: 27919
	Number of allocated nodes: 28672
	Number of edges: 205965
	Maximum in degree: 585 (node 27517)
	Maximum out degree: 497 (node 7314)
	source 637 (node 7314) with out degree 497
	target 1010 (node 27517) with in degree 585

Execution time and memory used at after iteration 1349 (MF = 107.280961): 1.749465e+05 seconds, 443518976 bytes of memory usage, 912376 kB of memory peak and 2-00:35:59 elapsed time
Statistics on the network after iteration 1349 (MF = 107.280961)
	Number of nodes: 27919
	Number of allocated nodes: 28672
	Number of edges: 205965
	Maximum in degree: 585 (node 27517)
	Maximum out degree: 497 (node 7314)
	source 637 (node 7314) with out degree 497
	target 1010 (node 27517) with in degree 585

Execution time and memory used at after iteration 1350 (MF = 107.294824): 1.752765e+05 seconds, 443691008 bytes of memory usage, 912884 kB of memory peak and 2-00:41:28 elapsed time
Statistics on the network after iteration 1350 (MF = 107.294824)
	Number of nodes: 27919
	Number of allocated nodes: 28672
	Number of edges: 205965
	Maximum in degree: 585 (node 27517)
	Maximum out degree: 497 (node 7314)
	source 637 (node 7314) with out degree 497
	target 1010 (node 27517) with in degree 585

Execution time and memory used at after iteration 1351 (MF = 107.280961): 1.756065e+05 seconds, 443871232 bytes of memory usage, 913392 kB of memory peak and 2-00:46:59 elapsed time
Statistics on the network after iteration 1351 (MF = 107.280961)
	Number of nodes: 27919
	Number of allocated nodes: 28672
	Number of edges: 205965
	Maximum in degree: 585 (node 27517)
	Maximum out degree: 497 (node 7314)
	source 637 (node 7314) with out degree 497
	target 1010 (node 27517) with in degree 585

Execution time and memory used at after iteration 1352 (MF = 107.280961): 1.759371e+05 seconds, 444055552 bytes of memory usage, 913896 kB of memory peak and 2-00:52:29 elapsed time
Statistics on the network after iteration 1352 (MF = 107.280961)
	Number of nodes: 27919
	Number of allocated nodes: 28672
	Number of edges: 205965
	Maximum in degree: 585 (node 27517)
	Maximum out degree: 497 (node 7314)
	source 637 (node 7314) with out degree 497
	target 1010 (node 27517) with in degree 585

Execution time and memory used at after iteration 1353 (MF = 107.280961): 1.762685e+05 seconds, 444239872 bytes of memory usage, 914412 kB of memory peak and 2-00:58:00 elapsed time
Statistics on the network after iteration 1353 (MF = 107.280961)
	Number of nodes: 27919
	Number of allocated nodes: 28672
	Number of edges: 205965
	Maximum in degree: 585 (node 27517)
	Maximum out degree: 497 (node 7314)
	source 637 (node 7314) with out degree 497
	target 1010 (node 27517) with in degree 585

Execution time and memory used at after iteration 1354 (MF = 107.280961): 1.765998e+05 seconds, 444416000 bytes of memory usage, 914908 kB of memory peak and 2-01:03:32 elapsed time
Statistics on the network after iteration 1354 (MF = 107.280961)
	Number of nodes: 27919
	Number of allocated nodes: 28672
	Number of edges: 205965
	Maximum in degree: 585 (node 27517)
	Maximum out degree: 497 (node 7314)
	source 637 (node 7314) with out degree 497
	target 1010 (node 27517) with in degree 585

Execution time and memory used at after iteration 1355 (MF = 107.280961): 1.769311e+05 seconds, 444583936 bytes of memory usage, 915424 kB of memory peak and 2-01:09:03 elapsed time
Statistics on the network after iteration 1355 (MF = 107.280961)
	Number of nodes: 27919
	Number of allocated nodes: 28672
	Number of edges: 205965
	Maximum in degree: 585 (node 27517)
	Maximum out degree: 497 (node 7314)
	source 637 (node 7314) with out degree 497
	target 1010 (node 27517) with in degree 585

Execution time and memory used at after iteration 1356 (MF = 107.280961): 1.772625e+05 seconds, 444772352 bytes of memory usage, 915924 kB of memory peak and 2-01:14:35 elapsed time
Statistics on the network after iteration 1356 (MF = 107.280961)
	Number of nodes: 27919
	Number of allocated nodes: 28672
	Number of edges: 205965
	Maximum in degree: 585 (node 27517)
	Maximum out degree: 497 (node 7314)
	source 637 (node 7314) with out degree 497
	target 1010 (node 27517) with in degree 585

Execution time and memory used at after iteration 1357 (MF = 107.280961): 1.775938e+05 seconds, 444940288 bytes of memory usage, 916432 kB of memory peak and 2-01:20:06 elapsed time
Statistics on the network after iteration 1357 (MF = 107.280961)
	Number of nodes: 27919
	Number of allocated nodes: 28672
	Number of edges: 205965
	Maximum in degree: 585 (node 27517)
	Maximum out degree: 497 (node 7314)
	source 637 (node 7314) with out degree 497
	target 1010 (node 27517) with in degree 585

Execution time and memory used at after iteration 1358 (MF = 107.353050): 1.779350e+05 seconds, 445116416 bytes of memory usage, 916940 kB of memory peak and 2-01:25:47 elapsed time
Statistics on the network after iteration 1358 (MF = 107.353050)
	Number of nodes: 27919
	Number of allocated nodes: 28672
	Number of edges: 205965
	Maximum in degree: 585 (node 27517)
	Maximum out degree: 497 (node 7314)
	source 637 (node 7314) with out degree 497
	target 1010 (node 27517) with in degree 585

Execution time and memory used at after iteration 1359 (MF = 107.280961): 1.782768e+05 seconds, 445308928 bytes of memory usage, 917456 kB of memory peak and 2-01:31:29 elapsed time
Statistics on the network after iteration 1359 (MF = 107.280961)
	Number of nodes: 27919
	Number of allocated nodes: 28672
	Number of edges: 205965
	Maximum in degree: 585 (node 27517)
	Maximum out degree: 497 (node 7314)
	source 637 (node 7314) with out degree 497
	target 1010 (node 27517) with in degree 585

Execution time and memory used at after iteration 1360 (MF = 107.353050): 1.786091e+05 seconds, 445480960 bytes of memory usage, 917960 kB of memory peak and 2-01:37:01 elapsed time
Statistics on the network after iteration 1360 (MF = 107.353050)
	Number of nodes: 27919
	Number of allocated nodes: 28672
	Number of edges: 205965
	Maximum in degree: 585 (node 27517)
	Maximum out degree: 497 (node 7314)
	source 637 (node 7314) with out degree 497
	target 1010 (node 27517) with in degree 585

Execution time and memory used at after iteration 1361 (MF = 107.280961): 1.789425e+05 seconds, 445665280 bytes of memory usage, 918476 kB of memory peak and 2-01:42:35 elapsed time
Statistics on the network after iteration 1361 (MF = 107.280961)
	Number of nodes: 27919
	Number of allocated nodes: 28672
	Number of edges: 205965
	Maximum in degree: 585 (node 27517)
	Maximum out degree: 497 (node 7314)
	source 637 (node 7314) with out degree 497
	target 1010 (node 27517) with in degree 585

Execution time and memory used at after iteration 1362 (MF = 107.280961): 1.792758e+05 seconds, 445845504 bytes of memory usage, 918984 kB of memory peak and 2-01:48:08 elapsed time
Statistics on the network after iteration 1362 (MF = 107.280961)
	Number of nodes: 27919
	Number of allocated nodes: 28672
	Number of edges: 205965
	Maximum in degree: 585 (node 27517)
	Maximum out degree: 497 (node 7314)
	source 637 (node 7314) with out degree 497
	target 1010 (node 27517) with in degree 585

Execution time and memory used at after iteration 1363 (MF = 107.353050): 1.796097e+05 seconds, 446029824 bytes of memory usage, 919500 kB of memory peak and 2-01:53:42 elapsed time
Statistics on the network after iteration 1363 (MF = 107.353050)
	Number of nodes: 27919
	Number of allocated nodes: 28672
	Number of edges: 205965
	Maximum in degree: 585 (node 27517)
	Maximum out degree: 497 (node 7314)
	source 637 (node 7314) with out degree 497
	target 1010 (node 27517) with in degree 585

Execution time and memory used at after iteration 1364 (MF = 107.411275): 1.799538e+05 seconds, 446201856 bytes of memory usage, 920024 kB of memory peak and 2-01:59:26 elapsed time
Statistics on the network after iteration 1364 (MF = 107.411275)
	Number of nodes: 27919
	Number of allocated nodes: 28672
	Number of edges: 205965
	Maximum in degree: 585 (node 27517)
	Maximum out degree: 497 (node 7314)
	source 637 (node 7314) with out degree 497
	target 1010 (node 27517) with in degree 585

Execution time and memory used at after iteration 1365 (MF = 107.339187): 1.802979e+05 seconds, 446386176 bytes of memory usage, 920536 kB of memory peak and 2-02:05:10 elapsed time
Statistics on the network after iteration 1365 (MF = 107.339187)
	Number of nodes: 27919
	Number of allocated nodes: 28672
	Number of edges: 205965
	Maximum in degree: 585 (node 27517)
	Maximum out degree: 497 (node 7314)
	source 637 (node 7314) with out degree 497
	target 1010 (node 27517) with in degree 585

Execution time and memory used at after iteration 1366 (MF = 107.411275): 1.806336e+05 seconds, 446566400 bytes of memory usage, 921060 kB of memory peak and 2-02:10:46 elapsed time
Statistics on the network after iteration 1366 (MF = 107.411275)
	Number of nodes: 27919
	Number of allocated nodes: 28672
	Number of edges: 205965
	Maximum in degree: 585 (node 27517)
	Maximum out degree: 497 (node 7314)
	source 637 (node 7314) with out degree 497
	target 1010 (node 27517) with in degree 585

Execution time and memory used at after iteration 1367 (MF = 107.339187): 1.809689e+05 seconds, 446746624 bytes of memory usage, 921560 kB of memory peak and 2-02:16:21 elapsed time
Statistics on the network after iteration 1367 (MF = 107.339187)
	Number of nodes: 27919
	Number of allocated nodes: 28672
	Number of edges: 205965
	Maximum in degree: 585 (node 27517)
	Maximum out degree: 497 (node 7314)
	source 637 (node 7314) with out degree 497
	target 1010 (node 27517) with in degree 585

Execution time and memory used at after iteration 1368 (MF = 107.339187): 1.813048e+05 seconds, 446930944 bytes of memory usage, 922076 kB of memory peak and 2-02:21:57 elapsed time
Statistics on the network after iteration 1368 (MF = 107.339187)
	Number of nodes: 27919
	Number of allocated nodes: 28672
	Number of edges: 205965
	Maximum in degree: 585 (node 27517)
	Maximum out degree: 497 (node 7314)
	source 637 (node 7314) with out degree 497
	target 1010 (node 27517) with in degree 585

Execution time and memory used at after iteration 1369 (MF = 107.411275): 1.816505e+05 seconds, 447102976 bytes of memory usage, 922588 kB of memory peak and 2-02:27:43 elapsed time
Statistics on the network after iteration 1369 (MF = 107.411275)
	Number of nodes: 27919
	Number of allocated nodes: 28672
	Number of edges: 205965
	Maximum in degree: 585 (node 27517)
	Maximum out degree: 497 (node 7314)
	source 637 (node 7314) with out degree 497
	target 1010 (node 27517) with in degree 585

Execution time and memory used at after iteration 1370 (MF = 107.339187): 1.819973e+05 seconds, 447291392 bytes of memory usage, 923112 kB of memory peak and 2-02:33:30 elapsed time
Statistics on the network after iteration 1370 (MF = 107.339187)
	Number of nodes: 27919
	Number of allocated nodes: 28672
	Number of edges: 205965
	Maximum in degree: 585 (node 27517)
	Maximum out degree: 497 (node 7314)
	source 637 (node 7314) with out degree 497
	target 1010 (node 27517) with in degree 585

Execution time and memory used at after iteration 1371 (MF = 107.353050): 1.823350e+05 seconds, 447467520 bytes of memory usage, 923616 kB of memory peak and 2-02:39:08 elapsed time
Statistics on the network after iteration 1371 (MF = 107.353050)
	Number of nodes: 27919
	Number of allocated nodes: 28672
	Number of edges: 205965
	Maximum in degree: 585 (node 27517)
	Maximum out degree: 497 (node 7314)
	source 637 (node 7314) with out degree 497
	target 1010 (node 27517) with in degree 585

Execution time and memory used at after iteration 1372 (MF = 107.411275): 1.826821e+05 seconds, 447651840 bytes of memory usage, 924132 kB of memory peak and 2-02:44:55 elapsed time
Statistics on the network after iteration 1372 (MF = 107.411275)
	Number of nodes: 27919
	Number of allocated nodes: 28672
	Number of edges: 205965
	Maximum in degree: 585 (node 27517)
	Maximum out degree: 497 (node 7314)
	source 637 (node 7314) with out degree 497
	target 1010 (node 27517) with in degree 585

Execution time and memory used at after iteration 1373 (MF = 107.339187): 1.830287e+05 seconds, 447832064 bytes of memory usage, 924664 kB of memory peak and 2-02:50:41 elapsed time
Statistics on the network after iteration 1373 (MF = 107.339187)
	Number of nodes: 27919
	Number of allocated nodes: 28672
	Number of edges: 205965
	Maximum in degree: 585 (node 27517)
	Maximum out degree: 497 (node 7314)
	source 637 (node 7314) with out degree 497
	target 1010 (node 27517) with in degree 585

Execution time and memory used at after iteration 1374 (MF = 107.339187): 1.833754e+05 seconds, 448008192 bytes of memory usage, 925164 kB of memory peak and 2-02:56:28 elapsed time
Statistics on the network after iteration 1374 (MF = 107.339187)
	Number of nodes: 27919
	Number of allocated nodes: 28672
	Number of edges: 205965
	Maximum in degree: 585 (node 27517)
	Maximum out degree: 497 (node 7314)
	source 637 (node 7314) with out degree 497
	target 1010 (node 27517) with in degree 585

Execution time and memory used at after iteration 1375 (MF = 107.339187): 1.837227e+05 seconds, 448184320 bytes of memory usage, 925664 kB of memory peak and 2-03:02:15 elapsed time
Statistics on the network after iteration 1375 (MF = 107.339187)
	Number of nodes: 27919
	Number of allocated nodes: 28672
	Number of edges: 205965
	Maximum in degree: 585 (node 27517)
	Maximum out degree: 497 (node 7314)
	source 637 (node 7314) with out degree 497
	target 1010 (node 27517) with in degree 585

Execution time and memory used at after iteration 1376 (MF = 107.339187): 1.840612e+05 seconds, 448360448 bytes of memory usage, 926164 kB of memory peak and 2-03:07:54 elapsed time
Statistics on the network after iteration 1376 (MF = 107.339187)
	Number of nodes: 27919
	Number of allocated nodes: 28672
	Number of edges: 205965
	Maximum in degree: 585 (node 27517)
	Maximum out degree: 497 (node 7314)
	source 637 (node 7314) with out degree 497
	target 1010 (node 27517) with in degree 585

Execution time and memory used at after iteration 1377 (MF = 107.280961): 1.843999e+05 seconds, 448540672 bytes of memory usage, 926672 kB of memory peak and 2-03:13:33 elapsed time
Statistics on the network after iteration 1377 (MF = 107.280961)
	Number of nodes: 27919
	Number of allocated nodes: 28672
	Number of edges: 205965
	Maximum in degree: 585 (node 27517)
	Maximum out degree: 497 (node 7314)
	source 637 (node 7314) with out degree 497
	target 1010 (node 27517) with in degree 585

Execution time and memory used at after iteration 1378 (MF = 107.280961): 1.847393e+05 seconds, 448716800 bytes of memory usage, 927188 kB of memory peak and 2-03:19:12 elapsed time
Statistics on the network after iteration 1378 (MF = 107.280961)
	Number of nodes: 27919
	Number of allocated nodes: 28672
	Number of edges: 205965
	Maximum in degree: 585 (node 27517)
	Maximum out degree: 497 (node 7314)
	source 637 (node 7314) with out degree 497
	target 1010 (node 27517) with in degree 585

Execution time and memory used at after iteration 1379 (MF = 107.353050): 1.850791e+05 seconds, 448892928 bytes of memory usage, 927700 kB of memory peak and 2-03:24:52 elapsed time
Statistics on the network after iteration 1379 (MF = 107.353050)
	Number of nodes: 27919
	Number of allocated nodes: 28672
	Number of edges: 205965
	Maximum in degree: 585 (node 27517)
	Maximum out degree: 497 (node 7314)
	source 637 (node 7314) with out degree 497
	target 1010 (node 27517) with in degree 585

Execution time and memory used at after iteration 1380 (MF = 107.353050): 1.854190e+05 seconds, 449077248 bytes of memory usage, 928204 kB of memory peak and 2-03:30:32 elapsed time
Statistics on the network after iteration 1380 (MF = 107.353050)
	Number of nodes: 27919
	Number of allocated nodes: 28672
	Number of edges: 205965
	Maximum in degree: 585 (node 27517)
	Maximum out degree: 497 (node 7314)
	source 637 (node 7314) with out degree 497
	target 1010 (node 27517) with in degree 585

Execution time and memory used at after iteration 1381 (MF = 107.280961): 1.857585e+05 seconds, 449253376 bytes of memory usage, 928712 kB of memory peak and 2-03:36:11 elapsed time
Statistics on the network after iteration 1381 (MF = 107.280961)
	Number of nodes: 27919
	Number of allocated nodes: 28672
	Number of edges: 205965
	Maximum in degree: 585 (node 27517)
	Maximum out degree: 497 (node 7314)
	source 637 (node 7314) with out degree 497
	target 1010 (node 27517) with in degree 585

Execution time and memory used at after iteration 1382 (MF = 107.280961): 1.860980e+05 seconds, 449429504 bytes of memory usage, 929228 kB of memory peak and 2-03:41:51 elapsed time
Statistics on the network after iteration 1382 (MF = 107.280961)
	Number of nodes: 27919
	Number of allocated nodes: 28672
	Number of edges: 205965
	Maximum in degree: 585 (node 27517)
	Maximum out degree: 497 (node 7314)
	source 637 (node 7314) with out degree 497
	target 1010 (node 27517) with in degree 585

Execution time and memory used at after iteration 1383 (MF = 107.353050): 1.864375e+05 seconds, 449605632 bytes of memory usage, 929736 kB of memory peak and 2-03:47:30 elapsed time
Statistics on the network after iteration 1383 (MF = 107.353050)
	Number of nodes: 27919
	Number of allocated nodes: 28672
	Number of edges: 205965
	Maximum in degree: 585 (node 27517)
	Maximum out degree: 497 (node 7314)
	source 637 (node 7314) with out degree 497
	target 1010 (node 27517) with in degree 585

Execution time and memory used at after iteration 1384 (MF = 107.353050): 1.867776e+05 seconds, 449777664 bytes of memory usage, 930236 kB of memory peak and 2-03:53:10 elapsed time
Statistics on the network after iteration 1384 (MF = 107.353050)
	Number of nodes: 27919
	Number of allocated nodes: 28672
	Number of edges: 205965
	Maximum in degree: 585 (node 27517)
	Maximum out degree: 497 (node 7314)
	source 637 (node 7314) with out degree 497
	target 1010 (node 27517) with in degree 585

Execution time and memory used at after iteration 1385 (MF = 107.280961): 1.871185e+05 seconds, 449974272 bytes of memory usage, 930752 kB of memory peak and 2-03:58:51 elapsed time
Statistics on the network after iteration 1385 (MF = 107.280961)
	Number of nodes: 27919
	Number of allocated nodes: 28672
	Number of edges: 205965
	Maximum in degree: 585 (node 27517)
	Maximum out degree: 497 (node 7314)
	source 637 (node 7314) with out degree 497
	target 1010 (node 27517) with in degree 585

Execution time and memory used at after iteration 1386 (MF = 107.280961): 1.874599e+05 seconds, 450150400 bytes of memory usage, 931264 kB of memory peak and 2-04:04:33 elapsed time
Statistics on the network after iteration 1386 (MF = 107.280961)
	Number of nodes: 27919
	Number of allocated nodes: 28672
	Number of edges: 205965
	Maximum in degree: 585 (node 27517)
	Maximum out degree: 497 (node 7314)
	source 637 (node 7314) with out degree 497
	target 1010 (node 27517) with in degree 585

Execution time and memory used at after iteration 1387 (MF = 107.280961): 1.878014e+05 seconds, 450334720 bytes of memory usage, 931776 kB of memory peak and 2-04:10:14 elapsed time
Statistics on the network after iteration 1387 (MF = 107.280961)
	Number of nodes: 27919
	Number of allocated nodes: 28672
	Number of edges: 205965
	Maximum in degree: 585 (node 27517)
	Maximum out degree: 497 (node 7314)
	source 637 (node 7314) with out degree 497
	target 1010 (node 27517) with in degree 585

Execution time and memory used at after iteration 1388 (MF = 107.280961): 1.881432e+05 seconds, 450519040 bytes of memory usage, 932284 kB of memory peak and 2-04:15:56 elapsed time
Statistics on the network after iteration 1388 (MF = 107.280961)
	Number of nodes: 27919
	Number of allocated nodes: 28672
	Number of edges: 205965
	Maximum in degree: 585 (node 27517)
	Maximum out degree: 497 (node 7314)
	source 637 (node 7314) with out degree 497
	target 1010 (node 27517) with in degree 585

Execution time and memory used at after iteration 1389 (MF = 107.280961): 1.884855e+05 seconds, 450678784 bytes of memory usage, 932800 kB of memory peak and 2-04:21:38 elapsed time
Statistics on the network after iteration 1389 (MF = 107.280961)
	Number of nodes: 27919
	Number of allocated nodes: 28672
	Number of edges: 205965
	Maximum in degree: 585 (node 27517)
	Maximum out degree: 497 (node 7314)
	source 637 (node 7314) with out degree 497
	target 1010 (node 27517) with in degree 585

Execution time and memory used at after iteration 1390 (MF = 107.280961): 1.888281e+05 seconds, 450850816 bytes of memory usage, 933308 kB of memory peak and 2-04:27:21 elapsed time
Statistics on the network after iteration 1390 (MF = 107.280961)
	Number of nodes: 27919
	Number of allocated nodes: 28672
	Number of edges: 205965
	Maximum in degree: 585 (node 27517)
	Maximum out degree: 497 (node 7314)
	source 637 (node 7314) with out degree 497
	target 1010 (node 27517) with in degree 585

Execution time and memory used at after iteration 1391 (MF = 107.353050): 1.891711e+05 seconds, 451035136 bytes of memory usage, 933824 kB of memory peak and 2-04:33:04 elapsed time
Statistics on the network after iteration 1391 (MF = 107.353050)
	Number of nodes: 27919
	Number of allocated nodes: 28672
	Number of edges: 205965
	Maximum in degree: 585 (node 27517)
	Maximum out degree: 497 (node 7314)
	source 637 (node 7314) with out degree 497
	target 1010 (node 27517) with in degree 585

Execution time and memory used at after iteration 1392 (MF = 107.294824): 1.895230e+05 seconds, 451211264 bytes of memory usage, 934308 kB of memory peak and 2-04:38:56 elapsed time
Statistics on the network after iteration 1392 (MF = 107.294824)
	Number of nodes: 27919
	Number of allocated nodes: 28672
	Number of edges: 205965
	Maximum in degree: 585 (node 27517)
	Maximum out degree: 497 (node 7314)
	source 637 (node 7314) with out degree 497
	target 1010 (node 27517) with in degree 585

Execution time and memory used at after iteration 1393 (MF = 107.280961): 1.898651e+05 seconds, 451383296 bytes of memory usage, 934836 kB of memory peak and 2-04:44:38 elapsed time
Statistics on the network after iteration 1393 (MF = 107.280961)
	Number of nodes: 27919
	Number of allocated nodes: 28672
	Number of edges: 205965
	Maximum in degree: 585 (node 27517)
	Maximum out degree: 497 (node 7314)
	source 637 (node 7314) with out degree 497
	target 1010 (node 27517) with in degree 585

Execution time and memory used at after iteration 1394 (MF = 107.280961): 1.902178e+05 seconds, 451571712 bytes of memory usage, 935328 kB of memory peak and 2-04:50:31 elapsed time
Statistics on the network after iteration 1394 (MF = 107.280961)
	Number of nodes: 27919
	Number of allocated nodes: 28672
	Number of edges: 205965
	Maximum in degree: 585 (node 27517)
	Maximum out degree: 497 (node 7314)
	source 637 (node 7314) with out degree 497
	target 1010 (node 27517) with in degree 585

Execution time and memory used at after iteration 1395 (MF = 107.280961): 1.905614e+05 seconds, 451743744 bytes of memory usage, 935844 kB of memory peak and 2-04:56:14 elapsed time
Statistics on the network after iteration 1395 (MF = 107.280961)
	Number of nodes: 27919
	Number of allocated nodes: 28672
	Number of edges: 205965
	Maximum in degree: 585 (node 27517)
	Maximum out degree: 497 (node 7314)
	source 637 (node 7314) with out degree 497
	target 1010 (node 27517) with in degree 585

Execution time and memory used at after iteration 1396 (MF = 107.280961): 1.909145e+05 seconds, 451928064 bytes of memory usage, 936344 kB of memory peak and 2-05:02:08 elapsed time
Statistics on the network after iteration 1396 (MF = 107.280961)
	Number of nodes: 27919
	Number of allocated nodes: 28672
	Number of edges: 205965
	Maximum in degree: 585 (node 27517)
	Maximum out degree: 497 (node 7314)
	source 637 (node 7314) with out degree 497
	target 1010 (node 27517) with in degree 585

Execution time and memory used at after iteration 1397 (MF = 107.294824): 1.912579e+05 seconds, 452091904 bytes of memory usage, 936852 kB of memory peak and 2-05:07:51 elapsed time
Statistics on the network after iteration 1397 (MF = 107.294824)
	Number of nodes: 27919
	Number of allocated nodes: 28672
	Number of edges: 205965
	Maximum in degree: 585 (node 27517)
	Maximum out degree: 497 (node 7314)
	source 637 (node 7314) with out degree 497
	target 1010 (node 27517) with in degree 585

Execution time and memory used at after iteration 1398 (MF = 107.280961): 1.916020e+05 seconds, 452280320 bytes of memory usage, 937344 kB of memory peak and 2-05:13:35 elapsed time
Statistics on the network after iteration 1398 (MF = 107.280961)
	Number of nodes: 27919
	Number of allocated nodes: 28672
	Number of edges: 205965
	Maximum in degree: 585 (node 27517)
	Maximum out degree: 497 (node 7314)
	source 637 (node 7314) with out degree 497
	target 1010 (node 27517) with in degree 585

Execution time and memory used at after iteration 1399 (MF = 107.280961): 1.919464e+05 seconds, 452444160 bytes of memory usage, 937864 kB of memory peak and 2-05:19:19 elapsed time
Statistics on the network after iteration 1399 (MF = 107.280961)
	Number of nodes: 27919
	Number of allocated nodes: 28672
	Number of edges: 205965
	Maximum in degree: 585 (node 27517)
	Maximum out degree: 497 (node 7314)
	source 637 (node 7314) with out degree 497
	target 1010 (node 27517) with in degree 585

Execution time and memory used at after iteration 1400 (MF = 107.280961): 1.922910e+05 seconds, 452628480 bytes of memory usage, 938376 kB of memory peak and 2-05:25:04 elapsed time
Statistics on the network after iteration 1400 (MF = 107.280961)
	Number of nodes: 27919
	Number of allocated nodes: 28672
	Number of edges: 205965
	Maximum in degree: 585 (node 27517)
	Maximum out degree: 497 (node 7314)
	source 637 (node 7314) with out degree 497
	target 1010 (node 27517) with in degree 585

Execution time and memory used at after iteration 1401 (MF = 107.280961): 1.926354e+05 seconds, 452812800 bytes of memory usage, 938892 kB of memory peak and 2-05:30:48 elapsed time
Statistics on the network after iteration 1401 (MF = 107.280961)
	Number of nodes: 27919
	Number of allocated nodes: 28672
	Number of edges: 205965
	Maximum in degree: 585 (node 27517)
	Maximum out degree: 497 (node 7314)
	source 637 (node 7314) with out degree 497
	target 1010 (node 27517) with in degree 585

Execution time and memory used at after iteration 1402 (MF = 107.280961): 1.929800e+05 seconds, 452993024 bytes of memory usage, 939400 kB of memory peak and 2-05:36:33 elapsed time
Statistics on the network after iteration 1402 (MF = 107.280961)
	Number of nodes: 27919
	Number of allocated nodes: 28672
	Number of edges: 205965
	Maximum in degree: 585 (node 27517)
	Maximum out degree: 497 (node 7314)
	source 637 (node 7314) with out degree 497
	target 1010 (node 27517) with in degree 585

Execution time and memory used at after iteration 1403 (MF = 107.280961): 1.933247e+05 seconds, 453173248 bytes of memory usage, 939916 kB of memory peak and 2-05:42:18 elapsed time
Statistics on the network after iteration 1403 (MF = 107.280961)
	Number of nodes: 27919
	Number of allocated nodes: 28672
	Number of edges: 205965
	Maximum in degree: 585 (node 27517)
	Maximum out degree: 497 (node 7314)
	source 637 (node 7314) with out degree 497
	target 1010 (node 27517) with in degree 585

Execution time and memory used at after iteration 1404 (MF = 107.280961): 1.936692e+05 seconds, 453349376 bytes of memory usage, 940424 kB of memory peak and 2-05:48:02 elapsed time
Statistics on the network after iteration 1404 (MF = 107.280961)
	Number of nodes: 27919
	Number of allocated nodes: 28672
	Number of edges: 205965
	Maximum in degree: 585 (node 27517)
	Maximum out degree: 497 (node 7314)
	source 637 (node 7314) with out degree 497
	target 1010 (node 27517) with in degree 585

Execution time and memory used at after iteration 1405 (MF = 107.280961): 1.940236e+05 seconds, 453533696 bytes of memory usage, 940952 kB of memory peak and 2-05:53:57 elapsed time
Statistics on the network after iteration 1405 (MF = 107.280961)
	Number of nodes: 27919
	Number of allocated nodes: 28672
	Number of edges: 205965
	Maximum in degree: 585 (node 27517)
	Maximum out degree: 497 (node 7314)
	source 637 (node 7314) with out degree 497
	target 1010 (node 27517) with in degree 585

Execution time and memory used at after iteration 1406 (MF = 107.294824): 1.943791e+05 seconds, 453701632 bytes of memory usage, 941444 kB of memory peak and 2-05:59:52 elapsed time
Statistics on the network after iteration 1406 (MF = 107.294824)
	Number of nodes: 27919
	Number of allocated nodes: 28672
	Number of edges: 205965
	Maximum in degree: 585 (node 27517)
	Maximum out degree: 497 (node 7314)
	source 637 (node 7314) with out degree 497
	target 1010 (node 27517) with in degree 585

Execution time and memory used at after iteration 1407 (MF = 107.280961): 1.947350e+05 seconds, 453881856 bytes of memory usage, 941952 kB of memory peak and 2-06:05:48 elapsed time
Statistics on the network after iteration 1407 (MF = 107.280961)
	Number of nodes: 27919
	Number of allocated nodes: 28672
	Number of edges: 205965
	Maximum in degree: 585 (node 27517)
	Maximum out degree: 497 (node 7314)
	source 637 (node 7314) with out degree 497
	target 1010 (node 27517) with in degree 585

Execution time and memory used at after iteration 1408 (MF = 107.280961): 1.950907e+05 seconds, 454066176 bytes of memory usage, 942476 kB of memory peak and 2-06:11:44 elapsed time
Statistics on the network after iteration 1408 (MF = 107.280961)
	Number of nodes: 27919
	Number of allocated nodes: 28672
	Number of edges: 205965
	Maximum in degree: 585 (node 27517)
	Maximum out degree: 497 (node 7314)
	source 637 (node 7314) with out degree 497
	target 1010 (node 27517) with in degree 585

Execution time and memory used at after iteration 1409 (MF = 107.280961): 1.954378e+05 seconds, 454242304 bytes of memory usage, 942976 kB of memory peak and 2-06:17:31 elapsed time
Statistics on the network after iteration 1409 (MF = 107.280961)
	Number of nodes: 27919
	Number of allocated nodes: 28672
	Number of edges: 205965
	Maximum in degree: 585 (node 27517)
	Maximum out degree: 497 (node 7314)
	source 637 (node 7314) with out degree 497
	target 1010 (node 27517) with in degree 585

Execution time and memory used at after iteration 1410 (MF = 107.339187): 1.957848e+05 seconds, 454418432 bytes of memory usage, 943492 kB of memory peak and 2-06:23:18 elapsed time
Statistics on the network after iteration 1410 (MF = 107.339187)
	Number of nodes: 27919
	Number of allocated nodes: 28672
	Number of edges: 205965
	Maximum in degree: 585 (node 27517)
	Maximum out degree: 497 (node 7314)
	source 637 (node 7314) with out degree 497
	target 1010 (node 27517) with in degree 585

Execution time and memory used at after iteration 1411 (MF = 107.339187): 1.961322e+05 seconds, 454602752 bytes of memory usage, 944004 kB of memory peak and 2-06:29:05 elapsed time
Statistics on the network after iteration 1411 (MF = 107.339187)
	Number of nodes: 27919
	Number of allocated nodes: 28672
	Number of edges: 205965
	Maximum in degree: 585 (node 27517)
	Maximum out degree: 497 (node 7314)
	source 637 (node 7314) with out degree 497
	target 1010 (node 27517) with in degree 585

Execution time and memory used at after iteration 1412 (MF = 107.339187): 1.964799e+05 seconds, 454782976 bytes of memory usage, 944520 kB of memory peak and 2-06:34:53 elapsed time
Statistics on the network after iteration 1412 (MF = 107.339187)
	Number of nodes: 27919
	Number of allocated nodes: 28672
	Number of edges: 205965
	Maximum in degree: 585 (node 27517)
	Maximum out degree: 497 (node 7314)
	source 637 (node 7314) with out degree 497
	target 1010 (node 27517) with in degree 585

Execution time and memory used at after iteration 1413 (MF = 107.339187): 1.968271e+05 seconds, 454959104 bytes of memory usage, 945028 kB of memory peak and 2-06:40:40 elapsed time
Statistics on the network after iteration 1413 (MF = 107.339187)
	Number of nodes: 27919
	Number of allocated nodes: 28672
	Number of edges: 205965
	Maximum in degree: 585 (node 27517)
	Maximum out degree: 497 (node 7314)
	source 637 (node 7314) with out degree 497
	target 1010 (node 27517) with in degree 585

Execution time and memory used at after iteration 1414 (MF = 107.339187): 1.971751e+05 seconds, 455143424 bytes of memory usage, 945544 kB of memory peak and 2-06:46:28 elapsed time
Statistics on the network after iteration 1414 (MF = 107.339187)
	Number of nodes: 27919
	Number of allocated nodes: 28672
	Number of edges: 205965
	Maximum in degree: 585 (node 27517)
	Maximum out degree: 497 (node 7314)
	source 637 (node 7314) with out degree 497
	target 1010 (node 27517) with in degree 585

Execution time and memory used at after iteration 1415 (MF = 107.411275): 1.975227e+05 seconds, 455331840 bytes of memory usage, 946064 kB of memory peak and 2-06:52:16 elapsed time
Statistics on the network after iteration 1415 (MF = 107.411275)
	Number of nodes: 27919
	Number of allocated nodes: 28672
	Number of edges: 205965
	Maximum in degree: 585 (node 27517)
	Maximum out degree: 497 (node 7314)
	source 637 (node 7314) with out degree 497
	target 1010 (node 27517) with in degree 585

Execution time and memory used at after iteration 1416 (MF = 107.339187): 1.978711e+05 seconds, 455503872 bytes of memory usage, 946580 kB of memory peak and 2-06:58:04 elapsed time
Statistics on the network after iteration 1416 (MF = 107.339187)
	Number of nodes: 27919
	Number of allocated nodes: 28672
	Number of edges: 205965
	Maximum in degree: 585 (node 27517)
	Maximum out degree: 497 (node 7314)
	source 637 (node 7314) with out degree 497
	target 1010 (node 27517) with in degree 585

Execution time and memory used at after iteration 1417 (MF = 107.411275): 1.982202e+05 seconds, 455688192 bytes of memory usage, 947096 kB of memory peak and 2-07:03:53 elapsed time
Statistics on the network after iteration 1417 (MF = 107.411275)
	Number of nodes: 27919
	Number of allocated nodes: 28672
	Number of edges: 205965
	Maximum in degree: 585 (node 27517)
	Maximum out degree: 497 (node 7314)
	source 637 (node 7314) with out degree 497
	target 1010 (node 27517) with in degree 585

Execution time and memory used at after iteration 1418 (MF = 107.411275): 1.985688e+05 seconds, 455872512 bytes of memory usage, 947620 kB of memory peak and 2-07:09:42 elapsed time
Statistics on the network after iteration 1418 (MF = 107.411275)
	Number of nodes: 27919
	Number of allocated nodes: 28672
	Number of edges: 205965
	Maximum in degree: 585 (node 27517)
	Maximum out degree: 497 (node 7314)
	source 637 (node 7314) with out degree 497
	target 1010 (node 27517) with in degree 585

Execution time and memory used at after iteration 1419 (MF = 107.411275): 1.989276e+05 seconds, 456048640 bytes of memory usage, 948120 kB of memory peak and 2-07:15:41 elapsed time
Statistics on the network after iteration 1419 (MF = 107.411275)
	Number of nodes: 27919
	Number of allocated nodes: 28672
	Number of edges: 205965
	Maximum in degree: 585 (node 27517)
	Maximum out degree: 497 (node 7314)
	source 637 (node 7314) with out degree 497
	target 1010 (node 27517) with in degree 585

Execution time and memory used at after iteration 1420 (MF = 107.339187): 1.992774e+05 seconds, 456232960 bytes of memory usage, 948640 kB of memory peak and 2-07:21:31 elapsed time
Statistics on the network after iteration 1420 (MF = 107.339187)
	Number of nodes: 27919
	Number of allocated nodes: 28672
	Number of edges: 205965
	Maximum in degree: 585 (node 27517)
	Maximum out degree: 497 (node 7314)
	source 637 (node 7314) with out degree 497
	target 1010 (node 27517) with in degree 585

Execution time and memory used at after iteration 1421 (MF = 107.339187): 1.996277e+05 seconds, 456409088 bytes of memory usage, 949156 kB of memory peak and 2-07:27:21 elapsed time
Statistics on the network after iteration 1421 (MF = 107.339187)
	Number of nodes: 27919
	Number of allocated nodes: 28672
	Number of edges: 205965
	Maximum in degree: 585 (node 27517)
	Maximum out degree: 497 (node 7314)
	source 637 (node 7314) with out degree 497
	target 1010 (node 27517) with in degree 585

Execution time and memory used at after iteration 1422 (MF = 107.339187): 1.999782e+05 seconds, 456581120 bytes of memory usage, 949648 kB of memory peak and 2-07:33:11 elapsed time
Statistics on the network after iteration 1422 (MF = 107.339187)
	Number of nodes: 27919
	Number of allocated nodes: 28672
	Number of edges: 205965
	Maximum in degree: 585 (node 27517)
	Maximum out degree: 497 (node 7314)
	source 637 (node 7314) with out degree 497
	target 1010 (node 27517) with in degree 585

Execution time and memory used at after iteration 1423 (MF = 107.339187): 2.003288e+05 seconds, 456765440 bytes of memory usage, 950164 kB of memory peak and 2-07:39:02 elapsed time
Statistics on the network after iteration 1423 (MF = 107.339187)
	Number of nodes: 27919
	Number of allocated nodes: 28672
	Number of edges: 205965
	Maximum in degree: 585 (node 27517)
	Maximum out degree: 497 (node 7314)
	source 637 (node 7314) with out degree 497
	target 1010 (node 27517) with in degree 585

Execution time and memory used at after iteration 1424 (MF = 107.353050): 2.006799e+05 seconds, 456941568 bytes of memory usage, 950664 kB of memory peak and 2-07:44:53 elapsed time
Statistics on the network after iteration 1424 (MF = 107.353050)
	Number of nodes: 27919
	Number of allocated nodes: 28672
	Number of edges: 205965
	Maximum in degree: 585 (node 27517)
	Maximum out degree: 497 (node 7314)
	source 637 (node 7314) with out degree 497
	target 1010 (node 27517) with in degree 585

Execution time and memory used at after iteration 1425 (MF = 107.339187): 2.010318e+05 seconds, 457117696 bytes of memory usage, 951172 kB of memory peak and 2-07:50:45 elapsed time
Statistics on the network after iteration 1425 (MF = 107.339187)
	Number of nodes: 27919
	Number of allocated nodes: 28672
	Number of edges: 205965
	Maximum in degree: 585 (node 27517)
	Maximum out degree: 497 (node 7314)
	source 637 (node 7314) with out degree 497
	target 1010 (node 27517) with in degree 585

Execution time and memory used at after iteration 1426 (MF = 107.339187): 2.013838e+05 seconds, 457289728 bytes of memory usage, 951676 kB of memory peak and 2-07:56:37 elapsed time
Statistics on the network after iteration 1426 (MF = 107.339187)
	Number of nodes: 27919
	Number of allocated nodes: 28672
	Number of edges: 205965
	Maximum in degree: 585 (node 27517)
	Maximum out degree: 497 (node 7314)
	source 637 (node 7314) with out degree 497
	target 1010 (node 27517) with in degree 585

Execution time and memory used at after iteration 1427 (MF = 107.339187): 2.017361e+05 seconds, 457474048 bytes of memory usage, 952200 kB of memory peak and 2-08:02:29 elapsed time
Statistics on the network after iteration 1427 (MF = 107.339187)
	Number of nodes: 27919
	Number of allocated nodes: 28672
	Number of edges: 205965
	Maximum in degree: 585 (node 27517)
	Maximum out degree: 497 (node 7314)
	source 637 (node 7314) with out degree 497
	target 1010 (node 27517) with in degree 585

Execution time and memory used at after iteration 1428 (MF = 107.339187): 2.020880e+05 seconds, 457650176 bytes of memory usage, 952700 kB of memory peak and 2-08:08:21 elapsed time
Statistics on the network after iteration 1428 (MF = 107.339187)
	Number of nodes: 27919
	Number of allocated nodes: 28672
	Number of edges: 205965
	Maximum in degree: 585 (node 27517)
	Maximum out degree: 497 (node 7314)
	source 637 (node 7314) with out degree 497
	target 1010 (node 27517) with in degree 585

Execution time and memory used at after iteration 1429 (MF = 107.339187): 2.024400e+05 seconds, 457842688 bytes of memory usage, 953216 kB of memory peak and 2-08:14:13 elapsed time
Statistics on the network after iteration 1429 (MF = 107.339187)
	Number of nodes: 27919
	Number of allocated nodes: 28672
	Number of edges: 205965
	Maximum in degree: 585 (node 27517)
	Maximum out degree: 497 (node 7314)
	source 637 (node 7314) with out degree 497
	target 1010 (node 27517) with in degree 585

Execution time and memory used at after iteration 1430 (MF = 107.339187): 2.027920e+05 seconds, 458014720 bytes of memory usage, 953732 kB of memory peak and 2-08:20:05 elapsed time
Statistics on the network after iteration 1430 (MF = 107.339187)
	Number of nodes: 27919
	Number of allocated nodes: 28672
	Number of edges: 205965
	Maximum in degree: 585 (node 27517)
	Maximum out degree: 497 (node 7314)
	source 637 (node 7314) with out degree 497
	target 1010 (node 27517) with in degree 585

Execution time and memory used at after iteration 1431 (MF = 107.339187): 2.031441e+05 seconds, 458199040 bytes of memory usage, 954252 kB of memory peak and 2-08:25:57 elapsed time
Statistics on the network after iteration 1431 (MF = 107.339187)
	Number of nodes: 27919
	Number of allocated nodes: 28672
	Number of edges: 205965
	Maximum in degree: 585 (node 27517)
	Maximum out degree: 497 (node 7314)
	source 637 (node 7314) with out degree 497
	target 1010 (node 27517) with in degree 585

Execution time and memory used at after iteration 1432 (MF = 107.339187): 2.035068e+05 seconds, 458375168 bytes of memory usage, 954752 kB of memory peak and 2-08:32:00 elapsed time
Statistics on the network after iteration 1432 (MF = 107.339187)
	Number of nodes: 27919
	Number of allocated nodes: 28672
	Number of edges: 205965
	Maximum in degree: 585 (node 27517)
	Maximum out degree: 497 (node 7314)
	source 637 (node 7314) with out degree 497
	target 1010 (node 27517) with in degree 585

Execution time and memory used at after iteration 1433 (MF = 107.353050): 2.038702e+05 seconds, 458559488 bytes of memory usage, 955268 kB of memory peak and 2-08:38:04 elapsed time
Statistics on the network after iteration 1433 (MF = 107.353050)
	Number of nodes: 27919
	Number of allocated nodes: 28672
	Number of edges: 205965
	Maximum in degree: 585 (node 27517)
	Maximum out degree: 497 (node 7314)
	source 637 (node 7314) with out degree 497
	target 1010 (node 27517) with in degree 585

Execution time and memory used at after iteration 1434 (MF = 107.339187): 2.042341e+05 seconds, 458735616 bytes of memory usage, 955768 kB of memory peak and 2-08:44:08 elapsed time
Statistics on the network after iteration 1434 (MF = 107.339187)
	Number of nodes: 27919
	Number of allocated nodes: 28672
	Number of edges: 205965
	Maximum in degree: 585 (node 27517)
	Maximum out degree: 497 (node 7314)
	source 637 (node 7314) with out degree 497
	target 1010 (node 27517) with in degree 585

Execution time and memory used at after iteration 1435 (MF = 107.339187): 2.045977e+05 seconds, 458907648 bytes of memory usage, 956268 kB of memory peak and 2-08:50:11 elapsed time
Statistics on the network after iteration 1435 (MF = 107.339187)
	Number of nodes: 27919
	Number of allocated nodes: 28672
	Number of edges: 205965
	Maximum in degree: 585 (node 27517)
	Maximum out degree: 497 (node 7314)
	source 637 (node 7314) with out degree 497
	target 1010 (node 27517) with in degree 585

Execution time and memory used at after iteration 1436 (MF = 107.339187): 2.049620e+05 seconds, 459087872 bytes of memory usage, 956768 kB of memory peak and 2-08:56:15 elapsed time
Statistics on the network after iteration 1436 (MF = 107.339187)
	Number of nodes: 27919
	Number of allocated nodes: 28672
	Number of edges: 205965
	Maximum in degree: 585 (node 27517)
	Maximum out degree: 497 (node 7314)
	source 637 (node 7314) with out degree 497
	target 1010 (node 27517) with in degree 585

Execution time and memory used at after iteration 1437 (MF = 107.376155): 2.053263e+05 seconds, 459272192 bytes of memory usage, 957296 kB of memory peak and 2-09:02:20 elapsed time
Statistics on the network after iteration 1437 (MF = 107.376155)
	Number of nodes: 27919
	Number of allocated nodes: 28672
	Number of edges: 205965
	Maximum in degree: 585 (node 27517)
	Maximum out degree: 497 (node 7314)
	source 637 (node 7314) with out degree 497
	target 1010 (node 27517) with in degree 585

Execution time and memory used at after iteration 1438 (MF = 107.376155): 2.056900e+05 seconds, 459444224 bytes of memory usage, 957796 kB of memory peak and 2-09:08:23 elapsed time
Statistics on the network after iteration 1438 (MF = 107.376155)
	Number of nodes: 27919
	Number of allocated nodes: 28672
	Number of edges: 205965
	Maximum in degree: 585 (node 27517)
	Maximum out degree: 497 (node 7314)
	source 637 (node 7314) with out degree 497
	target 1010 (node 27517) with in degree 585

Execution time and memory used at after iteration 1439 (MF = 107.376155): 2.060544e+05 seconds, 459620352 bytes of memory usage, 958296 kB of memory peak and 2-09:14:28 elapsed time
Statistics on the network after iteration 1439 (MF = 107.376155)
	Number of nodes: 27919
	Number of allocated nodes: 28672
	Number of edges: 205965
	Maximum in degree: 585 (node 27517)
	Maximum out degree: 497 (node 7314)
	source 637 (node 7314) with out degree 497
	target 1010 (node 27517) with in degree 585

Execution time and memory used at after iteration 1440 (MF = 107.376155): 2.064185e+05 seconds, 459804672 bytes of memory usage, 958824 kB of memory peak and 2-09:20:32 elapsed time
Statistics on the network after iteration 1440 (MF = 107.376155)
	Number of nodes: 27919
	Number of allocated nodes: 28672
	Number of edges: 205965
	Maximum in degree: 585 (node 27517)
	Maximum out degree: 497 (node 7314)
	source 637 (node 7314) with out degree 497
	target 1010 (node 27517) with in degree 585

Execution time and memory used at after iteration 1441 (MF = 107.376155): 2.067830e+05 seconds, 459984896 bytes of memory usage, 959316 kB of memory peak and 2-09:26:36 elapsed time
Statistics on the network after iteration 1441 (MF = 107.376155)
	Number of nodes: 27919
	Number of allocated nodes: 28672
	Number of edges: 205965
	Maximum in degree: 585 (node 27517)
	Maximum out degree: 497 (node 7314)
	source 637 (node 7314) with out degree 497
	target 1010 (node 27517) with in degree 585

Execution time and memory used at after iteration 1442 (MF = 107.376155): 2.071501e+05 seconds, 460156928 bytes of memory usage, 959840 kB of memory peak and 2-09:32:43 elapsed time
Statistics on the network after iteration 1442 (MF = 107.376155)
	Number of nodes: 27919
	Number of allocated nodes: 28672
	Number of edges: 205965
	Maximum in degree: 585 (node 27517)
	Maximum out degree: 497 (node 7314)
	source 637 (node 7314) with out degree 497
	target 1010 (node 27517) with in degree 585

Execution time and memory used at after iteration 1443 (MF = 107.376155): 2.075091e+05 seconds, 460328960 bytes of memory usage, 960368 kB of memory peak and 2-09:38:43 elapsed time
Statistics on the network after iteration 1443 (MF = 107.376155)
	Number of nodes: 27919
	Number of allocated nodes: 28672
	Number of edges: 205965
	Maximum in degree: 585 (node 27517)
	Maximum out degree: 497 (node 7314)
	source 637 (node 7314) with out degree 497
	target 1010 (node 27517) with in degree 585

Execution time and memory used at after iteration 1444 (MF = 107.434381): 2.078676e+05 seconds, 460517376 bytes of memory usage, 960864 kB of memory peak and 2-09:44:41 elapsed time
Statistics on the network after iteration 1444 (MF = 107.434381)
	Number of nodes: 27919
	Number of allocated nodes: 28672
	Number of edges: 205965
	Maximum in degree: 585 (node 27517)
	Maximum out degree: 497 (node 7314)
	source 637 (node 7314) with out degree 497
	target 1010 (node 27517) with in degree 585

Execution time and memory used at after iteration 1445 (MF = 107.434381): 2.082259e+05 seconds, 460689408 bytes of memory usage, 961364 kB of memory peak and 2-09:50:39 elapsed time
Statistics on the network after iteration 1445 (MF = 107.434381)
	Number of nodes: 27919
	Number of allocated nodes: 28672
	Number of edges: 205965
	Maximum in degree: 585 (node 27517)
	Maximum out degree: 497 (node 7314)
	source 637 (node 7314) with out degree 497
	target 1010 (node 27517) with in degree 585

Execution time and memory used at after iteration 1446 (MF = 107.434381): 2.085863e+05 seconds, 460861440 bytes of memory usage, 961872 kB of memory peak and 2-09:56:40 elapsed time
Statistics on the network after iteration 1446 (MF = 107.434381)
	Number of nodes: 27919
	Number of allocated nodes: 28672
	Number of edges: 205965
	Maximum in degree: 585 (node 27517)
	Maximum out degree: 497 (node 7314)
	source 637 (node 7314) with out degree 497
	target 1010 (node 27517) with in degree 585

Execution time and memory used at after iteration 1447 (MF = 107.434381): 2.089472e+05 seconds, 461053952 bytes of memory usage, 962380 kB of memory peak and 2-10:02:41 elapsed time
Statistics on the network after iteration 1447 (MF = 107.434381)
	Number of nodes: 27919
	Number of allocated nodes: 28672
	Number of edges: 205965
	Maximum in degree: 585 (node 27517)
	Maximum out degree: 497 (node 7314)
	source 637 (node 7314) with out degree 497
	target 1010 (node 27517) with in degree 585

Execution time and memory used at after iteration 1448 (MF = 107.434381): 2.093108e+05 seconds, 461230080 bytes of memory usage, 962896 kB of memory peak and 2-10:08:44 elapsed time
Statistics on the network after iteration 1448 (MF = 107.434381)
	Number of nodes: 27919
	Number of allocated nodes: 28672
	Number of edges: 205965
	Maximum in degree: 585 (node 27517)
	Maximum out degree: 497 (node 7314)
	source 637 (node 7314) with out degree 497
	target 1010 (node 27517) with in degree 585

Execution time and memory used at after iteration 1449 (MF = 107.280961): 2.096751e+05 seconds, 461393920 bytes of memory usage, 963396 kB of memory peak and 2-10:14:49 elapsed time
Statistics on the network after iteration 1449 (MF = 107.280961)
	Number of nodes: 27919
	Number of allocated nodes: 28672
	Number of edges: 205965
	Maximum in degree: 585 (node 27517)
	Maximum out degree: 497 (node 7314)
	source 637 (node 7314) with out degree 497
	target 1010 (node 27517) with in degree 585

Execution time and memory used at after iteration 1450 (MF = 107.294824): 2.100400e+05 seconds, 461578240 bytes of memory usage, 963908 kB of memory peak and 2-10:20:53 elapsed time
Statistics on the network after iteration 1450 (MF = 107.294824)
	Number of nodes: 27919
	Number of allocated nodes: 28672
	Number of edges: 205965
	Maximum in degree: 585 (node 27517)
	Maximum out degree: 497 (node 7314)
	source 637 (node 7314) with out degree 497
	target 1010 (node 27517) with in degree 585

Execution time and memory used at after iteration 1451 (MF = 107.376155): 2.104055e+05 seconds, 461766656 bytes of memory usage, 964400 kB of memory peak and 2-10:26:59 elapsed time
Statistics on the network after iteration 1451 (MF = 107.376155)
	Number of nodes: 27919
	Number of allocated nodes: 28672
	Number of edges: 205965
	Maximum in degree: 585 (node 27517)
	Maximum out degree: 497 (node 7314)
	source 637 (node 7314) with out degree 497
	target 1010 (node 27517) with in degree 585

Execution time and memory used at after iteration 1452 (MF = 107.390018): 2.107715e+05 seconds, 461934592 bytes of memory usage, 964908 kB of memory peak and 2-10:33:05 elapsed time
Statistics on the network after iteration 1452 (MF = 107.390018)
	Number of nodes: 27919
	Number of allocated nodes: 28672
	Number of edges: 205965
	Maximum in degree: 585 (node 27517)
	Maximum out degree: 497 (node 7314)
	source 637 (node 7314) with out degree 497
	target 1010 (node 27517) with in degree 585

Execution time and memory used at after iteration 1453 (MF = 107.376155): 2.111369e+05 seconds, 462102528 bytes of memory usage, 965436 kB of memory peak and 2-10:39:10 elapsed time
Statistics on the network after iteration 1453 (MF = 107.376155)
	Number of nodes: 27919
	Number of allocated nodes: 28672
	Number of edges: 205965
	Maximum in degree: 585 (node 27517)
	Maximum out degree: 497 (node 7314)
	source 637 (node 7314) with out degree 497
	target 1010 (node 27517) with in degree 585

Execution time and memory used at after iteration 1454 (MF = 107.376155): 2.115031e+05 seconds, 462290944 bytes of memory usage, 965936 kB of memory peak and 2-10:45:17 elapsed time
Statistics on the network after iteration 1454 (MF = 107.376155)
	Number of nodes: 27919
	Number of allocated nodes: 28672
	Number of edges: 205965
	Maximum in degree: 585 (node 27517)
	Maximum out degree: 497 (node 7314)
	source 637 (node 7314) with out degree 497
	target 1010 (node 27517) with in degree 585

Execution time and memory used at after iteration 1455 (MF = 107.376155): 2.118824e+05 seconds, 462467072 bytes of memory usage, 966436 kB of memory peak and 2-10:51:36 elapsed time
Statistics on the network after iteration 1455 (MF = 107.376155)
	Number of nodes: 27919
	Number of allocated nodes: 28672
	Number of edges: 205965
	Maximum in degree: 585 (node 27517)
	Maximum out degree: 497 (node 7314)
	source 637 (node 7314) with out degree 497
	target 1010 (node 27517) with in degree 585

Execution time and memory used at after iteration 1456 (MF = 107.376155): 2.122555e+05 seconds, 462647296 bytes of memory usage, 966952 kB of memory peak and 2-10:57:49 elapsed time
Statistics on the network after iteration 1456 (MF = 107.376155)
	Number of nodes: 27919
	Number of allocated nodes: 28672
	Number of edges: 205965
	Maximum in degree: 585 (node 27517)
	Maximum out degree: 497 (node 7314)
	source 637 (node 7314) with out degree 497
	target 1010 (node 27517) with in degree 585

Execution time and memory used at after iteration 1457 (MF = 107.376155): 2.126293e+05 seconds, 462823424 bytes of memory usage, 967468 kB of memory peak and 2-11:04:03 elapsed time
Statistics on the network after iteration 1457 (MF = 107.376155)
	Number of nodes: 27919
	Number of allocated nodes: 28672
	Number of edges: 205965
	Maximum in degree: 585 (node 27517)
	Maximum out degree: 497 (node 7314)
	source 637 (node 7314) with out degree 497
	target 1010 (node 27517) with in degree 585

Execution time and memory used at after iteration 1458 (MF = 107.376155): 2.129962e+05 seconds, 463020032 bytes of memory usage, 967968 kB of memory peak and 2-11:10:10 elapsed time
Statistics on the network after iteration 1458 (MF = 107.376155)
	Number of nodes: 27919
	Number of allocated nodes: 28672
	Number of edges: 205965
	Maximum in degree: 585 (node 27517)
	Maximum out degree: 497 (node 7314)
	source 637 (node 7314) with out degree 497
	target 1010 (node 27517) with in degree 585

Execution time and memory used at after iteration 1459 (MF = 107.376155): 2.133642e+05 seconds, 463187968 bytes of memory usage, 968488 kB of memory peak and 2-11:16:18 elapsed time
Statistics on the network after iteration 1459 (MF = 107.376155)
	Number of nodes: 27919
	Number of allocated nodes: 28672
	Number of edges: 205965
	Maximum in degree: 585 (node 27517)
	Maximum out degree: 497 (node 7314)
	source 637 (node 7314) with out degree 497
	target 1010 (node 27517) with in degree 585

Execution time and memory used at after iteration 1460 (MF = 107.353050): 2.137320e+05 seconds, 463364096 bytes of memory usage, 968992 kB of memory peak and 2-11:22:26 elapsed time
Statistics on the network after iteration 1460 (MF = 107.353050)
	Number of nodes: 27919
	Number of allocated nodes: 28672
	Number of edges: 205965
	Maximum in degree: 585 (node 27517)
	Maximum out degree: 497 (node 7314)
	source 637 (node 7314) with out degree 497
	target 1010 (node 27517) with in degree 585

Execution time and memory used at after iteration 1461 (MF = 107.390018): 2.140999e+05 seconds, 463536128 bytes of memory usage, 969500 kB of memory peak and 2-11:28:33 elapsed time
Statistics on the network after iteration 1461 (MF = 107.390018)
	Number of nodes: 27919
	Number of allocated nodes: 28672
	Number of edges: 205965
	Maximum in degree: 585 (node 27517)
	Maximum out degree: 497 (node 7314)
	source 637 (node 7314) with out degree 497
	target 1010 (node 27517) with in degree 585

Execution time and memory used at after iteration 1462 (MF = 107.376155): 2.144690e+05 seconds, 463712256 bytes of memory usage, 970008 kB of memory peak and 2-11:34:43 elapsed time
Statistics on the network after iteration 1462 (MF = 107.376155)
	Number of nodes: 27919
	Number of allocated nodes: 28672
	Number of edges: 205965
	Maximum in degree: 585 (node 27517)
	Maximum out degree: 497 (node 7314)
	source 637 (node 7314) with out degree 497
	target 1010 (node 27517) with in degree 585

Execution time and memory used at after iteration 1463 (MF = 107.376155): 2.148370e+05 seconds, 463896576 bytes of memory usage, 970524 kB of memory peak and 2-11:40:51 elapsed time
Statistics on the network after iteration 1463 (MF = 107.376155)
	Number of nodes: 27919
	Number of allocated nodes: 28672
	Number of edges: 205965
	Maximum in degree: 585 (node 27517)
	Maximum out degree: 497 (node 7314)
	source 637 (node 7314) with out degree 497
	target 1010 (node 27517) with in degree 585

Execution time and memory used at after iteration 1464 (MF = 107.376155): 2.152121e+05 seconds, 464068608 bytes of memory usage, 971032 kB of memory peak and 2-11:47:06 elapsed time
Statistics on the network after iteration 1464 (MF = 107.376155)
	Number of nodes: 27919
	Number of allocated nodes: 28672
	Number of edges: 205965
	Maximum in degree: 585 (node 27517)
	Maximum out degree: 497 (node 7314)
	source 637 (node 7314) with out degree 497
	target 1010 (node 27517) with in degree 585

Execution time and memory used at after iteration 1465 (MF = 107.280961): 2.155822e+05 seconds, 464252928 bytes of memory usage, 971544 kB of memory peak and 2-11:53:16 elapsed time
Statistics on the network after iteration 1465 (MF = 107.280961)
	Number of nodes: 27919
	Number of allocated nodes: 28672
	Number of edges: 205965
	Maximum in degree: 585 (node 27517)
	Maximum out degree: 497 (node 7314)
	source 637 (node 7314) with out degree 497
	target 1010 (node 27517) with in degree 585

Execution time and memory used at after iteration 1466 (MF = 107.280961): 2.159525e+05 seconds, 464429056 bytes of memory usage, 972060 kB of memory peak and 2-11:59:26 elapsed time
Statistics on the network after iteration 1466 (MF = 107.280961)
	Number of nodes: 27919
	Number of allocated nodes: 28672
	Number of edges: 205965
	Maximum in degree: 585 (node 27517)
	Maximum out degree: 497 (node 7314)
	source 637 (node 7314) with out degree 497
	target 1010 (node 27517) with in degree 585

Execution time and memory used at after iteration 1467 (MF = 107.280961): 2.163298e+05 seconds, 464613376 bytes of memory usage, 972576 kB of memory peak and 2-12:05:43 elapsed time
Statistics on the network after iteration 1467 (MF = 107.280961)
	Number of nodes: 27919
	Number of allocated nodes: 28672
	Number of edges: 205965
	Maximum in degree: 585 (node 27517)
	Maximum out degree: 497 (node 7314)
	source 637 (node 7314) with out degree 497
	target 1010 (node 27517) with in degree 585

Execution time and memory used at after iteration 1468 (MF = 107.376155): 2.167005e+05 seconds, 464789504 bytes of memory usage, 973084 kB of memory peak and 2-12:11:54 elapsed time
Statistics on the network after iteration 1468 (MF = 107.376155)
	Number of nodes: 27919
	Number of allocated nodes: 28672
	Number of edges: 205965
	Maximum in degree: 585 (node 27517)
	Maximum out degree: 497 (node 7314)
	source 637 (node 7314) with out degree 497
	target 1010 (node 27517) with in degree 585

Execution time and memory used at after iteration 1469 (MF = 107.376155): 2.170780e+05 seconds, 464982016 bytes of memory usage, 973592 kB of memory peak and 2-12:18:12 elapsed time
Statistics on the network after iteration 1469 (MF = 107.376155)
	Number of nodes: 27919
	Number of allocated nodes: 28672
	Number of edges: 205965
	Maximum in degree: 585 (node 27517)
	Maximum out degree: 497 (node 7314)
	source 637 (node 7314) with out degree 497
	target 1010 (node 27517) with in degree 585

Execution time and memory used at after iteration 1470 (MF = 107.390018): 2.174562e+05 seconds, 465145856 bytes of memory usage, 974096 kB of memory peak and 2-12:24:30 elapsed time
Statistics on the network after iteration 1470 (MF = 107.390018)
	Number of nodes: 27919
	Number of allocated nodes: 28672
	Number of edges: 205965
	Maximum in degree: 585 (node 27517)
	Maximum out degree: 497 (node 7314)
	source 637 (node 7314) with out degree 497
	target 1010 (node 27517) with in degree 585

Execution time and memory used at after iteration 1471 (MF = 107.280961): 2.178350e+05 seconds, 465321984 bytes of memory usage, 974612 kB of memory peak and 2-12:30:49 elapsed time
Statistics on the network after iteration 1471 (MF = 107.280961)
	Number of nodes: 27919
	Number of allocated nodes: 28672
	Number of edges: 205965
	Maximum in degree: 585 (node 27517)
	Maximum out degree: 497 (node 7314)
	source 637 (node 7314) with out degree 497
	target 1010 (node 27517) with in degree 585

Execution time and memory used at after iteration 1472 (MF = 107.280961): 2.182136e+05 seconds, 465506304 bytes of memory usage, 975128 kB of memory peak and 2-12:37:07 elapsed time
Statistics on the network after iteration 1472 (MF = 107.280961)
	Number of nodes: 27919
	Number of allocated nodes: 28672
	Number of edges: 205965
	Maximum in degree: 585 (node 27517)
	Maximum out degree: 497 (node 7314)
	source 637 (node 7314) with out degree 497
	target 1010 (node 27517) with in degree 585

Execution time and memory used at after iteration 1473 (MF = 107.280961): 2.185860e+05 seconds, 465682432 bytes of memory usage, 975628 kB of memory peak and 2-12:43:20 elapsed time
Statistics on the network after iteration 1473 (MF = 107.280961)
	Number of nodes: 27919
	Number of allocated nodes: 28672
	Number of edges: 205965
	Maximum in degree: 585 (node 27517)
	Maximum out degree: 497 (node 7314)
	source 637 (node 7314) with out degree 497
	target 1010 (node 27517) with in degree 585

Execution time and memory used at after iteration 1474 (MF = 107.448244): 2.189592e+05 seconds, 465862656 bytes of memory usage, 976152 kB of memory peak and 2-12:49:33 elapsed time
Statistics on the network after iteration 1474 (MF = 107.448244)
	Number of nodes: 27919
	Number of allocated nodes: 28672
	Number of edges: 205965
	Maximum in degree: 585 (node 27517)
	Maximum out degree: 497 (node 7314)
	source 637 (node 7314) with out degree 497
	target 1010 (node 27517) with in degree 585

Execution time and memory used at after iteration 1475 (MF = 107.353050): 2.193326e+05 seconds, 466038784 bytes of memory usage, 976656 kB of memory peak and 2-12:55:46 elapsed time
Statistics on the network after iteration 1475 (MF = 107.353050)
	Number of nodes: 27919
	Number of allocated nodes: 28672
	Number of edges: 205965
	Maximum in degree: 585 (node 27517)
	Maximum out degree: 497 (node 7314)
	source 637 (node 7314) with out degree 497
	target 1010 (node 27517) with in degree 585

Execution time and memory used at after iteration 1476 (MF = 107.353050): 2.197060e+05 seconds, 466227200 bytes of memory usage, 977172 kB of memory peak and 2-13:02:00 elapsed time
Statistics on the network after iteration 1476 (MF = 107.353050)
	Number of nodes: 27919
	Number of allocated nodes: 28672
	Number of edges: 205965
	Maximum in degree: 585 (node 27517)
	Maximum out degree: 497 (node 7314)
	source 637 (node 7314) with out degree 497
	target 1010 (node 27517) with in degree 585

Execution time and memory used at after iteration 1477 (MF = 107.353050): 2.200794e+05 seconds, 466411520 bytes of memory usage, 977680 kB of memory peak and 2-13:08:13 elapsed time
Statistics on the network after iteration 1477 (MF = 107.353050)
	Number of nodes: 27919
	Number of allocated nodes: 28672
	Number of edges: 205965
	Maximum in degree: 585 (node 27517)
	Maximum out degree: 497 (node 7314)
	source 637 (node 7314) with out degree 497
	target 1010 (node 27517) with in degree 585

Execution time and memory used at after iteration 1478 (MF = 107.353050): 2.204528e+05 seconds, 466591744 bytes of memory usage, 978196 kB of memory peak and 2-13:14:27 elapsed time
Statistics on the network after iteration 1478 (MF = 107.353050)
	Number of nodes: 27919
	Number of allocated nodes: 28672
	Number of edges: 205965
	Maximum in degree: 585 (node 27517)
	Maximum out degree: 497 (node 7314)
	source 637 (node 7314) with out degree 497
	target 1010 (node 27517) with in degree 585

Execution time and memory used at after iteration 1479 (MF = 107.353050): 2.208267e+05 seconds, 466767872 bytes of memory usage, 978704 kB of memory peak and 2-13:20:41 elapsed time
Statistics on the network after iteration 1479 (MF = 107.353050)
	Number of nodes: 27919
	Number of allocated nodes: 28672
	Number of edges: 205965
	Maximum in degree: 585 (node 27517)
	Maximum out degree: 497 (node 7314)
	source 637 (node 7314) with out degree 497
	target 1010 (node 27517) with in degree 585

Execution time and memory used at after iteration 1480 (MF = 107.353050): 2.211990e+05 seconds, 466952192 bytes of memory usage, 979224 kB of memory peak and 2-13:26:53 elapsed time
Statistics on the network after iteration 1480 (MF = 107.353050)
	Number of nodes: 27919
	Number of allocated nodes: 28672
	Number of edges: 205965
	Maximum in degree: 585 (node 27517)
	Maximum out degree: 497 (node 7314)
	source 637 (node 7314) with out degree 497
	target 1010 (node 27517) with in degree 585

Execution time and memory used at after iteration 1481 (MF = 107.353050): 2.215744e+05 seconds, 467136512 bytes of memory usage, 979748 kB of memory peak and 2-13:33:08 elapsed time
Statistics on the network after iteration 1481 (MF = 107.353050)
	Number of nodes: 27919
	Number of allocated nodes: 28672
	Number of edges: 205965
	Maximum in degree: 585 (node 27517)
	Maximum out degree: 497 (node 7314)
	source 637 (node 7314) with out degree 497
	target 1010 (node 27517) with in degree 585

Execution time and memory used at after iteration 1482 (MF = 107.339187): 2.219570e+05 seconds, 467312640 bytes of memory usage, 980256 kB of memory peak and 2-13:39:31 elapsed time
Statistics on the network after iteration 1482 (MF = 107.339187)
	Number of nodes: 27919
	Number of allocated nodes: 28672
	Number of edges: 205965
	Maximum in degree: 585 (node 27517)
	Maximum out degree: 497 (node 7314)
	source 637 (node 7314) with out degree 497
	target 1010 (node 27517) with in degree 585

Execution time and memory used at after iteration 1483 (MF = 107.353050): 2.223335e+05 seconds, 467496960 bytes of memory usage, 980780 kB of memory peak and 2-13:45:47 elapsed time
Statistics on the network after iteration 1483 (MF = 107.353050)
	Number of nodes: 27919
	Number of allocated nodes: 28672
	Number of edges: 205965
	Maximum in degree: 585 (node 27517)
	Maximum out degree: 497 (node 7314)
	source 637 (node 7314) with out degree 497
	target 1010 (node 27517) with in degree 585

Execution time and memory used at after iteration 1484 (MF = 107.376155): 2.227114e+05 seconds, 467660800 bytes of memory usage, 981288 kB of memory peak and 2-13:52:06 elapsed time
Statistics on the network after iteration 1484 (MF = 107.376155)
	Number of nodes: 27919
	Number of allocated nodes: 28672
	Number of edges: 205965
	Maximum in degree: 585 (node 27517)
	Maximum out degree: 497 (node 7314)
	source 637 (node 7314) with out degree 497
	target 1010 (node 27517) with in degree 585

Execution time and memory used at after iteration 1485 (MF = 107.376155): 2.230892e+05 seconds, 467849216 bytes of memory usage, 981804 kB of memory peak and 2-13:58:23 elapsed time
Statistics on the network after iteration 1485 (MF = 107.376155)
	Number of nodes: 27919
	Number of allocated nodes: 28672
	Number of edges: 205965
	Maximum in degree: 585 (node 27517)
	Maximum out degree: 497 (node 7314)
	source 637 (node 7314) with out degree 497
	target 1010 (node 27517) with in degree 585

Execution time and memory used at after iteration 1486 (MF = 107.376155): 2.234679e+05 seconds, 468025344 bytes of memory usage, 982312 kB of memory peak and 2-14:04:42 elapsed time
Statistics on the network after iteration 1486 (MF = 107.376155)
	Number of nodes: 27919
	Number of allocated nodes: 28672
	Number of edges: 205965
	Maximum in degree: 585 (node 27517)
	Maximum out degree: 497 (node 7314)
	source 637 (node 7314) with out degree 497
	target 1010 (node 27517) with in degree 585

Execution time and memory used at after iteration 1487 (MF = 107.376155): 2.238528e+05 seconds, 468197376 bytes of memory usage, 982828 kB of memory peak and 2-14:11:07 elapsed time
Statistics on the network after iteration 1487 (MF = 107.376155)
	Number of nodes: 27919
	Number of allocated nodes: 28672
	Number of edges: 205965
	Maximum in degree: 585 (node 27517)
	Maximum out degree: 497 (node 7314)
	source 637 (node 7314) with out degree 497
	target 1010 (node 27517) with in degree 585

Execution time and memory used at after iteration 1488 (MF = 107.376155): 2.242321e+05 seconds, 468381696 bytes of memory usage, 983320 kB of memory peak and 2-14:17:26 elapsed time
Statistics on the network after iteration 1488 (MF = 107.376155)
	Number of nodes: 27919
	Number of allocated nodes: 28672
	Number of edges: 205965
	Maximum in degree: 585 (node 27517)
	Maximum out degree: 497 (node 7314)
	source 637 (node 7314) with out degree 497
	target 1010 (node 27517) with in degree 585

Execution time and memory used at after iteration 1489 (MF = 107.376155): 2.246121e+05 seconds, 468557824 bytes of memory usage, 983844 kB of memory peak and 2-14:23:46 elapsed time
Statistics on the network after iteration 1489 (MF = 107.376155)
	Number of nodes: 27919
	Number of allocated nodes: 28672
	Number of edges: 205965
	Maximum in degree: 585 (node 27517)
	Maximum out degree: 497 (node 7314)
	source 637 (node 7314) with out degree 497
	target 1010 (node 27517) with in degree 585

Execution time and memory used at after iteration 1490 (MF = 107.376155): 2.249926e+05 seconds, 468742144 bytes of memory usage, 984352 kB of memory peak and 2-14:30:07 elapsed time
Statistics on the network after iteration 1490 (MF = 107.376155)
	Number of nodes: 27919
	Number of allocated nodes: 28672
	Number of edges: 205965
	Maximum in degree: 585 (node 27517)
	Maximum out degree: 497 (node 7314)
	source 637 (node 7314) with out degree 497
	target 1010 (node 27517) with in degree 585

Execution time and memory used at after iteration 1491 (MF = 107.376155): 2.253730e+05 seconds, 468926464 bytes of memory usage, 984872 kB of memory peak and 2-14:36:27 elapsed time
Statistics on the network after iteration 1491 (MF = 107.376155)
	Number of nodes: 27919
	Number of allocated nodes: 28672
	Number of edges: 205965
	Maximum in degree: 585 (node 27517)
	Maximum out degree: 497 (node 7314)
	source 637 (node 7314) with out degree 497
	target 1010 (node 27517) with in degree 585

Execution time and memory used at after iteration 1492 (MF = 107.376155): 2.257543e+05 seconds, 469102592 bytes of memory usage, 985372 kB of memory peak and 2-14:42:48 elapsed time
Statistics on the network after iteration 1492 (MF = 107.376155)
	Number of nodes: 27919
	Number of allocated nodes: 28672
	Number of edges: 205965
	Maximum in degree: 585 (node 27517)
	Maximum out degree: 497 (node 7314)
	source 637 (node 7314) with out degree 497
	target 1010 (node 27517) with in degree 585

Execution time and memory used at after iteration 1493 (MF = 107.376155): 2.261353e+05 seconds, 469286912 bytes of memory usage, 985896 kB of memory peak and 2-14:49:09 elapsed time
Statistics on the network after iteration 1493 (MF = 107.376155)
	Number of nodes: 27919
	Number of allocated nodes: 28672
	Number of edges: 205965
	Maximum in degree: 585 (node 27517)
	Maximum out degree: 497 (node 7314)
	source 637 (node 7314) with out degree 497
	target 1010 (node 27517) with in degree 585

Execution time and memory used at after iteration 1494 (MF = 107.376155): 2.265271e+05 seconds, 469463040 bytes of memory usage, 986404 kB of memory peak and 2-14:55:41 elapsed time
Statistics on the network after iteration 1494 (MF = 107.376155)
	Number of nodes: 27919
	Number of allocated nodes: 28672
	Number of edges: 205965
	Maximum in degree: 585 (node 27517)
	Maximum out degree: 497 (node 7314)
	source 637 (node 7314) with out degree 497
	target 1010 (node 27517) with in degree 585

Execution time and memory used at after iteration 1495 (MF = 107.376155): 2.269143e+05 seconds, 469639168 bytes of memory usage, 986904 kB of memory peak and 2-15:02:09 elapsed time
Statistics on the network after iteration 1495 (MF = 107.376155)
	Number of nodes: 27919
	Number of allocated nodes: 28672
	Number of edges: 205965
	Maximum in degree: 585 (node 27517)
	Maximum out degree: 497 (node 7314)
	source 637 (node 7314) with out degree 497
	target 1010 (node 27517) with in degree 585

Execution time and memory used at after iteration 1496 (MF = 107.434381): 2.272965e+05 seconds, 469823488 bytes of memory usage, 987416 kB of memory peak and 2-15:08:31 elapsed time
Statistics on the network after iteration 1496 (MF = 107.434381)
	Number of nodes: 27919
	Number of allocated nodes: 28672
	Number of edges: 205965
	Maximum in degree: 585 (node 27517)
	Maximum out degree: 497 (node 7314)
	source 637 (node 7314) with out degree 497
	target 1010 (node 27517) with in degree 585

Execution time and memory used at after iteration 1497 (MF = 107.434381): 2.276793e+05 seconds, 469999616 bytes of memory usage, 987924 kB of memory peak and 2-15:14:54 elapsed time
Statistics on the network after iteration 1497 (MF = 107.434381)
	Number of nodes: 27919
	Number of allocated nodes: 28672
	Number of edges: 205965
	Maximum in degree: 585 (node 27517)
	Maximum out degree: 497 (node 7314)
	source 637 (node 7314) with out degree 497
	target 1010 (node 27517) with in degree 585

Execution time and memory used at after iteration 1498 (MF = 107.434381): 2.280628e+05 seconds, 470179840 bytes of memory usage, 988444 kB of memory peak and 2-15:21:17 elapsed time
Statistics on the network after iteration 1498 (MF = 107.434381)
	Number of nodes: 27919
	Number of allocated nodes: 28672
	Number of edges: 205965
	Maximum in degree: 585 (node 27517)
	Maximum out degree: 497 (node 7314)
	source 637 (node 7314) with out degree 497
	target 1010 (node 27517) with in degree 585

Execution time and memory used at after iteration 1499 (MF = 107.434381): 2.284472e+05 seconds, 470351872 bytes of memory usage, 988936 kB of memory peak and 2-15:27:42 elapsed time
Statistics on the network after iteration 1499 (MF = 107.434381)
	Number of nodes: 27919
	Number of allocated nodes: 28672
	Number of edges: 205965
	Maximum in degree: 585 (node 27517)
	Maximum out degree: 497 (node 7314)
	source 637 (node 7314) with out degree 497
	target 1010 (node 27517) with in degree 585

Execution time and memory used at after iteration 1500 (MF = 107.434381): 2.288317e+05 seconds, 470523904 bytes of memory usage, 989452 kB of memory peak and 2-15:34:06 elapsed time
Statistics on the network after iteration 1500 (MF = 107.434381)
	Number of nodes: 27919
	Number of allocated nodes: 28672
	Number of edges: 205965
	Maximum in degree: 585 (node 27517)
	Maximum out degree: 497 (node 7314)
	source 637 (node 7314) with out degree 497
	target 1010 (node 27517) with in degree 585

Execution time and memory used at after iteration 1501 (MF = 107.434381): 2.292163e+05 seconds, 470716416 bytes of memory usage, 989960 kB of memory peak and 2-15:40:31 elapsed time
Statistics on the network after iteration 1501 (MF = 107.434381)
	Number of nodes: 27919
	Number of allocated nodes: 28672
	Number of edges: 205965
	Maximum in degree: 585 (node 27517)
	Maximum out degree: 497 (node 7314)
	source 637 (node 7314) with out degree 497
	target 1010 (node 27517) with in degree 585

Execution time and memory used at after iteration 1502 (MF = 107.434381): 2.295998e+05 seconds, 470884352 bytes of memory usage, 990468 kB of memory peak and 2-15:46:54 elapsed time
Statistics on the network after iteration 1502 (MF = 107.434381)
	Number of nodes: 27919
	Number of allocated nodes: 28672
	Number of edges: 205965
	Maximum in degree: 585 (node 27517)
	Maximum out degree: 497 (node 7314)
	source 637 (node 7314) with out degree 497
	target 1010 (node 27517) with in degree 585

Execution time and memory used at after iteration 1503 (MF = 107.434381): 2.299847e+05 seconds, 471060480 bytes of memory usage, 990976 kB of memory peak and 2-15:53:19 elapsed time
Statistics on the network after iteration 1503 (MF = 107.434381)
	Number of nodes: 27919
	Number of allocated nodes: 28672
	Number of edges: 205965
	Maximum in degree: 585 (node 27517)
	Maximum out degree: 497 (node 7314)
	source 637 (node 7314) with out degree 497
	target 1010 (node 27517) with in degree 585

Execution time and memory used at after iteration 1504 (MF = 107.434381): 2.303696e+05 seconds, 471240704 bytes of memory usage, 991488 kB of memory peak and 2-15:59:44 elapsed time
Statistics on the network after iteration 1504 (MF = 107.434381)
	Number of nodes: 27919
	Number of allocated nodes: 28672
	Number of edges: 205965
	Maximum in degree: 585 (node 27517)
	Maximum out degree: 497 (node 7314)
	source 637 (node 7314) with out degree 497
	target 1010 (node 27517) with in degree 585

Execution time and memory used at after iteration 1505 (MF = 107.434381): 2.307604e+05 seconds, 471425024 bytes of memory usage, 992012 kB of memory peak and 2-16:06:15 elapsed time
Statistics on the network after iteration 1505 (MF = 107.434381)
	Number of nodes: 27919
	Number of allocated nodes: 28672
	Number of edges: 205965
	Maximum in degree: 585 (node 27517)
	Maximum out degree: 497 (node 7314)
	source 637 (node 7314) with out degree 497
	target 1010 (node 27517) with in degree 585

Execution time and memory used at after iteration 1506 (MF = 107.434381): 2.311469e+05 seconds, 471609344 bytes of memory usage, 992504 kB of memory peak and 2-16:12:41 elapsed time
Statistics on the network after iteration 1506 (MF = 107.434381)
	Number of nodes: 27919
	Number of allocated nodes: 28672
	Number of edges: 205965
	Maximum in degree: 585 (node 27517)
	Maximum out degree: 497 (node 7314)
	source 637 (node 7314) with out degree 497
	target 1010 (node 27517) with in degree 585

Execution time and memory used at after iteration 1507 (MF = 107.434381): 2.315335e+05 seconds, 471777280 bytes of memory usage, 993012 kB of memory peak and 2-16:19:08 elapsed time
Statistics on the network after iteration 1507 (MF = 107.434381)
	Number of nodes: 27919
	Number of allocated nodes: 28672
	Number of edges: 205965
	Maximum in degree: 585 (node 27517)
	Maximum out degree: 497 (node 7314)
	source 637 (node 7314) with out degree 497
	target 1010 (node 27517) with in degree 585

Execution time and memory used at after iteration 1508 (MF = 107.506470): 2.319202e+05 seconds, 471973888 bytes of memory usage, 993532 kB of memory peak and 2-16:25:35 elapsed time
Statistics on the network after iteration 1508 (MF = 107.506470)
	Number of nodes: 27919
	Number of allocated nodes: 28672
	Number of edges: 205965
	Maximum in degree: 585 (node 27517)
	Maximum out degree: 497 (node 7314)
	source 637 (node 7314) with out degree 497
	target 1010 (node 27517) with in degree 585

Execution time and memory used at after iteration 1509 (MF = 107.434381): 2.323071e+05 seconds, 472154112 bytes of memory usage, 994052 kB of memory peak and 2-16:32:01 elapsed time
Statistics on the network after iteration 1509 (MF = 107.434381)
	Number of nodes: 27919
	Number of allocated nodes: 28672
	Number of edges: 205965
	Maximum in degree: 585 (node 27517)
	Maximum out degree: 497 (node 7314)
	source 637 (node 7314) with out degree 497
	target 1010 (node 27517) with in degree 585

Execution time and memory used at after iteration 1510 (MF = 107.434381): 2.327026e+05 seconds, 472326144 bytes of memory usage, 994560 kB of memory peak and 2-16:38:37 elapsed time
Statistics on the network after iteration 1510 (MF = 107.434381)
	Number of nodes: 27919
	Number of allocated nodes: 28672
	Number of edges: 205965
	Maximum in degree: 585 (node 27517)
	Maximum out degree: 497 (node 7314)
	source 637 (node 7314) with out degree 497
	target 1010 (node 27517) with in degree 585

Execution time and memory used at after iteration 1511 (MF = 107.434381): 2.330986e+05 seconds, 472506368 bytes of memory usage, 995076 kB of memory peak and 2-16:45:13 elapsed time
Statistics on the network after iteration 1511 (MF = 107.434381)
	Number of nodes: 27919
	Number of allocated nodes: 28672
	Number of edges: 205965
	Maximum in degree: 585 (node 27517)
	Maximum out degree: 497 (node 7314)
	source 637 (node 7314) with out degree 497
	target 1010 (node 27517) with in degree 585

Execution time and memory used at after iteration 1512 (MF = 107.434381): 2.334935e+05 seconds, 472682496 bytes of memory usage, 995584 kB of memory peak and 2-16:51:48 elapsed time
Statistics on the network after iteration 1512 (MF = 107.434381)
	Number of nodes: 27919
	Number of allocated nodes: 28672
	Number of edges: 205965
	Maximum in degree: 585 (node 27517)
	Maximum out degree: 497 (node 7314)
	source 637 (node 7314) with out degree 497
	target 1010 (node 27517) with in degree 585

Execution time and memory used at after iteration 1513 (MF = 107.434381): 2.338866e+05 seconds, 472866816 bytes of memory usage, 996100 kB of memory peak and 2-16:58:21 elapsed time
Statistics on the network after iteration 1513 (MF = 107.434381)
	Number of nodes: 27919
	Number of allocated nodes: 28672
	Number of edges: 205965
	Maximum in degree: 585 (node 27517)
	Maximum out degree: 497 (node 7314)
	source 637 (node 7314) with out degree 497
	target 1010 (node 27517) with in degree 585

Execution time and memory used at after iteration 1514 (MF = 107.434381): 2.342950e+05 seconds, 473038848 bytes of memory usage, 996612 kB of memory peak and 2-17:05:09 elapsed time
Statistics on the network after iteration 1514 (MF = 107.434381)
	Number of nodes: 27919
	Number of allocated nodes: 28672
	Number of edges: 205965
	Maximum in degree: 585 (node 27517)
	Maximum out degree: 497 (node 7314)
	source 637 (node 7314) with out degree 497
	target 1010 (node 27517) with in degree 585

Execution time and memory used at after iteration 1515 (MF = 107.434381): 2.346914e+05 seconds, 473214976 bytes of memory usage, 997112 kB of memory peak and 2-17:11:46 elapsed time
Statistics on the network after iteration 1515 (MF = 107.434381)
	Number of nodes: 27919
	Number of allocated nodes: 28672
	Number of edges: 205965
	Maximum in degree: 585 (node 27517)
	Maximum out degree: 497 (node 7314)
	source 637 (node 7314) with out degree 497
	target 1010 (node 27517) with in degree 585

Execution time and memory used at after iteration 1516 (MF = 107.506470): 2.350911e+05 seconds, 473399296 bytes of memory usage, 997636 kB of memory peak and 2-17:18:26 elapsed time
Statistics on the network after iteration 1516 (MF = 107.506470)
	Number of nodes: 27919
	Number of allocated nodes: 28672
	Number of edges: 205965
	Maximum in degree: 585 (node 27517)
	Maximum out degree: 497 (node 7314)
	source 637 (node 7314) with out degree 497
	target 1010 (node 27517) with in degree 585

Execution time and memory used at after iteration 1517 (MF = 107.434381): 2.354803e+05 seconds, 473575424 bytes of memory usage, 998144 kB of memory peak and 2-17:24:55 elapsed time
Statistics on the network after iteration 1517 (MF = 107.434381)
	Number of nodes: 27919
	Number of allocated nodes: 28672
	Number of edges: 205965
	Maximum in degree: 585 (node 27517)
	Maximum out degree: 497 (node 7314)
	source 637 (node 7314) with out degree 497
	target 1010 (node 27517) with in degree 585

Execution time and memory used at after iteration 1518 (MF = 107.434381): 2.358717e+05 seconds, 473759744 bytes of memory usage, 998656 kB of memory peak and 2-17:31:26 elapsed time
Statistics on the network after iteration 1518 (MF = 107.434381)
	Number of nodes: 27919
	Number of allocated nodes: 28672
	Number of edges: 205965
	Maximum in degree: 585 (node 27517)
	Maximum out degree: 497 (node 7314)
	source 637 (node 7314) with out degree 497
	target 1010 (node 27517) with in degree 585

Execution time and memory used at after iteration 1519 (MF = 107.434381): 2.362784e+05 seconds, 473939968 bytes of memory usage, 999148 kB of memory peak and 2-17:38:13 elapsed time
Statistics on the network after iteration 1519 (MF = 107.434381)
	Number of nodes: 27919
	Number of allocated nodes: 28672
	Number of edges: 205965
	Maximum in degree: 585 (node 27517)
	Maximum out degree: 497 (node 7314)
	source 637 (node 7314) with out degree 497
	target 1010 (node 27517) with in degree 585

Execution time and memory used at after iteration 1520 (MF = 107.339187): 2.366753e+05 seconds, 474120192 bytes of memory usage, 999664 kB of memory peak and 2-17:44:50 elapsed time
Statistics on the network after iteration 1520 (MF = 107.339187)
	Number of nodes: 27919
	Number of allocated nodes: 28672
	Number of edges: 205965
	Maximum in degree: 585 (node 27517)
	Maximum out degree: 497 (node 7314)
	source 637 (node 7314) with out degree 497
	target 1010 (node 27517) with in degree 585

Execution time and memory used at after iteration 1521 (MF = 107.339187): 2.370762e+05 seconds, 474292224 bytes of memory usage, 1000176 kB of memory peak and 2-17:51:31 elapsed time
Statistics on the network after iteration 1521 (MF = 107.339187)
	Number of nodes: 27919
	Number of allocated nodes: 28672
	Number of edges: 205965
	Maximum in degree: 585 (node 27517)
	Maximum out degree: 497 (node 7314)
	source 637 (node 7314) with out degree 497
	target 1010 (node 27517) with in degree 585

Execution time and memory used at after iteration 1522 (MF = 107.339187): 2.374917e+05 seconds, 474460160 bytes of memory usage, 1000684 kB of memory peak and 2-17:58:26 elapsed time
Statistics on the network after iteration 1522 (MF = 107.339187)
	Number of nodes: 27919
	Number of allocated nodes: 28672
	Number of edges: 205965
	Maximum in degree: 585 (node 27517)
	Maximum out degree: 497 (node 7314)
	source 637 (node 7314) with out degree 497
	target 1010 (node 27517) with in degree 585

Execution time and memory used at after iteration 1523 (MF = 107.339187): 2.378874e+05 seconds, 474644480 bytes of memory usage, 1001200 kB of memory peak and 2-18:05:02 elapsed time
Statistics on the network after iteration 1523 (MF = 107.339187)
	Number of nodes: 27919
	Number of allocated nodes: 28672
	Number of edges: 205965
	Maximum in degree: 585 (node 27517)
	Maximum out degree: 497 (node 7314)
	source 637 (node 7314) with out degree 497
	target 1010 (node 27517) with in degree 585

Execution time and memory used at after iteration 1524 (MF = 107.339187): 2.382851e+05 seconds, 474820608 bytes of memory usage, 1001700 kB of memory peak and 2-18:11:40 elapsed time
Statistics on the network after iteration 1524 (MF = 107.339187)
	Number of nodes: 27919
	Number of allocated nodes: 28672
	Number of edges: 205965
	Maximum in degree: 585 (node 27517)
	Maximum out degree: 497 (node 7314)
	source 637 (node 7314) with out degree 497
	target 1010 (node 27517) with in degree 585

Execution time and memory used at after iteration 1525 (MF = 107.411275): 2.386778e+05 seconds, 475009024 bytes of memory usage, 1002224 kB of memory peak and 2-18:18:12 elapsed time
Statistics on the network after iteration 1525 (MF = 107.411275)
	Number of nodes: 27919
	Number of allocated nodes: 28672
	Number of edges: 205965
	Maximum in degree: 585 (node 27517)
	Maximum out degree: 497 (node 7314)
	source 637 (node 7314) with out degree 497
	target 1010 (node 27517) with in degree 585

Execution time and memory used at after iteration 1526 (MF = 107.339187): 2.390710e+05 seconds, 475181056 bytes of memory usage, 1002724 kB of memory peak and 2-18:24:46 elapsed time
Statistics on the network after iteration 1526 (MF = 107.339187)
	Number of nodes: 27919
	Number of allocated nodes: 28672
	Number of edges: 205965
	Maximum in degree: 585 (node 27517)
	Maximum out degree: 497 (node 7314)
	source 637 (node 7314) with out degree 497
	target 1010 (node 27517) with in degree 585

Execution time and memory used at after iteration 1527 (MF = 107.339187): 2.394650e+05 seconds, 475353088 bytes of memory usage, 1003244 kB of memory peak and 2-18:31:20 elapsed time
Statistics on the network after iteration 1527 (MF = 107.339187)
	Number of nodes: 27919
	Number of allocated nodes: 28672
	Number of edges: 205965
	Maximum in degree: 585 (node 27517)
	Maximum out degree: 497 (node 7314)
	source 637 (node 7314) with out degree 497
	target 1010 (node 27517) with in degree 585

Execution time and memory used at after iteration 1528 (MF = 107.339187): 2.398601e+05 seconds, 475553792 bytes of memory usage, 1003748 kB of memory peak and 2-18:37:55 elapsed time
Statistics on the network after iteration 1528 (MF = 107.339187)
	Number of nodes: 27919
	Number of allocated nodes: 28672
	Number of edges: 205965
	Maximum in degree: 585 (node 27517)
	Maximum out degree: 497 (node 7314)
	source 637 (node 7314) with out degree 497
	target 1010 (node 27517) with in degree 585

Execution time and memory used at after iteration 1529 (MF = 107.339187): 2.402563e+05 seconds, 475729920 bytes of memory usage, 1004248 kB of memory peak and 2-18:44:31 elapsed time
Statistics on the network after iteration 1529 (MF = 107.339187)
	Number of nodes: 27919
	Number of allocated nodes: 28672
	Number of edges: 205965
	Maximum in degree: 585 (node 27517)
	Maximum out degree: 497 (node 7314)
	source 637 (node 7314) with out degree 497
	target 1010 (node 27517) with in degree 585

Execution time and memory used at after iteration 1530 (MF = 107.339187): 2.406529e+05 seconds, 475906048 bytes of memory usage, 1004772 kB of memory peak and 2-18:51:08 elapsed time
Statistics on the network after iteration 1530 (MF = 107.339187)
	Number of nodes: 27919
	Number of allocated nodes: 28672
	Number of edges: 205965
	Maximum in degree: 585 (node 27517)
	Maximum out degree: 497 (node 7314)
	source 637 (node 7314) with out degree 497
	target 1010 (node 27517) with in degree 585

Execution time and memory used at after iteration 1531 (MF = 107.323475): 2.410495e+05 seconds, 476078080 bytes of memory usage, 1005272 kB of memory peak and 2-18:57:44 elapsed time
Statistics on the network after iteration 1531 (MF = 107.323475)
	Number of nodes: 27919
	Number of allocated nodes: 28672
	Number of edges: 205965
	Maximum in degree: 585 (node 27517)
	Maximum out degree: 497 (node 7314)
	source 637 (node 7314) with out degree 497
	target 1010 (node 27517) with in degree 585

Execution time and memory used at after iteration 1532 (MF = 107.339187): 2.414522e+05 seconds, 476254208 bytes of memory usage, 1005772 kB of memory peak and 2-19:04:27 elapsed time
Statistics on the network after iteration 1532 (MF = 107.339187)
	Number of nodes: 27919
	Number of allocated nodes: 28672
	Number of edges: 205965
	Maximum in degree: 585 (node 27517)
	Maximum out degree: 497 (node 7314)
	source 637 (node 7314) with out degree 497
	target 1010 (node 27517) with in degree 585

Execution time and memory used at after iteration 1533 (MF = 107.376155): 2.418543e+05 seconds, 476438528 bytes of memory usage, 1006284 kB of memory peak and 2-19:11:09 elapsed time
Statistics on the network after iteration 1533 (MF = 107.376155)
	Number of nodes: 27919
	Number of allocated nodes: 28672
	Number of edges: 205965
	Maximum in degree: 585 (node 27517)
	Maximum out degree: 497 (node 7314)
	source 637 (node 7314) with out degree 497
	target 1010 (node 27517) with in degree 585

Execution time and memory used at after iteration 1534 (MF = 107.376155): 2.422574e+05 seconds, 476614656 bytes of memory usage, 1006808 kB of memory peak and 2-19:17:52 elapsed time
Statistics on the network after iteration 1534 (MF = 107.376155)
	Number of nodes: 27919
	Number of allocated nodes: 28672
	Number of edges: 205965
	Maximum in degree: 585 (node 27517)
	Maximum out degree: 497 (node 7314)
	source 637 (node 7314) with out degree 497
	target 1010 (node 27517) with in degree 585

Execution time and memory used at after iteration 1535 (MF = 107.376155): 2.426610e+05 seconds, 476803072 bytes of memory usage, 1007308 kB of memory peak and 2-19:24:36 elapsed time
Statistics on the network after iteration 1535 (MF = 107.376155)
	Number of nodes: 27919
	Number of allocated nodes: 28672
	Number of edges: 205965
	Maximum in degree: 585 (node 27517)
	Maximum out degree: 497 (node 7314)
	source 637 (node 7314) with out degree 497
	target 1010 (node 27517) with in degree 585

Execution time and memory used at after iteration 1536 (MF = 107.376155): 2.430602e+05 seconds, 476975104 bytes of memory usage, 1007820 kB of memory peak and 2-19:31:15 elapsed time
Statistics on the network after iteration 1536 (MF = 107.376155)
	Number of nodes: 27919
	Number of allocated nodes: 28672
	Number of edges: 205965
	Maximum in degree: 585 (node 27517)
	Maximum out degree: 497 (node 7314)
	source 637 (node 7314) with out degree 497
	target 1010 (node 27517) with in degree 585

Execution time and memory used at after iteration 1537 (MF = 107.376155): 2.434602e+05 seconds, 477155328 bytes of memory usage, 1008344 kB of memory peak and 2-19:37:55 elapsed time
Statistics on the network after iteration 1537 (MF = 107.376155)
	Number of nodes: 27919
	Number of allocated nodes: 28672
	Number of edges: 205965
	Maximum in degree: 585 (node 27517)
	Maximum out degree: 497 (node 7314)
	source 637 (node 7314) with out degree 497
	target 1010 (node 27517) with in degree 585

Execution time and memory used at after iteration 1538 (MF = 107.390018): 2.438600e+05 seconds, 477331456 bytes of memory usage, 1008844 kB of memory peak and 2-19:44:35 elapsed time
Statistics on the network after iteration 1538 (MF = 107.390018)
	Number of nodes: 27919
	Number of allocated nodes: 28672
	Number of edges: 205965
	Maximum in degree: 585 (node 27517)
	Maximum out degree: 497 (node 7314)
	source 637 (node 7314) with out degree 497
	target 1010 (node 27517) with in degree 585

Execution time and memory used at after iteration 1539 (MF = 107.434381): 2.442607e+05 seconds, 477507584 bytes of memory usage, 1009368 kB of memory peak and 2-19:51:16 elapsed time
Statistics on the network after iteration 1539 (MF = 107.434381)
	Number of nodes: 27919
	Number of allocated nodes: 28672
	Number of edges: 205965
	Maximum in degree: 585 (node 27517)
	Maximum out degree: 497 (node 7314)
	source 637 (node 7314) with out degree 497
	target 1010 (node 27517) with in degree 585

Execution time and memory used at after iteration 1540 (MF = 107.434381): 2.446621e+05 seconds, 477683712 bytes of memory usage, 1009872 kB of memory peak and 2-19:57:57 elapsed time
Statistics on the network after iteration 1540 (MF = 107.434381)
	Number of nodes: 27919
	Number of allocated nodes: 28672
	Number of edges: 205965
	Maximum in degree: 585 (node 27517)
	Maximum out degree: 497 (node 7314)
	source 637 (node 7314) with out degree 497
	target 1010 (node 27517) with in degree 585

Execution time and memory used at after iteration 1541 (MF = 107.434381): 2.450813e+05 seconds, 477872128 bytes of memory usage, 1010380 kB of memory peak and 2-20:04:56 elapsed time
Statistics on the network after iteration 1541 (MF = 107.434381)
	Number of nodes: 27919
	Number of allocated nodes: 28672
	Number of edges: 205965
	Maximum in degree: 585 (node 27517)
	Maximum out degree: 497 (node 7314)
	source 637 (node 7314) with out degree 497
	target 1010 (node 27517) with in degree 585

Execution time and memory used at after iteration 1542 (MF = 107.448244): 2.454895e+05 seconds, 478044160 bytes of memory usage, 1010896 kB of memory peak and 2-20:11:44 elapsed time
Statistics on the network after iteration 1542 (MF = 107.448244)
	Number of nodes: 27919
	Number of allocated nodes: 28672
	Number of edges: 205965
	Maximum in degree: 585 (node 27517)
	Maximum out degree: 497 (node 7314)
	source 637 (node 7314) with out degree 497
	target 1010 (node 27517) with in degree 585

Execution time and memory used at after iteration 1543 (MF = 107.434381): 2.458975e+05 seconds, 478224384 bytes of memory usage, 1011404 kB of memory peak and 2-20:18:32 elapsed time
Statistics on the network after iteration 1543 (MF = 107.434381)
	Number of nodes: 27919
	Number of allocated nodes: 28672
	Number of edges: 205965
	Maximum in degree: 585 (node 27517)
	Maximum out degree: 497 (node 7314)
	source 637 (node 7314) with out degree 497
	target 1010 (node 27517) with in degree 585

Execution time and memory used at after iteration 1544 (MF = 107.434381): 2.463045e+05 seconds, 478400512 bytes of memory usage, 1011904 kB of memory peak and 2-20:25:19 elapsed time
Statistics on the network after iteration 1544 (MF = 107.434381)
	Number of nodes: 27919
	Number of allocated nodes: 28672
	Number of edges: 205965
	Maximum in degree: 585 (node 27517)
	Maximum out degree: 497 (node 7314)
	source 637 (node 7314) with out degree 497
	target 1010 (node 27517) with in degree 585

Execution time and memory used at after iteration 1545 (MF = 107.434381): 2.467122e+05 seconds, 478576640 bytes of memory usage, 1012416 kB of memory peak and 2-20:32:07 elapsed time
Statistics on the network after iteration 1545 (MF = 107.434381)
	Number of nodes: 27919
	Number of allocated nodes: 28672
	Number of edges: 205965
	Maximum in degree: 585 (node 27517)
	Maximum out degree: 497 (node 7314)
	source 637 (node 7314) with out degree 497
	target 1010 (node 27517) with in degree 585

Execution time and memory used at after iteration 1546 (MF = 107.434381): 2.471173e+05 seconds, 478765056 bytes of memory usage, 1012940 kB of memory peak and 2-20:38:52 elapsed time
Statistics on the network after iteration 1546 (MF = 107.434381)
	Number of nodes: 27919
	Number of allocated nodes: 28672
	Number of edges: 205965
	Maximum in degree: 585 (node 27517)
	Maximum out degree: 497 (node 7314)
	source 637 (node 7314) with out degree 497
	target 1010 (node 27517) with in degree 585

Execution time and memory used at after iteration 1547 (MF = 107.434381): 2.475228e+05 seconds, 478949376 bytes of memory usage, 1013440 kB of memory peak and 2-20:45:38 elapsed time
Statistics on the network after iteration 1547 (MF = 107.434381)
	Number of nodes: 27919
	Number of allocated nodes: 28672
	Number of edges: 205965
	Maximum in degree: 585 (node 27517)
	Maximum out degree: 497 (node 7314)
	source 637 (node 7314) with out degree 497
	target 1010 (node 27517) with in degree 585

Execution time and memory used at after iteration 1548 (MF = 107.448244): 2.479291e+05 seconds, 479117312 bytes of memory usage, 1013956 kB of memory peak and 2-20:52:24 elapsed time
Statistics on the network after iteration 1548 (MF = 107.448244)
	Number of nodes: 27919
	Number of allocated nodes: 28672
	Number of edges: 205965
	Maximum in degree: 585 (node 27517)
	Maximum out degree: 497 (node 7314)
	source 637 (node 7314) with out degree 497
	target 1010 (node 27517) with in degree 585

Execution time and memory used at after iteration 1549 (MF = 107.376155): 2.483353e+05 seconds, 479293440 bytes of memory usage, 1014472 kB of memory peak and 2-20:59:10 elapsed time
Statistics on the network after iteration 1549 (MF = 107.376155)
	Number of nodes: 27919
	Number of allocated nodes: 28672
	Number of edges: 205965
	Maximum in degree: 585 (node 27517)
	Maximum out degree: 497 (node 7314)
	source 637 (node 7314) with out degree 497
	target 1010 (node 27517) with in degree 585

Execution time and memory used at after iteration 1550 (MF = 107.376155): 2.487415e+05 seconds, 479490048 bytes of memory usage, 1014992 kB of memory peak and 2-21:05:56 elapsed time
Statistics on the network after iteration 1550 (MF = 107.376155)
	Number of nodes: 27919
	Number of allocated nodes: 28672
	Number of edges: 205965
	Maximum in degree: 585 (node 27517)
	Maximum out degree: 497 (node 7314)
	source 637 (node 7314) with out degree 497
	target 1010 (node 27517) with in degree 585

Execution time and memory used at after iteration 1551 (MF = 107.376155): 2.491481e+05 seconds, 479666176 bytes of memory usage, 1015492 kB of memory peak and 2-21:12:43 elapsed time
Statistics on the network after iteration 1551 (MF = 107.376155)
	Number of nodes: 27919
	Number of allocated nodes: 28672
	Number of edges: 205965
	Maximum in degree: 585 (node 27517)
	Maximum out degree: 497 (node 7314)
	source 637 (node 7314) with out degree 497
	target 1010 (node 27517) with in degree 585

Execution time and memory used at after iteration 1552 (MF = 107.376155): 2.495550e+05 seconds, 479838208 bytes of memory usage, 1016008 kB of memory peak and 2-21:19:30 elapsed time
Statistics on the network after iteration 1552 (MF = 107.376155)
	Number of nodes: 27919
	Number of allocated nodes: 28672
	Number of edges: 205965
	Maximum in degree: 585 (node 27517)
	Maximum out degree: 497 (node 7314)
	source 637 (node 7314) with out degree 497
	target 1010 (node 27517) with in degree 585

Execution time and memory used at after iteration 1553 (MF = 107.376155): 2.499623e+05 seconds, 480010240 bytes of memory usage, 1016516 kB of memory peak and 2-21:26:17 elapsed time
Statistics on the network after iteration 1553 (MF = 107.376155)
	Number of nodes: 27919
	Number of allocated nodes: 28672
	Number of edges: 205965
	Maximum in degree: 585 (node 27517)
	Maximum out degree: 497 (node 7314)
	source 637 (node 7314) with out degree 497
	target 1010 (node 27517) with in degree 585

Execution time and memory used at after iteration 1554 (MF = 107.376155): 2.503727e+05 seconds, 480194560 bytes of memory usage, 1017032 kB of memory peak and 2-21:33:08 elapsed time
Statistics on the network after iteration 1554 (MF = 107.376155)
	Number of nodes: 27919
	Number of allocated nodes: 28672
	Number of edges: 205965
	Maximum in degree: 585 (node 27517)
	Maximum out degree: 497 (node 7314)
	source 637 (node 7314) with out degree 497
	target 1010 (node 27517) with in degree 585

Execution time and memory used at after iteration 1555 (MF = 107.390018): 2.507917e+05 seconds, 480370688 bytes of memory usage, 1017532 kB of memory peak and 2-21:40:07 elapsed time
Statistics on the network after iteration 1555 (MF = 107.390018)
	Number of nodes: 27919
	Number of allocated nodes: 28672
	Number of edges: 205965
	Maximum in degree: 585 (node 27517)
	Maximum out degree: 497 (node 7314)
	source 637 (node 7314) with out degree 497
	target 1010 (node 27517) with in degree 585

Execution time and memory used at after iteration 1556 (MF = 107.376155): 2.511987e+05 seconds, 480559104 bytes of memory usage, 1018036 kB of memory peak and 2-21:46:54 elapsed time
Statistics on the network after iteration 1556 (MF = 107.376155)
	Number of nodes: 27919
	Number of allocated nodes: 28672
	Number of edges: 205965
	Maximum in degree: 585 (node 27517)
	Maximum out degree: 497 (node 7314)
	source 637 (node 7314) with out degree 497
	target 1010 (node 27517) with in degree 585

Execution time and memory used at after iteration 1557 (MF = 107.376155): 2.516097e+05 seconds, 480743424 bytes of memory usage, 1018560 kB of memory peak and 2-21:53:45 elapsed time
Statistics on the network after iteration 1557 (MF = 107.376155)
	Number of nodes: 27919
	Number of allocated nodes: 28672
	Number of edges: 205965
	Maximum in degree: 585 (node 27517)
	Maximum out degree: 497 (node 7314)
	source 637 (node 7314) with out degree 497
	target 1010 (node 27517) with in degree 585

Execution time and memory used at after iteration 1558 (MF = 107.434381): 2.520210e+05 seconds, 480903168 bytes of memory usage, 1019076 kB of memory peak and 2-22:00:36 elapsed time
Statistics on the network after iteration 1558 (MF = 107.434381)
	Number of nodes: 27919
	Number of allocated nodes: 28672
	Number of edges: 205965
	Maximum in degree: 585 (node 27517)
	Maximum out degree: 497 (node 7314)
	source 637 (node 7314) with out degree 497
	target 1010 (node 27517) with in degree 585

Execution time and memory used at after iteration 1559 (MF = 107.434381): 2.524330e+05 seconds, 481087488 bytes of memory usage, 1019592 kB of memory peak and 2-22:07:28 elapsed time
Statistics on the network after iteration 1559 (MF = 107.434381)
	Number of nodes: 27919
	Number of allocated nodes: 28672
	Number of edges: 205965
	Maximum in degree: 585 (node 27517)
	Maximum out degree: 497 (node 7314)
	source 637 (node 7314) with out degree 497
	target 1010 (node 27517) with in degree 585

Execution time and memory used at after iteration 1560 (MF = 107.434381): 2.528449e+05 seconds, 481263616 bytes of memory usage, 1020104 kB of memory peak and 2-22:14:20 elapsed time
Statistics on the network after iteration 1560 (MF = 107.434381)
	Number of nodes: 27919
	Number of allocated nodes: 28672
	Number of edges: 205965
	Maximum in degree: 585 (node 27517)
	Maximum out degree: 497 (node 7314)
	source 637 (node 7314) with out degree 497
	target 1010 (node 27517) with in degree 585

Execution time and memory used at after iteration 1561 (MF = 107.448244): 2.532568e+05 seconds, 481447936 bytes of memory usage, 1020612 kB of memory peak and 2-22:21:12 elapsed time
Statistics on the network after iteration 1561 (MF = 107.448244)
	Number of nodes: 27919
	Number of allocated nodes: 28672
	Number of edges: 205965
	Maximum in degree: 585 (node 27517)
	Maximum out degree: 497 (node 7314)
	source 637 (node 7314) with out degree 497
	target 1010 (node 27517) with in degree 585

Execution time and memory used at after iteration 1562 (MF = 107.434381): 2.536688e+05 seconds, 481636352 bytes of memory usage, 1021120 kB of memory peak and 2-22:28:04 elapsed time
Statistics on the network after iteration 1562 (MF = 107.434381)
	Number of nodes: 27919
	Number of allocated nodes: 28672
	Number of edges: 205965
	Maximum in degree: 585 (node 27517)
	Maximum out degree: 497 (node 7314)
	source 637 (node 7314) with out degree 497
	target 1010 (node 27517) with in degree 585

Execution time and memory used at after iteration 1563 (MF = 107.434381): 2.540840e+05 seconds, 481804288 bytes of memory usage, 1021652 kB of memory peak and 2-22:34:59 elapsed time
Statistics on the network after iteration 1563 (MF = 107.434381)
	Number of nodes: 27919
	Number of allocated nodes: 28672
	Number of edges: 205965
	Maximum in degree: 585 (node 27517)
	Maximum out degree: 497 (node 7314)
	source 637 (node 7314) with out degree 497
	target 1010 (node 27517) with in degree 585

Execution time and memory used at after iteration 1564 (MF = 107.280961): 2.544970e+05 seconds, 481992704 bytes of memory usage, 1022136 kB of memory peak and 2-22:41:52 elapsed time
Statistics on the network after iteration 1564 (MF = 107.280961)
	Number of nodes: 27919
	Number of allocated nodes: 28672
	Number of edges: 205965
	Maximum in degree: 585 (node 27517)
	Maximum out degree: 497 (node 7314)
	source 637 (node 7314) with out degree 497
	target 1010 (node 27517) with in degree 585

Execution time and memory used at after iteration 1565 (MF = 107.434381): 2.549129e+05 seconds, 482177024 bytes of memory usage, 1022660 kB of memory peak and 2-22:48:48 elapsed time
Statistics on the network after iteration 1565 (MF = 107.434381)
	Number of nodes: 27919
	Number of allocated nodes: 28672
	Number of edges: 205965
	Maximum in degree: 585 (node 27517)
	Maximum out degree: 497 (node 7314)
	source 637 (node 7314) with out degree 497
	target 1010 (node 27517) with in degree 585

Execution time and memory used at after iteration 1566 (MF = 107.280961): 2.553257e+05 seconds, 482344960 bytes of memory usage, 1023180 kB of memory peak and 2-22:55:41 elapsed time
Statistics on the network after iteration 1566 (MF = 107.280961)
	Number of nodes: 27919
	Number of allocated nodes: 28672
	Number of edges: 205965
	Maximum in degree: 585 (node 27517)
	Maximum out degree: 497 (node 7314)
	source 637 (node 7314) with out degree 497
	target 1010 (node 27517) with in degree 585

Execution time and memory used at after iteration 1567 (MF = 107.434381): 2.557391e+05 seconds, 482529280 bytes of memory usage, 1023688 kB of memory peak and 2-23:02:34 elapsed time
Statistics on the network after iteration 1567 (MF = 107.434381)
	Number of nodes: 27919
	Number of allocated nodes: 28672
	Number of edges: 205965
	Maximum in degree: 585 (node 27517)
	Maximum out degree: 497 (node 7314)
	source 637 (node 7314) with out degree 497
	target 1010 (node 27517) with in degree 585

Execution time and memory used at after iteration 1568 (MF = 107.434381): 2.561537e+05 seconds, 482713600 bytes of memory usage, 1024188 kB of memory peak and 2-23:09:29 elapsed time
Statistics on the network after iteration 1568 (MF = 107.434381)
	Number of nodes: 27919
	Number of allocated nodes: 28672
	Number of edges: 205965
	Maximum in degree: 585 (node 27517)
	Maximum out degree: 497 (node 7314)
	source 637 (node 7314) with out degree 497
	target 1010 (node 27517) with in degree 585

Execution time and memory used at after iteration 1569 (MF = 107.280961): 2.565717e+05 seconds, 482885632 bytes of memory usage, 1024720 kB of memory peak and 2-23:16:27 elapsed time
Statistics on the network after iteration 1569 (MF = 107.280961)
	Number of nodes: 27919
	Number of allocated nodes: 28672
	Number of edges: 205965
	Maximum in degree: 585 (node 27517)
	Maximum out degree: 497 (node 7314)
	source 637 (node 7314) with out degree 497
	target 1010 (node 27517) with in degree 585

Execution time and memory used at after iteration 1570 (MF = 107.280961): 2.569881e+05 seconds, 483061760 bytes of memory usage, 1025220 kB of memory peak and 2-23:23:23 elapsed time
Statistics on the network after iteration 1570 (MF = 107.280961)
	Number of nodes: 27919
	Number of allocated nodes: 28672
	Number of edges: 205965
	Maximum in degree: 585 (node 27517)
	Maximum out degree: 497 (node 7314)
	source 637 (node 7314) with out degree 497
	target 1010 (node 27517) with in degree 585

Execution time and memory used at after iteration 1571 (MF = 107.280961): 2.574062e+05 seconds, 483254272 bytes of memory usage, 1025740 kB of memory peak and 2-23:30:21 elapsed time
Statistics on the network after iteration 1571 (MF = 107.280961)
	Number of nodes: 27919
	Number of allocated nodes: 28672
	Number of edges: 205965
	Maximum in degree: 585 (node 27517)
	Maximum out degree: 497 (node 7314)
	source 637 (node 7314) with out degree 497
	target 1010 (node 27517) with in degree 585

Execution time and memory used at after iteration 1572 (MF = 107.280961): 2.578245e+05 seconds, 483430400 bytes of memory usage, 1026240 kB of memory peak and 2-23:37:20 elapsed time
Statistics on the network after iteration 1572 (MF = 107.280961)
	Number of nodes: 27919
	Number of allocated nodes: 28672
	Number of edges: 205965
	Maximum in degree: 585 (node 27517)
	Maximum out degree: 497 (node 7314)
	source 637 (node 7314) with out degree 497
	target 1010 (node 27517) with in degree 585

Execution time and memory used at after iteration 1573 (MF = 107.280961): 2.582436e+05 seconds, 483602432 bytes of memory usage, 1026740 kB of memory peak and 2-23:44:19 elapsed time
Statistics on the network after iteration 1573 (MF = 107.280961)
	Number of nodes: 27919
	Number of allocated nodes: 28672
	Number of edges: 205965
	Maximum in degree: 585 (node 27517)
	Maximum out degree: 497 (node 7314)
	source 637 (node 7314) with out degree 497
	target 1010 (node 27517) with in degree 585

Execution time and memory used at after iteration 1574 (MF = 107.280961): 2.586630e+05 seconds, 483778560 bytes of memory usage, 1027264 kB of memory peak and 2-23:51:18 elapsed time
Statistics on the network after iteration 1574 (MF = 107.280961)
	Number of nodes: 27919
	Number of allocated nodes: 28672
	Number of edges: 205965
	Maximum in degree: 585 (node 27517)
	Maximum out degree: 497 (node 7314)
	source 637 (node 7314) with out degree 497
	target 1010 (node 27517) with in degree 585

Execution time and memory used at after iteration 1575 (MF = 107.280961): 2.590827e+05 seconds, 483962880 bytes of memory usage, 1027764 kB of memory peak and 2-23:58:18 elapsed time
Statistics on the network after iteration 1575 (MF = 107.280961)
	Number of nodes: 27919
	Number of allocated nodes: 28672
	Number of edges: 205965
	Maximum in degree: 585 (node 27517)
	Maximum out degree: 497 (node 7314)
	source 637 (node 7314) with out degree 497
	target 1010 (node 27517) with in degree 585

Execution time and memory used at after iteration 1576 (MF = 107.280961): 2.595023e+05 seconds, 484147200 bytes of memory usage, 1028292 kB of memory peak and 3-00:05:18 elapsed time
Statistics on the network after iteration 1576 (MF = 107.280961)
	Number of nodes: 27919
	Number of allocated nodes: 28672
	Number of edges: 205965
	Maximum in degree: 585 (node 27517)
	Maximum out degree: 497 (node 7314)
	source 637 (node 7314) with out degree 497
	target 1010 (node 27517) with in degree 585

Execution time and memory used at after iteration 1577 (MF = 107.280961): 2.599221e+05 seconds, 484323328 bytes of memory usage, 1028792 kB of memory peak and 3-00:12:18 elapsed time
Statistics on the network after iteration 1577 (MF = 107.280961)
	Number of nodes: 27919
	Number of allocated nodes: 28672
	Number of edges: 205965
	Maximum in degree: 585 (node 27517)
	Maximum out degree: 497 (node 7314)
	source 637 (node 7314) with out degree 497
	target 1010 (node 27517) with in degree 585

Execution time and memory used at after iteration 1578 (MF = 107.280961): 2.603450e+05 seconds, 484495360 bytes of memory usage, 1029308 kB of memory peak and 3-00:19:20 elapsed time
Statistics on the network after iteration 1578 (MF = 107.280961)
	Number of nodes: 27919
	Number of allocated nodes: 28672
	Number of edges: 205965
	Maximum in degree: 585 (node 27517)
	Maximum out degree: 497 (node 7314)
	source 637 (node 7314) with out degree 497
	target 1010 (node 27517) with in degree 585

Execution time and memory used at after iteration 1579 (MF = 107.339187): 2.607707e+05 seconds, 484679680 bytes of memory usage, 1029816 kB of memory peak and 3-00:26:26 elapsed time
Statistics on the network after iteration 1579 (MF = 107.339187)
	Number of nodes: 27919
	Number of allocated nodes: 28672
	Number of edges: 205965
	Maximum in degree: 585 (node 27517)
	Maximum out degree: 497 (node 7314)
	source 637 (node 7314) with out degree 497
	target 1010 (node 27517) with in degree 585

Execution time and memory used at after iteration 1580 (MF = 107.339187): 2.611932e+05 seconds, 484864000 bytes of memory usage, 1030332 kB of memory peak and 3-00:33:29 elapsed time
Statistics on the network after iteration 1580 (MF = 107.339187)
	Number of nodes: 27919
	Number of allocated nodes: 28672
	Number of edges: 205965
	Maximum in degree: 585 (node 27517)
	Maximum out degree: 497 (node 7314)
	source 637 (node 7314) with out degree 497
	target 1010 (node 27517) with in degree 585

Execution time and memory used at after iteration 1581 (MF = 107.339187): 2.616360e+05 seconds, 485040128 bytes of memory usage, 1030844 kB of memory peak and 3-00:40:51 elapsed time
Statistics on the network after iteration 1581 (MF = 107.339187)
	Number of nodes: 27919
	Number of allocated nodes: 28672
	Number of edges: 205965
	Maximum in degree: 585 (node 27517)
	Maximum out degree: 497 (node 7314)
	source 637 (node 7314) with out degree 497
	target 1010 (node 27517) with in degree 585

Execution time and memory used at after iteration 1582 (MF = 107.339187): 2.620796e+05 seconds, 485216256 bytes of memory usage, 1031344 kB of memory peak and 3-00:48:15 elapsed time
Statistics on the network after iteration 1582 (MF = 107.339187)
	Number of nodes: 27919
	Number of allocated nodes: 28672
	Number of edges: 205965
	Maximum in degree: 585 (node 27517)
	Maximum out degree: 497 (node 7314)
	source 637 (node 7314) with out degree 497
	target 1010 (node 27517) with in degree 585

Execution time and memory used at after iteration 1583 (MF = 107.339187): 2.625236e+05 seconds, 485388288 bytes of memory usage, 1031844 kB of memory peak and 3-00:55:39 elapsed time
Statistics on the network after iteration 1583 (MF = 107.339187)
	Number of nodes: 27919
	Number of allocated nodes: 28672
	Number of edges: 205965
	Maximum in degree: 585 (node 27517)
	Maximum out degree: 497 (node 7314)
	source 637 (node 7314) with out degree 497
	target 1010 (node 27517) with in degree 585

Execution time and memory used at after iteration 1584 (MF = 107.339187): 2.629681e+05 seconds, 485564416 bytes of memory usage, 1032352 kB of memory peak and 3-01:03:04 elapsed time
Statistics on the network after iteration 1584 (MF = 107.339187)
	Number of nodes: 27919
	Number of allocated nodes: 28672
	Number of edges: 205965
	Maximum in degree: 585 (node 27517)
	Maximum out degree: 497 (node 7314)
	source 637 (node 7314) with out degree 497
	target 1010 (node 27517) with in degree 585

Execution time and memory used at after iteration 1585 (MF = 107.339187): 2.634131e+05 seconds, 485740544 bytes of memory usage, 1032852 kB of memory peak and 3-01:10:29 elapsed time
Statistics on the network after iteration 1585 (MF = 107.339187)
	Number of nodes: 27919
	Number of allocated nodes: 28672
	Number of edges: 205965
	Maximum in degree: 585 (node 27517)
	Maximum out degree: 497 (node 7314)
	source 637 (node 7314) with out degree 497
	target 1010 (node 27517) with in degree 585

Execution time and memory used at after iteration 1586 (MF = 107.339187): 2.638569e+05 seconds, 485920768 bytes of memory usage, 1033344 kB of memory peak and 3-01:17:52 elapsed time
Statistics on the network after iteration 1586 (MF = 107.339187)
	Number of nodes: 27919
	Number of allocated nodes: 28672
	Number of edges: 205965
	Maximum in degree: 585 (node 27517)
	Maximum out degree: 497 (node 7314)
	source 637 (node 7314) with out degree 497
	target 1010 (node 27517) with in degree 585

Execution time and memory used at after iteration 1587 (MF = 107.339187): 2.642812e+05 seconds, 486100992 bytes of memory usage, 1033840 kB of memory peak and 3-01:24:57 elapsed time
Statistics on the network after iteration 1587 (MF = 107.339187)
	Number of nodes: 27919
	Number of allocated nodes: 28672
	Number of edges: 205965
	Maximum in degree: 585 (node 27517)
	Maximum out degree: 497 (node 7314)
	source 637 (node 7314) with out degree 497
	target 1010 (node 27517) with in degree 585

Execution time and memory used at after iteration 1588 (MF = 107.280961): 2.647038e+05 seconds, 486268928 bytes of memory usage, 1034356 kB of memory peak and 3-01:31:59 elapsed time
Statistics on the network after iteration 1588 (MF = 107.280961)
	Number of nodes: 27919
	Number of allocated nodes: 28672
	Number of edges: 205965
	Maximum in degree: 585 (node 27517)
	Maximum out degree: 497 (node 7314)
	source 637 (node 7314) with out degree 497
	target 1010 (node 27517) with in degree 585

Execution time and memory used at after iteration 1589 (MF = 107.280961): 2.651289e+05 seconds, 486449152 bytes of memory usage, 1034836 kB of memory peak and 3-01:39:04 elapsed time
Statistics on the network after iteration 1589 (MF = 107.280961)
	Number of nodes: 27919
	Number of allocated nodes: 28672
	Number of edges: 205965
	Maximum in degree: 585 (node 27517)
	Maximum out degree: 497 (node 7314)
	source 637 (node 7314) with out degree 497
	target 1010 (node 27517) with in degree 585

Execution time and memory used at after iteration 1590 (MF = 107.280961): 2.655524e+05 seconds, 486617088 bytes of memory usage, 1035344 kB of memory peak and 3-01:46:08 elapsed time
Statistics on the network after iteration 1590 (MF = 107.280961)
	Number of nodes: 27919
	Number of allocated nodes: 28672
	Number of edges: 205965
	Maximum in degree: 585 (node 27517)
	Maximum out degree: 497 (node 7314)
	source 637 (node 7314) with out degree 497
	target 1010 (node 27517) with in degree 585

Execution time and memory used at after iteration 1591 (MF = 107.353050): 2.659783e+05 seconds, 486789120 bytes of memory usage, 1035852 kB of memory peak and 3-01:53:14 elapsed time
Statistics on the network after iteration 1591 (MF = 107.353050)
	Number of nodes: 27919
	Number of allocated nodes: 28672
	Number of edges: 205965
	Maximum in degree: 585 (node 27517)
	Maximum out degree: 497 (node 7314)
	source 637 (node 7314) with out degree 497
	target 1010 (node 27517) with in degree 585

Execution time and memory used at after iteration 1592 (MF = 107.339187): 2.664074e+05 seconds, 486981632 bytes of memory usage, 1036360 kB of memory peak and 3-02:00:23 elapsed time
Statistics on the network after iteration 1592 (MF = 107.339187)
	Number of nodes: 27919
	Number of allocated nodes: 28672
	Number of edges: 205965
	Maximum in degree: 585 (node 27517)
	Maximum out degree: 497 (node 7314)
	source 637 (node 7314) with out degree 497
	target 1010 (node 27517) with in degree 585

Execution time and memory used at after iteration 1593 (MF = 107.339187): 2.668390e+05 seconds, 487149568 bytes of memory usage, 1036868 kB of memory peak and 3-02:07:35 elapsed time
Statistics on the network after iteration 1593 (MF = 107.339187)
	Number of nodes: 27919
	Number of allocated nodes: 28672
	Number of edges: 205965
	Maximum in degree: 585 (node 27517)
	Maximum out degree: 497 (node 7314)
	source 637 (node 7314) with out degree 497
	target 1010 (node 27517) with in degree 585

Execution time and memory used at after iteration 1594 (MF = 107.339187): 2.672711e+05 seconds, 487333888 bytes of memory usage, 1037380 kB of memory peak and 3-02:14:47 elapsed time
Statistics on the network after iteration 1594 (MF = 107.339187)
	Number of nodes: 27919
	Number of allocated nodes: 28672
	Number of edges: 205965
	Maximum in degree: 585 (node 27517)
	Maximum out degree: 497 (node 7314)
	source 637 (node 7314) with out degree 497
	target 1010 (node 27517) with in degree 585

Execution time and memory used at after iteration 1595 (MF = 107.339187): 2.677041e+05 seconds, 487505920 bytes of memory usage, 1037896 kB of memory peak and 3-02:22:00 elapsed time
Statistics on the network after iteration 1595 (MF = 107.339187)
	Number of nodes: 27919
	Number of allocated nodes: 28672
	Number of edges: 205965
	Maximum in degree: 585 (node 27517)
	Maximum out degree: 497 (node 7314)
	source 637 (node 7314) with out degree 497
	target 1010 (node 27517) with in degree 585

Execution time and memory used at after iteration 1596 (MF = 107.339187): 2.681361e+05 seconds, 487690240 bytes of memory usage, 1038404 kB of memory peak and 3-02:29:12 elapsed time
Statistics on the network after iteration 1596 (MF = 107.339187)
	Number of nodes: 27919
	Number of allocated nodes: 28672
	Number of edges: 205965
	Maximum in degree: 585 (node 27517)
	Maximum out degree: 497 (node 7314)
	source 637 (node 7314) with out degree 497
	target 1010 (node 27517) with in degree 585

Execution time and memory used at after iteration 1597 (MF = 107.339187): 2.685683e+05 seconds, 487866368 bytes of memory usage, 1038912 kB of memory peak and 3-02:36:24 elapsed time
Statistics on the network after iteration 1597 (MF = 107.339187)
	Number of nodes: 27919
	Number of allocated nodes: 28672
	Number of edges: 205965
	Maximum in degree: 585 (node 27517)
	Maximum out degree: 497 (node 7314)
	source 637 (node 7314) with out degree 497
	target 1010 (node 27517) with in degree 585

Execution time and memory used at after iteration 1598 (MF = 107.339187): 2.689994e+05 seconds, 488042496 bytes of memory usage, 1039420 kB of memory peak and 3-02:43:35 elapsed time
Statistics on the network after iteration 1598 (MF = 107.339187)
	Number of nodes: 27919
	Number of allocated nodes: 28672
	Number of edges: 205965
	Maximum in degree: 585 (node 27517)
	Maximum out degree: 497 (node 7314)
	source 637 (node 7314) with out degree 497
	target 1010 (node 27517) with in degree 585

Execution time and memory used at after iteration 1599 (MF = 107.339187): 2.694332e+05 seconds, 488235008 bytes of memory usage, 1039940 kB of memory peak and 3-02:50:49 elapsed time
Statistics on the network after iteration 1599 (MF = 107.339187)
	Number of nodes: 27919
	Number of allocated nodes: 28672
	Number of edges: 205965
	Maximum in degree: 585 (node 27517)
	Maximum out degree: 497 (node 7314)
	source 637 (node 7314) with out degree 497
	target 1010 (node 27517) with in degree 585

Execution time and memory used at after iteration 1600 (MF = 107.339187): 2.698649e+05 seconds, 488407040 bytes of memory usage, 1040448 kB of memory peak and 3-02:58:00 elapsed time
Statistics on the network after iteration 1600 (MF = 107.339187)
	Number of nodes: 27919
	Number of allocated nodes: 28672
	Number of edges: 205965
	Maximum in degree: 585 (node 27517)
	Maximum out degree: 497 (node 7314)
	source 637 (node 7314) with out degree 497
	target 1010 (node 27517) with in degree 585

Execution time and memory used at after iteration 1601 (MF = 107.339187): 2.702989e+05 seconds, 488648704 bytes of memory usage, 1041048 kB of memory peak and 3-03:05:14 elapsed time
Statistics on the network after iteration 1601 (MF = 107.339187)
	Number of nodes: 27919
	Number of allocated nodes: 28672
	Number of edges: 205965
	Maximum in degree: 585 (node 27517)
	Maximum out degree: 497 (node 7314)
	source 637 (node 7314) with out degree 497
	target 1010 (node 27517) with in degree 585

Execution time and memory used at after iteration 1602 (MF = 107.280961): 2.707337e+05 seconds, 488816640 bytes of memory usage, 1041548 kB of memory peak and 3-03:12:29 elapsed time
Statistics on the network after iteration 1602 (MF = 107.280961)
	Number of nodes: 27919
	Number of allocated nodes: 28672
	Number of edges: 205965
	Maximum in degree: 585 (node 27517)
	Maximum out degree: 497 (node 7314)
	source 637 (node 7314) with out degree 497
	target 1010 (node 27517) with in degree 585

Execution time and memory used at after iteration 1603 (MF = 107.280961): 2.711698e+05 seconds, 489000960 bytes of memory usage, 1042072 kB of memory peak and 3-03:19:45 elapsed time
Statistics on the network after iteration 1603 (MF = 107.280961)
	Number of nodes: 27919
	Number of allocated nodes: 28672
	Number of edges: 205965
	Maximum in degree: 585 (node 27517)
	Maximum out degree: 497 (node 7314)
	source 637 (node 7314) with out degree 497
	target 1010 (node 27517) with in degree 585

Execution time and memory used at after iteration 1604 (MF = 107.280961): 2.716064e+05 seconds, 489177088 bytes of memory usage, 1042576 kB of memory peak and 3-03:27:02 elapsed time
Statistics on the network after iteration 1604 (MF = 107.280961)
	Number of nodes: 27919
	Number of allocated nodes: 28672
	Number of edges: 205965
	Maximum in degree: 585 (node 27517)
	Maximum out degree: 497 (node 7314)
	source 637 (node 7314) with out degree 497
	target 1010 (node 27517) with in degree 585

Execution time and memory used at after iteration 1605 (MF = 107.339187): 2.720429e+05 seconds, 489345024 bytes of memory usage, 1043084 kB of memory peak and 3-03:34:19 elapsed time
Statistics on the network after iteration 1605 (MF = 107.339187)
	Number of nodes: 27919
	Number of allocated nodes: 28672
	Number of edges: 205965
	Maximum in degree: 585 (node 27517)
	Maximum out degree: 497 (node 7314)
	source 637 (node 7314) with out degree 497
	target 1010 (node 27517) with in degree 585

Execution time and memory used at after iteration 1606 (MF = 107.339187): 2.724792e+05 seconds, 489545728 bytes of memory usage, 1043592 kB of memory peak and 3-03:41:35 elapsed time
Statistics on the network after iteration 1606 (MF = 107.339187)
	Number of nodes: 27919
	Number of allocated nodes: 28672
	Number of edges: 205965
	Maximum in degree: 585 (node 27517)
	Maximum out degree: 497 (node 7314)
	source 637 (node 7314) with out degree 497
	target 1010 (node 27517) with in degree 585

Execution time and memory used at after iteration 1607 (MF = 107.339187): 2.729153e+05 seconds, 489713664 bytes of memory usage, 1044104 kB of memory peak and 3-03:48:51 elapsed time
Statistics on the network after iteration 1607 (MF = 107.339187)
	Number of nodes: 27919
	Number of allocated nodes: 28672
	Number of edges: 205965
	Maximum in degree: 585 (node 27517)
	Maximum out degree: 497 (node 7314)
	source 637 (node 7314) with out degree 497
	target 1010 (node 27517) with in degree 585

Execution time and memory used at after iteration 1608 (MF = 107.339187): 2.733499e+05 seconds, 489889792 bytes of memory usage, 1044620 kB of memory peak and 3-03:56:06 elapsed time
Statistics on the network after iteration 1608 (MF = 107.339187)
	Number of nodes: 27919
	Number of allocated nodes: 28672
	Number of edges: 205965
	Maximum in degree: 585 (node 27517)
	Maximum out degree: 497 (node 7314)
	source 637 (node 7314) with out degree 497
	target 1010 (node 27517) with in degree 585

Execution time and memory used at after iteration 1609 (MF = 107.280961): 2.737845e+05 seconds, 490070016 bytes of memory usage, 1045120 kB of memory peak and 3-04:03:20 elapsed time
Statistics on the network after iteration 1609 (MF = 107.280961)
	Number of nodes: 27919
	Number of allocated nodes: 28672
	Number of edges: 205965
	Maximum in degree: 585 (node 27517)
	Maximum out degree: 497 (node 7314)
	source 637 (node 7314) with out degree 497
	target 1010 (node 27517) with in degree 585

Execution time and memory used at after iteration 1610 (MF = 107.280961): 2.742167e+05 seconds, 490246144 bytes of memory usage, 1045628 kB of memory peak and 3-04:10:32 elapsed time
Statistics on the network after iteration 1610 (MF = 107.280961)
	Number of nodes: 27919
	Number of allocated nodes: 28672
	Number of edges: 205965
	Maximum in degree: 585 (node 27517)
	Maximum out degree: 497 (node 7314)
	source 637 (node 7314) with out degree 497
	target 1010 (node 27517) with in degree 585

Execution time and memory used at after iteration 1611 (MF = 107.280961): 2.746513e+05 seconds, 490434560 bytes of memory usage, 1046132 kB of memory peak and 3-04:17:47 elapsed time
Statistics on the network after iteration 1611 (MF = 107.280961)
	Number of nodes: 27919
	Number of allocated nodes: 28672
	Number of edges: 205965
	Maximum in degree: 585 (node 27517)
	Maximum out degree: 497 (node 7314)
	source 637 (node 7314) with out degree 497
	target 1010 (node 27517) with in degree 585

Execution time and memory used at after iteration 1612 (MF = 107.280961): 2.750862e+05 seconds, 490602496 bytes of memory usage, 1046652 kB of memory peak and 3-04:25:02 elapsed time
Statistics on the network after iteration 1612 (MF = 107.280961)
	Number of nodes: 27919
	Number of allocated nodes: 28672
	Number of edges: 205965
	Maximum in degree: 585 (node 27517)
	Maximum out degree: 497 (node 7314)
	source 637 (node 7314) with out degree 497
	target 1010 (node 27517) with in degree 585

Execution time and memory used at after iteration 1613 (MF = 107.280961): 2.755216e+05 seconds, 490786816 bytes of memory usage, 1047160 kB of memory peak and 3-04:32:17 elapsed time
Statistics on the network after iteration 1613 (MF = 107.280961)
	Number of nodes: 27919
	Number of allocated nodes: 28672
	Number of edges: 205965
	Maximum in degree: 585 (node 27517)
	Maximum out degree: 497 (node 7314)
	source 637 (node 7314) with out degree 497
	target 1010 (node 27517) with in degree 585

Execution time and memory used at after iteration 1614 (MF = 107.280961): 2.759584e+05 seconds, 490958848 bytes of memory usage, 1047668 kB of memory peak and 3-04:39:34 elapsed time
Statistics on the network after iteration 1614 (MF = 107.280961)
	Number of nodes: 27919
	Number of allocated nodes: 28672
	Number of edges: 205965
	Maximum in degree: 585 (node 27517)
	Maximum out degree: 497 (node 7314)
	source 637 (node 7314) with out degree 497
	target 1010 (node 27517) with in degree 585

Execution time and memory used at after iteration 1615 (MF = 107.280961): 2.763953e+05 seconds, 491143168 bytes of memory usage, 1048188 kB of memory peak and 3-04:46:51 elapsed time
Statistics on the network after iteration 1615 (MF = 107.280961)
	Number of nodes: 27919
	Number of allocated nodes: 28672
	Number of edges: 205965
	Maximum in degree: 585 (node 27517)
	Maximum out degree: 497 (node 7314)
	source 637 (node 7314) with out degree 497
	target 1010 (node 27517) with in degree 585

Execution time and memory used at after iteration 1616 (MF = 107.280961): 2.768310e+05 seconds, 491327488 bytes of memory usage, 1048704 kB of memory peak and 3-04:54:07 elapsed time
Statistics on the network after iteration 1616 (MF = 107.280961)
	Number of nodes: 27919
	Number of allocated nodes: 28672
	Number of edges: 205965
	Maximum in degree: 585 (node 27517)
	Maximum out degree: 497 (node 7314)
	source 637 (node 7314) with out degree 497
	target 1010 (node 27517) with in degree 585

Execution time and memory used at after iteration 1617 (MF = 107.280961): 2.772679e+05 seconds, 491499520 bytes of memory usage, 1049212 kB of memory peak and 3-05:01:24 elapsed time
Statistics on the network after iteration 1617 (MF = 107.280961)
	Number of nodes: 27919
	Number of allocated nodes: 28672
	Number of edges: 205965
	Maximum in degree: 585 (node 27517)
	Maximum out degree: 497 (node 7314)
	source 637 (node 7314) with out degree 497
	target 1010 (node 27517) with in degree 585

Execution time and memory used at after iteration 1618 (MF = 107.280961): 2.777036e+05 seconds, 491679744 bytes of memory usage, 1049732 kB of memory peak and 3-05:08:39 elapsed time
Statistics on the network after iteration 1618 (MF = 107.280961)
	Number of nodes: 27919
	Number of allocated nodes: 28672
	Number of edges: 205965
	Maximum in degree: 585 (node 27517)
	Maximum out degree: 497 (node 7314)
	source 637 (node 7314) with out degree 497
	target 1010 (node 27517) with in degree 585

Execution time and memory used at after iteration 1619 (MF = 107.280961): 2.781419e+05 seconds, 491851776 bytes of memory usage, 1050248 kB of memory peak and 3-05:15:58 elapsed time
Statistics on the network after iteration 1619 (MF = 107.280961)
	Number of nodes: 27919
	Number of allocated nodes: 28672
	Number of edges: 205965
	Maximum in degree: 585 (node 27517)
	Maximum out degree: 497 (node 7314)
	source 637 (node 7314) with out degree 497
	target 1010 (node 27517) with in degree 585

Execution time and memory used at after iteration 1620 (MF = 107.280961): 2.785808e+05 seconds, 492040192 bytes of memory usage, 1050748 kB of memory peak and 3-05:23:17 elapsed time
Statistics on the network after iteration 1620 (MF = 107.280961)
	Number of nodes: 27919
	Number of allocated nodes: 28672
	Number of edges: 205965
	Maximum in degree: 585 (node 27517)
	Maximum out degree: 497 (node 7314)
	source 637 (node 7314) with out degree 497
	target 1010 (node 27517) with in degree 585

Execution time and memory used at after iteration 1621 (MF = 107.280961): 2.790182e+05 seconds, 492216320 bytes of memory usage, 1051244 kB of memory peak and 3-05:30:34 elapsed time
Statistics on the network after iteration 1621 (MF = 107.280961)
	Number of nodes: 27919
	Number of allocated nodes: 28672
	Number of edges: 205965
	Maximum in degree: 585 (node 27517)
	Maximum out degree: 497 (node 7314)
	source 637 (node 7314) with out degree 497
	target 1010 (node 27517) with in degree 585

Execution time and memory used at after iteration 1622 (MF = 107.280961): 2.794558e+05 seconds, 492388352 bytes of memory usage, 1051768 kB of memory peak and 3-05:37:52 elapsed time
Statistics on the network after iteration 1622 (MF = 107.280961)
	Number of nodes: 27919
	Number of allocated nodes: 28672
	Number of edges: 205965
	Maximum in degree: 585 (node 27517)
	Maximum out degree: 497 (node 7314)
	source 637 (node 7314) with out degree 497
	target 1010 (node 27517) with in degree 585

Execution time and memory used at after iteration 1623 (MF = 107.280961): 2.798987e+05 seconds, 492564480 bytes of memory usage, 1052276 kB of memory peak and 3-05:45:15 elapsed time
Statistics on the network after iteration 1623 (MF = 107.280961)
	Number of nodes: 27919
	Number of allocated nodes: 28672
	Number of edges: 205965
	Maximum in degree: 585 (node 27517)
	Maximum out degree: 497 (node 7314)
	source 637 (node 7314) with out degree 497
	target 1010 (node 27517) with in degree 585

Execution time and memory used at after iteration 1624 (MF = 107.339187): 2.803431e+05 seconds, 492740608 bytes of memory usage, 1052776 kB of memory peak and 3-05:52:39 elapsed time
Statistics on the network after iteration 1624 (MF = 107.339187)
	Number of nodes: 27919
	Number of allocated nodes: 28672
	Number of edges: 205965
	Maximum in degree: 585 (node 27517)
	Maximum out degree: 497 (node 7314)
	source 637 (node 7314) with out degree 497
	target 1010 (node 27517) with in degree 585

Execution time and memory used at after iteration 1625 (MF = 107.339187): 2.807875e+05 seconds, 492924928 bytes of memory usage, 1053304 kB of memory peak and 3-06:00:03 elapsed time
Statistics on the network after iteration 1625 (MF = 107.339187)
	Number of nodes: 27919
	Number of allocated nodes: 28672
	Number of edges: 205965
	Maximum in degree: 585 (node 27517)
	Maximum out degree: 497 (node 7314)
	source 637 (node 7314) with out degree 497
	target 1010 (node 27517) with in degree 585

Execution time and memory used at after iteration 1626 (MF = 107.339187): 2.812296e+05 seconds, 493109248 bytes of memory usage, 1053828 kB of memory peak and 3-06:07:25 elapsed time
Statistics on the network after iteration 1626 (MF = 107.339187)
	Number of nodes: 27919
	Number of allocated nodes: 28672
	Number of edges: 205965
	Maximum in degree: 585 (node 27517)
	Maximum out degree: 497 (node 7314)
	source 637 (node 7314) with out degree 497
	target 1010 (node 27517) with in degree 585

Execution time and memory used at after iteration 1627 (MF = 107.339187): 2.816718e+05 seconds, 493285376 bytes of memory usage, 1054336 kB of memory peak and 3-06:14:48 elapsed time
Statistics on the network after iteration 1627 (MF = 107.339187)
	Number of nodes: 27919
	Number of allocated nodes: 28672
	Number of edges: 205965
	Maximum in degree: 585 (node 27517)
	Maximum out degree: 497 (node 7314)
	source 637 (node 7314) with out degree 497
	target 1010 (node 27517) with in degree 585

Execution time and memory used at after iteration 1628 (MF = 107.339187): 2.821112e+05 seconds, 493469696 bytes of memory usage, 1054852 kB of memory peak and 3-06:22:07 elapsed time
Statistics on the network after iteration 1628 (MF = 107.339187)
	Number of nodes: 27919
	Number of allocated nodes: 28672
	Number of edges: 205965
	Maximum in degree: 585 (node 27517)
	Maximum out degree: 497 (node 7314)
	source 637 (node 7314) with out degree 497
	target 1010 (node 27517) with in degree 585

Execution time and memory used at after iteration 1629 (MF = 107.339187): 2.825535e+05 seconds, 493645824 bytes of memory usage, 1055372 kB of memory peak and 3-06:29:29 elapsed time
Statistics on the network after iteration 1629 (MF = 107.339187)
	Number of nodes: 27919
	Number of allocated nodes: 28672
	Number of edges: 205965
	Maximum in degree: 585 (node 27517)
	Maximum out degree: 497 (node 7314)
	source 637 (node 7314) with out degree 497
	target 1010 (node 27517) with in degree 585

Execution time and memory used at after iteration 1630 (MF = 107.339187): 2.829932e+05 seconds, 493826048 bytes of memory usage, 1055872 kB of memory peak and 3-06:36:49 elapsed time
Statistics on the network after iteration 1630 (MF = 107.339187)
	Number of nodes: 27919
	Number of allocated nodes: 28672
	Number of edges: 205965
	Maximum in degree: 585 (node 27517)
	Maximum out degree: 497 (node 7314)
	source 637 (node 7314) with out degree 497
	target 1010 (node 27517) with in degree 585

Execution time and memory used at after iteration 1631 (MF = 107.339187): 2.834349e+05 seconds, 494002176 bytes of memory usage, 1056380 kB of memory peak and 3-06:44:11 elapsed time
Statistics on the network after iteration 1631 (MF = 107.339187)
	Number of nodes: 27919
	Number of allocated nodes: 28672
	Number of edges: 205965
	Maximum in degree: 585 (node 27517)
	Maximum out degree: 497 (node 7314)
	source 637 (node 7314) with out degree 497
	target 1010 (node 27517) with in degree 585

Execution time and memory used at after iteration 1632 (MF = 107.339187): 2.838773e+05 seconds, 494178304 bytes of memory usage, 1056888 kB of memory peak and 3-06:51:33 elapsed time
Statistics on the network after iteration 1632 (MF = 107.339187)
	Number of nodes: 27919
	Number of allocated nodes: 28672
	Number of edges: 205965
	Maximum in degree: 585 (node 27517)
	Maximum out degree: 497 (node 7314)
	source 637 (node 7314) with out degree 497
	target 1010 (node 27517) with in degree 585

Execution time and memory used at after iteration 1633 (MF = 107.339187): 2.843209e+05 seconds, 494362624 bytes of memory usage, 1057380 kB of memory peak and 3-06:58:57 elapsed time
Statistics on the network after iteration 1633 (MF = 107.339187)
	Number of nodes: 27919
	Number of allocated nodes: 28672
	Number of edges: 205965
	Maximum in degree: 585 (node 27517)
	Maximum out degree: 497 (node 7314)
	source 637 (node 7314) with out degree 497
	target 1010 (node 27517) with in degree 585

Execution time and memory used at after iteration 1634 (MF = 107.339187): 2.847652e+05 seconds, 494534656 bytes of memory usage, 1057896 kB of memory peak and 3-07:06:21 elapsed time
Statistics on the network after iteration 1634 (MF = 107.339187)
	Number of nodes: 27919
	Number of allocated nodes: 28672
	Number of edges: 205965
	Maximum in degree: 585 (node 27517)
	Maximum out degree: 497 (node 7314)
	source 637 (node 7314) with out degree 497
	target 1010 (node 27517) with in degree 585

Execution time and memory used at after iteration 1635 (MF = 107.339187): 2.852100e+05 seconds, 494723072 bytes of memory usage, 1058400 kB of memory peak and 3-07:13:46 elapsed time
Statistics on the network after iteration 1635 (MF = 107.339187)
	Number of nodes: 27919
	Number of allocated nodes: 28672
	Number of edges: 205965
	Maximum in degree: 585 (node 27517)
	Maximum out degree: 497 (node 7314)
	source 637 (node 7314) with out degree 497
	target 1010 (node 27517) with in degree 585

Execution time and memory used at after iteration 1636 (MF = 107.339187): 2.856539e+05 seconds, 494895104 bytes of memory usage, 1058908 kB of memory peak and 3-07:21:10 elapsed time
Statistics on the network after iteration 1636 (MF = 107.339187)
	Number of nodes: 27919
	Number of allocated nodes: 28672
	Number of edges: 205965
	Maximum in degree: 585 (node 27517)
	Maximum out degree: 497 (node 7314)
	source 637 (node 7314) with out degree 497
	target 1010 (node 27517) with in degree 585

Execution time and memory used at after iteration 1637 (MF = 107.339187): 2.860982e+05 seconds, 495071232 bytes of memory usage, 1059416 kB of memory peak and 3-07:28:34 elapsed time
Statistics on the network after iteration 1637 (MF = 107.339187)
	Number of nodes: 27919
	Number of allocated nodes: 28672
	Number of edges: 205965
	Maximum in degree: 585 (node 27517)
	Maximum out degree: 497 (node 7314)
	source 637 (node 7314) with out degree 497
	target 1010 (node 27517) with in degree 585

Execution time and memory used at after iteration 1638 (MF = 107.339187): 2.865407e+05 seconds, 495247360 bytes of memory usage, 1059908 kB of memory peak and 3-07:35:57 elapsed time
Statistics on the network after iteration 1638 (MF = 107.339187)
	Number of nodes: 27919
	Number of allocated nodes: 28672
	Number of edges: 205965
	Maximum in degree: 585 (node 27517)
	Maximum out degree: 497 (node 7314)
	source 637 (node 7314) with out degree 497
	target 1010 (node 27517) with in degree 585

Execution time and memory used at after iteration 1639 (MF = 107.339187): 2.869869e+05 seconds, 495423488 bytes of memory usage, 1060408 kB of memory peak and 3-07:43:23 elapsed time
Statistics on the network after iteration 1639 (MF = 107.339187)
	Number of nodes: 27919
	Number of allocated nodes: 28672
	Number of edges: 205965
	Maximum in degree: 585 (node 27517)
	Maximum out degree: 497 (node 7314)
	source 637 (node 7314) with out degree 497
	target 1010 (node 27517) with in degree 585

Execution time and memory used at after iteration 1640 (MF = 107.339187): 2.874314e+05 seconds, 495595520 bytes of memory usage, 1060916 kB of memory peak and 3-07:50:47 elapsed time
Statistics on the network after iteration 1640 (MF = 107.339187)
	Number of nodes: 27919
	Number of allocated nodes: 28672
	Number of edges: 205965
	Maximum in degree: 585 (node 27517)
	Maximum out degree: 497 (node 7314)
	source 637 (node 7314) with out degree 497
	target 1010 (node 27517) with in degree 585

Execution time and memory used at after iteration 1641 (MF = 107.339187): 2.878943e+05 seconds, 495783936 bytes of memory usage, 1061424 kB of memory peak and 3-07:58:30 elapsed time
Statistics on the network after iteration 1641 (MF = 107.339187)
	Number of nodes: 27919
	Number of allocated nodes: 28672
	Number of edges: 205965
	Maximum in degree: 585 (node 27517)
	Maximum out degree: 497 (node 7314)
	source 637 (node 7314) with out degree 497
	target 1010 (node 27517) with in degree 585

Execution time and memory used at after iteration 1642 (MF = 107.339187): 2.883482e+05 seconds, 495960064 bytes of memory usage, 1061920 kB of memory peak and 3-08:06:04 elapsed time
Statistics on the network after iteration 1642 (MF = 107.339187)
	Number of nodes: 27919
	Number of allocated nodes: 28672
	Number of edges: 205965
	Maximum in degree: 585 (node 27517)
	Maximum out degree: 497 (node 7314)
	source 637 (node 7314) with out degree 497
	target 1010 (node 27517) with in degree 585

Execution time and memory used at after iteration 1643 (MF = 107.339187): 2.888032e+05 seconds, 496128000 bytes of memory usage, 1062428 kB of memory peak and 3-08:13:39 elapsed time
Statistics on the network after iteration 1643 (MF = 107.339187)
	Number of nodes: 27919
	Number of allocated nodes: 28672
	Number of edges: 205965
	Maximum in degree: 585 (node 27517)
	Maximum out degree: 497 (node 7314)
	source 637 (node 7314) with out degree 497
	target 1010 (node 27517) with in degree 585

Execution time and memory used at after iteration 1644 (MF = 107.339187): 2.892525e+05 seconds, 496295936 bytes of memory usage, 1062932 kB of memory peak and 3-08:21:09 elapsed time
Statistics on the network after iteration 1644 (MF = 107.339187)
	Number of nodes: 27919
	Number of allocated nodes: 28672
	Number of edges: 205965
	Maximum in degree: 585 (node 27517)
	Maximum out degree: 497 (node 7314)
	source 637 (node 7314) with out degree 497
	target 1010 (node 27517) with in degree 585

Execution time and memory used at after iteration 1645 (MF = 107.353050): 2.897024e+05 seconds, 496480256 bytes of memory usage, 1063456 kB of memory peak and 3-08:28:39 elapsed time
Statistics on the network after iteration 1645 (MF = 107.353050)
	Number of nodes: 27919
	Number of allocated nodes: 28672
	Number of edges: 205965
	Maximum in degree: 585 (node 27517)
	Maximum out degree: 497 (node 7314)
	source 637 (node 7314) with out degree 497
	target 1010 (node 27517) with in degree 585

Execution time and memory used at after iteration 1646 (MF = 107.434381): 2.901520e+05 seconds, 496656384 bytes of memory usage, 1063956 kB of memory peak and 3-08:36:08 elapsed time
Statistics on the network after iteration 1646 (MF = 107.434381)
	Number of nodes: 27919
	Number of allocated nodes: 28672
	Number of edges: 205965
	Maximum in degree: 585 (node 27517)
	Maximum out degree: 497 (node 7314)
	source 637 (node 7314) with out degree 497
	target 1010 (node 27517) with in degree 585

Execution time and memory used at after iteration 1647 (MF = 107.434381): 2.906227e+05 seconds, 496844800 bytes of memory usage, 1064472 kB of memory peak and 3-08:43:59 elapsed time
Statistics on the network after iteration 1647 (MF = 107.434381)
	Number of nodes: 27919
	Number of allocated nodes: 28672
	Number of edges: 205965
	Maximum in degree: 585 (node 27517)
	Maximum out degree: 497 (node 7314)
	source 637 (node 7314) with out degree 497
	target 1010 (node 27517) with in degree 585

Execution time and memory used at after iteration 1648 (MF = 107.434381): 2.910735e+05 seconds, 497012736 bytes of memory usage, 1064980 kB of memory peak and 3-08:51:30 elapsed time
Statistics on the network after iteration 1648 (MF = 107.434381)
	Number of nodes: 27919
	Number of allocated nodes: 28672
	Number of edges: 205965
	Maximum in degree: 585 (node 27517)
	Maximum out degree: 497 (node 7314)
	source 637 (node 7314) with out degree 497
	target 1010 (node 27517) with in degree 585

Execution time and memory used at after iteration 1649 (MF = 107.376155): 2.915277e+05 seconds, 497188864 bytes of memory usage, 1065480 kB of memory peak and 3-08:59:04 elapsed time
Statistics on the network after iteration 1649 (MF = 107.376155)
	Number of nodes: 27919
	Number of allocated nodes: 28672
	Number of edges: 205965
	Maximum in degree: 585 (node 27517)
	Maximum out degree: 497 (node 7314)
	source 637 (node 7314) with out degree 497
	target 1010 (node 27517) with in degree 585

Execution time and memory used at after iteration 1650 (MF = 107.390018): 2.919798e+05 seconds, 497385472 bytes of memory usage, 1065992 kB of memory peak and 3-09:06:36 elapsed time
Statistics on the network after iteration 1650 (MF = 107.390018)
	Number of nodes: 27919
	Number of allocated nodes: 28672
	Number of edges: 205965
	Maximum in degree: 585 (node 27517)
	Maximum out degree: 497 (node 7314)
	source 637 (node 7314) with out degree 497
	target 1010 (node 27517) with in degree 585

Execution time and memory used at after iteration 1651 (MF = 107.434381): 2.924300e+05 seconds, 497553408 bytes of memory usage, 1066504 kB of memory peak and 3-09:14:06 elapsed time
Statistics on the network after iteration 1651 (MF = 107.434381)
	Number of nodes: 27919
	Number of allocated nodes: 28672
	Number of edges: 205965
	Maximum in degree: 585 (node 27517)
	Maximum out degree: 497 (node 7314)
	source 637 (node 7314) with out degree 497
	target 1010 (node 27517) with in degree 585

Execution time and memory used at after iteration 1652 (MF = 107.376155): 2.928800e+05 seconds, 497733632 bytes of memory usage, 1067020 kB of memory peak and 3-09:21:36 elapsed time
Statistics on the network after iteration 1652 (MF = 107.376155)
	Number of nodes: 27919
	Number of allocated nodes: 28672
	Number of edges: 205965
	Maximum in degree: 585 (node 27517)
	Maximum out degree: 497 (node 7314)
	source 637 (node 7314) with out degree 497
	target 1010 (node 27517) with in degree 585

Execution time and memory used at after iteration 1653 (MF = 107.376155): 2.933337e+05 seconds, 497901568 bytes of memory usage, 1067528 kB of memory peak and 3-09:29:10 elapsed time
Statistics on the network after iteration 1653 (MF = 107.376155)
	Number of nodes: 27919
	Number of allocated nodes: 28672
	Number of edges: 205965
	Maximum in degree: 585 (node 27517)
	Maximum out degree: 497 (node 7314)
	source 637 (node 7314) with out degree 497
	target 1010 (node 27517) with in degree 585

Execution time and memory used at after iteration 1654 (MF = 107.434381): 2.937910e+05 seconds, 498085888 bytes of memory usage, 1068052 kB of memory peak and 3-09:36:47 elapsed time
Statistics on the network after iteration 1654 (MF = 107.434381)
	Number of nodes: 27919
	Number of allocated nodes: 28672
	Number of edges: 205965
	Maximum in degree: 585 (node 27517)
	Maximum out degree: 497 (node 7314)
	source 637 (node 7314) with out degree 497
	target 1010 (node 27517) with in degree 585

Execution time and memory used at after iteration 1655 (MF = 107.448244): 2.942552e+05 seconds, 498266112 bytes of memory usage, 1068544 kB of memory peak and 3-09:44:31 elapsed time
Statistics on the network after iteration 1655 (MF = 107.448244)
	Number of nodes: 27919
	Number of allocated nodes: 28672
	Number of edges: 205965
	Maximum in degree: 585 (node 27517)
	Maximum out degree: 497 (node 7314)
	source 637 (node 7314) with out degree 497
	target 1010 (node 27517) with in degree 585

Execution time and memory used at after iteration 1656 (MF = 107.434381): 2.947087e+05 seconds, 498450432 bytes of memory usage, 1069080 kB of memory peak and 3-09:52:05 elapsed time
Statistics on the network after iteration 1656 (MF = 107.434381)
	Number of nodes: 27919
	Number of allocated nodes: 28672
	Number of edges: 205965
	Maximum in degree: 585 (node 27517)
	Maximum out degree: 497 (node 7314)
	source 637 (node 7314) with out degree 497
	target 1010 (node 27517) with in degree 585

Execution time and memory used at after iteration 1657 (MF = 107.376155): 2.951620e+05 seconds, 498626560 bytes of memory usage, 1069580 kB of memory peak and 3-09:59:38 elapsed time
Statistics on the network after iteration 1657 (MF = 107.376155)
	Number of nodes: 27919
	Number of allocated nodes: 28672
	Number of edges: 205965
	Maximum in degree: 585 (node 27517)
	Maximum out degree: 497 (node 7314)
	source 637 (node 7314) with out degree 497
	target 1010 (node 27517) with in degree 585

Execution time and memory used at after iteration 1658 (MF = 107.376155): 2.956139e+05 seconds, 498810880 bytes of memory usage, 1070096 kB of memory peak and 3-10:07:10 elapsed time
Statistics on the network after iteration 1658 (MF = 107.376155)
	Number of nodes: 27919
	Number of allocated nodes: 28672
	Number of edges: 205965
	Maximum in degree: 585 (node 27517)
	Maximum out degree: 497 (node 7314)
	source 637 (node 7314) with out degree 497
	target 1010 (node 27517) with in degree 585

Execution time and memory used at after iteration 1659 (MF = 107.434381): 2.960717e+05 seconds, 498978816 bytes of memory usage, 1070612 kB of memory peak and 3-10:14:48 elapsed time
Statistics on the network after iteration 1659 (MF = 107.434381)
	Number of nodes: 27919
	Number of allocated nodes: 28672
	Number of edges: 205965
	Maximum in degree: 585 (node 27517)
	Maximum out degree: 497 (node 7314)
	source 637 (node 7314) with out degree 497
	target 1010 (node 27517) with in degree 585

Execution time and memory used at after iteration 1660 (MF = 107.434381): 2.965269e+05 seconds, 499175424 bytes of memory usage, 1071124 kB of memory peak and 3-10:22:23 elapsed time
Statistics on the network after iteration 1660 (MF = 107.434381)
	Number of nodes: 27919
	Number of allocated nodes: 28672
	Number of edges: 205965
	Maximum in degree: 585 (node 27517)
	Maximum out degree: 497 (node 7314)
	source 637 (node 7314) with out degree 497
	target 1010 (node 27517) with in degree 585

Execution time and memory used at after iteration 1661 (MF = 107.339187): 2.969773e+05 seconds, 499351552 bytes of memory usage, 1071632 kB of memory peak and 3-10:29:53 elapsed time
Statistics on the network after iteration 1661 (MF = 107.339187)
	Number of nodes: 27919
	Number of allocated nodes: 28672
	Number of edges: 205965
	Maximum in degree: 585 (node 27517)
	Maximum out degree: 497 (node 7314)
	source 637 (node 7314) with out degree 497
	target 1010 (node 27517) with in degree 585

Execution time and memory used at after iteration 1662 (MF = 107.376155): 2.974281e+05 seconds, 499527680 bytes of memory usage, 1072144 kB of memory peak and 3-10:37:24 elapsed time
Statistics on the network after iteration 1662 (MF = 107.376155)
	Number of nodes: 27919
	Number of allocated nodes: 28672
	Number of edges: 205965
	Maximum in degree: 585 (node 27517)
	Maximum out degree: 497 (node 7314)
	source 637 (node 7314) with out degree 497
	target 1010 (node 27517) with in degree 585

Execution time and memory used at after iteration 1663 (MF = 107.376155): 2.978827e+05 seconds, 499712000 bytes of memory usage, 1072668 kB of memory peak and 3-10:44:59 elapsed time
Statistics on the network after iteration 1663 (MF = 107.376155)
	Number of nodes: 27919
	Number of allocated nodes: 28672
	Number of edges: 205965
	Maximum in degree: 585 (node 27517)
	Maximum out degree: 497 (node 7314)
	source 637 (node 7314) with out degree 497
	target 1010 (node 27517) with in degree 585

Execution time and memory used at after iteration 1664 (MF = 107.434381): 2.983396e+05 seconds, 499875840 bytes of memory usage, 1073176 kB of memory peak and 3-10:52:36 elapsed time
Statistics on the network after iteration 1664 (MF = 107.434381)
	Number of nodes: 27919
	Number of allocated nodes: 28672
	Number of edges: 205965
	Maximum in degree: 585 (node 27517)
	Maximum out degree: 497 (node 7314)
	source 637 (node 7314) with out degree 497
	target 1010 (node 27517) with in degree 585

Execution time and memory used at after iteration 1665 (MF = 107.339187): 2.987989e+05 seconds, 500072448 bytes of memory usage, 1073684 kB of memory peak and 3-11:00:15 elapsed time
Statistics on the network after iteration 1665 (MF = 107.339187)
	Number of nodes: 27919
	Number of allocated nodes: 28672
	Number of edges: 205965
	Maximum in degree: 585 (node 27517)
	Maximum out degree: 497 (node 7314)
	source 637 (node 7314) with out degree 497
	target 1010 (node 27517) with in degree 585

Execution time and memory used at after iteration 1666 (MF = 107.353050): 2.992508e+05 seconds, 500248576 bytes of memory usage, 1074192 kB of memory peak and 3-11:07:47 elapsed time
Statistics on the network after iteration 1666 (MF = 107.353050)
	Number of nodes: 27919
	Number of allocated nodes: 28672
	Number of edges: 205965
	Maximum in degree: 585 (node 27517)
	Maximum out degree: 497 (node 7314)
	source 637 (node 7314) with out degree 497
	target 1010 (node 27517) with in degree 585

Execution time and memory used at after iteration 1667 (MF = 107.376155): 2.997109e+05 seconds, 500424704 bytes of memory usage, 1074704 kB of memory peak and 3-11:15:27 elapsed time
Statistics on the network after iteration 1667 (MF = 107.376155)
	Number of nodes: 27919
	Number of allocated nodes: 28672
	Number of edges: 205965
	Maximum in degree: 585 (node 27517)
	Maximum out degree: 497 (node 7314)
	source 637 (node 7314) with out degree 497
	target 1010 (node 27517) with in degree 585

Execution time and memory used at after iteration 1668 (MF = 107.353050): 3.001653e+05 seconds, 500604928 bytes of memory usage, 1075204 kB of memory peak and 3-11:23:01 elapsed time
Statistics on the network after iteration 1668 (MF = 107.353050)
	Number of nodes: 27919
	Number of allocated nodes: 28672
	Number of edges: 205965
	Maximum in degree: 585 (node 27517)
	Maximum out degree: 497 (node 7314)
	source 637 (node 7314) with out degree 497
	target 1010 (node 27517) with in degree 585

Execution time and memory used at after iteration 1669 (MF = 107.434381): 3.006299e+05 seconds, 500781056 bytes of memory usage, 1075720 kB of memory peak and 3-11:30:46 elapsed time
Statistics on the network after iteration 1669 (MF = 107.434381)
	Number of nodes: 27919
	Number of allocated nodes: 28672
	Number of edges: 205965
	Maximum in degree: 585 (node 27517)
	Maximum out degree: 497 (node 7314)
	source 637 (node 7314) with out degree 497
	target 1010 (node 27517) with in degree 585

Execution time and memory used at after iteration 1670 (MF = 107.280961): 3.010903e+05 seconds, 500957184 bytes of memory usage, 1076236 kB of memory peak and 3-11:38:27 elapsed time
Statistics on the network after iteration 1670 (MF = 107.280961)
	Number of nodes: 27919
	Number of allocated nodes: 28672
	Number of edges: 205965
	Maximum in degree: 585 (node 27517)
	Maximum out degree: 497 (node 7314)
	source 637 (node 7314) with out degree 497
	target 1010 (node 27517) with in degree 585

Execution time and memory used at after iteration 1671 (MF = 107.280961): 3.015464e+05 seconds, 501149696 bytes of memory usage, 1076736 kB of memory peak and 3-11:46:03 elapsed time
Statistics on the network after iteration 1671 (MF = 107.280961)
	Number of nodes: 27919
	Number of allocated nodes: 28672
	Number of edges: 205965
	Maximum in degree: 585 (node 27517)
	Maximum out degree: 497 (node 7314)
	source 637 (node 7314) with out degree 497
	target 1010 (node 27517) with in degree 585

Execution time and memory used at after iteration 1672 (MF = 107.434381): 3.020096e+05 seconds, 501325824 bytes of memory usage, 1077248 kB of memory peak and 3-11:53:46 elapsed time
Statistics on the network after iteration 1672 (MF = 107.434381)
	Number of nodes: 27919
	Number of allocated nodes: 28672
	Number of edges: 205965
	Maximum in degree: 585 (node 27517)
	Maximum out degree: 497 (node 7314)
	source 637 (node 7314) with out degree 497
	target 1010 (node 27517) with in degree 585

Execution time and memory used at after iteration 1673 (MF = 107.280961): 3.024664e+05 seconds, 501501952 bytes of memory usage, 1077772 kB of memory peak and 3-12:01:23 elapsed time
Statistics on the network after iteration 1673 (MF = 107.280961)
	Number of nodes: 27919
	Number of allocated nodes: 28672
	Number of edges: 205965
	Maximum in degree: 585 (node 27517)
	Maximum out degree: 497 (node 7314)
	source 637 (node 7314) with out degree 497
	target 1010 (node 27517) with in degree 585

Execution time and memory used at after iteration 1674 (MF = 107.434381): 3.029310e+05 seconds, 501678080 bytes of memory usage, 1078284 kB of memory peak and 3-12:09:07 elapsed time
Statistics on the network after iteration 1674 (MF = 107.434381)
	Number of nodes: 27919
	Number of allocated nodes: 28672
	Number of edges: 205965
	Maximum in degree: 585 (node 27517)
	Maximum out degree: 497 (node 7314)
	source 637 (node 7314) with out degree 497
	target 1010 (node 27517) with in degree 585

Execution time and memory used at after iteration 1675 (MF = 107.339187): 3.033977e+05 seconds, 501854208 bytes of memory usage, 1078792 kB of memory peak and 3-12:16:54 elapsed time
Statistics on the network after iteration 1675 (MF = 107.339187)
	Number of nodes: 27919
	Number of allocated nodes: 28672
	Number of edges: 205965
	Maximum in degree: 585 (node 27517)
	Maximum out degree: 497 (node 7314)
	source 637 (node 7314) with out degree 497
	target 1010 (node 27517) with in degree 585

Execution time and memory used at after iteration 1676 (MF = 107.339187): 3.038552e+05 seconds, 502038528 bytes of memory usage, 1079316 kB of memory peak and 3-12:24:31 elapsed time
Statistics on the network after iteration 1676 (MF = 107.339187)
	Number of nodes: 27919
	Number of allocated nodes: 28672
	Number of edges: 205965
	Maximum in degree: 585 (node 27517)
	Maximum out degree: 497 (node 7314)
	source 637 (node 7314) with out degree 497
	target 1010 (node 27517) with in degree 585

Execution time and memory used at after iteration 1677 (MF = 107.434381): 3.043220e+05 seconds, 502214656 bytes of memory usage, 1079816 kB of memory peak and 3-12:32:18 elapsed time
Statistics on the network after iteration 1677 (MF = 107.434381)
	Number of nodes: 27919
	Number of allocated nodes: 28672
	Number of edges: 205965
	Maximum in degree: 585 (node 27517)
	Maximum out degree: 497 (node 7314)
	source 637 (node 7314) with out degree 497
	target 1010 (node 27517) with in degree 585

Execution time and memory used at after iteration 1678 (MF = 107.339187): 3.047846e+05 seconds, 502394880 bytes of memory usage, 1080340 kB of memory peak and 3-12:40:01 elapsed time
Statistics on the network after iteration 1678 (MF = 107.339187)
	Number of nodes: 27919
	Number of allocated nodes: 28672
	Number of edges: 205965
	Maximum in degree: 585 (node 27517)
	Maximum out degree: 497 (node 7314)
	source 637 (node 7314) with out degree 497
	target 1010 (node 27517) with in degree 585

Execution time and memory used at after iteration 1679 (MF = 107.376155): 3.052500e+05 seconds, 502571008 bytes of memory usage, 1080836 kB of memory peak and 3-12:47:46 elapsed time
Statistics on the network after iteration 1679 (MF = 107.376155)
	Number of nodes: 27919
	Number of allocated nodes: 28672
	Number of edges: 205965
	Maximum in degree: 585 (node 27517)
	Maximum out degree: 497 (node 7314)
	source 637 (node 7314) with out degree 497
	target 1010 (node 27517) with in degree 585

Execution time and memory used at after iteration 1680 (MF = 107.376155): 3.057120e+05 seconds, 502755328 bytes of memory usage, 1081352 kB of memory peak and 3-12:55:28 elapsed time
Statistics on the network after iteration 1680 (MF = 107.376155)
	Number of nodes: 27919
	Number of allocated nodes: 28672
	Number of edges: 205965
	Maximum in degree: 585 (node 27517)
	Maximum out degree: 497 (node 7314)
	source 637 (node 7314) with out degree 497
	target 1010 (node 27517) with in degree 585

Execution time and memory used at after iteration 1681 (MF = 107.376155): 3.061773e+05 seconds, 502931456 bytes of memory usage, 1081868 kB of memory peak and 3-13:03:14 elapsed time
Statistics on the network after iteration 1681 (MF = 107.376155)
	Number of nodes: 27919
	Number of allocated nodes: 28672
	Number of edges: 205965
	Maximum in degree: 585 (node 27517)
	Maximum out degree: 497 (node 7314)
	source 637 (node 7314) with out degree 497
	target 1010 (node 27517) with in degree 585

Execution time and memory used at after iteration 1682 (MF = 107.376155): 3.066416e+05 seconds, 503115776 bytes of memory usage, 1082384 kB of memory peak and 3-13:10:58 elapsed time
Statistics on the network after iteration 1682 (MF = 107.376155)
	Number of nodes: 27919
	Number of allocated nodes: 28672
	Number of edges: 205965
	Maximum in degree: 585 (node 27517)
	Maximum out degree: 497 (node 7314)
	source 637 (node 7314) with out degree 497
	target 1010 (node 27517) with in degree 585

Execution time and memory used at after iteration 1683 (MF = 107.448244): 3.071076e+05 seconds, 503287808 bytes of memory usage, 1082892 kB of memory peak and 3-13:18:44 elapsed time
Statistics on the network after iteration 1683 (MF = 107.448244)
	Number of nodes: 27919
	Number of allocated nodes: 28672
	Number of edges: 205965
	Maximum in degree: 585 (node 27517)
	Maximum out degree: 497 (node 7314)
	source 637 (node 7314) with out degree 497
	target 1010 (node 27517) with in degree 585

Execution time and memory used at after iteration 1684 (MF = 107.339187): 3.075724e+05 seconds, 503463936 bytes of memory usage, 1083396 kB of memory peak and 3-13:26:29 elapsed time
Statistics on the network after iteration 1684 (MF = 107.339187)
	Number of nodes: 27919
	Number of allocated nodes: 28672
	Number of edges: 205965
	Maximum in degree: 585 (node 27517)
	Maximum out degree: 497 (node 7314)
	source 637 (node 7314) with out degree 497
	target 1010 (node 27517) with in degree 585

Execution time and memory used at after iteration 1685 (MF = 107.339187): 3.080395e+05 seconds, 503648256 bytes of memory usage, 1083904 kB of memory peak and 3-13:34:16 elapsed time
Statistics on the network after iteration 1685 (MF = 107.339187)
	Number of nodes: 27919
	Number of allocated nodes: 28672
	Number of edges: 205965
	Maximum in degree: 585 (node 27517)
	Maximum out degree: 497 (node 7314)
	source 637 (node 7314) with out degree 497
	target 1010 (node 27517) with in degree 585

Execution time and memory used at after iteration 1686 (MF = 107.339187): 3.085056e+05 seconds, 503824384 bytes of memory usage, 1084420 kB of memory peak and 3-13:42:02 elapsed time
Statistics on the network after iteration 1686 (MF = 107.339187)
	Number of nodes: 27919
	Number of allocated nodes: 28672
	Number of edges: 205965
	Maximum in degree: 585 (node 27517)
	Maximum out degree: 497 (node 7314)
	source 637 (node 7314) with out degree 497
	target 1010 (node 27517) with in degree 585

Execution time and memory used at after iteration 1687 (MF = 107.339187): 3.089742e+05 seconds, 503996416 bytes of memory usage, 1084920 kB of memory peak and 3-13:49:51 elapsed time
Statistics on the network after iteration 1687 (MF = 107.339187)
	Number of nodes: 27919
	Number of allocated nodes: 28672
	Number of edges: 205965
	Maximum in degree: 585 (node 27517)
	Maximum out degree: 497 (node 7314)
	source 637 (node 7314) with out degree 497
	target 1010 (node 27517) with in degree 585

Execution time and memory used at after iteration 1688 (MF = 107.339187): 3.094408e+05 seconds, 504172544 bytes of memory usage, 1085420 kB of memory peak and 3-13:57:37 elapsed time
Statistics on the network after iteration 1688 (MF = 107.339187)
	Number of nodes: 27919
	Number of allocated nodes: 28672
	Number of edges: 205965
	Maximum in degree: 585 (node 27517)
	Maximum out degree: 497 (node 7314)
	source 637 (node 7314) with out degree 497
	target 1010 (node 27517) with in degree 585

Execution time and memory used at after iteration 1689 (MF = 107.339187): 3.099107e+05 seconds, 504369152 bytes of memory usage, 1085920 kB of memory peak and 3-14:05:27 elapsed time
Statistics on the network after iteration 1689 (MF = 107.339187)
	Number of nodes: 27919
	Number of allocated nodes: 28672
	Number of edges: 205965
	Maximum in degree: 585 (node 27517)
	Maximum out degree: 497 (node 7314)
	source 637 (node 7314) with out degree 497
	target 1010 (node 27517) with in degree 585

Execution time and memory used at after iteration 1690 (MF = 107.339187): 3.103773e+05 seconds, 504532992 bytes of memory usage, 1086440 kB of memory peak and 3-14:13:14 elapsed time
Statistics on the network after iteration 1690 (MF = 107.339187)
	Number of nodes: 27919
	Number of allocated nodes: 28672
	Number of edges: 205965
	Maximum in degree: 585 (node 27517)
	Maximum out degree: 497 (node 7314)
	source 637 (node 7314) with out degree 497
	target 1010 (node 27517) with in degree 585

Execution time and memory used at after iteration 1691 (MF = 107.339187): 3.108468e+05 seconds, 504709120 bytes of memory usage, 1086940 kB of memory peak and 3-14:21:03 elapsed time
Statistics on the network after iteration 1691 (MF = 107.339187)
	Number of nodes: 27919
	Number of allocated nodes: 28672
	Number of edges: 205965
	Maximum in degree: 585 (node 27517)
	Maximum out degree: 497 (node 7314)
	source 637 (node 7314) with out degree 497
	target 1010 (node 27517) with in degree 585

Execution time and memory used at after iteration 1692 (MF = 107.339187): 3.113138e+05 seconds, 504881152 bytes of memory usage, 1087444 kB of memory peak and 3-14:28:50 elapsed time
Statistics on the network after iteration 1692 (MF = 107.339187)
	Number of nodes: 27919
	Number of allocated nodes: 28672
	Number of edges: 205965
	Maximum in degree: 585 (node 27517)
	Maximum out degree: 497 (node 7314)
	source 637 (node 7314) with out degree 497
	target 1010 (node 27517) with in degree 585

Execution time and memory used at after iteration 1693 (MF = 107.339187): 3.117841e+05 seconds, 505081856 bytes of memory usage, 1087944 kB of memory peak and 3-14:36:40 elapsed time
Statistics on the network after iteration 1693 (MF = 107.339187)
	Number of nodes: 27919
	Number of allocated nodes: 28672
	Number of edges: 205965
	Maximum in degree: 585 (node 27517)
	Maximum out degree: 497 (node 7314)
	source 637 (node 7314) with out degree 497
	target 1010 (node 27517) with in degree 585

Execution time and memory used at after iteration 1694 (MF = 107.339187): 3.122583e+05 seconds, 505253888 bytes of memory usage, 1088448 kB of memory peak and 3-14:44:35 elapsed time
Statistics on the network after iteration 1694 (MF = 107.339187)
	Number of nodes: 27919
	Number of allocated nodes: 28672
	Number of edges: 205965
	Maximum in degree: 585 (node 27517)
	Maximum out degree: 497 (node 7314)
	source 637 (node 7314) with out degree 497
	target 1010 (node 27517) with in degree 585

Execution time and memory used at after iteration 1695 (MF = 107.434381): 3.127327e+05 seconds, 505434112 bytes of memory usage, 1088972 kB of memory peak and 3-14:52:29 elapsed time
Statistics on the network after iteration 1695 (MF = 107.434381)
	Number of nodes: 27919
	Number of allocated nodes: 28672
	Number of edges: 205965
	Maximum in degree: 585 (node 27517)
	Maximum out degree: 497 (node 7314)
	source 637 (node 7314) with out degree 497
	target 1010 (node 27517) with in degree 585

Execution time and memory used at after iteration 1696 (MF = 107.434381): 3.132070e+05 seconds, 505602048 bytes of memory usage, 1089472 kB of memory peak and 3-15:00:23 elapsed time
Statistics on the network after iteration 1696 (MF = 107.434381)
	Number of nodes: 27919
	Number of allocated nodes: 28672
	Number of edges: 205965
	Maximum in degree: 585 (node 27517)
	Maximum out degree: 497 (node 7314)
	source 637 (node 7314) with out degree 497
	target 1010 (node 27517) with in degree 585

Execution time and memory used at after iteration 1697 (MF = 107.434381): 3.136830e+05 seconds, 505778176 bytes of memory usage, 1089988 kB of memory peak and 3-15:08:19 elapsed time
Statistics on the network after iteration 1697 (MF = 107.434381)
	Number of nodes: 27919
	Number of allocated nodes: 28672
	Number of edges: 205965
	Maximum in degree: 585 (node 27517)
	Maximum out degree: 497 (node 7314)
	source 637 (node 7314) with out degree 497
	target 1010 (node 27517) with in degree 585

Execution time and memory used at after iteration 1698 (MF = 107.434381): 3.141582e+05 seconds, 505962496 bytes of memory usage, 1090496 kB of memory peak and 3-15:16:15 elapsed time
Statistics on the network after iteration 1698 (MF = 107.434381)
	Number of nodes: 27919
	Number of allocated nodes: 28672
	Number of edges: 205965
	Maximum in degree: 585 (node 27517)
	Maximum out degree: 497 (node 7314)
	source 637 (node 7314) with out degree 497
	target 1010 (node 27517) with in degree 585

Execution time and memory used at after iteration 1699 (MF = 107.434381): 3.146346e+05 seconds, 506122240 bytes of memory usage, 1091016 kB of memory peak and 3-15:24:11 elapsed time
Statistics on the network after iteration 1699 (MF = 107.434381)
	Number of nodes: 27919
	Number of allocated nodes: 28672
	Number of edges: 205965
	Maximum in degree: 585 (node 27517)
	Maximum out degree: 497 (node 7314)
	source 637 (node 7314) with out degree 497
	target 1010 (node 27517) with in degree 585

Execution time and memory used at after iteration 1700 (MF = 107.434381): 3.151072e+05 seconds, 506331136 bytes of memory usage, 1091524 kB of memory peak and 3-15:32:04 elapsed time
Statistics on the network after iteration 1700 (MF = 107.434381)
	Number of nodes: 27919
	Number of allocated nodes: 28672
	Number of edges: 205965
	Maximum in degree: 585 (node 27517)
	Maximum out degree: 497 (node 7314)
	source 637 (node 7314) with out degree 497
	target 1010 (node 27517) with in degree 585

Execution time and memory used at after iteration 1701 (MF = 107.280961): 3.155819e+05 seconds, 506486784 bytes of memory usage, 1092036 kB of memory peak and 3-15:39:58 elapsed time
Statistics on the network after iteration 1701 (MF = 107.280961)
	Number of nodes: 27919
	Number of allocated nodes: 28672
	Number of edges: 205965
	Maximum in degree: 585 (node 27517)
	Maximum out degree: 497 (node 7314)
	source 637 (node 7314) with out degree 497
	target 1010 (node 27517) with in degree 585

Execution time and memory used at after iteration 1702 (MF = 107.280961): 3.160550e+05 seconds, 506667008 bytes of memory usage, 1092552 kB of memory peak and 3-15:47:51 elapsed time
Statistics on the network after iteration 1702 (MF = 107.280961)
	Number of nodes: 27919
	Number of allocated nodes: 28672
	Number of edges: 205965
	Maximum in degree: 585 (node 27517)
	Maximum out degree: 497 (node 7314)
	source 637 (node 7314) with out degree 497
	target 1010 (node 27517) with in degree 585

Execution time and memory used at after iteration 1703 (MF = 107.280961): 3.165290e+05 seconds, 506851328 bytes of memory usage, 1093052 kB of memory peak and 3-15:55:46 elapsed time
Statistics on the network after iteration 1703 (MF = 107.280961)
	Number of nodes: 27919
	Number of allocated nodes: 28672
	Number of edges: 205965
	Maximum in degree: 585 (node 27517)
	Maximum out degree: 497 (node 7314)
	source 637 (node 7314) with out degree 497
	target 1010 (node 27517) with in degree 585

Execution time and memory used at after iteration 1704 (MF = 107.353050): 3.170068e+05 seconds, 507043840 bytes of memory usage, 1093560 kB of memory peak and 3-16:03:43 elapsed time
Statistics on the network after iteration 1704 (MF = 107.353050)
	Number of nodes: 27919
	Number of allocated nodes: 28672
	Number of edges: 205965
	Maximum in degree: 585 (node 27517)
	Maximum out degree: 497 (node 7314)
	source 637 (node 7314) with out degree 497
	target 1010 (node 27517) with in degree 585

Execution time and memory used at after iteration 1705 (MF = 107.353050): 3.174854e+05 seconds, 507199488 bytes of memory usage, 1094088 kB of memory peak and 3-16:11:42 elapsed time
Statistics on the network after iteration 1705 (MF = 107.353050)
	Number of nodes: 27919
	Number of allocated nodes: 28672
	Number of edges: 205965
	Maximum in degree: 585 (node 27517)
	Maximum out degree: 497 (node 7314)
	source 637 (node 7314) with out degree 497
	target 1010 (node 27517) with in degree 585

Execution time and memory used at after iteration 1706 (MF = 107.280961): 3.179790e+05 seconds, 507387904 bytes of memory usage, 1094592 kB of memory peak and 3-16:19:55 elapsed time
Statistics on the network after iteration 1706 (MF = 107.280961)
	Number of nodes: 27919
	Number of allocated nodes: 28672
	Number of edges: 205965
	Maximum in degree: 585 (node 27517)
	Maximum out degree: 497 (node 7314)
	source 637 (node 7314) with out degree 497
	target 1010 (node 27517) with in degree 585

Execution time and memory used at after iteration 1707 (MF = 107.280961): 3.184593e+05 seconds, 507572224 bytes of memory usage, 1095116 kB of memory peak and 3-16:27:56 elapsed time
Statistics on the network after iteration 1707 (MF = 107.280961)
	Number of nodes: 27919
	Number of allocated nodes: 28672
	Number of edges: 205965
	Maximum in degree: 585 (node 27517)
	Maximum out degree: 497 (node 7314)
	source 637 (node 7314) with out degree 497
	target 1010 (node 27517) with in degree 585

Execution time and memory used at after iteration 1708 (MF = 107.280961): 3.189400e+05 seconds, 507740160 bytes of memory usage, 1095632 kB of memory peak and 3-16:35:57 elapsed time
Statistics on the network after iteration 1708 (MF = 107.280961)
	Number of nodes: 27919
	Number of allocated nodes: 28672
	Number of edges: 205965
	Maximum in degree: 585 (node 27517)
	Maximum out degree: 497 (node 7314)
	source 637 (node 7314) with out degree 497
	target 1010 (node 27517) with in degree 585

Execution time and memory used at after iteration 1709 (MF = 107.280961): 3.194209e+05 seconds, 507928576 bytes of memory usage, 1096140 kB of memory peak and 3-16:43:57 elapsed time
Statistics on the network after iteration 1709 (MF = 107.280961)
	Number of nodes: 27919
	Number of allocated nodes: 28672
	Number of edges: 205965
	Maximum in degree: 585 (node 27517)
	Maximum out degree: 497 (node 7314)
	source 637 (node 7314) with out degree 497
	target 1010 (node 27517) with in degree 585

Execution time and memory used at after iteration 1710 (MF = 107.280961): 3.198976e+05 seconds, 508104704 bytes of memory usage, 1096648 kB of memory peak and 3-16:51:54 elapsed time
Statistics on the network after iteration 1710 (MF = 107.280961)
	Number of nodes: 27919
	Number of allocated nodes: 28672
	Number of edges: 205965
	Maximum in degree: 585 (node 27517)
	Maximum out degree: 497 (node 7314)
	source 637 (node 7314) with out degree 497
	target 1010 (node 27517) with in degree 585

Execution time and memory used at after iteration 1711 (MF = 107.376155): 3.203761e+05 seconds, 508289024 bytes of memory usage, 1097168 kB of memory peak and 3-16:59:53 elapsed time
Statistics on the network after iteration 1711 (MF = 107.376155)
	Number of nodes: 27919
	Number of allocated nodes: 28672
	Number of edges: 205965
	Maximum in degree: 585 (node 27517)
	Maximum out degree: 497 (node 7314)
	source 637 (node 7314) with out degree 497
	target 1010 (node 27517) with in degree 585

Execution time and memory used at after iteration 1712 (MF = 107.376155): 3.208547e+05 seconds, 508465152 bytes of memory usage, 1097676 kB of memory peak and 3-17:07:51 elapsed time
Statistics on the network after iteration 1712 (MF = 107.376155)
	Number of nodes: 27919
	Number of allocated nodes: 28672
	Number of edges: 205965
	Maximum in degree: 585 (node 27517)
	Maximum out degree: 497 (node 7314)
	source 637 (node 7314) with out degree 497
	target 1010 (node 27517) with in degree 585

Execution time and memory used at after iteration 1713 (MF = 107.376155): 3.213344e+05 seconds, 508649472 bytes of memory usage, 1098192 kB of memory peak and 3-17:15:51 elapsed time
Statistics on the network after iteration 1713 (MF = 107.376155)
	Number of nodes: 27919
	Number of allocated nodes: 28672
	Number of edges: 205965
	Maximum in degree: 585 (node 27517)
	Maximum out degree: 497 (node 7314)
	source 637 (node 7314) with out degree 497
	target 1010 (node 27517) with in degree 585

Execution time and memory used at after iteration 1714 (MF = 107.376155): 3.218148e+05 seconds, 508821504 bytes of memory usage, 1098700 kB of memory peak and 3-17:23:51 elapsed time
Statistics on the network after iteration 1714 (MF = 107.376155)
	Number of nodes: 27919
	Number of allocated nodes: 28672
	Number of edges: 205965
	Maximum in degree: 585 (node 27517)
	Maximum out degree: 497 (node 7314)
	source 637 (node 7314) with out degree 497
	target 1010 (node 27517) with in degree 585

Execution time and memory used at after iteration 1715 (MF = 107.376155): 3.222944e+05 seconds, 509005824 bytes of memory usage, 1099216 kB of memory peak and 3-17:31:51 elapsed time
Statistics on the network after iteration 1715 (MF = 107.376155)
	Number of nodes: 27919
	Number of allocated nodes: 28672
	Number of edges: 205965
	Maximum in degree: 585 (node 27517)
	Maximum out degree: 497 (node 7314)
	source 637 (node 7314) with out degree 497
	target 1010 (node 27517) with in degree 585

Execution time and memory used at after iteration 1716 (MF = 107.376155): 3.227745e+05 seconds, 509186048 bytes of memory usage, 1099720 kB of memory peak and 3-17:39:51 elapsed time
Statistics on the network after iteration 1716 (MF = 107.376155)
	Number of nodes: 27919
	Number of allocated nodes: 28672
	Number of edges: 205965
	Maximum in degree: 585 (node 27517)
	Maximum out degree: 497 (node 7314)
	source 637 (node 7314) with out degree 497
	target 1010 (node 27517) with in degree 585

Execution time and memory used at after iteration 1717 (MF = 107.376155): 3.232601e+05 seconds, 509370368 bytes of memory usage, 1100236 kB of memory peak and 3-17:47:57 elapsed time
Statistics on the network after iteration 1717 (MF = 107.376155)
	Number of nodes: 27919
	Number of allocated nodes: 28672
	Number of edges: 205965
	Maximum in degree: 585 (node 27517)
	Maximum out degree: 497 (node 7314)
	source 637 (node 7314) with out degree 497
	target 1010 (node 27517) with in degree 585

Execution time and memory used at after iteration 1718 (MF = 107.339187): 3.237452e+05 seconds, 509546496 bytes of memory usage, 1100744 kB of memory peak and 3-17:56:02 elapsed time
Statistics on the network after iteration 1718 (MF = 107.339187)
	Number of nodes: 27919
	Number of allocated nodes: 28672
	Number of edges: 205965
	Maximum in degree: 585 (node 27517)
	Maximum out degree: 497 (node 7314)
	source 637 (node 7314) with out degree 497
	target 1010 (node 27517) with in degree 585

Execution time and memory used at after iteration 1719 (MF = 107.434381): 3.242292e+05 seconds, 509730816 bytes of memory usage, 1101260 kB of memory peak and 3-18:04:06 elapsed time
Statistics on the network after iteration 1719 (MF = 107.434381)
	Number of nodes: 27919
	Number of allocated nodes: 28672
	Number of edges: 205965
	Maximum in degree: 585 (node 27517)
	Maximum out degree: 497 (node 7314)
	source 637 (node 7314) with out degree 497
	target 1010 (node 27517) with in degree 585

Execution time and memory used at after iteration 1720 (MF = 107.280961): 3.247117e+05 seconds, 509906944 bytes of memory usage, 1101776 kB of memory peak and 3-18:12:08 elapsed time
Statistics on the network after iteration 1720 (MF = 107.280961)
	Number of nodes: 27919
	Number of allocated nodes: 28672
	Number of edges: 205965
	Maximum in degree: 585 (node 27517)
	Maximum out degree: 497 (node 7314)
	source 637 (node 7314) with out degree 497
	target 1010 (node 27517) with in degree 585

Execution time and memory used at after iteration 1721 (MF = 107.280961): 3.251960e+05 seconds, 510083072 bytes of memory usage, 1102304 kB of memory peak and 3-18:20:13 elapsed time
Statistics on the network after iteration 1721 (MF = 107.280961)
	Number of nodes: 27919
	Number of allocated nodes: 28672
	Number of edges: 205965
	Maximum in degree: 585 (node 27517)
	Maximum out degree: 497 (node 7314)
	source 637 (node 7314) with out degree 497
	target 1010 (node 27517) with in degree 585

Execution time and memory used at after iteration 1722 (MF = 107.280961): 3.256830e+05 seconds, 510259200 bytes of memory usage, 1102804 kB of memory peak and 3-18:28:20 elapsed time
Statistics on the network after iteration 1722 (MF = 107.280961)
	Number of nodes: 27919
	Number of allocated nodes: 28672
	Number of edges: 205965
	Maximum in degree: 585 (node 27517)
	Maximum out degree: 497 (node 7314)
	source 637 (node 7314) with out degree 497
	target 1010 (node 27517) with in degree 585

Execution time and memory used at after iteration 1723 (MF = 107.294824): 3.261671e+05 seconds, 510451712 bytes of memory usage, 1103312 kB of memory peak and 3-18:36:24 elapsed time
Statistics on the network after iteration 1723 (MF = 107.294824)
	Number of nodes: 27919
	Number of allocated nodes: 28672
	Number of edges: 205965
	Maximum in degree: 585 (node 27517)
	Maximum out degree: 497 (node 7314)
	source 637 (node 7314) with out degree 497
	target 1010 (node 27517) with in degree 585

Execution time and memory used at after iteration 1724 (MF = 107.280961): 3.266564e+05 seconds, 510627840 bytes of memory usage, 1103816 kB of memory peak and 3-18:44:33 elapsed time
Statistics on the network after iteration 1724 (MF = 107.280961)
	Number of nodes: 27919
	Number of allocated nodes: 28672
	Number of edges: 205965
	Maximum in degree: 585 (node 27517)
	Maximum out degree: 497 (node 7314)
	source 637 (node 7314) with out degree 497
	target 1010 (node 27517) with in degree 585

Execution time and memory used at after iteration 1725 (MF = 107.339187): 3.271444e+05 seconds, 510803968 bytes of memory usage, 1104332 kB of memory peak and 3-18:52:41 elapsed time
Statistics on the network after iteration 1725 (MF = 107.339187)
	Number of nodes: 27919
	Number of allocated nodes: 28672
	Number of edges: 205965
	Maximum in degree: 585 (node 27517)
	Maximum out degree: 497 (node 7314)
	source 637 (node 7314) with out degree 497
	target 1010 (node 27517) with in degree 585

Execution time and memory used at after iteration 1726 (MF = 107.280961): 3.276299e+05 seconds, 510984192 bytes of memory usage, 1104840 kB of memory peak and 3-19:00:47 elapsed time
Statistics on the network after iteration 1726 (MF = 107.280961)
	Number of nodes: 27919
	Number of allocated nodes: 28672
	Number of edges: 205965
	Maximum in degree: 585 (node 27517)
	Maximum out degree: 497 (node 7314)
	source 637 (node 7314) with out degree 497
	target 1010 (node 27517) with in degree 585

Execution time and memory used at after iteration 1727 (MF = 107.280961): 3.281184e+05 seconds, 511168512 bytes of memory usage, 1105364 kB of memory peak and 3-19:08:55 elapsed time
Statistics on the network after iteration 1727 (MF = 107.280961)
	Number of nodes: 27919
	Number of allocated nodes: 28672
	Number of edges: 205965
	Maximum in degree: 585 (node 27517)
	Maximum out degree: 497 (node 7314)
	source 637 (node 7314) with out degree 497
	target 1010 (node 27517) with in degree 585

Execution time and memory used at after iteration 1728 (MF = 107.280961): 3.286031e+05 seconds, 511332352 bytes of memory usage, 1105876 kB of memory peak and 3-19:17:00 elapsed time
Statistics on the network after iteration 1728 (MF = 107.280961)
	Number of nodes: 27919
	Number of allocated nodes: 28672
	Number of edges: 205965
	Maximum in degree: 585 (node 27517)
	Maximum out degree: 497 (node 7314)
	source 637 (node 7314) with out degree 497
	target 1010 (node 27517) with in degree 585

Execution time and memory used at after iteration 1729 (MF = 107.280961): 3.290897e+05 seconds, 511528960 bytes of memory usage, 1106384 kB of memory peak and 3-19:25:06 elapsed time
Statistics on the network after iteration 1729 (MF = 107.280961)
	Number of nodes: 27919
	Number of allocated nodes: 28672
	Number of edges: 205965
	Maximum in degree: 585 (node 27517)
	Maximum out degree: 497 (node 7314)
	source 637 (node 7314) with out degree 497
	target 1010 (node 27517) with in degree 585

Execution time and memory used at after iteration 1730 (MF = 107.339187): 3.295766e+05 seconds, 511696896 bytes of memory usage, 1106916 kB of memory peak and 3-19:33:13 elapsed time
Statistics on the network after iteration 1730 (MF = 107.339187)
	Number of nodes: 27919
	Number of allocated nodes: 28672
	Number of edges: 205965
	Maximum in degree: 585 (node 27517)
	Maximum out degree: 497 (node 7314)
	source 637 (node 7314) with out degree 497
	target 1010 (node 27517) with in degree 585

Execution time and memory used at after iteration 1731 (MF = 107.339187): 3.300654e+05 seconds, 511873024 bytes of memory usage, 1107416 kB of memory peak and 3-19:41:22 elapsed time
Statistics on the network after iteration 1731 (MF = 107.339187)
	Number of nodes: 27919
	Number of allocated nodes: 28672
	Number of edges: 205965
	Maximum in degree: 585 (node 27517)
	Maximum out degree: 497 (node 7314)
	source 637 (node 7314) with out degree 497
	target 1010 (node 27517) with in degree 585

Execution time and memory used at after iteration 1732 (MF = 107.353050): 3.305537e+05 seconds, 512069632 bytes of memory usage, 1107936 kB of memory peak and 3-19:49:30 elapsed time
Statistics on the network after iteration 1732 (MF = 107.353050)
	Number of nodes: 27919
	Number of allocated nodes: 28672
	Number of edges: 205965
	Maximum in degree: 585 (node 27517)
	Maximum out degree: 497 (node 7314)
	source 637 (node 7314) with out degree 497
	target 1010 (node 27517) with in degree 585

Execution time and memory used at after iteration 1733 (MF = 107.339187): 3.310437e+05 seconds, 512253952 bytes of memory usage, 1108444 kB of memory peak and 3-19:57:40 elapsed time
Statistics on the network after iteration 1733 (MF = 107.339187)
	Number of nodes: 27919
	Number of allocated nodes: 28672
	Number of edges: 205965
	Maximum in degree: 585 (node 27517)
	Maximum out degree: 497 (node 7314)
	source 637 (node 7314) with out degree 497
	target 1010 (node 27517) with in degree 585

Execution time and memory used at after iteration 1734 (MF = 107.280961): 3.315366e+05 seconds, 512434176 bytes of memory usage, 1108952 kB of memory peak and 3-20:05:53 elapsed time
Statistics on the network after iteration 1734 (MF = 107.280961)
	Number of nodes: 27919
	Number of allocated nodes: 28672
	Number of edges: 205965
	Maximum in degree: 585 (node 27517)
	Maximum out degree: 497 (node 7314)
	source 637 (node 7314) with out degree 497
	target 1010 (node 27517) with in degree 585

Execution time and memory used at after iteration 1735 (MF = 107.353050): 3.320263e+05 seconds, 512614400 bytes of memory usage, 1109460 kB of memory peak and 3-20:14:03 elapsed time
Statistics on the network after iteration 1735 (MF = 107.353050)
	Number of nodes: 27919
	Number of allocated nodes: 28672
	Number of edges: 205965
	Maximum in degree: 585 (node 27517)
	Maximum out degree: 497 (node 7314)
	source 637 (node 7314) with out degree 497
	target 1010 (node 27517) with in degree 585

Execution time and memory used at after iteration 1736 (MF = 107.339187): 3.325323e+05 seconds, 512794624 bytes of memory usage, 1109960 kB of memory peak and 3-20:22:29 elapsed time
Statistics on the network after iteration 1736 (MF = 107.339187)
	Number of nodes: 27919
	Number of allocated nodes: 28672
	Number of edges: 205965
	Maximum in degree: 585 (node 27517)
	Maximum out degree: 497 (node 7314)
	source 637 (node 7314) with out degree 497
	target 1010 (node 27517) with in degree 585

Execution time and memory used at after iteration 1737 (MF = 107.339187): 3.330398e+05 seconds, 512970752 bytes of memory usage, 1110476 kB of memory peak and 3-20:30:56 elapsed time
Statistics on the network after iteration 1737 (MF = 107.339187)
	Number of nodes: 27919
	Number of allocated nodes: 28672
	Number of edges: 205965
	Maximum in degree: 585 (node 27517)
	Maximum out degree: 497 (node 7314)
	source 637 (node 7314) with out degree 497
	target 1010 (node 27517) with in degree 585

Execution time and memory used at after iteration 1738 (MF = 107.339187): 3.335269e+05 seconds, 513146880 bytes of memory usage, 1110980 kB of memory peak and 3-20:39:04 elapsed time
Statistics on the network after iteration 1738 (MF = 107.339187)
	Number of nodes: 27919
	Number of allocated nodes: 28672
	Number of edges: 205965
	Maximum in degree: 585 (node 27517)
	Maximum out degree: 497 (node 7314)
	source 637 (node 7314) with out degree 497
	target 1010 (node 27517) with in degree 585

Execution time and memory used at after iteration 1739 (MF = 107.280961): 3.340353e+05 seconds, 513327104 bytes of memory usage, 1111492 kB of memory peak and 3-20:47:32 elapsed time
Statistics on the network after iteration 1739 (MF = 107.280961)
	Number of nodes: 27919
	Number of allocated nodes: 28672
	Number of edges: 205965
	Maximum in degree: 585 (node 27517)
	Maximum out degree: 497 (node 7314)
	source 637 (node 7314) with out degree 497
	target 1010 (node 27517) with in degree 585

Execution time and memory used at after iteration 1740 (MF = 107.339187): 3.345320e+05 seconds, 513499136 bytes of memory usage, 1112008 kB of memory peak and 3-20:55:49 elapsed time
Statistics on the network after iteration 1740 (MF = 107.339187)
	Number of nodes: 27919
	Number of allocated nodes: 28672
	Number of edges: 205965
	Maximum in degree: 585 (node 27517)
	Maximum out degree: 497 (node 7314)
	source 637 (node 7314) with out degree 497
	target 1010 (node 27517) with in degree 585

Execution time and memory used at after iteration 1741 (MF = 107.339187): 3.350270e+05 seconds, 513675264 bytes of memory usage, 1112508 kB of memory peak and 3-21:04:04 elapsed time
Statistics on the network after iteration 1741 (MF = 107.339187)
	Number of nodes: 27919
	Number of allocated nodes: 28672
	Number of edges: 205965
	Maximum in degree: 585 (node 27517)
	Maximum out degree: 497 (node 7314)
	source 637 (node 7314) with out degree 497
	target 1010 (node 27517) with in degree 585

Execution time and memory used at after iteration 1742 (MF = 107.339187): 3.355231e+05 seconds, 513855488 bytes of memory usage, 1113016 kB of memory peak and 3-21:12:20 elapsed time
Statistics on the network after iteration 1742 (MF = 107.339187)
	Number of nodes: 27919
	Number of allocated nodes: 28672
	Number of edges: 205965
	Maximum in degree: 585 (node 27517)
	Maximum out degree: 497 (node 7314)
	source 637 (node 7314) with out degree 497
	target 1010 (node 27517) with in degree 585

Execution time and memory used at after iteration 1743 (MF = 107.339187): 3.360176e+05 seconds, 514039808 bytes of memory usage, 1113532 kB of memory peak and 3-21:20:34 elapsed time
Statistics on the network after iteration 1743 (MF = 107.339187)
	Number of nodes: 27919
	Number of allocated nodes: 28672
	Number of edges: 205965
	Maximum in degree: 585 (node 27517)
	Maximum out degree: 497 (node 7314)
	source 637 (node 7314) with out degree 497
	target 1010 (node 27517) with in degree 585

Execution time and memory used at after iteration 1744 (MF = 107.280961): 3.365143e+05 seconds, 514207744 bytes of memory usage, 1114044 kB of memory peak and 3-21:28:51 elapsed time
Statistics on the network after iteration 1744 (MF = 107.280961)
	Number of nodes: 27919
	Number of allocated nodes: 28672
	Number of edges: 205965
	Maximum in degree: 585 (node 27517)
	Maximum out degree: 497 (node 7314)
	source 637 (node 7314) with out degree 497
	target 1010 (node 27517) with in degree 585

Execution time and memory used at after iteration 1745 (MF = 107.280961): 3.370101e+05 seconds, 514383872 bytes of memory usage, 1114560 kB of memory peak and 3-21:37:07 elapsed time
Statistics on the network after iteration 1745 (MF = 107.280961)
	Number of nodes: 27919
	Number of allocated nodes: 28672
	Number of edges: 205965
	Maximum in degree: 585 (node 27517)
	Maximum out degree: 497 (node 7314)
	source 637 (node 7314) with out degree 497
	target 1010 (node 27517) with in degree 585

Execution time and memory used at after iteration 1746 (MF = 107.280961): 3.375065e+05 seconds, 514560000 bytes of memory usage, 1115068 kB of memory peak and 3-21:45:23 elapsed time
Statistics on the network after iteration 1746 (MF = 107.280961)
	Number of nodes: 27919
	Number of allocated nodes: 28672
	Number of edges: 205965
	Maximum in degree: 585 (node 27517)
	Maximum out degree: 497 (node 7314)
	source 637 (node 7314) with out degree 497
	target 1010 (node 27517) with in degree 585

Execution time and memory used at after iteration 1747 (MF = 107.280961): 3.380033e+05 seconds, 514752512 bytes of memory usage, 1115576 kB of memory peak and 3-21:53:40 elapsed time
Statistics on the network after iteration 1747 (MF = 107.280961)
	Number of nodes: 27919
	Number of allocated nodes: 28672
	Number of edges: 205965
	Maximum in degree: 585 (node 27517)
	Maximum out degree: 497 (node 7314)
	source 637 (node 7314) with out degree 497
	target 1010 (node 27517) with in degree 585

Execution time and memory used at after iteration 1748 (MF = 107.280961): 3.385003e+05 seconds, 514932736 bytes of memory usage, 1116084 kB of memory peak and 3-22:01:57 elapsed time
Statistics on the network after iteration 1748 (MF = 107.280961)
	Number of nodes: 27919
	Number of allocated nodes: 28672
	Number of edges: 205965
	Maximum in degree: 585 (node 27517)
	Maximum out degree: 497 (node 7314)
	source 637 (node 7314) with out degree 497
	target 1010 (node 27517) with in degree 585

Execution time and memory used at after iteration 1749 (MF = 107.280961): 3.390002e+05 seconds, 515108864 bytes of memory usage, 1116592 kB of memory peak and 3-22:10:17 elapsed time
Statistics on the network after iteration 1749 (MF = 107.280961)
	Number of nodes: 27919
	Number of allocated nodes: 28672
	Number of edges: 205965
	Maximum in degree: 585 (node 27517)
	Maximum out degree: 497 (node 7314)
	source 637 (node 7314) with out degree 497
	target 1010 (node 27517) with in degree 585

Execution time and memory used at after iteration 1750 (MF = 107.294824): 3.394994e+05 seconds, 515293184 bytes of memory usage, 1117096 kB of memory peak and 3-22:18:36 elapsed time
Statistics on the network after iteration 1750 (MF = 107.294824)
	Number of nodes: 27919
	Number of allocated nodes: 28672
	Number of edges: 205965
	Maximum in degree: 585 (node 27517)
	Maximum out degree: 497 (node 7314)
	source 637 (node 7314) with out degree 497
	target 1010 (node 27517) with in degree 585

Execution time and memory used at after iteration 1751 (MF = 107.280961): 3.399981e+05 seconds, 515469312 bytes of memory usage, 1117612 kB of memory peak and 3-22:26:55 elapsed time
Statistics on the network after iteration 1751 (MF = 107.280961)
	Number of nodes: 27919
	Number of allocated nodes: 28672
	Number of edges: 205965
	Maximum in degree: 585 (node 27517)
	Maximum out degree: 497 (node 7314)
	source 637 (node 7314) with out degree 497
	target 1010 (node 27517) with in degree 585

Execution time and memory used at after iteration 1752 (MF = 107.411275): 3.404977e+05 seconds, 515641344 bytes of memory usage, 1118128 kB of memory peak and 3-22:35:15 elapsed time
Statistics on the network after iteration 1752 (MF = 107.411275)
	Number of nodes: 27919
	Number of allocated nodes: 28672
	Number of edges: 205965
	Maximum in degree: 585 (node 27517)
	Maximum out degree: 497 (node 7314)
	source 637 (node 7314) with out degree 497
	target 1010 (node 27517) with in degree 585

Execution time and memory used at after iteration 1753 (MF = 107.339187): 3.409981e+05 seconds, 515821568 bytes of memory usage, 1118636 kB of memory peak and 3-22:43:35 elapsed time
Statistics on the network after iteration 1753 (MF = 107.339187)
	Number of nodes: 27919
	Number of allocated nodes: 28672
	Number of edges: 205965
	Maximum in degree: 585 (node 27517)
	Maximum out degree: 497 (node 7314)
	source 637 (node 7314) with out degree 497
	target 1010 (node 27517) with in degree 585

Execution time and memory used at after iteration 1754 (MF = 107.339187): 3.414992e+05 seconds, 516001792 bytes of memory usage, 1119144 kB of memory peak and 3-22:51:56 elapsed time
Statistics on the network after iteration 1754 (MF = 107.339187)
	Number of nodes: 27919
	Number of allocated nodes: 28672
	Number of edges: 205965
	Maximum in degree: 585 (node 27517)
	Maximum out degree: 497 (node 7314)
	source 637 (node 7314) with out degree 497
	target 1010 (node 27517) with in degree 585

Execution time and memory used at after iteration 1755 (MF = 107.339187): 3.420001e+05 seconds, 516182016 bytes of memory usage, 1119644 kB of memory peak and 3-23:00:17 elapsed time
Statistics on the network after iteration 1755 (MF = 107.339187)
	Number of nodes: 27919
	Number of allocated nodes: 28672
	Number of edges: 205965
	Maximum in degree: 585 (node 27517)
	Maximum out degree: 497 (node 7314)
	source 637 (node 7314) with out degree 497
	target 1010 (node 27517) with in degree 585

Execution time and memory used at after iteration 1756 (MF = 107.339187): 3.425007e+05 seconds, 516358144 bytes of memory usage, 1120156 kB of memory peak and 3-23:08:38 elapsed time
Statistics on the network after iteration 1756 (MF = 107.339187)
	Number of nodes: 27919
	Number of allocated nodes: 28672
	Number of edges: 205965
	Maximum in degree: 585 (node 27517)
	Maximum out degree: 497 (node 7314)
	source 637 (node 7314) with out degree 497
	target 1010 (node 27517) with in degree 585

Execution time and memory used at after iteration 1757 (MF = 107.339187): 3.430023e+05 seconds, 516538368 bytes of memory usage, 1120676 kB of memory peak and 3-23:16:59 elapsed time
Statistics on the network after iteration 1757 (MF = 107.339187)
	Number of nodes: 27919
	Number of allocated nodes: 28672
	Number of edges: 205965
	Maximum in degree: 585 (node 27517)
	Maximum out degree: 497 (node 7314)
	source 637 (node 7314) with out degree 497
	target 1010 (node 27517) with in degree 585

Execution time and memory used at after iteration 1758 (MF = 107.339187): 3.435032e+05 seconds, 516718592 bytes of memory usage, 1121184 kB of memory peak and 3-23:25:20 elapsed time
Statistics on the network after iteration 1758 (MF = 107.339187)
	Number of nodes: 27919
	Number of allocated nodes: 28672
	Number of edges: 205965
	Maximum in degree: 585 (node 27517)
	Maximum out degree: 497 (node 7314)
	source 637 (node 7314) with out degree 497
	target 1010 (node 27517) with in degree 585

Execution time and memory used at after iteration 1759 (MF = 107.339187): 3.440056e+05 seconds, 516890624 bytes of memory usage, 1121692 kB of memory peak and 3-23:33:43 elapsed time
Statistics on the network after iteration 1759 (MF = 107.339187)
	Number of nodes: 27919
	Number of allocated nodes: 28672
	Number of edges: 205965
	Maximum in degree: 585 (node 27517)
	Maximum out degree: 497 (node 7314)
	source 637 (node 7314) with out degree 497
	target 1010 (node 27517) with in degree 585

Execution time and memory used at after iteration 1760 (MF = 107.339187): 3.445073e+05 seconds, 517066752 bytes of memory usage, 1122200 kB of memory peak and 3-23:42:04 elapsed time
Statistics on the network after iteration 1760 (MF = 107.339187)
	Number of nodes: 27919
	Number of allocated nodes: 28672
	Number of edges: 205965
	Maximum in degree: 585 (node 27517)
	Maximum out degree: 497 (node 7314)
	source 637 (node 7314) with out degree 497
	target 1010 (node 27517) with in degree 585

Execution time and memory used at after iteration 1761 (MF = 107.280961): 3.450098e+05 seconds, 517251072 bytes of memory usage, 1122704 kB of memory peak and 3-23:50:27 elapsed time
Statistics on the network after iteration 1761 (MF = 107.280961)
	Number of nodes: 27919
	Number of allocated nodes: 28672
	Number of edges: 205965
	Maximum in degree: 585 (node 27517)
	Maximum out degree: 497 (node 7314)
	source 637 (node 7314) with out degree 497
	target 1010 (node 27517) with in degree 585

Execution time and memory used at after iteration 1762 (MF = 107.353050): 3.455133e+05 seconds, 517439488 bytes of memory usage, 1123212 kB of memory peak and 3-23:58:50 elapsed time
Statistics on the network after iteration 1762 (MF = 107.353050)
	Number of nodes: 27919
	Number of allocated nodes: 28672
	Number of edges: 205965
	Maximum in degree: 585 (node 27517)
	Maximum out degree: 497 (node 7314)
	source 637 (node 7314) with out degree 497
	target 1010 (node 27517) with in degree 585
