GLPSOL--GLPK LP/MIP Solver 5.0
Parameter(s) specified in the command line:
 --lp input/sx-mathoverflow.html/sx-mathoverflow.txt.gz.192.lp -o input/sx-mathoverflow.html/sx-mathoverflow.txt.gz.192.lp.sol
Reading problem data from 'input/sx-mathoverflow.html/sx-mathoverflow.txt.gz.192.lp'...
227994 rows, 480741 columns, 1139957 non-zeros
480741 integer variables, all of which are binary
708740 lines were read
GLPK Integer Optimizer 5.0
227994 rows, 480741 columns, 1139957 non-zeros
480741 integer variables, all of which are binary
Preprocessing...
1 hidden packing inequaliti(es) were detected
225296 rows, 477994 columns, 1126355 non-zeros
477994 integer variables, all of which are binary
Scaling...
 A: min|aij| =  1.000e+00  max|aij| =  1.000e+00  ratio =  1.000e+00
Problem data seem to be well scaled
Constructing initial basis...
Size of triangular part is 225296
Solving LP relaxation...
GLPK Simplex Optimizer 5.0
225296 rows, 477994 columns, 1126355 non-zeros
      0: obj =   0.000000000e+00 inf =   9.680e+02 (968)
    578: obj =   7.698912032e+11 inf =   3.900e+02 (390)
    968: obj =   1.314561814e+12 inf =   0.000e+00 (0)
Perturbing LP to avoid stalling [1167]...
*  1545: obj =   1.314561814e+12 inf =   0.000e+00 (1545)
*  2077: obj =   1.313104744e+12 inf =   0.000e+00 (1952) 1
*  2475: obj =   1.313104744e+12 inf =   0.000e+00 (1965) 4
*  2847: obj =   1.313104744e+12 inf =   0.000e+00 (1978) 3
*  3199: obj =   1.313104744e+12 inf =   0.000e+00 (1984) 3
*  3535: obj =   1.313104744e+12 inf =   0.000e+00 (1997) 3
*  3858: obj =   1.313104744e+12 inf =   0.000e+00 (2001) 3
*  4171: obj =   1.313104744e+12 inf =   0.000e+00 (2025) 3
*  4477: obj =   1.313104744e+12 inf =   0.000e+00 (2023) 3
*  4774: obj =   1.313104744e+12 inf =   0.000e+00 (2033) 3
*  5065: obj =   1.313104744e+12 inf =   0.000e+00 (2050) 3
*  5351: obj =   1.313104744e+12 inf =   0.000e+00 (2057) 3
*  5635: obj =   1.313104744e+12 inf =   0.000e+00 (2066) 2
*  5910: obj =   1.313104744e+12 inf =   0.000e+00 (2080) 3
*  6182: obj =   1.313104744e+12 inf =   0.000e+00 (2078) 3
*  6454: obj =   1.313104744e+12 inf =   0.000e+00 (2087) 2
*  6719: obj =   1.313104744e+12 inf =   0.000e+00 (2092) 3
*  6984: obj =   1.313104744e+12 inf =   0.000e+00 (2092) 2
*  7246: obj =   1.313104744e+12 inf =   0.000e+00 (2104) 3
*  7509: obj =   1.313104744e+12 inf =   0.000e+00 (2117) 2
*  7766: obj =   1.313104744e+12 inf =   0.000e+00 (2123) 3
*  8024: obj =   1.313104744e+12 inf =   0.000e+00 (2151) 2
*  8279: obj =   1.313104744e+12 inf =   0.000e+00 (2163) 3
*  8535: obj =   1.313104744e+12 inf =   0.000e+00 (2164) 2
*  8787: obj =   1.313104744e+12 inf =   0.000e+00 (2166) 3
*  9040: obj =   1.313104744e+12 inf =   0.000e+00 (2184) 2
*  9292: obj =   1.313104744e+12 inf =   0.000e+00 (2197) 2
*  9538: obj =   1.313104744e+12 inf =   0.000e+00 (2204) 3
*  9785: obj =   1.313104744e+12 inf =   0.000e+00 (2210) 2
* 10031: obj =   1.313104744e+12 inf =   0.000e+00 (2225) 2
* 10274: obj =   1.313104744e+12 inf =   0.000e+00 (2245) 3
* 10519: obj =   1.313104744e+12 inf =   0.000e+00 (2241) 2
* 10763: obj =   1.313104744e+12 inf =   0.000e+00 (2252) 2
* 11002: obj =   1.313104744e+12 inf =   0.000e+00 (2257) 3
* 11246: obj =   1.313104744e+12 inf =   0.000e+00 (2268) 2
* 11487: obj =   1.313104744e+12 inf =   0.000e+00 (2274) 2
* 11724: obj =   1.313104744e+12 inf =   0.000e+00 (2284) 3
* 11964: obj =   1.313104744e+12 inf =   0.000e+00 (2273) 2
* 12205: obj =   1.313104744e+12 inf =   0.000e+00 (2310) 2
* 12443: obj =   1.313104744e+12 inf =   0.000e+00 (2307) 3
* 12681: obj =   1.313104744e+12 inf =   0.000e+00 (2317) 2
* 12918: obj =   1.313104744e+12 inf =   0.000e+00 (2322) 2
* 13156: obj =   1.313104744e+12 inf =   0.000e+00 (2314) 2
* 13390: obj =   1.313104744e+12 inf =   0.000e+00 (2315) 3
* 13626: obj =   1.313104744e+12 inf =   0.000e+00 (2320) 2
* 13862: obj =   1.313104744e+12 inf =   0.000e+00 (2331) 2
* 14098: obj =   1.313104744e+12 inf =   0.000e+00 (2338) 2
* 14330: obj =   1.313104744e+12 inf =   0.000e+00 (2347) 3
* 14565: obj =   1.313104744e+12 inf =   0.000e+00 (2352) 2
* 14799: obj =   1.313104744e+12 inf =   0.000e+00 (2357) 2
* 15033: obj =   1.313104744e+12 inf =   0.000e+00 (2354) 2
* 15264: obj =   1.313104744e+12 inf =   0.000e+00 (2378) 3
* 15497: obj =   1.313104744e+12 inf =   0.000e+00 (2380) 2
* 15729: obj =   1.313104744e+12 inf =   0.000e+00 (2395) 2
* 15961: obj =   1.313104744e+12 inf =   0.000e+00 (2386) 2
* 16191: obj =   1.313104744e+12 inf =   0.000e+00 (2409) 3
* 16424: obj =   1.313104744e+12 inf =   0.000e+00 (2401) 2
* 16656: obj =   1.313104744e+12 inf =   0.000e+00 (2412) 2
* 16887: obj =   1.313104744e+12 inf =   0.000e+00 (2418) 2
* 17115: obj =   1.313104744e+12 inf =   0.000e+00 (2422) 3
* 17347: obj =   1.313104744e+12 inf =   0.000e+00 (2415) 2
* 17578: obj =   1.313104744e+12 inf =   0.000e+00 (2420) 2
* 17809: obj =   1.313104744e+12 inf =   0.000e+00 (2425) 2
* 18039: obj =   1.313104744e+12 inf =   0.000e+00 (2441) 3
* 18271: obj =   1.313104744e+12 inf =   0.000e+00 (2454) 2
* 18502: obj =   1.313104744e+12 inf =   0.000e+00 (2466) 2
* 18732: obj =   1.313104744e+12 inf =   0.000e+00 (2458) 2
* 18961: obj =   1.313104744e+12 inf =   0.000e+00 (2456) 2
* 19188: obj =   1.313104744e+12 inf =   0.000e+00 (2466) 3
* 19418: obj =   1.313104744e+12 inf =   0.000e+00 (2467) 2
* 19648: obj =   1.313104744e+12 inf =   0.000e+00 (2477) 2
* 19876: obj =   1.313104744e+12 inf =   0.000e+00 (2494) 2
* 20106: obj =   1.313104744e+12 inf =   0.000e+00 (2500) 2
* 20332: obj =   1.313104744e+12 inf =   0.000e+00 (2506) 3
* 20561: obj =   1.313104744e+12 inf =   0.000e+00 (2515) 2
* 20789: obj =   1.313104744e+12 inf =   0.000e+00 (2520) 2
* 21016: obj =   1.313104744e+12 inf =   0.000e+00 (2525) 2
* 21245: obj =   1.313104744e+12 inf =   0.000e+00 (2534) 2
* 21469: obj =   1.313104744e+12 inf =   0.000e+00 (2540) 3
* 21697: obj =   1.313104744e+12 inf =   0.000e+00 (2533) 2
* 21924: obj =   1.313104744e+12 inf =   0.000e+00 (2536) 2
* 22153: obj =   1.313104744e+12 inf =   0.000e+00 (2545) 2
* 22381: obj =   1.313104744e+12 inf =   0.000e+00 (2547) 2
* 22604: obj =   1.313104744e+12 inf =   0.000e+00 (2558) 3
* 22831: obj =   1.313104744e+12 inf =   0.000e+00 (2568) 2
* 23058: obj =   1.313104744e+12 inf =   0.000e+00 (2571) 2
* 23286: obj =   1.313104744e+12 inf =   0.000e+00 (2584) 2
* 23513: obj =   1.313104744e+12 inf =   0.000e+00 (2568) 2
* 23737: obj =   1.313104744e+12 inf =   0.000e+00 (2582) 3
* 23963: obj =   1.313104744e+12 inf =   0.000e+00 (2582) 2
* 24191: obj =   1.313104744e+12 inf =   0.000e+00 (2587) 2
* 24418: obj =   1.313104744e+12 inf =   0.000e+00 (2597) 2
* 24644: obj =   1.313104744e+12 inf =   0.000e+00 (2595) 2
* 24870: obj =   1.313104744e+12 inf =   0.000e+00 (2597) 3
* 25097: obj =   1.313104744e+12 inf =   0.000e+00 (2607) 2
* 25324: obj =   1.313104744e+12 inf =   0.000e+00 (2622) 2
* 25551: obj =   1.313104744e+12 inf =   0.000e+00 (2632) 2
* 25777: obj =   1.313104744e+12 inf =   0.000e+00 (2616) 2
* 26002: obj =   1.313104744e+12 inf =   0.000e+00 (2622) 3
* 26230: obj =   1.313104744e+12 inf =   0.000e+00 (2651) 2
* 26457: obj =   1.313104744e+12 inf =   0.000e+00 (2653) 2
* 26683: obj =   1.313104744e+12 inf =   0.000e+00 (2665) 2
* 26908: obj =   1.313104744e+12 inf =   0.000e+00 (2668) 2
* 27135: obj =   1.313104744e+12 inf =   0.000e+00 (2677) 2
* 27358: obj =   1.313104744e+12 inf =   0.000e+00 (2681) 3
* 27584: obj =   1.313104744e+12 inf =   0.000e+00 (2690) 2
* 27809: obj =   1.313104744e+12 inf =   0.000e+00 (2694) 2
* 28035: obj =   1.313104744e+12 inf =   0.000e+00 (2690) 2
* 28260: obj =   1.313104744e+12 inf =   0.000e+00 (2685) 3
* 28487: obj =   1.313104744e+12 inf =   0.000e+00 (2679) 2
* 28713: obj =   1.313104744e+12 inf =   0.000e+00 (2698) 2
* 28937: obj =   1.313104744e+12 inf =   0.000e+00 (2693) 2
* 29163: obj =   1.313104744e+12 inf =   0.000e+00 (2727) 2
* 29385: obj =   1.313104744e+12 inf =   0.000e+00 (2724) 3
* 29610: obj =   1.313104744e+12 inf =   0.000e+00 (2739) 2
* 29834: obj =   1.313104744e+12 inf =   0.000e+00 (2751) 2
* 30059: obj =   1.313104744e+12 inf =   0.000e+00 (2743) 2
* 30276: obj =   1.290725346e+12 inf =   0.000e+00 (14899) 2
* 30383: obj =   1.290725346e+12 inf =   0.000e+00 (14889) 2
* 30538: obj =   1.290725346e+12 inf =   0.000e+00 (14856) 1
* 30684: obj =   1.290725346e+12 inf =   4.059e-16 (14833) 2
* 30837: obj =   1.290725346e+12 inf =   0.000e+00 (14808) 1
* 30987: obj =   1.290725346e+12 inf =   0.000e+00 (14788) 2
* 31143: obj =   1.290725346e+12 inf =   0.000e+00 (14796) 1
* 31290: obj =   1.290725346e+12 inf =   0.000e+00 (14790) 2
* 31447: obj =   1.290725346e+12 inf =   0.000e+00 (14775) 1
* 31593: obj =   1.290725346e+12 inf =   0.000e+00 (14749) 2
* 31750: obj =   1.290725346e+12 inf =   4.795e-15 (14740) 1
* 31896: obj =   1.290725346e+12 inf =   1.041e-17 (14700) 2
* 32055: obj =   1.290725346e+12 inf =   1.041e-17 (14662) 1
* 32199: obj =   1.290725346e+12 inf =   1.041e-17 (14636) 2
* 32358: obj =   1.290725346e+12 inf =   1.041e-17 (14625) 1
* 32502: obj =   1.290725345e+12 inf =   1.102e-04 (14604) 2
* 32658: obj =   1.290725342e+12 inf =   8.170e-04 (14574) 1
* 32805: obj =   1.290725339e+12 inf =   1.576e-03 (14555) 2
* 32963: obj =   1.290725329e+12 inf =   4.117e-03 (14557) 1
* 33109: obj =   1.290725312e+12 inf =   8.574e-03 (14551) 2
* 33259: obj =   1.290725283e+12 inf =   1.578e-02 (14553) 1
* 33412: obj =   1.290725258e+12 inf =   2.105e-02 (14530) 2
* 33563: obj =   1.290725221e+12 inf =   2.958e-02 (14509) 1
* 33715: obj =   1.290725210e+12 inf =   3.206e-02 (14493) 2
* 33879: obj =   1.290725198e+12 inf =   3.341e-02 (14477) 1
* 34018: obj =   1.290725176e+12 inf =   3.572e-02 (14473) 2
* 34175: obj =   1.290725135e+12 inf =   4.358e-02 (14465) 1
* 34321: obj =   1.290725111e+12 inf =   4.833e-02 (14426) 2
* 34477: obj =   1.290725078e+12 inf =   5.467e-02 (14427) 1
* 34624: obj =   1.290725037e+12 inf =   6.222e-02 (14413) 2
* 34780: obj =   1.290725023e+12 inf =   6.478e-02 (14383) 1
* 34927: obj =   1.290724987e+12 inf =   7.145e-02 (14371) 2
* 35081: obj =   1.290724954e+12 inf =   7.765e-02 (14367) 1
* 35230: obj =   1.290724938e+12 inf =   8.095e-02 (14363) 2
* 35382: obj =   1.290724917e+12 inf =   8.312e-02 (14349) 1
* 35529: obj =   1.290724877e+12 inf =   9.064e-02 (14351) 1
* 35634: obj =   1.290724873e+12 inf =   9.147e-02 (14336) 2
* 35777: obj =   1.290724764e+12 inf =   1.121e-01 (14332) 1
* 35917: obj =   1.290724710e+12 inf =   1.237e-01 (14329) 1
* 36038: obj =   1.290724639e+12 inf =   1.387e-01 (14330) 2
* 36185: obj =   1.290724586e+12 inf =   1.512e-01 (14280) 1
* 36332: obj =   1.290724536e+12 inf =   1.619e-01 (14265) 1
* 36442: obj =   1.290724512e+12 inf =   1.663e-01 (14272) 2
* 36600: obj =   1.290724492e+12 inf =   1.690e-01 (14270) 1
* 36745: obj =   1.290724475e+12 inf =   1.706e-01 (14270) 2
* 36887: obj =   1.290724372e+12 inf =   1.840e-01 (14257) 1
* 37029: obj =   1.290724345e+12 inf =   1.874e-01 (14246) 1
* 37150: obj =   1.290724326e+12 inf =   1.905e-01 (14214) 2
* 37305: obj =   1.290724315e+12 inf =   1.920e-01 (14176) 1
* 37447: obj =   1.290724210e+12 inf =   2.102e-01 (14179) 1
* 37554: obj =   1.290724115e+12 inf =   2.282e-01 (14172) 2
* 37692: obj =   1.290724080e+12 inf =   2.353e-01 (14156) 1
* 37829: obj =   1.290724070e+12 inf =   2.370e-01 (14156) 1
* 37958: obj =   1.290724028e+12 inf =   2.448e-01 (14158) 2
* 38097: obj =   1.290723919e+12 inf =   2.659e-01 (14136) 1
* 38243: obj =   1.290723912e+12 inf =   2.668e-01 (14114) 1
* 38362: obj =   1.290723833e+12 inf =   2.800e-01 (14104) 2
* 38499: obj =   1.290723831e+12 inf =   2.801e-01 (14090) 1
* 38645: obj =   1.290723824e+12 inf =   2.809e-01 (14078) 1
* 38766: obj =   1.290723814e+12 inf =   2.818e-01 (14078) 2
* 38905: obj =   1.290723808e+12 inf =   2.825e-01 (14058) 1
* 39048: obj =   1.290723770e+12 inf =   2.890e-01 (14060) 1
* 39170: obj =   1.290723700e+12 inf =   3.029e-01 (14058) 2
* 39306: obj =   1.290723658e+12 inf =   3.115e-01 (14044) 1
* 39443: obj =   1.290723620e+12 inf =   3.178e-01 (14039) 1
* 39574: obj =   1.290723607e+12 inf =   3.200e-01 (14021) 2
* 39725: obj =   1.290723605e+12 inf =   3.194e-01 (14004) 1
* 39870: obj =   1.290723589e+12 inf =   3.216e-01 (13997) 1
* 39978: obj =   1.290723574e+12 inf =   3.230e-01 (14004) 2
* 40116: obj =   1.290723502e+12 inf =   3.310e-01 (14018) 1
* 40256: obj =   1.290723429e+12 inf =   3.398e-01 (13983) 1
* 40382: obj =   1.290723428e+12 inf =   3.394e-01 (13971) 2
* 40518: obj =   1.290723351e+12 inf =   3.503e-01 (13984) 1
* 40658: obj =   1.290723336e+12 inf =   3.530e-01 (13981) 1
* 40786: obj =   1.290723321e+12 inf =   3.533e-01 (13963) 2
* 40924: obj =   1.290723191e+12 inf =   3.655e-01 (13953) 1
* 41064: obj =   1.290723081e+12 inf =   3.787e-01 (13953) 1
* 41191: obj =   1.290723077e+12 inf =   3.793e-01 (13935) 2
* 41335: obj =   1.290723070e+12 inf =   3.802e-01 (13918) 1
* 41470: obj =   1.290723005e+12 inf =   3.948e-01 (13918) 1
* 41595: obj =   1.290722983e+12 inf =   4.004e-01 (13893) 2
* 41726: obj =   1.290722951e+12 inf =   4.081e-01 (13884) 1
* 41868: obj =   1.290722946e+12 inf =   4.085e-01 (13888) 1
* 41999: obj =   1.290722946e+12 inf =   4.080e-01 (13878) 2
* 42135: obj =   1.290722882e+12 inf =   4.159e-01 (13868) 1
* 42271: obj =   1.290722850e+12 inf =   4.231e-01 (13858) 1
* 42403: obj =   1.290722841e+12 inf =   4.242e-01 (13848) 2
* 42546: obj =   1.290722834e+12 inf =   4.247e-01 (13828) 1
* 42686: obj =   1.290722823e+12 inf =   4.260e-01 (13813) 1
* 42807: obj =   1.290722803e+12 inf =   4.282e-01 (13809) 2
* 42943: obj =   1.290722790e+12 inf =   4.298e-01 (13774) 1
* 43077: obj =   1.290722772e+12 inf =   4.322e-01 (13769) 1
* 43209: obj =   1.290722701e+12 inf =   4.430e-01 (13784) 1
* 43312: obj =   1.290722700e+12 inf =   4.425e-01 (13774) 2
* 43446: obj =   1.290722616e+12 inf =   4.548e-01 (13792) 1
* 43579: obj =   1.290722533e+12 inf =   4.694e-01 (13766) 1
* 43709: obj =   1.290722528e+12 inf =   4.698e-01 (13764) 1
* 43817: obj =   1.290722526e+12 inf =   4.696e-01 (13739) 2
* 43948: obj =   1.290722410e+12 inf =   4.911e-01 (13723) 1
* 44079: obj =   1.290722337e+12 inf =   5.028e-01 (13722) 1
* 44212: obj =   1.290722249e+12 inf =   5.195e-01 (13708) 1
* 44322: obj =   1.290722206e+12 inf =   5.267e-01 (13696) 2
* 44454: obj =   1.290722166e+12 inf =   5.339e-01 (13702) 1
* 44588: obj =   1.290722158e+12 inf =   5.345e-01 (13702) 1
* 44724: obj =   1.290722145e+12 inf =   5.367e-01 (13725) 1
* 44827: obj =   1.290722132e+12 inf =   5.389e-01 (13686) 2
* 44966: obj =   1.290722120e+12 inf =   5.393e-01 (13684) 1
* 45106: obj =   1.290722066e+12 inf =   5.447e-01 (13683) 1
* 45231: obj =   1.290722046e+12 inf =   5.447e-01 (13683) 2
* 45359: obj =   1.290721922e+12 inf =   5.482e-01 (13681) 1
* 45482: obj =   1.290721754e+12 inf =   5.597e-01 (13687) 1
* 45608: obj =   1.290721642e+12 inf =   5.678e-01 (13663) 1
* 45733: obj =   1.290721536e+12 inf =   5.815e-01 (13661) 1
* 45837: obj =   1.290721471e+12 inf =   5.908e-01 (13674) 2
* 45961: obj =   1.290721338e+12 inf =   6.066e-01 (13661) 1
* 46085: obj =   1.290721166e+12 inf =   6.274e-01 (13653) 1
* 46213: obj =   1.290721113e+12 inf =   6.332e-01 (13656) 1
* 46342: obj =   1.290721067e+12 inf =   6.377e-01 (13648) 2
* 46471: obj =   1.290721038e+12 inf =   6.403e-01 (13650) 1
* 46601: obj =   1.290721031e+12 inf =   6.414e-01 (13655) 1
* 46726: obj =   1.290721027e+12 inf =   6.419e-01 (13653) 1
* 46848: obj =   1.290721026e+12 inf =   6.418e-01 (13624) 2
* 46983: obj =   1.290721025e+12 inf =   6.413e-01 (13586) 1
* 47112: obj =   1.290720953e+12 inf =   6.479e-01 (13578) 1
* 47242: obj =   1.290720911e+12 inf =   6.558e-01 (13567) 1
* 47354: obj =   1.290720872e+12 inf =   6.612e-01 (13570) 2
* 47493: obj =   1.290720871e+12 inf =   6.604e-01 (13558) 1
* 47617: obj =   1.290720769e+12 inf =   6.667e-01 (13559) 1
* 47740: obj =   1.290720734e+12 inf =   6.696e-01 (13562) 1
* 47859: obj =   1.290720643e+12 inf =   6.861e-01 (13552) 2
* 47984: obj =   1.290720570e+12 inf =   6.999e-01 (13554) 1
* 48110: obj =   1.290720502e+12 inf =   7.127e-01 (13524) 1
* 48234: obj =   1.290720470e+12 inf =   7.185e-01 (13533) 1
* 48366: obj =   1.290720460e+12 inf =   7.193e-01 (13523) 2
* 48500: obj =   1.290720448e+12 inf =   7.205e-01 (13514) 1
* 48642: obj =   1.290720447e+12 inf =   7.194e-01 (13527) 1
* 48770: obj =   1.290720409e+12 inf =   7.217e-01 (13522) 2
* 48901: obj =   1.290720409e+12 inf =   7.214e-01 (13516) 1
* 49030: obj =   1.290720391e+12 inf =   7.215e-01 (13508) 1
* 49158: obj =   1.290720320e+12 inf =   7.234e-01 (13486) 1
* 49277: obj =   1.290720278e+12 inf =   7.251e-01 (13492) 2
* 49399: obj =   1.290720169e+12 inf =   7.374e-01 (13496) 1
* 49533: obj =   1.290720156e+12 inf =   7.379e-01 (13488) 1
* 49668: obj =   1.290720150e+12 inf =   7.380e-01 (13470) 1
* 49782: obj =   1.290720150e+12 inf =   7.372e-01 (13452) 2
* 49916: obj =   1.290720148e+12 inf =   7.365e-01 (13453) 1
* 50051: obj =   1.290720124e+12 inf =   7.369e-01 (13443) 1
* 50178: obj =   1.290720051e+12 inf =   7.407e-01 (13448) 1
* 50287: obj =   1.290720005e+12 inf =   7.453e-01 (13463) 2
* 50410: obj =   1.290719969e+12 inf =   7.478e-01 (13470) 1
* 50532: obj =   1.290719968e+12 inf =   7.478e-01 (13478) 1
* 50653: obj =   1.290719849e+12 inf =   7.500e-01 (13483) 1
* 50782: obj =   1.290719720e+12 inf =   7.529e-01 (13452) 1
* 50894: obj =   1.290719694e+12 inf =   7.538e-01 (13452) 2
* 51020: obj =   1.290719586e+12 inf =   7.589e-01 (13445) 1
* 51146: obj =   1.290719536e+12 inf =   7.624e-01 (13439) 1
* 51270: obj =   1.290719534e+12 inf =   7.624e-01 (13419) 1
* 51400: obj =   1.290719484e+12 inf =   7.671e-01 (13430) 2
* 51529: obj =   1.290719480e+12 inf =   7.674e-01 (13422) 1
* 51658: obj =   1.290719480e+12 inf =   7.667e-01 (13406) 1
* 51791: obj =   1.290719462e+12 inf =   7.671e-01 (13415) 1
* 51905: obj =   1.290719462e+12 inf =   7.668e-01 (13406) 2
* 52036: obj =   1.290719409e+12 inf =   7.703e-01 (13407) 1
* 52164: obj =   1.290719395e+12 inf =   7.721e-01 (13394) 1
* 52294: obj =   1.290719378e+12 inf =   7.727e-01 (13397) 1
* 52410: obj =   1.290719354e+12 inf =   7.738e-01 (13380) 2
* 52536: obj =   1.290719331e+12 inf =   7.779e-01 (13371) 1
* 52657: obj =   1.290719278e+12 inf =   7.878e-01 (13356) 1
* 52788: obj =   1.290719259e+12 inf =   7.906e-01 (13350) 1
* 52915: obj =   1.290719246e+12 inf =   7.906e-01 (13343) 2
* 53042: obj =   1.290719142e+12 inf =   7.962e-01 (13342) 1
* 53172: obj =   1.290719112e+12 inf =   7.980e-01 (13365) 1
* 53298: obj =   1.290719010e+12 inf =   8.061e-01 (13347) 1
* 53420: obj =   1.290718975e+12 inf =   8.086e-01 (13317) 2
* 53547: obj =   1.290718956e+12 inf =   8.093e-01 (13332) 1
* 53665: obj =   1.290718899e+12 inf =   8.205e-01 (13323) 1
* 53783: obj =   1.290718859e+12 inf =   8.303e-01 (13321) 1
* 53901: obj =   1.290718859e+12 inf =   8.295e-01 (13322) 1
* 54026: obj =   1.290718858e+12 inf =   8.288e-01 (13330) 2
* 54147: obj =   1.290718814e+12 inf =   8.395e-01 (13329) 1
* 54265: obj =   1.290718709e+12 inf =   8.629e-01 (13325) 1
* 54396: obj =   1.290718707e+12 inf =   8.628e-01 (13297) 1
* 54525: obj =   1.290718705e+12 inf =   8.623e-01 (13323) 1
* 54633: obj =   1.290718646e+12 inf =   8.655e-01 (13325) 2
* 54759: obj =   1.290718645e+12 inf =   8.651e-01 (13328) 1
* 54878: obj =   1.290718563e+12 inf =   8.819e-01 (13331) 1
* 54993: obj =   1.290718492e+12 inf =   9.021e-01 (13334) 1
* 55112: obj =   1.290718428e+12 inf =   9.197e-01 (13319) 1
* 55240: obj =   1.290718415e+12 inf =   9.201e-01 (13316) 2
* 55362: obj =   1.290718398e+12 inf =   9.232e-01 (13321) 1
* 55480: obj =   1.290718388e+12 inf =   9.241e-01 (13312) 1
* 55600: obj =   1.290718388e+12 inf =   9.228e-01 (13313) 1
* 55728: obj =   1.290718388e+12 inf =   9.224e-01 (13301) 1
* 55846: obj =   1.290718286e+12 inf =   9.278e-01 (13309) 2
* 55972: obj =   1.290718275e+12 inf =   9.285e-01 (13296) 1
* 56098: obj =   1.290718219e+12 inf =   9.351e-01 (13287) 1
* 56215: obj =   1.290718192e+12 inf =   9.417e-01 (13261) 1
* 56332: obj =   1.290718177e+12 inf =   9.450e-01 (13239) 1
* 56450: obj =   1.290718175e+12 inf =   9.448e-01 (13238) 1
* 56554: obj =   1.290718170e+12 inf =   9.440e-01 (13248) 2
* 56674: obj =   1.290718075e+12 inf =   9.489e-01 (13246) 1
* 56789: obj =   1.290717958e+12 inf =   9.630e-01 (13248) 1
* 56905: obj =   1.290717866e+12 inf =   9.754e-01 (13242) 1
* 57017: obj =   1.290717805e+12 inf =   9.879e-01 (13240) 1
* 57137: obj =   1.290717788e+12 inf =   9.897e-01 (13217) 1
* 57257: obj =   1.290717773e+12 inf =   9.940e-01 (13200) 1
* 57362: obj =   1.290717770e+12 inf =   9.943e-01 (13189) 2
* 57480: obj =   1.290717770e+12 inf =   9.934e-01 (13185) 1
* 57602: obj =   1.290717762e+12 inf =   9.945e-01 (13175) 1
* 57728: obj =   1.290717762e+12 inf =   9.929e-01 (13181) 1
* 57858: obj =   1.290717762e+12 inf =   9.915e-01 (13184) 1
* 57968: obj =   1.290717755e+12 inf =   9.920e-01 (13203) 2
* 58091: obj =   1.290717738e+12 inf =   9.929e-01 (13188) 1
* 58216: obj =   1.290717732e+12 inf =   9.933e-01 (13189) 1
* 58332: obj =   1.290717623e+12 inf =   1.008e+00 (13186) 1
* 58444: obj =   1.290717583e+12 inf =   1.015e+00 (13180) 1
* 58566: obj =   1.290717579e+12 inf =   1.015e+00 (13178) 1
* 58677: obj =   1.290717576e+12 inf =   1.015e+00 (13162) 2
* 58807: obj =   1.290717576e+12 inf =   1.015e+00 (13163) 1
* 58932: obj =   1.290717573e+12 inf =   1.014e+00 (13169) 1
* 59054: obj =   1.290717570e+12 inf =   1.014e+00 (13167) 1
* 59176: obj =   1.290717552e+12 inf =   1.014e+00 (13142) 1
* 59283: obj =   1.290717518e+12 inf =   1.017e+00 (13148) 2
* 59398: obj =   1.290717411e+12 inf =   1.025e+00 (13150) 1
* 59525: obj =   1.290717409e+12 inf =   1.025e+00 (13160) 1
* 59653: obj =   1.290717407e+12 inf =   1.024e+00 (13145) 1
* 59773: obj =   1.290717401e+12 inf =   1.023e+00 (13142) 1
* 59889: obj =   1.290717368e+12 inf =   1.025e+00 (13135) 1
* 59992: obj =   1.290717366e+12 inf =   1.024e+00 (13135) 2
* 60118: obj =   1.290717344e+12 inf =   1.023e+00 (13153) 1
* 60243: obj =   1.290717332e+12 inf =   1.023e+00 (13125) 1
* 60369: obj =   1.290717324e+12 inf =   1.022e+00 (13144) 1
* 60492: obj =   1.290717319e+12 inf =   1.022e+00 (13119) 1
* 60599: obj =   1.290717255e+12 inf =   1.018e+00 (13128) 2
* 60718: obj =   1.290717218e+12 inf =   1.017e+00 (13117) 1
* 60842: obj =   1.290717203e+12 inf =   1.015e+00 (13115) 1
* 60966: obj =   1.290717197e+12 inf =   1.014e+00 (13125) 1
* 61089: obj =   1.290717177e+12 inf =   1.012e+00 (13107) 1
* 61205: obj =   1.290717133e+12 inf =   1.008e+00 (13106) 2
* 61326: obj =   1.290717119e+12 inf =   1.007e+00 (13116) 1
* 61444: obj =   1.290717066e+12 inf =   1.005e+00 (13095) 1
* 61558: obj =   1.290717024e+12 inf =   1.003e+00 (13086) 1
* 61681: obj =   1.290717008e+12 inf =   1.002e+00 (13057) 1
* 61803: obj =   1.290716994e+12 inf =   1.003e+00 (13062) 1
* 61913: obj =   1.290716962e+12 inf =   1.006e+00 (13062) 2
* 62040: obj =   1.290716960e+12 inf =   1.006e+00 (13033) 1
* 62162: obj =   1.290716914e+12 inf =   1.010e+00 (13048) 1
* 62279: obj =   1.290716868e+12 inf =   1.013e+00 (13036) 1
* 62396: obj =   1.290716824e+12 inf =   1.017e+00 (13026) 1
* 62507: obj =   1.290716738e+12 inf =   1.027e+00 (13040) 1
* 62621: obj =   1.290716729e+12 inf =   1.028e+00 (13047) 2
* 62743: obj =   1.290716693e+12 inf =   1.027e+00 (13038) 1
* 62862: obj =   1.290716590e+12 inf =   1.025e+00 (13038) 1
* 62983: obj =   1.290716572e+12 inf =   1.028e+00 (13022) 1
* 63105: obj =   1.290716554e+12 inf =   1.028e+00 (13014) 1
* 63217: obj =   1.290716500e+12 inf =   1.033e+00 (13018) 1
* 63328: obj =   1.290716409e+12 inf =   1.037e+00 (13027) 2
* 63448: obj =   1.290716341e+12 inf =   1.036e+00 (13026) 1
* 63567: obj =   1.290716269e+12 inf =   1.033e+00 (13023) 1
* 63686: obj =   1.290716244e+12 inf =   1.032e+00 (13011) 1
* 63804: obj =   1.290716217e+12 inf =   1.032e+00 (13009) 1
* 63925: obj =   1.290716217e+12 inf =   1.031e+00 (13021) 1
* 64035: obj =   1.290716217e+12 inf =   1.031e+00 (13023) 2
* 64153: obj =   1.290716165e+12 inf =   1.030e+00 (13008) 1
* 64271: obj =   1.290716107e+12 inf =   1.027e+00 (13014) 1
* 64390: obj =   1.290716073e+12 inf =   1.026e+00 (12998) 1
* 64512: obj =   1.290716044e+12 inf =   1.024e+00 (12998) 1
* 64628: obj =   1.290716000e+12 inf =   1.024e+00 (13010) 1
* 64735: obj =   1.290715955e+12 inf =   1.025e+00 (13004) 1
* 64842: obj =   1.290715910e+12 inf =   1.027e+00 (13003) 1
* 64944: obj =   1.290715896e+12 inf =   1.027e+00 (12998) 2
* 65068: obj =   1.290715890e+12 inf =   1.027e+00 (13023) 1
* 65181: obj =   1.290715821e+12 inf =   1.031e+00 (13025) 1
* 65304: obj =   1.290715811e+12 inf =   1.030e+00 (13009) 1
* 65427: obj =   1.290715809e+12 inf =   1.030e+00 (13005) 1
* 65545: obj =   1.290715793e+12 inf =   1.029e+00 (12988) 1
* 65651: obj =   1.290715743e+12 inf =   1.030e+00 (12996) 2
* 65772: obj =   1.290715722e+12 inf =   1.030e+00 (12995) 1
* 65885: obj =   1.290715650e+12 inf =   1.031e+00 (13005) 1
* 66007: obj =   1.290715639e+12 inf =   1.031e+00 (13005) 1
* 66126: obj =   1.290715613e+12 inf =   1.031e+00 (13015) 1
* 66239: obj =   1.290715572e+12 inf =   1.035e+00 (13025) 1
* 66351: obj =   1.290715560e+12 inf =   1.034e+00 (13023) 1
* 66458: obj =   1.290715463e+12 inf =   1.038e+00 (13020) 1
* 66563: obj =   1.290715402e+12 inf =   1.042e+00 (13011) 2
* 66683: obj =   1.290715366e+12 inf =   1.044e+00 (12994) 1
* 66800: obj =   1.290715365e+12 inf =   1.044e+00 (12986) 1
* 66918: obj =   1.290715365e+12 inf =   1.043e+00 (12993) 1
* 67041: obj =   1.290715361e+12 inf =   1.043e+00 (12991) 1
* 67158: obj =   1.290715309e+12 inf =   1.042e+00 (12979) 1
* 67270: obj =   1.290715278e+12 inf =   1.042e+00 (12967) 2
* 67389: obj =   1.290715247e+12 inf =   1.039e+00 (12955) 1
* 67507: obj =   1.290715203e+12 inf =   1.037e+00 (12968) 1
* 67626: obj =   1.290715193e+12 inf =   1.037e+00 (12978) 1
* 67737: obj =   1.290715148e+12 inf =   1.040e+00 (12977) 1
* 67845: obj =   1.290715067e+12 inf =   1.048e+00 (12987) 1
* 67968: obj =   1.290715065e+12 inf =   1.047e+00 (12968) 1
* 68078: obj =   1.290715049e+12 inf =   1.048e+00 (12962) 2
* 68200: obj =   1.290715048e+12 inf =   1.048e+00 (12922) 1
* 68308: obj =   1.290715012e+12 inf =   1.050e+00 (12945) 1
* 68419: obj =   1.290715001e+12 inf =   1.052e+00 (12930) 1
* 68534: obj =   1.290714991e+12 inf =   1.054e+00 (12925) 1
* 68645: obj =   1.290714967e+12 inf =   1.060e+00 (12934) 1
* 68756: obj =   1.290714965e+12 inf =   1.060e+00 (12934) 1
* 68872: obj =   1.290714964e+12 inf =   1.059e+00 (12910) 1
* 68988: obj =   1.290714962e+12 inf =   1.059e+00 (12915) 2
* 69104: obj =   1.290714952e+12 inf =   1.060e+00 (12944) 1
* 69224: obj =   1.290714948e+12 inf =   1.060e+00 (12919) 1
* 69331: obj =   1.290714930e+12 inf =   1.063e+00 (12929) 1
* 69440: obj =   1.290714900e+12 inf =   1.067e+00 (12929) 1
* 69547: obj =   1.290714838e+12 inf =   1.077e+00 (12934) 1
* 69655: obj =   1.290714775e+12 inf =   1.089e+00 (12933) 1
* 69778: obj =   1.290714771e+12 inf =   1.090e+00 (12919) 1
* 69897: obj =   1.290714771e+12 inf =   1.089e+00 (12921) 2
* 70023: obj =   1.290714770e+12 inf =   1.088e+00 (12908) 1
* 70137: obj =   1.290714750e+12 inf =   1.088e+00 (12917) 1
* 70250: obj =   1.290714708e+12 inf =   1.090e+00 (12912) 1
* 70367: obj =   1.290714706e+12 inf =   1.090e+00 (12901) 1
* 70486: obj =   1.290714697e+12 inf =   1.089e+00 (12866) 1
* 70604: obj =   1.290714693e+12 inf =   1.089e+00 (12869) 2
* 70727: obj =   1.290714683e+12 inf =   1.090e+00 (12868) 1
* 70849: obj =   1.290714675e+12 inf =   1.089e+00 (12885) 1
* 70960: obj =   1.290714641e+12 inf =   1.089e+00 (12885) 1
* 71067: obj =   1.290714601e+12 inf =   1.090e+00 (12896) 1
* 71186: obj =   1.290714587e+12 inf =   1.090e+00 (12908) 1
* 71300: obj =   1.290714572e+12 inf =   1.090e+00 (12904) 1
* 71406: obj =   1.290714571e+12 inf =   1.090e+00 (12896) 1
* 71513: obj =   1.290714516e+12 inf =   1.094e+00 (12895) 2
* 71633: obj =   1.290714510e+12 inf =   1.093e+00 (12890) 1
* 71757: obj =   1.290714509e+12 inf =   1.093e+00 (12875) 1
* 71874: obj =   1.290714500e+12 inf =   1.093e+00 (12874) 1
* 71987: obj =   1.290714491e+12 inf =   1.093e+00 (12878) 1
* 72098: obj =   1.290714431e+12 inf =   1.100e+00 (12864) 1
* 72209: obj =   1.290714356e+12 inf =   1.108e+00 (12861) 1
* 72322: obj =   1.290714344e+12 inf =   1.109e+00 (12861) 2
* 72437: obj =   1.290714320e+12 inf =   1.110e+00 (12864) 1
* 72545: obj =   1.290714274e+12 inf =   1.117e+00 (12856) 1
* 72653: obj =   1.290714247e+12 inf =   1.122e+00 (12882) 1
* 72765: obj =   1.290714231e+12 inf =   1.125e+00 (12875) 1
* 72879: obj =   1.290714219e+12 inf =   1.127e+00 (12875) 1
* 72999: obj =   1.290714215e+12 inf =   1.127e+00 (12855) 1
* 73115: obj =   1.290714205e+12 inf =   1.127e+00 (12835) 1
* 73226: obj =   1.290714164e+12 inf =   1.127e+00 (12808) 1
* 73332: obj =   1.290714136e+12 inf =   1.128e+00 (12805) 2
* 73455: obj =   1.290714136e+12 inf =   1.127e+00 (12798) 1
* 73573: obj =   1.290714121e+12 inf =   1.128e+00 (12829) 1
* 73687: obj =   1.290714101e+12 inf =   1.131e+00 (12812) 1
* 73801: obj =   1.290714086e+12 inf =   1.133e+00 (12831) 1
* 73907: obj =   1.290714029e+12 inf =   1.138e+00 (12835) 1
* 74010: obj =   1.290713985e+12 inf =   1.144e+00 (12832) 1
* 74115: obj =   1.290713940e+12 inf =   1.151e+00 (12836) 1
* 74222: obj =   1.290713890e+12 inf =   1.157e+00 (12843) 1
* 74333: obj =   1.290713854e+12 inf =   1.159e+00 (12848) 1
* 74445: obj =   1.290713853e+12 inf =   1.159e+00 (12823) 2
* 74563: obj =   1.290713852e+12 inf =   1.159e+00 (12839) 1
* 74677: obj =   1.290713850e+12 inf =   1.159e+00 (12833) 1
* 74780: obj =   1.290713807e+12 inf =   1.160e+00 (12836) 1
* 74882: obj =   1.290713741e+12 inf =   1.163e+00 (12840) 1
* 74984: obj =   1.290713683e+12 inf =   1.167e+00 (12836) 1
* 75089: obj =   1.290713639e+12 inf =   1.170e+00 (12860) 1
* 75196: obj =   1.290713599e+12 inf =   1.173e+00 (12852) 1
* 75316: obj =   1.290713588e+12 inf =   1.173e+00 (12832) 1
* 75432: obj =   1.290713582e+12 inf =   1.175e+00 (12814) 1
* 75543: obj =   1.290713579e+12 inf =   1.175e+00 (12814) 1
* 75653: obj =   1.290713579e+12 inf =   1.175e+00 (12799) 1
* 75759: obj =   1.290713579e+12 inf =   1.174e+00 (12793) 2
* 75881: obj =   1.290713569e+12 inf =   1.173e+00 (12777) 1
* 75997: obj =   1.290713559e+12 inf =   1.172e+00 (12780) 1
* 76109: obj =   1.290713525e+12 inf =   1.170e+00 (12796) 1
* 76219: obj =   1.290713506e+12 inf =   1.170e+00 (12793) 1
* 76324: obj =   1.290713470e+12 inf =   1.174e+00 (12783) 1
* 76429: obj =   1.290713418e+12 inf =   1.181e+00 (12795) 1
* 76544: obj =   1.290713385e+12 inf =   1.185e+00 (12791) 1
* 76662: obj =   1.290713373e+12 inf =   1.184e+00 (12801) 1
* 76770: obj =   1.290713361e+12 inf =   1.183e+00 (12798) 2
* 76889: obj =   1.288592949e+12 inf =   1.181e+00 (12792) 1
* 77003: obj =   1.288592932e+12 inf =   1.184e+00 (12802) 1
* 77116: obj =   1.288592903e+12 inf =   1.188e+00 (12776) 1
* 77225: obj =   1.288592842e+12 inf =   1.186e+00 (12768) 1
* 77330: obj =   1.288592781e+12 inf =   1.186e+00 (12789) 1
* 77444: obj =   1.288592777e+12 inf =   1.185e+00 (12790) 1
* 77561: obj =   1.288592777e+12 inf =   1.184e+00 (12777) 1
* 77674: obj =   1.288592752e+12 inf =   1.183e+00 (12788) 1
* 77782: obj =   1.288592708e+12 inf =   1.181e+00 (12775) 2
* 77898: obj =   1.288592689e+12 inf =   1.180e+00 (12769) 1
* 78016: obj =   1.288592683e+12 inf =   1.180e+00 (12766) 1
* 78126: obj =   1.288592653e+12 inf =   1.179e+00 (12776) 1
* 78240: obj =   1.288592637e+12 inf =   1.179e+00 (12775) 1
* 78355: obj =   1.288592630e+12 inf =   1.178e+00 (12779) 1
* 78458: obj =   1.288592579e+12 inf =   1.185e+00 (12793) 1
* 78564: obj =   1.288592545e+12 inf =   1.189e+00 (12791) 1
* 78681: obj =   1.288592527e+12 inf =   1.188e+00 (12762) 1
* 78792: obj =   1.288592520e+12 inf =   1.188e+00 (12755) 2
* 78902: obj =   1.288592492e+12 inf =   1.193e+00 (12755) 1
* 79011: obj =   1.288592451e+12 inf =   1.195e+00 (12730) 1
* 79120: obj =   1.288592398e+12 inf =   1.200e+00 (12720) 1
* 79237: obj =   1.288592392e+12 inf =   1.200e+00 (12712) 1
* 79356: obj =   1.288592376e+12 inf =   1.200e+00 (12727) 1
* 79474: obj =   1.288592376e+12 inf =   1.200e+00 (12744) 1
* 79590: obj =   1.288592365e+12 inf =   1.200e+00 (12739) 1
* 79701: obj =   1.288592360e+12 inf =   1.200e+00 (12749) 2
* 79812: obj =   1.288592332e+12 inf =   1.199e+00 (12749) 1
* 79927: obj =   1.288592332e+12 inf =   1.198e+00 (12722) 1
* 80042: obj =   1.288592316e+12 inf =   1.197e+00 (12714) 1
* 80158: obj =   1.288592304e+12 inf =   1.196e+00 (12704) 1
* 80270: obj =   1.288592295e+12 inf =   1.198e+00 (12716) 1
* 80384: obj =   1.288592283e+12 inf =   1.200e+00 (12698) 1
* 80498: obj =   1.288592271e+12 inf =   1.200e+00 (12697) 1
* 80610: obj =   1.288592256e+12 inf =   1.200e+00 (12687) 2
* 80723: obj =   1.288592230e+12 inf =   1.200e+00 (12676) 1
* 80834: obj =   1.288592189e+12 inf =   1.201e+00 (12698) 1
* 80944: obj =   1.288592145e+12 inf =   1.203e+00 (12687) 1
* 81059: obj =   1.288592144e+12 inf =   1.202e+00 (12679) 1
* 81166: obj =   1.288592130e+12 inf =   1.203e+00 (12668) 1
* 81277: obj =   1.288592098e+12 inf =   1.208e+00 (12658) 1
* 81390: obj =   1.288592093e+12 inf =   1.208e+00 (12659) 1
* 81503: obj =   1.288592080e+12 inf =   1.208e+00 (12630) 1
* 81614: obj =   1.288592065e+12 inf =   1.211e+00 (12648) 1
* 81722: obj =   1.288592048e+12 inf =   1.214e+00 (12642) 2
* 81823: obj =   1.288592009e+12 inf =   1.218e+00 (12654) 1
* 81928: obj =   1.288591994e+12 inf =   1.221e+00 (12659) 1
* 82041: obj =   1.288591992e+12 inf =   1.220e+00 (12651) 1
* 82149: obj =   1.288591965e+12 inf =   1.224e+00 (12652) 1
* 82261: obj =   1.288591943e+12 inf =   1.226e+00 (12630) 1
* 82380: obj =   1.288591943e+12 inf =   1.225e+00 (12619) 1
* 82495: obj =   1.288591943e+12 inf =   1.223e+00 (12639) 1
* 82600: obj =   1.288591940e+12 inf =   1.222e+00 (12647) 1
* 82708: obj =   1.288591937e+12 inf =   1.223e+00 (12651) 1
* 82816: obj =   1.288591937e+12 inf =   1.222e+00 (12641) 1
* 82923: obj =   1.288591937e+12 inf =   1.221e+00 (12629) 1
* 83032: obj =   1.288591935e+12 inf =   1.221e+00 (12616) 1
* 83136: obj =   1.288591915e+12 inf =   1.222e+00 (12598) 2
* 83242: obj =   1.288591897e+12 inf =   1.223e+00 (12616) 1
* 83354: obj =   1.288591887e+12 inf =   1.224e+00 (12605) 1
* 83463: obj =   1.288591870e+12 inf =   1.227e+00 (12609) 1
* 83580: obj =   1.288591868e+12 inf =   1.227e+00 (12613) 1
* 83692: obj =   1.288591858e+12 inf =   1.226e+00 (12626) 1
* 83804: obj =   1.288591834e+12 inf =   1.223e+00 (12629) 1
* 83912: obj =   1.288591813e+12 inf =   1.221e+00 (12613) 1
* 84024: obj =   1.288591813e+12 inf =   1.219e+00 (12619) 1
* 84135: obj =   1.288591795e+12 inf =   1.219e+00 (12576) 1
* 84245: obj =   1.288591787e+12 inf =   1.220e+00 (12584) 1
* 84348: obj =   1.288591779e+12 inf =   1.221e+00 (12581) 2
* 84462: obj =   1.288591775e+12 inf =   1.220e+00 (12583) 1
* 84576: obj =   1.288591770e+12 inf =   1.219e+00 (12565) 1
* 84682: obj =   1.288591728e+12 inf =   1.218e+00 (12572) 1
* 84786: obj =   1.288591700e+12 inf =   1.218e+00 (12582) 1
* 84888: obj =   1.288591647e+12 inf =   1.221e+00 (12581) 1
* 84986: obj =   1.288591597e+12 inf =   1.225e+00 (12576) 1
* 85082: obj =   1.288591554e+12 inf =   1.231e+00 (12585) 1
* 85185: obj =   1.288591538e+12 inf =   1.233e+00 (12571) 1
* 85286: obj =   1.288591535e+12 inf =   1.233e+00 (12567) 1
* 85398: obj =   1.288591530e+12 inf =   1.232e+00 (12559) 1
* 85507: obj =   1.288591528e+12 inf =   1.232e+00 (12568) 1
* 85614: obj =   1.288591506e+12 inf =   1.228e+00 (12572) 1
* 85728: obj =   1.288591505e+12 inf =   1.228e+00 (12559) 1
* 85842: obj =   1.288591504e+12 inf =   1.228e+00 (12559) 1
* 85952: obj =   1.288591493e+12 inf =   1.227e+00 (12574) 1
* 86062: obj =   1.288591493e+12 inf =   1.227e+00 (12562) 1
* 86167: obj =   1.288591479e+12 inf =   1.226e+00 (12553) 2
* 86277: obj =   1.288591477e+12 inf =   1.226e+00 (12554) 1
* 86387: obj =   1.288591468e+12 inf =   1.224e+00 (12546) 1
* 86491: obj =   1.288591452e+12 inf =   1.221e+00 (12556) 1
* 86594: obj =   1.288591422e+12 inf =   1.219e+00 (12544) 1
* 86703: obj =   1.288591402e+12 inf =   1.219e+00 (12561) 1
* 86817: obj =   1.288591392e+12 inf =   1.217e+00 (12549) 1
* 86932: obj =   1.288591387e+12 inf =   1.217e+00 (12534) 1
* 87044: obj =   1.288591386e+12 inf =   1.218e+00 (12562) 1
* 87151: obj =   1.288591370e+12 inf =   1.216e+00 (12547) 1
* 87258: obj =   1.288591366e+12 inf =   1.216e+00 (12537) 1
* 87367: obj =   1.288591354e+12 inf =   1.214e+00 (12510) 1
* 87466: obj =   1.288591337e+12 inf =   1.212e+00 (12508) 1
* 87574: obj =   1.288591325e+12 inf =   1.209e+00 (12526) 1
* 87685: obj =   1.288591325e+12 inf =   1.208e+00 (12523) 1
* 87789: obj =   1.288591317e+12 inf =   1.207e+00 (12515) 2
* 87892: obj =   1.288591304e+12 inf =   1.204e+00 (12521) 1
* 87999: obj =   1.288591288e+12 inf =   1.202e+00 (12504) 1
* 88106: obj =   1.288591276e+12 inf =   1.200e+00 (12507) 1
* 88216: obj =   1.288591269e+12 inf =   1.200e+00 (12533) 1
* 88312: obj =   1.288591220e+12 inf =   1.203e+00 (12533) 1
* 88407: obj =   1.288591182e+12 inf =   1.207e+00 (12521) 1
* 88513: obj =   1.288591163e+12 inf =   1.208e+00 (12505) 1
* 88623: obj =   1.288591158e+12 inf =   1.206e+00 (12492) 1
* 88735: obj =   1.288591150e+12 inf =   1.205e+00 (12509) 1
* 88836: obj =   1.288591130e+12 inf =   1.206e+00 (12518) 1
* 88932: obj =   1.288591096e+12 inf =   1.210e+00 (12517) 1
* 89033: obj =   1.288591096e+12 inf =   1.210e+00 (12526) 1
* 89142: obj =   1.288591096e+12 inf =   1.210e+00 (12493) 1
* 89251: obj =   1.288591090e+12 inf =   1.209e+00 (12492) 1
* 89355: obj =   1.288591058e+12 inf =   1.202e+00 (12492) 1
* 89462: obj =   1.288591045e+12 inf =   1.201e+00 (12487) 1
* 89568: obj =   1.288591034e+12 inf =   1.200e+00 (12483) 1
* 89671: obj =   1.288591016e+12 inf =   1.200e+00 (12479) 1
* 89777: obj =   1.288590993e+12 inf =   1.200e+00 (12492) 1
* 89896: obj =   1.283832356e+12 inf =   1.198e+00 (12549) 1
* 90026: obj =   1.259156934e+12 inf =   1.198e+00 (12637) 1
* 90128: obj =   1.259156922e+12 inf =   1.195e+00 (12629) 1
* 90228: obj =   1.259156876e+12 inf =   1.183e+00 (12630) 1
* 90335: obj =   1.259156871e+12 inf =   1.182e+00 (12633) 1
* 90438: obj =   1.259156834e+12 inf =   1.176e+00 (12627) 1
* 90537: obj =   1.259156801e+12 inf =   1.172e+00 (12626) 1
* 90640: obj =   1.259156794e+12 inf =   1.170e+00 (12606) 1
* 90750: obj =   1.259156790e+12 inf =   1.170e+00 (12592) 1
* 90858: obj =   1.259156782e+12 inf =   1.169e+00 (12585) 1
* 90967: obj =   1.259156778e+12 inf =   1.168e+00 (12575) 1
* 91072: obj =   1.259156776e+12 inf =   1.167e+00 (12585) 1
* 91175: obj =   1.259156749e+12 inf =   1.164e+00 (12575) 1
* 91285: obj =   1.259156748e+12 inf =   1.164e+00 (12571) 1
* 91387: obj =   1.259156743e+12 inf =   1.163e+00 (12568) 2
* 91495: obj =   1.259156734e+12 inf =   1.162e+00 (12590) 1
* 91602: obj =   1.259156731e+12 inf =   1.162e+00 (12570) 1
* 91712: obj =   1.259156730e+12 inf =   1.162e+00 (12564) 1
* 91817: obj =   1.259156725e+12 inf =   1.161e+00 (12563) 1
* 91922: obj =   1.259156718e+12 inf =   1.160e+00 (12560) 1
* 92027: obj =   1.259156700e+12 inf =   1.158e+00 (12557) 1
* 92128: obj =   1.259156673e+12 inf =   1.156e+00 (12562) 1
* 92237: obj =   1.259156662e+12 inf =   1.155e+00 (12522) 1
* 92346: obj =   1.259156654e+12 inf =   1.152e+00 (12520) 1
* 92452: obj =   1.259156631e+12 inf =   1.147e+00 (12501) 1
* 92562: obj =   1.259156628e+12 inf =   1.147e+00 (12484) 1
* 92669: obj =   1.259156622e+12 inf =   1.146e+00 (12491) 1
* 92778: obj =   1.259156615e+12 inf =   1.144e+00 (12497) 1
* 92888: obj =   1.259156609e+12 inf =   1.142e+00 (12488) 1
* 92998: obj =   1.259156603e+12 inf =   1.140e+00 (12504) 1
* 93105: obj =   1.259156597e+12 inf =   1.140e+00 (12490) 1
* 93207: obj =   1.259156579e+12 inf =   1.139e+00 (12460) 2
* 93316: obj =   1.259156577e+12 inf =   1.139e+00 (12452) 1
* 93427: obj =   1.259156563e+12 inf =   1.136e+00 (12450) 1
* 93534: obj =   1.259126176e+12 inf =   1.136e+00 (12448) 1
* 93640: obj =   1.259126176e+12 inf =   1.135e+00 (12446) 1
* 93736: obj =   1.259126165e+12 inf =   1.130e+00 (12422) 1
* 93832: obj =   1.259126131e+12 inf =   1.121e+00 (12414) 1
* 93932: obj =   1.259126118e+12 inf =   1.117e+00 (12407) 1
* 94033: obj =   1.259012854e+12 inf =   1.116e+00 (12416) 1
* 94132: obj =   1.259012840e+12 inf =   1.113e+00 (12414) 1
* 94232: obj =   1.259012829e+12 inf =   1.112e+00 (12403) 1
* 94340: obj =   1.259012826e+12 inf =   1.112e+00 (12370) 1
* 94439: obj =   1.259012814e+12 inf =   1.114e+00 (12386) 1
* 94541: obj =   1.259012802e+12 inf =   1.110e+00 (12392) 1
* 94651: obj =   1.259012754e+12 inf =   1.109e+00 (12403) 1
* 94754: obj =   1.259012751e+12 inf =   1.109e+00 (12404) 1
* 94857: obj =   1.259012750e+12 inf =   1.109e+00 (12414) 1
* 94959: obj =   1.259012742e+12 inf =   1.110e+00 (12399) 1
* 95061: obj =   1.259012733e+12 inf =   1.110e+00 (12407) 1
* 95161: obj =   1.259012717e+12 inf =   1.110e+00 (12406) 1
* 95267: obj =   1.259012713e+12 inf =   1.109e+00 (12399) 1
* 95370: obj =   1.259012696e+12 inf =   1.108e+00 (12397) 1
* 95477: obj =   1.259012679e+12 inf =   1.106e+00 (12390) 1
* 95584: obj =   1.259012647e+12 inf =   1.106e+00 (12388) 1
* 95693: obj =   1.259012626e+12 inf =   1.104e+00 (12356) 1
* 95795: obj =   1.259012623e+12 inf =   1.105e+00 (12353) 1
* 95904: obj =   1.259012528e+12 inf =   1.104e+00 (12376) 1
* 96033: obj =   1.247698640e+12 inf =   1.102e+00 (12438) 1
* 96137: obj =   1.247626295e+12 inf =   1.101e+00 (12457) 1
* 96237: obj =   1.247626276e+12 inf =   1.101e+00 (12433) 1
* 96338: obj =   1.247626267e+12 inf =   1.102e+00 (12452) 1
* 96444: obj =   1.247626238e+12 inf =   1.098e+00 (12417) 1
* 96546: obj =   1.247626228e+12 inf =   1.096e+00 (12422) 1
* 96649: obj =   1.247626221e+12 inf =   1.094e+00 (12415) 1
* 96755: obj =   1.247626171e+12 inf =   1.094e+00 (12425) 1
* 96851: obj =   1.247626155e+12 inf =   1.089e+00 (12411) 1
* 96948: obj =   1.247626146e+12 inf =   1.086e+00 (12396) 1
* 97049: obj =   1.247626104e+12 inf =   1.084e+00 (12410) 1
* 97150: obj =   1.247626087e+12 inf =   1.085e+00 (12387) 1
* 97254: obj =   1.247626081e+12 inf =   1.084e+00 (12393) 1
* 97352: obj =   1.247626048e+12 inf =   1.086e+00 (12382) 1
* 97455: obj =   1.247626041e+12 inf =   1.083e+00 (12379) 1
* 97556: obj =   1.247626015e+12 inf =   1.085e+00 (12375) 1
* 97647: obj =   1.247625990e+12 inf =   1.091e+00 (12370) 1
* 97753: obj =   1.245856569e+12 inf =   1.089e+00 (12361) 1
* 97857: obj =   1.245856564e+12 inf =   1.088e+00 (12346) 1
* 97962: obj =   1.245856563e+12 inf =   1.088e+00 (12354) 1
* 98069: obj =   1.245856563e+12 inf =   1.088e+00 (12355) 1
* 98171: obj =   1.245835915e+12 inf =   1.090e+00 (12354) 1
* 98270: obj =   1.245835906e+12 inf =   1.087e+00 (12356) 1
* 98374: obj =   1.245835895e+12 inf =   1.084e+00 (12350) 1
* 98467: obj =   1.245835860e+12 inf =   1.080e+00 (12360) 1
* 98568: obj =   1.245835857e+12 inf =   1.079e+00 (12337) 1
* 98676: obj =   1.245835849e+12 inf =   1.077e+00 (12335) 1
* 98781: obj =   1.245835831e+12 inf =   1.070e+00 (12339) 1
* 98884: obj =   1.218177755e+12 inf =   1.070e+00 (12307) 1
* 98989: obj =   1.218177753e+12 inf =   1.069e+00 (12308) 1
* 99093: obj =   1.218177751e+12 inf =   1.068e+00 (12304) 1
* 99197: obj =   1.218177741e+12 inf =   1.064e+00 (12288) 1
* 99295: obj =   1.218177732e+12 inf =   1.063e+00 (12296) 1
* 99396: obj =   1.218177729e+12 inf =   1.062e+00 (12310) 1
* 99486: obj =   1.218177701e+12 inf =   1.063e+00 (12318) 1
* 99581: obj =   1.218177699e+12 inf =   1.063e+00 (12331) 1
* 99687: obj =   1.218177697e+12 inf =   1.062e+00 (12290) 1
* 99792: obj =   1.218177697e+12 inf =   1.062e+00 (12286) 1
* 99889: obj =   1.181395453e+12 inf =   1.062e+00 (12277) 1
* 99989: obj =   1.178767242e+12 inf =   1.062e+00 (12296) 1
*100081: obj =   1.178767226e+12 inf =   1.062e+00 (12300) 1
*100175: obj =   1.178767194e+12 inf =   1.063e+00 (12277) 1
*100276: obj =   1.178767186e+12 inf =   1.062e+00 (12282) 1
*100382: obj =   1.178767186e+12 inf =   1.062e+00 (12255) 1
*100485: obj =   1.178767183e+12 inf =   1.062e+00 (12269) 1
*100592: obj =   1.178767179e+12 inf =   1.062e+00 (12266) 1
*100686: obj =   1.178767155e+12 inf =   1.055e+00 (12267) 1
*100778: obj =   1.178767132e+12 inf =   1.048e+00 (12255) 1
*100871: obj =   1.178767120e+12 inf =   1.044e+00 (12256) 1
*100970: obj =   1.178767106e+12 inf =   1.039e+00 (12226) 1
*101072: obj =   1.178767099e+12 inf =   1.035e+00 (12229) 1
*101175: obj =   1.178767091e+12 inf =   1.034e+00 (12226) 1
*101273: obj =   1.178767076e+12 inf =   1.034e+00 (12230) 1
*101369: obj =   1.178767055e+12 inf =   1.036e+00 (12237) 1
*101460: obj =   1.178767028e+12 inf =   1.037e+00 (12239) 1
*101554: obj =   1.178767010e+12 inf =   1.038e+00 (12244) 1
*101656: obj =   1.178766998e+12 inf =   1.035e+00 (12229) 1
*101757: obj =   1.178766988e+12 inf =   1.033e+00 (12236) 1
*101855: obj =   1.116904927e+12 inf =   1.032e+00 (12247) 1
*101957: obj =   1.116904926e+12 inf =   1.032e+00 (12223) 1
*102057: obj =   1.116904913e+12 inf =   1.034e+00 (12239) 1
*102158: obj =   1.116904891e+12 inf =   1.036e+00 (12250) 1
*102259: obj =   1.116904834e+12 inf =   1.042e+00 (12253) 1
*102360: obj =   1.116904821e+12 inf =   1.043e+00 (12253) 1
*102461: obj =   1.116904819e+12 inf =   1.043e+00 (12243) 1
*102562: obj =   1.116904803e+12 inf =   1.040e+00 (12222) 1
*102668: obj =   1.116904771e+12 inf =   1.039e+00 (12199) 1
*102766: obj =   1.116904761e+12 inf =   1.042e+00 (12194) 1
*102866: obj =   1.116904750e+12 inf =   1.045e+00 (12185) 1
*102967: obj =   1.116904734e+12 inf =   1.050e+00 (12188) 1
*103068: obj =   1.116904697e+12 inf =   1.061e+00 (12192) 1
*103169: obj =   1.116904672e+12 inf =   1.066e+00 (12197) 1
*103270: obj =   1.116904660e+12 inf =   1.067e+00 (12199) 1
*103372: obj =   1.116904632e+12 inf =   1.072e+00 (12211) 1
*103473: obj =   1.116904619e+12 inf =   1.074e+00 (12187) 1
*103574: obj =   1.116904616e+12 inf =   1.075e+00 (12201) 1
*103675: obj =   1.116904614e+12 inf =   1.075e+00 (12198) 1
*103776: obj =   1.116904609e+12 inf =   1.076e+00 (12192) 1
*103877: obj =   1.116904588e+12 inf =   1.078e+00 (12206) 1
*103978: obj =   1.114264767e+12 inf =   1.080e+00 (12193) 1
*104081: obj =   1.105020517e+12 inf =   1.079e+00 (12205) 1
*104182: obj =   1.105020507e+12 inf =   1.078e+00 (12224) 1
*104283: obj =   1.105020503e+12 inf =   1.079e+00 (12221) 1
*104384: obj =   1.105020458e+12 inf =   1.082e+00 (12225) 1
*104486: obj =   1.105020428e+12 inf =   1.084e+00 (12222) 1
*104587: obj =   1.105020424e+12 inf =   1.085e+00 (12210) 1
*104689: obj =   1.105020400e+12 inf =   1.093e+00 (12215) 1
*104790: obj =   1.105020396e+12 inf =   1.094e+00 (12221) 1
*104893: obj =   1.105020396e+12 inf =   1.093e+00 (12211) 1
*104998: obj =   1.077257448e+12 inf =   1.092e+00 (12223) 1
*105104: obj =   1.070650345e+12 inf =   1.092e+00 (12239) 1
*105205: obj =   1.070650340e+12 inf =   1.092e+00 (12222) 1
*105306: obj =   1.070650329e+12 inf =   1.092e+00 (12209) 1
*105407: obj =   1.070650305e+12 inf =   1.097e+00 (12199) 1
*105508: obj =   1.070650284e+12 inf =   1.101e+00 (12182) 1
*105609: obj =   1.070650281e+12 inf =   1.101e+00 (12179) 1
*105710: obj =   1.070650251e+12 inf =   1.103e+00 (12167) 1
*105811: obj =   1.070650228e+12 inf =   1.105e+00 (12177) 1
*105913: obj =   1.070650228e+12 inf =   1.105e+00 (12175) 1
*106016: obj =   1.070650228e+12 inf =   1.104e+00 (12154) 1
*106117: obj =   1.070650228e+12 inf =   1.104e+00 (12187) 1
*106216: obj =   1.070650221e+12 inf =   1.105e+00 (12187) 1
*106317: obj =   1.070650199e+12 inf =   1.106e+00 (12173) 1
*106418: obj =   1.070650169e+12 inf =   1.109e+00 (12170) 1
*106519: obj =   1.070650151e+12 inf =   1.112e+00 (12172) 1
*106620: obj =   1.070650150e+12 inf =   1.112e+00 (12162) 1
*106721: obj =   1.070650150e+12 inf =   1.111e+00 (12156) 1
*106822: obj =   1.070650139e+12 inf =   1.113e+00 (12171) 1
*106927: obj =   1.070650127e+12 inf =   1.112e+00 (12152) 1
*107032: obj =   1.069329675e+12 inf =   1.111e+00 (12138) 1
*107242: obj =   1.055356900e+12 inf =   1.103e+00 (39130) 2
*107439: obj =   1.055294020e+12 inf =   1.096e+00 (39065) 2
*107635: obj =   1.055248507e+12 inf =   1.084e+00 (39002) 2
*107832: obj =   1.055213966e+12 inf =   1.068e+00 (38961) 1
*108023: obj =   1.055192348e+12 inf =   1.056e+00 (38922) 2
*108214: obj =   1.055169821e+12 inf =   1.039e+00 (38887) 2
*108404: obj =   1.055153322e+12 inf =   1.024e+00 (38839) 2
*108593: obj =   1.055132175e+12 inf =   1.001e+00 (38820) 2
*108782: obj =   1.055115832e+12 inf =   9.857e-01 (38790) 2
*108968: obj =   1.055097451e+12 inf =   9.603e-01 (38746) 2
*109156: obj =   1.055079700e+12 inf =   9.381e-01 (38699) 2
*109347: obj =   1.055064699e+12 inf =   9.181e-01 (38660) 1
*109534: obj =   1.055046834e+12 inf =   8.933e-01 (38622) 2
*109719: obj =   1.055028175e+12 inf =   8.668e-01 (38560) 2
*109902: obj =   1.055013429e+12 inf =   8.401e-01 (38516) 2
*110086: obj =   1.054996638e+12 inf =   8.091e-01 (38487) 2
*110272: obj =   1.054977569e+12 inf =   7.768e-01 (38449) 2
*110462: obj =   1.054960707e+12 inf =   7.504e-01 (38420) 1
*110645: obj =   1.054956636e+12 inf =   7.430e-01 (38324) 2
*110829: obj =   1.054951088e+12 inf =   7.337e-01 (38275) 2
*111011: obj =   1.054937840e+12 inf =   7.052e-01 (38229) 2
*111193: obj =   1.054925791e+12 inf =   6.791e-01 (38186) 2
*111381: obj =   1.054910062e+12 inf =   6.467e-01 (38139) 2
*111568: obj =   1.054895555e+12 inf =   6.159e-01 (38084) 1
*111749: obj =   1.054885720e+12 inf =   5.941e-01 (38039) 2
*111929: obj =   1.054880097e+12 inf =   5.803e-01 (37984) 2
*112109: obj =   1.054869337e+12 inf =   5.570e-01 (37941) 2
*112294: obj =   1.054856633e+12 inf =   5.327e-01 (37888) 2
*112478: obj =   1.054840387e+12 inf =   5.168e-01 (37838) 1
*112656: obj =   1.054825896e+12 inf =   5.032e-01 (37784) 2
*112833: obj =   1.054817804e+12 inf =   4.966e-01 (37735) 2
*113002: obj =   1.054804015e+12 inf =   4.927e-01 (14454) 2
*113117: obj =   1.054803981e+12 inf =   4.920e-01 (14428) 1
*113234: obj =   1.054803907e+12 inf =   4.882e-01 (14417) 1
*113351: obj =   1.054803824e+12 inf =   4.865e-01 (14420) 1
*113467: obj =   1.054803787e+12 inf =   4.848e-01 (14420) 1
*113581: obj =   1.054803604e+12 inf =   4.791e-01 (14418) 1
*113693: obj =   1.054803284e+12 inf =   4.716e-01 (14420) 1
*113806: obj =   1.054803113e+12 inf =   4.696e-01 (14413) 1
*113913: obj =   1.054803052e+12 inf =   4.678e-01 (14410) 2
*114026: obj =   1.054802937e+12 inf =   4.635e-01 (14400) 1
*114140: obj =   1.054802892e+12 inf =   4.619e-01 (14378) 1
*114255: obj =   1.054802713e+12 inf =   4.596e-01 (14384) 1
*114369: obj =   1.054802566e+12 inf =   4.570e-01 (14369) 1
*114485: obj =   1.054802507e+12 inf =   4.563e-01 (14381) 1
*114598: obj =   1.054802340e+12 inf =   4.560e-01 (14378) 1
*114710: obj =   1.054802177e+12 inf =   4.549e-01 (14362) 1
*114821: obj =   1.054801909e+12 inf =   4.568e-01 (14374) 1
*114923: obj =   1.054801698e+12 inf =   4.614e-01 (14379) 2
*115032: obj =   1.054801468e+12 inf =   4.685e-01 (14363) 1
*115145: obj =   1.054801393e+12 inf =   4.712e-01 (14366) 1
*115257: obj =   1.054801334e+12 inf =   4.735e-01 (14384) 1
*115373: obj =   1.054801320e+12 inf =   4.734e-01 (14368) 1
*115488: obj =   1.054801182e+12 inf =   4.729e-01 (14371) 1
*115603: obj =   1.054801140e+12 inf =   4.723e-01 (14371) 1
*115714: obj =   1.054801011e+12 inf =   4.731e-01 (14368) 1
*115823: obj =   1.054800811e+12 inf =   4.785e-01 (14363) 1
*115931: obj =   1.054800436e+12 inf =   4.885e-01 (14354) 1
*116035: obj =   1.054800433e+12 inf =   4.885e-01 (14347) 2
*116141: obj =   1.054800418e+12 inf =   4.888e-01 (14338) 1
*116248: obj =   1.054800219e+12 inf =   4.997e-01 (14339) 1
*116353: obj =   1.054800009e+12 inf =   5.102e-01 (14310) 1
*116456: obj =   1.054799711e+12 inf =   5.235e-01 (14320) 1
*116559: obj =   1.054799367e+12 inf =   5.424e-01 (14319) 1
*116666: obj =   1.054799345e+12 inf =   5.434e-01 (14299) 1
*116770: obj =   1.054799070e+12 inf =   5.577e-01 (14302) 1
*116873: obj =   1.054798892e+12 inf =   5.676e-01 (14292) 1
*116976: obj =   1.054798832e+12 inf =   5.706e-01 (14291) 1
*117079: obj =   1.054798429e+12 inf =   5.935e-01 (14290) 1
*117181: obj =   1.054798375e+12 inf =   5.971e-01 (14282) 1
*117285: obj =   1.054798373e+12 inf =   5.968e-01 (14282) 1
*117391: obj =   1.054798314e+12 inf =   6.004e-01 (14277) 1
*117497: obj =   1.054798222e+12 inf =   6.058e-01 (14276) 1
*117606: obj =   1.054798217e+12 inf =   6.056e-01 (14267) 1
*117715: obj =   1.054798127e+12 inf =   6.102e-01 (14266) 1
*117819: obj =   1.054797982e+12 inf =   6.190e-01 (14264) 1
*117923: obj =   1.054797856e+12 inf =   6.275e-01 (14260) 1
*118027: obj =   1.054797672e+12 inf =   6.422e-01 (14258) 1
*118132: obj =   1.054797599e+12 inf =   6.474e-01 (14248) 1
*118239: obj =   1.054797416e+12 inf =   6.606e-01 (14274) 1
*118345: obj =   1.054797292e+12 inf =   6.700e-01 (14258) 1
*118452: obj =   1.054797256e+12 inf =   6.724e-01 (14276) 1
*118559: obj =   1.054797253e+12 inf =   6.721e-01 (14271) 1
*118663: obj =   1.054797251e+12 inf =   6.717e-01 (14279) 2
*118768: obj =   1.054797250e+12 inf =   6.713e-01 (14272) 1
*118876: obj =   1.054797249e+12 inf =   6.706e-01 (14265) 1
*118983: obj =   1.054797161e+12 inf =   6.707e-01 (14240) 1
*119086: obj =   1.054796953e+12 inf =   6.746e-01 (14233) 1
*119190: obj =   1.054796841e+12 inf =   6.803e-01 (14245) 1
*119296: obj =   1.054796653e+12 inf =   6.944e-01 (14232) 1
*119402: obj =   1.054796578e+12 inf =   6.962e-01 (14224) 1
*119509: obj =   1.054796567e+12 inf =   6.960e-01 (14196) 1
*119614: obj =   1.054796565e+12 inf =   6.953e-01 (14192) 1
*119717: obj =   1.054796470e+12 inf =   6.994e-01 (14191) 1
*119818: obj =   1.054796097e+12 inf =   7.203e-01 (14198) 1
*119920: obj =   1.054795805e+12 inf =   7.391e-01 (14195) 1
*120024: obj =   1.054795737e+12 inf =   7.436e-01 (14190) 1
*120128: obj =   1.054795702e+12 inf =   7.465e-01 (14200) 1
*120233: obj =   1.054795666e+12 inf =   7.486e-01 (14199) 1
*120338: obj =   1.054795614e+12 inf =   7.532e-01 (14202) 1
*120442: obj =   1.054795570e+12 inf =   7.578e-01 (14183) 1
*120545: obj =   1.054795322e+12 inf =   7.737e-01 (14177) 1
*120649: obj =   1.054795255e+12 inf =   7.792e-01 (14181) 1
*120754: obj =   1.054795232e+12 inf =   7.813e-01 (14170) 1
*120857: obj =   1.054795232e+12 inf =   7.803e-01 (14135) 1
*120959: obj =   1.054795167e+12 inf =   7.869e-01 (14139) 1
*121059: obj =   1.054795167e+12 inf =   7.858e-01 (14142) 1
*121163: obj =   1.054795150e+12 inf =   7.872e-01 (14140) 1
*121267: obj =   1.054795023e+12 inf =   8.002e-01 (14150) 1
*121371: obj =   1.054794888e+12 inf =   8.132e-01 (14163) 1
*121471: obj =   1.054794790e+12 inf =   8.204e-01 (14165) 1
*121571: obj =   1.054794518e+12 inf =   8.425e-01 (14164) 1
*121674: obj =   1.054794449e+12 inf =   8.491e-01 (14156) 1
*121778: obj =   1.054794424e+12 inf =   8.514e-01 (14157) 1
*121882: obj =   1.054794419e+12 inf =   8.509e-01 (14150) 1
*121986: obj =   1.054794371e+12 inf =   8.534e-01 (14148) 1
*122088: obj =   1.054794349e+12 inf =   8.548e-01 (14140) 1
*122191: obj =   1.054794262e+12 inf =   8.611e-01 (14145) 1
*122294: obj =   1.054794176e+12 inf =   8.681e-01 (14144) 1
*122396: obj =   1.054794017e+12 inf =   8.801e-01 (14137) 1
*122500: obj =   1.054793893e+12 inf =   8.880e-01 (14135) 1
*122602: obj =   1.054793724e+12 inf =   8.974e-01 (14130) 1
*122703: obj =   1.054793506e+12 inf =   9.132e-01 (14123) 1
*122806: obj =   1.054793378e+12 inf =   9.234e-01 (14095) 1
*122909: obj =   1.054793377e+12 inf =   9.227e-01 (14071) 1
*123012: obj =   1.054793371e+12 inf =   9.226e-01 (14058) 1
*123114: obj =   1.054793340e+12 inf =   9.263e-01 (14066) 1
*123216: obj =   1.054793244e+12 inf =   9.381e-01 (14079) 2
*123318: obj =   1.054793239e+12 inf =   9.383e-01 (14087) 1
*123421: obj =   1.054793235e+12 inf =   9.383e-01 (14065) 1
*123522: obj =   1.054793228e+12 inf =   9.384e-01 (14082) 1
*123624: obj =   1.054793225e+12 inf =   9.383e-01 (14083) 1
*123726: obj =   1.054793223e+12 inf =   9.379e-01 (14082) 1
*123829: obj =   1.054793223e+12 inf =   9.368e-01 (14079) 1
*123932: obj =   1.054793223e+12 inf =   9.359e-01 (14078) 1
*124035: obj =   1.054793222e+12 inf =   9.352e-01 (14089) 1
*124138: obj =   1.054793138e+12 inf =   9.394e-01 (14076) 1
*124240: obj =   1.054793001e+12 inf =   9.434e-01 (14064) 1
*124343: obj =   1.054792936e+12 inf =   9.462e-01 (14044) 1
*124446: obj =   1.054792887e+12 inf =   9.464e-01 (14031) 1
*124548: obj =   1.054792859e+12 inf =   9.469e-01 (14024) 1
*124647: obj =   1.054792733e+12 inf =   9.477e-01 (14033) 1
*124748: obj =   1.054792546e+12 inf =   9.506e-01 (14028) 1
*124850: obj =   1.054792494e+12 inf =   9.515e-01 (14029) 1
*124951: obj =   1.054792190e+12 inf =   9.571e-01 (14024) 1
*125053: obj =   1.054792147e+12 inf =   9.581e-01 (14014) 1
*125154: obj =   1.054791975e+12 inf =   9.627e-01 (14009) 1
*125256: obj =   1.054791929e+12 inf =   9.637e-01 (14012) 1
*125359: obj =   1.054791910e+12 inf =   9.633e-01 (14012) 1
*125460: obj =   1.054791801e+12 inf =   9.641e-01 (14016) 1
*125560: obj =   1.054791529e+12 inf =   9.669e-01 (14003) 1
*125659: obj =   1.054791292e+12 inf =   9.716e-01 (13999) 1
*125758: obj =   1.054791025e+12 inf =   9.766e-01 (13995) 1
*125856: obj =   1.054790858e+12 inf =   9.807e-01 (13996) 1
*125955: obj =   1.054790676e+12 inf =   9.823e-01 (13991) 1
*126052: obj =   1.054790597e+12 inf =   9.841e-01 (13982) 1
*126152: obj =   1.054790462e+12 inf =   9.878e-01 (13972) 1
*126254: obj =   1.054790363e+12 inf =   9.924e-01 (13972) 1
*126356: obj =   1.054790250e+12 inf =   9.973e-01 (13970) 1
*126457: obj =   1.054790097e+12 inf =   1.004e+00 (13966) 1
*126562: obj =   1.054790094e+12 inf =   1.003e+00 (13978) 1
*126665: obj =   1.054790089e+12 inf =   1.003e+00 (13986) 1
*126768: obj =   1.054790088e+12 inf =   1.002e+00 (13977) 1
*126870: obj =   1.054790084e+12 inf =   1.002e+00 (13975) 1
*126969: obj =   1.054790014e+12 inf =   1.007e+00 (13987) 1
*127069: obj =   1.054790000e+12 inf =   1.008e+00 (13977) 1
*127171: obj =   1.054789980e+12 inf =   1.009e+00 (13982) 1
*127272: obj =   1.054789933e+12 inf =   1.012e+00 (13986) 1
*127371: obj =   1.054789896e+12 inf =   1.012e+00 (13965) 1
*127468: obj =   1.054789852e+12 inf =   1.015e+00 (13970) 1
*127567: obj =   1.054789578e+12 inf =   1.038e+00 (13955) 1
*127668: obj =   1.054789525e+12 inf =   1.042e+00 (13954) 1
*127769: obj =   1.054789293e+12 inf =   1.064e+00 (13957) 1
*127871: obj =   1.054789100e+12 inf =   1.082e+00 (13956) 1
*127972: obj =   1.054788949e+12 inf =   1.100e+00 (13954) 1
*128073: obj =   1.054788909e+12 inf =   1.104e+00 (13961) 1
*128174: obj =   1.054788771e+12 inf =   1.120e+00 (13965) 1
*128275: obj =   1.054788658e+12 inf =   1.130e+00 (13985) 1
*128376: obj =   1.054788533e+12 inf =   1.145e+00 (13971) 1
*128477: obj =   1.054788475e+12 inf =   1.150e+00 (13955) 1
*128579: obj =   1.054788378e+12 inf =   1.161e+00 (13950) 1
*128681: obj =   1.054788377e+12 inf =   1.159e+00 (13943) 1
*128783: obj =   1.054788376e+12 inf =   1.158e+00 (13912) 1
*128882: obj =   1.054788375e+12 inf =   1.157e+00 (13886) 1
*128983: obj =   1.054788367e+12 inf =   1.158e+00 (13891) 1
*129084: obj =   1.054788287e+12 inf =   1.165e+00 (13884) 1
*129185: obj =   1.054788152e+12 inf =   1.176e+00 (13880) 1
*129286: obj =   1.054788067e+12 inf =   1.178e+00 (13898) 1
*129387: obj =   1.054787963e+12 inf =   1.181e+00 (13891) 1
*129488: obj =   1.054787912e+12 inf =   1.187e+00 (13889) 1
*129591: obj =   1.054787903e+12 inf =   1.187e+00 (13873) 1
*129694: obj =   1.054787899e+12 inf =   1.186e+00 (13876) 1
*129797: obj =   1.054787896e+12 inf =   1.185e+00 (13849) 1
*129899: obj =   1.054787880e+12 inf =   1.185e+00 (13859) 1
*130000: obj =   1.054787869e+12 inf =   1.186e+00 (13865) 1
*130101: obj =   1.054787795e+12 inf =   1.185e+00 (13865) 1
*130202: obj =   1.054787728e+12 inf =   1.184e+00 (13865) 1
*130305: obj =   1.054787698e+12 inf =   1.184e+00 (13879) 1
*130406: obj =   1.054787581e+12 inf =   1.183e+00 (13887) 1
*130507: obj =   1.054787497e+12 inf =   1.182e+00 (13868) 1
*130608: obj =   1.054787470e+12 inf =   1.183e+00 (13861) 1
*130709: obj =   1.054787463e+12 inf =   1.183e+00 (13844) 1
*130810: obj =   1.054787416e+12 inf =   1.179e+00 (13841) 1
*130911: obj =   1.054787342e+12 inf =   1.175e+00 (13833) 1
*131012: obj =   1.054787301e+12 inf =   1.172e+00 (13829) 1
*131113: obj =   1.054787297e+12 inf =   1.172e+00 (13829) 1
*131214: obj =   1.054787130e+12 inf =   1.170e+00 (13824) 1
*131315: obj =   1.054787126e+12 inf =   1.170e+00 (13841) 1
*131416: obj =   1.054786993e+12 inf =   1.168e+00 (13821) 1
*131517: obj =   1.054786942e+12 inf =   1.168e+00 (13840) 1
*131618: obj =   1.054786932e+12 inf =   1.168e+00 (13818) 1
*131719: obj =   1.054786919e+12 inf =   1.167e+00 (13818) 1
*131820: obj =   1.054786917e+12 inf =   1.167e+00 (13821) 1
*131921: obj =   1.054786862e+12 inf =   1.173e+00 (13805) 1
*132022: obj =   1.054786744e+12 inf =   1.181e+00 (13782) 1
*132123: obj =   1.054786686e+12 inf =   1.187e+00 (13785) 1
*132224: obj =   1.054786653e+12 inf =   1.189e+00 (13779) 1
*132325: obj =   1.054786547e+12 inf =   1.189e+00 (13792) 1
*132426: obj =   1.054786500e+12 inf =   1.190e+00 (13781) 1
*132527: obj =   1.054786406e+12 inf =   1.198e+00 (13785) 1
*132628: obj =   1.054786325e+12 inf =   1.203e+00 (13787) 1
*132729: obj =   1.054786314e+12 inf =   1.203e+00 (13778) 1
*132830: obj =   1.054786274e+12 inf =   1.202e+00 (13769) 1
*132931: obj =   1.054786214e+12 inf =   1.201e+00 (13763) 1
*133032: obj =   1.054786101e+12 inf =   1.199e+00 (13762) 1
*133133: obj =   1.054785993e+12 inf =   1.208e+00 (13763) 1
*133234: obj =   1.054785921e+12 inf =   1.208e+00 (13752) 1
*133335: obj =   1.054785729e+12 inf =   1.207e+00 (13752) 1
*133436: obj =   1.054785652e+12 inf =   1.208e+00 (13758) 1
*133537: obj =   1.054785578e+12 inf =   1.208e+00 (13747) 1
*133639: obj =   1.054785489e+12 inf =   1.208e+00 (13729) 1
*133740: obj =   1.054785479e+12 inf =   1.208e+00 (13736) 1
*133841: obj =   1.054785477e+12 inf =   1.208e+00 (13728) 1
*133942: obj =   1.054785326e+12 inf =   1.208e+00 (13705) 1
*134044: obj =   1.054785273e+12 inf =   1.212e+00 (13721) 1
*134146: obj =   1.054785204e+12 inf =   1.219e+00 (13716) 1
*134248: obj =   1.054785158e+12 inf =   1.224e+00 (13698) 1
*134349: obj =   1.054785056e+12 inf =   1.234e+00 (13696) 1
*134450: obj =   1.054785051e+12 inf =   1.234e+00 (13691) 1
*134552: obj =   1.054785041e+12 inf =   1.234e+00 (13687) 1
*134653: obj =   1.054784973e+12 inf =   1.232e+00 (13695) 1
*134754: obj =   1.054784871e+12 inf =   1.231e+00 (13696) 1
*134856: obj =   1.054784753e+12 inf =   1.231e+00 (13712) 1
*134959: obj =   1.054784724e+12 inf =   1.230e+00 (13697) 1
*135064: obj =   1.054784722e+12 inf =   1.229e+00 (13671) 1
*135166: obj =   1.054784706e+12 inf =   1.229e+00 (13648) 1
*135267: obj =   1.054784672e+12 inf =   1.228e+00 (13650) 1
*135369: obj =   1.054784648e+12 inf =   1.228e+00 (13643) 1
*135472: obj =   1.054784640e+12 inf =   1.228e+00 (13643) 1
*135573: obj =   1.054784603e+12 inf =   1.229e+00 (13669) 1
*135672: obj =   1.054784574e+12 inf =   1.231e+00 (13655) 1
*135772: obj =   1.054784480e+12 inf =   1.234e+00 (13649) 1
*135873: obj =   1.054784452e+12 inf =   1.236e+00 (13662) 1
*135975: obj =   1.054784381e+12 inf =   1.240e+00 (13662) 1
*136076: obj =   1.054784375e+12 inf =   1.239e+00 (13640) 1
*136177: obj =   1.054784334e+12 inf =   1.241e+00 (13632) 1
*136278: obj =   1.054784232e+12 inf =   1.241e+00 (13629) 1
*136379: obj =   1.054784202e+12 inf =   1.242e+00 (13626) 1
*136480: obj =   1.054784139e+12 inf =   1.247e+00 (13619) 1
*136581: obj =   1.054784109e+12 inf =   1.250e+00 (13598) 1
*136682: obj =   1.054784083e+12 inf =   1.254e+00 (13595) 1
*136785: obj =   1.054784066e+12 inf =   1.256e+00 (13583) 1
*136887: obj =   1.054784053e+12 inf =   1.255e+00 (13562) 1
*136989: obj =   1.054784027e+12 inf =   1.258e+00 (13570) 1
*137090: obj =   1.054784006e+12 inf =   1.260e+00 (13564) 1
*137191: obj =   1.054783980e+12 inf =   1.264e+00 (13580) 1
*137292: obj =   1.054783956e+12 inf =   1.267e+00 (13570) 1
*137395: obj =   1.054783915e+12 inf =   1.269e+00 (13562) 1
*137496: obj =   1.054783895e+12 inf =   1.269e+00 (13556) 1
*137597: obj =   1.054783895e+12 inf =   1.269e+00 (13559) 1
*137698: obj =   1.054783848e+12 inf =   1.269e+00 (13543) 1
*137799: obj =   1.054783838e+12 inf =   1.268e+00 (13558) 1
*137900: obj =   1.054783797e+12 inf =   1.271e+00 (13568) 1
*138001: obj =   1.054783789e+12 inf =   1.271e+00 (13562) 1
*138102: obj =   1.054783769e+12 inf =   1.269e+00 (13539) 1
*138206: obj =   1.054783725e+12 inf =   1.268e+00 (13535) 1
*138307: obj =   1.054783717e+12 inf =   1.269e+00 (13544) 1
*138408: obj =   1.054783698e+12 inf =   1.267e+00 (13521) 1
*138509: obj =   1.054783625e+12 inf =   1.267e+00 (13525) 1
*138610: obj =   1.054783563e+12 inf =   1.267e+00 (13505) 1
*138711: obj =   1.054783544e+12 inf =   1.267e+00 (13508) 1
*138812: obj =   1.054783493e+12 inf =   1.269e+00 (13493) 1
*138913: obj =   1.054783396e+12 inf =   1.272e+00 (13513) 1
*139014: obj =   1.054783391e+12 inf =   1.272e+00 (13507) 1
*139115: obj =   1.054783386e+12 inf =   1.272e+00 (13503) 1
*139216: obj =   1.054783372e+12 inf =   1.272e+00 (13501) 1
*139318: obj =   1.054783365e+12 inf =   1.272e+00 (13496) 1
*139418: obj =   1.054783344e+12 inf =   1.271e+00 (13495) 1
*139519: obj =   1.054783310e+12 inf =   1.271e+00 (13498) 1
*139621: obj =   1.054783285e+12 inf =   1.272e+00 (13508) 1
*139722: obj =   1.054783183e+12 inf =   1.282e+00 (13507) 1
*139823: obj =   1.054783160e+12 inf =   1.282e+00 (13517) 1
*139925: obj =   1.054783132e+12 inf =   1.281e+00 (13501) 1
*140027: obj =   1.054783116e+12 inf =   1.281e+00 (13505) 1
*140128: obj =   1.054783113e+12 inf =   1.282e+00 (13511) 1
*140229: obj =   1.054783105e+12 inf =   1.282e+00 (13511) 1
*140331: obj =   1.054783028e+12 inf =   1.288e+00 (13488) 1
*140432: obj =   1.054783027e+12 inf =   1.288e+00 (13499) 1
*140534: obj =   1.054783026e+12 inf =   1.288e+00 (13521) 1
*140635: obj =   1.054783018e+12 inf =   1.287e+00 (13512) 1
*140736: obj =   1.054782947e+12 inf =   1.288e+00 (13505) 1
*140837: obj =   1.054782878e+12 inf =   1.289e+00 (13499) 1
*140938: obj =   1.054782859e+12 inf =   1.290e+00 (13501) 1
*141039: obj =   1.054782793e+12 inf =   1.292e+00 (13497) 1
*141140: obj =   1.054782685e+12 inf =   1.299e+00 (13482) 1
*141241: obj =   1.054782666e+12 inf =   1.299e+00 (13492) 1
*141342: obj =   1.054782572e+12 inf =   1.303e+00 (13488) 1
*141443: obj =   1.054782492e+12 inf =   1.308e+00 (13494) 1
*141545: obj =   1.054782490e+12 inf =   1.308e+00 (13453) 1
*141646: obj =   1.054782431e+12 inf =   1.311e+00 (13463) 1
*141747: obj =   1.054782376e+12 inf =   1.316e+00 (13450) 1
*141848: obj =   1.054782311e+12 inf =   1.321e+00 (13449) 1
*141949: obj =   1.054782261e+12 inf =   1.325e+00 (13438) 1
*142050: obj =   1.054782123e+12 inf =   1.340e+00 (13434) 1
*142151: obj =   1.054782097e+12 inf =   1.344e+00 (13448) 1
*142252: obj =   1.054782069e+12 inf =   1.347e+00 (13434) 1
*142353: obj =   1.054782046e+12 inf =   1.350e+00 (13434) 1
*142456: obj =   1.054782041e+12 inf =   1.351e+00 (13429) 1
*142557: obj =   1.054781978e+12 inf =   1.357e+00 (13439) 1
*142658: obj =   1.054781950e+12 inf =   1.358e+00 (13428) 1
*142759: obj =   1.054781926e+12 inf =   1.359e+00 (13429) 1
*142860: obj =   1.054781905e+12 inf =   1.360e+00 (13406) 1
*142961: obj =   1.054781888e+12 inf =   1.362e+00 (13412) 1
*143062: obj =   1.054781843e+12 inf =   1.368e+00 (13404) 1
*143163: obj =   1.054781822e+12 inf =   1.371e+00 (13395) 1
*143266: obj =   1.054781780e+12 inf =   1.376e+00 (13401) 1
*143367: obj =   1.054781730e+12 inf =   1.383e+00 (13389) 1
*143468: obj =   1.054781678e+12 inf =   1.388e+00 (13400) 1
*143570: obj =   1.054781617e+12 inf =   1.394e+00 (13382) 1
*143671: obj =   1.054781605e+12 inf =   1.394e+00 (13371) 1
*143772: obj =   1.054781575e+12 inf =   1.395e+00 (13370) 1
*143873: obj =   1.054781572e+12 inf =   1.395e+00 (13365) 1
*143974: obj =   1.054781571e+12 inf =   1.395e+00 (13375) 1
*144075: obj =   1.054781522e+12 inf =   1.391e+00 (13357) 1
*144176: obj =   1.054781513e+12 inf =   1.390e+00 (13365) 1
*144277: obj =   1.054781456e+12 inf =   1.388e+00 (13360) 1
*144378: obj =   1.054781414e+12 inf =   1.387e+00 (13353) 1
*144479: obj =   1.054781413e+12 inf =   1.386e+00 (13338) 1
*144580: obj =   1.054781344e+12 inf =   1.380e+00 (13372) 1
*144681: obj =   1.054781285e+12 inf =   1.377e+00 (13372) 1
*144782: obj =   1.054781236e+12 inf =   1.376e+00 (13340) 1
*144885: obj =   1.054781235e+12 inf =   1.375e+00 (13346) 1
*144989: obj =   1.054781225e+12 inf =   1.374e+00 (13346) 1
*145090: obj =   1.054781147e+12 inf =   1.368e+00 (13354) 1
*145191: obj =   1.054781095e+12 inf =   1.364e+00 (13345) 1
*145293: obj =   1.054781045e+12 inf =   1.362e+00 (13349) 1
*145394: obj =   1.054781017e+12 inf =   1.363e+00 (13367) 1
*145496: obj =   1.054780988e+12 inf =   1.363e+00 (13346) 1
*145597: obj =   1.054780930e+12 inf =   1.362e+00 (13342) 1
*145698: obj =   1.054780856e+12 inf =   1.363e+00 (13343) 1
*145799: obj =   1.054780821e+12 inf =   1.360e+00 (13353) 1
*145900: obj =   1.054780804e+12 inf =   1.358e+00 (13355) 1
*146001: obj =   1.054780804e+12 inf =   1.358e+00 (13335) 1
*146102: obj =   1.054780803e+12 inf =   1.357e+00 (13301) 1
*146204: obj =   1.054780776e+12 inf =   1.357e+00 (13293) 1
*146306: obj =   1.054780757e+12 inf =   1.357e+00 (13302) 1
*146407: obj =   1.054780757e+12 inf =   1.356e+00 (13308) 1
*146508: obj =   1.054780673e+12 inf =   1.352e+00 (13306) 1
*146609: obj =   1.054780619e+12 inf =   1.351e+00 (13308) 1
*146710: obj =   1.054780588e+12 inf =   1.350e+00 (13303) 1
*146811: obj =   1.054780527e+12 inf =   1.348e+00 (13298) 1
*146912: obj =   1.054780525e+12 inf =   1.348e+00 (13302) 1
*147014: obj =   1.054780523e+12 inf =   1.348e+00 (13300) 1
*147115: obj =   1.054780472e+12 inf =   1.350e+00 (13298) 1
*147216: obj =   1.054780433e+12 inf =   1.351e+00 (13326) 1
*147318: obj =   1.054780416e+12 inf =   1.353e+00 (13291) 1
*147419: obj =   1.054780357e+12 inf =   1.360e+00 (13295) 1
*147521: obj =   1.054780354e+12 inf =   1.361e+00 (13264) 1
*147623: obj =   1.054780342e+12 inf =   1.361e+00 (13254) 1
*147724: obj =   1.054780318e+12 inf =   1.363e+00 (13257) 1
*147940: obj =   1.054780310e+12 inf =   1.362e+00 (13468) 2
*148170: obj =   1.054780278e+12 inf =   1.361e+00 (13438) 2
*148361: obj =   1.054780193e+12 inf =   1.357e+00 (13405) 1
*148546: obj =   1.054780093e+12 inf =   1.353e+00 (13329) 2
*148731: obj =   1.054779993e+12 inf =   1.347e+00 (13274) 2
*148919: obj =   1.054779806e+12 inf =   1.340e+00 (13234) 1
*149101: obj =   1.054779785e+12 inf =   1.337e+00 (13193) 2
*149285: obj =   1.054779682e+12 inf =   1.330e+00 (13172) 2
*149474: obj =   1.054779563e+12 inf =   1.324e+00 (13142) 1
*149659: obj =   1.054779524e+12 inf =   1.321e+00 (13108) 2
*149842: obj =   1.054779418e+12 inf =   1.314e+00 (13078) 2
*150029: obj =   1.054779328e+12 inf =   1.310e+00 (13034) 1
*150213: obj =   1.054779273e+12 inf =   1.305e+00 (13026) 2
*150399: obj =   1.054779125e+12 inf =   1.296e+00 (12991) 2
*150588: obj =   1.054778997e+12 inf =   1.289e+00 (12979) 1
*150770: obj =   1.054778919e+12 inf =   1.285e+00 (12965) 2
*150950: obj =   1.054778722e+12 inf =   1.274e+00 (12958) 2
*151132: obj =   1.054778554e+12 inf =   1.267e+00 (12943) 1
*151316: obj =   1.054778424e+12 inf =   1.264e+00 (12939) 2
*151502: obj =   1.054778420e+12 inf =   1.263e+00 (12905) 2
*151692: obj =   1.054778366e+12 inf =   1.260e+00 (12889) 1
*151872: obj =   1.054778274e+12 inf =   1.258e+00 (12902) 2
*152047: obj =   1.054778091e+12 inf =   1.256e+00 (12889) 2
*152228: obj =   1.054777895e+12 inf =   1.255e+00 (12876) 1
*152416: obj =   1.054777763e+12 inf =   1.255e+00 (12864) 2
*152594: obj =   1.054777671e+12 inf =   1.256e+00 (12851) 2
*152801: obj =   1.054777663e+12 inf =   1.255e+00 (12827) 1
*153018: obj =   1.054777517e+12 inf =   1.247e+00 (12824) 3
*153221: obj =   1.054777369e+12 inf =   1.243e+00 (12837) 1
*153425: obj =   1.054777260e+12 inf =   1.244e+00 (12855) 2
*153611: obj =   1.054777097e+12 inf =   1.252e+00 (12859) 2
*153793: obj =   1.054777093e+12 inf =   1.252e+00 (12824) 2
*153992: obj =   1.054777084e+12 inf =   1.252e+00 (12820) 2
*154237: obj =   1.054777067e+12 inf =   1.251e+00 (12828) 2
*154432: obj =   1.054776965e+12 inf =   1.249e+00 (12837) 2
*154629: obj =   1.054776838e+12 inf =   1.251e+00 (12831) 2
*154838: obj =   1.054776797e+12 inf =   1.251e+00 (12818) 2
*155036: obj =   1.054776654e+12 inf =   1.247e+00 (12821) 1
*155233: obj =   1.054776548e+12 inf =   1.247e+00 (12831) 2
*155441: obj =   1.054776528e+12 inf =   1.247e+00 (12824) 2
*155632: obj =   1.054776457e+12 inf =   1.246e+00 (12817) 2
*155841: obj =   1.054776415e+12 inf =   1.244e+00 (12811) 2
*156031: obj =   1.054776214e+12 inf =   1.245e+00 (12802) 2
*156231: obj =   1.054776186e+12 inf =   1.247e+00 (12802) 1
*156417: obj =   1.054776088e+12 inf =   1.252e+00 (12806) 2
*156593: obj =   1.054776026e+12 inf =   1.254e+00 (12802) 2
*156818: obj =   1.054776011e+12 inf =   1.255e+00 (12766) 2
*156996: obj =   1.054775927e+12 inf =   1.258e+00 (12773) 2
*157238: obj =   1.054775860e+12 inf =   1.263e+00 (12756) 2
*157438: obj =   1.054775803e+12 inf =   1.264e+00 (12735) 1
*157616: obj =   1.054775744e+12 inf =   1.259e+00 (12739) 2
*157790: obj =   1.054775656e+12 inf =   1.255e+00 (12760) 2
*157994: obj =   1.054775556e+12 inf =   1.258e+00 (12718) 2
*158232: obj =   1.054775501e+12 inf =   1.259e+00 (12711) 2
*158413: obj =   1.054775365e+12 inf =   1.254e+00 (12718) 1
*158604: obj =   1.054775357e+12 inf =   1.254e+00 (12691) 2
*158796: obj =   1.054775344e+12 inf =   1.252e+00 (12659) 2
*158999: obj =   1.054775279e+12 inf =   1.249e+00 (12684) 2
*159209: obj =   1.054775157e+12 inf =   1.248e+00 (12674) 2
*159397: obj =   1.054775062e+12 inf =   1.243e+00 (12670) 2
*159582: obj =   1.054774964e+12 inf =   1.236e+00 (12677) 1
*159756: obj =   1.054774823e+12 inf =   1.240e+00 (12671) 2
*160024: obj =   1.054774819e+12 inf =   1.240e+00 (12613) 2
*160223: obj =   1.054774799e+12 inf =   1.237e+00 (12632) 2
*160412: obj =   1.054774734e+12 inf =   1.230e+00 (12619) 2
*160595: obj =   1.054774709e+12 inf =   1.227e+00 (12624) 2
*160783: obj =   1.054774625e+12 inf =   1.222e+00 (12639) 1
*160970: obj =   1.054774618e+12 inf =   1.221e+00 (12604) 2
*161221: obj =   1.054774588e+12 inf =   1.224e+00 (12634) 2
*161406: obj =   1.054774566e+12 inf =   1.221e+00 (12609) 2
*161611: obj =   1.054774528e+12 inf =   1.217e+00 (12624) 2
*161865: obj =   1.054774441e+12 inf =   1.215e+00 (12587) 2
*162073: obj =   1.054774351e+12 inf =   1.221e+00 (12577) 2
*162273: obj =   1.054774287e+12 inf =   1.227e+00 (12572) 2
*162456: obj =   1.054774254e+12 inf =   1.229e+00 (12558) 2
*162650: obj =   1.054774247e+12 inf =   1.229e+00 (12558) 1
*162832: obj =   1.054774227e+12 inf =   1.230e+00 (12543) 2
*163018: obj =   1.054774210e+12 inf =   1.230e+00 (12524) 2
*163211: obj =   1.054774184e+12 inf =   1.232e+00 (12525) 1
*163408: obj =   1.054774173e+12 inf =   1.232e+00 (12508) 2
*163589: obj =   1.054774095e+12 inf =   1.231e+00 (12500) 2
*163768: obj =   1.054774011e+12 inf =   1.236e+00 (12519) 1
*163953: obj =   1.054773954e+12 inf =   1.242e+00 (12510) 2
*164125: obj =   1.054773853e+12 inf =   1.251e+00 (12508) 2
*164311: obj =   1.054773785e+12 inf =   1.260e+00 (12499) 1
*164509: obj =   1.054773768e+12 inf =   1.261e+00 (12530) 2
*164726: obj =   1.054773690e+12 inf =   1.257e+00 (12518) 2
*164927: obj =   1.054773576e+12 inf =   1.257e+00 (12498) 2
*165134: obj =   1.054773550e+12 inf =   1.257e+00 (12492) 2
*165316: obj =   1.054773466e+12 inf =   1.250e+00 (12499) 2
*165508: obj =   1.054773412e+12 inf =   1.250e+00 (12494) 2
*165709: obj =   1.054773318e+12 inf =   1.249e+00 (12488) 1
*165884: obj =   1.054773276e+12 inf =   1.243e+00 (12505) 2
*166064: obj =   1.054773261e+12 inf =   1.240e+00 (12507) 2
*166258: obj =   1.054773233e+12 inf =   1.237e+00 (12465) 2
*166460: obj =   1.054773177e+12 inf =   1.235e+00 (12460) 2
*166668: obj =   1.054773149e+12 inf =   1.237e+00 (12476) 2
*166854: obj =   1.054773072e+12 inf =   1.237e+00 (12481) 1
*167028: obj =   1.054772967e+12 inf =   1.239e+00 (12478) 2
*167204: obj =   1.054772967e+12 inf =   1.239e+00 (12495) 2
*167409: obj =   1.054772914e+12 inf =   1.246e+00 (12488) 2
*167622: obj =   1.054772890e+12 inf =   1.250e+00 (12465) 1
*167795: obj =   1.054772779e+12 inf =   1.247e+00 (12483) 2
*167972: obj =   1.054772767e+12 inf =   1.246e+00 (12465) 2
*168148: obj =   1.054772668e+12 inf =   1.251e+00 (12450) 2
*168337: obj =   1.054772621e+12 inf =   1.256e+00 (12451) 1
*168556: obj =   1.054772582e+12 inf =   1.260e+00 (12462) 2
*168783: obj =   1.054772563e+12 inf =   1.263e+00 (12471) 2
*168990: obj =   1.054772493e+12 inf =   1.273e+00 (12454) 2
*169222: obj =   1.054772480e+12 inf =   1.275e+00 (12441) 2
*169424: obj =   1.054772440e+12 inf =   1.282e+00 (12436) 2
*169625: obj =   1.054772428e+12 inf =   1.284e+00 (12397) 2
*169855: obj =   1.054772415e+12 inf =   1.285e+00 (12397) 2
*170070: obj =   1.054772398e+12 inf =   1.288e+00 (12390) 2
*170270: obj =   1.054772388e+12 inf =   1.289e+00 (12419) 2
*170455: obj =   1.054772359e+12 inf =   1.291e+00 (12425) 1
*170642: obj =   1.054772336e+12 inf =   1.294e+00 (12396) 2
*170826: obj =   1.054772289e+12 inf =   1.301e+00 (12386) 1
*171007: obj =   1.054772223e+12 inf =   1.312e+00 (12395) 2
*171209: obj =   1.054772212e+12 inf =   1.313e+00 (12365) 2
*171425: obj =   1.054772188e+12 inf =   1.311e+00 (12395) 2
*171646: obj =   1.054772154e+12 inf =   1.307e+00 (12389) 2
*171861: obj =   1.054772117e+12 inf =   1.305e+00 (12343) 2
*172074: obj =   1.054772082e+12 inf =   1.312e+00 (12332) 2
*172272: obj =   1.054772058e+12 inf =   1.315e+00 (12343) 2
*172473: obj =   1.054771988e+12 inf =   1.312e+00 (12358) 2
*172686: obj =   1.054771926e+12 inf =   1.316e+00 (12346) 1
*172886: obj =   1.054771891e+12 inf =   1.320e+00 (12351) 2
*173123: obj =   1.054771873e+12 inf =   1.320e+00 (12329) 3
*173353: obj =   1.054771842e+12 inf =   1.324e+00 (12313) 2
*173566: obj =   1.054771796e+12 inf =   1.334e+00 (12274) 1
*173785: obj =   1.054771785e+12 inf =   1.331e+00 (12274) 3
*173968: obj =   1.054771757e+12 inf =   1.319e+00 (12257) 1
*174204: obj =   1.050819880e+12 inf =   1.318e+00 (12239) 2
*174408: obj =   1.050819873e+12 inf =   1.321e+00 (12230) 2
*174583: obj =   1.050819837e+12 inf =   1.326e+00 (12239) 2
*174783: obj =   1.050819809e+12 inf =   1.329e+00 (12228) 1
*174965: obj =   1.050819793e+12 inf =   1.334e+00 (12222) 2
*175160: obj =   1.048208217e+12 inf =   1.334e+00 (12253) 2
*175352: obj =   1.048208162e+12 inf =   1.339e+00 (12233) 1
*175531: obj =   1.048208134e+12 inf =   1.343e+00 (12261) 2
*175707: obj =   1.048208081e+12 inf =   1.352e+00 (12260) 2
*175913: obj =   1.048208076e+12 inf =   1.353e+00 (12234) 2
*176124: obj =   1.048208069e+12 inf =   1.353e+00 (12244) 1
*176324: obj =   1.048207990e+12 inf =   1.352e+00 (12221) 2
*176511: obj =   1.048207981e+12 inf =   1.354e+00 (12211) 2
*176744: obj =   1.048207981e+12 inf =   1.353e+00 (12246) 2
*176975: obj =   1.048207936e+12 inf =   1.348e+00 (12248) 2
*177192: obj =   1.048207896e+12 inf =   1.346e+00 (12242) 2
*177387: obj =   1.048207869e+12 inf =   1.349e+00 (12234) 2
*177603: obj =   1.048207840e+12 inf =   1.348e+00 (12220) 2
*177818: obj =   1.048207800e+12 inf =   1.348e+00 (12235) 2
*178011: obj =   1.048207798e+12 inf =   1.348e+00 (12226) 2
*178203: obj =   1.048207793e+12 inf =   1.349e+00 (12199) 1
*178386: obj =   1.048207762e+12 inf =   1.355e+00 (12193) 2
*178614: obj =   1.048207749e+12 inf =   1.359e+00 (12202) 2
*178864: obj =   1.048207690e+12 inf =   1.359e+00 (12196) 2
*179047: obj =   1.048207683e+12 inf =   1.361e+00 (12186) 2
*179237: obj =   1.048207624e+12 inf =   1.365e+00 (12187) 1
*179420: obj =   1.048207592e+12 inf =   1.372e+00 (12169) 2
*179610: obj =   1.048207563e+12 inf =   1.380e+00 (12167) 2
*179806: obj =   1.040460052e+12 inf =   1.385e+00 (12158) 2
*179999: obj =   1.040460050e+12 inf =   1.384e+00 (12141) 1
*180186: obj =   1.040460047e+12 inf =   1.383e+00 (12127) 2
*180380: obj =   1.040460030e+12 inf =   1.375e+00 (12087) 2
*180565: obj =   1.040460015e+12 inf =   1.366e+00 (12104) 2
*180756: obj =   1.040459990e+12 inf =   1.354e+00 (12082) 1
*180962: obj =   1.040459957e+12 inf =   1.349e+00 (12071) 2
*181162: obj =   1.040459914e+12 inf =   1.345e+00 (12064) 2
*181375: obj =   1.040459882e+12 inf =   1.342e+00 (12038) 2
*181568: obj =   1.040459870e+12 inf =   1.332e+00 (12027) 2
*181769: obj =   1.039168995e+12 inf =   1.323e+00 (12026) 2
*181963: obj =   1.035296608e+12 inf =   1.321e+00 (12006) 1
*182159: obj =   1.034005977e+12 inf =   1.313e+00 (12008) 2
*182348: obj =   1.034005952e+12 inf =   1.305e+00 (12032) 2
*182527: obj =   1.034005926e+12 inf =   1.289e+00 (12025) 2
*182716: obj =   1.034005912e+12 inf =   1.280e+00 (12002) 1
*182949: obj =   1.034005883e+12 inf =   1.276e+00 (12006) 2
*183176: obj =   1.034005871e+12 inf =   1.273e+00 (12021) 2
*183371: obj =   1.034005848e+12 inf =   1.260e+00 (12032) 2
*183568: obj =   1.034005817e+12 inf =   1.238e+00 (12004) 2
*183770: obj =   1.034005796e+12 inf =   1.226e+00 (11983) 2
*183986: obj =   1.020151685e+12 inf =   1.219e+00 (40694) 2
*184229: obj =   1.020150803e+12 inf =   1.217e+00 (40689) 2
*184407: obj =   1.020144838e+12 inf =   1.209e+00 (40607) 2
*184588: obj =   1.020140947e+12 inf =   1.202e+00 (40583) 1
*184764: obj =   1.020123540e+12 inf =   1.171e+00 (40532) 2
*184940: obj =   1.020107961e+12 inf =   1.141e+00 (40474) 2
*185114: obj =   1.020096073e+12 inf =   1.118e+00 (40428) 2
*185295: obj =   1.020084804e+12 inf =   1.095e+00 (40384) 1
*185471: obj =   1.020077334e+12 inf =   1.080e+00 (40346) 2
*185646: obj =   1.020071321e+12 inf =   1.068e+00 (40299) 2
*185820: obj =   1.020061408e+12 inf =   1.046e+00 (40260) 2
*185998: obj =   1.020047220e+12 inf =   1.016e+00 (40211) 1
*186172: obj =   1.020031149e+12 inf =   9.811e-01 (40174) 2
*186347: obj =   1.020019026e+12 inf =   9.577e-01 (40124) 2
*186521: obj =   1.020007775e+12 inf =   9.364e-01 (40060) 2
*186699: obj =   1.019987127e+12 inf =   9.064e-01 (39990) 1
*186871: obj =   1.019973851e+12 inf =   8.914e-01 (39919) 2
*187042: obj =   1.019960970e+12 inf =   8.763e-01 (39877) 2
*187214: obj =   1.019949876e+12 inf =   8.623e-01 (39821) 1
*187384: obj =   1.019934517e+12 inf =   8.463e-01 (39757) 2
*187483: obj =   1.019932088e+12 inf =   8.446e-01 (14011) 1
*187582: obj =   1.019932021e+12 inf =   8.427e-01 (14006) 1
*187680: obj =   1.019931832e+12 inf =   8.367e-01 (14004) 1
*187777: obj =   1.019931602e+12 inf =   8.330e-01 (13996) 1
*187875: obj =   1.019931396e+12 inf =   8.323e-01 (13974) 1
*187973: obj =   1.019931284e+12 inf =   8.323e-01 (13981) 1
*188070: obj =   1.019931203e+12 inf =   8.321e-01 (13980) 1
*188167: obj =   1.019931166e+12 inf =   8.319e-01 (13968) 1
*188265: obj =   1.019930967e+12 inf =   8.317e-01 (13964) 1
*188364: obj =   1.019930870e+12 inf =   8.306e-01 (13961) 1
*188462: obj =   1.019930736e+12 inf =   8.291e-01 (13967) 1
*188558: obj =   1.019930451e+12 inf =   8.291e-01 (13956) 1
*188653: obj =   1.019930183e+12 inf =   8.318e-01 (13953) 1
*188748: obj =   1.019930031e+12 inf =   8.347e-01 (13944) 1
*188844: obj =   1.019930029e+12 inf =   8.347e-01 (13945) 1
*188940: obj =   1.019930002e+12 inf =   8.353e-01 (13944) 1
*189040: obj =   1.019929902e+12 inf =   8.384e-01 (13938) 1
*189141: obj =   1.019929899e+12 inf =   8.382e-01 (13932) 1
*189242: obj =   1.019929752e+12 inf =   8.424e-01 (13939) 1
*189343: obj =   1.019929587e+12 inf =   8.479e-01 (13944) 1
*189444: obj =   1.019929537e+12 inf =   8.499e-01 (13937) 1
*189545: obj =   1.019929392e+12 inf =   8.546e-01 (13943) 1
*189646: obj =   1.019929314e+12 inf =   8.572e-01 (13931) 1
*189747: obj =   1.019929186e+12 inf =   8.622e-01 (13922) 1
*189849: obj =   1.019929056e+12 inf =   8.688e-01 (13928) 1
*189950: obj =   1.019928788e+12 inf =   8.816e-01 (13932) 1
*190051: obj =   1.019928726e+12 inf =   8.856e-01 (13923) 1
*190153: obj =   1.019928635e+12 inf =   8.841e-01 (13921) 1
*190254: obj =   1.019928610e+12 inf =   8.844e-01 (13896) 1
*190355: obj =   1.019928589e+12 inf =   8.842e-01 (13913) 1
*190456: obj =   1.019928490e+12 inf =   8.894e-01 (13908) 1
*190557: obj =   1.019928362e+12 inf =   8.955e-01 (13913) 1
*190658: obj =   1.019928347e+12 inf =   8.959e-01 (13914) 1
*190759: obj =   1.019928251e+12 inf =   8.965e-01 (13912) 1
*190860: obj =   1.019928225e+12 inf =   8.968e-01 (13902) 1
*190962: obj =   1.019928156e+12 inf =   8.964e-01 (13897) 1
*191063: obj =   1.019928150e+12 inf =   8.964e-01 (13876) 1
*191164: obj =   1.019928077e+12 inf =   8.971e-01 (13871) 1
*191265: obj =   1.019927932e+12 inf =   8.978e-01 (13871) 1
*191366: obj =   1.019927770e+12 inf =   8.977e-01 (13902) 1
*191467: obj =   1.019927623e+12 inf =   8.967e-01 (13890) 1
*191568: obj =   1.019927354e+12 inf =   8.989e-01 (13895) 1
*191669: obj =   1.019927185e+12 inf =   9.001e-01 (13893) 1
*191770: obj =   1.019927021e+12 inf =   9.027e-01 (13890) 1
*191871: obj =   1.019926887e+12 inf =   9.065e-01 (13888) 1
*192033: obj =   1.019926638e+12 inf =   9.054e-01 (13952) 1
*192203: obj =   1.019926553e+12 inf =   9.033e-01 (13825) 2
*192292: obj =   1.019926512e+12 inf =   9.026e-01 (13858) 1
*192387: obj =   1.019926367e+12 inf =   9.016e-01 (13838) 1
*192483: obj =   1.019926127e+12 inf =   9.024e-01 (13847) 1
*192584: obj =   1.019926099e+12 inf =   9.024e-01 (13857) 1
*192685: obj =   1.019925938e+12 inf =   9.036e-01 (13844) 1
*192786: obj =   1.019925710e+12 inf =   9.086e-01 (13822) 1
*192888: obj =   1.019925575e+12 inf =   9.129e-01 (13828) 1
*192989: obj =   1.019925424e+12 inf =   9.188e-01 (13834) 1
*193090: obj =   1.019925387e+12 inf =   9.208e-01 (13828) 1
*193191: obj =   1.019925215e+12 inf =   9.287e-01 (13829) 1
*193294: obj =   1.019925089e+12 inf =   9.368e-01 (13823) 1
*193395: obj =   1.019925050e+12 inf =   9.386e-01 (13821) 1
*193496: obj =   1.019924867e+12 inf =   9.490e-01 (13824) 1
*193597: obj =   1.019924715e+12 inf =   9.594e-01 (13828) 1
*193698: obj =   1.019924622e+12 inf =   9.653e-01 (13830) 1
*193799: obj =   1.019924621e+12 inf =   9.650e-01 (13814) 1
*193901: obj =   1.019924612e+12 inf =   9.651e-01 (13817) 1
*194002: obj =   1.019924529e+12 inf =   9.701e-01 (13806) 1
*194103: obj =   1.019924457e+12 inf =   9.758e-01 (13808) 1
*194205: obj =   1.019924440e+12 inf =   9.766e-01 (13786) 1
*194306: obj =   1.019924374e+12 inf =   9.815e-01 (13785) 1
*194407: obj =   1.019924295e+12 inf =   9.837e-01 (13782) 1
*194508: obj =   1.019924255e+12 inf =   9.847e-01 (13800) 1
*194609: obj =   1.019924234e+12 inf =   9.851e-01 (13788) 1
*194710: obj =   1.019924034e+12 inf =   9.950e-01 (13787) 1
*194811: obj =   1.019923893e+12 inf =   1.003e+00 (13788) 1
*194912: obj =   1.019923864e+12 inf =   1.005e+00 (13778) 1
*195013: obj =   1.019923735e+12 inf =   1.015e+00 (13791) 1
*195114: obj =   1.019923501e+12 inf =   1.034e+00 (13773) 1
*195215: obj =   1.019923465e+12 inf =   1.037e+00 (13772) 1
*195316: obj =   1.019923314e+12 inf =   1.052e+00 (13748) 1
*195417: obj =   1.019923213e+12 inf =   1.061e+00 (13765) 1
*195518: obj =   1.019923135e+12 inf =   1.068e+00 (13766) 1
*195619: obj =   1.019923092e+12 inf =   1.072e+00 (13743) 1
*195720: obj =   1.019923091e+12 inf =   1.071e+00 (13742) 1
*195821: obj =   1.019923059e+12 inf =   1.074e+00 (13737) 1
*195922: obj =   1.019923027e+12 inf =   1.077e+00 (13740) 1
*196023: obj =   1.019922889e+12 inf =   1.089e+00 (13735) 1
*196124: obj =   1.019922707e+12 inf =   1.105e+00 (13728) 1
*196225: obj =   1.019922607e+12 inf =   1.114e+00 (13745) 1
*196326: obj =   1.019922525e+12 inf =   1.120e+00 (13752) 1
*196427: obj =   1.019922524e+12 inf =   1.120e+00 (13744) 1
*196528: obj =   1.019922431e+12 inf =   1.124e+00 (13759) 1
*196629: obj =   1.019922209e+12 inf =   1.143e+00 (13756) 1
*196730: obj =   1.019921981e+12 inf =   1.160e+00 (13757) 1
*196832: obj =   1.019921912e+12 inf =   1.166e+00 (13751) 1
*196933: obj =   1.019921838e+12 inf =   1.171e+00 (13738) 1
*197034: obj =   1.019921799e+12 inf =   1.176e+00 (13734) 1
*197135: obj =   1.019921798e+12 inf =   1.175e+00 (13710) 1
*197236: obj =   1.019921751e+12 inf =   1.178e+00 (13708) 1
*197337: obj =   1.019921636e+12 inf =   1.186e+00 (13723) 1
*197438: obj =   1.019921628e+12 inf =   1.187e+00 (13732) 1
*197540: obj =   1.019921605e+12 inf =   1.190e+00 (13720) 1
*197641: obj =   1.019921492e+12 inf =   1.196e+00 (13710) 1
*197742: obj =   1.019921362e+12 inf =   1.206e+00 (13709) 1
*197843: obj =   1.019921297e+12 inf =   1.213e+00 (13701) 1
*197944: obj =   1.019921275e+12 inf =   1.216e+00 (13711) 1
*198045: obj =   1.019921274e+12 inf =   1.215e+00 (13699) 1
*198146: obj =   1.019921248e+12 inf =   1.216e+00 (13674) 1
*198248: obj =   1.019921137e+12 inf =   1.223e+00 (13656) 1
*198349: obj =   1.019921025e+12 inf =   1.232e+00 (13662) 1
*198451: obj =   1.019920983e+12 inf =   1.236e+00 (13662) 1
*198552: obj =   1.019920952e+12 inf =   1.238e+00 (13655) 1
*198654: obj =   1.019920935e+12 inf =   1.239e+00 (13651) 1
*198755: obj =   1.019920844e+12 inf =   1.247e+00 (13645) 1
*198856: obj =   1.019920666e+12 inf =   1.261e+00 (13632) 1
*198957: obj =   1.019920527e+12 inf =   1.271e+00 (13624) 1
*199058: obj =   1.019920478e+12 inf =   1.275e+00 (13630) 1
*199160: obj =   1.019920459e+12 inf =   1.276e+00 (13641) 1
*199262: obj =   1.019920457e+12 inf =   1.276e+00 (13631) 1
*199363: obj =   1.019920377e+12 inf =   1.281e+00 (13618) 1
*199464: obj =   1.019920348e+12 inf =   1.282e+00 (13616) 1
*199565: obj =   1.019920331e+12 inf =   1.283e+00 (13613) 1
*199666: obj =   1.019920331e+12 inf =   1.282e+00 (13604) 1
*199767: obj =   1.019920290e+12 inf =   1.285e+00 (13600) 1
*199868: obj =   1.019920261e+12 inf =   1.286e+00 (13613) 1
*199969: obj =   1.019920115e+12 inf =   1.289e+00 (13611) 1
*200070: obj =   1.019920060e+12 inf =   1.293e+00 (13606) 1
*200171: obj =   1.019919975e+12 inf =   1.297e+00 (13605) 1
*200272: obj =   1.019919923e+12 inf =   1.300e+00 (13588) 1
*200373: obj =   1.019919905e+12 inf =   1.300e+00 (13588) 1
*200474: obj =   1.019919812e+12 inf =   1.305e+00 (13573) 1
*200575: obj =   1.019919720e+12 inf =   1.309e+00 (13580) 1
*200676: obj =   1.019919649e+12 inf =   1.309e+00 (13587) 1
*200777: obj =   1.019919544e+12 inf =   1.314e+00 (13589) 1
*200878: obj =   1.019919503e+12 inf =   1.317e+00 (13587) 1
*200979: obj =   1.019919503e+12 inf =   1.317e+00 (13582) 1
*201080: obj =   1.019919493e+12 inf =   1.318e+00 (13585) 1
*201181: obj =   1.019919446e+12 inf =   1.320e+00 (13582) 1
*201284: obj =   1.019919358e+12 inf =   1.322e+00 (13563) 1
*201385: obj =   1.019919297e+12 inf =   1.327e+00 (13552) 1
*201486: obj =   1.019919255e+12 inf =   1.331e+00 (13549) 1
*201587: obj =   1.019919211e+12 inf =   1.334e+00 (13549) 1
*201688: obj =   1.019919156e+12 inf =   1.337e+00 (13538) 1
*201789: obj =   1.019919040e+12 inf =   1.344e+00 (13531) 1
*201890: obj =   1.019919038e+12 inf =   1.344e+00 (13525) 1
*201991: obj =   1.019918995e+12 inf =   1.345e+00 (13537) 1
*202092: obj =   1.019918954e+12 inf =   1.346e+00 (13532) 1
*202193: obj =   1.019918908e+12 inf =   1.347e+00 (13539) 1
*202295: obj =   1.019918832e+12 inf =   1.351e+00 (13527) 1
*202396: obj =   1.019918724e+12 inf =   1.354e+00 (13524) 1
*202497: obj =   1.019918664e+12 inf =   1.355e+00 (13517) 1
*202599: obj =   1.019918617e+12 inf =   1.356e+00 (13516) 1
*202700: obj =   1.019918550e+12 inf =   1.360e+00 (13500) 1
*202801: obj =   1.019918528e+12 inf =   1.360e+00 (13489) 1
*202903: obj =   1.019918482e+12 inf =   1.360e+00 (13507) 1
*203004: obj =   1.019918477e+12 inf =   1.360e+00 (13495) 1
*203105: obj =   1.019918460e+12 inf =   1.362e+00 (13511) 1
*203206: obj =   1.019918455e+12 inf =   1.362e+00 (13484) 1
*203307: obj =   1.019918443e+12 inf =   1.363e+00 (13491) 1
*203408: obj =   1.019918333e+12 inf =   1.368e+00 (13481) 1
*203509: obj =   1.019918296e+12 inf =   1.367e+00 (13487) 1
*203611: obj =   1.019918296e+12 inf =   1.367e+00 (13505) 1
*203713: obj =   1.019918285e+12 inf =   1.367e+00 (13491) 1
*203814: obj =   1.019918255e+12 inf =   1.367e+00 (13491) 1
*203915: obj =   1.019918246e+12 inf =   1.366e+00 (13481) 1
*204016: obj =   1.019918242e+12 inf =   1.366e+00 (13490) 1
*204117: obj =   1.019918215e+12 inf =   1.364e+00 (13487) 1
*204220: obj =   1.019918148e+12 inf =   1.362e+00 (13483) 1
*204321: obj =   1.019918133e+12 inf =   1.362e+00 (13479) 1
*204422: obj =   1.019918101e+12 inf =   1.361e+00 (13479) 1
*204523: obj =   1.019918078e+12 inf =   1.361e+00 (13490) 1
*204624: obj =   1.019918052e+12 inf =   1.360e+00 (13490) 1
*204725: obj =   1.019918031e+12 inf =   1.358e+00 (13492) 1
*204826: obj =   1.019917988e+12 inf =   1.354e+00 (13494) 1
*204929: obj =   1.019917939e+12 inf =   1.351e+00 (13478) 1
*205030: obj =   1.019917906e+12 inf =   1.350e+00 (13478) 1
*205131: obj =   1.019917780e+12 inf =   1.353e+00 (13480) 1
*205234: obj =   1.019917771e+12 inf =   1.354e+00 (13468) 1
*205335: obj =   1.019917683e+12 inf =   1.360e+00 (13458) 1
*205437: obj =   1.019917664e+12 inf =   1.362e+00 (13454) 1
*205538: obj =   1.019917653e+12 inf =   1.363e+00 (13442) 1
*205639: obj =   1.019917622e+12 inf =   1.363e+00 (13431) 1
*205740: obj =   1.019917543e+12 inf =   1.364e+00 (13435) 1
*205841: obj =   1.019917505e+12 inf =   1.366e+00 (13440) 1
*205942: obj =   1.019917445e+12 inf =   1.373e+00 (13424) 1
*206043: obj =   1.019917440e+12 inf =   1.373e+00 (13420) 1
*206145: obj =   1.019917426e+12 inf =   1.372e+00 (13407) 1
*206246: obj =   1.019917402e+12 inf =   1.373e+00 (13418) 1
*206347: obj =   1.019917360e+12 inf =   1.375e+00 (13421) 1
*206448: obj =   1.019917301e+12 inf =   1.378e+00 (13409) 1
*206549: obj =   1.019917232e+12 inf =   1.381e+00 (13402) 1
*206650: obj =   1.019917210e+12 inf =   1.380e+00 (13399) 1
*206751: obj =   1.019917156e+12 inf =   1.380e+00 (13402) 1
*206854: obj =   1.019917142e+12 inf =   1.380e+00 (13374) 1
*206955: obj =   1.019917104e+12 inf =   1.382e+00 (13380) 1
*207056: obj =   1.019917090e+12 inf =   1.383e+00 (13379) 1
*207157: obj =   1.019917087e+12 inf =   1.382e+00 (13394) 1
*207258: obj =   1.019917071e+12 inf =   1.381e+00 (13388) 1
*207359: obj =   1.019917038e+12 inf =   1.379e+00 (13373) 1
*207460: obj =   1.019917019e+12 inf =   1.378e+00 (13386) 1
*207561: obj =   1.019917018e+12 inf =   1.378e+00 (13394) 1
*207664: obj =   1.019917011e+12 inf =   1.376e+00 (13392) 1
*207767: obj =   1.019917003e+12 inf =   1.374e+00 (13373) 1
*207870: obj =   1.019917003e+12 inf =   1.373e+00 (13362) 1
*207971: obj =   1.019916965e+12 inf =   1.368e+00 (13354) 1
*208072: obj =   1.019916941e+12 inf =   1.361e+00 (13361) 1
*208173: obj =   1.019916940e+12 inf =   1.361e+00 (13342) 1
*208275: obj =   1.019916915e+12 inf =   1.356e+00 (13354) 1
*208376: obj =   1.019916903e+12 inf =   1.353e+00 (13342) 1
*208477: obj =   1.019916903e+12 inf =   1.352e+00 (13336) 1
*208578: obj =   1.019916899e+12 inf =   1.351e+00 (13317) 1
*208679: obj =   1.019916821e+12 inf =   1.340e+00 (13322) 1
*208781: obj =   1.019916819e+12 inf =   1.340e+00 (13325) 1
*208886: obj =   1.019916819e+12 inf =   1.339e+00 (13301) 1
*208987: obj =   1.019916814e+12 inf =   1.338e+00 (13297) 1
*209089: obj =   1.019916809e+12 inf =   1.337e+00 (13288) 1
*209190: obj =   1.019916808e+12 inf =   1.337e+00 (13289) 1
*209292: obj =   1.019916800e+12 inf =   1.337e+00 (13301) 1
*209393: obj =   1.019916767e+12 inf =   1.328e+00 (13287) 1
*209494: obj =   1.019916754e+12 inf =   1.324e+00 (13284) 1
*209597: obj =   1.019916738e+12 inf =   1.321e+00 (13275) 1
*209698: obj =   1.019916721e+12 inf =   1.319e+00 (13276) 1
*209799: obj =   1.019916707e+12 inf =   1.317e+00 (13278) 1
*209900: obj =   1.019916682e+12 inf =   1.310e+00 (13257) 1
*210001: obj =   1.019916675e+12 inf =   1.309e+00 (13252) 1
*210102: obj =   1.019916651e+12 inf =   1.309e+00 (13259) 1
*210204: obj =   1.019916632e+12 inf =   1.308e+00 (13291) 1
*210306: obj =   1.019916599e+12 inf =   1.301e+00 (13288) 1
*210407: obj =   1.019916551e+12 inf =   1.299e+00 (13279) 1
*210508: obj =   1.019916525e+12 inf =   1.300e+00 (13286) 1
*210610: obj =   1.019916516e+12 inf =   1.299e+00 (13269) 1
*210711: obj =   1.019916515e+12 inf =   1.299e+00 (13267) 1
*210814: obj =   1.019916514e+12 inf =   1.299e+00 (13264) 1
*210917: obj =   1.019916514e+12 inf =   1.299e+00 (13259) 1
*211020: obj =   1.019916513e+12 inf =   1.298e+00 (13221) 1
*211123: obj =   1.019916507e+12 inf =   1.296e+00 (13217) 1
*211225: obj =   1.019916494e+12 inf =   1.292e+00 (13220) 1
*211328: obj =   1.019916468e+12 inf =   1.288e+00 (13222) 1
*211429: obj =   1.019916438e+12 inf =   1.282e+00 (13227) 1
*211530: obj =   1.019916429e+12 inf =   1.280e+00 (13217) 1
*211631: obj =   1.019916425e+12 inf =   1.280e+00 (13220) 1
*211733: obj =   1.019916425e+12 inf =   1.279e+00 (13227) 1
*211834: obj =   1.019916416e+12 inf =   1.276e+00 (13226) 1
*211935: obj =   1.019916414e+12 inf =   1.276e+00 (13247) 1
*212036: obj =   1.019916361e+12 inf =   1.271e+00 (13235) 1
*212137: obj =   1.019916335e+12 inf =   1.270e+00 (13235) 1
*212238: obj =   1.019916330e+12 inf =   1.269e+00 (13222) 1
*212339: obj =   1.019916300e+12 inf =   1.264e+00 (13231) 1
*212440: obj =   1.019916276e+12 inf =   1.258e+00 (13203) 1
*212542: obj =   1.019916268e+12 inf =   1.257e+00 (13189) 1
*212645: obj =   1.019916264e+12 inf =   1.256e+00 (13188) 1
*212746: obj =   1.019916252e+12 inf =   1.255e+00 (13205) 1
*212847: obj =   1.019916232e+12 inf =   1.253e+00 (13196) 1
*212951: obj =   1.019916215e+12 inf =   1.251e+00 (13205) 1
*213052: obj =   1.019916179e+12 inf =   1.251e+00 (13195) 1
*213153: obj =   1.019916170e+12 inf =   1.251e+00 (13190) 1
*213254: obj =   1.019916149e+12 inf =   1.252e+00 (13183) 1
*213355: obj =   1.019916135e+12 inf =   1.253e+00 (13196) 1
*213456: obj =   1.019916105e+12 inf =   1.252e+00 (13218) 1
*213557: obj =   1.019916086e+12 inf =   1.251e+00 (13218) 1
*213658: obj =   1.019916067e+12 inf =   1.251e+00 (13203) 1
*213759: obj =   1.019916063e+12 inf =   1.251e+00 (13194) 1
*213861: obj =   1.019916061e+12 inf =   1.251e+00 (13176) 1
*213962: obj =   1.019916060e+12 inf =   1.250e+00 (13185) 1
*214063: obj =   1.019916030e+12 inf =   1.251e+00 (13172) 1
*214164: obj =   1.019915983e+12 inf =   1.255e+00 (13165) 1
*214265: obj =   1.019915944e+12 inf =   1.262e+00 (13151) 1
*214366: obj =   1.019915929e+12 inf =   1.265e+00 (13133) 1
*214467: obj =   1.019915911e+12 inf =   1.265e+00 (13133) 1
*214568: obj =   1.019915880e+12 inf =   1.270e+00 (13138) 1
*214669: obj =   1.019915865e+12 inf =   1.272e+00 (13141) 1
*214771: obj =   1.019915863e+12 inf =   1.272e+00 (13143) 1
*214873: obj =   1.019915850e+12 inf =   1.271e+00 (13142) 1
*214974: obj =   1.019915836e+12 inf =   1.270e+00 (13147) 1
*215077: obj =   1.019915833e+12 inf =   1.270e+00 (13143) 1
*215179: obj =   1.019915828e+12 inf =   1.268e+00 (13128) 1
*215280: obj =   1.019915816e+12 inf =   1.267e+00 (13117) 1
*215381: obj =   1.019915787e+12 inf =   1.268e+00 (13097) 1
*215482: obj =   1.019915779e+12 inf =   1.267e+00 (13117) 1
*215583: obj =   1.019915727e+12 inf =   1.266e+00 (13107) 1
*215685: obj =   1.019915722e+12 inf =   1.266e+00 (13103) 1
*215786: obj =   1.019915718e+12 inf =   1.265e+00 (13092) 1
*215889: obj =   1.019915717e+12 inf =   1.264e+00 (13084) 1
*215991: obj =   1.019915715e+12 inf =   1.264e+00 (13066) 1
*216092: obj =   1.019915710e+12 inf =   1.264e+00 (13072) 1
*216193: obj =   1.019915707e+12 inf =   1.264e+00 (13073) 1
*216294: obj =   1.019915703e+12 inf =   1.264e+00 (13054) 1
*216395: obj =   1.019915682e+12 inf =   1.262e+00 (13053) 1
*216496: obj =   1.019915666e+12 inf =   1.260e+00 (13046) 1
*216597: obj =   1.019915648e+12 inf =   1.259e+00 (13043) 1
*216698: obj =   1.019915646e+12 inf =   1.259e+00 (13029) 1
*216800: obj =   1.019915645e+12 inf =   1.259e+00 (13029) 1
*216903: obj =   1.019915645e+12 inf =   1.259e+00 (13024) 1
*217005: obj =   1.019915628e+12 inf =   1.257e+00 (13049) 1
*217106: obj =   1.019915583e+12 inf =   1.257e+00 (13038) 1
*217209: obj =   1.019915571e+12 inf =   1.258e+00 (13036) 1
*217310: obj =   1.019915567e+12 inf =   1.258e+00 (13027) 1
*217411: obj =   1.019915550e+12 inf =   1.260e+00 (13015) 1
*217512: obj =   1.019915547e+12 inf =   1.260e+00 (13016) 1
*217613: obj =   1.019915515e+12 inf =   1.260e+00 (13014) 1
*217716: obj =   1.019915488e+12 inf =   1.261e+00 (13018) 1
*217818: obj =   1.019915487e+12 inf =   1.261e+00 (13003) 1
*217919: obj =   1.019915486e+12 inf =   1.261e+00 (12998) 1
*218020: obj =   1.019915483e+12 inf =   1.261e+00 (13000) 1
*218121: obj =   1.019915465e+12 inf =   1.263e+00 (13009) 1
*218222: obj =   1.019915426e+12 inf =   1.267e+00 (12995) 1
*218323: obj =   1.019915418e+12 inf =   1.268e+00 (12978) 1
*218424: obj =   1.019915389e+12 inf =   1.271e+00 (12972) 1
*218527: obj =   1.019915385e+12 inf =   1.271e+00 (12979) 1
*218628: obj =   1.019915380e+12 inf =   1.272e+00 (12985) 1
*218734: obj =   1.019915378e+12 inf =   1.271e+00 (12982) 1
*218835: obj =   1.019915352e+12 inf =   1.272e+00 (12986) 1
*218937: obj =   1.019915337e+12 inf =   1.273e+00 (12990) 1
*219040: obj =   1.019915333e+12 inf =   1.272e+00 (12982) 1
*219141: obj =   1.019915326e+12 inf =   1.269e+00 (12965) 1
*219329: obj =   1.019915190e+12 inf =   1.267e+00 (13390) 1
*219506: obj =   1.019915051e+12 inf =   1.264e+00 (13326) 2
*219682: obj =   1.019914911e+12 inf =   1.262e+00 (13263) 2
*219863: obj =   1.019914811e+12 inf =   1.259e+00 (13203) 1
*220039: obj =   1.019914621e+12 inf =   1.256e+00 (13174) 2
*220220: obj =   1.019914590e+12 inf =   1.254e+00 (13162) 1
*220397: obj =   1.019914408e+12 inf =   1.252e+00 (13108) 2
*220579: obj =   1.019914370e+12 inf =   1.250e+00 (13088) 2
*220760: obj =   1.019914363e+12 inf =   1.248e+00 (13054) 1
*220938: obj =   1.019914282e+12 inf =   1.245e+00 (13020) 2
*221120: obj =   1.019913923e+12 inf =   1.238e+00 (12988) 1
*221297: obj =   1.019913718e+12 inf =   1.236e+00 (12972) 2
*221480: obj =   1.019913570e+12 inf =   1.233e+00 (12963) 2
*221664: obj =   1.019913365e+12 inf =   1.230e+00 (12942) 1
*221843: obj =   1.019913187e+12 inf =   1.228e+00 (12939) 2
*222028: obj =   1.019913110e+12 inf =   1.226e+00 (12904) 1
*222208: obj =   1.019913063e+12 inf =   1.224e+00 (12890) 2
*222388: obj =   1.019913042e+12 inf =   1.222e+00 (12874) 2
*222573: obj =   1.019912835e+12 inf =   1.218e+00 (12873) 1
*222753: obj =   1.019912760e+12 inf =   1.215e+00 (12848) 2
*222937: obj =   1.019912673e+12 inf =   1.214e+00 (12811) 1
*223115: obj =   1.019912630e+12 inf =   1.212e+00 (12843) 2
*223294: obj =   1.019912538e+12 inf =   1.210e+00 (12828) 2
*223479: obj =   1.019912493e+12 inf =   1.208e+00 (12816) 1
*223657: obj =   1.019912232e+12 inf =   1.203e+00 (12816) 2
*223835: obj =   1.019912149e+12 inf =   1.202e+00 (12781) 2
*224020: obj =   1.019912112e+12 inf =   1.201e+00 (12770) 1
*224201: obj =   1.019912097e+12 inf =   1.200e+00 (12719) 2
*224377: obj =   1.019911994e+12 inf =   1.196e+00 (12753) 2
*224562: obj =   1.019911860e+12 inf =   1.196e+00 (12731) 1
*224743: obj =   1.019911825e+12 inf =   1.196e+00 (12697) 2
*224928: obj =   1.019911824e+12 inf =   1.194e+00 (12687) 2
*225109: obj =   1.019911780e+12 inf =   1.193e+00 (12684) 1
*225285: obj =   1.019911558e+12 inf =   1.191e+00 (12675) 2
*225463: obj =   1.019911342e+12 inf =   1.193e+00 (12654) 2
*225637: obj =   1.019911194e+12 inf =   1.192e+00 (12635) 1
*225815: obj =   1.019911163e+12 inf =   1.193e+00 (12629) 2
*225993: obj =   1.019911137e+12 inf =   1.194e+00 (12610) 2
*226177: obj =   1.019911071e+12 inf =   1.197e+00 (12605) 1
*226357: obj =   1.019911047e+12 inf =   1.197e+00 (12617) 2
*226533: obj =   1.019910858e+12 inf =   1.198e+00 (12608) 2
*226708: obj =   1.019910748e+12 inf =   1.203e+00 (12617) 1
*226882: obj =   1.019910571e+12 inf =   1.209e+00 (12595) 2
*227062: obj =   1.019910415e+12 inf =   1.215e+00 (12600) 2
*227256: obj =   1.019910285e+12 inf =   1.220e+00 (12566) 1
*227459: obj =   1.019910201e+12 inf =   1.222e+00 (12549) 2
*227658: obj =   1.019910098e+12 inf =   1.223e+00 (12547) 2
*227871: obj =   1.019910093e+12 inf =   1.223e+00 (12556) 2
*228041: obj =   1.019910028e+12 inf =   1.229e+00 (12547) 2
*228217: obj =   1.019909904e+12 inf =   1.239e+00 (12537) 1
*228414: obj =   1.019909803e+12 inf =   1.245e+00 (12563) 2
*228608: obj =   1.019909732e+12 inf =   1.246e+00 (12579) 2
*228781: obj =   1.019909545e+12 inf =   1.267e+00 (12575) 2
*228971: obj =   1.019909508e+12 inf =   1.272e+00 (12556) 2
*229145: obj =   1.019909341e+12 inf =   1.292e+00 (12561) 1
*229329: obj =   1.019909267e+12 inf =   1.299e+00 (12533) 2
*229521: obj =   1.019909115e+12 inf =   1.309e+00 (12533) 2
*229709: obj =   1.019909076e+12 inf =   1.310e+00 (12505) 2
*229888: obj =   1.019909069e+12 inf =   1.311e+00 (12504) 1
*230106: obj =   1.019909040e+12 inf =   1.310e+00 (12512) 2
*230330: obj =   1.019909029e+12 inf =   1.309e+00 (12524) 2
*230510: obj =   1.019908937e+12 inf =   1.315e+00 (12517) 2
*230709: obj =   1.019908892e+12 inf =   1.322e+00 (12477) 2
*230889: obj =   1.019908887e+12 inf =   1.322e+00 (12459) 1
*231106: obj =   1.019908856e+12 inf =   1.326e+00 (12450) 2
*231315: obj =   1.019908814e+12 inf =   1.327e+00 (12439) 2
*231503: obj =   1.019908677e+12 inf =   1.331e+00 (12453) 2
*231715: obj =   1.019908613e+12 inf =   1.335e+00 (12444) 2
*231924: obj =   1.019908557e+12 inf =   1.336e+00 (12437) 2
*232125: obj =   1.019908543e+12 inf =   1.339e+00 (12451) 2
*232312: obj =   1.019908490e+12 inf =   1.344e+00 (12449) 2
*232514: obj =   1.019908344e+12 inf =   1.345e+00 (12458) 1
*232735: obj =   1.019908295e+12 inf =   1.343e+00 (12448) 2
*232921: obj =   1.019908116e+12 inf =   1.349e+00 (12450) 2
*233092: obj =   1.019907982e+12 inf =   1.363e+00 (12433) 2
*233268: obj =   1.019907893e+12 inf =   1.374e+00 (12424) 2
*233455: obj =   1.019907825e+12 inf =   1.382e+00 (12404) 1
*233640: obj =   1.019907797e+12 inf =   1.388e+00 (12395) 2
*233842: obj =   1.019907733e+12 inf =   1.392e+00 (12372) 2
*234091: obj =   1.019907732e+12 inf =   1.392e+00 (12398) 2
*234290: obj =   1.019907610e+12 inf =   1.399e+00 (12379) 2
*234471: obj =   1.019907540e+12 inf =   1.411e+00 (12364) 2
*234660: obj =   1.019907412e+12 inf =   1.422e+00 (12372) 1
*234836: obj =   1.019907346e+12 inf =   1.432e+00 (12389) 2
*235053: obj =   1.019907328e+12 inf =   1.435e+00 (12383) 2
*235248: obj =   1.019907323e+12 inf =   1.435e+00 (12374) 2
*235437: obj =   1.019907286e+12 inf =   1.441e+00 (12367) 1
*235636: obj =   1.019907255e+12 inf =   1.438e+00 (12375) 2
*235881: obj =   1.019907254e+12 inf =   1.438e+00 (12340) 3
*236134: obj =   1.019907249e+12 inf =   1.438e+00 (12324) 2
*236365: obj =   1.019907232e+12 inf =   1.435e+00 (12346) 2
*236582: obj =   1.019907205e+12 inf =   1.431e+00 (12338) 2
*236819: obj =   1.019907195e+12 inf =   1.428e+00 (12315) 2
*237060: obj =   1.019907185e+12 inf =   1.426e+00 (12307) 2
*237309: obj =   1.019907183e+12 inf =   1.425e+00 (12296) 3
*237511: obj =   1.019907170e+12 inf =   1.419e+00 (12282) 1
*237700: obj =   1.019907126e+12 inf =   1.408e+00 (12309) 2
*237879: obj =   1.019907120e+12 inf =   1.405e+00 (12281) 2
*238059: obj =   1.019907112e+12 inf =   1.401e+00 (12253) 2
*238244: obj =   1.019907093e+12 inf =   1.390e+00 (12232) 1
*238424: obj =   1.019907071e+12 inf =   1.379e+00 (12241) 2
*238609: obj =   1.019907062e+12 inf =   1.373e+00 (12249) 1
*238786: obj =   1.019907061e+12 inf =   1.372e+00 (12243) 2
*238959: obj =   1.019907044e+12 inf =   1.363e+00 (12223) 2
*239149: obj =   1.019907018e+12 inf =   1.344e+00 (12207) 1
*239352: obj =   1.019907008e+12 inf =   1.340e+00 (12173) 2
*239541: obj =   1.019906959e+12 inf =   1.327e+00 (12148) 2
*239712: obj =   1.019906895e+12 inf =   1.318e+00 (12156) 2
*239894: obj =   1.019906865e+12 inf =   1.314e+00 (12149) 2
*240074: obj =   1.019906857e+12 inf =   1.312e+00 (12127) 1
*240258: obj =   1.019906846e+12 inf =   1.306e+00 (12119) 2
*240434: obj =   1.019906814e+12 inf =   1.295e+00 (12149) 2
*240611: obj =   1.019906738e+12 inf =   1.274e+00 (12130) 1
*240788: obj =   1.019906666e+12 inf =   1.262e+00 (12107) 2
*240960: obj =   1.019906641e+12 inf =   1.260e+00 (12113) 2
*241177: obj =   1.019906637e+12 inf =   1.259e+00 (12063) 1
*241363: obj =   1.018618708e+12 inf =   1.257e+00 (12082) 2
*241576: obj =   1.018618676e+12 inf =   1.261e+00 (12055) 2
*241776: obj =   1.018618670e+12 inf =   1.260e+00 (12062) 2
*241977: obj =   1.018618655e+12 inf =   1.259e+00 (12083) 2
*242163: obj =   1.018618601e+12 inf =   1.255e+00 (12072) 1
*242347: obj =   1.018618580e+12 inf =   1.251e+00 (12105) 2
*242520: obj =   1.018618551e+12 inf =   1.242e+00 (12090) 2
*242716: obj =   1.018618526e+12 inf =   1.235e+00 (12079) 2
*242953: obj =   1.018618513e+12 inf =   1.236e+00 (12067) 2
*243140: obj =   1.018618501e+12 inf =   1.229e+00 (12067) 1
*243320: obj =   1.018618492e+12 inf =   1.225e+00 (12068) 2
*243504: obj =   1.018618466e+12 inf =   1.215e+00 (12061) 2
*243690: obj =   1.018618452e+12 inf =   1.208e+00 (12046) 1
*243859: obj =   1.018618415e+12 inf =   1.201e+00 (12037) 2
*244040: obj =   1.018618363e+12 inf =   1.198e+00 (12054) 2
*244226: obj =   1.014755248e+12 inf =   1.198e+00 (12054) 1
*244404: obj =   1.014755238e+12 inf =   1.193e+00 (12042) 2
*244585: obj =   1.014755222e+12 inf =   1.191e+00 (12050) 2
*244789: obj =   1.014755211e+12 inf =   1.189e+00 (12051) 2
*244997: obj =   1.013467627e+12 inf =   1.190e+00 (12035) 2
*245186: obj =   1.010893236e+12 inf =   1.184e+00 (12008) 1
*245372: obj =   1.010893217e+12 inf =   1.176e+00 (11998) 2
*245551: obj =   1.010893166e+12 inf =   1.171e+00 (11998) 2
*245733: obj =   1.010893146e+12 inf =   1.167e+00 (11983) 1
*245943: obj =   1.009606996e+12 inf =   1.165e+00 (11963) 2
*246145: obj =   1.009606981e+12 inf =   1.164e+00 (11983) 2
*246344: obj =   1.009606961e+12 inf =   1.163e+00 (11957) 2
*246566: obj =   1.009606931e+12 inf =   1.162e+00 (11951) 2
*246762: obj =   1.009606886e+12 inf =   1.164e+00 (11952) 2
*246939: obj =   1.009606832e+12 inf =   1.165e+00 (11965) 2
*247126: obj =   1.009606826e+12 inf =   1.163e+00 (11977) 1
*247298: obj =   1.009606799e+12 inf =   1.154e+00 (11971) 2
*247478: obj =   1.009606753e+12 inf =   1.158e+00 (11984) 2
*247667: obj =   1.009606749e+12 inf =   1.157e+00 (11961) 1
*247861: obj =   1.009606726e+12 inf =   1.160e+00 (11976) 2
*248054: obj =   1.005755173e+12 inf =   1.166e+00 (11953) 2
*248238: obj =   1.005755166e+12 inf =   1.165e+00 (11959) 1
*248411: obj =   1.005755135e+12 inf =   1.162e+00 (11943) 2
*248616: obj =   1.005755100e+12 inf =   1.160e+00 (11931) 2
*248796: obj =   1.005755031e+12 inf =   1.160e+00 (11919) 2
*248977: obj =   1.005754992e+12 inf =   1.161e+00 (11923) 1
*249182: obj =   1.000625257e+12 inf =   1.160e+00 (11902) 2
*249355: obj =   1.000625228e+12 inf =   1.155e+00 (11913) 2
*249564: obj =   1.000625189e+12 inf =   1.151e+00 (11895) 1
*249752: obj =   1.000625174e+12 inf =   1.151e+00 (11895) 2
*249922: obj =   1.000625158e+12 inf =   1.147e+00 (11880) 2
*250100: obj =   1.000625146e+12 inf =   1.143e+00 (11857) 2
*250297: obj =   9.956353865e+11 inf =   1.140e+00 (41960) 1
*250470: obj =   9.956325583e+11 inf =   1.138e+00 (41895) 2
*250643: obj =   9.956254934e+11 inf =   1.135e+00 (41842) 2
*250819: obj =   9.956210961e+11 inf =   1.133e+00 (41793) 1
*250990: obj =   9.956157622e+11 inf =   1.128e+00 (41760) 2
*251160: obj =   9.956115251e+11 inf =   1.123e+00 (41699) 2
*251330: obj =   9.956053507e+11 inf =   1.115e+00 (41646) 2
*251505: obj =   9.955938580e+11 inf =   1.100e+00 (41581) 1
*251673: obj =   9.955795889e+11 inf =   1.074e+00 (41540) 2
*251842: obj =   9.955599428e+11 inf =   1.046e+00 (41486) 2
*252014: obj =   9.955449065e+11 inf =   1.021e+00 (41472) 1
*252183: obj =   9.955279723e+11 inf =   1.007e+00 (41395) 2
*252350: obj =   9.955217202e+11 inf =   9.989e-01 (41350) 2
*252521: obj =   9.955105623e+11 inf =   9.843e-01 (41274) 1
*252647: obj =   9.955056671e+11 inf =   9.744e-01 (13355) 2
*252748: obj =   9.955056047e+11 inf =   9.734e-01 (13331) 1
*252849: obj =   9.955056032e+11 inf =   9.734e-01 (13337) 1
*252950: obj =   9.955055297e+11 inf =   9.721e-01 (13317) 1
*253051: obj =   9.955053587e+11 inf =   9.694e-01 (13306) 1
*253152: obj =   9.955052795e+11 inf =   9.677e-01 (13306) 1
*253253: obj =   9.955051589e+11 inf =   9.668e-01 (13307) 1
*253354: obj =   9.955049853e+11 inf =   9.632e-01 (13296) 1
*253456: obj =   9.955047938e+11 inf =   9.610e-01 (13296) 1
*253558: obj =   9.955047200e+11 inf =   9.594e-01 (13299) 1
*253659: obj =   9.955046154e+11 inf =   9.582e-01 (13289) 1
*253760: obj =   9.955045469e+11 inf =   9.565e-01 (13297) 1
*253861: obj =   9.955045465e+11 inf =   9.565e-01 (13279) 1
*253962: obj =   9.955045356e+11 inf =   9.563e-01 (13271) 1
*254065: obj =   9.955045126e+11 inf =   9.558e-01 (13271) 1
*254166: obj =   9.955044820e+11 inf =   9.545e-01 (13285) 1
*254267: obj =   9.955044311e+11 inf =   9.523e-01 (13285) 1
*254368: obj =   9.955044208e+11 inf =   9.520e-01 (13272) 1
*254469: obj =   9.955042131e+11 inf =   9.459e-01 (13269) 1
*254571: obj =   9.955039703e+11 inf =   9.433e-01 (13251) 1
*254672: obj =   9.955037696e+11 inf =   9.432e-01 (13244) 1
*254774: obj =   9.955037309e+11 inf =   9.424e-01 (13246) 1
*254875: obj =   9.955036888e+11 inf =   9.416e-01 (13228) 1
*254976: obj =   9.955036730e+11 inf =   9.411e-01 (13237) 1
*255077: obj =   9.955036530e+11 inf =   9.404e-01 (13219) 1
*255178: obj =   9.955036081e+11 inf =   9.388e-01 (13222) 1
*255279: obj =   9.955035521e+11 inf =   9.372e-01 (13226) 1
*255380: obj =   9.955033685e+11 inf =   9.344e-01 (13224) 1
*255481: obj =   9.955031956e+11 inf =   9.385e-01 (13237) 1
*255583: obj =   9.955031059e+11 inf =   9.414e-01 (13225) 1
*255684: obj =   9.955030868e+11 inf =   9.423e-01 (13219) 1
*255785: obj =   9.955030764e+11 inf =   9.428e-01 (13217) 1
*255889: obj =   9.955030365e+11 inf =   9.444e-01 (13214) 1
*255990: obj =   9.955029798e+11 inf =   9.461e-01 (13190) 1
*256091: obj =   9.955029341e+11 inf =   9.480e-01 (13183) 1
*256195: obj =   9.955028197e+11 inf =   9.522e-01 (13207) 1
*256296: obj =   9.955027158e+11 inf =   9.583e-01 (13221) 1
*256397: obj =   9.955026658e+11 inf =   9.621e-01 (13201) 1
*256500: obj =   9.955026213e+11 inf =   9.653e-01 (13198) 1
*256602: obj =   9.955026165e+11 inf =   9.657e-01 (13218) 1
*256703: obj =   9.955026045e+11 inf =   9.667e-01 (13198) 1
*256804: obj =   9.955025722e+11 inf =   9.686e-01 (13197) 1
*256905: obj =   9.955024294e+11 inf =   9.779e-01 (13195) 1
*257006: obj =   9.955024185e+11 inf =   9.788e-01 (13208) 1
*257107: obj =   9.955023991e+11 inf =   9.804e-01 (13191) 1
*257213: obj =   9.955023957e+11 inf =   9.802e-01 (13163) 1
*257314: obj =   9.955023516e+11 inf =   9.828e-01 (13153) 1
*257415: obj =   9.955022604e+11 inf =   9.852e-01 (13154) 1
*257516: obj =   9.955021374e+11 inf =   9.895e-01 (13157) 1
*257620: obj =   9.955021296e+11 inf =   9.898e-01 (13119) 1
*257721: obj =   9.955020582e+11 inf =   9.931e-01 (13123) 1
*257822: obj =   9.955019613e+11 inf =   1.000e+00 (13130) 1
*257923: obj =   9.955018627e+11 inf =   1.009e+00 (13131) 1
*258024: obj =   9.955018349e+11 inf =   1.012e+00 (13141) 1
*258125: obj =   9.955017290e+11 inf =   1.024e+00 (13132) 1
*258229: obj =   9.955017100e+11 inf =   1.024e+00 (13136) 1
*258331: obj =   9.955016834e+11 inf =   1.026e+00 (13121) 1
*258433: obj =   9.955016550e+11 inf =   1.028e+00 (13143) 1
*258534: obj =   9.955016029e+11 inf =   1.030e+00 (13126) 1
*258635: obj =   9.955015269e+11 inf =   1.032e+00 (13132) 1
*258738: obj =   9.955015231e+11 inf =   1.032e+00 (13125) 1
*258839: obj =   9.955015200e+11 inf =   1.032e+00 (13124) 1
*258940: obj =   9.955014692e+11 inf =   1.035e+00 (13124) 1
*259041: obj =   9.955014501e+11 inf =   1.036e+00 (13118) 1
*259142: obj =   9.955014165e+11 inf =   1.038e+00 (13107) 1
*259243: obj =   9.955013433e+11 inf =   1.043e+00 (13100) 1
*259344: obj =   9.955013293e+11 inf =   1.044e+00 (13095) 1
*259446: obj =   9.955012638e+11 inf =   1.050e+00 (13088) 1
*259549: obj =   9.955012612e+11 inf =   1.049e+00 (13084) 1
*259650: obj =   9.955012583e+11 inf =   1.049e+00 (13090) 1
*259751: obj =   9.955011581e+11 inf =   1.050e+00 (13083) 1
*259852: obj =   9.955011477e+11 inf =   1.050e+00 (13067) 1
*259955: obj =   9.955011440e+11 inf =   1.050e+00 (13063) 1
*260056: obj =   9.955011135e+11 inf =   1.052e+00 (13066) 1
*260157: obj =   9.955011100e+11 inf =   1.052e+00 (13073) 1
*260258: obj =   9.955011058e+11 inf =   1.052e+00 (13065) 1
*260359: obj =   9.955010420e+11 inf =   1.054e+00 (13051) 1
*260460: obj =   9.955009450e+11 inf =   1.056e+00 (13062) 1
*260561: obj =   9.955008984e+11 inf =   1.056e+00 (13069) 1
*260662: obj =   9.955007922e+11 inf =   1.062e+00 (13043) 1
*260766: obj =   9.955007622e+11 inf =   1.062e+00 (13034) 1
*260870: obj =   9.955007528e+11 inf =   1.062e+00 (13009) 1
*260971: obj =   9.955007526e+11 inf =   1.062e+00 (13002) 1
*261072: obj =   9.955007153e+11 inf =   1.062e+00 (12994) 1
*261173: obj =   9.955006716e+11 inf =   1.061e+00 (12970) 1
*261274: obj =   9.955005842e+11 inf =   1.060e+00 (12967) 1
*261375: obj =   9.955005280e+11 inf =   1.061e+00 (12973) 1
*261477: obj =   9.955005102e+11 inf =   1.061e+00 (12994) 1
*261579: obj =   9.955004959e+11 inf =   1.062e+00 (12975) 1
*261680: obj =   9.955004948e+11 inf =   1.062e+00 (12965) 1
*261781: obj =   9.955004204e+11 inf =   1.067e+00 (12966) 1
*261882: obj =   9.955003494e+11 inf =   1.071e+00 (12972) 1
*261983: obj =   9.955003062e+11 inf =   1.073e+00 (12967) 1
*262084: obj =   9.955002496e+11 inf =   1.077e+00 (12965) 1
*262185: obj =   9.955001525e+11 inf =   1.086e+00 (12969) 1
*262286: obj =   9.955000839e+11 inf =   1.095e+00 (12954) 1
*262387: obj =   9.955000117e+11 inf =   1.105e+00 (12948) 1
*262491: obj =   9.954999652e+11 inf =   1.111e+00 (12921) 1
*262593: obj =   9.954999353e+11 inf =   1.117e+00 (12922) 1
*262695: obj =   9.954999329e+11 inf =   1.117e+00 (12942) 1
*262796: obj =   9.954998861e+11 inf =   1.124e+00 (12955) 1
*262897: obj =   9.954998510e+11 inf =   1.129e+00 (12956) 1
*263002: obj =   9.954998498e+11 inf =   1.129e+00 (12928) 1
*263103: obj =   9.954998453e+11 inf =   1.129e+00 (12944) 1
*263204: obj =   9.954998120e+11 inf =   1.130e+00 (12958) 1
*263305: obj =   9.954997681e+11 inf =   1.131e+00 (12959) 1
*263406: obj =   9.954997366e+11 inf =   1.134e+00 (12974) 1
*263507: obj =   9.954997132e+11 inf =   1.134e+00 (12970) 1
*263609: obj =   9.954997052e+11 inf =   1.135e+00 (12934) 1
*263710: obj =   9.954996310e+11 inf =   1.142e+00 (12943) 1
*263811: obj =   9.954995481e+11 inf =   1.149e+00 (12942) 1
*263912: obj =   9.954994735e+11 inf =   1.156e+00 (12944) 1
*264013: obj =   9.954994383e+11 inf =   1.161e+00 (12925) 1
*264117: obj =   9.954994371e+11 inf =   1.160e+00 (12908) 1
*264220: obj =   9.954994346e+11 inf =   1.160e+00 (12915) 1
*264321: obj =   9.954994155e+11 inf =   1.159e+00 (12924) 1
*264422: obj =   9.954993511e+11 inf =   1.158e+00 (12906) 1
*264523: obj =   9.954993189e+11 inf =   1.159e+00 (12924) 1
*264624: obj =   9.954992458e+11 inf =   1.160e+00 (12925) 1
*264725: obj =   9.954991690e+11 inf =   1.165e+00 (12923) 1
*264827: obj =   9.954991678e+11 inf =   1.165e+00 (12903) 1
*264928: obj =   9.954991603e+11 inf =   1.164e+00 (12900) 1
*265029: obj =   9.954991291e+11 inf =   1.163e+00 (12886) 1
*265130: obj =   9.954990866e+11 inf =   1.164e+00 (12885) 1
*265237: obj =   9.954990860e+11 inf =   1.163e+00 (12857) 1
*265338: obj =   9.954990860e+11 inf =   1.163e+00 (12842) 1
*265439: obj =   9.954990528e+11 inf =   1.160e+00 (12846) 1
*265540: obj =   9.954990073e+11 inf =   1.159e+00 (12841) 1
*265641: obj =   9.954990060e+11 inf =   1.158e+00 (12837) 1
*265746: obj =   9.954990015e+11 inf =   1.158e+00 (12834) 1
*265847: obj =   9.954989542e+11 inf =   1.162e+00 (12832) 1
*265948: obj =   9.954989430e+11 inf =   1.163e+00 (12834) 1
*266049: obj =   9.954989306e+11 inf =   1.164e+00 (12839) 1
*266150: obj =   9.954989191e+11 inf =   1.164e+00 (12848) 1
*266251: obj =   9.954988950e+11 inf =   1.165e+00 (12816) 1
*266352: obj =   9.954988735e+11 inf =   1.165e+00 (12826) 1
*266455: obj =   9.954988236e+11 inf =   1.163e+00 (12828) 1
*266557: obj =   9.954988088e+11 inf =   1.163e+00 (12834) 1
*266658: obj =   9.954987748e+11 inf =   1.161e+00 (12836) 1
*266759: obj =   9.954987416e+11 inf =   1.162e+00 (12831) 1
*266862: obj =   9.954987182e+11 inf =   1.164e+00 (12824) 1
*266964: obj =   9.954987142e+11 inf =   1.163e+00 (12828) 1
*267067: obj =   9.954986717e+11 inf =   1.163e+00 (12806) 1
*267168: obj =   9.954986623e+11 inf =   1.164e+00 (12802) 1
*267269: obj =   9.954986406e+11 inf =   1.166e+00 (12822) 1
*267370: obj =   9.954986290e+11 inf =   1.166e+00 (12809) 1
*267471: obj =   9.954986139e+11 inf =   1.166e+00 (12806) 1
*267572: obj =   9.954986063e+11 inf =   1.165e+00 (12825) 1
*267673: obj =   9.954985978e+11 inf =   1.164e+00 (12807) 1
*267774: obj =   9.954985623e+11 inf =   1.163e+00 (12816) 1
*267875: obj =   9.954985158e+11 inf =   1.169e+00 (12806) 1
*267976: obj =   9.954984744e+11 inf =   1.176e+00 (12804) 1
*268080: obj =   9.954984694e+11 inf =   1.177e+00 (12799) 1
*268185: obj =   9.954984683e+11 inf =   1.176e+00 (12789) 1
*268289: obj =   9.954983978e+11 inf =   1.175e+00 (12782) 1
*268390: obj =   9.954983805e+11 inf =   1.177e+00 (12768) 1
*268491: obj =   9.954983642e+11 inf =   1.178e+00 (12769) 1
*268595: obj =   9.954983580e+11 inf =   1.178e+00 (12760) 1
*268696: obj =   9.954983255e+11 inf =   1.183e+00 (12761) 1
*268797: obj =   9.954983106e+11 inf =   1.185e+00 (12764) 1
*268899: obj =   9.954982983e+11 inf =   1.188e+00 (12729) 1
*269001: obj =   9.954982975e+11 inf =   1.188e+00 (12750) 1
*269106: obj =   9.954981223e+11 inf =   1.186e+00 (12699) 1
*269329: obj =   9.954976109e+11 inf =   1.185e+00 (41242) 1
*269493: obj =   9.954956159e+11 inf =   1.182e+00 (41178) 2
*269657: obj =   9.954933662e+11 inf =   1.179e+00 (41108) 2
*269824: obj =   9.954893448e+11 inf =   1.172e+00 (41049) 1
*269987: obj =   9.954787341e+11 inf =   1.158e+00 (41018) 2
*270149: obj =   9.954665397e+11 inf =   1.142e+00 (40982) 2
*270315: obj =   9.954551239e+11 inf =   1.131e+00 (40933) 1
*270478: obj =   9.954457394e+11 inf =   1.125e+00 (40876) 2
*270645: obj =   9.954367446e+11 inf =   1.123e+00 (40813) 1
*270807: obj =   9.954239545e+11 inf =   1.127e+00 (40763) 2
*270968: obj =   9.954138136e+11 inf =   1.135e+00 (40718) 2
*271133: obj =   9.954025802e+11 inf =   1.150e+00 (40635) 1
*271292: obj =   9.953903663e+11 inf =   1.172e+00 (40584) 2
*271457: obj =   9.953863187e+11 inf =   1.186e+00 (40527) 1
*271615: obj =   9.953786023e+11 inf =   1.219e+00 (40455) 2
*271774: obj =   9.953713844e+11 inf =   1.262e+00 (40418) 2
*271937: obj =   9.953631342e+11 inf =   1.314e+00 (40379) 1
*272098: obj =   9.953631342e+11 inf =   1.314e+00 (40371) 2
*272262: obj =   9.953626446e+11 inf =   1.317e+00 (40323) 1
*272424: obj =   9.953624550e+11 inf =   1.318e+00 (40273) 2
*272589: obj =   9.953622312e+11 inf =   1.319e+00 (40236) 2
*272753: obj =   9.953537440e+11 inf =   1.379e+00 (40172) 1
*272913: obj =   9.953476015e+11 inf =   1.427e+00 (40098) 2
*273075: obj =   9.953418337e+11 inf =   1.474e+00 (40045) 1
*273233: obj =   9.953383685e+11 inf =   1.504e+00 (39978) 2
*273392: obj =   9.953354360e+11 inf =   1.529e+00 (39919) 2
*273556: obj =   9.953300606e+11 inf =   1.578e+00 (39848) 1
*273716: obj =   9.953278862e+11 inf =   1.597e+00 (39809) 2
*273879: obj =   9.953240835e+11 inf =   1.632e+00 (39727) 1
*274039: obj =   9.953190417e+11 inf =   1.681e+00 (39695) 2
*274199: obj =   9.953190250e+11 inf =   1.681e+00 (39651) 2
*274364: obj =   9.953190250e+11 inf =   1.680e+00 (39598) 1
*274524: obj =   9.953190087e+11 inf =   1.679e+00 (39563) 2
*274689: obj =   9.953143486e+11 inf =   1.724e+00 (39506) 1
*274850: obj =   9.953107320e+11 inf =   1.759e+00 (39445) 2
*275011: obj =   9.953091765e+11 inf =   1.775e+00 (39385) 2
*275176: obj =   9.953063136e+11 inf =   1.804e+00 (39321) 1
*275338: obj =   9.952994024e+11 inf =   1.880e+00 (39262) 2
*275505: obj =   9.952942916e+11 inf =   1.941e+00 (39162) 2
*275675: obj =   9.952890807e+11 inf =   2.004e+00 (39101) 1
*275842: obj =   9.952871178e+11 inf =   2.027e+00 (39045) 2
*276010: obj =   9.952870431e+11 inf =   2.026e+00 (38982) 2
*276183: obj =   9.952850319e+11 inf =   2.049e+00 (38944) 1
*276355: obj =   9.952841067e+11 inf =   2.060e+00 (38894) 2
*276529: obj =   9.952835643e+11 inf =   2.065e+00 (38821) 2
*276703: obj =   9.952814194e+11 inf =   2.091e+00 (38757) 1
*276875: obj =   9.952814006e+11 inf =   2.089e+00 (38691) 2
*277047: obj =   9.952813495e+11 inf =   2.088e+00 (38628) 2
*277225: obj =   9.952813425e+11 inf =   2.086e+00 (38593) 2
*277406: obj =   9.952768590e+11 inf =   2.143e+00 (38539) 1
*277583: obj =   9.952762788e+11 inf =   2.150e+00 (38451) 2
*277762: obj =   9.952738915e+11 inf =   2.181e+00 (38390) 2
*277939: obj =   9.952733084e+11 inf =   2.187e+00 (38314) 2
*278120: obj =   9.952713128e+11 inf =   2.212e+00 (38284) 1
*278299: obj =   9.952709709e+11 inf =   2.214e+00 (38223) 2
*278483: obj =   9.952695180e+11 inf =   2.232e+00 (38178) 2
*278669: obj =   9.952691857e+11 inf =   2.234e+00 (38116) 2
*278854: obj =   9.952674894e+11 inf =   2.257e+00 (38041) 2
*279045: obj =   9.952667892e+11 inf =   2.265e+00 (37973) 2
*279247: obj =   9.952659051e+11 inf =   2.275e+00 (37908) 2
*279449: obj =   9.952656412e+11 inf =   2.277e+00 (37847) 2
*279655: obj =   9.952654955e+11 inf =   2.277e+00 (37765) 2
*279855: obj =   9.952648246e+11 inf =   2.285e+00 (37728) 2
*280057: obj =   9.952647906e+11 inf =   2.282e+00 (37671) 2
*280262: obj =   9.952643229e+11 inf =   2.287e+00 (37650) 2
*280476: obj =   9.952640513e+11 inf =   2.289e+00 (37601) 2
*280681: obj =   9.952633108e+11 inf =   2.299e+00 (37523) 2
*280910: obj =   9.952633068e+11 inf =   2.297e+00 (37476) 2
*281125: obj =   9.952632724e+11 inf =   2.295e+00 (37430) 2
*281347: obj =   9.952627834e+11 inf =   2.299e+00 (37360) 2
*281564: obj =   9.952624453e+11 inf =   2.303e+00 (37296) 2
*281780: obj =   9.952624378e+11 inf =   2.300e+00 (37234) 3
*282025: obj =   9.952615071e+11 inf =   2.297e+00 (37157) 2
*282283: obj =   9.952603571e+11 inf =   2.296e+00 (37137) 3
*282536: obj =   9.952596031e+11 inf =   2.290e+00 (37100) 2
*282790: obj =   9.952589015e+11 inf =   2.288e+00 (37059) 3
*283062: obj =   9.952587471e+11 inf =   2.285e+00 (36995) 2
*283325: obj =   9.952586008e+11 inf =   2.285e+00 (36978) 3
*283595: obj =   9.952583062e+11 inf =   2.283e+00 (36932) 2
*283826: obj =   9.952578855e+11 inf =   2.282e+00 (36916) 3
*284060: obj =   9.952575583e+11 inf =   2.281e+00 (36922) 2
*284293: obj =   9.952571762e+11 inf =   2.279e+00 (36917) 2
*284524: obj =   9.952557909e+11 inf =   2.267e+00 (36887) 3
*284760: obj =   9.952549427e+11 inf =   2.260e+00 (36881) 2
*284990: obj =   9.952540711e+11 inf =   2.255e+00 (36871) 2
*285218: obj =   9.952533472e+11 inf =   2.248e+00 (36841) 2
*285479: obj =   9.952532488e+11 inf =   2.250e+00 (36826) 3
*285707: obj =   9.952524106e+11 inf =   2.241e+00 (36815) 2
*285941: obj =   9.952516930e+11 inf =   2.234e+00 (36798) 2
*286183: obj =   9.952505749e+11 inf =   2.224e+00 (36737) 3
*286457: obj =   9.952503089e+11 inf =   2.221e+00 (36693) 2
*286732: obj =   9.952500253e+11 inf =   2.221e+00 (36639) 3
*286967: obj =   9.952496070e+11 inf =   2.217e+00 (36614) 2
*287208: obj =   9.952489476e+11 inf =   2.215e+00 (36591) 3
*287476: obj =   9.952483684e+11 inf =   2.214e+00 (36546) 2
*287752: obj =   9.952479228e+11 inf =   2.213e+00 (36512) 3
*288007: obj =   9.952475727e+11 inf =   2.213e+00 (36488) 3
*288276: obj =   9.952471234e+11 inf =   2.210e+00 (36428) 2
*288545: obj =   9.952469969e+11 inf =   2.209e+00 (36404) 3
*288833: obj =   9.952466052e+11 inf =   2.207e+00 (36337) 3
*289129: obj =   9.952449364e+11 inf =   2.205e+00 (36251) 2
*289415: obj =   9.952447455e+11 inf =   2.203e+00 (36184) 3
*289683: obj =   9.952446501e+11 inf =   2.201e+00 (36204) 3
*289946: obj =   9.952444606e+11 inf =   2.198e+00 (36177) 2
*290172: obj =   9.952440364e+11 inf =   2.187e+00 (36134) 3
*290445: obj =   9.952438150e+11 inf =   2.185e+00 (36103) 2
*290707: obj =   9.952434598e+11 inf =   2.180e+00 (36053) 3
*290965: obj =   9.952433901e+11 inf =   2.179e+00 (36005) 2
*291238: obj =   9.952433260e+11 inf =   2.179e+00 (35999) 3
*291483: obj =   9.952431308e+11 inf =   2.174e+00 (35980) 2
*291750: obj =   9.952427703e+11 inf =   2.169e+00 (35918) 3
*292037: obj =   9.952425619e+11 inf =   2.166e+00 (35889) 3
*292317: obj =   9.952421726e+11 inf =   2.161e+00 (35841) 3
*292593: obj =   9.952421323e+11 inf =   2.160e+00 (35805) 2
*292832: obj =   9.952418823e+11 inf =   2.150e+00 (35789) 3
*293126: obj =   9.952412829e+11 inf =   2.143e+00 (35720) 2
*293394: obj =   9.952412205e+11 inf =   2.139e+00 (35680) 3
*293675: obj =   9.952411702e+11 inf =   2.137e+00 (35648) 3
*293955: obj =   9.952409330e+11 inf =   2.134e+00 (35624) 3
*294235: obj =   9.952402994e+11 inf =   2.133e+00 (35603) 2
*294490: obj =   9.952401976e+11 inf =   2.127e+00 (35559) 3
*294758: obj =   9.952400111e+11 inf =   2.116e+00 (35491) 2
*295046: obj =   9.952393661e+11 inf =   2.112e+00 (35392) 3
*295316: obj =   9.943980945e+11 inf =   2.110e+00 (18938) 3
*295513: obj =   9.943968803e+11 inf =   2.096e+00 (18839) 2
*295701: obj =   9.943949836e+11 inf =   2.075e+00 (18732) 1
*295876: obj =   9.943931327e+11 inf =   2.054e+00 (18658) 2
*296048: obj =   9.943908090e+11 inf =   2.028e+00 (18594) 2
*296224: obj =   9.943885234e+11 inf =   2.005e+00 (18519) 2
*296399: obj =   9.943853437e+11 inf =   1.980e+00 (18437) 1
*296563: obj =   9.943836850e+11 inf =   1.971e+00 (18375) 2
*296731: obj =   9.943812442e+11 inf =   1.971e+00 (18303) 1
*296895: obj =   9.943807598e+11 inf =   1.971e+00 (18240) 2
*297056: obj =   9.943806998e+11 inf =   1.971e+00 (18158) 2
*297221: obj =   9.943801857e+11 inf =   1.969e+00 (18064) 1
*297382: obj =   9.943795954e+11 inf =   1.966e+00 (17987) 2
*297548: obj =   9.943785924e+11 inf =   1.962e+00 (17935) 1
*297709: obj =   9.943785839e+11 inf =   1.961e+00 (17856) 2
*297874: obj =   9.943777722e+11 inf =   1.957e+00 (17795) 1
*298034: obj =   9.943765980e+11 inf =   1.948e+00 (17703) 2
*298197: obj =   9.943763980e+11 inf =   1.946e+00 (17649) 2
*298363: obj =   9.943753730e+11 inf =   1.938e+00 (17608) 1
*298524: obj =   9.943743342e+11 inf =   1.930e+00 (17551) 2
*298691: obj =   9.943742581e+11 inf =   1.929e+00 (17506) 1
*298852: obj =   9.943733556e+11 inf =   1.920e+00 (17445) 2
*299019: obj =   9.943725245e+11 inf =   1.912e+00 (17379) 1
*299181: obj =   9.943721222e+11 inf =   1.908e+00 (17323) 2
*299347: obj =   9.943715779e+11 inf =   1.903e+00 (17266) 1
*299510: obj =   9.943707562e+11 inf =   1.895e+00 (17208) 2
*299673: obj =   9.943705476e+11 inf =   1.893e+00 (17144) 2
*299841: obj =   9.943698048e+11 inf =   1.886e+00 (17084) 1
*300003: obj =   9.943696621e+11 inf =   1.885e+00 (17013) 2
*300169: obj =   9.943688633e+11 inf =   1.878e+00 (16977) 1
*300331: obj =   9.943683619e+11 inf =   1.874e+00 (16907) 2
*300499: obj =   9.943681215e+11 inf =   1.872e+00 (16841) 1
*300660: obj =   9.943671333e+11 inf =   1.864e+00 (16797) 2
*300823: obj =   9.943663881e+11 inf =   1.860e+00 (16739) 2
*300988: obj =   9.943658240e+11 inf =   1.857e+00 (16686) 1
*301149: obj =   9.943646990e+11 inf =   1.854e+00 (16640) 2
*301315: obj =   9.943644255e+11 inf =   1.854e+00 (16597) 1
*301479: obj =   9.943639662e+11 inf =   1.854e+00 (16555) 2
*301648: obj =   9.943639216e+11 inf =   1.853e+00 (16518) 1
*301810: obj =   9.943628870e+11 inf =   1.852e+00 (16476) 2
*301982: obj =   9.943628678e+11 inf =   1.851e+00 (16405) 2
*302150: obj =   9.943620028e+11 inf =   1.848e+00 (16374) 1
*302316: obj =   9.943607706e+11 inf =   1.845e+00 (16352) 2
*302489: obj =   9.943606464e+11 inf =   1.845e+00 (16310) 1
*302660: obj =   9.943595152e+11 inf =   1.847e+00 (16272) 2
*302827: obj =   9.943593695e+11 inf =   1.848e+00 (16208) 2
*303005: obj =   9.943587377e+11 inf =   1.850e+00 (16124) 1
*303184: obj =   9.943586881e+11 inf =   1.850e+00 (16076) 2
*303358: obj =   9.943577255e+11 inf =   1.851e+00 (16046) 2
*303535: obj =   9.943567843e+11 inf =   1.856e+00 (16026) 1
*303713: obj =   9.943562035e+11 inf =   1.859e+00 (15978) 2
*303887: obj =   9.943552627e+11 inf =   1.863e+00 (15939) 2
*304065: obj =   9.943547292e+11 inf =   1.867e+00 (15887) 1
*304236: obj =   9.943536603e+11 inf =   1.875e+00 (15836) 2
*304406: obj =   9.943532066e+11 inf =   1.879e+00 (15821) 2
*304583: obj =   9.943523578e+11 inf =   1.889e+00 (15782) 1
*304750: obj =   9.943519598e+11 inf =   1.896e+00 (15745) 2
*304922: obj =   9.943513131e+11 inf =   1.905e+00 (15699) 2
*305093: obj =   9.943512483e+11 inf =   1.907e+00 (15691) 1
*305258: obj =   9.943511476e+11 inf =   1.909e+00 (15647) 2
*305429: obj =   9.943505567e+11 inf =   1.924e+00 (15663) 1
*305612: obj =   9.943499253e+11 inf =   1.937e+00 (15627) 2
*305782: obj =   9.943489259e+11 inf =   1.955e+00 (15622) 2
*305955: obj =   9.943480654e+11 inf =   1.974e+00 (15610) 1
*306119: obj =   9.943477667e+11 inf =   1.981e+00 (15571) 2
*306285: obj =   9.943477161e+11 inf =   1.983e+00 (15555) 2
*306462: obj =   9.943475744e+11 inf =   1.987e+00 (15487) 1
*306628: obj =   9.943475260e+11 inf =   1.990e+00 (15456) 2
*306799: obj =   9.943470006e+11 inf =   2.001e+00 (15460) 1
*306961: obj =   9.943469579e+11 inf =   2.002e+00 (15421) 2
*307122: obj =   9.943465795e+11 inf =   2.012e+00 (15383) 2
*307288: obj =   9.943464877e+11 inf =   2.014e+00 (15339) 1
*307450: obj =   9.943462774e+11 inf =   2.020e+00 (15320) 2
*307626: obj =   9.943461698e+11 inf =   2.021e+00 (15260) 1
*307819: obj =   9.943460454e+11 inf =   2.022e+00 (15230) 2
*307981: obj =   9.943453272e+11 inf =   2.041e+00 (15211) 2
*308148: obj =   9.943449939e+11 inf =   2.052e+00 (15198) 1
*308309: obj =   9.943444556e+11 inf =   2.068e+00 (15183) 2
*308477: obj =   9.943441557e+11 inf =   2.078e+00 (15155) 1
*308645: obj =   9.943436995e+11 inf =   2.088e+00 (15136) 2
*308812: obj =   9.943432859e+11 inf =   2.103e+00 (15121) 2
*308991: obj =   9.943425020e+11 inf =   2.122e+00 (15092) 1
*309154: obj =   9.943421152e+11 inf =   2.137e+00 (15064) 2
*309334: obj =   9.943417296e+11 inf =   2.145e+00 (15070) 2
*309506: obj =   9.943413261e+11 inf =   2.162e+00 (15042) 1
*309688: obj =   9.943407191e+11 inf =   2.177e+00 (15028) 2
*309858: obj =   9.943400964e+11 inf =   2.191e+00 (15014) 2
*310038: obj =   9.943393206e+11 inf =   2.213e+00 (15011) 1
*310217: obj =   9.943389216e+11 inf =   2.226e+00 (15003) 2
*310385: obj =   9.943383070e+11 inf =   2.245e+00 (14979) 2
*310570: obj =   9.943380639e+11 inf =   2.250e+00 (14968) 1
*310746: obj =   9.943373624e+11 inf =   2.273e+00 (14948) 2
*310909: obj =   9.943372430e+11 inf =   2.283e+00 (14943) 2
*311076: obj =   9.943367873e+11 inf =   2.305e+00 (14911) 1
*311250: obj =   9.943362360e+11 inf =   2.338e+00 (14881) 2
*311427: obj =   9.943361002e+11 inf =   2.347e+00 (14869) 1
*311599: obj =   9.943358631e+11 inf =   2.357e+00 (14850) 2
*311786: obj =   9.943357583e+11 inf =   2.361e+00 (14829) 2
*311972: obj =   9.943353940e+11 inf =   2.365e+00 (14806) 2
*312162: obj =   9.943350188e+11 inf =   2.370e+00 (14801) 1
*312344: obj =   9.943347633e+11 inf =   2.375e+00 (14791) 2
*312524: obj =   9.943338032e+11 inf =   2.399e+00 (14799) 2
*312706: obj =   9.943330643e+11 inf =   2.419e+00 (14807) 2
*312889: obj =   9.943329425e+11 inf =   2.422e+00 (14792) 1
*313069: obj =   9.943324189e+11 inf =   2.437e+00 (14774) 2
*313270: obj =   9.943318762e+11 inf =   2.452e+00 (14761) 2
*313464: obj =   9.943316079e+11 inf =   2.470e+00 (14727) 2
*313633: obj =   9.943315686e+11 inf =   2.473e+00 (14723) 1
*313799: obj =   9.943313514e+11 inf =   2.489e+00 (14741) 2
*313972: obj =   9.943309227e+11 inf =   2.520e+00 (14720) 2
*314144: obj =   9.943304410e+11 inf =   2.550e+00 (14709) 1
*314324: obj =   9.943300510e+11 inf =   2.576e+00 (14703) 2
*314513: obj =   9.943298164e+11 inf =   2.585e+00 (14702) 2
*314694: obj =   9.943295993e+11 inf =   2.592e+00 (14671) 1
*314859: obj =   9.943291853e+11 inf =   2.620e+00 (14664) 2
*315076: obj =   9.943290815e+11 inf =   2.626e+00 (14638) 2
*315244: obj =   9.943290814e+11 inf =   2.625e+00 (14597) 2
*315435: obj =   9.943289921e+11 inf =   2.630e+00 (14573) 1
*315601: obj =   9.943287421e+11 inf =   2.649e+00 (14558) 2
*315791: obj =   9.943286572e+11 inf =   2.657e+00 (14555) 2
*315982: obj =   9.943286234e+11 inf =   2.659e+00 (14555) 1
*316195: obj =   9.943286164e+11 inf =   2.658e+00 (14550) 2
*316404: obj =   9.943284763e+11 inf =   2.664e+00 (14545) 2
*316603: obj =   9.943281490e+11 inf =   2.669e+00 (14528) 2
*316797: obj =   9.943279174e+11 inf =   2.664e+00 (14536) 2
*317009: obj =   9.943276784e+11 inf =   2.668e+00 (14503) 2
*317171: obj =   9.943272228e+11 inf =   2.649e+00 (14497) 2
*317339: obj =   9.943270975e+11 inf =   2.645e+00 (14494) 1
*317512: obj =   9.943265680e+11 inf =   2.632e+00 (14474) 2
*317691: obj =   9.943261787e+11 inf =   2.625e+00 (14467) 2
*317877: obj =   9.943261136e+11 inf =   2.621e+00 (14445) 1
*318066: obj =   9.943260964e+11 inf =   2.618e+00 (14401) 2
*318231: obj =   9.943260135e+11 inf =   2.607e+00 (14386) 2
*318403: obj =   9.943258240e+11 inf =   2.593e+00 (14383) 1
*318569: obj =   9.943256327e+11 inf =   2.581e+00 (14370) 2
*318738: obj =   9.943252912e+11 inf =   2.570e+00 (14358) 1
*318907: obj =   9.943252853e+11 inf =   2.569e+00 (14336) 2
*319070: obj =   9.943252698e+11 inf =   2.568e+00 (14324) 2
*319239: obj =   9.943252234e+11 inf =   2.563e+00 (14327) 1
*319404: obj =   9.943252223e+11 inf =   2.561e+00 (14314) 2
*319576: obj =   9.943252015e+11 inf =   2.558e+00 (14280) 1
*319741: obj =   9.943251445e+11 inf =   2.549e+00 (14242) 2
*319920: obj =   9.943251019e+11 inf =   2.540e+00 (14236) 1
*320084: obj =   9.943250786e+11 inf =   2.537e+00 (14206) 2
*320253: obj =   9.943250399e+11 inf =   2.531e+00 (14204) 1
*320418: obj =   9.943248183e+11 inf =   2.506e+00 (14177) 2
*320595: obj =   9.943245458e+11 inf =   2.481e+00 (14178) 2
*320765: obj =   9.943243836e+11 inf =   2.463e+00 (14179) 1
*320930: obj =   9.943241577e+11 inf =   2.440e+00 (14197) 2
*321136: obj =   9.943240214e+11 inf =   2.438e+00 (14207) 2
*321321: obj =   9.943238139e+11 inf =   2.435e+00 (14195) 2
*321507: obj =   9.943234690e+11 inf =   2.424e+00 (14192) 1
*321686: obj =   9.943234308e+11 inf =   2.422e+00 (14164) 2
*321882: obj =   9.943232731e+11 inf =   2.419e+00 (14155) 2
*322050: obj =   9.943232023e+11 inf =   2.411e+00 (14124) 1
*322243: obj =   9.943229531e+11 inf =   2.411e+00 (14135) 2
*322423: obj =   9.943227146e+11 inf =   2.403e+00 (14109) 2
*322593: obj =   9.943225661e+11 inf =   2.387e+00 (14110) 1
*322770: obj =   9.943224120e+11 inf =   2.365e+00 (14101) 2
*322936: obj =   9.943224101e+11 inf =   2.365e+00 (14080) 2
*323112: obj =   9.943223907e+11 inf =   2.360e+00 (14069) 1
*323279: obj =   9.943223591e+11 inf =   2.350e+00 (14035) 2
*323453: obj =   9.943223348e+11 inf =   2.343e+00 (14040) 1
*323625: obj =   9.943220538e+11 inf =   2.312e+00 (14047) 2
*323794: obj =   9.943219075e+11 inf =   2.300e+00 (14044) 2
*323969: obj =   9.943218954e+11 inf =   2.297e+00 (14022) 1
*324138: obj =   9.943218947e+11 inf =   2.295e+00 (14021) 2
*324352: obj =   9.943218749e+11 inf =   2.292e+00 (13990) 2
*324538: obj =   9.943217007e+11 inf =   2.274e+00 (13980) 1
*324723: obj =   9.943215282e+11 inf =   2.260e+00 (13976) 2
*324918: obj =   9.943213901e+11 inf =   2.252e+00 (13957) 2
*325157: obj =   9.943213561e+11 inf =   2.251e+00 (13930) 2
*325387: obj =   9.943213123e+11 inf =   2.246e+00 (13912) 2
*325560: obj =   9.943212037e+11 inf =   2.239e+00 (13908) 2
*325765: obj =   9.943211250e+11 inf =   2.234e+00 (13887) 2
*325976: obj =   9.943210175e+11 inf =   2.222e+00 (13867) 2
*326166: obj =   9.943209124e+11 inf =   2.202e+00 (13863) 1
*326330: obj =   9.943208538e+11 inf =   2.193e+00 (13827) 2
*326491: obj =   9.943207719e+11 inf =   2.186e+00 (13813) 1
*326693: obj =   9.943206965e+11 inf =   2.175e+00 (13821) 2
*326907: obj =   9.943206476e+11 inf =   2.176e+00 (13824) 2
*327157: obj =   9.943205832e+11 inf =   2.175e+00 (13799) 2
*327393: obj =   9.943205211e+11 inf =   2.168e+00 (13785) 2
*327591: obj =   9.943204480e+11 inf =   2.166e+00 (13775) 2
*327814: obj =   9.943203437e+11 inf =   2.162e+00 (13780) 2
*327978: obj =   9.943203034e+11 inf =   2.166e+00 (13770) 2
*328153: obj =   9.943201973e+11 inf =   2.178e+00 (13750) 1
*328341: obj =   9.943201451e+11 inf =   2.178e+00 (13771) 2
*328522: obj =   9.943200778e+11 inf =   2.183e+00 (13752) 2
*328691: obj =   9.943199622e+11 inf =   2.195e+00 (13761) 1
*328890: obj =   9.943199198e+11 inf =   2.194e+00 (13759) 2
*329061: obj =   9.943198729e+11 inf =   2.199e+00 (13754) 2
*329252: obj =   9.943197150e+11 inf =   2.214e+00 (13751) 1
*329424: obj =   9.943196387e+11 inf =   2.222e+00 (13728) 2
*329612: obj =   9.943195839e+11 inf =   2.226e+00 (13702) 2
*329786: obj =   9.943195717e+11 inf =   2.224e+00 (13702) 1
*330021: obj =   9.943195049e+11 inf =   2.221e+00 (13705) 2
*330274: obj =   9.943192982e+11 inf =   2.207e+00 (13666) 2
*330473: obj =   9.943191456e+11 inf =   2.174e+00 (13645) 2
*330645: obj =   9.943191171e+11 inf =   2.167e+00 (13622) 2
*330829: obj =   9.943190882e+11 inf =   2.158e+00 (13593) 2
*331038: obj =   9.943189967e+11 inf =   2.139e+00 (13613) 1
*331221: obj =   9.943188662e+11 inf =   2.119e+00 (13588) 2
*331439: obj =   9.943188121e+11 inf =   2.105e+00 (13594) 2
*331646: obj =   9.943187466e+11 inf =   2.085e+00 (13556) 2
*331817: obj =   9.943186860e+11 inf =   2.059e+00 (13562) 2
*332054: obj =   9.943186140e+11 inf =   2.045e+00 (13564) 2
*332293: obj =   9.943185400e+11 inf =   2.035e+00 (13532) 2
*332476: obj =   9.943184264e+11 inf =   2.017e+00 (13581) 2
*332668: obj =   9.943184116e+11 inf =   2.012e+00 (13554) 2
*332882: obj =   9.943183179e+11 inf =   2.010e+00 (13504) 2
*333067: obj =   9.943182036e+11 inf =   2.021e+00 (13482) 1
*333252: obj =   9.943181657e+11 inf =   2.025e+00 (13467) 2
*333453: obj =   9.943181163e+11 inf =   2.029e+00 (13474) 2
*333621: obj =   9.943180910e+11 inf =   2.033e+00 (13461) 1
*333786: obj =   9.943180327e+11 inf =   2.043e+00 (13444) 2
*333989: obj =   9.943180172e+11 inf =   2.045e+00 (13437) 2
*334189: obj =   9.943179226e+11 inf =   2.015e+00 (13387) 2
*334359: obj =   9.943178908e+11 inf =   2.003e+00 (13369) 1
*334525: obj =   9.943178415e+11 inf =   1.983e+00 (13356) 2
*334712: obj =   9.943177440e+11 inf =   1.967e+00 (13363) 2
*334887: obj =   9.943176934e+11 inf =   1.956e+00 (13338) 1
*335058: obj =   9.943176736e+11 inf =   1.945e+00 (13310) 2
*335227: obj =   9.943176270e+11 inf =   1.927e+00 (13296) 1
*335414: obj =   9.943175686e+11 inf =   1.908e+00 (13291) 2
*335588: obj =   9.943175252e+11 inf =   1.899e+00 (13286) 1
*335753: obj =   9.943175024e+11 inf =   1.890e+00 (13272) 2
*335948: obj =   9.943174730e+11 inf =   1.877e+00 (13235) 2
*336117: obj =   9.943174586e+11 inf =   1.868e+00 (13228) 1
*336283: obj =   9.943174242e+11 inf =   1.849e+00 (13213) 2
*336484: obj =   9.943173852e+11 inf =   1.842e+00 (13240) 2
*336677: obj =   9.943173547e+11 inf =   1.838e+00 (13208) 1
*336892: obj =   9.943172882e+11 inf =   1.834e+00 (13227) 2
*337111: obj =   9.943171066e+11 inf =   1.834e+00 (13217) 2
*337330: obj =   9.943170663e+11 inf =   1.833e+00 (13202) 2
*337498: obj =   9.943169900e+11 inf =   1.810e+00 (13225) 2
*337679: obj =   9.943169135e+11 inf =   1.801e+00 (13198) 2
*337873: obj =   9.943168980e+11 inf =   1.796e+00 (13187) 1
*338102: obj =   9.943168842e+11 inf =   1.790e+00 (13202) 2
*338297: obj =   9.943168314e+11 inf =   1.773e+00 (13167) 2
*338489: obj =   9.943167797e+11 inf =   1.781e+00 (13149) 2
*338664: obj =   9.943167469e+11 inf =   1.789e+00 (13165) 1
*338825: obj =   9.943167018e+11 inf =   1.801e+00 (13153) 2
*339001: obj =   9.943166671e+11 inf =   1.810e+00 (13118) 1
*339170: obj =   9.943166626e+11 inf =   1.810e+00 (13142) 2
*339401: obj =   9.943164995e+11 inf =   1.806e+00 (13108) 2
*339585: obj =   9.943164507e+11 inf =   1.816e+00 (13099) 2
*339817: obj =   9.943164058e+11 inf =   1.822e+00 (13094) 2
*340037: obj =   9.943163830e+11 inf =   1.812e+00 (13070) 2
*340204: obj =   9.943163679e+11 inf =   1.819e+00 (13074) 1
*340366: obj =   9.943163586e+11 inf =   1.822e+00 (13075) 2
*340560: obj =   9.943163185e+11 inf =   1.830e+00 (13025) 1
*340789: obj =   9.943162723e+11 inf =   1.828e+00 (13055) 2
*341027: obj =   9.943161813e+11 inf =   1.826e+00 (13025) 2
*341234: obj =   9.921438313e+11 inf =   1.821e+00 (12985) 2
*341397: obj =   9.921438236e+11 inf =   1.815e+00 (12973) 2
*341566: obj =   9.921438008e+11 inf =   1.805e+00 (12973) 2
*341748: obj =   9.921437699e+11 inf =   1.791e+00 (12983) 1
*341913: obj =   9.921437645e+11 inf =   1.786e+00 (12952) 2
*342154: obj =   9.921437576e+11 inf =   1.785e+00 (12957) 2
*342350: obj =   9.910734752e+11 inf =   1.764e+00 (40883) 1
*342512: obj =   9.910733993e+11 inf =   1.765e+00 (40833) 2
*342678: obj =   9.910717971e+11 inf =   1.760e+00 (40766) 1
*342840: obj =   9.910648938e+11 inf =   1.734e+00 (40736) 2
*343001: obj =   9.910640191e+11 inf =   1.732e+00 (40681) 2
*343162: obj =   9.910587098e+11 inf =   1.715e+00 (13754) 1
*343229: obj =   9.910586363e+11 inf =   1.717e+00 (13752) 1
*343296: obj =   9.910585681e+11 inf =   1.720e+00 (13750) 1
*343392: obj =   9.910584761e+11 inf =   1.724e+00 (13753) 1
*343493: obj =   9.910584357e+11 inf =   1.725e+00 (13750) 1
*343594: obj =   9.910584329e+11 inf =   1.725e+00 (13734) 1
*343695: obj =   9.910583518e+11 inf =   1.722e+00 (13719) 1
*343796: obj =   9.910583056e+11 inf =   1.721e+00 (13715) 1
*343897: obj =   9.910582131e+11 inf =   1.719e+00 (13721) 1
*343999: obj =   9.910581616e+11 inf =   1.718e+00 (13708) 1
*344100: obj =   9.910581599e+11 inf =   1.718e+00 (13700) 1
*344202: obj =   9.910581138e+11 inf =   1.717e+00 (13685) 1
*344304: obj =   9.910580996e+11 inf =   1.717e+00 (13665) 1
*344406: obj =   9.910580448e+11 inf =   1.715e+00 (13626) 1
*344508: obj =   9.910580021e+11 inf =   1.713e+00 (13612) 1
*344609: obj =   9.910579809e+11 inf =   1.712e+00 (13628) 1
*344710: obj =   9.910579376e+11 inf =   1.711e+00 (13624) 1
*344811: obj =   9.910579258e+11 inf =   1.712e+00 (13617) 1
*344912: obj =   9.910579226e+11 inf =   1.712e+00 (13595) 1
*345013: obj =   9.910578781e+11 inf =   1.714e+00 (13594) 1
*345114: obj =   9.910577953e+11 inf =   1.717e+00 (13587) 1
*345215: obj =   9.910577840e+11 inf =   1.718e+00 (13597) 1
*345316: obj =   9.910577073e+11 inf =   1.720e+00 (13586) 1
*345417: obj =   9.910576633e+11 inf =   1.721e+00 (13589) 1
*345518: obj =   9.910576229e+11 inf =   1.722e+00 (13570) 1
*345619: obj =   9.910576207e+11 inf =   1.722e+00 (13564) 1
*345720: obj =   9.910576198e+11 inf =   1.722e+00 (13563) 1
*345822: obj =   9.910576195e+11 inf =   1.723e+00 (13544) 1
*345923: obj =   9.910576183e+11 inf =   1.723e+00 (13549) 1
*346024: obj =   9.910576092e+11 inf =   1.722e+00 (13548) 1
*346125: obj =   9.910575802e+11 inf =   1.721e+00 (13529) 1
*346226: obj =   9.910575502e+11 inf =   1.720e+00 (13532) 1
*346327: obj =   9.910575069e+11 inf =   1.719e+00 (13534) 1
*346429: obj =   9.910574762e+11 inf =   1.719e+00 (13548) 1
*346530: obj =   9.910574377e+11 inf =   1.720e+00 (13547) 1
*346631: obj =   9.910573912e+11 inf =   1.722e+00 (13542) 1
*346732: obj =   9.910573438e+11 inf =   1.723e+00 (13529) 1
*346834: obj =   9.910573283e+11 inf =   1.724e+00 (13522) 1
*346936: obj =   9.910573108e+11 inf =   1.723e+00 (13506) 1
*347038: obj =   9.910573017e+11 inf =   1.722e+00 (13506) 1
*347139: obj =   9.910572816e+11 inf =   1.721e+00 (13491) 1
*347241: obj =   9.910572727e+11 inf =   1.721e+00 (13485) 1
*347343: obj =   9.910572711e+11 inf =   1.720e+00 (13493) 1
*347444: obj =   9.910572505e+11 inf =   1.721e+00 (13497) 1
*347545: obj =   9.910572264e+11 inf =   1.720e+00 (13459) 1
*347647: obj =   9.910572132e+11 inf =   1.720e+00 (13460) 1
*347748: obj =   9.910572033e+11 inf =   1.721e+00 (13474) 1
*347850: obj =   9.910571992e+11 inf =   1.721e+00 (13449) 1
*347951: obj =   9.910571806e+11 inf =   1.720e+00 (13435) 1
*348055: obj =   9.910571724e+11 inf =   1.720e+00 (13460) 1
*348157: obj =   9.910571624e+11 inf =   1.720e+00 (13452) 1
*348259: obj =   9.910571279e+11 inf =   1.719e+00 (13427) 1
*348360: obj =   9.910571132e+11 inf =   1.719e+00 (13396) 1
*348461: obj =   9.910570883e+11 inf =   1.719e+00 (13396) 1
*348562: obj =   9.910570690e+11 inf =   1.719e+00 (13406) 1
*348663: obj =   9.910570353e+11 inf =   1.717e+00 (13398) 1
*348764: obj =   9.910570307e+11 inf =   1.717e+00 (13396) 1
*348865: obj =   9.910570292e+11 inf =   1.716e+00 (13368) 1
*348968: obj =   9.910570258e+11 inf =   1.715e+00 (13344) 1
*349069: obj =   9.910570211e+11 inf =   1.715e+00 (13304) 1
*349175: obj =   9.910570066e+11 inf =   1.712e+00 (13312) 1
*349366: obj =   9.910561031e+11 inf =   1.705e+00 (40586) 1
*349527: obj =   9.910553025e+11 inf =   1.703e+00 (40509) 2
*349692: obj =   9.910542231e+11 inf =   1.699e+00 (40464) 1
*349851: obj =   9.910493565e+11 inf =   1.675e+00 (40390) 2
*350010: obj =   9.910448388e+11 inf =   1.652e+00 (40317) 2
*350173: obj =   9.910417498e+11 inf =   1.636e+00 (40260) 1
*350331: obj =   9.910401906e+11 inf =   1.628e+00 (40202) 2
*350496: obj =   9.910348736e+11 inf =   1.598e+00 (40161) 1
*350657: obj =   9.910281682e+11 inf =   1.561e+00 (40110) 2
*350817: obj =   9.910217240e+11 inf =   1.528e+00 (40083) 2
*350981: obj =   9.910165681e+11 inf =   1.501e+00 (40046) 1
*351139: obj =   9.910111102e+11 inf =   1.474e+00 (40004) 2
*351302: obj =   9.910048064e+11 inf =   1.446e+00 (39946) 1
*351460: obj =   9.910015051e+11 inf =   1.431e+00 (39909) 2
*351623: obj =   9.909967901e+11 inf =   1.412e+00 (39864) 1
*351781: obj =   9.909939969e+11 inf =   1.401e+00 (39820) 2
*351938: obj =   9.909891051e+11 inf =   1.382e+00 (39749) 2
*352100: obj =   9.909825641e+11 inf =   1.361e+00 (39692) 1
*352256: obj =   9.909745690e+11 inf =   1.346e+00 (39640) 2
*352428: obj =   9.909703460e+11 inf =   1.348e+00 (39596) 1
*352617: obj =   9.909692415e+11 inf =   1.352e+00 (39568) 2
*352784: obj =   9.909671448e+11 inf =   1.363e+00 (39513) 2
*352947: obj =   9.909662106e+11 inf =   1.369e+00 (39463) 2
*353114: obj =   9.909631632e+11 inf =   1.392e+00 (39418) 1
*353286: obj =   9.909611786e+11 inf =   1.414e+00 (39341) 2
*353452: obj =   9.909596637e+11 inf =   1.432e+00 (39307) 2
*353640: obj =   9.909589499e+11 inf =   1.436e+00 (39240) 1
*353831: obj =   9.909578991e+11 inf =   1.432e+00 (39191) 2
*354033: obj =   9.909577317e+11 inf =   1.433e+00 (39121) 2
*354252: obj =   9.909576794e+11 inf =   1.433e+00 (39006) 2
*354466: obj =   9.909564222e+11 inf =   1.432e+00 (38928) 3
*354675: obj =   9.909556641e+11 inf =   1.432e+00 (38881) 2
*354869: obj =   9.909554199e+11 inf =   1.432e+00 (38816) 2
*355088: obj =   9.909548321e+11 inf =   1.432e+00 (38734) 2
*355329: obj =   9.909541018e+11 inf =   1.430e+00 (38667) 2
*355564: obj =   9.909531912e+11 inf =   1.426e+00 (38593) 2
*355798: obj =   9.909522822e+11 inf =   1.421e+00 (38506) 3
*356024: obj =   9.909520560e+11 inf =   1.421e+00 (38428) 2
*356252: obj =   9.909509966e+11 inf =   1.415e+00 (38361) 2
*356480: obj =   9.909499385e+11 inf =   1.411e+00 (38272) 2
*356689: obj =   9.909493470e+11 inf =   1.408e+00 (38185) 3
*356925: obj =   9.909483401e+11 inf =   1.405e+00 (38136) 2
*357165: obj =   9.909479199e+11 inf =   1.403e+00 (38048) 2
*357402: obj =   9.909466541e+11 inf =   1.394e+00 (37937) 3
*357647: obj =   9.909449288e+11 inf =   1.386e+00 (37825) 2
*357892: obj =   9.909441893e+11 inf =   1.381e+00 (37735) 2
*358131: obj =   9.909433483e+11 inf =   1.375e+00 (37650) 3
*358377: obj =   9.909426022e+11 inf =   1.368e+00 (37559) 2
*358618: obj =   9.909418109e+11 inf =   1.362e+00 (37518) 3
*358859: obj =   9.909411329e+11 inf =   1.356e+00 (37489) 2
*359108: obj =   9.909397054e+11 inf =   1.345e+00 (37422) 2
*359324: obj =   9.909390681e+11 inf =   1.339e+00 (37408) 3
*359564: obj =   9.909378869e+11 inf =   1.329e+00 (37329) 2
*359804: obj =   9.909376808e+11 inf =   1.328e+00 (37281) 2
*360061: obj =   9.909370401e+11 inf =   1.324e+00 (37239) 3
*360307: obj =   9.909367200e+11 inf =   1.319e+00 (37144) 2
*360551: obj =   9.909364246e+11 inf =   1.317e+00 (37102) 3
*360806: obj =   9.909359167e+11 inf =   1.310e+00 (37057) 2
*361043: obj =   9.909357215e+11 inf =   1.308e+00 (37000) 3
*361272: obj =   9.909354233e+11 inf =   1.302e+00 (36945) 2
*361531: obj =   9.909346053e+11 inf =   1.293e+00 (36913) 2
*361777: obj =   9.909343649e+11 inf =   1.290e+00 (36818) 3
*362049: obj =   9.909337210e+11 inf =   1.284e+00 (36770) 2
*362320: obj =   9.909333249e+11 inf =   1.282e+00 (36745) 3
*362591: obj =   9.909330298e+11 inf =   1.278e+00 (36671) 3
*362862: obj =   9.909326718e+11 inf =   1.273e+00 (36620) 2
*363129: obj =   9.909324325e+11 inf =   1.271e+00 (36592) 3
*363382: obj =   9.909322437e+11 inf =   1.269e+00 (36524) 3
*363646: obj =   9.909320989e+11 inf =   1.264e+00 (36490) 2
*363910: obj =   9.909317763e+11 inf =   1.261e+00 (36390) 3
*364186: obj =   9.909316213e+11 inf =   1.256e+00 (36350) 2
*364445: obj =   9.909310185e+11 inf =   1.248e+00 (36299) 3
*364717: obj =   9.909308713e+11 inf =   1.245e+00 (36257) 3
*364967: obj =   9.909307762e+11 inf =   1.241e+00 (36223) 2
*365227: obj =   9.909305988e+11 inf =   1.237e+00 (36141) 2
*365498: obj =   9.909305218e+11 inf =   1.234e+00 (36063) 3
*365768: obj =   9.909303028e+11 inf =   1.229e+00 (36013) 3
*366054: obj =   9.909298230e+11 inf =   1.226e+00 (36010) 3
*366345: obj =   9.909295412e+11 inf =   1.222e+00 (36029) 2
*366600: obj =   9.909294808e+11 inf =   1.219e+00 (35986) 2
*366853: obj =   9.909294253e+11 inf =   1.215e+00 (35927) 3
*367144: obj =   9.909293342e+11 inf =   1.213e+00 (35866) 2
*367408: obj =   9.909293029e+11 inf =   1.209e+00 (35793) 3
*367675: obj =   9.909292759e+11 inf =   1.205e+00 (35722) 2
*367951: obj =   9.909291904e+11 inf =   1.201e+00 (35639) 3
*368237: obj =   9.909289696e+11 inf =   1.198e+00 (35573) 3
*368520: obj =   9.909287342e+11 inf =   1.196e+00 (35535) 3
*368808: obj =   9.909285777e+11 inf =   1.194e+00 (35465) 2
*369097: obj =   9.909281760e+11 inf =   1.190e+00 (35346) 3
*369377: obj =   9.909279288e+11 inf =   1.188e+00 (35199) 3
*369657: obj =   9.909278976e+11 inf =   1.186e+00 (35089) 3
*369962: obj =   9.909275711e+11 inf =   1.185e+00 (34950) 2
*370256: obj =   9.909272500e+11 inf =   1.182e+00 (34938) 3
*370537: obj =   9.909269847e+11 inf =   1.179e+00 (34827) 3
*370823: obj =   9.909263348e+11 inf =   1.176e+00 (34743) 3
*371112: obj =   9.909254304e+11 inf =   1.174e+00 (34609) 3
*371415: obj =   9.909251505e+11 inf =   1.172e+00 (34505) 1
*371692: obj =   9.909250862e+11 inf =   1.168e+00 (34428) 3
*371987: obj =   9.909250101e+11 inf =   1.164e+00 (34385) 1
*372241: obj =   9.909249786e+11 inf =   1.162e+00 (34360) 2
*372467: obj =   9.909249450e+11 inf =   1.157e+00 (34288) 2
*372725: obj =   9.909249136e+11 inf =   1.156e+00 (34201) 2
*372983: obj =   9.909248692e+11 inf =   1.156e+00 (34196) 1
*373206: obj =   9.909248169e+11 inf =   1.157e+00 (34166) 2
*373433: obj =   9.909247476e+11 inf =   1.159e+00 (34131) 2
*373683: obj =   9.909247285e+11 inf =   1.158e+00 (34069) 2
*373942: obj =   9.909246879e+11 inf =   1.157e+00 (34050) 2
*374160: obj =   9.909246388e+11 inf =   1.157e+00 (33951) 1
*374383: obj =   9.909245607e+11 inf =   1.164e+00 (33898) 2
*374625: obj =   9.909245346e+11 inf =   1.165e+00 (33817) 2
*374861: obj =   9.909244464e+11 inf =   1.167e+00 (33780) 2
*375079: obj =   9.909243209e+11 inf =   1.174e+00 (33769) 2
*375296: obj =   9.909242492e+11 inf =   1.181e+00 (33752) 1
*375492: obj =   9.909242276e+11 inf =   1.184e+00 (33705) 2
*375721: obj =   9.909241997e+11 inf =   1.174e+00 (33654) 2
*375958: obj =   9.909240727e+11 inf =   1.177e+00 (33653) 2
*376159: obj =   9.909240280e+11 inf =   1.189e+00 (33597) 2
*376376: obj =   9.909239942e+11 inf =   1.204e+00 (33589) 1
*376588: obj =   9.909239740e+11 inf =   1.209e+00 (33545) 2
*376810: obj =   9.909238856e+11 inf =   1.201e+00 (33479) 2
*376995: obj =   9.909238165e+11 inf =   1.213e+00 (33477) 2
*377203: obj =   9.909236196e+11 inf =   1.221e+00 (33455) 1
*377427: obj =   9.909235978e+11 inf =   1.235e+00 (33412) 2
*377675: obj =   9.909235766e+11 inf =   1.228e+00 (33325) 2
*377876: obj =   9.909235178e+11 inf =   1.241e+00 (33310) 1
*378066: obj =   9.909233878e+11 inf =   1.250e+00 (33273) 2
*378275: obj =   9.909231542e+11 inf =   1.267e+00 (33236) 2
*378485: obj =   9.909230432e+11 inf =   1.275e+00 (33226) 1
*378699: obj =   9.909229577e+11 inf =   1.270e+00 (33205) 2
*378885: obj =   9.909228855e+11 inf =   1.277e+00 (33185) 2
*379096: obj =   9.909226090e+11 inf =   1.283e+00 (33159) 1
*379316: obj =   9.909224634e+11 inf =   1.294e+00 (33081) 2
*379521: obj =   9.909222947e+11 inf =   1.315e+00 (33063) 2
*379764: obj =   9.909221183e+11 inf =   1.307e+00 (33035) 2
*379960: obj =   9.909220154e+11 inf =   1.324e+00 (32965) 1
*380171: obj =   9.909217035e+11 inf =   1.328e+00 (32946) 2
*380399: obj =   9.909212848e+11 inf =   1.338e+00 (32951) 1
*380614: obj =   9.909212661e+11 inf =   1.346e+00 (32883) 2
*380836: obj =   9.909212222e+11 inf =   1.354e+00 (32836) 2
*381041: obj =   9.909210605e+11 inf =   1.364e+00 (32816) 2
*381271: obj =   9.909209023e+11 inf =   1.371e+00 (32759) 1
*381491: obj =   9.909208259e+11 inf =   1.378e+00 (32719) 2
*381712: obj =   9.909208111e+11 inf =   1.383e+00 (32721) 2
*381908: obj =   9.909205099e+11 inf =   1.393e+00 (32687) 2
*382124: obj =   9.909202313e+11 inf =   1.406e+00 (32650) 1
*382320: obj =   9.909197595e+11 inf =   1.423e+00 (32670) 2
*382511: obj =   9.909195198e+11 inf =   1.440e+00 (32647) 2
*382714: obj =   9.909194859e+11 inf =   1.418e+00 (32620) 2
*382971: obj =   9.909193208e+11 inf =   1.425e+00 (32561) 1
*383194: obj =   9.909189549e+11 inf =   1.428e+00 (32532) 2
*383374: obj =   9.909187203e+11 inf =   1.434e+00 (32513) 2
*383595: obj =   9.909187042e+11 inf =   1.434e+00 (32441) 2
*383839: obj =   9.909183143e+11 inf =   1.441e+00 (32427) 1
*384031: obj =   9.909180625e+11 inf =   1.451e+00 (32370) 2
*384245: obj =   9.909178787e+11 inf =   1.460e+00 (32339) 1
*384451: obj =   9.909174204e+11 inf =   1.468e+00 (32304) 2
*384669: obj =   9.909172962e+11 inf =   1.466e+00 (32243) 2
*384860: obj =   9.909169599e+11 inf =   1.483e+00 (32217) 1
*385084: obj =   9.909166348e+11 inf =   1.484e+00 (32219) 2
*385275: obj =   9.909160697e+11 inf =   1.489e+00 (32200) 2
*385462: obj =   9.909159661e+11 inf =   1.498e+00 (32178) 1
*385696: obj =   9.909159231e+11 inf =   1.497e+00 (32113) 3
*385895: obj =   9.909153089e+11 inf =   1.507e+00 (32074) 1
*386111: obj =   9.909151151e+11 inf =   1.509e+00 (32059) 2
*386334: obj =   9.909145349e+11 inf =   1.519e+00 (32024) 1
*386532: obj =   9.909144173e+11 inf =   1.515e+00 (32006) 2
*386729: obj =   9.909143884e+11 inf =   1.501e+00 (31918) 2
*386940: obj =   9.909136491e+11 inf =   1.496e+00 (31943) 2
*387109: obj =   9.909136070e+11 inf =   1.505e+00 (31907) 1
*387343: obj =   9.909131909e+11 inf =   1.506e+00 (31831) 2
*387559: obj =   9.909131723e+11 inf =   1.507e+00 (31798) 2
*387764: obj =   9.909128357e+11 inf =   1.515e+00 (31756) 2
*387958: obj =   9.909121861e+11 inf =   1.526e+00 (31723) 1
*388168: obj =   9.909116007e+11 inf =   1.535e+00 (31726) 2
*388383: obj =   9.909113730e+11 inf =   1.537e+00 (31685) 2
*388591: obj =   9.909113520e+11 inf =   1.540e+00 (31603) 2
*388834: obj =   9.909112522e+11 inf =   1.536e+00 (31504) 2
*389053: obj =   9.909107795e+11 inf =   1.543e+00 (31466) 1
*389233: obj =   9.909106732e+11 inf =   1.562e+00 (31454) 2
*389436: obj =   9.909099925e+11 inf =   1.574e+00 (31447) 1
*389657: obj =   9.909099155e+11 inf =   1.573e+00 (31465) 3
*389878: obj =   9.909096152e+11 inf =   1.578e+00 (31363) 2
*390101: obj =   9.909089349e+11 inf =   1.583e+00 (31361) 1
*390299: obj =   9.909083957e+11 inf =   1.594e+00 (31295) 2
*390532: obj =   9.909081565e+11 inf =   1.601e+00 (31223) 2
*390762: obj =   9.909078333e+11 inf =   1.603e+00 (31177) 2
*390977: obj =   9.909074603e+11 inf =   1.606e+00 (31128) 1
*391167: obj =   9.909069993e+11 inf =   1.609e+00 (31128) 2
*391361: obj =   9.909062700e+11 inf =   1.615e+00 (31081) 1
*391565: obj =   9.909060591e+11 inf =   1.639e+00 (31028) 2
*391766: obj =   9.909053665e+11 inf =   1.650e+00 (31019) 2
*391958: obj =   9.909047107e+11 inf =   1.657e+00 (30970) 2
*392162: obj =   9.909040450e+11 inf =   1.656e+00 (30877) 1
*392371: obj =   9.909034611e+11 inf =   1.664e+00 (30886) 2
*392574: obj =   9.909033530e+11 inf =   1.663e+00 (30860) 2
*392821: obj =   9.909032698e+11 inf =   1.658e+00 (30793) 2
*393011: obj =   9.909023465e+11 inf =   1.669e+00 (30747) 1
*393206: obj =   9.909019951e+11 inf =   1.673e+00 (30704) 2
*393392: obj =   9.909015602e+11 inf =   1.692e+00 (30684) 2
*393600: obj =   9.909015361e+11 inf =   1.696e+00 (30636) 2
*393803: obj =   9.909006732e+11 inf =   1.706e+00 (30608) 1
*394004: obj =   9.909001302e+11 inf =   1.714e+00 (30569) 2
*394188: obj =   9.908996307e+11 inf =   1.715e+00 (30534) 2
*394384: obj =   9.908991137e+11 inf =   1.716e+00 (30495) 2
*394598: obj =   9.908990932e+11 inf =   1.714e+00 (30430) 2
*394805: obj =   9.908984904e+11 inf =   1.713e+00 (30408) 1
*395018: obj =   9.908978903e+11 inf =   1.711e+00 (30314) 2
*395241: obj =   9.908975174e+11 inf =   1.711e+00 (30296) 2
*395426: obj =   9.908967980e+11 inf =   1.709e+00 (30278) 2
*395639: obj =   9.908967797e+11 inf =   1.703e+00 (30225) 2
*395847: obj =   9.908962327e+11 inf =   1.701e+00 (30190) 2
*396043: obj =   9.908953573e+11 inf =   1.702e+00 (30178) 1
*396242: obj =   9.908951007e+11 inf =   1.698e+00 (30141) 2
*396460: obj =   9.908945787e+11 inf =   1.695e+00 (30047) 1
*396677: obj =   9.908942781e+11 inf =   1.695e+00 (30009) 3
*396861: obj =   9.908933158e+11 inf =   1.703e+00 (30002) 1
*397043: obj =   9.908928480e+11 inf =   1.704e+00 (29978) 2
*397237: obj =   9.908926141e+11 inf =   1.698e+00 (29919) 1
*397438: obj =   9.908916032e+11 inf =   1.698e+00 (29891) 2
*397650: obj =   9.908915737e+11 inf =   1.692e+00 (29829) 2
*397858: obj =   9.908908110e+11 inf =   1.701e+00 (29805) 2
*398046: obj =   9.908898390e+11 inf =   1.706e+00 (29749) 1
*398225: obj =   9.908890771e+11 inf =   1.710e+00 (29735) 2
*398425: obj =   9.908884224e+11 inf =   1.711e+00 (29705) 2
*398628: obj =   9.908884017e+11 inf =   1.706e+00 (29654) 2
*398850: obj =   9.908883707e+11 inf =   1.697e+00 (29615) 2
*399078: obj =   9.908879959e+11 inf =   1.696e+00 (29585) 2
*399258: obj =   9.908875558e+11 inf =   1.703e+00 (29544) 2
*399470: obj =   9.908870729e+11 inf =   1.698e+00 (29524) 1
*399680: obj =   9.908867613e+11 inf =   1.689e+00 (29437) 2
*399877: obj =   9.908855349e+11 inf =   1.691e+00 (29409) 2
*400066: obj =   9.908847547e+11 inf =   1.693e+00 (29430) 2
*400256: obj =   9.908841423e+11 inf =   1.690e+00 (29359) 1
*400440: obj =   9.908837788e+11 inf =   1.690e+00 (29372) 2
*400632: obj =   9.908837671e+11 inf =   1.692e+00 (29296) 2
*400835: obj =   9.908834029e+11 inf =   1.689e+00 (29328) 2
*401044: obj =   9.908830252e+11 inf =   1.691e+00 (29301) 2
*401227: obj =   9.908823279e+11 inf =   1.691e+00 (29235) 1
*401431: obj =   9.908822471e+11 inf =   1.686e+00 (29218) 2
*401639: obj =   9.908822292e+11 inf =   1.670e+00 (29117) 2
*401830: obj =   9.908815971e+11 inf =   1.669e+00 (29084) 2
*402020: obj =   9.908806398e+11 inf =   1.670e+00 (29092) 1
*402215: obj =   9.908798379e+11 inf =   1.669e+00 (29050) 2
*402418: obj =   9.908798154e+11 inf =   1.662e+00 (28986) 2
*402632: obj =   9.908792158e+11 inf =   1.664e+00 (28966) 2
*402815: obj =   9.908785951e+11 inf =   1.670e+00 (28974) 1
*403001: obj =   9.908775388e+11 inf =   1.673e+00 (28932) 2
*403193: obj =   9.908774479e+11 inf =   1.668e+00 (28860) 2
*403387: obj =   9.908765584e+11 inf =   1.668e+00 (28833) 1
*403599: obj =   9.908761696e+11 inf =   1.664e+00 (28802) 3
*403796: obj =   9.908746592e+11 inf =   1.664e+00 (28784) 1
*403989: obj =   9.908732635e+11 inf =   1.668e+00 (28799) 2
*404169: obj =   9.908724631e+11 inf =   1.674e+00 (28744) 1
*404356: obj =   9.908717153e+11 inf =   1.676e+00 (28734) 2
*404557: obj =   9.908716739e+11 inf =   1.675e+00 (28679) 2
*404787: obj =   9.908712242e+11 inf =   1.672e+00 (28627) 2
*404958: obj =   9.908704415e+11 inf =   1.674e+00 (28670) 2
*405149: obj =   9.908693147e+11 inf =   1.672e+00 (28606) 1
*405336: obj =   9.908684638e+11 inf =   1.676e+00 (28590) 2
*405523: obj =   9.908677085e+11 inf =   1.678e+00 (28559) 2
*405729: obj =   9.908676760e+11 inf =   1.676e+00 (28575) 2
*405941: obj =   9.908665502e+11 inf =   1.675e+00 (28479) 1
*406124: obj =   9.908658199e+11 inf =   1.671e+00 (28487) 2
*406311: obj =   9.908645938e+11 inf =   1.673e+00 (28414) 2
*406499: obj =   9.908639283e+11 inf =   1.672e+00 (28409) 1
*406711: obj =   9.908634650e+11 inf =   1.670e+00 (28355) 3
*406910: obj =   9.908624525e+11 inf =   1.669e+00 (28278) 1
*407106: obj =   9.908614904e+11 inf =   1.667e+00 (28234) 2
*407295: obj =   9.908598467e+11 inf =   1.668e+00 (28184) 2
*407484: obj =   9.908587116e+11 inf =   1.667e+00 (28144) 1
*407680: obj =   9.908586948e+11 inf =   1.657e+00 (28091) 2
*407881: obj =   9.908581324e+11 inf =   1.648e+00 (28089) 2
*408074: obj =   9.908566603e+11 inf =   1.648e+00 (28067) 2
*408268: obj =   9.908556872e+11 inf =   1.641e+00 (27982) 1
*408458: obj =   9.908537795e+11 inf =   1.637e+00 (27918) 2
*408670: obj =   9.908528927e+11 inf =   1.634e+00 (27878) 2
*408861: obj =   9.908515711e+11 inf =   1.632e+00 (27822) 2
*409051: obj =   9.908498685e+11 inf =   1.631e+00 (27814) 1
*409239: obj =   9.908481370e+11 inf =   1.630e+00 (27778) 2
*409421: obj =   9.908472640e+11 inf =   1.631e+00 (27786) 2
*409614: obj =   9.908472455e+11 inf =   1.626e+00 (27753) 2
*409826: obj =   9.908465456e+11 inf =   1.625e+00 (27743) 1
*410021: obj =   9.908447442e+11 inf =   1.622e+00 (27705) 2
*410220: obj =   9.908431352e+11 inf =   1.621e+00 (27661) 2
*410416: obj =   9.908422190e+11 inf =   1.612e+00 (27617) 2
*410609: obj =   9.908422057e+11 inf =   1.606e+00 (27545) 2
*410810: obj =   9.908410804e+11 inf =   1.600e+00 (27505) 1
*410997: obj =   9.908390846e+11 inf =   1.599e+00 (27483) 2
*411187: obj =   9.908386183e+11 inf =   1.593e+00 (27463) 2
*411412: obj =   9.908384247e+11 inf =   1.589e+00 (27429) 2
*411614: obj =   9.908384059e+11 inf =   1.587e+00 (27434) 2
*411837: obj =   9.908383089e+11 inf =   1.586e+00 (27324) 2
*412059: obj =   9.908382932e+11 inf =   1.588e+00 (27143) 2
*412299: obj =   9.908382759e+11 inf =   1.585e+00 (26849) 3
*412545: obj =   9.908382615e+11 inf =   1.583e+00 (26594) 2
*412805: obj =   9.908382350e+11 inf =   1.581e+00 (26260) 2
*413109: obj =   9.908377894e+11 inf =   1.580e+00 (26017) 1
*413419: obj =   9.908373948e+11 inf =   1.580e+00 (25743)
*413693: obj =   9.908372165e+11 inf =   1.580e+00 (25510) 1
*413997: obj =   9.908368607e+11 inf =   1.580e+00 (25272) 1
*414314: obj =   9.908365382e+11 inf =   1.579e+00 (24993)
*414590: obj =   9.908363457e+11 inf =   1.578e+00 (24753) 1
*414885: obj =   9.908360380e+11 inf =   1.578e+00 (24497) 1
*415180: obj =   9.908357749e+11 inf =   1.577e+00 (24259) 1
*415450: obj =   9.908354574e+11 inf =   1.576e+00 (24024) 1
*415742: obj =   9.908352235e+11 inf =   1.576e+00 (23822)
*416046: obj =   9.908349349e+11 inf =   1.576e+00 (23569) 1
*416339: obj =   9.908346089e+11 inf =   1.576e+00 (23337) 1
*416630: obj =   9.908344054e+11 inf =   1.575e+00 (23061) 1
*416919: obj =   9.908340994e+11 inf =   1.575e+00 (22846)
*417208: obj =   9.908337721e+11 inf =   1.574e+00 (22617) 1
*417478: obj =   9.908335232e+11 inf =   1.574e+00 (22388) 1
*417769: obj =   9.908332463e+11 inf =   1.572e+00 (22122) 1
*418080: obj =   9.908328892e+11 inf =   1.571e+00 (21864)
*418393: obj =   9.908326515e+11 inf =   1.570e+00 (21572) 1
*418683: obj =   9.908323997e+11 inf =   1.569e+00 (21325) 1
*418990: obj =   9.908321216e+11 inf =   1.568e+00 (21049) 1
*419306: obj =   9.908317684e+11 inf =   1.566e+00 (20769)
*419569: obj =   9.908315615e+11 inf =   1.565e+00 (20553) 2
*419887: obj =   9.908312933e+11 inf =   1.564e+00 (20269)
*420189: obj =   9.908310959e+11 inf =   1.563e+00 (20020) 1
*420474: obj =   9.908309043e+11 inf =   1.563e+00 (19739) 1
*420776: obj =   9.908306816e+11 inf =   1.561e+00 (19477) 1
*421092: obj =   9.908304385e+11 inf =   1.560e+00 (19227)
*421399: obj =   9.908301620e+11 inf =   1.558e+00 (18958) 1
*421685: obj =   9.908300313e+11 inf =   1.557e+00 (18657) 1
*421990: obj =   9.908297172e+11 inf =   1.555e+00 (18420) 1
*422300: obj =   9.908294467e+11 inf =   1.555e+00 (18104)
*422576: obj =   9.908292428e+11 inf =   1.554e+00 (17846) 2
*422887: obj =   9.908289418e+11 inf =   1.551e+00 (17555)
*423193: obj =   9.908286515e+11 inf =   1.549e+00 (17315) 1
*423474: obj =   9.908284444e+11 inf =   1.549e+00 (17031) 1
*423777: obj =   9.908282090e+11 inf =   1.548e+00 (16776) 1
*424083: obj =   9.908280070e+11 inf =   1.546e+00 (16503) 1
*424393: obj =   9.908277238e+11 inf =   1.545e+00 (16197)
*424670: obj =   9.908275596e+11 inf =   1.543e+00 (15928) 2
*424986: obj =   9.908272984e+11 inf =   1.543e+00 (15667)
*425294: obj =   9.908270263e+11 inf =   1.541e+00 (15371) 1
*425585: obj =   9.908268427e+11 inf =   1.540e+00 (15087) 1
*425891: obj =   9.908266230e+11 inf =   1.539e+00 (14826) 1
*426200: obj =   9.908264037e+11 inf =   1.538e+00 (14542) 1
*426463: obj =   9.907516701e+11 inf =   1.536e+00 (8183) 1
*426687: obj =   9.907516613e+11 inf =   1.541e+00 (7950) 2
*426923: obj =   9.907516581e+11 inf =   1.542e+00 (7583) 3
*427200: obj =   9.907516445e+11 inf =   1.540e+00 (7105) 2
*427434: obj =   9.906503839e+11 inf =   1.539e+00 (15162) 3
*427663: obj =   9.906503751e+11 inf =   1.537e+00 (14894) 2
*427919: obj =   9.906503741e+11 inf =   1.537e+00 (14546) 2
*428226: obj =   9.906502116e+11 inf =   1.535e+00 (14241) 1
*428507: obj =   9.906500880e+11 inf =   1.531e+00 (13938) 2
*428827: obj =   9.906499032e+11 inf =   1.529e+00 (13636)
*429140: obj =   9.906497461e+11 inf =   1.527e+00 (13297) 1
*429448: obj =   9.906495806e+11 inf =   1.525e+00 (12951) 1
*429752: obj =   9.906494198e+11 inf =   1.522e+00 (12650) 1
*430064: obj =   9.906491952e+11 inf =   1.520e+00 (12333) 1
*430387: obj =   9.906489836e+11 inf =   1.518e+00 (12015)
*430693: obj =   9.906488245e+11 inf =   1.515e+00 (11679) 1
*431006: obj =   9.906486784e+11 inf =   1.512e+00 (11397) 1
*431320: obj =   9.906484743e+11 inf =   1.509e+00 (11067) 1
*431611: obj =   9.906483169e+11 inf =   1.506e+00 (10779) 1
*431924: obj =   9.906481427e+11 inf =   1.503e+00 (10460) 1
*432234: obj =   9.906479975e+11 inf =   1.501e+00 (10152) 1
*432537: obj =   9.906478850e+11 inf =   1.498e+00 (9794) 1
*432848: obj =   9.906477472e+11 inf =   1.495e+00 (9495) 1
*433170: obj =   9.906476076e+11 inf =   1.492e+00 (9156) 1
*433475: obj =   9.906474847e+11 inf =   1.489e+00 (8812) 1
*433788: obj =   9.906473760e+11 inf =   1.486e+00 (8474) 1
*434113: obj =   9.906472516e+11 inf =   1.483e+00 (8137)
*434427: obj =   9.906471498e+11 inf =   1.480e+00 (7807) 1
*434734: obj =   9.906470392e+11 inf =   1.478e+00 (7476) 1
*435040: obj =   9.906469403e+11 inf =   1.474e+00 (7168) 1
*435355: obj =   9.906468481e+11 inf =   1.471e+00 (6822) 1
*435663: obj =   9.906467436e+11 inf =   1.468e+00 (6491) 1
*435980: obj =   9.906466531e+11 inf =   1.465e+00 (6139) 1
*436271: obj =   9.906188935e+11 inf =   1.464e+00 (3041) 1
*436552: obj =   9.906073316e+11 inf =   1.461e+00 (5596) 1
*436867: obj =   9.906072400e+11 inf =   1.458e+00 (5266) 1
*437185: obj =   9.906071420e+11 inf =   1.455e+00 (4937) 1
*437495: obj =   9.906070424e+11 inf =   1.451e+00 (4589) 1
*437818: obj =   9.906069440e+11 inf =   1.447e+00 (4253)
*438132: obj =   9.906068835e+11 inf =   1.444e+00 (3929) 1
*438446: obj =   9.905838633e+11 inf =   1.441e+00 (3588) 1
*438759: obj =   9.905838050e+11 inf =   1.438e+00 (3268) 1
*439072: obj =   9.905837511e+11 inf =   1.434e+00 (2935) 1
*439389: obj =   9.905837001e+11 inf =   1.430e+00 (2579) 1
*439702: obj =   9.905703761e+11 inf =   1.426e+00 (2244) 1
*440018: obj =   9.905703461e+11 inf =   1.423e+00 (1904) 1
*440334: obj =   9.905703229e+11 inf =   1.419e+00 (1559) 1
*440648: obj =   9.905703092e+11 inf =   1.415e+00 (1222) 1
*440964: obj =   9.905702975e+11 inf =   1.412e+00 (886) 1
*441279: obj =   9.905682339e+11 inf =   1.409e+00 (544) 1
*441581: obj =   9.905679126e+11 inf =   1.406e+00 (232) 2
Removing LP perturbation [441816]...
*441816: obj =   9.909574282e+11 inf =   0.000e+00 (0) 2
OPTIMAL LP SOLUTION FOUND
Integer optimization begins...
Long-step dual simplex will be used
+441816: mip =     not found yet >=              -inf        (1; 0)
+441816: >>>>>   9.909574282e+11 >=   9.909574282e+11   0.0% (1; 0)
+441816: mip =   9.909574282e+11 >=     tree is empty   0.0% (0; 1)
INTEGER OPTIMAL SOLUTION FOUND
Time used:   14727.2 secs
Memory used: 588.8 Mb (617376608 bytes)
Writing MIP solution to 'input/sx-mathoverflow.html/sx-mathoverflow.txt.gz.192.lp.sol'...
Objective:  obj = 9.909574282e+11 (MINimum)
