name,notes,no_red_time,reach_chain_time,detour_time,all_time,all_write_time,final_time,no_red_el_time,reach_chain_el_time,detour_el_time,all_el_time,all_write_el_time,final_el_time,no_red_mem,reach_chain_mem,detour_mem,all_mem,all_write_mem,final_mem,no_red_mem_peak,reach_chain_mem_peak,detour_mem_peak,all_mem_peak,all_write_mem_peak,final_mem_peak,no_red_nodes,no_red_edges,no_red_from_s,no_red_to_t,reach_chain_nodes,reach_chain_edges,reach_chain_from_s,reach_chain_to_t,detour_nodes,detour_edges,detour_from_s,detour_to_t,B_1,Obj_1,time_no_red_1,time_reach_chain_detour_1,time_reach_chain_detour_adj_1,mem_no_red_1,mem_reach_chain_detour_1,mem_reach_chain_detour_adj_1,B_2,Obj_2,time_no_red_2,time_reach_chain_detour_2,time_reach_chain_detour_adj_2,mem_no_red_2,mem_reach_chain_detour_2,mem_reach_chain_detour_adj_2,B_3,Obj_3,time_no_red_3,time_reach_chain_detour_3,time_reach_chain_detour_adj_3,mem_no_red_3,mem_reach_chain_detour_3,mem_reach_chain_detour_adj_3,B_4,Obj_4,time_no_red_4,time_reach_chain_detour_4,time_reach_chain_detour_adj_4,mem_no_red_4,mem_reach_chain_detour_4,mem_reach_chain_detour_adj_4,B_5,Obj_5,time_no_red_5,time_reach_chain_detour_5,time_reach_chain_detour_adj_5,mem_no_red_5,mem_reach_chain_detour_5,mem_reach_chain_detour_adj_5,B_6,Obj_6,time_no_red_6,time_reach_chain_detour_6,time_reach_chain_detour_adj_6,mem_no_red_6,mem_reach_chain_detour_6,mem_reach_chain_detour_adj_6,B_7,Obj_7,time_no_red_7,time_reach_chain_detour_7,time_reach_chain_detour_adj_7,mem_no_red_7,mem_reach_chain_detour_7,mem_reach_chain_detour_adj_7,B_8,Obj_8,time_no_red_8,time_reach_chain_detour_8,time_reach_chain_detour_adj_8,mem_no_red_8,mem_reach_chain_detour_8,mem_reach_chain_detour_adj_8,B_9,Obj_9,time_no_red_9,time_reach_chain_detour_9,time_reach_chain_detour_adj_9,mem_no_red_9,mem_reach_chain_detour_9,mem_reach_chain_detour_adj_9,B_10,Obj_10,time_no_red_10,time_reach_chain_detour_10,time_reach_chain_detour_adj_10,mem_no_red_10,mem_reach_chain_detour_10,mem_reach_chain_detour_adj_10,eps_1_1,Obj_no_red_1_1,new_time_no_red_1_1,new_mem_no_red_1_1,new_num_iter_no_red_1_1,eps_1_2,Obj_no_red_1_2,new_time_no_red_1_2,new_mem_no_red_1_2,new_num_iter_no_red_1_2,eps_2_1,Obj_no_red_2_1,new_time_no_red_2_1,new_mem_no_red_2_1,new_num_iter_no_red_2_1,eps_2_2,Obj_no_red_2_2,new_time_no_red_2_2,new_mem_no_red_2_2,new_num_iter_no_red_2_2,eps_3_1,Obj_no_red_3_1,new_time_no_red_3_1,new_mem_no_red_3_1,new_num_iter_no_red_3_1,eps_3_2,Obj_no_red_3_2,new_time_no_red_3_2,new_mem_no_red_3_2,new_num_iter_no_red_3_2,eps_4_1,Obj_no_red_4_1,new_time_no_red_4_1,new_mem_no_red_4_1,new_num_iter_no_red_4_1,eps_4_2,Obj_no_red_4_2,new_time_no_red_4_2,new_mem_no_red_4_2,new_num_iter_no_red_4_2,eps_5_1,Obj_no_red_5_1,new_time_no_red_5_1,new_mem_no_red_5_1,new_num_iter_no_red_5_1,eps_5_2,Obj_no_red_5_2,new_time_no_red_5_2,new_mem_no_red_5_2,new_num_iter_no_red_5_2,eps_6_1,Obj_no_red_6_1,new_time_no_red_6_1,new_mem_no_red_6_1,new_num_iter_no_red_6_1,eps_6_2,Obj_no_red_6_2,new_time_no_red_6_2,new_mem_no_red_6_2,new_num_iter_no_red_6_2,eps_7_1,Obj_no_red_7_1,new_time_no_red_7_1,new_mem_no_red_7_1,new_num_iter_no_red_7_1,eps_7_2,Obj_no_red_7_2,new_time_no_red_7_2,new_mem_no_red_7_2,new_num_iter_no_red_7_2,eps_8_1,Obj_no_red_8_1,new_time_no_red_8_1,new_mem_no_red_8_1,new_num_iter_no_red_8_1,eps_8_2,Obj_no_red_8_2,new_time_no_red_8_2,new_mem_no_red_8_2,new_num_iter_no_red_8_2,eps_9_1,Obj_no_red_9_1,new_time_no_red_9_1,new_mem_no_red_9_1,new_num_iter_no_red_9_1,eps_9_2,Obj_no_red_9_2,new_time_no_red_9_2,new_mem_no_red_9_2,new_num_iter_no_red_9_2,eps_10_1,Obj_no_red_10_1,new_time_no_red_10_1,new_mem_no_red_10_1,new_num_iter_no_red_10_1,eps_10_2,Obj_no_red_10_2,new_time_no_red_10_2,new_mem_no_red_10_2,new_num_iter_no_red_10_2
amazon0302.txt.gz.full.log,killed: 137 (timeout) ,2086.300000,365.540000,,,,,2116.000000,367.000000,,,,,91.070312,127.738281,,,,,93.574219,137.914062,,,,,262111,1234877,5,420,238203,1124240,5,420,,,,,1,0.181176,262268,,,3239.2,,,2,,,,,,,,3,,,,,,,,4,,,,,,,,,exceeded min_s_t,,,,,,,,exceeded min_s_t,,,,,,,,exceeded min_s_t,,,,,,,,exceeded min_s_t,,,,,,,,exceeded min_s_t,,,,,,,,exceeded min_s_t,,,,,,,0.0001,0.181176,40307,1719.8,136,0.1,0.181176,41316,1719.76,134,0.0001,,,,1382,0.1,,,,1394,0.0001,,,,1236,0.1,,,,1180,0.0001,,,,1304,0.1,,,,1372,0.0001,exceeded min_s_t,,,,0.1,exceeded min_s_t,,,,0.0001,exceeded min_s_t,,,,0.1,exceeded min_s_t,,,,0.0001,exceeded min_s_t,,,,0.1,exceeded min_s_t,,,,0.0001,exceeded min_s_t,,,,0.1,exceeded min_s_t,,,,0.0001,exceeded min_s_t,,,,0.1,exceeded min_s_t,,,,0.0001,exceeded min_s_t,,,,0.1,exceeded min_s_t,,,
amazon0312.txt.gz.full.log,killed: 137 (timeout) ,15161.420000,1488.870000,,,,,15165.000000,1488.000000,,,,,171.980469,176.218750,,,,,177.015625,288.867188,,,,,400727,3200440,10,2747,371433,3077881,10,2747,,,,,1,,,,,,,,2,,,,,,,,3,,,,,,,,4,,,,,,,,5,,,,,,,,6,,,,,,,,7,,,,,,,,8,,,,,,,,9,,,,,,,,,exceeded min_s_t,,,,,,,0.0001,,,,542,0.1,0.808487,78251,4168.13,72,0.0001,,,,458,0.1,,,,458,0.0001,,,,370,0.1,,,,372,0.0001,,,,4,0.1,,,,4,0.0001,,,,250,0.1,,,,244,0.0001,,,,26,0.1,,,,26,0.0001,,,,40,0.1,,,,40,0.0001,,,,8,0.1,,,,8,0.0001,,,,28,0.1,,,,28,0.0001,exceeded min_s_t,,,,0.1,exceeded min_s_t,,,
amazon0505.txt.gz.full.log,killed: 137 (timeout) ,14014.590000,1642.870000,,,,,14016.000000,1643.000000,,,,,178.171875,284.625000,,,,,183.742188,296.398438,,,,,410236,3356824,10,2760,379833,3235091,10,2760,,,,,1,,,,,,,,2,,,,,,,,3,,,,,,,,4,,,,,,,,5,,,,,,,,6,,,,,,,,7,,,,,,,,8,,,,,,,,9,,,,,,,,,exceeded min_s_t,,,,,,,0.0001,,,,16,0.1,0.512996,54194,4404.08,16,0.0001,,,,100,0.1,,,,100,0.0001,,,,2,0.1,,,,2,0.0001,,,,12,0.1,,,,12,0.0001,,,,10,0.1,,,,10,0.0001,,,,10,0.1,,,,10,0.0001,,,,1004,0.1,,,,1016,0.0001,,,,2166,0.1,,,,1984,0.0001,,,,1560,0.1,,,,1568,0.0001,exceeded min_s_t,,,,0.1,exceeded min_s_t,,,
amazon0601.txt.gz.full.log,killed: 137 (timeout) ,15801.560000,931.330000,,,,,15951.000000,942.000000,,,,,178.382812,182.941406,,,,,183.925781,298.175781,,,,,403394,3387388,10,2751,383721,3278206,10,2736,,,,,1,,,,,,,,2,,,,,,,,3,,,,,,,,4,,,,,,,,5,,,,,,,,6,,,,,,,,7,,,,,,,,8,,,,,,,,9,,,,,,,,,exceeded min_s_t,,,,,,,0.0001,0.404564,58954,4459.72,62,0.1,0.404564,54562,4446.02,30,0.0001,,,,12,0.1,,,,12,0.0001,,,,40,0.1,,,,40,0.0001,,,,2,0.1,,,,2,0.0001,,,,8,0.1,,,,8,0.0001,,,,6,0.1,,,,6,0.0001,,,,1328,0.1,,,,1326,0.0001,,,,946,0.1,,,,952,0.0001,,,,1644,0.1,,,,1626,0.0001,exceeded min_s_t,,,,0.1,exceeded min_s_t,,,
as20000102.txt.gz.full.log, ,0.130000,0.520000,0.000000,0.520000,0.640000,0.650000,0.000000,1.000000,0.000000,1.000000,1.000000,1.000000,14.820312,15.695312,15.695312,15.695312,15.695312,15.695312,15.324219,15.730469,15.730469,15.730469,15.730469,15.730469,6474,12572,1457,26,27,163,20,14,27,163,20,14,2,1.372219,0.31,0.01,,35.0,0.5,,4,0.850978,0.33,0.01,,35.0,0.5,,6,0.54619,0.36,0.01,,35.0,0.5,,8,0.328388,0.37,0.01,,35.0,0.5,,10,0.146999,0.36,0.01,,35.0,0.5,,12,0.062711,0.38,0.01,,35.0,0.5,,14,0,0.35,0.01,0.0001,35.0,0.5,0,16,0,0.35,0.01,0.0001,35.0,0.5,0,18,0,0.35,0.01,0.0001,35.0,0.5,0,20,0,0.36,0.01,0.0001,35.0,0.5,0,0.0001,,,,88660,0.1,,,,94854,0.0001,,,,66612,0.1,,,,70806,0.0001,,,,23888,0.1,,,,23692,0.0001,,,,3492,0.1,,,,4284,0.0001,,,,27298,0.1,,,,27286,0.0001,,,,43460,0.1,,,,43470,0.0001,,,,25228,0.1,,,,25228,0.0001,,,,17284,0.1,,,,17494,0.0001,,,,25082,0.1,,,,25082,0.0001,,,,25112,0.1,,,,25112
as-caida20071105.txt.gz.full.log, ,11.630000,0.600000,1146.040000,1146.640000,1158.190000,1158.870000,13.000000,0.000000,1160.000000,1160.000000,1172.000000,1173.000000,20.902344,21.726562,21.000000,21.000000,21.000000,21.000000,21.406250,23.929688,23.929688,23.929688,23.929688,23.929688,26475,106762,2628,913,16531,86167,2274,701,16288,85681,2274,701,91,131.412983,4383,3500.72,,292.9,219.3,,182,99.649644,9585,5409,,292.9,228.9,,273,67.95137,21354,29998,,292.9,228.9,,364,36.267536,39695,30598,,292.9,228.9,,455,9.28844,42124,49344,,292.9,228.9,,546,1.035767,4126,31446,,292.9,228.9,,637,0.203579,2729.62,4859,,292.9,228.9,,728,0,2414.1,4063,0.0001,292.9,228.9,0,819,0,2397.94,4291,0.0001,292.9,228.9,0,910,0,2592.74,3834,0.0001,281.0,228.9,0,0.0001,,,,4,0.1,,,,4,0.0001,,,,2,0.1,,,,2,0.0001,,,,2,0.1,,,,2,0.0001,,,,2,0.1,,,,2,0.0001,,,,2,0.1,,,,2,0.0001,,,,2,0.1,,,,2,0.0001,,,,4,0.1,,,,4,0.0001,,,,4,0.1,,,,4,0.0001,,,,4,0.1,,,,4,0.0001,,,,4108,0.1,,,,3962
as-skitter.txt.gz.full.log, ,60577.350000,124790.920000,1.200000,124792.120000,185354.430000,185979.400000,60581.000000,124795.000000,1.000000,124796.000000,185363.000000,185988.000000,585.718750,648.570312,648.570312,648.570312,648.570312,648.570312,592.695312,700.367188,700.367188,700.367188,700.367188,700.367188,1696415,11095298,35387,3714,39011,396627,321,2047,39011,396627,321,2047,371,0,,227799,0.0001,,1026.9,0,742,0,,60366,0.0001,,1026.9,0,1113,0,,176897,0.0001,,1100.7,0,1484,0,,12349,0.0001,,1026.9,0,1855,0,243437,9093,0.0001,28690.6,1026.9,0,2226,0,167050,55289,0.0001,28690.6,1070.1,0,2597,,,,0.0001,,,0,2968,0,,320.27,0.0001,,1026.9,0,3339,0,,288.42,0.0001,,1026.9,0,3710,0,,291.3,0.0001,,1026.9,0,0.0001,,,,4,0.1,,,,4,0.0001,,,,6,0.1,,,,0,0.0001,,,,6,0.1,,,,6,0.0001,,,,8,0.1,,,,8,0.0001,,,,14,0.1,,,,16,0.0001,,,,20,0.1,,,,20,0.0001,,,,20,0.1,,,,22,0.0001,,,,22,0.1,,,,20,0.0001,,,,24,0.1,,,,22,0.0001,,,,24,0.1,,,,22
ca-AstroPh.txt.gz.full.log, ,26.730000,3.340000,10911.670000,10915.010000,10941.380000,10942.500000,27.000000,3.000000,10912.000000,10915.000000,10941.000000,10943.000000,28.519531,28.890625,30.429688,30.429688,30.429688,30.429688,29.023438,41.425781,41.425781,41.425781,41.425781,41.425781,18772,396100,504,427,16947,391603,504,427,16843,391271,504,427,42,376.321432,337517,328572,,995.4,983.3,,84,329.347225,256021,,,995.4,,,126,,,,,,,,168,242.246033,337063,,,995.4,,,210,,,,,,,,252,,,,,,,,294,120.212305,200999,240265,,995.4,983.3,,336,81.208337,232440,258904,,995.4,983.3,,378,42.90873,211123,238548,,995.4,983.3,,420,5.853173,,341718,,,983.3,,0.0001,,,,10,0.1,,,,10,0.0001,,,,8,0.1,,,,8,0.0001,,,,8,0.1,,,,8,0.0001,,,,8,0.1,,,,8,0.0001,,,,6,0.1,,,,6,0.0001,,,,4,0.1,,,,4,0.0001,,,,4,0.1,,,,4,0.0001,,,,6,0.1,,,,6,0.0001,,,,4,0.1,,,,4,0.0001,,,,4,0.1,,,,4
ca-CondMat.txt.gz.full.log, ,8.470000,3.690000,3486.180000,3489.870000,3498.290000,3498.710000,9.000000,3.000000,3487.000000,3490.000000,3498.000000,3499.000000,22.820312,23.558594,24.394531,24.394531,24.394531,24.394531,23.324219,29.226562,29.226562,29.226562,29.226562,29.226562,23133,186878,279,201,19681,178905,272,197,19366,177933,272,197,20,136.931895,22230,20343,,477.3,453.9,,40,119.046591,20628,17880,,477.3,453.9,,60,102.150534,21230,18196,,477.3,453.9,,80,85.681001,22924,18983,,477.3,453.9,,100,69.548386,21143,15315,,477.3,453.9,,120,53.645163,20216,18427,,477.3,453.9,,140,38.086025,21693,15946,,477.3,453.9,,160,22.824375,26066,19290,,477.3,453.9,,180,7.853051,32880,79444,,477.3,474.3,,200,0,30588,97634,0.0001,498.6,474.3,0,0.0001,,,,14,0.1,,,,14,0.0001,,,,8,0.1,,,,8,0.0001,,,,6,0.1,,,,6,0.0001,,,,10,0.1,,,,10,0.0001,,,,10,0.1,,,,10,0.0001,,,,12,0.1,,,,12,0.0001,,,,6,0.1,,,,6,0.0001,,,,8,0.1,,,,8,0.0001,,,,10,0.1,,,,10,0.0001,,,,6,0.1,,,,8
ca-GrQc.txt.gz.full.log, ,0.360000,0.180000,39.780000,39.960000,40.330000,40.370000,0.000000,0.000000,40.000000,40.000000,40.000000,40.000000,15.226562,15.386719,15.386719,15.386719,15.386719,15.386719,15.730469,16.621094,16.621094,16.621094,16.621094,16.621094,5242,28968,81,59,3484,25435,81,59,3251,24575,81,59,5,21.975308,15.62,11.32,,76.0,63.9,,10,18.185185,16.13,11.94,,79.6,66.9,,15,14.296296,17.2,11.83,,76.0,63.9,,20,10.851852,16.03,13.79,,76.0,63.9,,25,7.641975,16.38,13.22,,76.0,63.9,,30,4.938272,15.37,11.2,,76.0,63.9,,35,2.790123,16.37,13.1,,76.0,63.9,,40,1.197532,18.93,13.47,,76.0,63.9,,45,0.08642,31.87,34.03,,76.0,63.9,,50,0,1.34,1.12,,76.0,63.9,,0.0001,,,,1224,0.1,,,,1210,0.0001,,,,236,0.1,,,,234,0.0001,,,,80,0.1,,,,80,0.0001,,,,20,0.1,,,,20,0.0001,,,,24,0.1,,,,24,0.0001,,,,22,0.1,,,,22,0.0001,,,,20,0.1,,,,20,0.0001,,,,20,0.1,,,,20,0.0001,,,,16,0.1,,,,16,0.0001,,,,18,0.1,,,,18
ca-HepPh.txt.gz.full.log, ,5.820000,1.360000,2365.210000,2366.570000,2372.370000,2372.760000,6.000000,1.000000,2365.000000,2366.000000,2372.000000,2373.000000,22.648438,22.898438,24.062500,24.062500,24.062500,24.062500,23.152344,30.398438,30.398438,30.398438,30.398438,30.398438,12008,236978,491,266,10090,232742,491,264,9947,231934,491,264,26,178.032587,13432,13972,,606.5,593.6,,52,152.456209,12036,12762,,606.5,593.6,,78,130.678202,11754,14287,,606.5,593.6,,104,110.747453,12267,12518,,606.5,593.6,,130,91.608958,13624,16335,,633.6,593.6,,156,72.755595,13771,17006,,606.5,593.6,,182,53.922602,13902,17656,,606.5,620.1,,208,35.191446,15573,17483,,606.5,593.6,,234,17.643584,14671,20044,,606.5,593.6,,260,1.543788,14460,17034,,633.6,620.1,,0.0001,,,,8,0.1,,,,8,0.0001,,,,10,0.1,,,,10,0.0001,,,,12,0.1,,,,12,0.0001,,,,10,0.1,,,,10,0.0001,,,,6,0.1,,,,6,0.0001,,,,2,0.1,,,,2,0.0001,,,,8,0.1,,,,8,0.0001,,,,2,0.1,,,,2,0.0001,,,,6,0.1,,,,6,0.0001,,,,2,0.1,,,,2
ca-HepTh.txt.gz.full.log, ,0.870000,0.430000,188.670000,189.100000,189.960000,190.040000,1.000000,0.000000,189.000000,189.000000,190.000000,190.000000,16.613281,16.875000,17.875000,17.875000,17.875000,17.875000,17.117188,18.726562,18.726562,18.726562,18.726562,18.726562,9877,51946,65,60,7176,46624,63,58,6857,45674,63,58,5,60.015388,100.61,71.52,,137.4,117.3,,10,53.553849,161.25,144.15,,144.0,122.9,,15,47.076926,153.65,183.17,,144.0,122.9,,20,40.446156,78.84,97.04,,137.4,117.3,,25,34.06154,84.01,135.47,,137.4,117.3,,30,28,113.34,142.25,,137.4,117.3,,35,22.246153,105.58,120.06,,137.4,117.3,,40,16.676922,105.65,413.17,,137.4,117.3,,45,11.353846,127.99,144.8,,137.4,117.3,,50,6.2,120.47,261.57,,137.4,117.3,,0.0001,,,,1224,0.1,,,,1100,0.0001,,,,90,0.1,,,,90,0.0001,,,,16,0.1,,,,16,0.0001,,,,8,0.1,,,,8,0.0001,,,,12,0.1,,,,12,0.0001,,,,12,0.1,,,,12,0.0001,,,,12,0.1,,,,12,0.0001,,,,10,0.1,,,,10,0.0001,,,,8,0.1,,,,8,0.0001,,,,10,0.1,,,,10
cit-HepPh.txt.gz.full.log, ,181.380000,137.020000,164.680000,301.700000,482.600000,483.550000,182.000000,137.000000,164.000000,301.000000,483.000000,484.000000,31.226562,31.882812,33.027344,33.027344,33.027344,33.027344,31.863281,33.683594,33.683594,33.683594,33.683594,33.683594,34546,421534,411,616,12705,139958,296,377,12705,139958,296,377,41,0.050914,7894,916.07,,1098.3,360.1,,82,0,9082,247.84,,1098.3,360.1,,123,0,5927,3270.94,,1098.3,375.3,,164,0,6271,213.04,,1142.9,360.1,,205,0,50640,169.76,,1143.5,360.1,,246,0,2286.85,151.74,,1098.3,360.1,,287,0,3253.14,74.86,,1098.3,360.1,,328,0,134537,67.88,0.0001,1143.4,360.1,0,369,0,1436.93,73.9,0.0001,1098.3,360.1,0,410,0,1445.76,74.31,0.0001,1098.3,360.1,0,0.0001,,,,30,0.1,,,,30,0.0001,,,,16,0.1,,,,16,0.0001,,,,10,0.1,,,,10,0.0001,,,,10,0.1,,,,10,0.0001,,,,14,0.1,,,,14,0.0001,,,,5086,0.1,,,,5128,0.0001,,,,4676,0.1,,,,3882,0.0001,,,,4508,0.1,,,,4506,0.0001,,,,4180,0.1,,,,4200,0.0001,,,,3930,0.1,,,,3944
cit-HepTh.txt.gz.full.log, ,63.590000,98.300000,88.250000,186.550000,249.300000,250.740000,64.000000,98.000000,89.000000,187.000000,250.000000,252.000000,28.210938,28.328125,29.355469,29.355469,29.355469,29.355469,28.714844,32.199219,32.199219,32.199219,32.199219,32.199219,27770,352768,562,2414,7463,116222,464,1807,7462,116220,464,1807,56,168.05511,13569,1337.86,,898.1,298.6,,112,140.490591,13410,875.44,,898.1,298.6,,168,113.401879,8132,1146.26,,898.1,298.6,,224,86.592383,7719,1448.38,,898.1,298.6,,280,59.974122,10305,1360.9,,898.1,298.6,,336,33.541674,7833,1396,,898.1,298.6,,392,7.345434,17639,1248.44,,898.1,298.6,,448,0,91352,9031,,898.1,310.8,,504,0,85796,5238,0.0001,898.1,298.6,0,560,0,93716,3853,0.0001,898.1,310.8,0,0.0001,,,,10,0.1,,,,10,0.0001,,,,12,0.1,,,,12,0.0001,,,,6,0.1,,,,6,0.0001,,,,6,0.1,,,,6,0.0001,,,,6,0.1,,,,6,0.0001,,,,4,0.1,,,,4,0.0001,,,,4,0.1,,,,4,0.0001,,,,4,0.1,,,,4,0.0001,,,,4,0.1,,,,4,0.0001,,,,21190,0.1,,,,21306
cit-Patents.txt.gz.full.log,killed: 137 (timeout) original LP missing,,,,,,,,,,,,,,,,,,,,,,,,,,,,,,,,,,,,,,no file res,,,,,,,,no file res,,,,,,,,no file res,,,,,,,,no file res,,,,,,,,no file res,,,,,,,,no file res,,,,,,,,no file res,,,,,,,,no file res,,,,,,,,no file res,,,,,,,,no file res,,,,,,,0.0001,single missing,,,,0.1,single missing,,,,0.0001,single missing,,,,0.1,single missing,,,,0.0001,single missing,,,,0.1,single missing,,,,0.0001,single missing,,,,0.1,single missing,,,,0.0001,single missing,,,,0.1,single missing,,,,0.0001,single missing,,,,0.1,single missing,,,,0.0001,single missing,,,,0.1,single missing,,,,0.0001,single missing,,,,0.1,single missing,,,,0.0001,single missing,,,,0.1,single missing,,,,0.0001,single missing,,,,0.1,single missing,,,
CollegeMsg.txt.gz.full.log, ,0.190000,0.160000,8.860000,9.020000,9.200000,9.240000,0.000000,0.000000,9.000000,9.000000,9.000000,9.000000,14.484375,15.531250,14.847656,14.847656,14.847656,14.847656,14.988281,15.566406,15.847656,15.847656,15.847656,15.847656,1899,20296,237,137,1234,18754,187,136,1230,18746,187,136,13,1.334160229e+11,18.81,15.41,,51.4,47.6,,26,1.192662307e+11,17.35,15.53,,51.4,47.6,,39,1.051477362e+11,18.36,13.85,,51.4,47.6,,52,9.103848806e+10,17.11,14.6,,51.4,47.6,,65,7.693398165e+10,18.89,14.03,,51.4,47.6,,78,6.28344046e+10,17.75,15.56,,51.4,47.6,,91,4.874171842e+10,17.8,16.78,,51.4,47.6,,104,3.465449793e+10,18.07,13.65,,51.4,47.6,,117,2.057278655e+10,18.63,17.57,,51.4,47.6,,130,6495791012,17.67,14.41,,51.4,47.6,,0.0001,,,,14,0.1,146540269881.000000,1.03,38628,2,0.0001,,,,14,0.1,,,,14,0.0001,,,,8,0.1,,,,8,0.0001,,,,8,0.1,,,,8,0.0001,,,,6,0.1,,,,6,0.0001,,,,6,0.1,,,,6,0.0001,,,,6,0.1,,,,6,0.0001,,,,6,0.1,,,,6,0.0001,,,,6,0.1,,,,6,0.0001,,,,4,0.1,,,,4
com-amazon.ungraph.txt.gz.full.log, ,3978.900000,3492.420000,0.000000,3492.420000,7469.800000,7471.380000,3979.000000,3493.000000,0.000000,3493.000000,7471.000000,7472.000000,82.710938,84.964844,84.964844,84.964844,84.964844,84.964844,84.496094,98.265625,98.265625,98.265625,98.265625,98.265625,334863,925872,168,216,4,3,1,1,4,3,1,1,16,0,120.9,0.01,0.0001,2529.1,0.1,0,32,0,119.93,0.01,0.0001,2529.1,0.1,0,48,0,114.36,0.01,0.0001,2529.1,0.1,0,64,0,113.67,0.01,0.0001,2529.1,0.1,0,80,0,119.86,0.01,0.0001,2635.9,0.1,0,96,0,109.12,0.01,0.0001,2635.9,0.1,0,112,0,96.01,0.01,0.0001,2529.1,0.1,0,128,0,97.89,0.01,0.0001,2529.1,0.1,0,144,0,246.76,0.01,0.0001,2635.9,0.1,0,160,0,93.94,0.01,0.0001,2529.1,0.1,0,0.0001,0.000000,19712,1153.28,2,0.1,0.000000,18067,1153.28,2,0.0001,0.000000,18130,1153.28,2,0.1,0.000000,17451,1153.28,2,0.0001,0.000000,17538,1153.29,2,0.1,0.000000,17405,1153.28,2,0.0001,0.000000,17907,1153.28,2,0.1,0.000000,17674,1153.28,2,0.0001,0.000000,17583,1153.28,2,0.1,0.000000,17498,1153.28,2,0.0001,0.000000,17593,1153.28,2,0.1,0.000000,17470,1153.28,2,0.0001,0.000000,17665,1153.29,2,0.1,0.000000,17683,1153.29,2,0.0001,0.000000,17588,1153.28,2,0.1,0.000000,17807,1153.29,2,0.0001,0.000000,17738,1153.28,2,0.1,0.000000,17571,1153.28,2,0.0001,0.000000,18120,1153.28,2,0.1,0.000000,22681,1153.29,2
com-dblp.ungraph.txt.gz.full.log, ,3654.460000,3516.240000,0.050000,3516.290000,7169.130000,7171.830000,3655.000000,3516.000000,0.000000,3516.000000,7169.000000,7172.000000,87.035156,88.554688,89.054688,89.054688,89.054688,89.054688,88.750000,100.812500,100.812500,100.812500,100.812500,100.812500,317080,1049866,306,113,3940,18535,91,105,3940,18535,91,105,11,23.391407,5438,7.97,,2820.2,48.6,,22,13.102621,6019,13.05,,2820.2,48.6,,33,5.031028,8534,11.85,,2820.2,48.6,,44,0.940335,9970,11.43,,2820.2,48.6,,55,0,6657,12.63,,2820.2,48.6,,66,0,5508,16.6,,2820.2,48.6,,77,0,5598,9.44,,2820.2,48.6,,88,0,6030,7.04,,2820.2,48.6,,99,0,24027,98.29,0.0001,2939.2,50.7,0,110,0,128041,3.3,0.0001,2939.3,48.6,0,0.0001,,,,10,0.1,,,,10,0.0001,,,,22,0.1,,,,22,0.0001,,,,2462,0.1,,,,2462,0.0001,,,,2852,0.1,,,,2856,0.0001,,,,2644,0.1,,,,2642,0.0001,,,,40,0.1,,,,40,0.0001,,,,26,0.1,,,,26,0.0001,,,,20,0.1,,,,20,0.0001,,,,20,0.1,,,,20,0.0001,,,,10,0.1,,,,10
com-friendster.ungraph.txt.gz.full.log,killed: 137 (timeout) original LP missing,,,,,,,,,,,,,,,,,,,,,,,,,,,,,,,,,,,,,,no file res,,,,,,,,no file res,,,,,,,,no file res,,,,,,,,no file res,,,,,,,,no file res,,,,,,,,no file res,,,,,,,,no file res,,,,,,,,no file res,,,,,,,,no file res,,,,,,,,no file res,,,,,,,0.0001,single missing,,,,0.1,single missing,,,,0.0001,single missing,,,,0.1,single missing,,,,0.0001,single missing,,,,0.1,single missing,,,,0.0001,single missing,,,,0.1,single missing,,,,0.0001,single missing,,,,0.1,single missing,,,,0.0001,single missing,,,,0.1,single missing,,,,0.0001,single missing,,,,0.1,single missing,,,,0.0001,single missing,,,,0.1,single missing,,,,0.0001,single missing,,,,0.1,single missing,,,,0.0001,single missing,,,,0.1,single missing,,,
com-lj.ungraph.txt.gz.full.log,killed: 137 (timeout) original LP missing,,,,,,,,,,,,,,,,,,,,,,,,,,,,,,,,,,,,,,no file res,,,,,,,,no file res,,,,,,,,no file res,,,,,,,,no file res,,,,,,,,no file res,,,,,,,,no file res,,,,,,,,no file res,,,,,,,,no file res,,,,,,,,no file res,,,,,,,,no file res,,,,,,,0.0001,single missing,,,,0.1,single missing,,,,0.0001,single missing,,,,0.1,single missing,,,,0.0001,single missing,,,,0.1,single missing,,,,0.0001,single missing,,,,0.1,single missing,,,,0.0001,single missing,,,,0.1,single missing,,,,0.0001,single missing,,,,0.1,single missing,,,,0.0001,single missing,,,,0.1,single missing,,,,0.0001,single missing,,,,0.1,single missing,,,,0.0001,single missing,,,,0.1,single missing,,,,0.0001,single missing,,,,0.1,single missing,,,
com-orkut.ungraph.txt.gz.full.log,killed: 137 (timeout) original LP missing,,,,,,,,,,,,,,,,,,,,,,,,,,,,,,,,,,,,,,no file res,,,,,,,,no file res,,,,,,,,no file res,,,,,,,,no file res,,,,,,,,no file res,,,,,,,,no file res,,,,,,,,no file res,,,,,,,,no file res,,,,,,,,no file res,,,,,,,,no file res,,,,,,,0.0001,single missing,,,,0.1,single missing,,,,0.0001,single missing,,,,0.1,single missing,,,,0.0001,single missing,,,,0.1,single missing,,,,0.0001,single missing,,,,0.1,single missing,,,,0.0001,single missing,,,,0.1,single missing,,,,0.0001,single missing,,,,0.1,single missing,,,,0.0001,single missing,,,,0.1,single missing,,,,0.0001,single missing,,,,0.1,single missing,,,,0.0001,single missing,,,,0.1,single missing,,,,0.0001,single missing,,,,0.1,single missing,,,
com-youtube.ungraph.txt.gz.full.log, ,10541.530000,53540.580000,3.960000,53544.540000,64082.720000,64138.060000,10542.000000,53543.000000,4.000000,53547.000000,64086.000000,64142.000000,254.054688,254.859375,256.582031,256.582031,256.582031,256.582031,258.890625,305.210938,305.210938,305.210938,305.210938,305.210938,1134890,2987624,28576,4256,80206,850314,15622,3849,80206,850314,15622,3849,425,,,,,,,,850,,,,,,,,1275,,,,,,,,1700,11.763122,,270496,,,2211.8,,2125,,,,,,,,2550,,,,,,,,2975,,,,,,,,3400,,,,,,,,3825,,,,,,,,4250,,,,0.0001,,,0,0.0001,,,,2,0.1,,,,2,0.0001,,,,4,0.1,,,,4,0.0001,,,,6,0.1,,,,6,0.0001,,,,530,0.1,,,,516,0.0001,,,,486,0.1,,,,476,0.0001,,,,438,0.1,,,,434,0.0001,,,,434,0.1,,,,432,0.0001,,,,430,0.1,,,,426,0.0001,,,,398,0.1,,,,396,0.0001,,,,332,0.1,,,,332
facebook_combined.txt.gz.full.log, ,0.690000,1.080000,0.000000,1.080000,1.700000,1.810000,0.000000,1.000000,0.000000,1.000000,1.000000,1.000000,16.820312,16.886719,16.886719,16.886719,16.886719,16.886719,17.324219,19.601562,19.601562,19.601562,19.601562,19.601562,4039,88234,1043,251,1075,27545,869,251,1075,27545,869,251,25,62.585785,44.44,16.09,,222.0,70.5,,50,54.49073,50.34,19.5,,222.0,70.5,,75,46.837716,51.46,16.96,,222.0,70.5,,100,39.481456,51.79,16.35,,222.0,70.5,,125,32.302942,47.32,18.79,,222.0,70.5,,150,25.335397,51.78,17.36,,222.0,70.5,,175,18.589647,53.14,21.45,,222.0,70.5,,200,12.114376,60.11,19.89,,222.0,70.5,,225,5.901856,62.54,30.6,,222.0,70.5,,250,0.204019,72.84,23.82,,222.0,70.5,,0.0001,,,,8,0.1,,,,8,0.0001,,,,10,0.1,,,,10,0.0001,,,,4,0.1,,,,4,0.0001,,,,6,0.1,,,,6,0.0001,,,,6,0.1,,,,6,0.0001,,,,4,0.1,,,,4,0.0001,,,,6,0.1,,,,6,0.0001,,,,4,0.1,,,,4,0.0001,,,,4,0.1,,,,4,0.0001,,,,4,0.1,,,,4
gplus_combined.txt.gz.full.log,killed: 137 (timeout) ,126074.600000,37961.100000,,,,,126081.000000,37963.000000,,,,,446.187500,446.246094,,,,,447.605469,595.914062,,,,,107614,13673453,5056,17055,69470,9164694,3726,17047,,,,,505,,,,,,,,1010,,,,,,,,1515,,,,,,,,2020,,,,,,,,2525,,,,,,,,3030,,,,,,,,3535,,,,,,,,4040,,,,,,,,4545,,,,,,,,5050,,,,,,,,0.0001,,,,2,0.1,,,,2,0.0001,,,,2,0.1,,,,0,0.0001,,,,2,0.1,,,,2,0.0001,,,,2,0.1,,,,2,0.0001,,,,2,0.1,,,,2,0.0001,,,,2,0.1,,,,2,0.0001,,,,2,0.1,,,,2,0.0001,,,,4,0.1,,,,4,0.0001,,,,22,0.1,,,,0,0.0001,,,,0,0.1,,,,22
twitter_combined.txt.gz.full.log,killed: 137 (timeout) ,368.400000,1392.650000,,,,,368.000000,1393.000000,,,,,79.621094,131.437500,,,,,80.437500,133.070312,,,,,81306,1768135,1205,3383,68480,1688645,1159,3383,,,,,120,,,,,,,,240,,,,,,,,360,,,,,,,,480,,,,,,,,600,,,,,,,,720,,,,,,,,840,,,,,,,,960,,,,,,,,1080,,,,,,,,1200,,,,,,,,0.0001,,,,6,0.1,,,,6,0.0001,,,,6,0.1,,,,6,0.0001,,,,4,0.1,,,,4,0.0001,,,,6,0.1,,,,6,0.0001,,,,8,0.1,,,,8,0.0001,,,,10,0.1,,,,10,0.0001,,,,6,0.1,,,,6,0.0001,,,,2,0.1,,,,2,0.0001,,,,2,0.1,,,,2,0.0001,,,,2,0.1,,,,2
email-Enron.txt.gz.full.log, ,13.880000,8.930000,14135.750000,14144.680000,14158.520000,14159.470000,15.000000,9.000000,14136.000000,14145.000000,14159.000000,14160.000000,30.210938,30.976562,30.695312,30.695312,30.695312,30.695312,30.855469,41.335938,41.335938,41.335938,41.335938,41.335938,36692,367662,1383,1367,24146,341198,161,1184,23488,338668,161,1184,136,,,,,,,,272,,,,0.0001,,,0,408,,,,0.0001,,,0,544,,,,0.0001,,,0,680,,,,0.0001,,,0,816,,,,0.0001,,,0,952,,,,0.0001,,,0,1088,,,,0.0001,,,0,1224,,,,0.0001,,,0,1360,,,,0.0001,,,0,0.0001,,,,6,0.1,,,,6,0.0001,,,,4394,0.1,,,,4236,0.0001,,,,5674,0.1,,,,5274,0.0001,,,,4224,0.1,,,,4628,0.0001,,,,3698,0.1,,,,3976,0.0001,,,,3318,0.1,,,,3566,0.0001,,,,3362,0.1,,,,3374,0.0001,,,,3278,0.1,,,,3292,0.0001,,,,3218,0.1,,,,3204,0.0001,,,,3146,0.1,,,,3148
email-EuAll.txt.gz.full.log, ,300.040000,1329.890000,2700.910000,4030.800000,4330.360000,4331.180000,301.000000,1330.000000,2701.000000,4031.000000,4331.000000,4332.000000,59.753906,62.296875,62.296875,62.296875,62.296875,62.296875,61.273438,71.027344,71.027344,71.027344,71.027344,71.027344,265214,418956,929,7631,15806,114276,180,1,15167,112861,180,1,92,0,590.43,3.87,0.0001,1203.7,294.1,0,184,0,597.34,3.88,0.0001,1203.7,294.1,0,276,0,598.41,3.87,0.0001,1203.7,294.1,0,368,0,591.54,4.01,0.0001,1203.7,294.1,0,460,0,545.4,3.88,0.0001,1203.7,294.1,0,552,0,552.29,3.93,0.0001,1203.7,294.1,0,644,0,545.08,3.86,0.0001,1203.7,294.1,0,736,0,547.27,4.19,0.0001,1203.7,294.1,0,828,0,543.62,4.38,0.0001,1203.7,294.1,0,920,0,548.11,3.87,0.0001,1203.7,294.1,0,0.0001,0.000000,2910.13,560208,2,0.1,0.000000,2786.43,560208,2,0.0001,0.000000,2796.34,560208,2,0.1,0.000000,2779.98,560208,2,0.0001,0.000000,3514.62,560212,2,0.1,0.000000,2779.57,560216,2,0.0001,0.000000,3392.02,560212,2,0.1,0.000000,3501.07,560216,2,0.0001,0.000000,3488.84,560216,2,0.1,0.000000,3103.1,560.22,2,0.0001,0.000000,3132.24,560.22,2,0.1,0.000000,2785.83,560216,2,0.0001,0.000000,2795.19,560224,2,0.1,0.000000,2791,560.22,2,0.0001,0.000000,2767.5,560224,2,0.1,0.000000,2810.51,560224,2,0.0001,0.000000,2785.01,560224,2,0.1,0.000000,2778.97,560224,2,0.0001,0.000000,2811.31,560224,2,0.1,0.000000,2909.38,560224,2
email-Eu-core-department-labels.txt.gz.full.log,killed: 134 (reachability) original LP missing,,,,,,,,,,,,,,,,,,,,,,,,,1005,1004,,,,,,,,,,,,no file res,,,,,,,,no file res,,,,,,,,no file res,,,,,,,,no file res,,,,,,,,no file res,,,,,,,,no file res,,,,,,,,no file res,,,,,,,,no file res,,,,,,,,no file res,,,,,,,,no file res,,,,,,,0.0001,single missing,,,,0.1,single missing,,,,0.0001,single missing,,,,0.1,single missing,,,,0.0001,single missing,,,,0.1,single missing,,,,0.0001,single missing,,,,0.1,single missing,,,,0.0001,single missing,,,,0.1,single missing,,,,0.0001,single missing,,,,0.1,single missing,,,,0.0001,single missing,,,,0.1,single missing,,,,0.0001,single missing,,,,0.1,single missing,,,,0.0001,single missing,,,,0.1,single missing,,,,0.0001,single missing,,,,0.1,single missing,,,
email-Eu-core.txt.gz.full.log, ,0.060000,0.070000,8.460000,8.530000,8.590000,8.630000,0.000000,0.000000,8.000000,8.000000,8.000000,8.000000,14.488281,15.703125,14.535156,14.535156,14.535156,14.535156,14.992188,15.738281,15.738281,15.738281,15.738281,15.738281,1005,24929,333,178,802,23909,323,178,801,23907,323,178,17,136.44485,16.51,15.56,,61.9,59.5,,34,119.049629,18.27,24.93,,61.9,59.5,,51,102.882349,22.53,18.87,,61.9,59.5,,68,87.466908,20.86,17.87,,61.9,59.5,,85,72.687496,21.95,18.34,,61.9,59.5,,102,58.376836,23.52,18.68,,61.9,59.5,,119,44.443014,24,19.84,,61.9,59.5,,136,30.957719,23.82,18.94,,61.9,59.5,,153,18.058822,23.17,19.4,,61.9,59.5,,170,5.608456,23.63,19.53,,61.9,59.5,,0.0001,,,,8,0.1,,,,8,0.0001,,,,12,0.1,,,,12,0.0001,,,,8,0.1,,,,8,0.0001,,,,10,0.1,,,,10,0.0001,,,,6,0.1,,,,6,0.0001,,,,8,0.1,,,,8,0.0001,,,,6,0.1,,,,6,0.0001,,,,8,0.1,,,,8,0.0001,,,,8,0.1,,,,8,0.0001,,,,4,0.1,,,,4
email-Eu-core-temporal-Dept4.txt.gz.full.log, ,0.080000,0.000000,0.020000,0.020000,0.100000,0.110000,0.000000,0.000000,0.000000,0.000000,0.000000,0.000000,13.714844,14.238281,13.738281,13.738281,13.738281,13.738281,14.218750,14.273438,14.738281,14.738281,14.738281,14.738281,142,1375,28,26,34,440,27,26,34,440,27,26,2,192604177,0.04,0.02,,3.5,1.2,,4,116874322,0.05,0.03,,3.5,1.2,,6,57217290,0.05,0.03,,3.5,1.2,,8,32190518,0.05,0.03,,3.5,1.3,,10,24856320,0.06,0.03,,3.5,1.2,,12,17524122,0.06,0.03,,3.5,1.3,,14,10191924,0.05,0.03,,3.5,1.2,,16,5133661,0.05,0.03,,3.5,1.2,,18,1879566,0.06,0.03,,3.5,1.2,,20,872748,0.06,0.03,,3.5,1.2,,0.0001,,,,32390,0.1,192604177.000000,2770.07,35.08,2904,0.0001,,,,19266,0.1,,,,21584,0.0001,,,,18092,0.1,,,,18074,0.0001,,,,14448,0.1,,,,14480,0.0001,,,,9892,0.1,,,,9202,0.0001,,,,14518,0.1,,,,14534,0.0001,,,,14902,0.1,,,,14860,0.0001,,,,19902,0.1,,,,19942,0.0001,,,,16312,0.1,,,,16320,0.0001,,,,13006,0.1,,,,12944
email-Eu-core-temporal-Dept2.txt.gz.full.log, ,0.030000,0.000000,0.000000,0.000000,0.020000,0.030000,0.000000,0.000000,0.000000,0.000000,0.000000,0.000000,13.718750,14.253906,13.753906,13.753906,13.753906,13.753906,14.222656,14.289062,14.753906,14.753906,14.753906,14.753906,162,1772,32,14,32,550,26,14,32,550,26,14,1,233162861,0.05,0.02,,4.6,1.5,,2,194932827,0.06,0.03,,4.6,1.5,,3,162489155,0.06,0.02,,4.6,1.5,,4,130800756,0.06,0.03,,4.6,1.5,,5,108633410,0.06,0.02,,4.6,1.5,,6,88723029,0.06,0.03,,4.6,1.5,,7,71243618,0.06,0.02,,4.6,1.5,,8,54007925,0.06,0.03,,4.6,1.5,,9,39371459,0.06,0.02,,4.6,1.5,,10,27413387,0.06,0.02,,4.6,1.5,,0.0001,233162861.000000,0.87,16.68,110,0.1,233162861.000000,0.15,16.26,18,0.0001,,,,44296,0.1,194932827.000000,29194,100964,14698,0.0001,,,,24618,0.1,,,,24878,0.0001,,,,10396,0.1,,,,10420,0.0001,,,,7728,0.1,,,,7736,0.0001,,,,7334,0.1,,,,7190,0.0001,,,,9916,0.1,,,,9804,0.0001,,,,12194,0.1,,,,12046,0.0001,,,,4688,0.1,,,,4680,0.0001,,,,4202,0.1,,,,4150
email-Eu-core-temporal-Dept3.txt.gz.full.log, ,0.010000,0.000000,0.030000,0.030000,0.040000,0.050000,0.000000,0.000000,0.000000,0.000000,0.000000,0.000000,13.714844,14.234375,14.746094,14.746094,14.746094,14.746094,14.218750,14.269531,14.781250,14.781250,14.781250,14.781250,89,1506,56,46,78,1406,56,46,78,1406,56,46,4,503903341,0.06,0.06,,3.7,3.5,,8,373761647,0.15,0.13,,3.8,3.5,,12,291952707,0.14,0.12,,3.8,3.5,,16,223101699,0.15,0.12,,3.7,3.5,,20,154285593,0.15,0.13,,3.7,3.7,,24,85676750,0.13,0.12,,3.8,3.7,,28,45978676,0.14,0.12,,3.8,3.7,,32,19770971,0.12,0.11,,3.8,3.7,,36,6843201,0.12,0.11,,3.8,3.7,,40,1973019,0.12,0.12,,3.8,3.7,,0.0001,,,,6118,0.1,,,,6108,0.0001,,,,2806,0.1,,,,2818,0.0001,,,,926,0.1,,,,910,0.0001,,,,384,0.1,,,,384,0.0001,,,,190,0.1,,,,190,0.0001,,,,236,0.1,,,,236,0.0001,,,,688,0.1,,,,688,0.0001,,,,130,0.1,,,,132,0.0001,,,,314,0.1,,,,312,0.0001,,,,76,0.1,,,,78
email-Eu-core-temporal-Dept1.txt.gz.full.log, ,0.030000,0.010000,0.070000,0.080000,0.110000,0.120000,0.000000,0.000000,0.000000,0.000000,0.000000,0.000000,13.710938,14.296875,13.796875,13.796875,13.796875,13.796875,14.214844,14.332031,14.796875,14.796875,14.796875,14.796875,309,3031,53,19,81,1096,51,19,81,1096,51,19,1,284866051,0.08,0.03,,7.6,2.9,,2,246800590,0.08,0.03,,7.6,2.8,,3,209572876,0.08,0.03,,7.6,2.8,,4,176713493,0.11,0.05,,7.6,2.8,,5,144025432,0.12,0.06,,7.6,2.9,,6,124162628,0.16,0.07,,7.6,2.8,,7,105191687,0.16,0.07,,7.6,2.9,,8,86328170,0.16,0.07,,7.6,2.9,,9,68124528,0.16,0.07,,7.6,2.9,,10,52268459,0.16,0.07,,7.6,2.9,,0.0001,284866051.000000,5.87,19424,264,0.1,284866051.000000,0.24,17736,20,0.0001,,,,25362,0.1,246800590.000000,49349,177108,12410,0.0001,,,,17202,0.1,,,,17200,0.0001,,,,9136,0.1,,,,9034,0.0001,,,,7192,0.1,,,,7200,0.0001,,,,9506,0.1,,,,9554,0.0001,,,,6738,0.1,,,,6750,0.0001,,,,7144,0.1,,,,7144,0.0001,,,,6608,0.1,,,,6624,0.0001,,,,4314,0.1,,,,4324
email-Eu-core-temporal.txt.gz.full.log, ,0.810000,0.090000,8.930000,9.020000,9.830000,9.860000,1.000000,0.000000,9.000000,9.000000,10.000000,10.000000,14.484375,15.699219,14.527344,14.527344,14.527344,14.527344,14.988281,15.734375,15.734375,15.734375,15.734375,15.734375,986,24929,333,178,783,23909,323,178,782,23907,323,178,17,1142048937,12.81,10.67,,61.9,59.6,,34,772138328,16.11,14.71,,61.9,59.6,,51,491977185,11.54,10.46,,61.9,59.6,,68,294167663,11.2,11.47,,61.9,59.6,,85,156873893,11.03,10.31,,61.9,59.6,,102,74021567,10.77,11.45,,61.9,59.6,,119,32354312,13.12,9.34,,61.9,59.6,,136,10504740,10.73,9.19,,61.9,59.6,,153,2598635,10.18,9.33,,61.9,59.6,,170,293073,11.49,8.99,,61.9,59.6,,0.0001,,,,72,0.1,,,,72,0.0001,,,,16,0.1,,,,16,0.0001,,,,8,0.1,,,,8,0.0001,,,,20,0.1,,,,20,0.0001,,,,14,0.1,,,,14,0.0001,,,,12,0.1,,,,12,0.0001,,,,24,0.1,,,,28,0.0001,,,,94,0.1,,,,94,0.0001,,,,18,0.1,,,,18,0.0001,,,,7570,0.1,,,,7576
RO_edges.csv.gz.full.log, ,20.290000,32.350000,0.000000,32.350000,52.460000,52.650000,20.000000,33.000000,0.000000,33.000000,53.000000,53.000000,22.636719,23.683594,23.683594,23.683594,23.683594,23.683594,23.300781,24.750000,24.750000,24.750000,24.750000,24.750000,41775,125827,109,65,181,355,34,18,181,355,34,18,6,2.528736,37.95,0.03,,339.6,1.0,,12,0.78161,38.76,0.03,,339.6,1.1,,18,0,41.1,0.02,0.0001,339.6,1.0,0,24,0,39.74,0.02,0.0001,339.6,1.0,0,30,0,25.76,0.01,0.0001,339.6,1.0,0,36,0,22.09,0.02,0.0001,339.6,1.0,0,42,0,17.95,0.01,0.0001,339.6,1.0,0,48,0,20.11,0.01,0.0001,339.6,1.0,0,54,0,28.34,0.01,0.0001,354.0,1.0,0,60,0,17.4,0.01,0.0001,339.6,1.0,0,0.0001,,,,1964,0.1,,,,1950,0.0001,,,,110,0.1,,,,108,0.0001,,,,112,0.1,,,,104,0.0001,,,,24,0.1,,,,24,0.0001,,,,22,0.1,,,,22,0.0001,,,,12,0.1,,,,12,0.0001,,,,13140,0.1,,,,13132,0.0001,,,,13054,0.1,,,,13062,0.0001,,,,12080,0.1,,,,12948,0.0001,,,,12868,0.1,,,,12862
HU_edges.csv.gz.full.log, ,44.640000,79.510000,0.020000,79.530000,123.850000,124.240000,44.000000,80.000000,0.000000,80.000000,124.000000,124.000000,26.699219,27.757812,27.886719,27.886719,27.886719,27.886719,27.386719,29.304688,29.304688,29.304688,29.304688,29.304688,47540,222888,96,87,5351,15463,65,58,5351,15463,65,58,8,18.322405,1488.57,12.39,,591.7,41.9,,16,13.114754,1438.39,10.87,,591.7,41.9,,24,8.09836,1264.7,10.72,,591.7,41.9,,32,3.792349,1183.15,14.96,,591.7,41.9,,40,0.95082,1547.81,12.72,,591.7,41.9,,48,0,955.38,11.41,,591.7,41.9,,56,0,3859,21.29,,616.4,43.7,,64,0,3039.2,0.77,0.0001,616.3,41.9,0,72,0,940.57,0.69,0.0001,616.4,41.9,0,80,0,543.8,0.71,0.0001,616.5,41.9,0,0.0001,,,,190,0.1,,,,188,0.0001,,,,36,0.1,,,,36,0.0001,,,,30,0.1,,,,30,0.0001,,,,36,0.1,,,,36,0.0001,,,,5216,0.1,,,,4964,0.0001,,,,4854,0.1,,,,4830,0.0001,,,,5616,0.1,,,,5428,0.0001,,,,8950,0.1,,,,7988,0.0001,,,,9216,0.1,,,,9218,0.0001,,,,7814,0.1,,,,8878
HR_edges.csv.gz.full.log, ,162.460000,268.670000,0.160000,268.830000,430.700000,431.860000,161.000000,269.000000,0.000000,269.000000,431.000000,432.000000,36.484375,37.191406,37.875000,37.875000,37.875000,37.875000,37.199219,41.699219,41.699219,41.699219,41.699219,41.699219,54575,498203,240,352,16114,114067,174,278,16114,114067,174,278,23,65.378384,12971,2095.77,,1290.1,297.9,,46,52.886829,12705,1116.96,,1290.1,297.9,,69,41.292234,13131,1227.52,,1290.1,297.9,,92,30.060815,13468,1243.47,,1290.1,297.9,,115,19.076018,10406,2417.08,,1290.1,297.9,,138,8.30068,54557,1527.77,,1290.1,297.9,,161,0.614866,29274,2109.45,,1290.1,297.9,,184,0,17865,1822.1,0.0001,1290.1,297.9,0,207,0,12408,1504.53,0.0001,1290.1,297.9,0,230,0,14021,1883.75,0.0001,1290.1,297.9,0,0.0001,,,,12,0.1,,,,12,0.0001,,,,8,0.1,,,,8,0.0001,,,,12,0.1,,,,12,0.0001,,,,8,0.1,,,,8,0.0001,,,,10,0.1,,,,10,0.0001,,,,10,0.1,,,,10,0.0001,,,,8,0.1,,,,8,0.0001,,,,10,0.1,,,,10,0.0001,,,,12,0.1,,,,12,0.0001,,,,4322,0.1,,,,4328
politician_edges.csv.gz.full.log, ,2.240000,0.810000,0.010000,0.820000,3.020000,3.070000,2.000000,1.000000,0.000000,1.000000,3.000000,3.000000,15.554688,15.742188,16.148438,16.148438,16.148438,16.148438,16.058594,16.648438,16.648438,16.648438,16.648438,16.648438,5910,41707,215,225,716,4006,156,80,716,4006,156,80,21,1.604546,37.38,0.62,,107.1,10.5,,42,0,36.19,0.5,,107.1,10.5,,63,0,45.05,0.58,,107.1,10.9,,84,0,35.53,0.25,0.0001,107.1,10.5,0,105,0,93.71,0.25,0.0001,111.6,10.5,0,126,0,38.93,0.26,0.0001,107.1,10.5,0,147,0,689,0.25,0.0001,111.7,10.5,0,168,0,31.32,0.25,0.0001,107.1,10.5,0,189,0,27.71,0.25,0.0001,107.1,10.5,0,210,0,408.73,0.25,0.0001,111.6,10.5,0,0.0001,,,,9362,0.1,,,,9368,0.0001,,,,8588,0.1,,,,8566,0.0001,,,,11756,0.1,,,,11792,0.0001,,,,14342,0.1,,,,14468,0.0001,,,,19286,0.1,,,,19228,0.0001,,,,18822,0.1,,,,18782,0.0001,,,,17318,0.1,,,,17750,0.0001,,,,15676,0.1,,,,17106,0.0001,0.000000,4.23,62232,2,0.1,0.000000,3.69,62228,2,0.0001,0.000000,4.29,62228,2,0.1,0.000000,3.72,62228,2
tvshow_edges.csv.gz.full.log, ,0.230000,0.240000,0.000000,0.240000,0.450000,0.470000,1.000000,0.000000,0.000000,0.000000,0.000000,1.000000,14.648438,15.296875,15.296875,15.296875,15.296875,15.296875,15.152344,15.332031,15.332031,15.332031,15.332031,15.332031,3894,17240,76,106,244,1651,55,63,244,1651,55,63,7,10.318684,2.67,0.15,,45.4,4.4,,14,4.516486,3.13,0.17,,45.4,4.4,,21,0.659341,3.5,0.16,,45.4,4.4,,28,0,3.54,0.16,,45.4,4.4,,35,0,3.98,0.2,,47.3,4.4,,42,0,3.01,0.17,,45.4,4.4,,49,0,3.22,0.13,,45.4,4.4,,56,0,2.56,0.15,0.0001,45.4,4.4,0,63,0,3.3,0.28,0.0001,47.3,4.7,0,70,0,2.7,0.14,0.0001,45.4,4.4,0,0.0001,,,,2492,0.1,,,,2300,0.0001,,,,1868,0.1,,,,1854,0.0001,,,,140,0.1,,,,140,0.0001,,,,50,0.1,,,,50,0.0001,,,,24,0.1,,,,24,0.0001,,,,5432,0.1,,,,5400,0.0001,,,,34320,0.1,,,,34322,0.0001,,,,29122,0.1,,,,28990,0.0001,,,,28582,0.1,,,,28650,0.0001,,,,28988,0.1,,,,28976
company_edges.csv.gz.full.log, ,1.880000,3.600000,0.010000,3.610000,5.420000,5.490000,2.000000,3.000000,1.000000,4.000000,6.000000,6.000000,17.003906,17.074219,17.574219,17.574219,17.574219,17.574219,17.507812,18.074219,18.074219,18.074219,18.074219,18.074219,14115,52127,187,181,1301,5025,83,114,1301,5025,83,114,18,13.953808,45.17,0.97,,140.1,13.3,,36,4.774458,262.4,1.99,,146.9,13.9,,54,0.894022,46.61,1.32,,140.1,13.3,,72,0,61.01,1.83,,140.1,13.3,,90,0,37.61,1.64,0.0001,140.1,13.3,0,108,0,30.07,1.41,0.0001,140.1,13.3,0,126,0,30.22,0.96,0.0001,140.1,13.3,0,144,0,22.19,0.59,0.0001,140.1,13.3,0,162,0,13.43,0.64,0.0001,140.1,13.3,0,180,0,38.25,0.35,0.0001,146.1,13.3,0,0.0001,,,,20,0.1,,,,20,0.0001,,,,22,0.1,,,,22,0.0001,,,,42,0.1,,,,42,0.0001,,,,7438,0.1,,,,7452,0.0001,,,,6984,0.1,,,,6966,0.0001,,,,9666,0.1,,,,9702,0.0001,,,,14216,0.1,,,,14216,0.0001,,,,14234,0.1,,,,14226,0.0001,,,,14200,0.1,,,,14054,0.0001,,,,13584,0.1,,,,15090
public_figure_edges.csv.gz.full.log, ,1.350000,3.280000,0.010000,3.290000,4.590000,4.680000,2.000000,3.000000,0.000000,3.000000,5.000000,5.000000,17.175781,18.312500,18.312500,18.312500,18.312500,18.312500,17.679688,18.347656,18.347656,18.347656,18.347656,18.347656,11567,67039,253,274,2304,19731,202,169,2304,19731,202,169,25,18.275142,97.25,11.81,,174.8,50.6,,50,5.214421,98.43,11.14,,174.8,50.6,,75,0.694498,458.78,15.91,,174.8,50.6,,100,0,426.47,19.67,,174.8,50.6,,125,0,185.65,13.12,,182.1,50.6,,150,0,253.8,9.89,,174.8,50.6,,175,0,409.25,10.54,0.0001,182.1,50.6,0,200,0,296.53,9.22,0.0001,182.1,50.6,0,225,0,1694.31,39.47,0.0001,182.2,52.7,0,250,0,108.23,130.7,0.0001,174.8,52.8,0,0.0001,,,,12,0.1,,,,12,0.0001,,,,12,0.1,,,,12,0.0001,,,,16,0.1,,,,16,0.0001,,,,20,0.1,,,,20,0.0001,,,,12,0.1,,,,12,0.0001,,,,12,0.1,,,,12,0.0001,,,,10,0.1,,,,10,0.0001,,,,18,0.1,,,,18,0.0001,,,,14,0.1,,,,14,0.0001,,,,12,0.1,,,,12
government_edges.csv.gz.full.log, ,1.640000,1.660000,0.010000,1.670000,3.230000,3.350000,2.000000,1.000000,0.000000,1.000000,3.000000,3.000000,17.285156,18.285156,18.285156,18.285156,18.285156,18.285156,17.789062,18.320312,18.320312,18.320312,18.320312,18.320312,7059,89430,412,626,2012,20694,326,375,2012,20694,326,375,41,112.926784,447.81,19.17,,226.2,52.7,,82,82.837189,376.08,18.37,,226.2,52.7,,123,54.926782,330.2,17.82,,226.2,52.7,,164,28.550094,491.21,19.37,,226.2,52.7,,205,8.178226,786.15,19.61,,226.2,52.7,,246,0.628131,1058.15,29.47,,226.2,52.7,,287,0,1084.24,21.4,,226.2,54.9,,328,0,654.41,33.92,0.0001,226.2,55.0,0,369,0,620.66,96.73,0.0001,235.6,55.0,0,410,0,636.34,20.52,0.0001,235.6,52.7,0,0.0001,,,,8,0.1,,,,8,0.0001,,,,6,0.1,,,,6,0.0001,,,,6,0.1,,,,6,0.0001,,,,6,0.1,,,,6,0.0001,,,,4,0.1,,,,4,0.0001,,,,4,0.1,,,,4,0.0001,,,,8,0.1,,,,8,0.0001,,,,6,0.1,,,,6,0.0001,,,,6694,0.1,,,,6672,0.0001,,,,8722,0.1,,,,8730
athletes_edges.csv.gz.full.log, ,3.320000,4.240000,0.010000,4.250000,7.460000,7.570000,4.000000,4.000000,0.000000,4.000000,8.000000,8.000000,18.066406,18.277344,18.777344,18.777344,18.777344,18.777344,18.570312,19.304688,19.304688,19.304688,19.304688,19.304688,13868,86812,247,250,839,3045,153,100,839,3045,153,100,24,5.102616,241.61,0.77,,223.5,8.2,,48,0,451.58,0.64,,223.5,8.5,,72,0,354.17,0.47,,223.5,8.2,,96,0,478.27,0.32,,232.9,8.2,,120,0,281.99,0.31,0.0001,223.5,8.2,0,144,0,335.49,0.22,0.0001,223.5,8.2,0,168,0,661.86,0.22,0.0001,233.0,8.2,0,192,0,170.12,3.62,0.0001,223.5,8.5,0,216,0,3633,4,0.0001,233.0,8.5,0,240,0,234.45,0.2,0.0001,223.5,8.2,0,0.0001,,,,298,0.1,,,,298,0.0001,,,,7032,0.1,,,,7074,0.0001,,,,8398,0.1,,,,8330,0.0001,,,,602,0.1,,,,600,0.0001,,,,14052,0.1,,,,12670,0.0001,,,,12086,0.1,,,,12090,0.0001,,,,13274,0.1,,,,13428,0.0001,,,,12694,0.1,,,,12656,0.0001,0.000000,17.65,114756,2,0.1,0.000000,17.7,114756,2,0.0001,0.000000,17.96,114752,2,0.1,0.000000,17.7,114752,2
new_sites_edges.csv.gz.full.log, ,49.890000,37.810000,0.050000,37.860000,87.480000,87.860000,50.000000,37.000000,0.000000,37.000000,87.000000,88.000000,23.636719,24.429688,24.710938,24.710938,24.710938,24.710938,24.140625,25.765625,25.765625,25.765625,25.765625,25.765625,27919,205965,497,585,6166,42883,392,358,6166,42883,392,358,49,93.389085,3078.6,102.42,,540.3,110.2,,98,61.789271,2388.9,128.73,,540.3,110.2,,147,32.752309,2064.27,122.21,,565.8,115.5,,196,12.682998,4829,121.47,,540.3,110.2,,245,3.134017,4897,235.07,,540.3,110.2,,294,0,4860,175.76,,540.3,110.2,,343,0,2908.98,286.59,,540.3,110.2,,392,0,5449,575.63,0.0001,562.5,115.0,0,441,0,3449.23,304.81,0.0001,540.3,110.2,0,490,0,7991,180.19,0.0001,540.3,110.2,0,0.0001,,,,10,0.1,,,,10,0.0001,,,,6,0.1,,,,6,0.0001,,,,8,0.1,,,,8,0.0001,,,,10,0.1,,,,12,0.0001,,,,16,0.1,,,,16,0.0001,,,,3516,0.1,,,,3524,0.0001,,,,4394,0.1,,,,4388,0.0001,,,,4366,0.1,,,,4362,0.0001,,,,4778,0.1,,,,4788,0.0001,,,,4644,0.1,,,,4636
artist_edges.csv.gz.full.log, ,266.370000,197.090000,0.470000,197.560000,463.380000,464.880000,266.000000,198.000000,0.000000,198.000000,464.000000,465.000000,45.609375,46.335938,47.207031,47.207031,47.207031,47.207031,46.308594,52.195312,52.195312,52.195312,52.195312,52.195312,50517,819091,1238,1290,24097,401579,1097,982,24097,401579,1097,982,123,343.11195,,199181,,,1031.1,,246,264.733786,,87795,,,1031.1,,369,190.847711,167805,37384,,2102.4,1031.1,,492,120.187499,163189,40822,,2102.4,1031.1,,615,55.382915,197485,42544,,2102.4,1031.1,,738,17.312504,255786,73521,,2102.4,1031.1,,861,1.666534,,76071,,,1031.1,,984,0,242468,65833,0.0001,2102.4,1074.8,0,1107,0,303214,62678,0.0001,2102.4,1073.6,0,1230,0,,65369,0.0001,,1031.1,0,0.0001,,,,4,0.1,,,,4,0.0001,,,,4,0.1,,,,4,0.0001,,,,8,0.1,,,,8,0.0001,,,,6,0.1,,,,6,0.0001,,,,4,0.1,,,,4,0.0001,,,,8,0.1,,,,8,0.0001,,,,8,0.1,,,,8,0.0001,,,,10,0.1,,,,10,0.0001,,,,1474,0.1,,,,1584,0.0001,,,,1400,0.1,,,,1402
higgs-social_network.edgelist.gz.full.log,killed: 137 (timeout) ,83958.720000,21738.300000,,,,,83964.000000,21739.000000,,,,,533.664062,538.585938,,,,,538.910156,965.679688,,,,,456626,14855819,1259,51386,355445,14095463,1259,44609,,,,,125,,,,,,,,250,,,,,,,,375,,,,,,,,500,,,,,,,,625,,,,,,,,750,,,,,,,,875,,,,,,,,1000,,,,,,,,1125,,,,,,,,1250,,,,,,,,0.0001,,,,4,0.1,,,,4,0.0001,,,,2,0.1,,,,2,0.0001,,,,4,0.1,,,,4,0.0001,,,,4,0.1,,,,4,0.0001,,,,4,0.1,,,,4,0.0001,,,,4,0.1,,,,4,0.0001,,,,4,0.1,,,,4,0.0001,,,,4,0.1,,,,4,0.0001,,,,4,0.1,,,,4,0.0001,,,,2,0.1,,,,2
higgs-reply_network.edgelist.gz.full.log, ,4.450000,6.220000,0.040000,6.260000,10.680000,10.720000,5.000000,6.000000,0.000000,6.000000,11.000000,11.000000,19.343750,20.730469,20.925781,20.925781,20.925781,20.925781,20.000000,21.652344,21.652344,21.652344,21.652344,21.652344,38918,32180,35,1206,432,457,12,17,385,358,12,17,3,0,11.82,0.02,,103.6,1.1,,6,0,12.28,0.02,,103.6,1.1,,9,0,11.95,0.02,,103.6,1.1,,12,0,55.85,0.05,0.0001,108.2,1.1,0,15,0,111.69,0.02,0.0001,108.2,1.1,0,18,0,10.73,0.01,0.0001,103.6,1.0,0,21,0,10.18,0.02,0.0001,103.6,1.0,0,24,0,10.01,0.01,0.0001,103.6,1.0,0,27,0,9.21,0.02,0.0001,103.6,1.0,0,30,0,9.14,0.01,0.0001,103.6,1.0,0,0.0001,0.000000,36.45,61548,4,0.1,0.000000,33.97,61544,4,0.0001,0.000000,33.66,60408,2,0.1,0.000000,37.97,60404,2,0.0001,0.000000,33.92,60408,2,0.1,0.000000,35.39,60412,2,0.0001,0.000000,33.44,60408,2,0.1,0.000000,35.1,60412,2,0.0001,0.000000,33.6,60412,2,0.1,0.000000,35.07,60412,2,0.0001,0.000000,33.77,60412,2,0.1,0.000000,35.23,60412,2,0.0001,0.000000,33.54,60428,2,0.1,0.000000,34.58,60428,2,0.0001,0.000000,33.44,60432,2,0.1,0.000000,35.83,60432,2,0.0001,0.000000,34.26,60428,2,0.1,0.000000,37.68,60432,2,0.0001,0.000000,34.42,60428,2,0.1,0.000000,35.79,60428,2
higgs-mention_network.edgelist.gz.full.log, ,94.390000,114.570000,3.470000,118.040000,212.200000,212.440000,94.000000,115.000000,4.000000,119.000000,213.000000,213.000000,32.281250,33.703125,33.703125,33.703125,33.703125,33.703125,33.230469,37.593750,37.593750,37.593750,37.593750,37.593750,116408,145465,168,11952,2345,6277,128,461,2185,5928,128,461,16,193,2642.1,3.55,,425.0,15.8,,32,121,2403.64,2.7,,425.0,15.8,,48,83,2009.27,3.37,,425.0,15.8,,64,62,4085,5.31,,425.0,15.8,,80,46,6574,4.05,,425.0,15.8,,96,30,4935,4.08,,425.0,15.8,,112,14,3227.24,4.01,,425.0,15.8,,128,0,4299,3.79,0.0001,425.0,15.8,0,144,0,6321,4.59,0.0001,425.0,15.8,0,160,0,5864,3.59,0.0001,425.0,15.8,0,0.0001,,,,4836,0.1,,,,4738,0.0001,,,,4954,0.1,,,,4894,0.0001,,,,1638,0.1,,,,1652,0.0001,,,,1732,0.1,,,,1718,0.0001,,,,2032,0.1,,,,2034,0.0001,,,,2180,0.1,,,,2166,0.0001,,,,3436,0.1,,,,3714,0.0001,,,,3776,0.1,,,,3784,0.0001,,,,8,0.1,,,,8,0.0001,,,,14,0.1,,,,14
higgs-retweet_network.edgelist.gz.full.log, ,1311.020000,608.340000,1.340000,609.680000,1920.050000,1920.720000,1311.000000,609.000000,1.000000,610.000000,1921.000000,1921.000000,54.996094,55.980469,56.480469,56.480469,56.480469,56.480469,56.480469,66.898438,66.898438,66.898438,66.898438,66.898438,256491,328132,134,14060,965,3869,40,212,932,3802,40,212,13,27,16139,0.99,,973.8,10.1,,26,14,34503,2.24,,973.8,10.1,,39,1,37604,1.66,,973.8,10.1,,52,0,13576,2.33,0.0001,973.8,11.0,0,65,0,58479,1.41,0.0001,973.8,10.1,0,78,0,61903,1.41,0.0001,973.8,10.1,0,91,0,55823,1.33,0.0001,973.8,10.1,0,104,0,39555,1.48,0.0001,973.8,10.6,0,117,0,43252,1.1,0.0001,973.8,10.1,0,130,0,73267,1.14,0.0001,1016.6,10.1,0,0.0001,,,,10,0.1,,,,10,0.0001,,,,10,0.1,,,,10,0.0001,,,,6,0.1,,,,6,0.0001,,,,6530,0.1,,,,6540,0.0001,0.000000,5626,449284,2,0.1,0.000000,5785,449284,2,0.0001,0.000000,5629,449.28,2,0.1,0.000000,6461,449288,2,0.0001,0.000000,5830,449284,2,0.1,0.000000,5595,449284,2,0.0001,0.000000,5700,449284,2,0.1,0.000000,6025,449284,2,0.0001,0.000000,5654,449276,2,0.1,0.000000,5706,449.28,2,0.0001,0.000000,5614,449.28,2,0.1,0.000000,5631,449.28,2
higgs-activity_time.txt.gz.full.log, ,1567.430000,1573.950000,61.030000,1634.980000,3201.570000,3202.460000,1568.000000,1574.000000,61.000000,1635.000000,3202.000000,3203.000000,65.011719,67.050781,67.050781,67.050781,67.050781,67.050781,66.679688,78.144531,78.144531,78.144531,78.144531,78.144531,304691,461192,169,23143,5673,22739,138,1251,5291,21920,138,1251,16,1.636417065e+11,94897,108.6,,1329.5,57.1,,32,1.421790068e+11,178414,113.15,,1329.5,57.1,,48,1.207168001e+11,174775,116.84,,1329.5,57.1,,64,9.92548148e+10,147852,185.89,,1329.5,57.1,,80,7.779324636e+10,141749,131.94,,1329.5,57.1,,96,5.633199262e+10,168600,147.47,,1329.5,57.1,,112,3.48713762e+10,167577,265.26,,1329.5,57.1,,128,1.341152985e+10,179165,233.11,,1329.5,57.1,,144,0,156399,432.22,0.0001,1329.5,57.1,0,160,0,264321,532.1,0.0001,1329.5,57.1,0,0.0001,,,,6,0.1,,,,6,0.0001,,,,6,0.1,,,,6,0.0001,,,,6,0.1,,,,6,0.0001,,,,4,0.1,,,,4,0.0001,,,,4,0.1,,,,4,0.0001,,,,6,0.1,,,,6,0.0001,,,,6,0.1,,,,6,0.0001,no file res eps,,,,0.1,no file res eps,,,,0.0001,,,,4,0.1,,,,4,0.0001,,,,4,0.1,,,,4
loc-brightkite_edges.txt.gz.full.log, ,42.370000,7.650000,48994.190000,49001.840000,49044.890000,49046.670000,43.000000,8.000000,48997.000000,49005.000000,49048.000000,49050.000000,35.425781,36.972656,37.667969,37.667969,37.667969,37.667969,36.152344,47.734375,47.734375,47.734375,47.734375,47.734375,58228,428156,1134,1055,36607,384679,1073,935,34067,379171,1073,935,105,,,,,,,,210,,,,,,,,315,,,,,,,,420,,,,,,,,525,,,,,,,,630,,,,,,,,735,,,,,,,,840,,,,,,,,945,,,,0.0001,,,0,1050,,,,0.0001,,,0,0.0001,,,,10,0.1,,,,10,0.0001,,,,6,0.1,,,,6,0.0001,,,,6,0.1,,,,6,0.0001,,,,8,0.1,,,,8,0.0001,,,,4,0.1,,,,4,0.0001,,,,6,0.1,,,,6,0.0001,,,,4,0.1,,,,4,0.0001,,,,6,0.1,,,,6,0.0001,,,,26,0.1,,,,26,0.0001,,,,1322,0.1,,,,1500
loc-gowalla_edges.txt.gz.full.log,killed: 137 (timeout) ,3120.920000,60.140000,,,,,3121.000000,61.000000,,,,,101.496094,156.710938,,,,,103.750000,160.062500,,,,,196591,1900654,14730,3800,147046,1798316,14730,3206,,,,,379,,,,,,,,758,,,,,,,,1137,,,,,,,,1516,,,,,,,,1895,,,,,,,,2274,,,,,,,,2653,,,,,,,,3032,,,,,,,,3411,,,,,,,,3790,,,,,,,,0.0001,,,,4,0.1,,,,4,0.0001,,,,2,0.1,,,,2,0.0001,,,,8,0.1,,,,8,0.0001,,,,2,0.1,,,,2,0.0001,,,,4,0.1,,,,4,0.0001,,,,4,0.1,,,,4,0.0001,,,,4,0.1,,,,4,0.0001,,,,6,0.1,,,,6,0.0001,,,,348,0.1,,,,350,0.0001,,,,344,0.1,,,,342
oregon1_010421.txt.gz.full.log, ,0.590000,1.460000,0.010000,1.470000,2.030000,2.060000,1.000000,1.000000,0.000000,1.000000,2.000000,2.000000,15.820312,16.656250,16.656250,16.656250,16.656250,16.656250,16.324219,16.691406,16.691406,16.691406,16.691406,16.691406,10859,22748,2330,203,311,1619,124,167,311,1619,124,167,20,23.049352,,2359.07,,,734.8,,40,10.779315,4.17,0.22,,62.9,4.3,,60,5.629294,3.99,0.18,,62.9,4.3,,80,1.426372,4.24,0.2,,62.9,4.3,,100,0,4.15,0.21,,62.9,4.3,,120,0,4.28,0.2,,65.6,4.3,,140,0,4.4,0.17,0.0001,65.6,4.3,0,160,0,4.1,0.19,0.0001,62.9,4.3,0,180,0,3.87,0.56,0.0001,62.9,4.5,0,200,0,8.04,0.67,0.0001,65.6,4.7,0,0.0001,,,,298,0.1,,,,296,0.0001,,,,5858,0.1,,,,5846,0.0001,,,,10,0.1,,,,10,0.0001,,,,20,0.1,,,,20,0.0001,,,,138,0.1,,,,138,0.0001,,,,338,0.1,,,,338,0.0001,,,,16186,0.1,,,,15458,0.0001,,,,16682,0.1,,,,16666,0.0001,,,,16462,0.1,,,,16366,0.0001,,,,15962,0.1,,,,15958
oregon1_010512.txt.gz.full.log, ,0.610000,1.790000,0.000000,1.790000,2.370000,2.420000,1.000000,2.000000,0.000000,2.000000,3.000000,3.000000,15.800781,15.800781,16.300781,16.300781,16.300781,16.300781,16.304688,16.730469,16.730469,16.730469,16.730469,16.730469,11011,22678,2344,199,303,1529,122,165,303,1529,122,165,19,22.692093,,1949.76,,,335.6,,38,10.941016,3.98,0.19,,62.8,4.0,,57,5.624854,4.1,0.19,,62.8,4.0,,76,1.579239,4.09,0.22,,62.8,4.0,,95,0,4.11,0.2,,62.8,4.2,,114,0,4.46,0.17,,62.8,4.0,,133,0,3.96,0.17,0.0001,62.8,4.0,0,152,0,4.56,0.16,0.0001,65.5,4.0,0,171,0,3.96,0.65,0.0001,62.8,4.4,0,190,0,3.74,0.29,0.0001,62.8,4.4,0,0.0001,,,,396,0.1,,,,396,0.0001,,,,5914,0.1,,,,5762,0.0001,,,,432,0.1,,,,432,0.0001,,,,62,0.1,,,,62,0.0001,,,,78,0.1,,,,68,0.0001,,,,58,0.1,,,,58,0.0001,,,,15224,0.1,,,,15192,0.0001,,,,16478,0.1,,,,16474,0.0001,,,,16556,0.1,,,,16574,0.0001,,,,16248,0.1,,,,16264
oregon1_010519.txt.gz.full.log, ,0.860000,2.040000,0.000000,2.040000,2.870000,2.910000,1.000000,2.000000,0.000000,2.000000,3.000000,3.000000,15.800781,15.800781,16.300781,16.300781,16.300781,16.300781,16.304688,16.761719,16.761719,16.761719,16.761719,16.761719,11051,22725,2362,199,302,1526,123,162,302,1526,123,162,19,22.258883,,731.45,,,223.4,,38,10.893403,4.07,0.19,,62.9,4.0,,57,5.299491,3.8,0.18,,62.9,4.0,,76,1.261615,4.08,0.25,,62.9,4.0,,95,0,3.87,0.19,,62.9,4.2,,114,0,4.05,0.17,,62.9,4.2,,133,0,3.74,0.27,0.0001,62.9,4.2,0,152,0,3.93,0.22,0.0001,62.9,4.2,0,171,0,3.74,0.18,0.0001,62.9,4.0,0,190,0,3.5,0.75,0.0001,62.9,4.4,0,0.0001,,,,398,0.1,,,,398,0.0001,,,,6546,0.1,,,,6538,0.0001,,,,274,0.1,,,,266,0.0001,,,,488,0.1,,,,488,0.0001,,,,152,0.1,,,,150,0.0001,,,,8646,0.1,,,,8654,0.0001,,,,15248,0.1,,,,15278,0.0001,,,,15220,0.1,,,,15218,0.0001,,,,14898,0.1,,,,14922,0.0001,,,,14396,0.1,,,,14540
oregon1_010526.txt.gz.full.log, ,0.660000,1.560000,0.000000,1.560000,2.200000,2.240000,1.000000,1.000000,0.000000,1.000000,2.000000,2.000000,15.804688,15.804688,16.304688,16.304688,16.304688,16.304688,16.308594,16.886719,16.886719,16.886719,16.886719,16.886719,11174,23410,2363,200,304,1619,123,162,304,1619,123,162,19,22.434259,,696.91,,,151.5,,38,10.859543,4.34,0.22,,64.6,4.3,,57,5.539601,4.19,0.19,,64.6,4.3,,76,1.437769,4.5,0.23,,64.6,4.3,,95,0,4.76,0.23,,64.6,4.5,,114,0,4.39,0.2,,64.6,4.3,,133,0,4.14,0.23,0.0001,64.6,4.5,0,152,0,4.5,0.18,0.0001,64.6,4.3,0,171,0,4.34,0.93,0.0001,64.6,4.5,0,190,0,3.97,0.24,0.0001,64.6,4.3,0,0.0001,,,,246,0.1,,,,242,0.0001,,,,5706,0.1,,,,5718,0.0001,,,,356,0.1,,,,356,0.0001,,,,40,0.1,,,,50,0.0001,,,,14,0.1,,,,14,0.0001,,,,44,0.1,,,,44,0.0001,,,,15172,0.1,,,,15174,0.0001,,,,14726,0.1,,,,14746,0.0001,,,,14160,0.1,,,,14312,0.0001,,,,14384,0.1,,,,14370
oregon1_010331.txt.gz.full.log, ,0.480000,1.450000,0.000000,1.450000,1.920000,1.940000,1.000000,1.000000,0.000000,1.000000,2.000000,2.000000,15.750000,15.835938,16.250000,16.250000,16.250000,16.250000,16.253906,16.750000,16.750000,16.750000,16.750000,16.750000,10670,22003,2287,183,358,1761,163,117,358,1761,163,117,18,31.008504,3.4,0.26,,60.4,4.7,,36,23.739274,4563,0.48,,155.9,4.9,,54,16.578953,3.94,0.25,,60.4,4.7,,72,9.720649,4.04,0.3,,60.4,4.9,,90,2.882188,3.55,0.27,,60.4,4.7,,108,0,3.55,0.24,,60.4,4.7,,126,0,4.97,0.29,0.0001,60.4,4.9,0,144,0,3.4,0.2,0.0001,60.4,4.7,0,162,0,2.89,0.56,0.0001,60.4,4.9,0,180,0,3.71,0.17,0.0001,60.4,4.7,0,0.0001,,,,102,0.1,,,,104,0.0001,,,,20,0.1,,,,20,0.0001,,,,6,0.1,,,,6,0.0001,,,,6,0.1,,,,6,0.0001,,,,10,0.1,,,,10,0.0001,,,,10,0.1,,,,10,0.0001,,,,18,0.1,,,,18,0.0001,,,,16534,0.1,,,,16506,0.0001,,,,16338,0.1,,,,16342,0.0001,,,,15924,0.1,,,,15936
oregon1_010407.txt.gz.full.log, ,0.480000,1.700000,0.000000,1.700000,2.150000,2.180000,0.000000,2.000000,0.000000,2.000000,2.000000,2.000000,15.742188,15.898438,15.742188,15.742188,15.742188,15.742188,16.246094,16.804688,16.804688,16.804688,16.804688,16.804688,10729,22000,2290,183,331,1563,163,116,331,1563,163,116,18,31.108776,3.62,0.19,,60.5,4.1,,36,23.842297,3.59,0.19,,60.5,4.1,,54,16.8427,3.49,0.2,,60.5,4.1,,72,9.957136,3.69,0.2,,60.5,4.1,,90,3.090172,3.9,0.2,,60.5,4.1,,108,0,3.78,0.18,,60.5,4.3,,126,0,3.68,0.16,0.0001,60.5,4.1,0,144,0,2.89,0.15,0.0001,60.5,4.1,0,162,0,2.91,0.65,0.0001,60.5,4.3,0,180,0,2.9,0.98,0.0001,60.5,4.3,0,0.0001,,,,124,0.1,,,,124,0.0001,,,,10,0.1,,,,10,0.0001,,,,6,0.1,,,,6,0.0001,,,,10,0.1,,,,10,0.0001,,,,6,0.1,,,,6,0.0001,,,,8,0.1,,,,8,0.0001,,,,28,0.1,,,,28,0.0001,,,,15890,0.1,,,,15896,0.0001,,,,15734,0.1,,,,15750,0.0001,,,,15324,0.1,,,,15318
oregon1_010414.txt.gz.full.log, ,0.580000,1.500000,0.000000,1.500000,2.070000,2.100000,1.000000,1.000000,0.000000,1.000000,2.000000,2.000000,15.730469,15.816406,16.316406,16.316406,16.316406,16.316406,16.234375,16.746094,16.746094,16.746094,16.746094,16.746094,10790,22470,2312,202,303,1564,126,165,303,1564,126,165,20,22.826571,,18843,,,3415.6,,40,10.622114,3.89,0.22,,62.2,4.1,,60,5.587507,3.77,0.21,,62.2,4.1,,80,1.404135,4.31,0.24,,62.2,4.1,,100,0,3.83,0.23,,62.2,4.3,,120,0,3.78,0.19,,62.2,4.1,,140,0,3.93,0.15,0.0001,62.2,4.1,0,160,0,3.92,0.18,0.0001,62.2,4.3,0,180,0,4.21,0.57,0.0001,62.2,4.5,0,200,0,7.44,0.86,0.0001,64.8,4.5,0,0.0001,,,,162,0.1,,,,164,0.0001,,,,6026,0.1,,,,6030,0.0001,,,,34,0.1,,,,34,0.0001,,,,34,0.1,,,,34,0.0001,,,,18,0.1,,,,18,0.0001,,,,20,0.1,,,,20,0.0001,,,,1210,0.1,,,,1206,0.0001,,,,14916,0.1,,,,14892,0.0001,,,,15180,0.1,,,,15208,0.0001,,,,14068,0.1,,,,14112
oregon1_010428.txt.gz.full.log, ,0.750000,1.730000,0.000000,1.730000,2.440000,2.490000,1.000000,2.000000,0.000000,2.000000,3.000000,3.000000,15.804688,16.640625,16.640625,16.640625,16.640625,16.640625,16.308594,16.675781,16.675781,16.675781,16.675781,16.675781,10886,22494,2341,202,309,1567,127,168,309,1567,127,168,20,23.271728,,2540.35,,,412.3,,40,11.461659,5.71,0.26,,62.3,4.1,,60,6.033819,5.92,0.25,,62.3,4.1,,80,1.844279,4.45,0.26,,62.3,4.1,,100,0,5.63,0.28,,62.3,4.1,,120,0,6.44,0.28,,62.3,4.3,,140,0,5.66,0.34,0.0001,65.0,4.1,0,160,0,5.1,0.21,0.0001,62.3,4.1,0,180,0,5.89,0.47,0.0001,62.3,4.3,0,200,0,4.44,0.73,0.0001,62.3,4.5,0,0.0001,,,,198,0.1,,,,198,0.0001,,,,6410,0.1,,,,6386,0.0001,,,,6130,0.1,,,,6166,0.0001,,,,100,0.1,,,,100,0.0001,,,,18,0.1,,,,18,0.0001,,,,32,0.1,,,,32,0.0001,,,,10108,0.1,,,,10158,0.0001,,,,15670,0.1,,,,15680,0.0001,,,,14514,0.1,,,,14396,0.0001,,,,15096,0.1,,,,15136
oregon1_010505.txt.gz.full.log, ,0.710000,1.800000,0.000000,1.800000,2.470000,2.540000,0.000000,1.000000,0.000000,1.000000,2.000000,3.000000,15.804688,16.632812,16.632812,16.632812,16.632812,16.632812,16.308594,16.667969,16.667969,16.667969,16.667969,16.667969,10943,22608,2344,200,306,1534,128,164,306,1534,128,164,19,23.097879,,8404,,,1397.1,,38,11.339229,4.25,0.22,,62.6,4.1,,57,6.180815,3.99,0.2,,62.6,4.1,,76,2.167059,4.43,0.21,,62.6,4.1,,95,0.014544,4.23,0.24,,62.6,4.2,,114,0,4.4,0.22,,65.3,4.1,,133,0,4.12,0.21,0.0001,65.3,4.1,0,152,0,3.99,0.14,0.0001,62.6,4.1,0,171,0,3.87,0.36,0.0001,62.6,4.4,0,190,0,3.92,0.56,0.0001,62.6,4.4,0,0.0001,,,,404,0.1,,,,390,0.0001,,,,5844,0.1,,,,5848,0.0001,,,,952,0.1,,,,954,0.0001,,,,172,0.1,,,,172,0.0001,,,,36,0.1,,,,36,0.0001,,,,944,0.1,,,,944,0.0001,,,,15272,0.1,,,,15232,0.0001,,,,15740,0.1,,,,15744,0.0001,,,,15492,0.1,,,,15514,0.0001,,,,15184,0.1,,,,15214
oregon2_010407.txt.gz.full.log, ,0.750000,2.310000,0.000000,2.310000,3.020000,3.070000,1.000000,3.000000,0.000000,3.000000,4.000000,4.000000,16.023438,16.179688,16.023438,16.023438,16.023438,16.023438,16.527344,17.062500,17.062500,17.062500,17.062500,17.062500,10981,30856,2313,207,389,2639,135,174,389,2639,135,174,20,,,,,,,,40,13.022221,6.18,0.4,,83.1,6.8,,60,6.768255,5.9,0.45,,83.1,6.8,,80,2.402777,5.87,0.39,,83.1,6.8,,100,0.099205,6.33,0.49,,83.1,6.8,,120,0,5.85,0.68,,83.1,7.4,,140,0,5.88,0.46,0.0001,83.1,6.8,0,160,0,5.81,0.37,0.0001,83.1,6.8,0,180,0,5.45,0.44,0.0001,83.1,7.4,0,200,0,7.99,0.8,0.0001,86.6,7.4,0,0.0001,,,,80,0.1,,,,80,0.0001,,,,338,0.1,,,,338,0.0001,,,,10,0.1,,,,10,0.0001,,,,10,0.1,,,,10,0.0001,,,,10,0.1,,,,10,0.0001,,,,8,0.1,,,,8,0.0001,,,,16,0.1,,,,16,0.0001,,,,28,0.1,,,,28,0.0001,,,,96,0.1,,,,96,0.0001,,,,12948,0.1,,,,12952
oregon2_010505.txt.gz.full.log, ,0.730000,2.140000,0.000000,2.140000,2.840000,2.880000,1.000000,2.000000,0.000000,2.000000,2.000000,3.000000,16.003906,16.003906,16.003906,16.003906,16.003906,16.003906,16.507812,17.035156,17.035156,17.035156,17.035156,17.035156,11157,30944,2360,234,383,2535,134,194,383,2535,134,194,23,24.255983,255.49,7,,99.0,7.9,,46,11.514651,7.3,0.48,,83.3,6.5,,69,5.087511,7.47,0.56,,83.3,6.5,,92,0.517346,8.42,0.6,,83.3,6.5,,115,0,7.58,0.59,,83.3,6.5,,138,0,9.93,0.48,0.0001,83.3,6.5,0,161,0,9.37,0.49,0.0001,83.3,6.5,0,184,0,9.08,0.48,0.0001,83.3,6.8,0,207,0,7.37,0.36,0.0001,83.3,6.8,0,230,0,8.59,0.89,0.0001,83.3,7.1,0,0.0001,,,,348,0.1,,,,346,0.0001,,,,5998,0.1,,,,6000,0.0001,,,,7688,0.1,,,,7654,0.0001,,,,6216,0.1,,,,6088,0.0001,,,,7646,0.1,,,,7598,0.0001,,,,6886,0.1,,,,6882,0.0001,,,,10770,0.1,,,,10776,0.0001,,,,11816,0.1,,,,11830,0.0001,,,,11634,0.1,,,,11660,0.0001,,,,11270,0.1,,,,11272
oregon2_010331.txt.gz.full.log, ,0.850000,2.450000,0.000000,2.450000,3.210000,3.310000,1.000000,3.000000,0.000000,3.000000,4.000000,4.000000,16.046875,16.046875,16.046875,16.046875,16.046875,16.046875,16.550781,17.007812,17.046875,17.046875,17.046875,17.046875,10900,31181,2318,208,402,2806,139,176,402,2806,139,176,20,,,,,,,,40,12.857878,6.07,0.44,,83.9,7.2,,60,7.262866,7.28,0.5,,83.9,7.2,,80,2.974665,7.03,0.57,,83.9,7.2,,100,0.264449,7.13,0.53,,83.9,7.2,,120,0,6.62,0.51,,83.9,7.8,,140,0,6.81,0.46,0.0001,83.9,7.2,0,160,0,7.14,0.32,0.0001,83.9,7.2,0,180,0,6.9,0.46,0.0001,83.9,7.2,0,200,0,8.16,0.42,0.0001,83.9,7.2,0,0.0001,,,,112,0.1,,,,112,0.0001,,,,326,0.1,,,,326,0.0001,,,,10,0.1,,,,10,0.0001,,,,36,0.1,,,,36,0.0001,,,,8,0.1,,,,8,0.0001,,,,14,0.1,,,,14,0.0001,,,,8,0.1,,,,8,0.0001,,,,18,0.1,,,,18,0.0001,,,,10336,0.1,,,,10362,0.0001,,,,13354,0.1,,,,13394
oregon2_010512.txt.gz.full.log, ,0.720000,1.990000,0.000000,1.990000,2.670000,2.720000,1.000000,2.000000,0.000000,2.000000,2.000000,3.000000,15.984375,16.015625,16.015625,16.015625,16.015625,16.015625,16.488281,17.046875,17.046875,17.046875,17.046875,17.046875,11260,31304,2374,232,390,2545,134,193,390,2545,134,193,23,23.749809,458.05,16.15,,97.2,7.7,,46,11.084422,5.91,0.4,,84.3,6.6,,69,4.594782,8.87,0.5,,84.3,6.6,,92,0.325786,10.36,0.72,,84.3,6.6,,115,0,10.12,0.73,,84.3,6.9,,138,0,10.83,0.73,0.0001,84.3,7.1,0,161,0,7.53,0.38,0.0001,84.3,6.6,0,184,0,6.88,0.49,0.0001,84.3,7.1,0,207,0,6.58,0.68,0.0001,84.3,6.9,0,230,0,6.36,0.73,0.0001,84.3,7.2,0,0.0001,,,,338,0.1,,,,336,0.0001,,,,6188,0.1,,,,6170,0.0001,,,,7846,0.1,,,,7868,0.0001,,,,12044,0.1,,,,11986,0.0001,,,,10958,0.1,,,,10964,0.0001,,,,10220,0.1,,,,10608,0.0001,,,,12536,0.1,,,,12640,0.0001,,,,12124,0.1,,,,12018,0.0001,,,,12706,0.1,,,,12816,0.0001,,,,14926,0.1,,,,14922
oregon2_010428.txt.gz.full.log, ,0.960000,2.440000,0.000000,2.440000,3.360000,3.410000,1.000000,3.000000,0.000000,3.000000,4.000000,4.000000,16.031250,17.125000,16.312500,16.312500,16.312500,16.312500,16.535156,17.160156,17.312500,17.312500,17.312500,17.312500,11113,31435,2358,238,398,2693,137,199,398,2693,137,199,23,25.877117,217.14,5.64,,105.8,8.2,,46,12.58282,6.91,0.49,,84.5,6.9,,69,5.931819,7.75,0.44,,84.5,6.9,,92,0.753081,7.76,0.44,,84.5,6.9,,115,0,7.38,0.51,,84.5,6.9,,138,0,6.58,0.45,0.0001,84.5,6.9,0,161,0,7.07,0.39,0.0001,88.1,6.9,0,184,0,7,0.49,0.0001,84.5,7.2,0,207,0,6.94,0.28,0.0001,84.5,6.9,0,230,0,6.45,0.58,0.0001,84.5,7.5,0,0.0001,,,,246,0.1,,,,244,0.0001,,,,6528,0.1,,,,6454,0.0001,,,,7468,0.1,,,,7456,0.0001,,,,11282,0.1,,,,11332,0.0001,,,,11070,0.1,,,,11138,0.0001,,,,10354,0.1,,,,10356,0.0001,,,,10484,0.1,,,,10820,0.0001,,,,12422,0.1,,,,12416,0.0001,,,,14756,0.1,,,,14730,0.0001,,,,14934,0.1,,,,14942
oregon2_010421.txt.gz.full.log, ,0.730000,2.080000,0.000000,2.080000,2.780000,2.830000,1.000000,2.000000,0.000000,2.000000,3.000000,3.000000,16.031250,16.031250,16.031250,16.031250,16.031250,16.031250,16.535156,17.070312,17.070312,17.070312,17.070312,17.070312,11080,31539,2349,237,383,2671,133,198,383,2671,133,198,23,25.13921,403.04,2.63,,108.8,7.9,,46,11.964813,6.14,0.47,,84.7,6.9,,69,5.525523,6.2,0.44,,84.7,6.9,,92,0.500387,6.38,0.48,,84.7,6.9,,115,0,6.77,0.44,,84.7,6.9,,138,0,7.07,0.42,0.0001,84.7,6.9,0,161,0,6.86,0.4,0.0001,84.7,6.9,0,184,0,8.77,0.35,0.0001,84.7,6.9,0,207,0,6.55,0.74,0.0001,84.7,7.5,0,230,0,6.56,0.28,0.0001,84.7,6.9,0,0.0001,,,,348,0.1,,,,338,0.0001,,,,6886,0.1,,,,6892,0.0001,,,,8910,0.1,,,,8622,0.0001,,,,10772,0.1,,,,10774,0.0001,,,,11178,0.1,,,,11184,0.0001,,,,10578,0.1,,,,10540,0.0001,,,,13396,0.1,,,,13396,0.0001,,,,12696,0.1,,,,12706,0.0001,,,,12524,0.1,,,,12496,0.0001,,,,11534,0.1,,,,11558
oregon2_010414.txt.gz.full.log, ,0.780000,2.070000,0.000000,2.070000,2.810000,2.870000,1.000000,2.000000,0.000000,2.000000,3.000000,3.000000,16.046875,17.054688,16.382812,16.382812,16.382812,16.382812,16.550781,17.089844,17.382812,17.382812,17.382812,17.382812,11019,31762,2334,238,385,2722,135,196,385,2722,135,196,23,25.400469,106.88,0.87,,97.1,7.6,,46,12.138417,6.06,0.46,,85.3,7.0,,69,5.699847,6.15,0.43,,85.3,7.0,,92,0.766331,6.84,0.52,,85.3,7.0,,115,0,6.82,0.48,,85.3,7.3,,138,0,6.75,0.47,0.0001,85.3,7.3,0,161,0,8.85,0.4,0.0001,85.3,7.0,0,184,0,6.83,0.38,0.0001,85.3,7.0,0,207,0,30.44,0.57,0.0001,88.9,7.6,0,230,0,6.8,0.86,0.0001,85.3,7.6,0,0.0001,,,,804,0.1,,,,800,0.0001,,,,6710,0.1,,,,6708,0.0001,,,,8848,0.1,,,,8870,0.0001,,,,10300,0.1,,,,10354,0.0001,,,,11400,0.1,,,,11450,0.0001,,,,10258,0.1,,,,10282,0.0001,,,,10028,0.1,,,,9976,0.0001,,,,11198,0.1,,,,11138,0.0001,,,,11780,0.1,,,,11808,0.0001,,,,14738,0.1,,,,14736
oregon2_010519.txt.gz.full.log, ,0.930000,2.990000,0.000000,2.990000,3.840000,3.930000,0.000000,3.000000,0.000000,3.000000,3.000000,4.000000,16.285156,16.285156,16.285156,16.285156,16.285156,16.285156,16.789062,17.167969,17.285156,17.285156,17.285156,17.285156,11375,32288,2398,232,388,2619,128,193,388,2619,128,193,23,23.62928,544.52,5.74,,114.8,7.9,,46,10.789733,6.09,0.42,,86.7,6.8,,69,4.229278,6.34,0.43,,86.7,6.8,,92,0.23346,6.91,0.44,,86.7,6.8,,115,0,7.35,0.47,,86.7,6.8,,138,0,7.11,0.4,0.0001,86.7,6.8,0,161,0,6.78,0.39,0.0001,86.7,6.8,0,184,0,6.83,0.33,0.0001,86.7,6.8,0,207,0,6.51,0.94,0.0001,86.7,7.4,0,230,0,12.48,0.27,0.0001,90.4,7.1,0,0.0001,,,,238,0.1,,,,238,0.0001,,,,7038,0.1,,,,7044,0.0001,,,,6836,0.1,,,,6852,0.0001,,,,12012,0.1,,,,12056,0.0001,,,,10352,0.1,,,,10396,0.0001,,,,10790,0.1,,,,10816,0.0001,,,,12982,0.1,,,,13108,0.0001,,,,12272,0.1,,,,12274,0.0001,,,,12364,0.1,,,,12362,0.0001,,,,14848,0.1,,,,14854
oregon2_010526.txt.gz.full.log, ,1.050000,2.760000,0.020000,2.780000,3.810000,3.860000,1.000000,3.000000,0.000000,3.000000,4.000000,4.000000,16.195312,16.289062,16.289062,16.289062,16.289062,16.289062,16.699219,17.281250,17.289062,17.289062,17.289062,17.289062,11461,32731,2406,231,391,2677,131,193,391,2677,131,193,23,25.574145,112441,435.22,,3250.1,70.4,,46,11.446344,7.02,0.41,,87.8,6.9,,69,4.773989,7.08,0.41,,87.8,6.9,,92,0.387942,7.67,0.76,,87.8,6.9,,115,0,7.88,0.47,,87.8,6.9,,138,0,11.75,0.42,0.0001,91.5,6.9,0,161,0,7.37,0.39,0.0001,87.8,6.9,0,184,0,7.09,0.35,0.0001,87.8,6.9,0,207,0,8.1,0.24,0.0001,87.8,6.9,0,230,0,7.8,1.46,0.0001,87.8,7.5,0,0.0001,,,,92,0.1,,,,92,0.0001,,,,5064,0.1,,,,5190,0.0001,,,,5980,0.1,,,,6180,0.0001,,,,304,0.1,,,,308,0.0001,,,,840,0.1,,,,842,0.0001,,,,1232,0.1,,,,1232,0.0001,,,,21326,0.1,,,,21310,0.0001,,,,13036,0.1,,,,13030,0.0001,,,,14156,0.1,,,,14082,0.0001,,,,13064,0.1,,,,13072
p2p-Gnutella04.txt.gz.full.log, ,0.670000,4.370000,65.300000,69.670000,70.300000,70.410000,1.000000,5.000000,65.000000,70.000000,71.000000,71.000000,16.277344,17.429688,16.617188,16.617188,16.617188,16.617188,16.781250,17.464844,17.617188,17.617188,17.617188,17.617188,10876,39994,100,72,4155,18575,53,72,4155,18575,53,72,7,28.087208,330.81,79.98,,116.4,53.7,,14,23.017442,232.42,23.69,,110.9,51.1,,21,18.116282,119.18,175.03,,110.9,51.2,,28,13.296515,36.28,20.03,,105.7,48.8,,35,8.558141,46.46,15.22,,105.7,48.8,,42,4.098839,53.46,15.52,,105.7,48.8,,49,0.854651,149.05,41.31,,105.7,48.8,,56,0,533.44,24.07,0.0001,105.7,48.8,0,63,0,48.98,67.8,0.0001,105.7,50.8,0,70,0,452.7,110.43,0.0001,110.3,53.1,0,0.0001,,,,346,0.1,,,,338,0.0001,,,,22,0.1,,,,22,0.0001,,,,42,0.1,,,,42,0.0001,,,,48,0.1,,,,48,0.0001,,,,4514,0.1,,,,4530,0.0001,,,,5122,0.1,,,,5078,0.0001,,,,4620,0.1,,,,4614,0.0001,,,,4428,0.1,,,,4616,0.0001,,,,3806,0.1,,,,3970,0.0001,,,,4618,0.1,,,,4440
p2p-Gnutella05.txt.gz.full.log, ,0.360000,1.430000,20.660000,22.090000,22.440000,22.480000,0.000000,2.000000,20.000000,22.000000,22.000000,22.000000,15.773438,16.699219,16.058594,16.058594,16.058594,16.058594,16.277344,16.734375,17.058594,17.058594,17.058594,17.058594,8846,31839,65,79,3154,13395,20,79,3154,13395,20,79,6,6.541667,15.31,57.7,,85.0,35.8,,12,3.222222,795.23,6.78,,85.0,35.8,,18,0.3125,63.89,169.79,,85.0,37.3,,24,0,142.14,228.66,0.0001,85.0,35.8,0,30,0,1017.99,30.88,0.0001,85.0,35.8,0,36,0,612.4,10.11,0.0001,85.0,35.8,0,42,0,535.98,24.16,0.0001,85.0,35.8,0,48,0,175.91,22.1,0.0001,85.0,35.8,0,54,0,29.58,10.71,0.0001,85.0,35.8,0,60,0,213.5,11.95,0.0001,88.6,35.8,0,0.0001,,,,2040,0.1,,,,2044,0.0001,,,,626,0.1,,,,624,0.0001,,,,62,0.1,,,,62,0.0001,,,,176,0.1,,,,176,0.0001,,,,13444,0.1,,,,13454,0.0001,,,,18448,0.1,,,,18454,0.0001,,,,16062,0.1,,,,16012,0.0001,,,,17986,0.1,,,,17960,0.0001,,,,17956,0.1,,,,17950,0.0001,,,,17898,0.1,,,,17926
p2p-Gnutella06.txt.gz.full.log, ,0.940000,2.500000,23.380000,25.880000,26.790000,26.880000,1.000000,3.000000,23.000000,26.000000,27.000000,27.000000,15.652344,15.761719,15.761719,15.761719,15.761719,15.761719,16.156250,16.730469,16.785156,16.785156,16.785156,16.785156,8717,31525,113,64,3138,13496,57,63,3138,13496,57,63,6,23.24294,401.65,157.49,,94.8,41.0,,12,20.152544,1531.27,488.87,,97.5,59.8,,18,16.977403,5651,543.61,,164.5,58.8,,24,12.64407,682.72,611.3,,94.4,38.7,,30,8.740113,27.24,9.73,,84.1,36.0,,36,5.649716,29.46,8.67,,84.1,36.0,,42,3.322033,22.39,8.23,,84.1,36.0,,48,1.361581,19.14,7.89,,84.1,36.0,,54,0.322033,22.98,13.35,,84.1,36.0,,60,0,111.27,12.61,0.0001,87.7,37.5,0,0.0001,,,,744,0.1,,,,744,0.0001,,,,24,0.1,,,,26,0.0001,,,,16,0.1,,,,16,0.0001,,,,26,0.1,,,,26,0.0001,,,,64,0.1,,,,64,0.0001,,,,58,0.1,,,,58,0.0001,,,,16,0.1,,,,16,0.0001,,,,22,0.1,,,,22,0.0001,,,,20,0.1,,,,20,0.0001,,,,18,0.1,,,,18
p2p-Gnutella08.txt.gz.full.log, ,0.210000,0.700000,7.070000,7.770000,7.970000,8.010000,1.000000,0.000000,7.000000,7.000000,7.000000,8.000000,15.117188,15.906250,15.171875,15.171875,15.171875,15.171875,15.621094,15.941406,16.171875,16.171875,16.171875,16.171875,6301,20777,48,87,2027,9262,26,85,2027,9262,26,85,4,9.194246,6.76,2.93,,55.2,24.3,,8,7.33813,15.88,8.33,,55.2,24.3,,12,5.517986,19.07,9.18,,55.2,24.3,,16,3.748202,24.88,7.99,,55.2,24.3,,20,2.007194,26.03,11.62,,55.2,24.3,,24,0.410072,25.87,17.35,,55.2,24.3,,28,0,26.36,23.7,0.0001,55.2,24.3,0,32,0,48.72,4.4,0.0001,57.5,24.3,0,36,0,14.92,6.07,0.0001,55.2,24.3,0,40,0,13.83,6.9,0.0001,55.2,24.3,0,0.0001,,,,4850,0.1,,,,4854,0.0001,,,,2148,0.1,,,,2148,0.0001,,,,778,0.1,,,,782,0.0001,,,,334,0.1,,,,334,0.0001,,,,232,0.1,,,,228,0.0001,,,,214,0.1,,,,214,0.0001,,,,64,0.1,,,,64,0.0001,,,,72,0.1,,,,74,0.0001,,,,42,0.1,,,,42,0.0001,,,,20638,0.1,,,,20626
p2p-Gnutella09.txt.gz.full.log, ,0.340000,1.260000,9.730000,10.990000,11.310000,11.350000,0.000000,1.000000,10.000000,11.000000,11.000000,11.000000,15.492188,16.484375,15.984375,15.984375,15.984375,15.984375,15.996094,16.519531,16.984375,16.984375,16.984375,16.984375,8114,26013,61,92,2554,10698,26,91,2554,10698,26,91,6,9.352942,36.96,13.87,,70.5,28.0,,12,6.267974,36.6,15.44,,70.5,28.0,,18,3.287582,34.7,11.18,,70.5,28.0,,24,0.607844,30.39,13.3,,70.5,28.0,,30,0,43.43,17.71,0.0001,70.5,28.0,0,36,0,13,5.42,0.0001,70.5,28.0,0,42,0,13.72,4.79,0.0001,70.5,28.0,0,48,0,11.81,4.47,0.0001,70.5,28.0,0,54,0,13.77,4.62,0.0001,70.5,28.0,0,60,0,12.24,5.18,0.0001,70.5,28.0,0,0.0001,,,,1790,0.1,,,,1790,0.0001,,,,386,0.1,,,,388,0.0001,,,,104,0.1,,,,104,0.0001,,,,100,0.1,,,,102,0.0001,,,,42,0.1,,,,42,0.0001,,,,42,0.1,,,,42,0.0001,,,,17908,0.1,,,,17650,0.0001,,,,23024,0.1,,,,24748,0.0001,0.000000,3.26,45836,2,0.1,0.000000,3.23,45.84,2,0.0001,0.000000,3.35,45836,2,0.1,0.000000,3.32,45.84,2
p2p-Gnutella24.txt.gz.full.log, ,4.390000,13.570000,91.210000,104.780000,109.110000,109.220000,5.000000,13.000000,92.000000,105.000000,110.000000,110.000000,19.132812,19.796875,19.156250,19.156250,19.156250,19.156250,19.636719,20.750000,20.750000,20.750000,20.750000,20.750000,26518,65369,79,32,6296,22903,37,30,6296,22903,37,30,3,2.571429,51.17,16.62,,178.6,61.5,,6,2.205069,53.38,19.89,,178.6,61.5,,9,1.850229,51.07,19.28,,178.6,61.5,,12,1.504608,51.44,19.32,,178.6,61.5,,15,1.161291,52.01,17.71,,178.6,61.5,,18,0.831798,58.95,17.68,,178.6,61.5,,21,0.539171,67.52,20.84,,187.4,64.5,,24,0.320277,55.32,17.78,,178.6,61.5,,27,0.149769,56.63,23.54,,178.6,61.5,,30,0,7.17,1.82,0.0001,178.6,61.5,0,0.0001,,,,3224,0.1,,,,3230,0.0001,,,,1286,0.1,,,,1284,0.0001,,,,496,0.1,,,,500,0.0001,,,,232,0.1,,,,232,0.0001,,,,88,0.1,,,,88,0.0001,,,,96,0.1,,,,96,0.0001,,,,60,0.1,,,,60,0.0001,,,,42,0.1,,,,42,0.0001,,,,66,0.1,,,,66,0.0001,,,,32,0.1,,,,32
p2p-Gnutella25.txt.gz.full.log, ,2.890000,9.450000,51.510000,60.960000,63.800000,63.880000,3.000000,10.000000,51.000000,61.000000,64.000000,64.000000,18.218750,18.507812,18.328125,18.328125,18.328125,18.328125,18.722656,19.835938,19.835938,19.835938,19.835938,19.835938,22687,54705,64,36,5110,17651,30,36,5110,17651,30,36,3,13.48,93.01,21.19,,158.3,49.3,,6,11.78,104.84,155.87,,158.3,50.1,,9,10.1,1628.13,256.69,,163.2,51.0,,12,8.44,337.26,40.6,,163.0,49.4,,15,6.42,204.77,173.71,,158.3,51.9,,18,4.21,38.45,12.65,,150.8,47.0,,21,2.75,78.57,12.01,,150.8,47.0,,24,1.64,62.84,12.22,,150.8,47.0,,27,0.7,116.31,12.31,,150.8,47.0,,30,0,45.68,11.52,0.0001,150.8,47.0,0,0.0001,,,,3464,0.1,,,,3474,0.0001,,,,1018,0.1,,,,1018,0.0001,,,,434,0.1,,,,422,0.0001,,,,278,0.1,,,,284,0.0001,,,,290,0.1,,,,294,0.0001,,,,142,0.1,,,,138,0.0001,,,,92,0.1,,,,94,0.0001,,,,60,0.1,,,,60,0.0001,,,,68,0.1,,,,64,0.0001,,,,40,0.1,,,,40
p2p-Gnutella30.txt.gz.full.log, ,6.470000,27.560000,210.360000,237.920000,244.330000,244.480000,7.000000,27.000000,211.000000,238.000000,245.000000,245.000000,20.945312,21.699219,22.234375,22.234375,22.234375,22.234375,21.589844,23.394531,23.394531,23.394531,23.394531,23.394531,36682,88328,54,42,8436,31714,17,42,8436,31714,17,42,4,6.888888,103.7,36.82,,243.9,84.5,,8,4.35185,108.13,34.43,,243.9,84.5,,12,1.972221,107.54,35.07,,243.9,84.5,,16,0.25,96.98,1296.34,,243.9,88.1,,20,0,132.67,447.51,0.0001,243.9,88.1,0,24,0,432.73,80.05,0.0001,243.9,84.5,0,28,0,486.2,81.8,0.0001,243.9,84.5,0,32,0,448.18,176.56,0.0001,243.9,88.0,0,36,0,1739.16,88.12,0.0001,254.4,84.5,0,40,0,2535.26,896.82,0.0001,254.4,88.2,0,0.0001,,,,2890,0.1,,,,2878,0.0001,,,,1048,0.1,,,,1024,0.0001,,,,620,0.1,,,,606,0.0001,,,,1410,0.1,,,,1408,0.0001,,,,380,0.1,,,,400,0.0001,,,,10350,0.1,,,,10720,0.0001,,,,5574,0.1,,,,5630,0.0001,,,,106,0.1,,,,106,0.0001,,,,15186,0.1,,,,15158,0.0001,,,,15132,0.1,,,,15138
p2p-Gnutella31.txt.gz.full.log, ,15.270000,156.250000,816.230000,972.480000,987.490000,987.930000,15.000000,156.000000,817.000000,973.000000,988.000000,988.000000,26.191406,27.468750,27.644531,27.644531,27.644531,27.644531,26.937500,29.796875,29.796875,29.796875,29.796875,29.796875,62586,147892,78,68,14024,50857,27,66,14023,50855,27,66,6,8.486305,299.39,105.07,,403.8,135.9,,12,4.780824,309.72,426.08,,403.8,135.9,,18,2.164386,316.26,7994,,403.8,135.9,,24,0.376713,52695,2511.64,,403.8,135.9,,30,0,16154,296.62,0.0001,403.8,135.9,0,36,0,12290,327.63,0.0001,403.8,135.9,0,42,0,3297.87,1188.31,0.0001,403.8,135.9,0,48,0,1844.82,737.53,0.0001,403.8,135.9,0,54,0,4116,1663.33,0.0001,421.2,141.7,0,60,0,5200,2078.91,0.0001,421.3,141.8,0,0.0001,,,,2788,0.1,,,,2794,0.0001,,,,324,0.1,,,,328,0.0001,,,,168,0.1,,,,168,0.0001,,,,128,0.1,,,,128,0.0001,,,,738,0.1,,,,730,0.0001,,,,7278,0.1,,,,7246,0.0001,,,,3808,0.1,,,,3808,0.0001,,,,5906,0.1,,,,5910,0.0001,,,,7640,0.1,,,,7606,0.0001,,,,7528,0.1,,,,7334
roadNet-CA.txt.gz.full.log,killed: 137 (timeout) ,21257.540000,2644.500000,,,,,21259.000000,2645.000000,,,,,482.093750,482.113281,,,,,497.597656,681.019531,,,,,1965206,5533214,12,10,1641786,4890284,12,10,,,,,1,,,,,,,,2,,,,,,,,3,,,,,,,,4,,,,,,,,5,,,,,,,,6,,,,,,,,7,,,,,,,,8,,,,,,,,9,,,,,,,,,exceeded min_s_t,,,,,,,0.0001,,,,8,0.1,,,,8,0.0001,,,,10,0.1,,,,10,0.0001,,,,0,0.1,,,,10,0.0001,,,,8,0.1,,,,8,0.0001,,,,8,0.1,,,,8,0.0001,,,,8,0.1,,,,8,0.0001,,,,10,0.1,,,,8,0.0001,,,,8,0.1,,,,8,0.0001,,,,10,0.1,,,,0,0.0001,exceeded min_s_t,,,,0.1,exceeded min_s_t,,,
roadNet-PA.txt.gz.full.log,killed: 137 (timeout) ,2174.420000,794.540000,,,,,2175.000000,795.000000,,,,,273.742188,273.742188,,,,,283.898438,387.832031,,,,,1088092,3083796,9,9,899629,2707153,9,9,,,,,1,,,,,,,,2,,,,,,,,3,,,,,,,,4,,,,,,,,5,,,,,,,,6,,,,,,,,7,,,,,,,,8,,,,,,,,,exceeded min_s_t,,,,,,,,exceeded min_s_t,,,,,,,0.0001,,,,34,0.1,,,,32,0.0001,,,,36,0.1,,,,36,0.0001,,,,32,0.1,,,,32,0.0001,,,,34,0.1,,,,36,0.0001,,,,32,0.1,,,,34,0.0001,,,,34,0.1,,,,32,0.0001,,,,26,0.1,,,,28,0.0001,,,,28,0.1,,,,28,0.0001,exceeded min_s_t,,,,0.1,exceeded min_s_t,,,,0.0001,exceeded min_s_t,,,,0.1,exceeded min_s_t,,,
roadNet-TX.txt.gz.full.log,killed: 137 (timeout) ,5055.770000,2551.700000,,,,,5056.000000,2552.000000,,,,,340.582031,340.585938,,,,,350.851562,468.710938,,,,,1379917,3843320,12,12,1103605,3263326,12,12,,,,,1,,,,,,,,2,,,,,,,,3,1.833333,24299,,,10495.6,,,4,1.166666,238484,,,10495.6,,,5,,,,,,,,6,0,119.24,,,10495.6,,,7,0,113.94,,,10495.6,,,8,0,114.89,,,10495.6,,,9,0,112.6,,,10495.6,,,10,0,102.13,,,10495.6,,,0.0001,,,,306,0.1,,,,364,0.0001,,,,10,0.1,,,,10,0.0001,,,,310,0.1,,,,284,0.0001,,,,162,0.1,,,,144,0.0001,,,,88,0.1,,,,86,0.0001,,,,56,0.1,,,,58,0.0001,,,,58,0.1,,,,52,0.0001,,,,50,0.1,,,,26,0.0001,,,,32,0.1,,,,34,0.0001,,,,28,0.1,,,,26
soc-Epinions1.txt.gz.full.log, ,33.580000,271.900000,45434.990000,45706.890000,45740.320000,45741.570000,33.000000,272.000000,45437.000000,45709.000000,45742.000000,45743.000000,39.394531,41.250000,41.671875,41.671875,41.671875,41.671875,40.191406,53.378906,53.378906,53.378906,53.378906,53.378906,75879,508837,1801,3035,26762,433186,1645,2746,25815,431129,1645,2746,180,,,,,,,,360,,,,,,,,540,,,,,,,,720,,,,,,,,900,,,,,,,,1080,,,,,,,,1260,,,,,,,,1440,,,,,,,,1620,,,,,,,,1800,,,,0.0001,,,0,0.0001,,,,4,0.1,,,,4,0.0001,,,,4,0.1,,,,4,0.0001,,,,6,0.1,,,,6,0.0001,,,,4,0.1,,,,4,0.0001,,,,8,0.1,,,,8,0.0001,,,,6,0.1,,,,6,0.0001,,,,2,0.1,,,,2,0.0001,,,,4,0.1,,,,4,0.0001,,,,4,0.1,,,,4,0.0001,,,,4,0.1,,,,4
soc-LiveJournal1.txt.gz.full.log,killed: 137 (timeout) original LP missing,,,,,,,,,,,,,,,,,,,,,,,,,,,,,,,,,,,,,,no file res,,,,,,,,no file res,,,,,,,,no file res,,,,,,,,no file res,,,,,,,,no file res,,,,,,,,no file res,,,,,,,,no file res,,,,,,,,no file res,,,,,,,,no file res,,,,,,,,no file res,,,,,,,0.0001,single missing,,,,0.1,single missing,,,,0.0001,single missing,,,,0.1,single missing,,,,0.0001,single missing,,,,0.1,single missing,,,,0.0001,single missing,,,,0.1,single missing,,,,0.0001,single missing,,,,0.1,single missing,,,,0.0001,single missing,,,,0.1,single missing,,,,0.0001,single missing,,,,0.1,single missing,,,,0.0001,single missing,,,,0.1,single missing,,,,0.0001,single missing,,,,0.1,single missing,,,,0.0001,single missing,,,,0.1,single missing,,,
soc-lj-comm-members-05.txt.gz.full.log,killed: 134 (reachability) original LP missing,,,,,,,,,,,,,,,,,,,,,,,,,1522150,10459169,,,,,,,,,,,,no file res,,,,,,,,no file res,,,,,,,,no file res,,,,,,,,no file res,,,,,,,,no file res,,,,,,,,no file res,,,,,,,,no file res,,,,,,,,no file res,,,,,,,,no file res,,,,,,,,no file res,,,,,,,0.0001,single missing,,,,0.1,single missing,,,,0.0001,single missing,,,,0.1,single missing,,,,0.0001,single missing,,,,0.1,single missing,,,,0.0001,single missing,,,,0.1,single missing,,,,0.0001,single missing,,,,0.1,single missing,,,,0.0001,single missing,,,,0.1,single missing,,,,0.0001,single missing,,,,0.1,single missing,,,,0.0001,single missing,,,,0.1,single missing,,,,0.0001,single missing,,,,0.1,single missing,,,,0.0001,single missing,,,,0.1,single missing,,,
soc-lj-comm-members-06.txt.gz.full.log,killed: 134 (reachability) original LP missing,,,,,,,,,,,,,,,,,,,,,,,,,1535897,10599829,,,,,,,,,,,,no file res,,,,,,,,no file res,,,,,,,,no file res,,,,,,,,no file res,,,,,,,,no file res,,,,,,,,no file res,,,,,,,,no file res,,,,,,,,no file res,,,,,,,,no file res,,,,,,,,no file res,,,,,,,0.0001,single missing,,,,0.1,single missing,,,,0.0001,single missing,,,,0.1,single missing,,,,0.0001,single missing,,,,0.1,single missing,,,,0.0001,single missing,,,,0.1,single missing,,,,0.0001,single missing,,,,0.1,single missing,,,,0.0001,single missing,,,,0.1,single missing,,,,0.0001,single missing,,,,0.1,single missing,,,,0.0001,single missing,,,,0.1,single missing,,,,0.0001,single missing,,,,0.1,single missing,,,,0.0001,single missing,,,,0.1,single missing,,,
soc-lj-comm-members-07.txt.gz.full.log,killed: 134 (reachability) original LP missing,,,,,,,,,,,,,,,,,,,,,,,,,1546625,10709929,,,,,,,,,,,,no file res,,,,,,,,no file res,,,,,,,,no file res,,,,,,,,no file res,,,,,,,,no file res,,,,,,,,no file res,,,,,,,,no file res,,,,,,,,no file res,,,,,,,,no file res,,,,,,,,no file res,,,,,,,0.0001,single missing,,,,0.1,single missing,,,,0.0001,single missing,,,,0.1,single missing,,,,0.0001,single missing,,,,0.1,single missing,,,,0.0001,single missing,,,,0.1,single missing,,,,0.0001,single missing,,,,0.1,single missing,,,,0.0001,single missing,,,,0.1,single missing,,,,0.0001,single missing,,,,0.1,single missing,,,,0.0001,single missing,,,,0.1,single missing,,,,0.0001,single missing,,,,0.1,single missing,,,,0.0001,single missing,,,,0.1,single missing,,,
soc-lj-comm-members-08.txt.gz.full.log,killed: 134 (reachability) original LP missing,,,,,,,,,,,,,,,,,,,,,,,,,1568567,10923608,,,,,,,,,,,,no file res,,,,,,,,no file res,,,,,,,,no file res,,,,,,,,no file res,,,,,,,,no file res,,,,,,,,no file res,,,,,,,,no file res,,,,,,,,no file res,,,,,,,,no file res,,,,,,,,no file res,,,,,,,0.0001,single missing,,,,0.1,single missing,,,,0.0001,single missing,,,,0.1,single missing,,,,0.0001,single missing,,,,0.1,single missing,,,,0.0001,single missing,,,,0.1,single missing,,,,0.0001,single missing,,,,0.1,single missing,,,,0.0001,single missing,,,,0.1,single missing,,,,0.0001,single missing,,,,0.1,single missing,,,,0.0001,single missing,,,,0.1,single missing,,,,0.0001,single missing,,,,0.1,single missing,,,,0.0001,single missing,,,,0.1,single missing,,,
soc-lj-comm-members-09.txt.gz.full.log,killed: 134 (reachability) original LP missing,,,,,,,,,,,,,,,,,,,,,,,,,1591164,11146470,,,,,,,,,,,,no file res,,,,,,,,no file res,,,,,,,,no file res,,,,,,,,no file res,,,,,,,,no file res,,,,,,,,no file res,,,,,,,,no file res,,,,,,,,no file res,,,,,,,,no file res,,,,,,,,no file res,,,,,,,0.0001,single missing,,,,0.1,single missing,,,,0.0001,single missing,,,,0.1,single missing,,,,0.0001,single missing,,,,0.1,single missing,,,,0.0001,single missing,,,,0.1,single missing,,,,0.0001,single missing,,,,0.1,single missing,,,,0.0001,single missing,,,,0.1,single missing,,,,0.0001,single missing,,,,0.1,single missing,,,,0.0001,single missing,,,,0.1,single missing,,,,0.0001,single missing,,,,0.1,single missing,,,,0.0001,single missing,,,,0.1,single missing,,,
soc-lj-comm-members-10.txt.gz.full.log,killed: 134 (reachability) original LP missing,,,,,,,,,,,,,,,,,,,,,,,,,1625776,11500965,,,,,,,,,,,,no file res,,,,,,,,no file res,,,,,,,,no file res,,,,,,,,no file res,,,,,,,,no file res,,,,,,,,no file res,,,,,,,,no file res,,,,,,,,no file res,,,,,,,,no file res,,,,,,,,no file res,,,,,,,0.0001,single missing,,,,0.1,single missing,,,,0.0001,single missing,,,,0.1,single missing,,,,0.0001,single missing,,,,0.1,single missing,,,,0.0001,single missing,,,,0.1,single missing,,,,0.0001,single missing,,,,0.1,single missing,,,,0.0001,single missing,,,,0.1,single missing,,,,0.0001,single missing,,,,0.1,single missing,,,,0.0001,single missing,,,,0.1,single missing,,,,0.0001,single missing,,,,0.1,single missing,,,,0.0001,single missing,,,,0.1,single missing,,,
soc-lj-comm-members-11.txt.gz.full.log,killed: 134 (reachability) original LP missing,,,,,,,,,,,,,,,,,,,,,,,,,1645284,11709000,,,,,,,,,,,,no file res,,,,,,,,no file res,,,,,,,,no file res,,,,,,,,no file res,,,,,,,,no file res,,,,,,,,no file res,,,,,,,,no file res,,,,,,,,no file res,,,,,,,,no file res,,,,,,,,no file res,,,,,,,0.0001,single missing,,,,0.1,single missing,,,,0.0001,single missing,,,,0.1,single missing,,,,0.0001,single missing,,,,0.1,single missing,,,,0.0001,single missing,,,,0.1,single missing,,,,0.0001,single missing,,,,0.1,single missing,,,,0.0001,single missing,,,,0.1,single missing,,,,0.0001,single missing,,,,0.1,single missing,,,,0.0001,single missing,,,,0.1,single missing,,,,0.0001,single missing,,,,0.1,single missing,,,,0.0001,single missing,,,,0.1,single missing,,,
soc-lj-comm-members-12.txt.gz.full.log,killed: 134 (reachability) original LP missing,,,,,,,,,,,,,,,,,,,,,,,,,1726665,12572267,,,,,,,,,,,,no file res,,,,,,,,no file res,,,,,,,,no file res,,,,,,,,no file res,,,,,,,,no file res,,,,,,,,no file res,,,,,,,,no file res,,,,,,,,no file res,,,,,,,,no file res,,,,,,,,no file res,,,,,,,0.0001,single missing,,,,0.1,single missing,,,,0.0001,single missing,,,,0.1,single missing,,,,0.0001,single missing,,,,0.1,single missing,,,,0.0001,single missing,,,,0.1,single missing,,,,0.0001,single missing,,,,0.1,single missing,,,,0.0001,single missing,,,,0.1,single missing,,,,0.0001,single missing,,,,0.1,single missing,,,,0.0001,single missing,,,,0.1,single missing,,,,0.0001,single missing,,,,0.1,single missing,,,,0.0001,single missing,,,,0.1,single missing,,,
soc-lj-comm-watchers-05.txt.gz.full.log,killed: 134 (reachability) original LP missing,,,,,,,,,,,,,,,,,,,,,,,,,1121911,8152295,,,,,,,,,,,,no file res,,,,,,,,no file res,,,,,,,,no file res,,,,,,,,no file res,,,,,,,,no file res,,,,,,,,no file res,,,,,,,,no file res,,,,,,,,no file res,,,,,,,,no file res,,,,,,,,no file res,,,,,,,0.0001,single missing,,,,0.1,single missing,,,,0.0001,single missing,,,,0.1,single missing,,,,0.0001,single missing,,,,0.1,single missing,,,,0.0001,single missing,,,,0.1,single missing,,,,0.0001,single missing,,,,0.1,single missing,,,,0.0001,single missing,,,,0.1,single missing,,,,0.0001,single missing,,,,0.1,single missing,,,,0.0001,single missing,,,,0.1,single missing,,,,0.0001,single missing,,,,0.1,single missing,,,,0.0001,single missing,,,,0.1,single missing,,,
soc-lj-comm-watchers-06.txt.gz.full.log,killed: 134 (reachability) original LP missing,,,,,,,,,,,,,,,,,,,,,,,,,1133705,8287306,,,,,,,,,,,,no file res,,,,,,,,no file res,,,,,,,,no file res,,,,,,,,no file res,,,,,,,,no file res,,,,,,,,no file res,,,,,,,,no file res,,,,,,,,no file res,,,,,,,,no file res,,,,,,,,no file res,,,,,,,0.0001,single missing,,,,0.1,single missing,,,,0.0001,single missing,,,,0.1,single missing,,,,0.0001,single missing,,,,0.1,single missing,,,,0.0001,single missing,,,,0.1,single missing,,,,0.0001,single missing,,,,0.1,single missing,,,,0.0001,single missing,,,,0.1,single missing,,,,0.0001,single missing,,,,0.1,single missing,,,,0.0001,single missing,,,,0.1,single missing,,,,0.0001,single missing,,,,0.1,single missing,,,,0.0001,single missing,,,,0.1,single missing,,,
soc-lj-comm-watchers-07.txt.gz.full.log,killed: 134 (reachability) original LP missing,,,,,,,,,,,,,,,,,,,,,,,,,1142964,8393172,,,,,,,,,,,,no file res,,,,,,,,no file res,,,,,,,,no file res,,,,,,,,no file res,,,,,,,,no file res,,,,,,,,no file res,,,,,,,,no file res,,,,,,,,no file res,,,,,,,,no file res,,,,,,,,no file res,,,,,,,0.0001,single missing,,,,0.1,single missing,,,,0.0001,single missing,,,,0.1,single missing,,,,0.0001,single missing,,,,0.1,single missing,,,,0.0001,single missing,,,,0.1,single missing,,,,0.0001,single missing,,,,0.1,single missing,,,,0.0001,single missing,,,,0.1,single missing,,,,0.0001,single missing,,,,0.1,single missing,,,,0.0001,single missing,,,,0.1,single missing,,,,0.0001,single missing,,,,0.1,single missing,,,,0.0001,single missing,,,,0.1,single missing,,,
soc-lj-comm-watchers-08.txt.gz.full.log,killed: 134 (reachability) original LP missing,,,,,,,,,,,,,,,,,,,,,,,,,1161183,8586466,,,,,,,,,,,,no file res,,,,,,,,no file res,,,,,,,,no file res,,,,,,,,no file res,,,,,,,,no file res,,,,,,,,no file res,,,,,,,,no file res,,,,,,,,no file res,,,,,,,,no file res,,,,,,,,no file res,,,,,,,0.0001,single missing,,,,0.1,single missing,,,,0.0001,single missing,,,,0.1,single missing,,,,0.0001,single missing,,,,0.1,single missing,,,,0.0001,single missing,,,,0.1,single missing,,,,0.0001,single missing,,,,0.1,single missing,,,,0.0001,single missing,,,,0.1,single missing,,,,0.0001,single missing,,,,0.1,single missing,,,,0.0001,single missing,,,,0.1,single missing,,,,0.0001,single missing,,,,0.1,single missing,,,,0.0001,single missing,,,,0.1,single missing,,,
soc-lj-comm-watchers-09.txt.gz.full.log,killed: 134 (reachability) original LP missing,,,,,,,,,,,,,,,,,,,,,,,,,1179546,8786316,,,,,,,,,,,,no file res,,,,,,,,no file res,,,,,,,,no file res,,,,,,,,no file res,,,,,,,,no file res,,,,,,,,no file res,,,,,,,,no file res,,,,,,,,no file res,,,,,,,,no file res,,,,,,,,no file res,,,,,,,0.0001,single missing,,,,0.1,single missing,,,,0.0001,single missing,,,,0.1,single missing,,,,0.0001,single missing,,,,0.1,single missing,,,,0.0001,single missing,,,,0.1,single missing,,,,0.0001,single missing,,,,0.1,single missing,,,,0.0001,single missing,,,,0.1,single missing,,,,0.0001,single missing,,,,0.1,single missing,,,,0.0001,single missing,,,,0.1,single missing,,,,0.0001,single missing,,,,0.1,single missing,,,,0.0001,single missing,,,,0.1,single missing,,,
soc-lj-comm-watchers-10.txt.gz.full.log,killed: 134 (reachability) original LP missing,,,,,,,,,,,,,,,,,,,,,,,,,1208728,9115150,,,,,,,,,,,,no file res,,,,,,,,no file res,,,,,,,,no file res,,,,,,,,no file res,,,,,,,,no file res,,,,,,,,no file res,,,,,,,,no file res,,,,,,,,no file res,,,,,,,,no file res,,,,,,,,no file res,,,,,,,0.0001,single missing,,,,0.1,single missing,,,,0.0001,single missing,,,,0.1,single missing,,,,0.0001,single missing,,,,0.1,single missing,,,,0.0001,single missing,,,,0.1,single missing,,,,0.0001,single missing,,,,0.1,single missing,,,,0.0001,single missing,,,,0.1,single missing,,,,0.0001,single missing,,,,0.1,single missing,,,,0.0001,single missing,,,,0.1,single missing,,,,0.0001,single missing,,,,0.1,single missing,,,,0.0001,single missing,,,,0.1,single missing,,,
soc-lj-comm-watchers-11.txt.gz.full.log,killed: 134 (reachability) original LP missing,,,,,,,,,,,,,,,,,,,,,,,,,1226781,9305485,,,,,,,,,,,,no file res,,,,,,,,no file res,,,,,,,,no file res,,,,,,,,no file res,,,,,,,,no file res,,,,,,,,no file res,,,,,,,,no file res,,,,,,,,no file res,,,,,,,,no file res,,,,,,,,no file res,,,,,,,0.0001,single missing,,,,0.1,single missing,,,,0.0001,single missing,,,,0.1,single missing,,,,0.0001,single missing,,,,0.1,single missing,,,,0.0001,single missing,,,,0.1,single missing,,,,0.0001,single missing,,,,0.1,single missing,,,,0.0001,single missing,,,,0.1,single missing,,,,0.0001,single missing,,,,0.1,single missing,,,,0.0001,single missing,,,,0.1,single missing,,,,0.0001,single missing,,,,0.1,single missing,,,,0.0001,single missing,,,,0.1,single missing,,,
soc-lj-comm-watchers-12.txt.gz.full.log,killed: 134 (reachability) original LP missing,,,,,,,,,,,,,,,,,,,,,,,,,1332650,10130243,,,,,,,,,,,,no file res,,,,,,,,no file res,,,,,,,,no file res,,,,,,,,no file res,,,,,,,,no file res,,,,,,,,no file res,,,,,,,,no file res,,,,,,,,no file res,,,,,,,,no file res,,,,,,,,no file res,,,,,,,0.0001,single missing,,,,0.1,single missing,,,,0.0001,single missing,,,,0.1,single missing,,,,0.0001,single missing,,,,0.1,single missing,,,,0.0001,single missing,,,,0.1,single missing,,,,0.0001,single missing,,,,0.1,single missing,,,,0.0001,single missing,,,,0.1,single missing,,,,0.0001,single missing,,,,0.1,single missing,,,,0.0001,single missing,,,,0.1,single missing,,,,0.0001,single missing,,,,0.1,single missing,,,,0.0001,single missing,,,,0.1,single missing,,,
soc-lj-friends-08.txt.gz.full.log,killed: 137 (timeout) original LP missing,,,,,,,,,,,,,,,,,,,,,,,,,,,,,,,,,,,,,,no file res,,,,,,,,no file res,,,,,,,,no file res,,,,,,,,no file res,,,,,,,,no file res,,,,,,,,no file res,,,,,,,,no file res,,,,,,,,no file res,,,,,,,,no file res,,,,,,,,no file res,,,,,,,0.0001,single missing,,,,0.1,single missing,,,,0.0001,single missing,,,,0.1,single missing,,,,0.0001,single missing,,,,0.1,single missing,,,,0.0001,single missing,,,,0.1,single missing,,,,0.0001,single missing,,,,0.1,single missing,,,,0.0001,single missing,,,,0.1,single missing,,,,0.0001,single missing,,,,0.1,single missing,,,,0.0001,single missing,,,,0.1,single missing,,,,0.0001,single missing,,,,0.1,single missing,,,,0.0001,single missing,,,,0.1,single missing,,,
soc-lj-friends-01.txt.gz.full.log,killed: 137 (timeout) original LP missing,,,,,,,,,,,,,,,,,,,,,,,,,,,,,,,,,,,,,,no file res,,,,,,,,no file res,,,,,,,,no file res,,,,,,,,no file res,,,,,,,,no file res,,,,,,,,no file res,,,,,,,,no file res,,,,,,,,no file res,,,,,,,,no file res,,,,,,,,no file res,,,,,,,0.0001,single missing,,,,0.1,single missing,,,,0.0001,single missing,,,,0.1,single missing,,,,0.0001,single missing,,,,0.1,single missing,,,,0.0001,single missing,,,,0.1,single missing,,,,0.0001,single missing,,,,0.1,single missing,,,,0.0001,single missing,,,,0.1,single missing,,,,0.0001,single missing,,,,0.1,single missing,,,,0.0001,single missing,,,,0.1,single missing,,,,0.0001,single missing,,,,0.1,single missing,,,,0.0001,single missing,,,,0.1,single missing,,,
soc-lj-friends-02.txt.gz.full.log,killed: 137 (timeout) original LP missing,,,,,,,,,,,,,,,,,,,,,,,,,,,,,,,,,,,,,,no file res,,,,,,,,no file res,,,,,,,,no file res,,,,,,,,no file res,,,,,,,,no file res,,,,,,,,no file res,,,,,,,,no file res,,,,,,,,no file res,,,,,,,,no file res,,,,,,,,no file res,,,,,,,0.0001,single missing,,,,0.1,single missing,,,,0.0001,single missing,,,,0.1,single missing,,,,0.0001,single missing,,,,0.1,single missing,,,,0.0001,single missing,,,,0.1,single missing,,,,0.0001,single missing,,,,0.1,single missing,,,,0.0001,single missing,,,,0.1,single missing,,,,0.0001,single missing,,,,0.1,single missing,,,,0.0001,single missing,,,,0.1,single missing,,,,0.0001,single missing,,,,0.1,single missing,,,,0.0001,single missing,,,,0.1,single missing,,,
soc-lj-friends-04.txt.gz.full.log,killed: 137 (timeout) original LP missing,,,,,,,,,,,,,,,,,,,,,,,,,,,,,,,,,,,,,,no file res,,,,,,,,no file res,,,,,,,,no file res,,,,,,,,no file res,,,,,,,,no file res,,,,,,,,no file res,,,,,,,,no file res,,,,,,,,no file res,,,,,,,,no file res,,,,,,,,no file res,,,,,,,0.0001,single missing,,,,0.1,single missing,,,,0.0001,single missing,,,,0.1,single missing,,,,0.0001,single missing,,,,0.1,single missing,,,,0.0001,single missing,,,,0.1,single missing,,,,0.0001,single missing,,,,0.1,single missing,,,,0.0001,single missing,,,,0.1,single missing,,,,0.0001,single missing,,,,0.1,single missing,,,,0.0001,single missing,,,,0.1,single missing,,,,0.0001,single missing,,,,0.1,single missing,,,,0.0001,single missing,,,,0.1,single missing,,,
soc-lj-friends-03.txt.gz.full.log,killed: 137 (timeout) original LP missing,,,,,,,,,,,,,,,,,,,,,,,,,,,,,,,,,,,,,,no file res,,,,,,,,no file res,,,,,,,,no file res,,,,,,,,no file res,,,,,,,,no file res,,,,,,,,no file res,,,,,,,,no file res,,,,,,,,no file res,,,,,,,,no file res,,,,,,,,no file res,,,,,,,0.0001,single missing,,,,0.1,single missing,,,,0.0001,single missing,,,,0.1,single missing,,,,0.0001,single missing,,,,0.1,single missing,,,,0.0001,single missing,,,,0.1,single missing,,,,0.0001,single missing,,,,0.1,single missing,,,,0.0001,single missing,,,,0.1,single missing,,,,0.0001,single missing,,,,0.1,single missing,,,,0.0001,single missing,,,,0.1,single missing,,,,0.0001,single missing,,,,0.1,single missing,,,,0.0001,single missing,,,,0.1,single missing,,,
soc-lj-friends-05.txt.gz.full.log,killed: 137 (timeout) original LP missing,,,,,,,,,,,,,,,,,,,,,,,,,,,,,,,,,,,,,,no file res,,,,,,,,no file res,,,,,,,,no file res,,,,,,,,no file res,,,,,,,,no file res,,,,,,,,no file res,,,,,,,,no file res,,,,,,,,no file res,,,,,,,,no file res,,,,,,,,no file res,,,,,,,0.0001,single missing,,,,0.1,single missing,,,,0.0001,single missing,,,,0.1,single missing,,,,0.0001,single missing,,,,0.1,single missing,,,,0.0001,single missing,,,,0.1,single missing,,,,0.0001,single missing,,,,0.1,single missing,,,,0.0001,single missing,,,,0.1,single missing,,,,0.0001,single missing,,,,0.1,single missing,,,,0.0001,single missing,,,,0.1,single missing,,,,0.0001,single missing,,,,0.1,single missing,,,,0.0001,single missing,,,,0.1,single missing,,,
soc-lj-friends-06.txt.gz.full.log,killed: 137 (timeout) original LP missing,,,,,,,,,,,,,,,,,,,,,,,,,,,,,,,,,,,,,,no file res,,,,,,,,no file res,,,,,,,,no file res,,,,,,,,no file res,,,,,,,,no file res,,,,,,,,no file res,,,,,,,,no file res,,,,,,,,no file res,,,,,,,,no file res,,,,,,,,no file res,,,,,,,0.0001,single missing,,,,0.1,single missing,,,,0.0001,single missing,,,,0.1,single missing,,,,0.0001,single missing,,,,0.1,single missing,,,,0.0001,single missing,,,,0.1,single missing,,,,0.0001,single missing,,,,0.1,single missing,,,,0.0001,single missing,,,,0.1,single missing,,,,0.0001,single missing,,,,0.1,single missing,,,,0.0001,single missing,,,,0.1,single missing,,,,0.0001,single missing,,,,0.1,single missing,,,,0.0001,single missing,,,,0.1,single missing,,,
soc-lj-friends-07.txt.gz.full.log,killed: 137 (timeout) original LP missing,,,,,,,,,,,,,,,,,,,,,,,,,,,,,,,,,,,,,,no file res,,,,,,,,no file res,,,,,,,,no file res,,,,,,,,no file res,,,,,,,,no file res,,,,,,,,no file res,,,,,,,,no file res,,,,,,,,no file res,,,,,,,,no file res,,,,,,,,no file res,,,,,,,0.0001,single missing,,,,0.1,single missing,,,,0.0001,single missing,,,,0.1,single missing,,,,0.0001,single missing,,,,0.1,single missing,,,,0.0001,single missing,,,,0.1,single missing,,,,0.0001,single missing,,,,0.1,single missing,,,,0.0001,single missing,,,,0.1,single missing,,,,0.0001,single missing,,,,0.1,single missing,,,,0.0001,single missing,,,,0.1,single missing,,,,0.0001,single missing,,,,0.1,single missing,,,,0.0001,single missing,,,,0.1,single missing,,,
soc-lj-friends-09.txt.gz.full.log,killed: 137 (timeout) original LP missing,,,,,,,,,,,,,,,,,,,,,,,,,,,,,,,,,,,,,,no file res,,,,,,,,no file res,,,,,,,,no file res,,,,,,,,no file res,,,,,,,,no file res,,,,,,,,no file res,,,,,,,,no file res,,,,,,,,no file res,,,,,,,,no file res,,,,,,,,no file res,,,,,,,0.0001,single missing,,,,0.1,single missing,,,,0.0001,single missing,,,,0.1,single missing,,,,0.0001,single missing,,,,0.1,single missing,,,,0.0001,single missing,,,,0.1,single missing,,,,0.0001,single missing,,,,0.1,single missing,,,,0.0001,single missing,,,,0.1,single missing,,,,0.0001,single missing,,,,0.1,single missing,,,,0.0001,single missing,,,,0.1,single missing,,,,0.0001,single missing,,,,0.1,single missing,,,,0.0001,single missing,,,,0.1,single missing,,,
soc-lj-friends-10.txt.gz.full.log,killed: 137 (timeout) original LP missing,,,,,,,,,,,,,,,,,,,,,,,,,,,,,,,,,,,,,,no file res,,,,,,,,no file res,,,,,,,,no file res,,,,,,,,no file res,,,,,,,,no file res,,,,,,,,no file res,,,,,,,,no file res,,,,,,,,no file res,,,,,,,,no file res,,,,,,,,no file res,,,,,,,0.0001,single missing,,,,0.1,single missing,,,,0.0001,single missing,,,,0.1,single missing,,,,0.0001,single missing,,,,0.1,single missing,,,,0.0001,single missing,,,,0.1,single missing,,,,0.0001,single missing,,,,0.1,single missing,,,,0.0001,single missing,,,,0.1,single missing,,,,0.0001,single missing,,,,0.1,single missing,,,,0.0001,single missing,,,,0.1,single missing,,,,0.0001,single missing,,,,0.1,single missing,,,,0.0001,single missing,,,,0.1,single missing,,,
soc-lj-friends-11.txt.gz.full.log,killed: 137 (timeout) original LP missing,,,,,,,,,,,,,,,,,,,,,,,,,,,,,,,,,,,,,,no file res,,,,,,,,no file res,,,,,,,,no file res,,,,,,,,no file res,,,,,,,,no file res,,,,,,,,no file res,,,,,,,,no file res,,,,,,,,no file res,,,,,,,,no file res,,,,,,,,no file res,,,,,,,0.0001,single missing,,,,0.1,single missing,,,,0.0001,single missing,,,,0.1,single missing,,,,0.0001,single missing,,,,0.1,single missing,,,,0.0001,single missing,,,,0.1,single missing,,,,0.0001,single missing,,,,0.1,single missing,,,,0.0001,single missing,,,,0.1,single missing,,,,0.0001,single missing,,,,0.1,single missing,,,,0.0001,single missing,,,,0.1,single missing,,,,0.0001,single missing,,,,0.1,single missing,,,,0.0001,single missing,,,,0.1,single missing,,,
soc-lj-friends-12.txt.gz.full.log,killed: 137 (timeout) original LP missing,,,,,,,,,,,,,,,,,,,,,,,,,,,,,,,,,,,,,,no file res,,,,,,,,no file res,,,,,,,,no file res,,,,,,,,no file res,,,,,,,,no file res,,,,,,,,no file res,,,,,,,,no file res,,,,,,,,no file res,,,,,,,,no file res,,,,,,,,no file res,,,,,,,0.0001,single missing,,,,0.1,single missing,,,,0.0001,single missing,,,,0.1,single missing,,,,0.0001,single missing,,,,0.1,single missing,,,,0.0001,single missing,,,,0.1,single missing,,,,0.0001,single missing,,,,0.1,single missing,,,,0.0001,single missing,,,,0.1,single missing,,,,0.0001,single missing,,,,0.1,single missing,,,,0.0001,single missing,,,,0.1,single missing,,,,0.0001,single missing,,,,0.1,single missing,,,,0.0001,single missing,,,,0.1,single missing,,,
soc-pokec-relationships.txt.gz.full.log,killed: 137 (timeout) original LP missing,,,,,,,,,,,,,,,,,,,,,,,,,,,,,,,,,,,,,,no file res,,,,,,,,no file res,,,,,,,,no file res,,,,,,,,no file res,,,,,,,,no file res,,,,,,,,no file res,,,,,,,,no file res,,,,,,,,no file res,,,,,,,,no file res,,,,,,,,no file res,,,,,,,0.0001,single missing,,,,0.1,single missing,,,,0.0001,single missing,,,,0.1,single missing,,,,0.0001,single missing,,,,0.1,single missing,,,,0.0001,single missing,,,,0.1,single missing,,,,0.0001,single missing,,,,0.1,single missing,,,,0.0001,single missing,,,,0.1,single missing,,,,0.0001,single missing,,,,0.1,single missing,,,,0.0001,single missing,,,,0.1,single missing,,,,0.0001,single missing,,,,0.1,single missing,,,,0.0001,single missing,,,,0.1,single missing,,,
soc-redditHyperlinks-title.tsv.gz.full.log, ,12.410000,302.800000,1774.920000,2077.720000,2089.980000,2091.190000,14.000000,303.000000,1775.000000,2078.000000,2091.000000,2092.000000,27.789062,28.855469,30.050781,30.050781,30.050781,30.050781,28.500000,31.925781,31.925781,31.925781,31.925781,31.925781,54075,234792,3111,135,12789,144403,2642,65,12499,143777,2642,65,13,2.527971,1375.61,398.28,,628.7,370.5,,26,1.524397,1581.02,788.3,,628.7,370.5,,39,0.821991,2966.86,879.78,,628.7,370.5,,52,0.342129,5148,627.6,,628.7,370.5,,65,0,3861,1300.51,0.0001,628.7,370.5,0,78,0,1359.89,259.94,0.0001,628.7,370.5,0,91,0,1442.53,260.23,0.0001,628.7,370.5,0,104,0,470.72,259.91,0.0001,628.7,370.5,0,117,0,470.57,261.59,0.0001,628.7,370.5,0,130,0,469.13,260.26,0.0001,628.7,370.5,0,0.0001,,,,154,0.1,,,,158,0.0001,,,,64,0.1,,,,66,0.0001,,,,32,0.1,,,,30,0.0001,,,,16,0.1,,,,16,0.0001,,,,38,0.1,,,,38,0.0001,,,,20,0.1,,,,20,0.0001,,,,6062,0.1,,,,6086,0.0001,,,,44,0.1,,,,44,0.0001,,,,6822,0.1,,,,6822,0.0001,,,,6644,0.1,,,,6644
soc-redditHyperlinks-body.tsv.gz.full.log, ,4.020000,68.130000,690.620000,758.750000,762.690000,762.980000,4.000000,68.000000,691.000000,759.000000,763.000000,763.000000,22.539062,23.058594,23.558594,23.558594,23.558594,23.558594,23.179688,25.832031,25.832031,25.832031,25.832031,25.832031,35776,137821,1350,2161,10125,95476,1198,1562,9849,94853,1198,1562,134,444.213588,9451,3722,,383.3,242.5,,268,370.051247,19635,11382,,383.3,242.5,,402,297.93817,23196,12591,,367.6,242.5,,536,226.817404,27360,12356,,367.6,242.5,,670,156.536574,24874,13474,,383.3,242.5,,804,86.860136,28057,12755,,383.3,242.5,,938,29.046983,81877,18059,,383.3,242.5,,1072,5.313294,190563,79458,,383.3,253.3,,1206,0,,108555,0.0001,,253.3,0,1340,0,331171,110780,0.0001,383.3,253.3,0,0.0001,,,,6,0.1,,,,6,0.0001,,,,6,0.1,,,,6,0.0001,,,,6,0.1,,,,6,0.0001,,,,4,0.1,,,,4,0.0001,,,,6,0.1,,,,6,0.0001,,,,6,0.1,,,,6,0.0001,,,,4,0.1,,,,4,0.0001,,,,4,0.1,,,,4,0.0001,,,,4,0.1,,,,4,0.0001,,,,6,0.1,,,,6
soc-sign-bitcoinalpha.csv.gz.full.log, ,0.170000,0.190000,29.700000,29.890000,30.060000,30.110000,0.000000,1.000000,29.000000,30.000000,30.000000,30.000000,14.902344,14.902344,14.902344,14.902344,14.902344,14.902344,15.406250,15.980469,15.980469,15.980469,15.980469,15.980469,3783,24186,490,251,2259,21134,324,226,2228,21072,324,226,25,103.210589,72.07,55.39,,62.4,53.3,,50,86.650903,78.89,92.05,,62.4,53.3,,75,71.143021,82.05,74.62,,62.4,53.3,,100,56.334461,84.93,84.01,,62.4,53.3,,125,41.820947,115.97,87.18,,62.4,53.3,,150,27.546171,138.37,98.52,,62.4,53.3,,175,13.447075,166.69,105.69,,62.4,53.3,,200,3.118244,240.65,182.22,,62.4,53.3,,225,0.012387,61.1,63.94,,65.1,53.3,,250,0,35.26,46.56,0.0001,62.4,53.3,0,0.0001,,,,10,0.1,,,,10,0.0001,,,,6,0.1,,,,6,0.0001,,,,6,0.1,,,,6,0.0001,,,,8,0.1,,,,8,0.0001,,,,8,0.1,,,,8,0.0001,,,,8,0.1,,,,8,0.0001,,,,8,0.1,,,,8,0.0001,,,,6,0.1,,,,6,0.0001,,,,8,0.1,,,,8,0.0001,,,,4,0.1,,,,4
soc-sign-bitcoinotc.csv.gz.full.log, ,0.300000,0.820000,40.060000,40.880000,41.180000,41.270000,1.000000,0.000000,40.000000,40.000000,40.000000,41.000000,15.464844,15.679688,15.679688,15.679688,15.679688,15.679688,15.968750,16.867188,16.867188,16.867188,16.867188,16.867188,5881,35592,763,412,3263,30226,439,362,3223,30146,439,362,41,165.322795,270.74,131.92,,91.3,77.4,,82,136.803537,1950.4,2744.5,,102.6,96.1,,123,,,,,,,,164,78.853617,78733,7931,,313.8,158.6,,205,50.928347,392.97,209.14,,91.3,77.4,,246,30.529269,7496,35229,,127.0,392.0,,287,10.926038,1581.74,440.58,,91.3,77.4,,328,1.644069,3287.61,198.88,,95.2,77.4,,369,0,343.32,180.33,0.0001,91.3,77.4,0,410,0,430.06,209.01,0.0001,95.2,77.4,0,0.0001,,,,8,0.1,,,,8,0.0001,,,,6,0.1,,,,6,0.0001,,,,8,0.1,,,,8,0.0001,,,,8,0.1,,,,8,0.0001,,,,6,0.1,,,,6,0.0001,,,,8,0.1,,,,8,0.0001,,,,8,0.1,,,,8,0.0001,,,,10,0.1,,,,10,0.0001,,,,10,0.1,,,,10,0.0001,,,,7248,0.1,,,,7224
soc-sign-epinions.txt.gz.full.log, ,255.090000,1001.820000,138623.650000,139625.470000,139880.450000,139882.800000,255.000000,1002.000000,138631.000000,139633.000000,139888.000000,139891.000000,56.675781,58.519531,60.218750,60.218750,60.218750,60.218750,57.683594,77.871094,77.871094,77.871094,77.871094,77.871094,131828,840799,2070,3478,36646,684670,1820,3173,35880,683005,1820,3173,206,,,,,,,,412,,,,,,,,618,,,,,,,,824,,,,,,,,1030,,,,,,,,1236,,,,,,,,1442,,,,,,,,1648,,,,,,,,1854,,,,0.0001,,,0,2060,,,,0.0001,,,0,0.0001,,,,6,0.1,,,,6,0.0001,,,,4,0.1,,,,4,0.0001,,,,4,0.1,,,,4,0.0001,,,,4,0.1,,,,4,0.0001,,,,2,0.1,,,,2,0.0001,,,,2,0.1,,,,2,0.0001,,,,4,0.1,,,,4,0.0001,,,,4,0.1,,,,4,0.0001,,,,4,0.1,,,,4,0.0001,,,,6,0.1,,,,6
soc-sign-Slashdot081106.txt.gz.full.log, ,58.980000,325.480000,31561.940000,31887.420000,31946.160000,31947.410000,59.000000,326.000000,31562.000000,31888.000000,31947.000000,31948.000000,39.714844,40.390625,41.761719,41.761719,41.761719,41.761719,40.515625,48.171875,48.171875,48.171875,48.171875,48.171875,77350,516575,426,2532,24243,332626,264,1957,23661,331376,264,1957,42,,,,,,,,84,,,,,,,,126,,,,,,,,168,,,,,,,,210,,,,,,,,252,,,,,,,,294,,,,0.0001,,,0,336,,,,0.0001,,,0,378,,,,0.0001,,,0,420,,,,0.0001,,,0,0.0001,,,,14,0.1,,,,14,0.0001,,,,12,0.1,,,,12,0.0001,,,,10,0.1,,,,10,0.0001,,,,6,0.1,,,,6,0.0001,,,,6,0.1,,,,6,0.0001,,,,6,0.1,,,,6,0.0001,,,,4,0.1,,,,4,0.0001,,,,10,0.1,,,,10,0.0001,,,,16,0.1,,,,16,0.0001,,,,2998,0.1,,,,3170
soc-sign-Slashdot090216.txt.gz.full.log, ,75.010000,406.010000,36965.210000,37371.220000,37445.890000,37447.310000,75.000000,406.000000,36967.000000,37373.000000,37447.000000,37449.000000,41.085938,42.539062,43.917969,43.917969,43.917969,43.917969,41.902344,49.265625,49.265625,49.265625,49.265625,49.265625,81867,545671,428,2541,24802,338572,265,1967,24025,336925,265,1967,42,,,,,,,,84,,,,,,,,126,,,,,,,,168,,,,,,,,210,,,,,,,,252,,,,,,,,294,,,,0.0001,,,0,336,,,,0.0001,,,0,378,,,,0.0001,,,0,420,,,,0.0001,,,0,0.0001,,,,12,0.1,,,,12,0.0001,,,,8,0.1,,,,8,0.0001,,,,10,0.1,,,,10,0.0001,,,,6,0.1,,,,6,0.0001,,,,8,0.1,,,,8,0.0001,,,,8,0.1,,,,8,0.0001,,,,8,0.1,,,,8,0.0001,,,,8,0.1,,,,8,0.0001,,,,18,0.1,,,,18,0.0001,,,,9426,0.1,,,,9100
soc-sign-Slashdot090221.txt.gz.full.log, ,75.510000,429.280000,37520.930000,37950.210000,38025.320000,38026.800000,76.000000,430.000000,37522.000000,37952.000000,38028.000000,38029.000000,41.246094,44.339844,45.089844,45.089844,45.089844,45.089844,42.066406,49.578125,49.578125,49.578125,49.578125,49.578125,82140,549202,428,2543,24953,342460,265,1971,24162,340785,265,1971,42,,,,,,,,84,,,,,,,,126,,,,,,,,168,,,,,,,,210,,,,,,,,252,,,,,,,,294,,,,0.0001,,,0,336,,,,0.0001,,,0,378,,,,0.0001,,,0,420,,,,0.0001,,,0,0.0001,,,,12,0.1,,,,12,0.0001,,,,10,0.1,,,,10,0.0001,,,,6,0.1,,,,6,0.0001,,,,8,0.1,,,,8,0.0001,,,,6,0.1,,,,6,0.0001,,,,4,0.1,,,,4,0.0001,,,,8,0.1,,,,8,0.0001,,,,6,0.1,,,,6,0.0001,,,,22,0.1,,,,22,0.0001,,,,4710,0.1,,,,4710
soc-Slashdot0811.txt.gz.full.log, ,72.010000,70.250000,177022.630000,177092.880000,177164.810000,177168.700000,72.000000,70.000000,177033.000000,177103.000000,177175.000000,177179.000000,50.480469,52.515625,53.464844,53.464844,53.464844,53.464844,51.281250,74.730469,74.730469,74.730469,74.730469,74.730469,77360,828161,2507,2326,47550,770734,2320,2149,46136,767750,2320,2149,232,,,,,,,,464,,,,,,,,696,,,,,,,,928,,,,,,,,1160,,,,,,,,1392,,,,,,,,1624,,,,,,,,1856,,,,,,,,2088,,,,,,,,2320,,,,0.0001,,,0,0.0001,,,,4,0.1,,,,4,0.0001,,,,8,0.1,,,,8,0.0001,,,,6,0.1,,,,6,0.0001,,,,4,0.1,,,,4,0.0001,,,,6,0.1,,,,6,0.0001,,,,8,0.1,,,,8,0.0001,,,,4,0.1,,,,4,0.0001,,,,6,0.1,,,,6,0.0001,,,,4,0.1,,,,4,0.0001,,,,8,0.1,,,,8
soc-Slashdot0902.txt.gz.full.log, ,77.880000,110.620000,212844.470000,212955.090000,213032.790000,213037.000000,78.000000,111.000000,212854.000000,212965.000000,213043.000000,213047.000000,52.308594,52.953125,53.640625,53.640625,53.640625,53.640625,53.128906,77.082031,77.082031,77.082031,77.082031,77.082031,82168,870161,2510,2354,49937,796494,2325,2179,47303,791048,2325,2179,235,,,,,,,,470,,,,,,,,705,,,,,,,,940,,,,,,,,1175,,,,,,,,1410,,,,,,,,1645,,,,,,,,1880,,,,,,,,2115,,,,,,,,2350,,,,0.0001,,,0,0.0001,,,,4,0.1,,,,4,0.0001,,,,6,0.1,,,,6,0.0001,,,,6,0.1,,,,6,0.0001,,,,4,0.1,,,,4,0.0001,,,,4,0.1,,,,4,0.0001,,,,8,0.1,,,,8,0.0001,,,,6,0.1,,,,6,0.0001,,,,6,0.1,,,,6,0.0001,,,,4,0.1,,,,4,0.0001,,,,4,0.1,,,,4
sx-askubuntu-c2q.txt.gz.full.log, ,44.230000,347.900000,10.110000,358.010000,401.850000,402.320000,45.000000,347.000000,11.000000,358.000000,402.000000,403.000000,28.308594,28.675781,29.675781,29.675781,29.675781,29.675781,29.117188,32.195312,32.195312,32.195312,32.195312,32.195312,79155,159451,3114,195,4678,15110,352,140,4678,15110,352,140,19,1.617846274e+11,150.11,8.52,,438.6,39.3,,38,1.356303294e+11,135.98,10.92,,438.6,39.3,,57,1.098403703e+11,137.97,12.04,,438.6,39.3,,76,8.437960921e+10,159.53,9.76,,438.6,39.3,,95,5.910608312e+10,134.59,9.51,,438.6,39.3,,114,3.397800982e+10,143.98,8.8,,438.6,39.3,,133,9109216165,128.57,8.16,,438.6,39.3,,152,0,122.88,6.41,0.0001,438.6,39.3,0,171,0,90.23,6.42,0.0001,438.6,39.3,0,190,0,96.9,6.26,0.0001,438.6,39.3,0,0.0001,,,,10,0.1,,,,10,0.0001,,,,8,0.1,,,,8,0.0001,,,,6,0.1,,,,6,0.0001,,,,4,0.1,,,,4,0.0001,,,,4,0.1,,,,6,0.0001,,,,6,0.1,,,,6,0.0001,,,,4,0.1,,,,4,0.0001,,,,6,0.1,,,,6,0.0001,,,,4,0.1,,,,4,0.0001,,,,2,0.1,,,,2
sx-askubuntu-a2q.txt.gz.full.log, ,66.270000,808.700000,74.510000,883.210000,949.030000,949.620000,65.000000,809.000000,74.000000,883.000000,948.000000,949.000000,38.167969,40.187500,41.253906,41.253906,41.253906,41.253906,39.199219,43.882812,43.882812,43.882812,43.882812,43.882812,137517,247253,2047,589,8975,37375,489,328,8973,37371,489,328,58,3.555698065e+11,1112.14,179.18,,695.1,96.6,,116,2.771619797e+11,1399.66,191.2,,695.1,96.6,,174,1.997976701e+11,1200.31,185.35,,695.1,96.6,,232,1.229561552e+11,3421.9,196.01,,695.1,96.6,,290,4.68457596e+10,5332,153.02,,695.1,96.6,,348,0,601.94,163.62,0.0001,695.1,100.6,0,406,0,908.29,117.37,0.0001,725.2,96.6,0,464,0,863,94.74,0.0001,725.1,96.6,0,522,0,719.06,92.97,0.0001,725.2,96.6,0,580,0,2948.16,94.29,0.0001,726.0,96.6,0,0.0001,,,,6,0.1,,,,6,0.0001,,,,4,0.1,,,,4,0.0001,,,,6,0.1,,,,6,0.0001,,,,4,0.1,,,,4,0.0001,,,,6,0.1,,,,6,0.0001,,,,4,0.1,,,,4,0.0001,,,,6,0.1,,,,6,0.0001,,,,4,0.1,,,,4,0.0001,,,,4,0.1,,,,4,0.0001,,,,4,0.1,,,,4
sx-askubuntu-c2a.txt.gz.full.log, ,41.550000,297.670000,279.810000,577.480000,618.830000,619.190000,41.000000,298.000000,280.000000,578.000000,619.000000,619.000000,28.148438,29.878906,29.878906,29.878906,29.878906,29.878906,28.941406,31.640625,31.640625,31.640625,31.640625,31.640625,75555,165570,1447,1738,8049,63747,693,872,8034,63717,693,872,144,7.373957461e+11,9037,2174.06,,452.0,171.6,,288,5.40994665e+11,18879,3590.68,,452.0,171.6,,432,3.469434534e+11,13368,4888,,452.0,171.6,,576,1.539262001e+11,23783,2700.06,,452.0,171.6,,720,0,110049,11797,0.0001,452.0,171.6,0,864,0,10845,986.49,0.0001,452.0,171.2,0,1008,0,7598,919.86,0.0001,452.0,171.6,0,1152,0,7038,1121.99,0.0001,452.0,171.3,0,1296,0,7739,826.18,0.0001,471.6,171.6,0,1440,0,7105,2349.89,0.0001,452.0,171.2,0,0.0001,,,,4,0.1,,,,4,0.0001,,,,6,0.1,,,,6,0.0001,,,,4,0.1,,,,4,0.0001,,,,6,0.1,,,,6,0.0001,,,,4,0.1,,,,4,0.0001,,,,4,0.1,,,,4,0.0001,,,,2,0.1,,,,2,0.0001,,,,2,0.1,,,,2,0.0001,,,,4,0.1,,,,4,0.0001,,,,4,0.1,,,,4
sx-askubuntu.txt.gz.full.log, ,579.840000,2742.270000,27587.550000,30329.820000,30909.310000,30911.780000,580.000000,2742.000000,27588.000000,30330.000000,30909.000000,30912.000000,51.589844,51.714844,53.644531,53.644531,53.644531,53.644531,52.703125,62.535156,62.535156,62.535156,62.535156,62.535156,159316,544621,4965,1953,48649,351228,2973,1670,47223,348372,2973,1670,195,1.993910698e+12,206662,91406,,1512.8,932.6,,390,1.71779685e+12,,256150,,,932.6,,585,,,,,,,,780,,,,,,,,975,,,,,,,,1170,,,,,,,,1365,,,,,,,,1560,,,,,,,,1755,0,,95055,0.0001,,932.6,0,1950,0,100091,144543,0.0001,1450.9,970.3,0,0.0001,,,,4,0.1,,,,4,0.0001,,,,4,0.1,,,,4,0.0001,,,,4,0.1,,,,4,0.0001,,,,4,0.1,,,,4,0.0001,,,,4,0.1,,,,4,0.0001,,,,2,0.1,,,,2,0.0001,,,,2,0.1,,,,2,0.0001,,,,4,0.1,,,,4,0.0001,,,,4,0.1,,,,4,0.0001,,,,2,0.1,,,,2
sx-mathoverflow-a2q.txt.gz.full.log, ,2.760000,20.240000,45.350000,65.590000,68.270000,68.440000,3.000000,20.000000,46.000000,66.000000,69.000000,69.000000,19.175781,19.515625,19.179688,19.179688,19.179688,19.179688,19.679688,20.625000,20.625000,20.625000,20.625000,20.625000,21688,88711,1101,485,3228,42790,402,388,3226,42786,402,388,48,4.336162192e+11,497.98,189.26,,231.3,108.1,,96,3.702513931e+11,505.35,151.27,,231.3,108.1,,144,3.08232604e+11,595.2,140.35,,231.3,108.1,,192,2.469947534e+11,562.47,131.22,,231.3,108.1,,240,1.861654003e+11,670.79,141,,231.3,108.1,,288,1.256584216e+11,879.23,140.09,,231.3,108.1,,336,6.531198001e+10,891.01,151.97,,231.3,108.1,,384,5022123052,644.87,133.3,,231.3,108.1,,432,0,553.41,93.26,0.0001,231.3,108.1,0,480,0,870.54,88.68,0.0001,241.4,108.1,0,0.0001,,,,6,0.1,,,,6,0.0001,,,,6,0.1,,,,6,0.0001,,,,8,0.1,,,,8,0.0001,,,,6,0.1,,,,6,0.0001,,,,6,0.1,,,,6,0.0001,,,,2,0.1,,,,2,0.0001,,,,4,0.1,,,,4,0.0001,,,,6,0.1,,,,6,0.0001,,,,4,0.1,,,,4,0.0001,,,,4,0.1,,,,4
sx-mathoverflow-c2a.txt.gz.full.log, ,3.030000,12.050000,104.380000,116.430000,119.440000,119.570000,3.000000,12.000000,105.000000,117.000000,120.000000,120.000000,17.832031,18.449219,18.003906,18.003906,18.003906,18.003906,18.335938,19.851562,19.851562,19.851562,19.851562,19.851562,13840,77212,550,784,3351,57153,438,494,3345,57141,438,494,54,5.139126535e+11,3751,357.38,,199.7,146.3,,108,4.375148038e+11,5571,233.34,,208.5,146.3,,162,3.630108499e+11,3202.61,238.53,,199.7,146.3,,216,2.89762304e+11,3960,229.76,,199.7,146.3,,270,2.178441219e+11,4401,224.59,,199.7,146.3,,324,1.47163655e+11,6732,277.49,,199.7,146.3,,378,7.707960929e+10,7587,305.68,,208.5,146.3,,432,7630878290,8659,189.69,,208.5,146.3,,486,0,13701,334.61,0.0001,208.5,146.3,0,540,0,3458.86,277.1,0.0001,208.5,146.3,0,0.0001,,,,6,0.1,,,,6,0.0001,,,,6,0.1,,,,6,0.0001,,,,6,0.1,,,,6,0.0001,,,,6,0.1,,,,6,0.0001,,,,4,0.1,,,,4,0.0001,,,,6,0.1,,,,6,0.0001,,,,6,0.1,,,,6,0.0001,,,,4,0.1,,,,4,0.0001,,,,4,0.1,,,,4,0.0001,,,,4,0.1,,,,4
sx-mathoverflow-c2q.txt.gz.full.log, ,4.230000,24.090000,34.980000,59.070000,63.180000,63.410000,4.000000,24.000000,35.000000,59.000000,63.000000,63.000000,18.699219,18.699219,18.699219,18.699219,18.699219,18.699219,19.203125,20.027344,20.027344,20.027344,20.027344,20.027344,16836,91149,1398,452,2415,38550,431,385,2415,38550,431,385,45,4.518933883e+11,266.38,87.23,,235.0,97.6,,90,3.887394238e+11,241.32,78.39,,235.0,97.6,,135,3.265592395e+11,326.02,71.95,,235.0,97.6,,180,2.655489435e+11,223.59,76.83,,235.0,97.6,,225,2.056624737e+11,253.59,75.72,,235.0,97.6,,270,1.465954204e+11,256.69,81.78,,235.0,97.6,,315,8.840564788e+10,235.73,78.42,,235.0,97.6,,360,3.061668263e+10,335.9,78.41,,235.0,97.6,,405,0,139.68,57.4,0.0001,235.0,97.6,0,450,0,154.92,60.48,0.0001,235.0,97.6,0,0.0001,,,,6,0.1,,,,6,0.0001,,,,6,0.1,,,,6,0.0001,,,,6,0.1,,,,6,0.0001,,,,6,0.1,,,,6,0.0001,,,,6,0.1,,,,6,0.0001,,,,6,0.1,,,,6,0.0001,,,,6,0.1,,,,6,0.0001,,,,6,0.1,,,,6,0.0001,,,,4,0.1,,,,4,0.0001,,,,4,0.1,,,,4
sx-mathoverflow.txt.gz.full.log, ,29.310000,145.520000,1466.280000,1611.800000,1641.160000,1641.720000,30.000000,145.000000,1467.000000,1612.000000,1641.000000,1642.000000,24.035156,25.167969,25.671875,25.671875,25.671875,25.671875,24.539062,30.144531,30.144531,30.144531,30.144531,30.144531,24818,227991,1848,968,11508,192658,1542,934,11450,192542,1542,934,96,1.128209913e+12,7356,4553,,588.8,484.2,,192,9.909574282e+11,14730,4393,,588.8,484.2,,288,8.563894552e+11,18987,4738,,588.8,484.2,,384,7.245537829e+11,14153,4957,,588.8,484.2,,480,5.955743882e+11,14769,5042,,588.8,484.2,,576,4.677738397e+11,18639,5107,,588.8,484.2,,672,3.409944331e+11,25832,6939,,588.8,484.2,,768,2.15323281e+11,23347,9378,,588.8,484.2,,864,9.064729633e+10,28824,6606,,588.8,484.2,,960,0,25132,4654,0.0001,588.8,484.2,0,0.0001,,,,6,0.1,,,,6,0.0001,,,,4,0.1,,,,4,0.0001,,,,4,0.1,,,,4,0.0001,,,,6,0.1,,,,6,0.0001,,,,4,0.1,,,,4,0.0001,,,,6,0.1,,,,6,0.0001,,,,4,0.1,,,,4,0.0001,,,,4,0.1,,,,4,0.0001,,,,4,0.1,,,,4,0.0001,,,,4,0.1,,,,4
sx-stackoverflow-c2q.txt.gz.full.log,killed: 137 (timeout) ,227168.800000,,,,,,227186.000000,,,,,,530.921875,,,,,,538.242188,,,,,,1655353,10106821,26176,1474,,,,,,,,,147,,,,,,,,294,,,,,,,,441,,,,,,,,588,,,,,,,,735,,,,,,,,882,,,,,,,,1029,,,,,,,,1176,,,,,,,,1323,,,,,,,,1470,,,,,,,,0.0001,,,,0,0.1,,,,0,0.0001,,,,0,0.1,,,,0,0.0001,,,,0,0.1,,,,0,0.0001,,,,0,0.1,,,,0,0.0001,,,,0,0.1,,,,0,0.0001,,,,0,0.1,,,,0,0.0001,,,,0,0.1,,,,0,0.0001,,,,0,0.1,,,,0,0.0001,,,,0,0.1,,,,0,0.0001,,,,0,0.1,,,,0
sx-stackoverflow-a2q.txt.gz.full.log,killed: 137 (timeout) ,238311.500000,,,,,,238325.000000,,,,,,812.066406,,,,,,823.472656,,,,,,2464606,15801794,22859,4034,,,,,,,,,403,,,,,,,,806,,,,,,,,1209,,,,,,,,1612,,,,,,,,2015,,,,,,,,2418,,,,,,,,2821,,,,,,,,3224,,,,,,,,3627,,,,,,,,4030,,,,,,,,0.0001,,,,0,0.1,,,,0,0.0001,,,,0,0.1,,,,0,0.0001,,,,0,0.1,,,,0,0.0001,,,,0,0.1,,,,0,0.0001,,,,0,0.1,,,,0,0.0001,,,,0,0.1,,,,0,0.0001,,,,0,0.1,,,,0,0.0001,,,,0,0.1,,,,0,0.0001,,,,0,0.1,,,,0,0.0001,,,,0,0.1,,,,0
sx-stackoverflow-c2a.txt.gz.full.log,killed: 137 (timeout) ,232322.500000,,,,,,232335.000000,,,,,,561.507812,,,,,,570.292969,,,,,,1646338,10952124,5035,21918,,,,,,,,,503,,,,,,,,1006,,,,,,,,1509,,,,,,,,2012,,,,,,,,2515,,,,,,,,3018,,,,,,,,3521,,,,,,,,4024,,,,,,,,4527,,,,,,,,5030,,,,,,,,0.0001,,,,0,0.1,,,,0,0.0001,,,,0,0.1,,,,0,0.0001,,,,0,0.1,,,,0,0.0001,,,,0,0.1,,,,0,0.0001,,,,0,0.1,,,,0,0.0001,,,,0,0.1,,,,0,0.0001,,,,0,0.1,,,,0,0.0001,,,,0,0.1,,,,0,0.0001,,,,0,0.1,,,,0,0.0001,,,,0,0.1,,,,0
sx-stackoverflow.txt.gz.full.log,killed: 137 (timeout) original LP missing,,,,,,,,,,,,,,,,,,,,,,,,,,,,,,,,,,,,,,no file res,,,,,,,,no file res,,,,,,,,no file res,,,,,,,,no file res,,,,,,,,no file res,,,,,,,,no file res,,,,,,,,no file res,,,,,,,,no file res,,,,,,,,no file res,,,,,,,,no file res,,,,,,,0.0001,single missing,,,,0.1,single missing,,,,0.0001,single missing,,,,0.1,single missing,,,,0.0001,single missing,,,,0.1,single missing,,,,0.0001,single missing,,,,0.1,single missing,,,,0.0001,single missing,,,,0.1,single missing,,,,0.0001,single missing,,,,0.1,single missing,,,,0.0001,single missing,,,,0.1,single missing,,,,0.0001,single missing,,,,0.1,single missing,,,,0.0001,single missing,,,,0.1,single missing,,,,0.0001,single missing,,,,0.1,single missing,,,
sx-superuser-c2q.txt.gz.full.log, ,71.580000,541.950000,25.150000,567.100000,638.270000,640.250000,72.000000,542.000000,25.000000,567.000000,638.000000,640.000000,32.683594,32.968750,34.011719,34.011719,34.011719,34.011719,33.550781,37.000000,37.000000,37.000000,37.000000,37.000000,94548,238335,12385,115,5650,26250,1093,75,5650,26250,1093,75,11,8.386296376e+10,426.38,18.84,,652.0,68.7,,22,6.887347608e+10,273.81,20.85,,652.0,68.7,,33,5.416221914e+10,294.62,18.44,,652.0,68.7,,44,3.9769276e+10,324,15.84,,652.0,68.7,,55,2.549501054e+10,313.18,17.69,,652.0,68.7,,66,1.141833871e+10,296.35,14.26,,652.0,68.7,,77,0,175.1,8.52,0.0001,652.0,68.7,0,88,0,85.98,6.12,0.0001,652.0,68.7,0,99,0,81.03,6.27,0.0001,679.7,68.7,0,110,0,121.29,6.27,0.0001,679.7,68.7,0,0.0001,,,,12,0.1,,,,12,0.0001,,,,6,0.1,,,,6,0.0001,,,,8,0.1,,,,8,0.0001,,,,2,0.1,,,,2,0.0001,,,,8,0.1,,,,8,0.0001,,,,6,0.1,,,,6,0.0001,,,,6,0.1,,,,6,0.0001,,,,4,0.1,,,,4,0.0001,,,,4,0.1,,,,4,0.0001,,,,6,0.1,,,,6
sx-superuser-a2q.txt.gz.full.log, ,201.850000,1701.010000,338.060000,2039.070000,2239.910000,2241.190000,202.000000,1702.000000,338.000000,2040.000000,2241.000000,2242.000000,46.335938,49.222656,49.222656,49.222656,49.222656,49.222656,47.484375,53.101562,53.101562,53.101562,53.101562,53.101562,167981,384346,3101,429,12706,72505,1382,239,12702,72497,1382,239,42,2.51587371e+11,3685,348.87,,1062.8,186.8,,84,1.956506659e+11,6431,332.05,,1062.8,186.8,,126,1.411008074e+11,5765,377.8,,1062.8,186.8,,168,8.775714272e+10,4238,275.02,,1062.8,186.8,,210,3.501369145e+10,7055,277.11,,1062.8,186.8,,252,0,1356.8,548.49,0.0001,1062.8,194.7,0,294,0,2140.31,543.57,0.0001,1108.2,195.0,0,336,0,1296.49,347.42,0.0001,1108.1,186.8,0,378,0,8126,262.64,0.0001,1109.4,186.8,0,420,0,2501.46,561.68,0.0001,1108.8,195.0,0,0.0001,,,,8,0.1,,,,8,0.0001,,,,6,0.1,,,,6,0.0001,,,,4,0.1,,,,4,0.0001,,,,4,0.1,,,,4,0.0001,,,,6,0.1,,,,6,0.0001,,,,6,0.1,,,,6,0.0001,,,,4,0.1,,,,4,0.0001,,,,4,0.1,,,,4,0.0001,,,,4,0.1,,,,4,0.0001,,,,4,0.1,,,,4
sx-superuser-c2a.txt.gz.full.log, ,103.240000,918.630000,1639.530000,2558.160000,2661.120000,2661.740000,103.000000,919.000000,1640.000000,2559.000000,2662.000000,2662.000000,34.570312,36.375000,37.480469,37.480469,37.480469,37.480469,35.460938,39.328125,39.328125,39.328125,39.328125,39.328125,101052,269448,2135,2512,13907,125831,1162,1516,13884,125784,1162,1516,213,1.296255988e+12,63975,15515,,731.2,338.8,,426,9.942991206e+11,72889,20645,,731.2,338.8,,639,6.985736654e+11,103714,20090,,731.2,338.8,,852,4.087453863e+11,72813,28737,,731.2,338.8,,1065,1.228456812e+11,105214,40449,,731.2,338.8,,1278,0,,315618,0.0001,,338.8,0,1491,0,122145,13089,0.0001,731.2,324.5,0,1704,0,44021,10646,0.0001,731.2,352.3,0,1917,0,45077,11670,0.0001,731.2,338.9,0,2130,0,43417,10266,0.0001,731.2,352.3,0,0.0001,,,,6,0.1,,,,6,0.0001,,,,6,0.1,,,,6,0.0001,,,,6,0.1,,,,6,0.0001,,,,4,0.1,,,,4,0.0001,,,,6,0.1,,,,6,0.0001,,,,4,0.1,,,,4,0.0001,,,,4,0.1,,,,4,0.0001,,,,4,0.1,,,,4,0.0001,,,,4,0.1,,,,4,0.0001,,,,4,0.1,,,,4
sx-superuser.txt.gz.full.log, ,1245.490000,5299.750000,113535.860000,118835.610000,120080.670000,120085.300000,1245.000000,5300.000000,113546.000000,118846.000000,120090.000000,120095.000000,66.062500,66.109375,68.417969,68.417969,68.417969,68.417969,67.308594,85.394531,85.394531,85.394531,85.394531,85.394531,194085,854377,14254,2512,68680,629790,8838,2370,67404,627233,8838,2370,251,,,,,,,,502,,,,,,,,753,,,,,,,,1004,,,,,,,,1255,,,,,,,,1506,,,,,,,,1757,,,,,,,,2008,,,,,,,,2259,,,,,,,,2510,,,,0.0001,,,0,0.0001,,,,2,0.1,,,,2,0.0001,,,,4,0.1,,,,4,0.0001,,,,2,0.1,,,,2,0.0001,,,,4,0.1,,,,4,0.0001,,,,2,0.1,,,,2,0.0001,,,,2,0.1,,,,2,0.0001,,,,2,0.1,,,,2,0.0001,,,,2,0.1,,,,2,0.0001,,,,2,0.1,,,,2,0.0001,,,,2,0.1,,,,2
web-BerkStan.txt.gz.full.log,killed: 137 (timeout) ,4569.940000,22535.800000,,,,,4570.000000,22537.000000,,,,,343.988281,432.164062,,,,,347.109375,466.933594,,,,,685230,7600595,249,84208,353329,4713556,249,78347,,,,,24,,,,,,,,48,,,,,,,,72,,,,,,,,96,,,,,,,,120,,,,,,,,144,,,,,,,,168,,,,,,,,192,,,,,,,,216,,,,,,,,240,,,,,,,,0.0001,,,,6,0.1,,,,6,0.0001,,,,8,0.1,,,,8,0.0001,,,,22,0.1,,,,22,0.0001,0.000000,118195,9031.35,2,0.1,0.000000,118516,9031.34,2,0.0001,0.000000,117971,9031.33,2,0.1,0.000000,118997,9031.32,2,0.0001,0.000000,118302,9031.3,2,0.1,0.000000,117394,9031.31,2,0.0001,0.000000,142975,9031.31,2,0.1,0.000000,116439,9031.31,2,0.0001,0.000000,136264,9031.28,2,0.1,0.000000,130908,9031.29,2,0.0001,0.000000,129097,9031.26,2,0.1,0.000000,118445,9031.26,2,0.0001,0.000000,119576,9030.86,2,0.1,0.000000,118485,9030.85,2
flickrEdges.txt.gz.full.log, ,5110.450000,8806.190000,1.050000,8807.240000,13914.430000,13920.320000,5110.000000,8807.000000,1.000000,8808.000000,13915.000000,13921.000000,98.593750,99.234375,99.550781,99.550781,99.550781,99.550781,99.503906,107.562500,107.562500,107.562500,107.562500,107.562500,105938,2316948,4399,1459,20838,541929,1784,1083,20838,541929,1784,1083,145,0.047286,,306691,,,1387.0,,290,0,,299533,,,1387.0,,435,0,,3386.14,,,1387.0,,580,0,,28936,,,1387.0,,725,0,,191697,,,1483.1,,870,0,,4179,,,1387.0,,1015,0,41722,983.87,,5925.2,1387.0,,1160,0,222221,1046.27,0.0001,5925.2,1387.0,0,1305,0,121570,988.76,0.0001,5925.2,1387.0,0,1450,0,5532,964.87,0.0001,5925.2,1387.0,0,0.0001,,,,8,0.1,,,,8,0.0001,,,,6,0.1,,,,6,0.0001,,,,1342,0.1,,,,1346,0.0001,,,,1996,0.1,,,,1998,0.0001,,,,1400,0.1,,,,1400,0.0001,,,,1398,0.1,,,,1396,0.0001,,,,1370,0.1,,,,1322,0.0001,,,,1376,0.1,,,,1376,0.0001,,,,1382,0.1,,,,1390,0.0001,,,,1312,0.1,,,,1372
web-Google.txt.gz.full.log,killed: 137 (timeout) ,35575.190000,45622.890000,,,,,35579.000000,45626.000000,,,,,291.324219,353.957031,,,,,295.671875,384.890625,,,,,875713,5105039,456,6326,416538,3388563,382,3807,,,,,45,,,,,,,,90,,,,,,,,135,,,,,,,,180,,,,,,,,225,,,,,,,,270,,,,,,,,315,,,,,,,,360,,,,,,,,405,,,,,,,,450,,,,,,,,0.0001,,,,4,0.1,,,,4,0.0001,,,,10,0.1,,,,10,0.0001,,,,2,0.1,,,,2,0.0001,,,,6,0.1,,,,6,0.0001,,,,8,0.1,,,,8,0.0001,,,,8,0.1,,,,8,0.0001,,,,4,0.1,,,,4,0.0001,,,,2,0.1,,,,2,0.0001,,,,6,0.1,,,,6,0.0001,,,,2,0.1,,,,2
web-NotreDame.txt.gz.full.log, ,990.730000,4633.840000,32523.420000,37157.260000,38146.500000,38153.240000,990.000000,4634.000000,32525.000000,37159.000000,38148.000000,38154.000000,102.378906,125.203125,126.671875,126.671875,126.671875,126.671875,104.128906,137.976562,137.976562,137.976562,137.976562,137.976562,325729,1469679,3444,4299,50837,290634,2081,4298,42919,258471,2081,4298,344,0,1733.49,301.28,,3841.9,675.3,,688,0,1737.38,299.57,,3841.9,675.3,,1032,0,1726.16,296.63,,3841.9,675.3,,1376,0,1729.37,303.65,,3841.9,675.3,,1720,0,1759.55,300.91,,3841.9,675.3,,2064,0,1748.47,295.73,,3841.9,675.3,,2408,0,1724.81,296.71,0.0001,3841.9,675.3,0,2752,0,1726.78,296.83,0.0001,3841.9,675.3,0,3096,0,1731.53,299.28,0.0001,3841.9,675.3,0,3440,0,1743.09,298.3,0.0001,3841.9,675.3,0,0.0001,0.000000,10955,1765.64,2,0.1,0.000000,9648,1765.64,2,0.0001,0.000000,11439,1764.58,2,0.1,0.000000,9629,1764.59,2,0.0001,0.000000,9619,1763.85,2,0.1,0.000000,9630,1763.86,2,0.0001,0.000000,9654,1762.42,2,0.1,0.000000,9643,1762.42,2,0.0001,0.000000,9650,1761.59,2,0.1,0.000000,9716,1761.59,2,0.0001,0.000000,9658,1760.67,2,0.1,0.000000,9679,1760.68,2,0.0001,0.000000,9679,1759.51,2,0.1,0.000000,9619,1759.51,2,0.0001,0.000000,9643,1758.84,2,0.1,0.000000,9645,1758.83,2,0.0001,0.000000,9716,1758.66,2,0.1,0.000000,9623,1758.66,2,0.0001,0.000000,9639,1758.66,2,0.1,0.000000,9686,1758.65,2
web-Stanford.txt.gz.full.log, ,9187.090000,2543.560000,0.120000,2543.680000,11725.410000,11730.880000,9188.000000,2544.000000,0.000000,2544.000000,11727.000000,11732.000000,118.621094,123.269531,123.269531,123.269531,123.269531,123.269531,120.203125,131.750000,131.750000,131.750000,131.750000,131.750000,281903,2312497,255,182,259,1117,255,182,259,1117,255,182,18,0.793341,34822,0.11,,5973.2,3.1,,36,0.705599,18463,0.11,,5973.2,3.1,,54,0.618065,18450,0.11,,5973.2,3.1,,72,0.530531,18462,0.12,,5973.2,3.1,,90,0.442997,18330,0.12,,5973.2,3.1,,108,0.355463,18482,0.12,,5973.2,3.3,,126,0.267929,18500,0.12,,5973.2,3.3,,144,0.180395,18622,0.13,,5973.2,3.3,,162,0.092861,18405,0.12,,5973.2,3.3,,180,0.005352,18532,0.13,,5973.2,3.3,,0.0001,,,,6,0.1,,,,6,0.0001,,,,10,0.1,,,,10,0.0001,,,,4,0.1,,,,4,0.0001,,,,6,0.1,,,,6,0.0001,,,,4,0.1,,,,4,0.0001,,,,4,0.1,,,,4,0.0001,,,,4,0.1,,,,4,0.0001,,,,4,0.1,,,,4,0.0001,,,,4,0.1,,,,4,0.0001,,,,4,0.1,,,,4
wiki-Talk.txt.gz.full.log,killed: 137 (timeout) ,26584.800000,150845.820000,,,,,26587.000000,150851.000000,,,,,462.800781,462.871094,,,,,472.441406,569.519531,,,,,2394385,5021410,100022,3311,91791,1441911,562,3024,,,,,331,,,,,,,,662,,,,,,,,993,,,,,,,,1324,,,,,,,,1655,,,,,,,,1986,,,,,,,,2317,,,,,,,,2648,,,,,,,,2979,,,,,,,,3310,,,,,,,,0.0001,,,,94,0.1,,,,98,0.0001,,,,92,0.1,,,,92,0.0001,,,,88,0.1,,,,82,0.0001,,,,82,0.1,,,,90,0.0001,,,,94,0.1,,,,94,0.0001,,,,72,0.1,,,,82,0.0001,,,,96,0.1,,,,90,0.0001,,,,86,0.1,,,,92,0.0001,,,,90,0.1,,,,78,0.0001,,,,82,0.1,,,,96
wiki-talk-temporal.txt.gz.full.log,killed: 137 (timeout) ,13199.640000,231029.550000,,,,,13200.000000,231034.000000,,,,,251.882812,251.949219,,,,,256.738281,301.261719,,,,,1140149,3130742,141883,3315,141200,1475983,19370,3029,,,,,331,,,,,,,,662,,,,,,,,993,,,,,,,,1324,,,,,,,,1655,,,,,,,,1986,,,,,,,,2317,,,,,,,,2648,,,,,,,,2979,,,,,,,,3310,,,,,,,,0.0001,,,,0,0.1,,,,0,0.0001,,,,0,0.1,,,,0,0.0001,,,,0,0.1,,,,0,0.0001,,,,0,0.1,,,,0,0.0001,,,,0,0.1,,,,0,0.0001,,,,0,0.1,,,,0,0.0001,,,,0,0.1,,,,0,0.0001,,,,0,0.1,,,,0,0.0001,,,,0,0.1,,,,0,0.0001,,,,0,0.1,,,,0
wiki-topcats.txt.gz.full.log,killed: 137 (timeout) original LP missing,,,,,,,,,,,,,,,,,,,,,,,,,,,,,,,,,,,,,,no file res,,,,,,,,no file res,,,,,,,,no file res,,,,,,,,no file res,,,,,,,,no file res,,,,,,,,no file res,,,,,,,,no file res,,,,,,,,no file res,,,,,,,,no file res,,,,,,,,no file res,,,,,,,0.0001,single missing,,,,0.1,single missing,,,,0.0001,single missing,,,,0.1,single missing,,,,0.0001,single missing,,,,0.1,single missing,,,,0.0001,single missing,,,,0.1,single missing,,,,0.0001,single missing,,,,0.1,single missing,,,,0.0001,single missing,,,,0.1,single missing,,,,0.0001,single missing,,,,0.1,single missing,,,,0.0001,single missing,,,,0.1,single missing,,,,0.0001,single missing,,,,0.1,single missing,,,,0.0001,single missing,,,,0.1,single missing,,,
wiki-Vote.txt.gz.full.log, ,1.140000,2.080000,49.940000,52.020000,53.090000,53.220000,1.000000,2.000000,50.000000,52.000000,53.000000,53.000000,17.648438,18.691406,18.691406,18.691406,18.691406,18.691406,18.152344,18.726562,18.726562,18.726562,18.726562,18.726562,7115,103689,893,457,1299,39446,596,186,1299,39446,596,186,45,62.825924,913.85,50.02,,267.6,99.2,,90,40.542221,3935,68.57,,267.6,99.2,,135,20.545186,9785,88.02,,267.6,99.2,,180,2.26963,8357,62.82,,267.6,99.2,,225,0,6777,39.78,0.0001,267.6,99.2,0,270,0,480.53,34.65,0.0001,267.6,99.2,0,315,0,567.5,39.18,0.0001,267.6,99.2,0,360,0,440.96,43.12,0.0001,267.6,99.2,0,405,0,442.57,27.33,0.0001,267.6,99.2,0,450,0,570.74,35.9,0.0001,267.6,99.2,0,0.0001,,,,14,0.1,,,,14,0.0001,,,,8,0.1,,,,8,0.0001,,,,6,0.1,,,,6,0.0001,,,,6,0.1,,,,6,0.0001,,,,12,0.1,,,,12,0.0001,,,,6898,0.1,,,,6882,0.0001,,,,9390,0.1,,,,9384,0.0001,,,,51906,0.1,,,,52392,0.0001,,,,51756,0.1,,,,50680,0.0001,,,,49008,0.1,,,,49810
