Version 1.2 launched as -e 0.1 12 input/higgs-twitter.html/higgs-mention_network.edgelist.gz 48


Execution time and memory used at after reading from file: 1.071500e+02 seconds, 33886208 bytes of memory usage, 33128 kB of memory peak and 01:47 elapsed time
Statistics on the network after reading from file
	Number of nodes: 116408
	Number of allocated nodes: 116736
	Number of edges: 145465
	Maximum in degree: 11952 (node 88)
	Maximum out degree: 168 (node 89805)

Execution time and memory used at before starting main computation: 1.071500e+02 seconds, 33886208 bytes of memory usage, 34064 kB of memory peak and 01:47 elapsed time
Statistics on the network before starting main computation
	Number of nodes: 116408
	Number of allocated nodes: 116736
	Number of edges: 145465
	Maximum in degree: 11952 (node 88)
	Maximum out degree: 168 (node 89805)
	source 1993 (node 89805) with out degree 168
	target 34 (node 88) with in degree 11952

Execution time and memory used at after iteration 1 (MF = 490.000000): 9.447300e+02 seconds, 188977152 bytes of memory usage, 208648 kB of memory peak and 15:44 elapsed time
Statistics on the network after iteration 1 (MF = 490.000000)
	Number of nodes: 116408
	Number of allocated nodes: 116736
	Number of edges: 145465
	Maximum in degree: 11952 (node 88)
	Maximum out degree: 168 (node 89805)
	source 1993 (node 89805) with out degree 168
	target 34 (node 88) with in degree 11952

Execution time and memory used at after iteration 2 (MF = 132.000000): 9.649000e+02 seconds, 188977152 bytes of memory usage, 208700 kB of memory peak and 16:05 elapsed time
Statistics on the network after iteration 2 (MF = 132.000000)
	Number of nodes: 116408
	Number of allocated nodes: 116736
	Number of edges: 145465
	Maximum in degree: 11952 (node 88)
	Maximum out degree: 168 (node 89805)
	source 1993 (node 89805) with out degree 168
	target 34 (node 88) with in degree 11952

Execution time and memory used at after iteration 3 (MF = 425.000000): 9.852900e+02 seconds, 188977152 bytes of memory usage, 208800 kB of memory peak and 16:25 elapsed time
Statistics on the network after iteration 3 (MF = 425.000000)
	Number of nodes: 116408
	Number of allocated nodes: 116736
	Number of edges: 145465
	Maximum in degree: 11952 (node 88)
	Maximum out degree: 168 (node 89805)
	source 1993 (node 89805) with out degree 168
	target 34 (node 88) with in degree 11952

Execution time and memory used at after iteration 4 (MF = 425.000000): 1.005650e+03 seconds, 188977152 bytes of memory usage, 208900 kB of memory peak and 16:45 elapsed time
Statistics on the network after iteration 4 (MF = 425.000000)
	Number of nodes: 116408
	Number of allocated nodes: 116736
	Number of edges: 145465
	Maximum in degree: 11952 (node 88)
	Maximum out degree: 168 (node 89805)
	source 1993 (node 89805) with out degree 168
	target 34 (node 88) with in degree 11952

Execution time and memory used at after iteration 5 (MF = 424.000000): 1.026010e+03 seconds, 188977152 bytes of memory usage, 208988 kB of memory peak and 17:06 elapsed time
Statistics on the network after iteration 5 (MF = 424.000000)
	Number of nodes: 116408
	Number of allocated nodes: 116736
	Number of edges: 145465
	Maximum in degree: 11952 (node 88)
	Maximum out degree: 168 (node 89805)
	source 1993 (node 89805) with out degree 168
	target 34 (node 88) with in degree 11952

Execution time and memory used at after iteration 6 (MF = 424.000000): 1.046380e+03 seconds, 188977152 bytes of memory usage, 209072 kB of memory peak and 17:26 elapsed time
Statistics on the network after iteration 6 (MF = 424.000000)
	Number of nodes: 116408
	Number of allocated nodes: 116736
	Number of edges: 145465
	Maximum in degree: 11952 (node 88)
	Maximum out degree: 168 (node 89805)
	source 1993 (node 89805) with out degree 168
	target 34 (node 88) with in degree 11952

Execution time and memory used at after iteration 7 (MF = 424.000000): 1.066740e+03 seconds, 188977152 bytes of memory usage, 209172 kB of memory peak and 17:46 elapsed time
Statistics on the network after iteration 7 (MF = 424.000000)
	Number of nodes: 116408
	Number of allocated nodes: 116736
	Number of edges: 145465
	Maximum in degree: 11952 (node 88)
	Maximum out degree: 168 (node 89805)
	source 1993 (node 89805) with out degree 168
	target 34 (node 88) with in degree 11952

Execution time and memory used at after iteration 8 (MF = 424.000000): 1.087130e+03 seconds, 188977152 bytes of memory usage, 209264 kB of memory peak and 18:07 elapsed time
Statistics on the network after iteration 8 (MF = 424.000000)
	Number of nodes: 116408
	Number of allocated nodes: 116736
	Number of edges: 145465
	Maximum in degree: 11952 (node 88)
	Maximum out degree: 168 (node 89805)
	source 1993 (node 89805) with out degree 168
	target 34 (node 88) with in degree 11952

Execution time and memory used at after iteration 9 (MF = 425.000000): 1.107540e+03 seconds, 188977152 bytes of memory usage, 209368 kB of memory peak and 18:27 elapsed time
Statistics on the network after iteration 9 (MF = 425.000000)
	Number of nodes: 116408
	Number of allocated nodes: 116736
	Number of edges: 145465
	Maximum in degree: 11952 (node 88)
	Maximum out degree: 168 (node 89805)
	source 1993 (node 89805) with out degree 168
	target 34 (node 88) with in degree 11952

Execution time and memory used at after iteration 10 (MF = 424.000000): 1.127920e+03 seconds, 188977152 bytes of memory usage, 209468 kB of memory peak and 18:48 elapsed time
Statistics on the network after iteration 10 (MF = 424.000000)
	Number of nodes: 116408
	Number of allocated nodes: 116736
	Number of edges: 145465
	Maximum in degree: 11952 (node 88)
	Maximum out degree: 168 (node 89805)
	source 1993 (node 89805) with out degree 168
	target 34 (node 88) with in degree 11952

Execution time and memory used at after iteration 11 (MF = 425.000000): 1.148300e+03 seconds, 188977152 bytes of memory usage, 209552 kB of memory peak and 19:08 elapsed time
Statistics on the network after iteration 11 (MF = 425.000000)
	Number of nodes: 116408
	Number of allocated nodes: 116736
	Number of edges: 145465
	Maximum in degree: 11952 (node 88)
	Maximum out degree: 168 (node 89805)
	source 1993 (node 89805) with out degree 168
	target 34 (node 88) with in degree 11952

Execution time and memory used at after iteration 12 (MF = 425.000000): 1.168720e+03 seconds, 188977152 bytes of memory usage, 209656 kB of memory peak and 19:28 elapsed time
Statistics on the network after iteration 12 (MF = 425.000000)
	Number of nodes: 116408
	Number of allocated nodes: 116736
	Number of edges: 145465
	Maximum in degree: 11952 (node 88)
	Maximum out degree: 168 (node 89805)
	source 1993 (node 89805) with out degree 168
	target 34 (node 88) with in degree 11952

Execution time and memory used at after iteration 13 (MF = 425.000000): 1.189100e+03 seconds, 188977152 bytes of memory usage, 209764 kB of memory peak and 19:49 elapsed time
Statistics on the network after iteration 13 (MF = 425.000000)
	Number of nodes: 116408
	Number of allocated nodes: 116736
	Number of edges: 145465
	Maximum in degree: 11952 (node 88)
	Maximum out degree: 168 (node 89805)
	source 1993 (node 89805) with out degree 168
	target 34 (node 88) with in degree 11952

Execution time and memory used at after iteration 14 (MF = 424.000000): 1.209470e+03 seconds, 188977152 bytes of memory usage, 209848 kB of memory peak and 20:09 elapsed time
Statistics on the network after iteration 14 (MF = 424.000000)
	Number of nodes: 116408
	Number of allocated nodes: 116736
	Number of edges: 145465
	Maximum in degree: 11952 (node 88)
	Maximum out degree: 168 (node 89805)
	source 1993 (node 89805) with out degree 168
	target 34 (node 88) with in degree 11952

Execution time and memory used at after iteration 15 (MF = 424.000000): 1.229890e+03 seconds, 188977152 bytes of memory usage, 209972 kB of memory peak and 20:30 elapsed time
Statistics on the network after iteration 15 (MF = 424.000000)
	Number of nodes: 116408
	Number of allocated nodes: 116736
	Number of edges: 145465
	Maximum in degree: 11952 (node 88)
	Maximum out degree: 168 (node 89805)
	source 1993 (node 89805) with out degree 168
	target 34 (node 88) with in degree 11952

Execution time and memory used at after iteration 16 (MF = 424.000000): 1.250330e+03 seconds, 188977152 bytes of memory usage, 210060 kB of memory peak and 20:50 elapsed time
Statistics on the network after iteration 16 (MF = 424.000000)
	Number of nodes: 116408
	Number of allocated nodes: 116736
	Number of edges: 145465
	Maximum in degree: 11952 (node 88)
	Maximum out degree: 168 (node 89805)
	source 1993 (node 89805) with out degree 168
	target 34 (node 88) with in degree 11952

Execution time and memory used at after iteration 17 (MF = 424.000000): 1.270790e+03 seconds, 188977152 bytes of memory usage, 210152 kB of memory peak and 21:11 elapsed time
Statistics on the network after iteration 17 (MF = 424.000000)
	Number of nodes: 116408
	Number of allocated nodes: 116736
	Number of edges: 145465
	Maximum in degree: 11952 (node 88)
	Maximum out degree: 168 (node 89805)
	source 1993 (node 89805) with out degree 168
	target 34 (node 88) with in degree 11952

Execution time and memory used at after iteration 18 (MF = 425.000000): 1.291250e+03 seconds, 188977152 bytes of memory usage, 210220 kB of memory peak and 21:31 elapsed time
Statistics on the network after iteration 18 (MF = 425.000000)
	Number of nodes: 116408
	Number of allocated nodes: 116736
	Number of edges: 145465
	Maximum in degree: 11952 (node 88)
	Maximum out degree: 168 (node 89805)
	source 1993 (node 89805) with out degree 168
	target 34 (node 88) with in degree 11952

Execution time and memory used at after iteration 19 (MF = 425.000000): 1.311650e+03 seconds, 188977152 bytes of memory usage, 210332 kB of memory peak and 21:51 elapsed time
Statistics on the network after iteration 19 (MF = 425.000000)
	Number of nodes: 116408
	Number of allocated nodes: 116736
	Number of edges: 145465
	Maximum in degree: 11952 (node 88)
	Maximum out degree: 168 (node 89805)
	source 1993 (node 89805) with out degree 168
	target 34 (node 88) with in degree 11952

Execution time and memory used at after iteration 20 (MF = 425.000000): 1.332020e+03 seconds, 188977152 bytes of memory usage, 210432 kB of memory peak and 22:12 elapsed time
Statistics on the network after iteration 20 (MF = 425.000000)
	Number of nodes: 116408
	Number of allocated nodes: 116736
	Number of edges: 145465
	Maximum in degree: 11952 (node 88)
	Maximum out degree: 168 (node 89805)
	source 1993 (node 89805) with out degree 168
	target 34 (node 88) with in degree 11952

Execution time and memory used at after iteration 21 (MF = 425.000000): 1.352540e+03 seconds, 188977152 bytes of memory usage, 210516 kB of memory peak and 22:32 elapsed time
Statistics on the network after iteration 21 (MF = 425.000000)
	Number of nodes: 116408
	Number of allocated nodes: 116736
	Number of edges: 145465
	Maximum in degree: 11952 (node 88)
	Maximum out degree: 168 (node 89805)
	source 1993 (node 89805) with out degree 168
	target 34 (node 88) with in degree 11952

Execution time and memory used at after iteration 22 (MF = 425.000000): 1.373070e+03 seconds, 188977152 bytes of memory usage, 210612 kB of memory peak and 22:53 elapsed time
Statistics on the network after iteration 22 (MF = 425.000000)
	Number of nodes: 116408
	Number of allocated nodes: 116736
	Number of edges: 145465
	Maximum in degree: 11952 (node 88)
	Maximum out degree: 168 (node 89805)
	source 1993 (node 89805) with out degree 168
	target 34 (node 88) with in degree 11952

Execution time and memory used at after iteration 23 (MF = 425.000000): 1.393560e+03 seconds, 188977152 bytes of memory usage, 210696 kB of memory peak and 23:13 elapsed time
Statistics on the network after iteration 23 (MF = 425.000000)
	Number of nodes: 116408
	Number of allocated nodes: 116736
	Number of edges: 145465
	Maximum in degree: 11952 (node 88)
	Maximum out degree: 168 (node 89805)
	source 1993 (node 89805) with out degree 168
	target 34 (node 88) with in degree 11952

Execution time and memory used at after iteration 24 (MF = 425.000000): 1.414020e+03 seconds, 188977152 bytes of memory usage, 210788 kB of memory peak and 23:34 elapsed time
Statistics on the network after iteration 24 (MF = 425.000000)
	Number of nodes: 116408
	Number of allocated nodes: 116736
	Number of edges: 145465
	Maximum in degree: 11952 (node 88)
	Maximum out degree: 168 (node 89805)
	source 1993 (node 89805) with out degree 168
	target 34 (node 88) with in degree 11952

Execution time and memory used at after iteration 25 (MF = 425.000000): 1.434450e+03 seconds, 188977152 bytes of memory usage, 210888 kB of memory peak and 23:54 elapsed time
Statistics on the network after iteration 25 (MF = 425.000000)
	Number of nodes: 116408
	Number of allocated nodes: 116736
	Number of edges: 145465
	Maximum in degree: 11952 (node 88)
	Maximum out degree: 168 (node 89805)
	source 1993 (node 89805) with out degree 168
	target 34 (node 88) with in degree 11952

Execution time and memory used at after iteration 26 (MF = 425.000000): 1.454870e+03 seconds, 188977152 bytes of memory usage, 210984 kB of memory peak and 24:15 elapsed time
Statistics on the network after iteration 26 (MF = 425.000000)
	Number of nodes: 116408
	Number of allocated nodes: 116736
	Number of edges: 145465
	Maximum in degree: 11952 (node 88)
	Maximum out degree: 168 (node 89805)
	source 1993 (node 89805) with out degree 168
	target 34 (node 88) with in degree 11952

Execution time and memory used at after iteration 27 (MF = 425.000000): 1.475360e+03 seconds, 188977152 bytes of memory usage, 211068 kB of memory peak and 24:35 elapsed time
Statistics on the network after iteration 27 (MF = 425.000000)
	Number of nodes: 116408
	Number of allocated nodes: 116736
	Number of edges: 145465
	Maximum in degree: 11952 (node 88)
	Maximum out degree: 168 (node 89805)
	source 1993 (node 89805) with out degree 168
	target 34 (node 88) with in degree 11952

Execution time and memory used at after iteration 28 (MF = 425.000000): 1.495860e+03 seconds, 188977152 bytes of memory usage, 211168 kB of memory peak and 24:56 elapsed time
Statistics on the network after iteration 28 (MF = 425.000000)
	Number of nodes: 116408
	Number of allocated nodes: 116736
	Number of edges: 145465
	Maximum in degree: 11952 (node 88)
	Maximum out degree: 168 (node 89805)
	source 1993 (node 89805) with out degree 168
	target 34 (node 88) with in degree 11952

Execution time and memory used at after iteration 29 (MF = 425.000000): 1.516270e+03 seconds, 188977152 bytes of memory usage, 211256 kB of memory peak and 25:16 elapsed time
Statistics on the network after iteration 29 (MF = 425.000000)
	Number of nodes: 116408
	Number of allocated nodes: 116736
	Number of edges: 145465
	Maximum in degree: 11952 (node 88)
	Maximum out degree: 168 (node 89805)
	source 1993 (node 89805) with out degree 168
	target 34 (node 88) with in degree 11952

Execution time and memory used at after iteration 30 (MF = 423.000000): 1.536730e+03 seconds, 188977152 bytes of memory usage, 211420 kB of memory peak and 25:37 elapsed time
Statistics on the network after iteration 30 (MF = 423.000000)
	Number of nodes: 116408
	Number of allocated nodes: 116736
	Number of edges: 145465
	Maximum in degree: 11952 (node 88)
	Maximum out degree: 168 (node 89805)
	source 1993 (node 89805) with out degree 168
	target 34 (node 88) with in degree 11952

Execution time and memory used at after iteration 31 (MF = 425.000000): 1.557220e+03 seconds, 188977152 bytes of memory usage, 211424 kB of memory peak and 25:57 elapsed time
Statistics on the network after iteration 31 (MF = 425.000000)
	Number of nodes: 116408
	Number of allocated nodes: 116736
	Number of edges: 145465
	Maximum in degree: 11952 (node 88)
	Maximum out degree: 168 (node 89805)
	source 1993 (node 89805) with out degree 168
	target 34 (node 88) with in degree 11952

Execution time and memory used at after iteration 32 (MF = 425.000000): 1.577660e+03 seconds, 188977152 bytes of memory usage, 211504 kB of memory peak and 26:18 elapsed time
Statistics on the network after iteration 32 (MF = 425.000000)
	Number of nodes: 116408
	Number of allocated nodes: 116736
	Number of edges: 145465
	Maximum in degree: 11952 (node 88)
	Maximum out degree: 168 (node 89805)
	source 1993 (node 89805) with out degree 168
	target 34 (node 88) with in degree 11952

Execution time and memory used at after iteration 33 (MF = 425.000000): 1.598180e+03 seconds, 188977152 bytes of memory usage, 211596 kB of memory peak and 26:38 elapsed time
Statistics on the network after iteration 33 (MF = 425.000000)
	Number of nodes: 116408
	Number of allocated nodes: 116736
	Number of edges: 145465
	Maximum in degree: 11952 (node 88)
	Maximum out degree: 168 (node 89805)
	source 1993 (node 89805) with out degree 168
	target 34 (node 88) with in degree 11952

Execution time and memory used at after iteration 34 (MF = 425.000000): 1.618670e+03 seconds, 188977152 bytes of memory usage, 211760 kB of memory peak and 26:59 elapsed time
Statistics on the network after iteration 34 (MF = 425.000000)
	Number of nodes: 116408
	Number of allocated nodes: 116736
	Number of edges: 145465
	Maximum in degree: 11952 (node 88)
	Maximum out degree: 168 (node 89805)
	source 1993 (node 89805) with out degree 168
	target 34 (node 88) with in degree 11952

Execution time and memory used at after iteration 35 (MF = 425.000000): 1.639150e+03 seconds, 188977152 bytes of memory usage, 211880 kB of memory peak and 27:19 elapsed time
Statistics on the network after iteration 35 (MF = 425.000000)
	Number of nodes: 116408
	Number of allocated nodes: 116736
	Number of edges: 145465
	Maximum in degree: 11952 (node 88)
	Maximum out degree: 168 (node 89805)
	source 1993 (node 89805) with out degree 168
	target 34 (node 88) with in degree 11952

Execution time and memory used at after iteration 36 (MF = 425.000000): 1.659620e+03 seconds, 188977152 bytes of memory usage, 211880 kB of memory peak and 27:40 elapsed time
Statistics on the network after iteration 36 (MF = 425.000000)
	Number of nodes: 116408
	Number of allocated nodes: 116736
	Number of edges: 145465
	Maximum in degree: 11952 (node 88)
	Maximum out degree: 168 (node 89805)
	source 1993 (node 89805) with out degree 168
	target 34 (node 88) with in degree 11952

Execution time and memory used at after iteration 37 (MF = 425.000000): 1.680140e+03 seconds, 188977152 bytes of memory usage, 213604 kB of memory peak and 28:00 elapsed time
Statistics on the network after iteration 37 (MF = 425.000000)
	Number of nodes: 116408
	Number of allocated nodes: 116736
	Number of edges: 145465
	Maximum in degree: 11952 (node 88)
	Maximum out degree: 168 (node 89805)
	source 1993 (node 89805) with out degree 168
	target 34 (node 88) with in degree 11952

Execution time and memory used at after iteration 38 (MF = 425.000000): 1.700600e+03 seconds, 188977152 bytes of memory usage, 213604 kB of memory peak and 28:21 elapsed time
Statistics on the network after iteration 38 (MF = 425.000000)
	Number of nodes: 116408
	Number of allocated nodes: 116736
	Number of edges: 145465
	Maximum in degree: 11952 (node 88)
	Maximum out degree: 168 (node 89805)
	source 1993 (node 89805) with out degree 168
	target 34 (node 88) with in degree 11952

Execution time and memory used at after iteration 39 (MF = 425.000000): 1.721140e+03 seconds, 188977152 bytes of memory usage, 214408 kB of memory peak and 28:41 elapsed time
Statistics on the network after iteration 39 (MF = 425.000000)
	Number of nodes: 116408
	Number of allocated nodes: 116736
	Number of edges: 145465
	Maximum in degree: 11952 (node 88)
	Maximum out degree: 168 (node 89805)
	source 1993 (node 89805) with out degree 168
	target 34 (node 88) with in degree 11952

Execution time and memory used at after iteration 40 (MF = 425.000000): 1.741680e+03 seconds, 188977152 bytes of memory usage, 214512 kB of memory peak and 29:02 elapsed time
Statistics on the network after iteration 40 (MF = 425.000000)
	Number of nodes: 116408
	Number of allocated nodes: 116736
	Number of edges: 145465
	Maximum in degree: 11952 (node 88)
	Maximum out degree: 168 (node 89805)
	source 1993 (node 89805) with out degree 168
	target 34 (node 88) with in degree 11952

Execution time and memory used at after iteration 41 (MF = 425.000000): 1.762170e+03 seconds, 188977152 bytes of memory usage, 214512 kB of memory peak and 29:22 elapsed time
Statistics on the network after iteration 41 (MF = 425.000000)
	Number of nodes: 116408
	Number of allocated nodes: 116736
	Number of edges: 145465
	Maximum in degree: 11952 (node 88)
	Maximum out degree: 168 (node 89805)
	source 1993 (node 89805) with out degree 168
	target 34 (node 88) with in degree 11952

Execution time and memory used at after iteration 42 (MF = 425.000000): 1.782740e+03 seconds, 188977152 bytes of memory usage, 214512 kB of memory peak and 29:43 elapsed time
Statistics on the network after iteration 42 (MF = 425.000000)
	Number of nodes: 116408
	Number of allocated nodes: 116736
	Number of edges: 145465
	Maximum in degree: 11952 (node 88)
	Maximum out degree: 168 (node 89805)
	source 1993 (node 89805) with out degree 168
	target 34 (node 88) with in degree 11952

Execution time and memory used at after iteration 43 (MF = 423.000000): 1.803280e+03 seconds, 188977152 bytes of memory usage, 214512 kB of memory peak and 30:03 elapsed time
Statistics on the network after iteration 43 (MF = 423.000000)
	Number of nodes: 116408
	Number of allocated nodes: 116736
	Number of edges: 145465
	Maximum in degree: 11952 (node 88)
	Maximum out degree: 168 (node 89805)
	source 1993 (node 89805) with out degree 168
	target 34 (node 88) with in degree 11952

Execution time and memory used at after iteration 44 (MF = 424.000000): 1.823840e+03 seconds, 188977152 bytes of memory usage, 214512 kB of memory peak and 30:24 elapsed time
Statistics on the network after iteration 44 (MF = 424.000000)
	Number of nodes: 116408
	Number of allocated nodes: 116736
	Number of edges: 145465
	Maximum in degree: 11952 (node 88)
	Maximum out degree: 168 (node 89805)
	source 1993 (node 89805) with out degree 168
	target 34 (node 88) with in degree 11952

Execution time and memory used at after iteration 45 (MF = 424.000000): 1.844400e+03 seconds, 188977152 bytes of memory usage, 214512 kB of memory peak and 30:44 elapsed time
Statistics on the network after iteration 45 (MF = 424.000000)
	Number of nodes: 116408
	Number of allocated nodes: 116736
	Number of edges: 145465
	Maximum in degree: 11952 (node 88)
	Maximum out degree: 168 (node 89805)
	source 1993 (node 89805) with out degree 168
	target 34 (node 88) with in degree 11952

Execution time and memory used at after iteration 46 (MF = 425.000000): 1.864970e+03 seconds, 188977152 bytes of memory usage, 214512 kB of memory peak and 31:05 elapsed time
Statistics on the network after iteration 46 (MF = 425.000000)
	Number of nodes: 116408
	Number of allocated nodes: 116736
	Number of edges: 145465
	Maximum in degree: 11952 (node 88)
	Maximum out degree: 168 (node 89805)
	source 1993 (node 89805) with out degree 168
	target 34 (node 88) with in degree 11952

Execution time and memory used at after iteration 47 (MF = 425.000000): 1.885550e+03 seconds, 188977152 bytes of memory usage, 214512 kB of memory peak and 31:26 elapsed time
Statistics on the network after iteration 47 (MF = 425.000000)
	Number of nodes: 116408
	Number of allocated nodes: 116736
	Number of edges: 145465
	Maximum in degree: 11952 (node 88)
	Maximum out degree: 168 (node 89805)
	source 1993 (node 89805) with out degree 168
	target 34 (node 88) with in degree 11952

Execution time and memory used at after iteration 48 (MF = 425.000000): 1.906140e+03 seconds, 188977152 bytes of memory usage, 214512 kB of memory peak and 31:46 elapsed time
Statistics on the network after iteration 48 (MF = 425.000000)
	Number of nodes: 116408
	Number of allocated nodes: 116736
	Number of edges: 145465
	Maximum in degree: 11952 (node 88)
	Maximum out degree: 168 (node 89805)
	source 1993 (node 89805) with out degree 168
	target 34 (node 88) with in degree 11952

Execution time and memory used at after iteration 49 (MF = 425.000000): 1.926720e+03 seconds, 188977152 bytes of memory usage, 214512 kB of memory peak and 32:07 elapsed time
Statistics on the network after iteration 49 (MF = 425.000000)
	Number of nodes: 116408
	Number of allocated nodes: 116736
	Number of edges: 145465
	Maximum in degree: 11952 (node 88)
	Maximum out degree: 168 (node 89805)
	source 1993 (node 89805) with out degree 168
	target 34 (node 88) with in degree 11952

Execution time and memory used at after iteration 50 (MF = 425.000000): 1.947280e+03 seconds, 188977152 bytes of memory usage, 215304 kB of memory peak and 32:27 elapsed time
Statistics on the network after iteration 50 (MF = 425.000000)
	Number of nodes: 116408
	Number of allocated nodes: 116736
	Number of edges: 145465
	Maximum in degree: 11952 (node 88)
	Maximum out degree: 168 (node 89805)
	source 1993 (node 89805) with out degree 168
	target 34 (node 88) with in degree 11952

Execution time and memory used at after iteration 51 (MF = 425.000000): 1.967870e+03 seconds, 188977152 bytes of memory usage, 215444 kB of memory peak and 32:48 elapsed time
Statistics on the network after iteration 51 (MF = 425.000000)
	Number of nodes: 116408
	Number of allocated nodes: 116736
	Number of edges: 145465
	Maximum in degree: 11952 (node 88)
	Maximum out degree: 168 (node 89805)
	source 1993 (node 89805) with out degree 168
	target 34 (node 88) with in degree 11952

Execution time and memory used at after iteration 52 (MF = 425.000000): 1.988460e+03 seconds, 188977152 bytes of memory usage, 215568 kB of memory peak and 33:09 elapsed time
Statistics on the network after iteration 52 (MF = 425.000000)
	Number of nodes: 116408
	Number of allocated nodes: 116736
	Number of edges: 145465
	Maximum in degree: 11952 (node 88)
	Maximum out degree: 168 (node 89805)
	source 1993 (node 89805) with out degree 168
	target 34 (node 88) with in degree 11952

Execution time and memory used at after iteration 53 (MF = 425.000000): 2.009060e+03 seconds, 188977152 bytes of memory usage, 215680 kB of memory peak and 33:29 elapsed time
Statistics on the network after iteration 53 (MF = 425.000000)
	Number of nodes: 116408
	Number of allocated nodes: 116736
	Number of edges: 145465
	Maximum in degree: 11952 (node 88)
	Maximum out degree: 168 (node 89805)
	source 1993 (node 89805) with out degree 168
	target 34 (node 88) with in degree 11952

Execution time and memory used at after iteration 54 (MF = 425.000000): 2.029640e+03 seconds, 188977152 bytes of memory usage, 215812 kB of memory peak and 33:50 elapsed time
Statistics on the network after iteration 54 (MF = 425.000000)
	Number of nodes: 116408
	Number of allocated nodes: 116736
	Number of edges: 145465
	Maximum in degree: 11952 (node 88)
	Maximum out degree: 168 (node 89805)
	source 1993 (node 89805) with out degree 168
	target 34 (node 88) with in degree 11952

Execution time and memory used at after iteration 55 (MF = 425.000000): 2.050260e+03 seconds, 188977152 bytes of memory usage, 215944 kB of memory peak and 34:10 elapsed time
Statistics on the network after iteration 55 (MF = 425.000000)
	Number of nodes: 116408
	Number of allocated nodes: 116736
	Number of edges: 145465
	Maximum in degree: 11952 (node 88)
	Maximum out degree: 168 (node 89805)
	source 1993 (node 89805) with out degree 168
	target 34 (node 88) with in degree 11952

Execution time and memory used at after iteration 56 (MF = 425.000000): 2.070910e+03 seconds, 188977152 bytes of memory usage, 216628 kB of memory peak and 34:31 elapsed time
Statistics on the network after iteration 56 (MF = 425.000000)
	Number of nodes: 116408
	Number of allocated nodes: 116736
	Number of edges: 145465
	Maximum in degree: 11952 (node 88)
	Maximum out degree: 168 (node 89805)
	source 1993 (node 89805) with out degree 168
	target 34 (node 88) with in degree 11952

Execution time and memory used at after iteration 57 (MF = 425.000000): 2.091570e+03 seconds, 188977152 bytes of memory usage, 217900 kB of memory peak and 34:52 elapsed time
Statistics on the network after iteration 57 (MF = 425.000000)
	Number of nodes: 116408
	Number of allocated nodes: 116736
	Number of edges: 145465
	Maximum in degree: 11952 (node 88)
	Maximum out degree: 168 (node 89805)
	source 1993 (node 89805) with out degree 168
	target 34 (node 88) with in degree 11952

Execution time and memory used at after iteration 58 (MF = 425.000000): 2.112210e+03 seconds, 188977152 bytes of memory usage, 218576 kB of memory peak and 35:12 elapsed time
Statistics on the network after iteration 58 (MF = 425.000000)
	Number of nodes: 116408
	Number of allocated nodes: 116736
	Number of edges: 145465
	Maximum in degree: 11952 (node 88)
	Maximum out degree: 168 (node 89805)
	source 1993 (node 89805) with out degree 168
	target 34 (node 88) with in degree 11952

Execution time and memory used at after iteration 59 (MF = 425.000000): 2.132830e+03 seconds, 188977152 bytes of memory usage, 219284 kB of memory peak and 35:33 elapsed time
Statistics on the network after iteration 59 (MF = 425.000000)
	Number of nodes: 116408
	Number of allocated nodes: 116736
	Number of edges: 145465
	Maximum in degree: 11952 (node 88)
	Maximum out degree: 168 (node 89805)
	source 1993 (node 89805) with out degree 168
	target 34 (node 88) with in degree 11952

Execution time and memory used at after iteration 60 (MF = 425.000000): 2.153490e+03 seconds, 188977152 bytes of memory usage, 219980 kB of memory peak and 35:54 elapsed time
Statistics on the network after iteration 60 (MF = 425.000000)
	Number of nodes: 116408
	Number of allocated nodes: 116736
	Number of edges: 145465
	Maximum in degree: 11952 (node 88)
	Maximum out degree: 168 (node 89805)
	source 1993 (node 89805) with out degree 168
	target 34 (node 88) with in degree 11952

Execution time and memory used at after iteration 61 (MF = 425.000000): 2.174130e+03 seconds, 188977152 bytes of memory usage, 220104 kB of memory peak and 36:14 elapsed time
Statistics on the network after iteration 61 (MF = 425.000000)
	Number of nodes: 116408
	Number of allocated nodes: 116736
	Number of edges: 145465
	Maximum in degree: 11952 (node 88)
	Maximum out degree: 168 (node 89805)
	source 1993 (node 89805) with out degree 168
	target 34 (node 88) with in degree 11952

Execution time and memory used at after iteration 62 (MF = 425.000000): 2.194770e+03 seconds, 188977152 bytes of memory usage, 220204 kB of memory peak and 36:35 elapsed time
Statistics on the network after iteration 62 (MF = 425.000000)
	Number of nodes: 116408
	Number of allocated nodes: 116736
	Number of edges: 145465
	Maximum in degree: 11952 (node 88)
	Maximum out degree: 168 (node 89805)
	source 1993 (node 89805) with out degree 168
	target 34 (node 88) with in degree 11952

Execution time and memory used at after iteration 63 (MF = 425.000000): 2.215440e+03 seconds, 188977152 bytes of memory usage, 220328 kB of memory peak and 36:56 elapsed time
Statistics on the network after iteration 63 (MF = 425.000000)
	Number of nodes: 116408
	Number of allocated nodes: 116736
	Number of edges: 145465
	Maximum in degree: 11952 (node 88)
	Maximum out degree: 168 (node 89805)
	source 1993 (node 89805) with out degree 168
	target 34 (node 88) with in degree 11952

Execution time and memory used at after iteration 64 (MF = 425.000000): 2.236040e+03 seconds, 188977152 bytes of memory usage, 220448 kB of memory peak and 37:16 elapsed time
Statistics on the network after iteration 64 (MF = 425.000000)
	Number of nodes: 116408
	Number of allocated nodes: 116736
	Number of edges: 145465
	Maximum in degree: 11952 (node 88)
	Maximum out degree: 168 (node 89805)
	source 1993 (node 89805) with out degree 168
	target 34 (node 88) with in degree 11952

Execution time and memory used at after iteration 65 (MF = 425.000000): 2.256720e+03 seconds, 188977152 bytes of memory usage, 220568 kB of memory peak and 37:37 elapsed time
Statistics on the network after iteration 65 (MF = 425.000000)
	Number of nodes: 116408
	Number of allocated nodes: 116736
	Number of edges: 145465
	Maximum in degree: 11952 (node 88)
	Maximum out degree: 168 (node 89805)
	source 1993 (node 89805) with out degree 168
	target 34 (node 88) with in degree 11952

Execution time and memory used at after iteration 66 (MF = 425.000000): 2.277410e+03 seconds, 188977152 bytes of memory usage, 220684 kB of memory peak and 37:58 elapsed time
Statistics on the network after iteration 66 (MF = 425.000000)
	Number of nodes: 116408
	Number of allocated nodes: 116736
	Number of edges: 145465
	Maximum in degree: 11952 (node 88)
	Maximum out degree: 168 (node 89805)
	source 1993 (node 89805) with out degree 168
	target 34 (node 88) with in degree 11952

Execution time and memory used at after iteration 67 (MF = 425.000000): 2.298100e+03 seconds, 188977152 bytes of memory usage, 220816 kB of memory peak and 38:18 elapsed time
Statistics on the network after iteration 67 (MF = 425.000000)
	Number of nodes: 116408
	Number of allocated nodes: 116736
	Number of edges: 145465
	Maximum in degree: 11952 (node 88)
	Maximum out degree: 168 (node 89805)
	source 1993 (node 89805) with out degree 168
	target 34 (node 88) with in degree 11952

Execution time and memory used at after iteration 68 (MF = 424.000000): 2.318770e+03 seconds, 188977152 bytes of memory usage, 220924 kB of memory peak and 38:39 elapsed time
Statistics on the network after iteration 68 (MF = 424.000000)
	Number of nodes: 116408
	Number of allocated nodes: 116736
	Number of edges: 145465
	Maximum in degree: 11952 (node 88)
	Maximum out degree: 168 (node 89805)
	source 1993 (node 89805) with out degree 168
	target 34 (node 88) with in degree 11952

Execution time and memory used at after iteration 69 (MF = 425.000000): 2.339420e+03 seconds, 188977152 bytes of memory usage, 221052 kB of memory peak and 39:00 elapsed time
Statistics on the network after iteration 69 (MF = 425.000000)
	Number of nodes: 116408
	Number of allocated nodes: 116736
	Number of edges: 145465
	Maximum in degree: 11952 (node 88)
	Maximum out degree: 168 (node 89805)
	source 1993 (node 89805) with out degree 168
	target 34 (node 88) with in degree 11952

Execution time and memory used at after iteration 70 (MF = 425.000000): 2.360100e+03 seconds, 188977152 bytes of memory usage, 221184 kB of memory peak and 39:20 elapsed time
Statistics on the network after iteration 70 (MF = 425.000000)
	Number of nodes: 116408
	Number of allocated nodes: 116736
	Number of edges: 145465
	Maximum in degree: 11952 (node 88)
	Maximum out degree: 168 (node 89805)
	source 1993 (node 89805) with out degree 168
	target 34 (node 88) with in degree 11952

Execution time and memory used at after iteration 71 (MF = 425.000000): 2.380820e+03 seconds, 188977152 bytes of memory usage, 221308 kB of memory peak and 39:41 elapsed time
Statistics on the network after iteration 71 (MF = 425.000000)
	Number of nodes: 116408
	Number of allocated nodes: 116736
	Number of edges: 145465
	Maximum in degree: 11952 (node 88)
	Maximum out degree: 168 (node 89805)
	source 1993 (node 89805) with out degree 168
	target 34 (node 88) with in degree 11952

Execution time and memory used at after iteration 72 (MF = 425.000000): 2.401500e+03 seconds, 188977152 bytes of memory usage, 221416 kB of memory peak and 40:02 elapsed time
Statistics on the network after iteration 72 (MF = 425.000000)
	Number of nodes: 116408
	Number of allocated nodes: 116736
	Number of edges: 145465
	Maximum in degree: 11952 (node 88)
	Maximum out degree: 168 (node 89805)
	source 1993 (node 89805) with out degree 168
	target 34 (node 88) with in degree 11952

Execution time and memory used at after iteration 73 (MF = 425.000000): 2.422160e+03 seconds, 188977152 bytes of memory usage, 221544 kB of memory peak and 40:22 elapsed time
Statistics on the network after iteration 73 (MF = 425.000000)
	Number of nodes: 116408
	Number of allocated nodes: 116736
	Number of edges: 145465
	Maximum in degree: 11952 (node 88)
	Maximum out degree: 168 (node 89805)
	source 1993 (node 89805) with out degree 168
	target 34 (node 88) with in degree 11952

Execution time and memory used at after iteration 74 (MF = 425.000000): 2.442880e+03 seconds, 188977152 bytes of memory usage, 221652 kB of memory peak and 40:43 elapsed time
Statistics on the network after iteration 74 (MF = 425.000000)
	Number of nodes: 116408
	Number of allocated nodes: 116736
	Number of edges: 145465
	Maximum in degree: 11952 (node 88)
	Maximum out degree: 168 (node 89805)
	source 1993 (node 89805) with out degree 168
	target 34 (node 88) with in degree 11952

Execution time and memory used at after iteration 75 (MF = 425.000000): 2.463570e+03 seconds, 188977152 bytes of memory usage, 221776 kB of memory peak and 41:04 elapsed time
Statistics on the network after iteration 75 (MF = 425.000000)
	Number of nodes: 116408
	Number of allocated nodes: 116736
	Number of edges: 145465
	Maximum in degree: 11952 (node 88)
	Maximum out degree: 168 (node 89805)
	source 1993 (node 89805) with out degree 168
	target 34 (node 88) with in degree 11952

Execution time and memory used at after iteration 76 (MF = 425.000000): 2.484250e+03 seconds, 188977152 bytes of memory usage, 221908 kB of memory peak and 41:25 elapsed time
Statistics on the network after iteration 76 (MF = 425.000000)
	Number of nodes: 116408
	Number of allocated nodes: 116736
	Number of edges: 145465
	Maximum in degree: 11952 (node 88)
	Maximum out degree: 168 (node 89805)
	source 1993 (node 89805) with out degree 168
	target 34 (node 88) with in degree 11952

Execution time and memory used at after iteration 77 (MF = 425.000000): 2.504970e+03 seconds, 188977152 bytes of memory usage, 222024 kB of memory peak and 41:45 elapsed time
Statistics on the network after iteration 77 (MF = 425.000000)
	Number of nodes: 116408
	Number of allocated nodes: 116736
	Number of edges: 145465
	Maximum in degree: 11952 (node 88)
	Maximum out degree: 168 (node 89805)
	source 1993 (node 89805) with out degree 168
	target 34 (node 88) with in degree 11952

Execution time and memory used at after iteration 78 (MF = 425.000000): 2.525660e+03 seconds, 188977152 bytes of memory usage, 222144 kB of memory peak and 42:06 elapsed time
Statistics on the network after iteration 78 (MF = 425.000000)
	Number of nodes: 116408
	Number of allocated nodes: 116736
	Number of edges: 145465
	Maximum in degree: 11952 (node 88)
	Maximum out degree: 168 (node 89805)
	source 1993 (node 89805) with out degree 168
	target 34 (node 88) with in degree 11952

Execution time and memory used at after iteration 79 (MF = 425.000000): 2.546380e+03 seconds, 188977152 bytes of memory usage, 222252 kB of memory peak and 42:27 elapsed time
Statistics on the network after iteration 79 (MF = 425.000000)
	Number of nodes: 116408
	Number of allocated nodes: 116736
	Number of edges: 145465
	Maximum in degree: 11952 (node 88)
	Maximum out degree: 168 (node 89805)
	source 1993 (node 89805) with out degree 168
	target 34 (node 88) with in degree 11952

Execution time and memory used at after iteration 80 (MF = 425.000000): 2.567120e+03 seconds, 188977152 bytes of memory usage, 222392 kB of memory peak and 42:47 elapsed time
Statistics on the network after iteration 80 (MF = 425.000000)
	Number of nodes: 116408
	Number of allocated nodes: 116736
	Number of edges: 145465
	Maximum in degree: 11952 (node 88)
	Maximum out degree: 168 (node 89805)
	source 1993 (node 89805) with out degree 168
	target 34 (node 88) with in degree 11952

Execution time and memory used at after iteration 81 (MF = 425.000000): 2.587780e+03 seconds, 188977152 bytes of memory usage, 222392 kB of memory peak and 43:08 elapsed time
Statistics on the network after iteration 81 (MF = 425.000000)
	Number of nodes: 116408
	Number of allocated nodes: 116736
	Number of edges: 145465
	Maximum in degree: 11952 (node 88)
	Maximum out degree: 168 (node 89805)
	source 1993 (node 89805) with out degree 168
	target 34 (node 88) with in degree 11952

Execution time and memory used at after iteration 82 (MF = 425.000000): 2.608480e+03 seconds, 188977152 bytes of memory usage, 222616 kB of memory peak and 43:29 elapsed time
Statistics on the network after iteration 82 (MF = 425.000000)
	Number of nodes: 116408
	Number of allocated nodes: 116736
	Number of edges: 145465
	Maximum in degree: 11952 (node 88)
	Maximum out degree: 168 (node 89805)
	source 1993 (node 89805) with out degree 168
	target 34 (node 88) with in degree 11952

Execution time and memory used at after iteration 83 (MF = 425.000000): 2.629200e+03 seconds, 188977152 bytes of memory usage, 222616 kB of memory peak and 43:50 elapsed time
Statistics on the network after iteration 83 (MF = 425.000000)
	Number of nodes: 116408
	Number of allocated nodes: 116736
	Number of edges: 145465
	Maximum in degree: 11952 (node 88)
	Maximum out degree: 168 (node 89805)
	source 1993 (node 89805) with out degree 168
	target 34 (node 88) with in degree 11952

Execution time and memory used at after iteration 84 (MF = 425.000000): 2.649930e+03 seconds, 188977152 bytes of memory usage, 222616 kB of memory peak and 44:10 elapsed time
Statistics on the network after iteration 84 (MF = 425.000000)
	Number of nodes: 116408
	Number of allocated nodes: 116736
	Number of edges: 145465
	Maximum in degree: 11952 (node 88)
	Maximum out degree: 168 (node 89805)
	source 1993 (node 89805) with out degree 168
	target 34 (node 88) with in degree 11952

Execution time and memory used at after iteration 85 (MF = 425.000000): 2.670660e+03 seconds, 188977152 bytes of memory usage, 222616 kB of memory peak and 44:31 elapsed time
Statistics on the network after iteration 85 (MF = 425.000000)
	Number of nodes: 116408
	Number of allocated nodes: 116736
	Number of edges: 145465
	Maximum in degree: 11952 (node 88)
	Maximum out degree: 168 (node 89805)
	source 1993 (node 89805) with out degree 168
	target 34 (node 88) with in degree 11952

Execution time and memory used at after iteration 86 (MF = 424.000000): 2.691380e+03 seconds, 188977152 bytes of memory usage, 223124 kB of memory peak and 44:52 elapsed time
Statistics on the network after iteration 86 (MF = 424.000000)
	Number of nodes: 116408
	Number of allocated nodes: 116736
	Number of edges: 145465
	Maximum in degree: 11952 (node 88)
	Maximum out degree: 168 (node 89805)
	source 1993 (node 89805) with out degree 168
	target 34 (node 88) with in degree 11952

Execution time and memory used at after iteration 87 (MF = 425.000000): 2.712100e+03 seconds, 188977152 bytes of memory usage, 223124 kB of memory peak and 45:12 elapsed time
Statistics on the network after iteration 87 (MF = 425.000000)
	Number of nodes: 116408
	Number of allocated nodes: 116736
	Number of edges: 145465
	Maximum in degree: 11952 (node 88)
	Maximum out degree: 168 (node 89805)
	source 1993 (node 89805) with out degree 168
	target 34 (node 88) with in degree 11952

Execution time and memory used at after iteration 88 (MF = 425.000000): 2.732890e+03 seconds, 188977152 bytes of memory usage, 223124 kB of memory peak and 45:33 elapsed time
Statistics on the network after iteration 88 (MF = 425.000000)
	Number of nodes: 116408
	Number of allocated nodes: 116736
	Number of edges: 145465
	Maximum in degree: 11952 (node 88)
	Maximum out degree: 168 (node 89805)
	source 1993 (node 89805) with out degree 168
	target 34 (node 88) with in degree 11952

Execution time and memory used at after iteration 89 (MF = 424.000000): 2.753660e+03 seconds, 188977152 bytes of memory usage, 223124 kB of memory peak and 45:54 elapsed time
Statistics on the network after iteration 89 (MF = 424.000000)
	Number of nodes: 116408
	Number of allocated nodes: 116736
	Number of edges: 145465
	Maximum in degree: 11952 (node 88)
	Maximum out degree: 168 (node 89805)
	source 1993 (node 89805) with out degree 168
	target 34 (node 88) with in degree 11952

Execution time and memory used at after iteration 90 (MF = 424.000000): 2.774430e+03 seconds, 188977152 bytes of memory usage, 223124 kB of memory peak and 46:15 elapsed time
Statistics on the network after iteration 90 (MF = 424.000000)
	Number of nodes: 116408
	Number of allocated nodes: 116736
	Number of edges: 145465
	Maximum in degree: 11952 (node 88)
	Maximum out degree: 168 (node 89805)
	source 1993 (node 89805) with out degree 168
	target 34 (node 88) with in degree 11952

Execution time and memory used at after iteration 91 (MF = 425.000000): 2.795200e+03 seconds, 188977152 bytes of memory usage, 223124 kB of memory peak and 46:36 elapsed time
Statistics on the network after iteration 91 (MF = 425.000000)
	Number of nodes: 116408
	Number of allocated nodes: 116736
	Number of edges: 145465
	Maximum in degree: 11952 (node 88)
	Maximum out degree: 168 (node 89805)
	source 1993 (node 89805) with out degree 168
	target 34 (node 88) with in degree 11952

Execution time and memory used at after iteration 92 (MF = 425.000000): 2.815900e+03 seconds, 188977152 bytes of memory usage, 223124 kB of memory peak and 46:56 elapsed time
Statistics on the network after iteration 92 (MF = 425.000000)
	Number of nodes: 116408
	Number of allocated nodes: 116736
	Number of edges: 145465
	Maximum in degree: 11952 (node 88)
	Maximum out degree: 168 (node 89805)
	source 1993 (node 89805) with out degree 168
	target 34 (node 88) with in degree 11952

Execution time and memory used at after iteration 93 (MF = 425.000000): 2.836690e+03 seconds, 188977152 bytes of memory usage, 223400 kB of memory peak and 47:17 elapsed time
Statistics on the network after iteration 93 (MF = 425.000000)
	Number of nodes: 116408
	Number of allocated nodes: 116736
	Number of edges: 145465
	Maximum in degree: 11952 (node 88)
	Maximum out degree: 168 (node 89805)
	source 1993 (node 89805) with out degree 168
	target 34 (node 88) with in degree 11952

Execution time and memory used at after iteration 94 (MF = 425.000000): 2.857440e+03 seconds, 188977152 bytes of memory usage, 223508 kB of memory peak and 47:38 elapsed time
Statistics on the network after iteration 94 (MF = 425.000000)
	Number of nodes: 116408
	Number of allocated nodes: 116736
	Number of edges: 145465
	Maximum in degree: 11952 (node 88)
	Maximum out degree: 168 (node 89805)
	source 1993 (node 89805) with out degree 168
	target 34 (node 88) with in degree 11952

Execution time and memory used at after iteration 95 (MF = 425.000000): 2.878160e+03 seconds, 188977152 bytes of memory usage, 224192 kB of memory peak and 47:59 elapsed time
Statistics on the network after iteration 95 (MF = 425.000000)
	Number of nodes: 116408
	Number of allocated nodes: 116736
	Number of edges: 145465
	Maximum in degree: 11952 (node 88)
	Maximum out degree: 168 (node 89805)
	source 1993 (node 89805) with out degree 168
	target 34 (node 88) with in degree 11952

Execution time and memory used at after iteration 96 (MF = 425.000000): 2.898940e+03 seconds, 188977152 bytes of memory usage, 224332 kB of memory peak and 48:19 elapsed time
Statistics on the network after iteration 96 (MF = 425.000000)
	Number of nodes: 116408
	Number of allocated nodes: 116736
	Number of edges: 145465
	Maximum in degree: 11952 (node 88)
	Maximum out degree: 168 (node 89805)
	source 1993 (node 89805) with out degree 168
	target 34 (node 88) with in degree 11952

Execution time and memory used at after iteration 97 (MF = 425.000000): 2.919700e+03 seconds, 188977152 bytes of memory usage, 224436 kB of memory peak and 48:40 elapsed time
Statistics on the network after iteration 97 (MF = 425.000000)
	Number of nodes: 116408
	Number of allocated nodes: 116736
	Number of edges: 145465
	Maximum in degree: 11952 (node 88)
	Maximum out degree: 168 (node 89805)
	source 1993 (node 89805) with out degree 168
	target 34 (node 88) with in degree 11952

Execution time and memory used at after iteration 98 (MF = 424.000000): 2.940450e+03 seconds, 188977152 bytes of memory usage, 224552 kB of memory peak and 49:01 elapsed time
Statistics on the network after iteration 98 (MF = 424.000000)
	Number of nodes: 116408
	Number of allocated nodes: 116736
	Number of edges: 145465
	Maximum in degree: 11952 (node 88)
	Maximum out degree: 168 (node 89805)
	source 1993 (node 89805) with out degree 168
	target 34 (node 88) with in degree 11952

Execution time and memory used at after iteration 99 (MF = 425.000000): 2.961190e+03 seconds, 188977152 bytes of memory usage, 224668 kB of memory peak and 49:22 elapsed time
Statistics on the network after iteration 99 (MF = 425.000000)
	Number of nodes: 116408
	Number of allocated nodes: 116736
	Number of edges: 145465
	Maximum in degree: 11952 (node 88)
	Maximum out degree: 168 (node 89805)
	source 1993 (node 89805) with out degree 168
	target 34 (node 88) with in degree 11952

Execution time and memory used at after iteration 100 (MF = 425.000000): 2.981980e+03 seconds, 188977152 bytes of memory usage, 224792 kB of memory peak and 49:42 elapsed time
Statistics on the network after iteration 100 (MF = 425.000000)
	Number of nodes: 116408
	Number of allocated nodes: 116736
	Number of edges: 145465
	Maximum in degree: 11952 (node 88)
	Maximum out degree: 168 (node 89805)
	source 1993 (node 89805) with out degree 168
	target 34 (node 88) with in degree 11952

Execution time and memory used at after iteration 101 (MF = 425.000000): 3.002800e+03 seconds, 188977152 bytes of memory usage, 224908 kB of memory peak and 50:03 elapsed time
Statistics on the network after iteration 101 (MF = 425.000000)
	Number of nodes: 116408
	Number of allocated nodes: 116736
	Number of edges: 145465
	Maximum in degree: 11952 (node 88)
	Maximum out degree: 168 (node 89805)
	source 1993 (node 89805) with out degree 168
	target 34 (node 88) with in degree 11952

Execution time and memory used at after iteration 102 (MF = 424.000000): 3.023590e+03 seconds, 188977152 bytes of memory usage, 225040 kB of memory peak and 50:24 elapsed time
Statistics on the network after iteration 102 (MF = 424.000000)
	Number of nodes: 116408
	Number of allocated nodes: 116736
	Number of edges: 145465
	Maximum in degree: 11952 (node 88)
	Maximum out degree: 168 (node 89805)
	source 1993 (node 89805) with out degree 168
	target 34 (node 88) with in degree 11952

Execution time and memory used at after iteration 103 (MF = 425.000000): 3.044440e+03 seconds, 188977152 bytes of memory usage, 225168 kB of memory peak and 50:45 elapsed time
Statistics on the network after iteration 103 (MF = 425.000000)
	Number of nodes: 116408
	Number of allocated nodes: 116736
	Number of edges: 145465
	Maximum in degree: 11952 (node 88)
	Maximum out degree: 168 (node 89805)
	source 1993 (node 89805) with out degree 168
	target 34 (node 88) with in degree 11952

Execution time and memory used at after iteration 104 (MF = 425.000000): 3.065250e+03 seconds, 188977152 bytes of memory usage, 225300 kB of memory peak and 51:06 elapsed time
Statistics on the network after iteration 104 (MF = 425.000000)
	Number of nodes: 116408
	Number of allocated nodes: 116736
	Number of edges: 145465
	Maximum in degree: 11952 (node 88)
	Maximum out degree: 168 (node 89805)
	source 1993 (node 89805) with out degree 168
	target 34 (node 88) with in degree 11952

Execution time and memory used at after iteration 105 (MF = 425.000000): 3.086010e+03 seconds, 188977152 bytes of memory usage, 225400 kB of memory peak and 51:27 elapsed time
Statistics on the network after iteration 105 (MF = 425.000000)
	Number of nodes: 116408
	Number of allocated nodes: 116736
	Number of edges: 145465
	Maximum in degree: 11952 (node 88)
	Maximum out degree: 168 (node 89805)
	source 1993 (node 89805) with out degree 168
	target 34 (node 88) with in degree 11952

Execution time and memory used at after iteration 106 (MF = 425.000000): 3.106830e+03 seconds, 188977152 bytes of memory usage, 225508 kB of memory peak and 51:47 elapsed time
Statistics on the network after iteration 106 (MF = 425.000000)
	Number of nodes: 116408
	Number of allocated nodes: 116736
	Number of edges: 145465
	Maximum in degree: 11952 (node 88)
	Maximum out degree: 168 (node 89805)
	source 1993 (node 89805) with out degree 168
	target 34 (node 88) with in degree 11952

Execution time and memory used at after iteration 107 (MF = 425.000000): 3.127640e+03 seconds, 188977152 bytes of memory usage, 225636 kB of memory peak and 52:08 elapsed time
Statistics on the network after iteration 107 (MF = 425.000000)
	Number of nodes: 116408
	Number of allocated nodes: 116736
	Number of edges: 145465
	Maximum in degree: 11952 (node 88)
	Maximum out degree: 168 (node 89805)
	source 1993 (node 89805) with out degree 168
	target 34 (node 88) with in degree 11952

Execution time and memory used at after iteration 108 (MF = 425.000000): 3.148460e+03 seconds, 188977152 bytes of memory usage, 225752 kB of memory peak and 52:29 elapsed time
Statistics on the network after iteration 108 (MF = 425.000000)
	Number of nodes: 116408
	Number of allocated nodes: 116736
	Number of edges: 145465
	Maximum in degree: 11952 (node 88)
	Maximum out degree: 168 (node 89805)
	source 1993 (node 89805) with out degree 168
	target 34 (node 88) with in degree 11952

Execution time and memory used at after iteration 109 (MF = 425.000000): 3.169280e+03 seconds, 188977152 bytes of memory usage, 225868 kB of memory peak and 52:50 elapsed time
Statistics on the network after iteration 109 (MF = 425.000000)
	Number of nodes: 116408
	Number of allocated nodes: 116736
	Number of edges: 145465
	Maximum in degree: 11952 (node 88)
	Maximum out degree: 168 (node 89805)
	source 1993 (node 89805) with out degree 168
	target 34 (node 88) with in degree 11952

Execution time and memory used at after iteration 110 (MF = 425.000000): 3.190110e+03 seconds, 188977152 bytes of memory usage, 226864 kB of memory peak and 53:11 elapsed time
Statistics on the network after iteration 110 (MF = 425.000000)
	Number of nodes: 116408
	Number of allocated nodes: 116736
	Number of edges: 145465
	Maximum in degree: 11952 (node 88)
	Maximum out degree: 168 (node 89805)
	source 1993 (node 89805) with out degree 168
	target 34 (node 88) with in degree 11952

Execution time and memory used at after iteration 111 (MF = 425.000000): 3.210940e+03 seconds, 188977152 bytes of memory usage, 227000 kB of memory peak and 53:32 elapsed time
Statistics on the network after iteration 111 (MF = 425.000000)
	Number of nodes: 116408
	Number of allocated nodes: 116736
	Number of edges: 145465
	Maximum in degree: 11952 (node 88)
	Maximum out degree: 168 (node 89805)
	source 1993 (node 89805) with out degree 168
	target 34 (node 88) with in degree 11952

Execution time and memory used at after iteration 112 (MF = 425.000000): 3.231790e+03 seconds, 188977152 bytes of memory usage, 227144 kB of memory peak and 53:52 elapsed time
Statistics on the network after iteration 112 (MF = 425.000000)
	Number of nodes: 116408
	Number of allocated nodes: 116736
	Number of edges: 145465
	Maximum in degree: 11952 (node 88)
	Maximum out degree: 168 (node 89805)
	source 1993 (node 89805) with out degree 168
	target 34 (node 88) with in degree 11952

Execution time and memory used at after iteration 113 (MF = 425.000000): 3.252610e+03 seconds, 188977152 bytes of memory usage, 227268 kB of memory peak and 54:13 elapsed time
Statistics on the network after iteration 113 (MF = 425.000000)
	Number of nodes: 116408
	Number of allocated nodes: 116736
	Number of edges: 145465
	Maximum in degree: 11952 (node 88)
	Maximum out degree: 168 (node 89805)
	source 1993 (node 89805) with out degree 168
	target 34 (node 88) with in degree 11952

Execution time and memory used at after iteration 114 (MF = 424.000000): 3.273420e+03 seconds, 188977152 bytes of memory usage, 227412 kB of memory peak and 54:34 elapsed time
Statistics on the network after iteration 114 (MF = 424.000000)
	Number of nodes: 116408
	Number of allocated nodes: 116736
	Number of edges: 145465
	Maximum in degree: 11952 (node 88)
	Maximum out degree: 168 (node 89805)
	source 1993 (node 89805) with out degree 168
	target 34 (node 88) with in degree 11952

Execution time and memory used at after iteration 115 (MF = 424.000000): 3.294280e+03 seconds, 188977152 bytes of memory usage, 227540 kB of memory peak and 54:55 elapsed time
Statistics on the network after iteration 115 (MF = 424.000000)
	Number of nodes: 116408
	Number of allocated nodes: 116736
	Number of edges: 145465
	Maximum in degree: 11952 (node 88)
	Maximum out degree: 168 (node 89805)
	source 1993 (node 89805) with out degree 168
	target 34 (node 88) with in degree 11952

Execution time and memory used at after iteration 116 (MF = 424.000000): 3.315140e+03 seconds, 188977152 bytes of memory usage, 227676 kB of memory peak and 55:16 elapsed time
Statistics on the network after iteration 116 (MF = 424.000000)
	Number of nodes: 116408
	Number of allocated nodes: 116736
	Number of edges: 145465
	Maximum in degree: 11952 (node 88)
	Maximum out degree: 168 (node 89805)
	source 1993 (node 89805) with out degree 168
	target 34 (node 88) with in degree 11952

Execution time and memory used at after iteration 117 (MF = 424.000000): 3.335980e+03 seconds, 188977152 bytes of memory usage, 227796 kB of memory peak and 55:37 elapsed time
Statistics on the network after iteration 117 (MF = 424.000000)
	Number of nodes: 116408
	Number of allocated nodes: 116736
	Number of edges: 145465
	Maximum in degree: 11952 (node 88)
	Maximum out degree: 168 (node 89805)
	source 1993 (node 89805) with out degree 168
	target 34 (node 88) with in degree 11952

Execution time and memory used at after iteration 118 (MF = 424.000000): 3.356860e+03 seconds, 188977152 bytes of memory usage, 227952 kB of memory peak and 55:58 elapsed time
Statistics on the network after iteration 118 (MF = 424.000000)
	Number of nodes: 116408
	Number of allocated nodes: 116736
	Number of edges: 145465
	Maximum in degree: 11952 (node 88)
	Maximum out degree: 168 (node 89805)
	source 1993 (node 89805) with out degree 168
	target 34 (node 88) with in degree 11952

Execution time and memory used at after iteration 119 (MF = 424.000000): 3.377720e+03 seconds, 188977152 bytes of memory usage, 228072 kB of memory peak and 56:18 elapsed time
Statistics on the network after iteration 119 (MF = 424.000000)
	Number of nodes: 116408
	Number of allocated nodes: 116736
	Number of edges: 145465
	Maximum in degree: 11952 (node 88)
	Maximum out degree: 168 (node 89805)
	source 1993 (node 89805) with out degree 168
	target 34 (node 88) with in degree 11952

Execution time and memory used at after iteration 120 (MF = 424.000000): 3.398600e+03 seconds, 188977152 bytes of memory usage, 228208 kB of memory peak and 56:39 elapsed time
Statistics on the network after iteration 120 (MF = 424.000000)
	Number of nodes: 116408
	Number of allocated nodes: 116736
	Number of edges: 145465
	Maximum in degree: 11952 (node 88)
	Maximum out degree: 168 (node 89805)
	source 1993 (node 89805) with out degree 168
	target 34 (node 88) with in degree 11952

Execution time and memory used at after iteration 121 (MF = 424.000000): 3.419470e+03 seconds, 188977152 bytes of memory usage, 228344 kB of memory peak and 57:00 elapsed time
Statistics on the network after iteration 121 (MF = 424.000000)
	Number of nodes: 116408
	Number of allocated nodes: 116736
	Number of edges: 145465
	Maximum in degree: 11952 (node 88)
	Maximum out degree: 168 (node 89805)
	source 1993 (node 89805) with out degree 168
	target 34 (node 88) with in degree 11952

Execution time and memory used at after iteration 122 (MF = 424.000000): 3.440340e+03 seconds, 188977152 bytes of memory usage, 228460 kB of memory peak and 57:21 elapsed time
Statistics on the network after iteration 122 (MF = 424.000000)
	Number of nodes: 116408
	Number of allocated nodes: 116736
	Number of edges: 145465
	Maximum in degree: 11952 (node 88)
	Maximum out degree: 168 (node 89805)
	source 1993 (node 89805) with out degree 168
	target 34 (node 88) with in degree 11952

Execution time and memory used at after iteration 123 (MF = 424.000000): 3.461240e+03 seconds, 188977152 bytes of memory usage, 228596 kB of memory peak and 57:42 elapsed time
Statistics on the network after iteration 123 (MF = 424.000000)
	Number of nodes: 116408
	Number of allocated nodes: 116736
	Number of edges: 145465
	Maximum in degree: 11952 (node 88)
	Maximum out degree: 168 (node 89805)
	source 1993 (node 89805) with out degree 168
	target 34 (node 88) with in degree 11952

Execution time and memory used at after iteration 124 (MF = 424.000000): 3.482140e+03 seconds, 188977152 bytes of memory usage, 228732 kB of memory peak and 58:03 elapsed time
Statistics on the network after iteration 124 (MF = 424.000000)
	Number of nodes: 116408
	Number of allocated nodes: 116736
	Number of edges: 145465
	Maximum in degree: 11952 (node 88)
	Maximum out degree: 168 (node 89805)
	source 1993 (node 89805) with out degree 168
	target 34 (node 88) with in degree 11952

Execution time and memory used at after iteration 125 (MF = 424.000000): 3.503020e+03 seconds, 188977152 bytes of memory usage, 228852 kB of memory peak and 58:24 elapsed time
Statistics on the network after iteration 125 (MF = 424.000000)
	Number of nodes: 116408
	Number of allocated nodes: 116736
	Number of edges: 145465
	Maximum in degree: 11952 (node 88)
	Maximum out degree: 168 (node 89805)
	source 1993 (node 89805) with out degree 168
	target 34 (node 88) with in degree 11952

Execution time and memory used at after iteration 126 (MF = 424.000000): 3.523940e+03 seconds, 188977152 bytes of memory usage, 228984 kB of memory peak and 58:45 elapsed time
Statistics on the network after iteration 126 (MF = 424.000000)
	Number of nodes: 116408
	Number of allocated nodes: 116736
	Number of edges: 145465
	Maximum in degree: 11952 (node 88)
	Maximum out degree: 168 (node 89805)
	source 1993 (node 89805) with out degree 168
	target 34 (node 88) with in degree 11952

Execution time and memory used at after iteration 127 (MF = 424.000000): 3.544820e+03 seconds, 188977152 bytes of memory usage, 229112 kB of memory peak and 59:06 elapsed time
Statistics on the network after iteration 127 (MF = 424.000000)
	Number of nodes: 116408
	Number of allocated nodes: 116736
	Number of edges: 145465
	Maximum in degree: 11952 (node 88)
	Maximum out degree: 168 (node 89805)
	source 1993 (node 89805) with out degree 168
	target 34 (node 88) with in degree 11952

Execution time and memory used at after iteration 128 (MF = 424.000000): 3.565690e+03 seconds, 188977152 bytes of memory usage, 229112 kB of memory peak and 59:26 elapsed time
Statistics on the network after iteration 128 (MF = 424.000000)
	Number of nodes: 116408
	Number of allocated nodes: 116736
	Number of edges: 145465
	Maximum in degree: 11952 (node 88)
	Maximum out degree: 168 (node 89805)
	source 1993 (node 89805) with out degree 168
	target 34 (node 88) with in degree 11952

Execution time and memory used at after iteration 129 (MF = 424.000000): 3.586620e+03 seconds, 188977152 bytes of memory usage, 229112 kB of memory peak and 59:47 elapsed time
Statistics on the network after iteration 129 (MF = 424.000000)
	Number of nodes: 116408
	Number of allocated nodes: 116736
	Number of edges: 145465
	Maximum in degree: 11952 (node 88)
	Maximum out degree: 168 (node 89805)
	source 1993 (node 89805) with out degree 168
	target 34 (node 88) with in degree 11952

Execution time and memory used at after iteration 130 (MF = 424.000000): 3.607510e+03 seconds, 188977152 bytes of memory usage, 229112 kB of memory peak and 01:00:08 elapsed time
Statistics on the network after iteration 130 (MF = 424.000000)
	Number of nodes: 116408
	Number of allocated nodes: 116736
	Number of edges: 145465
	Maximum in degree: 11952 (node 88)
	Maximum out degree: 168 (node 89805)
	source 1993 (node 89805) with out degree 168
	target 34 (node 88) with in degree 11952

Execution time and memory used at after iteration 131 (MF = 425.000000): 3.628390e+03 seconds, 188977152 bytes of memory usage, 229112 kB of memory peak and 01:00:29 elapsed time
Statistics on the network after iteration 131 (MF = 425.000000)
	Number of nodes: 116408
	Number of allocated nodes: 116736
	Number of edges: 145465
	Maximum in degree: 11952 (node 88)
	Maximum out degree: 168 (node 89805)
	source 1993 (node 89805) with out degree 168
	target 34 (node 88) with in degree 11952

Execution time and memory used at after iteration 132 (MF = 424.000000): 3.649280e+03 seconds, 188977152 bytes of memory usage, 229180 kB of memory peak and 01:00:50 elapsed time
Statistics on the network after iteration 132 (MF = 424.000000)
	Number of nodes: 116408
	Number of allocated nodes: 116736
	Number of edges: 145465
	Maximum in degree: 11952 (node 88)
	Maximum out degree: 168 (node 89805)
	source 1993 (node 89805) with out degree 168
	target 34 (node 88) with in degree 11952

Execution time and memory used at after iteration 133 (MF = 424.000000): 3.670190e+03 seconds, 188977152 bytes of memory usage, 229316 kB of memory peak and 01:01:11 elapsed time
Statistics on the network after iteration 133 (MF = 424.000000)
	Number of nodes: 116408
	Number of allocated nodes: 116736
	Number of edges: 145465
	Maximum in degree: 11952 (node 88)
	Maximum out degree: 168 (node 89805)
	source 1993 (node 89805) with out degree 168
	target 34 (node 88) with in degree 11952

Execution time and memory used at after iteration 134 (MF = 424.000000): 3.691110e+03 seconds, 188977152 bytes of memory usage, 229444 kB of memory peak and 01:01:32 elapsed time
Statistics on the network after iteration 134 (MF = 424.000000)
	Number of nodes: 116408
	Number of allocated nodes: 116736
	Number of edges: 145465
	Maximum in degree: 11952 (node 88)
	Maximum out degree: 168 (node 89805)
	source 1993 (node 89805) with out degree 168
	target 34 (node 88) with in degree 11952

Execution time and memory used at after iteration 135 (MF = 424.000000): 3.712070e+03 seconds, 188977152 bytes of memory usage, 229576 kB of memory peak and 01:01:53 elapsed time
Statistics on the network after iteration 135 (MF = 424.000000)
	Number of nodes: 116408
	Number of allocated nodes: 116736
	Number of edges: 145465
	Maximum in degree: 11952 (node 88)
	Maximum out degree: 168 (node 89805)
	source 1993 (node 89805) with out degree 168
	target 34 (node 88) with in degree 11952

Execution time and memory used at after iteration 136 (MF = 424.000000): 3.733040e+03 seconds, 188977152 bytes of memory usage, 229576 kB of memory peak and 01:02:14 elapsed time
Statistics on the network after iteration 136 (MF = 424.000000)
	Number of nodes: 116408
	Number of allocated nodes: 116736
	Number of edges: 145465
	Maximum in degree: 11952 (node 88)
	Maximum out degree: 168 (node 89805)
	source 1993 (node 89805) with out degree 168
	target 34 (node 88) with in degree 11952

Execution time and memory used at after iteration 137 (MF = 424.000000): 3.754030e+03 seconds, 188977152 bytes of memory usage, 229576 kB of memory peak and 01:02:35 elapsed time
Statistics on the network after iteration 137 (MF = 424.000000)
	Number of nodes: 116408
	Number of allocated nodes: 116736
	Number of edges: 145465
	Maximum in degree: 11952 (node 88)
	Maximum out degree: 168 (node 89805)
	source 1993 (node 89805) with out degree 168
	target 34 (node 88) with in degree 11952

Execution time and memory used at after iteration 138 (MF = 424.000000): 3.774960e+03 seconds, 188977152 bytes of memory usage, 229576 kB of memory peak and 01:02:56 elapsed time
Statistics on the network after iteration 138 (MF = 424.000000)
	Number of nodes: 116408
	Number of allocated nodes: 116736
	Number of edges: 145465
	Maximum in degree: 11952 (node 88)
	Maximum out degree: 168 (node 89805)
	source 1993 (node 89805) with out degree 168
	target 34 (node 88) with in degree 11952

Execution time and memory used at after iteration 139 (MF = 424.000000): 3.795880e+03 seconds, 188977152 bytes of memory usage, 229576 kB of memory peak and 01:03:17 elapsed time
Statistics on the network after iteration 139 (MF = 424.000000)
	Number of nodes: 116408
	Number of allocated nodes: 116736
	Number of edges: 145465
	Maximum in degree: 11952 (node 88)
	Maximum out degree: 168 (node 89805)
	source 1993 (node 89805) with out degree 168
	target 34 (node 88) with in degree 11952

Execution time and memory used at after iteration 140 (MF = 424.000000): 3.816790e+03 seconds, 188977152 bytes of memory usage, 229652 kB of memory peak and 01:03:38 elapsed time
Statistics on the network after iteration 140 (MF = 424.000000)
	Number of nodes: 116408
	Number of allocated nodes: 116736
	Number of edges: 145465
	Maximum in degree: 11952 (node 88)
	Maximum out degree: 168 (node 89805)
	source 1993 (node 89805) with out degree 168
	target 34 (node 88) with in degree 11952

Execution time and memory used at after iteration 141 (MF = 424.000000): 3.837700e+03 seconds, 188977152 bytes of memory usage, 229780 kB of memory peak and 01:03:59 elapsed time
Statistics on the network after iteration 141 (MF = 424.000000)
	Number of nodes: 116408
	Number of allocated nodes: 116736
	Number of edges: 145465
	Maximum in degree: 11952 (node 88)
	Maximum out degree: 168 (node 89805)
	source 1993 (node 89805) with out degree 168
	target 34 (node 88) with in degree 11952

Execution time and memory used at after iteration 142 (MF = 425.000000): 3.858560e+03 seconds, 188977152 bytes of memory usage, 229900 kB of memory peak and 01:04:19 elapsed time
Statistics on the network after iteration 142 (MF = 425.000000)
	Number of nodes: 116408
	Number of allocated nodes: 116736
	Number of edges: 145465
	Maximum in degree: 11952 (node 88)
	Maximum out degree: 168 (node 89805)
	source 1993 (node 89805) with out degree 168
	target 34 (node 88) with in degree 11952

Execution time and memory used at after iteration 143 (MF = 424.000000): 3.879590e+03 seconds, 188977152 bytes of memory usage, 230036 kB of memory peak and 01:04:40 elapsed time
Statistics on the network after iteration 143 (MF = 424.000000)
	Number of nodes: 116408
	Number of allocated nodes: 116736
	Number of edges: 145465
	Maximum in degree: 11952 (node 88)
	Maximum out degree: 168 (node 89805)
	source 1993 (node 89805) with out degree 168
	target 34 (node 88) with in degree 11952

Execution time and memory used at after iteration 144 (MF = 424.000000): 3.900570e+03 seconds, 188977152 bytes of memory usage, 230036 kB of memory peak and 01:05:01 elapsed time
Statistics on the network after iteration 144 (MF = 424.000000)
	Number of nodes: 116408
	Number of allocated nodes: 116736
	Number of edges: 145465
	Maximum in degree: 11952 (node 88)
	Maximum out degree: 168 (node 89805)
	source 1993 (node 89805) with out degree 168
	target 34 (node 88) with in degree 11952

Execution time and memory used at after iteration 145 (MF = 424.000000): 3.921540e+03 seconds, 188977152 bytes of memory usage, 230036 kB of memory peak and 01:05:22 elapsed time
Statistics on the network after iteration 145 (MF = 424.000000)
	Number of nodes: 116408
	Number of allocated nodes: 116736
	Number of edges: 145465
	Maximum in degree: 11952 (node 88)
	Maximum out degree: 168 (node 89805)
	source 1993 (node 89805) with out degree 168
	target 34 (node 88) with in degree 11952

Execution time and memory used at after iteration 146 (MF = 424.000000): 3.942520e+03 seconds, 188977152 bytes of memory usage, 230036 kB of memory peak and 01:05:43 elapsed time
Statistics on the network after iteration 146 (MF = 424.000000)
	Number of nodes: 116408
	Number of allocated nodes: 116736
	Number of edges: 145465
	Maximum in degree: 11952 (node 88)
	Maximum out degree: 168 (node 89805)
	source 1993 (node 89805) with out degree 168
	target 34 (node 88) with in degree 11952

Execution time and memory used at after iteration 147 (MF = 424.000000): 3.963490e+03 seconds, 188977152 bytes of memory usage, 230036 kB of memory peak and 01:06:04 elapsed time
Statistics on the network after iteration 147 (MF = 424.000000)
	Number of nodes: 116408
	Number of allocated nodes: 116736
	Number of edges: 145465
	Maximum in degree: 11952 (node 88)
	Maximum out degree: 168 (node 89805)
	source 1993 (node 89805) with out degree 168
	target 34 (node 88) with in degree 11952

Execution time and memory used at after iteration 148 (MF = 424.000000): 3.984450e+03 seconds, 188977152 bytes of memory usage, 230036 kB of memory peak and 01:06:25 elapsed time
Statistics on the network after iteration 148 (MF = 424.000000)
	Number of nodes: 116408
	Number of allocated nodes: 116736
	Number of edges: 145465
	Maximum in degree: 11952 (node 88)
	Maximum out degree: 168 (node 89805)
	source 1993 (node 89805) with out degree 168
	target 34 (node 88) with in degree 11952

Execution time and memory used at after iteration 149 (MF = 424.000000): 4.005430e+03 seconds, 188977152 bytes of memory usage, 230036 kB of memory peak and 01:06:46 elapsed time
Statistics on the network after iteration 149 (MF = 424.000000)
	Number of nodes: 116408
	Number of allocated nodes: 116736
	Number of edges: 145465
	Maximum in degree: 11952 (node 88)
	Maximum out degree: 168 (node 89805)
	source 1993 (node 89805) with out degree 168
	target 34 (node 88) with in degree 11952

Execution time and memory used at after iteration 150 (MF = 424.000000): 4.026410e+03 seconds, 188977152 bytes of memory usage, 230036 kB of memory peak and 01:07:07 elapsed time
Statistics on the network after iteration 150 (MF = 424.000000)
	Number of nodes: 116408
	Number of allocated nodes: 116736
	Number of edges: 145465
	Maximum in degree: 11952 (node 88)
	Maximum out degree: 168 (node 89805)
	source 1993 (node 89805) with out degree 168
	target 34 (node 88) with in degree 11952

Execution time and memory used at after iteration 151 (MF = 424.000000): 4.047390e+03 seconds, 188977152 bytes of memory usage, 230036 kB of memory peak and 01:07:28 elapsed time
Statistics on the network after iteration 151 (MF = 424.000000)
	Number of nodes: 116408
	Number of allocated nodes: 116736
	Number of edges: 145465
	Maximum in degree: 11952 (node 88)
	Maximum out degree: 168 (node 89805)
	source 1993 (node 89805) with out degree 168
	target 34 (node 88) with in degree 11952

Execution time and memory used at after iteration 152 (MF = 424.000000): 4.068370e+03 seconds, 188977152 bytes of memory usage, 230076 kB of memory peak and 01:07:49 elapsed time
Statistics on the network after iteration 152 (MF = 424.000000)
	Number of nodes: 116408
	Number of allocated nodes: 116736
	Number of edges: 145465
	Maximum in degree: 11952 (node 88)
	Maximum out degree: 168 (node 89805)
	source 1993 (node 89805) with out degree 168
	target 34 (node 88) with in degree 11952

Execution time and memory used at after iteration 153 (MF = 424.000000): 4.089360e+03 seconds, 188977152 bytes of memory usage, 230188 kB of memory peak and 01:08:10 elapsed time
Statistics on the network after iteration 153 (MF = 424.000000)
	Number of nodes: 116408
	Number of allocated nodes: 116736
	Number of edges: 145465
	Maximum in degree: 11952 (node 88)
	Maximum out degree: 168 (node 89805)
	source 1993 (node 89805) with out degree 168
	target 34 (node 88) with in degree 11952

Execution time and memory used at after iteration 154 (MF = 424.000000): 4.110320e+03 seconds, 188977152 bytes of memory usage, 230328 kB of memory peak and 01:08:31 elapsed time
Statistics on the network after iteration 154 (MF = 424.000000)
	Number of nodes: 116408
	Number of allocated nodes: 116736
	Number of edges: 145465
	Maximum in degree: 11952 (node 88)
	Maximum out degree: 168 (node 89805)
	source 1993 (node 89805) with out degree 168
	target 34 (node 88) with in degree 11952

Execution time and memory used at after iteration 155 (MF = 424.000000): 4.131280e+03 seconds, 188977152 bytes of memory usage, 230328 kB of memory peak and 01:08:52 elapsed time
Statistics on the network after iteration 155 (MF = 424.000000)
	Number of nodes: 116408
	Number of allocated nodes: 116736
	Number of edges: 145465
	Maximum in degree: 11952 (node 88)
	Maximum out degree: 168 (node 89805)
	source 1993 (node 89805) with out degree 168
	target 34 (node 88) with in degree 11952

Execution time and memory used at after iteration 156 (MF = 424.000000): 4.152300e+03 seconds, 188977152 bytes of memory usage, 230328 kB of memory peak and 01:09:13 elapsed time
Statistics on the network after iteration 156 (MF = 424.000000)
	Number of nodes: 116408
	Number of allocated nodes: 116736
	Number of edges: 145465
	Maximum in degree: 11952 (node 88)
	Maximum out degree: 168 (node 89805)
	source 1993 (node 89805) with out degree 168
	target 34 (node 88) with in degree 11952

Execution time and memory used at after iteration 157 (MF = 424.000000): 4.173340e+03 seconds, 188977152 bytes of memory usage, 230328 kB of memory peak and 01:09:34 elapsed time
Statistics on the network after iteration 157 (MF = 424.000000)
	Number of nodes: 116408
	Number of allocated nodes: 116736
	Number of edges: 145465
	Maximum in degree: 11952 (node 88)
	Maximum out degree: 168 (node 89805)
	source 1993 (node 89805) with out degree 168
	target 34 (node 88) with in degree 11952

Execution time and memory used at after iteration 158 (MF = 424.000000): 4.194370e+03 seconds, 188977152 bytes of memory usage, 230328 kB of memory peak and 01:09:55 elapsed time
Statistics on the network after iteration 158 (MF = 424.000000)
	Number of nodes: 116408
	Number of allocated nodes: 116736
	Number of edges: 145465
	Maximum in degree: 11952 (node 88)
	Maximum out degree: 168 (node 89805)
	source 1993 (node 89805) with out degree 168
	target 34 (node 88) with in degree 11952

Execution time and memory used at after iteration 159 (MF = 424.000000): 4.215350e+03 seconds, 188977152 bytes of memory usage, 230404 kB of memory peak and 01:10:16 elapsed time
Statistics on the network after iteration 159 (MF = 424.000000)
	Number of nodes: 116408
	Number of allocated nodes: 116736
	Number of edges: 145465
	Maximum in degree: 11952 (node 88)
	Maximum out degree: 168 (node 89805)
	source 1993 (node 89805) with out degree 168
	target 34 (node 88) with in degree 11952

Execution time and memory used at after iteration 160 (MF = 424.000000): 4.236340e+03 seconds, 188977152 bytes of memory usage, 230404 kB of memory peak and 01:10:37 elapsed time
Statistics on the network after iteration 160 (MF = 424.000000)
	Number of nodes: 116408
	Number of allocated nodes: 116736
	Number of edges: 145465
	Maximum in degree: 11952 (node 88)
	Maximum out degree: 168 (node 89805)
	source 1993 (node 89805) with out degree 168
	target 34 (node 88) with in degree 11952

Execution time and memory used at after iteration 161 (MF = 424.000000): 4.257340e+03 seconds, 188977152 bytes of memory usage, 230404 kB of memory peak and 01:10:58 elapsed time
Statistics on the network after iteration 161 (MF = 424.000000)
	Number of nodes: 116408
	Number of allocated nodes: 116736
	Number of edges: 145465
	Maximum in degree: 11952 (node 88)
	Maximum out degree: 168 (node 89805)
	source 1993 (node 89805) with out degree 168
	target 34 (node 88) with in degree 11952

Execution time and memory used at after iteration 162 (MF = 424.000000): 4.278370e+03 seconds, 188977152 bytes of memory usage, 230408 kB of memory peak and 01:11:19 elapsed time
Statistics on the network after iteration 162 (MF = 424.000000)
	Number of nodes: 116408
	Number of allocated nodes: 116736
	Number of edges: 145465
	Maximum in degree: 11952 (node 88)
	Maximum out degree: 168 (node 89805)
	source 1993 (node 89805) with out degree 168
	target 34 (node 88) with in degree 11952

Execution time and memory used at after iteration 163 (MF = 425.000000): 4.299430e+03 seconds, 188977152 bytes of memory usage, 230524 kB of memory peak and 01:11:41 elapsed time
Statistics on the network after iteration 163 (MF = 425.000000)
	Number of nodes: 116408
	Number of allocated nodes: 116736
	Number of edges: 145465
	Maximum in degree: 11952 (node 88)
	Maximum out degree: 168 (node 89805)
	source 1993 (node 89805) with out degree 168
	target 34 (node 88) with in degree 11952

Execution time and memory used at after iteration 164 (MF = 424.000000): 4.320510e+03 seconds, 188977152 bytes of memory usage, 230644 kB of memory peak and 01:12:02 elapsed time
Statistics on the network after iteration 164 (MF = 424.000000)
	Number of nodes: 116408
	Number of allocated nodes: 116736
	Number of edges: 145465
	Maximum in degree: 11952 (node 88)
	Maximum out degree: 168 (node 89805)
	source 1993 (node 89805) with out degree 168
	target 34 (node 88) with in degree 11952

Execution time and memory used at after iteration 165 (MF = 424.000000): 4.341570e+03 seconds, 188977152 bytes of memory usage, 230788 kB of memory peak and 01:12:23 elapsed time
Statistics on the network after iteration 165 (MF = 424.000000)
	Number of nodes: 116408
	Number of allocated nodes: 116736
	Number of edges: 145465
	Maximum in degree: 11952 (node 88)
	Maximum out degree: 168 (node 89805)
	source 1993 (node 89805) with out degree 168
	target 34 (node 88) with in degree 11952

Execution time and memory used at after iteration 166 (MF = 425.000000): 4.362610e+03 seconds, 188977152 bytes of memory usage, 231300 kB of memory peak and 01:12:44 elapsed time
Statistics on the network after iteration 166 (MF = 425.000000)
	Number of nodes: 116408
	Number of allocated nodes: 116736
	Number of edges: 145465
	Maximum in degree: 11952 (node 88)
	Maximum out degree: 168 (node 89805)
	source 1993 (node 89805) with out degree 168
	target 34 (node 88) with in degree 11952

Execution time and memory used at after iteration 167 (MF = 425.000000): 4.383660e+03 seconds, 188977152 bytes of memory usage, 231432 kB of memory peak and 01:13:05 elapsed time
Statistics on the network after iteration 167 (MF = 425.000000)
	Number of nodes: 116408
	Number of allocated nodes: 116736
	Number of edges: 145465
	Maximum in degree: 11952 (node 88)
	Maximum out degree: 168 (node 89805)
	source 1993 (node 89805) with out degree 168
	target 34 (node 88) with in degree 11952

Execution time and memory used at after iteration 168 (MF = 424.000000): 4.404730e+03 seconds, 188977152 bytes of memory usage, 231572 kB of memory peak and 01:13:26 elapsed time
Statistics on the network after iteration 168 (MF = 424.000000)
	Number of nodes: 116408
	Number of allocated nodes: 116736
	Number of edges: 145465
	Maximum in degree: 11952 (node 88)
	Maximum out degree: 168 (node 89805)
	source 1993 (node 89805) with out degree 168
	target 34 (node 88) with in degree 11952

Execution time and memory used at after iteration 169 (MF = 424.000000): 4.425820e+03 seconds, 188977152 bytes of memory usage, 231572 kB of memory peak and 01:13:47 elapsed time
Statistics on the network after iteration 169 (MF = 424.000000)
	Number of nodes: 116408
	Number of allocated nodes: 116736
	Number of edges: 145465
	Maximum in degree: 11952 (node 88)
	Maximum out degree: 168 (node 89805)
	source 1993 (node 89805) with out degree 168
	target 34 (node 88) with in degree 11952

Execution time and memory used at after iteration 170 (MF = 425.000000): 4.446890e+03 seconds, 188977152 bytes of memory usage, 231572 kB of memory peak and 01:14:08 elapsed time
Statistics on the network after iteration 170 (MF = 425.000000)
	Number of nodes: 116408
	Number of allocated nodes: 116736
	Number of edges: 145465
	Maximum in degree: 11952 (node 88)
	Maximum out degree: 168 (node 89805)
	source 1993 (node 89805) with out degree 168
	target 34 (node 88) with in degree 11952

Execution time and memory used at after iteration 171 (MF = 424.000000): 4.467950e+03 seconds, 188977152 bytes of memory usage, 231572 kB of memory peak and 01:14:29 elapsed time
Statistics on the network after iteration 171 (MF = 424.000000)
	Number of nodes: 116408
	Number of allocated nodes: 116736
	Number of edges: 145465
	Maximum in degree: 11952 (node 88)
	Maximum out degree: 168 (node 89805)
	source 1993 (node 89805) with out degree 168
	target 34 (node 88) with in degree 11952

Execution time and memory used at after iteration 172 (MF = 424.000000): 4.489020e+03 seconds, 188977152 bytes of memory usage, 231572 kB of memory peak and 01:14:50 elapsed time
Statistics on the network after iteration 172 (MF = 424.000000)
	Number of nodes: 116408
	Number of allocated nodes: 116736
	Number of edges: 145465
	Maximum in degree: 11952 (node 88)
	Maximum out degree: 168 (node 89805)
	source 1993 (node 89805) with out degree 168
	target 34 (node 88) with in degree 11952

Execution time and memory used at after iteration 173 (MF = 424.000000): 4.510080e+03 seconds, 188977152 bytes of memory usage, 231648 kB of memory peak and 01:15:11 elapsed time
Statistics on the network after iteration 173 (MF = 424.000000)
	Number of nodes: 116408
	Number of allocated nodes: 116736
	Number of edges: 145465
	Maximum in degree: 11952 (node 88)
	Maximum out degree: 168 (node 89805)
	source 1993 (node 89805) with out degree 168
	target 34 (node 88) with in degree 11952

Execution time and memory used at after iteration 174 (MF = 424.000000): 4.531140e+03 seconds, 188977152 bytes of memory usage, 231776 kB of memory peak and 01:15:32 elapsed time
Statistics on the network after iteration 174 (MF = 424.000000)
	Number of nodes: 116408
	Number of allocated nodes: 116736
	Number of edges: 145465
	Maximum in degree: 11952 (node 88)
	Maximum out degree: 168 (node 89805)
	source 1993 (node 89805) with out degree 168
	target 34 (node 88) with in degree 11952

Execution time and memory used at after iteration 175 (MF = 425.000000): 4.552260e+03 seconds, 188977152 bytes of memory usage, 231776 kB of memory peak and 01:15:53 elapsed time
Statistics on the network after iteration 175 (MF = 425.000000)
	Number of nodes: 116408
	Number of allocated nodes: 116736
	Number of edges: 145465
	Maximum in degree: 11952 (node 88)
	Maximum out degree: 168 (node 89805)
	source 1993 (node 89805) with out degree 168
	target 34 (node 88) with in degree 11952

Execution time and memory used at after iteration 176 (MF = 424.000000): 4.573370e+03 seconds, 188977152 bytes of memory usage, 232036 kB of memory peak and 01:16:15 elapsed time
Statistics on the network after iteration 176 (MF = 424.000000)
	Number of nodes: 116408
	Number of allocated nodes: 116736
	Number of edges: 145465
	Maximum in degree: 11952 (node 88)
	Maximum out degree: 168 (node 89805)
	source 1993 (node 89805) with out degree 168
	target 34 (node 88) with in degree 11952

Execution time and memory used at after iteration 177 (MF = 424.000000): 4.594490e+03 seconds, 188977152 bytes of memory usage, 232164 kB of memory peak and 01:16:36 elapsed time
Statistics on the network after iteration 177 (MF = 424.000000)
	Number of nodes: 116408
	Number of allocated nodes: 116736
	Number of edges: 145465
	Maximum in degree: 11952 (node 88)
	Maximum out degree: 168 (node 89805)
	source 1993 (node 89805) with out degree 168
	target 34 (node 88) with in degree 11952

Execution time and memory used at after iteration 178 (MF = 425.000000): 4.615590e+03 seconds, 188977152 bytes of memory usage, 232292 kB of memory peak and 01:16:57 elapsed time
Statistics on the network after iteration 178 (MF = 425.000000)
	Number of nodes: 116408
	Number of allocated nodes: 116736
	Number of edges: 145465
	Maximum in degree: 11952 (node 88)
	Maximum out degree: 168 (node 89805)
	source 1993 (node 89805) with out degree 168
	target 34 (node 88) with in degree 11952

Execution time and memory used at after iteration 179 (MF = 424.000000): 4.636670e+03 seconds, 188977152 bytes of memory usage, 232428 kB of memory peak and 01:17:18 elapsed time
Statistics on the network after iteration 179 (MF = 424.000000)
	Number of nodes: 116408
	Number of allocated nodes: 116736
	Number of edges: 145465
	Maximum in degree: 11952 (node 88)
	Maximum out degree: 168 (node 89805)
	source 1993 (node 89805) with out degree 168
	target 34 (node 88) with in degree 11952

Execution time and memory used at after iteration 180 (MF = 425.000000): 4.657750e+03 seconds, 188977152 bytes of memory usage, 232552 kB of memory peak and 01:17:39 elapsed time
Statistics on the network after iteration 180 (MF = 425.000000)
	Number of nodes: 116408
	Number of allocated nodes: 116736
	Number of edges: 145465
	Maximum in degree: 11952 (node 88)
	Maximum out degree: 168 (node 89805)
	source 1993 (node 89805) with out degree 168
	target 34 (node 88) with in degree 11952

Execution time and memory used at after iteration 181 (MF = 424.000000): 4.678900e+03 seconds, 188977152 bytes of memory usage, 232696 kB of memory peak and 01:18:00 elapsed time
Statistics on the network after iteration 181 (MF = 424.000000)
	Number of nodes: 116408
	Number of allocated nodes: 116736
	Number of edges: 145465
	Maximum in degree: 11952 (node 88)
	Maximum out degree: 168 (node 89805)
	source 1993 (node 89805) with out degree 168
	target 34 (node 88) with in degree 11952

Execution time and memory used at after iteration 182 (MF = 424.000000): 4.699980e+03 seconds, 188977152 bytes of memory usage, 232824 kB of memory peak and 01:18:21 elapsed time
Statistics on the network after iteration 182 (MF = 424.000000)
	Number of nodes: 116408
	Number of allocated nodes: 116736
	Number of edges: 145465
	Maximum in degree: 11952 (node 88)
	Maximum out degree: 168 (node 89805)
	source 1993 (node 89805) with out degree 168
	target 34 (node 88) with in degree 11952

Execution time and memory used at after iteration 183 (MF = 424.000000): 4.721110e+03 seconds, 188977152 bytes of memory usage, 232824 kB of memory peak and 01:18:42 elapsed time
Statistics on the network after iteration 183 (MF = 424.000000)
	Number of nodes: 116408
	Number of allocated nodes: 116736
	Number of edges: 145465
	Maximum in degree: 11952 (node 88)
	Maximum out degree: 168 (node 89805)
	source 1993 (node 89805) with out degree 168
	target 34 (node 88) with in degree 11952

Execution time and memory used at after iteration 184 (MF = 424.000000): 4.742200e+03 seconds, 188977152 bytes of memory usage, 232824 kB of memory peak and 01:19:03 elapsed time
Statistics on the network after iteration 184 (MF = 424.000000)
	Number of nodes: 116408
	Number of allocated nodes: 116736
	Number of edges: 145465
	Maximum in degree: 11952 (node 88)
	Maximum out degree: 168 (node 89805)
	source 1993 (node 89805) with out degree 168
	target 34 (node 88) with in degree 11952

Execution time and memory used at after iteration 185 (MF = 424.000000): 4.763330e+03 seconds, 188977152 bytes of memory usage, 232824 kB of memory peak and 01:19:25 elapsed time
Statistics on the network after iteration 185 (MF = 424.000000)
	Number of nodes: 116408
	Number of allocated nodes: 116736
	Number of edges: 145465
	Maximum in degree: 11952 (node 88)
	Maximum out degree: 168 (node 89805)
	source 1993 (node 89805) with out degree 168
	target 34 (node 88) with in degree 11952

Execution time and memory used at after iteration 186 (MF = 425.000000): 4.784440e+03 seconds, 188977152 bytes of memory usage, 232824 kB of memory peak and 01:19:46 elapsed time
Statistics on the network after iteration 186 (MF = 425.000000)
	Number of nodes: 116408
	Number of allocated nodes: 116736
	Number of edges: 145465
	Maximum in degree: 11952 (node 88)
	Maximum out degree: 168 (node 89805)
	source 1993 (node 89805) with out degree 168
	target 34 (node 88) with in degree 11952

Execution time and memory used at after iteration 187 (MF = 424.000000): 4.805550e+03 seconds, 188977152 bytes of memory usage, 232824 kB of memory peak and 01:20:07 elapsed time
Statistics on the network after iteration 187 (MF = 424.000000)
	Number of nodes: 116408
	Number of allocated nodes: 116736
	Number of edges: 145465
	Maximum in degree: 11952 (node 88)
	Maximum out degree: 168 (node 89805)
	source 1993 (node 89805) with out degree 168
	target 34 (node 88) with in degree 11952

Execution time and memory used at after iteration 188 (MF = 424.000000): 4.826690e+03 seconds, 188977152 bytes of memory usage, 232824 kB of memory peak and 01:20:28 elapsed time
Statistics on the network after iteration 188 (MF = 424.000000)
	Number of nodes: 116408
	Number of allocated nodes: 116736
	Number of edges: 145465
	Maximum in degree: 11952 (node 88)
	Maximum out degree: 168 (node 89805)
	source 1993 (node 89805) with out degree 168
	target 34 (node 88) with in degree 11952

Execution time and memory used at after iteration 189 (MF = 424.000000): 4.847780e+03 seconds, 188977152 bytes of memory usage, 232824 kB of memory peak and 01:20:49 elapsed time
Statistics on the network after iteration 189 (MF = 424.000000)
	Number of nodes: 116408
	Number of allocated nodes: 116736
	Number of edges: 145465
	Maximum in degree: 11952 (node 88)
	Maximum out degree: 168 (node 89805)
	source 1993 (node 89805) with out degree 168
	target 34 (node 88) with in degree 11952

Execution time and memory used at after iteration 190 (MF = 425.000000): 4.868930e+03 seconds, 188977152 bytes of memory usage, 232828 kB of memory peak and 01:21:10 elapsed time
Statistics on the network after iteration 190 (MF = 425.000000)
	Number of nodes: 116408
	Number of allocated nodes: 116736
	Number of edges: 145465
	Maximum in degree: 11952 (node 88)
	Maximum out degree: 168 (node 89805)
	source 1993 (node 89805) with out degree 168
	target 34 (node 88) with in degree 11952

Execution time and memory used at after iteration 191 (MF = 425.000000): 4.890070e+03 seconds, 188977152 bytes of memory usage, 232940 kB of memory peak and 01:21:31 elapsed time
Statistics on the network after iteration 191 (MF = 425.000000)
	Number of nodes: 116408
	Number of allocated nodes: 116736
	Number of edges: 145465
	Maximum in degree: 11952 (node 88)
	Maximum out degree: 168 (node 89805)
	source 1993 (node 89805) with out degree 168
	target 34 (node 88) with in degree 11952

Execution time and memory used at after iteration 192 (MF = 425.000000): 4.911260e+03 seconds, 188977152 bytes of memory usage, 233068 kB of memory peak and 01:21:53 elapsed time
Statistics on the network after iteration 192 (MF = 425.000000)
	Number of nodes: 116408
	Number of allocated nodes: 116736
	Number of edges: 145465
	Maximum in degree: 11952 (node 88)
	Maximum out degree: 168 (node 89805)
	source 1993 (node 89805) with out degree 168
	target 34 (node 88) with in degree 11952

Execution time and memory used at after iteration 193 (MF = 424.000000): 4.932440e+03 seconds, 188977152 bytes of memory usage, 233200 kB of memory peak and 01:22:14 elapsed time
Statistics on the network after iteration 193 (MF = 424.000000)
	Number of nodes: 116408
	Number of allocated nodes: 116736
	Number of edges: 145465
	Maximum in degree: 11952 (node 88)
	Maximum out degree: 168 (node 89805)
	source 1993 (node 89805) with out degree 168
	target 34 (node 88) with in degree 11952

Execution time and memory used at after iteration 194 (MF = 425.000000): 4.953580e+03 seconds, 188977152 bytes of memory usage, 233320 kB of memory peak and 01:22:35 elapsed time
Statistics on the network after iteration 194 (MF = 425.000000)
	Number of nodes: 116408
	Number of allocated nodes: 116736
	Number of edges: 145465
	Maximum in degree: 11952 (node 88)
	Maximum out degree: 168 (node 89805)
	source 1993 (node 89805) with out degree 168
	target 34 (node 88) with in degree 11952

Execution time and memory used at after iteration 195 (MF = 425.000000): 4.974730e+03 seconds, 188977152 bytes of memory usage, 233448 kB of memory peak and 01:22:56 elapsed time
Statistics on the network after iteration 195 (MF = 425.000000)
	Number of nodes: 116408
	Number of allocated nodes: 116736
	Number of edges: 145465
	Maximum in degree: 11952 (node 88)
	Maximum out degree: 168 (node 89805)
	source 1993 (node 89805) with out degree 168
	target 34 (node 88) with in degree 11952

Execution time and memory used at after iteration 196 (MF = 425.000000): 4.995870e+03 seconds, 188977152 bytes of memory usage, 233580 kB of memory peak and 01:23:17 elapsed time
Statistics on the network after iteration 196 (MF = 425.000000)
	Number of nodes: 116408
	Number of allocated nodes: 116736
	Number of edges: 145465
	Maximum in degree: 11952 (node 88)
	Maximum out degree: 168 (node 89805)
	source 1993 (node 89805) with out degree 168
	target 34 (node 88) with in degree 11952

Execution time and memory used at after iteration 197 (MF = 425.000000): 5.017060e+03 seconds, 188977152 bytes of memory usage, 233716 kB of memory peak and 01:23:38 elapsed time
Statistics on the network after iteration 197 (MF = 425.000000)
	Number of nodes: 116408
	Number of allocated nodes: 116736
	Number of edges: 145465
	Maximum in degree: 11952 (node 88)
	Maximum out degree: 168 (node 89805)
	source 1993 (node 89805) with out degree 168
	target 34 (node 88) with in degree 11952

Execution time and memory used at after iteration 198 (MF = 425.000000): 5.038220e+03 seconds, 188977152 bytes of memory usage, 233844 kB of memory peak and 01:24:00 elapsed time
Statistics on the network after iteration 198 (MF = 425.000000)
	Number of nodes: 116408
	Number of allocated nodes: 116736
	Number of edges: 145465
	Maximum in degree: 11952 (node 88)
	Maximum out degree: 168 (node 89805)
	source 1993 (node 89805) with out degree 168
	target 34 (node 88) with in degree 11952

Execution time and memory used at after iteration 199 (MF = 424.000000): 5.059390e+03 seconds, 188977152 bytes of memory usage, 233960 kB of memory peak and 01:24:21 elapsed time
Statistics on the network after iteration 199 (MF = 424.000000)
	Number of nodes: 116408
	Number of allocated nodes: 116736
	Number of edges: 145465
	Maximum in degree: 11952 (node 88)
	Maximum out degree: 168 (node 89805)
	source 1993 (node 89805) with out degree 168
	target 34 (node 88) with in degree 11952

Execution time and memory used at after iteration 200 (MF = 424.000000): 5.080550e+03 seconds, 188977152 bytes of memory usage, 234096 kB of memory peak and 01:24:42 elapsed time
Statistics on the network after iteration 200 (MF = 424.000000)
	Number of nodes: 116408
	Number of allocated nodes: 116736
	Number of edges: 145465
	Maximum in degree: 11952 (node 88)
	Maximum out degree: 168 (node 89805)
	source 1993 (node 89805) with out degree 168
	target 34 (node 88) with in degree 11952

Execution time and memory used at after iteration 201 (MF = 425.000000): 5.101750e+03 seconds, 188977152 bytes of memory usage, 234724 kB of memory peak and 01:25:03 elapsed time
Statistics on the network after iteration 201 (MF = 425.000000)
	Number of nodes: 116408
	Number of allocated nodes: 116736
	Number of edges: 145465
	Maximum in degree: 11952 (node 88)
	Maximum out degree: 168 (node 89805)
	source 1993 (node 89805) with out degree 168
	target 34 (node 88) with in degree 11952

Execution time and memory used at after iteration 202 (MF = 424.000000): 5.122920e+03 seconds, 188977152 bytes of memory usage, 234724 kB of memory peak and 01:25:24 elapsed time
Statistics on the network after iteration 202 (MF = 424.000000)
	Number of nodes: 116408
	Number of allocated nodes: 116736
	Number of edges: 145465
	Maximum in degree: 11952 (node 88)
	Maximum out degree: 168 (node 89805)
	source 1993 (node 89805) with out degree 168
	target 34 (node 88) with in degree 11952

Execution time and memory used at after iteration 203 (MF = 424.000000): 5.144120e+03 seconds, 188977152 bytes of memory usage, 234724 kB of memory peak and 01:25:46 elapsed time
Statistics on the network after iteration 203 (MF = 424.000000)
	Number of nodes: 116408
	Number of allocated nodes: 116736
	Number of edges: 145465
	Maximum in degree: 11952 (node 88)
	Maximum out degree: 168 (node 89805)
	source 1993 (node 89805) with out degree 168
	target 34 (node 88) with in degree 11952

Execution time and memory used at after iteration 204 (MF = 425.000000): 5.165300e+03 seconds, 188977152 bytes of memory usage, 234724 kB of memory peak and 01:26:07 elapsed time
Statistics on the network after iteration 204 (MF = 425.000000)
	Number of nodes: 116408
	Number of allocated nodes: 116736
	Number of edges: 145465
	Maximum in degree: 11952 (node 88)
	Maximum out degree: 168 (node 89805)
	source 1993 (node 89805) with out degree 168
	target 34 (node 88) with in degree 11952

Execution time and memory used at after iteration 205 (MF = 425.000000): 5.186490e+03 seconds, 188977152 bytes of memory usage, 234736 kB of memory peak and 01:26:28 elapsed time
Statistics on the network after iteration 205 (MF = 425.000000)
	Number of nodes: 116408
	Number of allocated nodes: 116736
	Number of edges: 145465
	Maximum in degree: 11952 (node 88)
	Maximum out degree: 168 (node 89805)
	source 1993 (node 89805) with out degree 168
	target 34 (node 88) with in degree 11952

Execution time and memory used at after iteration 206 (MF = 425.000000): 5.207680e+03 seconds, 188977152 bytes of memory usage, 234872 kB of memory peak and 01:26:49 elapsed time
Statistics on the network after iteration 206 (MF = 425.000000)
	Number of nodes: 116408
	Number of allocated nodes: 116736
	Number of edges: 145465
	Maximum in degree: 11952 (node 88)
	Maximum out degree: 168 (node 89805)
	source 1993 (node 89805) with out degree 168
	target 34 (node 88) with in degree 11952

Execution time and memory used at after iteration 207 (MF = 425.000000): 5.228860e+03 seconds, 188977152 bytes of memory usage, 234992 kB of memory peak and 01:27:10 elapsed time
Statistics on the network after iteration 207 (MF = 425.000000)
	Number of nodes: 116408
	Number of allocated nodes: 116736
	Number of edges: 145465
	Maximum in degree: 11952 (node 88)
	Maximum out degree: 168 (node 89805)
	source 1993 (node 89805) with out degree 168
	target 34 (node 88) with in degree 11952

Execution time and memory used at after iteration 208 (MF = 424.000000): 5.250060e+03 seconds, 188977152 bytes of memory usage, 235068 kB of memory peak and 01:27:32 elapsed time
Statistics on the network after iteration 208 (MF = 424.000000)
	Number of nodes: 116408
	Number of allocated nodes: 116736
	Number of edges: 145465
	Maximum in degree: 11952 (node 88)
	Maximum out degree: 168 (node 89805)
	source 1993 (node 89805) with out degree 168
	target 34 (node 88) with in degree 11952

Execution time and memory used at after iteration 209 (MF = 425.000000): 5.271290e+03 seconds, 188977152 bytes of memory usage, 235204 kB of memory peak and 01:27:53 elapsed time
Statistics on the network after iteration 209 (MF = 425.000000)
	Number of nodes: 116408
	Number of allocated nodes: 116736
	Number of edges: 145465
	Maximum in degree: 11952 (node 88)
	Maximum out degree: 168 (node 89805)
	source 1993 (node 89805) with out degree 168
	target 34 (node 88) with in degree 11952

Execution time and memory used at after iteration 210 (MF = 425.000000): 5.292490e+03 seconds, 188977152 bytes of memory usage, 235204 kB of memory peak and 01:28:14 elapsed time
Statistics on the network after iteration 210 (MF = 425.000000)
	Number of nodes: 116408
	Number of allocated nodes: 116736
	Number of edges: 145465
	Maximum in degree: 11952 (node 88)
	Maximum out degree: 168 (node 89805)
	source 1993 (node 89805) with out degree 168
	target 34 (node 88) with in degree 11952

Execution time and memory used at after iteration 211 (MF = 425.000000): 5.313700e+03 seconds, 188977152 bytes of memory usage, 235204 kB of memory peak and 01:28:35 elapsed time
Statistics on the network after iteration 211 (MF = 425.000000)
	Number of nodes: 116408
	Number of allocated nodes: 116736
	Number of edges: 145465
	Maximum in degree: 11952 (node 88)
	Maximum out degree: 168 (node 89805)
	source 1993 (node 89805) with out degree 168
	target 34 (node 88) with in degree 11952

Execution time and memory used at after iteration 212 (MF = 425.000000): 5.334880e+03 seconds, 188977152 bytes of memory usage, 235204 kB of memory peak and 01:28:56 elapsed time
Statistics on the network after iteration 212 (MF = 425.000000)
	Number of nodes: 116408
	Number of allocated nodes: 116736
	Number of edges: 145465
	Maximum in degree: 11952 (node 88)
	Maximum out degree: 168 (node 89805)
	source 1993 (node 89805) with out degree 168
	target 34 (node 88) with in degree 11952

Execution time and memory used at after iteration 213 (MF = 425.000000): 5.356090e+03 seconds, 188977152 bytes of memory usage, 235204 kB of memory peak and 01:29:18 elapsed time
Statistics on the network after iteration 213 (MF = 425.000000)
	Number of nodes: 116408
	Number of allocated nodes: 116736
	Number of edges: 145465
	Maximum in degree: 11952 (node 88)
	Maximum out degree: 168 (node 89805)
	source 1993 (node 89805) with out degree 168
	target 34 (node 88) with in degree 11952

Execution time and memory used at after iteration 214 (MF = 425.000000): 5.377330e+03 seconds, 188977152 bytes of memory usage, 235204 kB of memory peak and 01:29:39 elapsed time
Statistics on the network after iteration 214 (MF = 425.000000)
	Number of nodes: 116408
	Number of allocated nodes: 116736
	Number of edges: 145465
	Maximum in degree: 11952 (node 88)
	Maximum out degree: 168 (node 89805)
	source 1993 (node 89805) with out degree 168
	target 34 (node 88) with in degree 11952

Execution time and memory used at after iteration 215 (MF = 424.000000): 5.398530e+03 seconds, 188977152 bytes of memory usage, 235204 kB of memory peak and 01:30:00 elapsed time
Statistics on the network after iteration 215 (MF = 424.000000)
	Number of nodes: 116408
	Number of allocated nodes: 116736
	Number of edges: 145465
	Maximum in degree: 11952 (node 88)
	Maximum out degree: 168 (node 89805)
	source 1993 (node 89805) with out degree 168
	target 34 (node 88) with in degree 11952

Execution time and memory used at after iteration 216 (MF = 425.000000): 5.419780e+03 seconds, 188977152 bytes of memory usage, 235204 kB of memory peak and 01:30:21 elapsed time
Statistics on the network after iteration 216 (MF = 425.000000)
	Number of nodes: 116408
	Number of allocated nodes: 116736
	Number of edges: 145465
	Maximum in degree: 11952 (node 88)
	Maximum out degree: 168 (node 89805)
	source 1993 (node 89805) with out degree 168
	target 34 (node 88) with in degree 11952

Execution time and memory used at after iteration 217 (MF = 425.000000): 5.441010e+03 seconds, 188977152 bytes of memory usage, 235204 kB of memory peak and 01:30:43 elapsed time
Statistics on the network after iteration 217 (MF = 425.000000)
	Number of nodes: 116408
	Number of allocated nodes: 116736
	Number of edges: 145465
	Maximum in degree: 11952 (node 88)
	Maximum out degree: 168 (node 89805)
	source 1993 (node 89805) with out degree 168
	target 34 (node 88) with in degree 11952

Execution time and memory used at after iteration 218 (MF = 425.000000): 5.462320e+03 seconds, 188977152 bytes of memory usage, 235256 kB of memory peak and 01:31:04 elapsed time
Statistics on the network after iteration 218 (MF = 425.000000)
	Number of nodes: 116408
	Number of allocated nodes: 116736
	Number of edges: 145465
	Maximum in degree: 11952 (node 88)
	Maximum out degree: 168 (node 89805)
	source 1993 (node 89805) with out degree 168
	target 34 (node 88) with in degree 11952

Execution time and memory used at after iteration 219 (MF = 425.000000): 5.483570e+03 seconds, 188977152 bytes of memory usage, 235384 kB of memory peak and 01:31:25 elapsed time
Statistics on the network after iteration 219 (MF = 425.000000)
	Number of nodes: 116408
	Number of allocated nodes: 116736
	Number of edges: 145465
	Maximum in degree: 11952 (node 88)
	Maximum out degree: 168 (node 89805)
	source 1993 (node 89805) with out degree 168
	target 34 (node 88) with in degree 11952

Execution time and memory used at after iteration 220 (MF = 425.000000): 5.504840e+03 seconds, 188977152 bytes of memory usage, 235472 kB of memory peak and 01:31:46 elapsed time
Statistics on the network after iteration 220 (MF = 425.000000)
	Number of nodes: 116408
	Number of allocated nodes: 116736
	Number of edges: 145465
	Maximum in degree: 11952 (node 88)
	Maximum out degree: 168 (node 89805)
	source 1993 (node 89805) with out degree 168
	target 34 (node 88) with in degree 11952

Execution time and memory used at after iteration 221 (MF = 425.000000): 5.526120e+03 seconds, 188977152 bytes of memory usage, 235604 kB of memory peak and 01:32:08 elapsed time
Statistics on the network after iteration 221 (MF = 425.000000)
	Number of nodes: 116408
	Number of allocated nodes: 116736
	Number of edges: 145465
	Maximum in degree: 11952 (node 88)
	Maximum out degree: 168 (node 89805)
	source 1993 (node 89805) with out degree 168
	target 34 (node 88) with in degree 11952

Execution time and memory used at after iteration 222 (MF = 425.000000): 5.547340e+03 seconds, 188977152 bytes of memory usage, 235736 kB of memory peak and 01:32:29 elapsed time
Statistics on the network after iteration 222 (MF = 425.000000)
	Number of nodes: 116408
	Number of allocated nodes: 116736
	Number of edges: 145465
	Maximum in degree: 11952 (node 88)
	Maximum out degree: 168 (node 89805)
	source 1993 (node 89805) with out degree 168
	target 34 (node 88) with in degree 11952

Execution time and memory used at after iteration 223 (MF = 425.000000): 5.568600e+03 seconds, 188977152 bytes of memory usage, 235876 kB of memory peak and 01:32:50 elapsed time
Statistics on the network after iteration 223 (MF = 425.000000)
	Number of nodes: 116408
	Number of allocated nodes: 116736
	Number of edges: 145465
	Maximum in degree: 11952 (node 88)
	Maximum out degree: 168 (node 89805)
	source 1993 (node 89805) with out degree 168
	target 34 (node 88) with in degree 11952

Execution time and memory used at after iteration 224 (MF = 425.000000): 5.589890e+03 seconds, 188977152 bytes of memory usage, 236000 kB of memory peak and 01:33:12 elapsed time
Statistics on the network after iteration 224 (MF = 425.000000)
	Number of nodes: 116408
	Number of allocated nodes: 116736
	Number of edges: 145465
	Maximum in degree: 11952 (node 88)
	Maximum out degree: 168 (node 89805)
	source 1993 (node 89805) with out degree 168
	target 34 (node 88) with in degree 11952

Execution time and memory used at after iteration 225 (MF = 425.000000): 5.611090e+03 seconds, 188977152 bytes of memory usage, 236140 kB of memory peak and 01:33:33 elapsed time
Statistics on the network after iteration 225 (MF = 425.000000)
	Number of nodes: 116408
	Number of allocated nodes: 116736
	Number of edges: 145465
	Maximum in degree: 11952 (node 88)
	Maximum out degree: 168 (node 89805)
	source 1993 (node 89805) with out degree 168
	target 34 (node 88) with in degree 11952

Execution time and memory used at after iteration 226 (MF = 424.000000): 5.632390e+03 seconds, 188977152 bytes of memory usage, 236276 kB of memory peak and 01:33:54 elapsed time
Statistics on the network after iteration 226 (MF = 424.000000)
	Number of nodes: 116408
	Number of allocated nodes: 116736
	Number of edges: 145465
	Maximum in degree: 11952 (node 88)
	Maximum out degree: 168 (node 89805)
	source 1993 (node 89805) with out degree 168
	target 34 (node 88) with in degree 11952

Execution time and memory used at after iteration 227 (MF = 425.000000): 5.653680e+03 seconds, 188977152 bytes of memory usage, 236404 kB of memory peak and 01:34:15 elapsed time
Statistics on the network after iteration 227 (MF = 425.000000)
	Number of nodes: 116408
	Number of allocated nodes: 116736
	Number of edges: 145465
	Maximum in degree: 11952 (node 88)
	Maximum out degree: 168 (node 89805)
	source 1993 (node 89805) with out degree 168
	target 34 (node 88) with in degree 11952

Execution time and memory used at after iteration 228 (MF = 425.000000): 5.674990e+03 seconds, 188977152 bytes of memory usage, 236540 kB of memory peak and 01:34:37 elapsed time
Statistics on the network after iteration 228 (MF = 425.000000)
	Number of nodes: 116408
	Number of allocated nodes: 116736
	Number of edges: 145465
	Maximum in degree: 11952 (node 88)
	Maximum out degree: 168 (node 89805)
	source 1993 (node 89805) with out degree 168
	target 34 (node 88) with in degree 11952

Execution time and memory used at after iteration 229 (MF = 425.000000): 5.696310e+03 seconds, 188977152 bytes of memory usage, 236672 kB of memory peak and 01:34:58 elapsed time
Statistics on the network after iteration 229 (MF = 425.000000)
	Number of nodes: 116408
	Number of allocated nodes: 116736
	Number of edges: 145465
	Maximum in degree: 11952 (node 88)
	Maximum out degree: 168 (node 89805)
	source 1993 (node 89805) with out degree 168
	target 34 (node 88) with in degree 11952

Execution time and memory used at after iteration 230 (MF = 425.000000): 5.717620e+03 seconds, 188977152 bytes of memory usage, 236792 kB of memory peak and 01:35:19 elapsed time
Statistics on the network after iteration 230 (MF = 425.000000)
	Number of nodes: 116408
	Number of allocated nodes: 116736
	Number of edges: 145465
	Maximum in degree: 11952 (node 88)
	Maximum out degree: 168 (node 89805)
	source 1993 (node 89805) with out degree 168
	target 34 (node 88) with in degree 11952

Execution time and memory used at after iteration 231 (MF = 425.000000): 5.738990e+03 seconds, 188977152 bytes of memory usage, 236936 kB of memory peak and 01:35:41 elapsed time
Statistics on the network after iteration 231 (MF = 425.000000)
	Number of nodes: 116408
	Number of allocated nodes: 116736
	Number of edges: 145465
	Maximum in degree: 11952 (node 88)
	Maximum out degree: 168 (node 89805)
	source 1993 (node 89805) with out degree 168
	target 34 (node 88) with in degree 11952

Execution time and memory used at after iteration 232 (MF = 425.000000): 5.760370e+03 seconds, 188977152 bytes of memory usage, 237060 kB of memory peak and 01:36:02 elapsed time
Statistics on the network after iteration 232 (MF = 425.000000)
	Number of nodes: 116408
	Number of allocated nodes: 116736
	Number of edges: 145465
	Maximum in degree: 11952 (node 88)
	Maximum out degree: 168 (node 89805)
	source 1993 (node 89805) with out degree 168
	target 34 (node 88) with in degree 11952

Execution time and memory used at after iteration 233 (MF = 425.000000): 5.781760e+03 seconds, 188977152 bytes of memory usage, 237060 kB of memory peak and 01:36:24 elapsed time
Statistics on the network after iteration 233 (MF = 425.000000)
	Number of nodes: 116408
	Number of allocated nodes: 116736
	Number of edges: 145465
	Maximum in degree: 11952 (node 88)
	Maximum out degree: 168 (node 89805)
	source 1993 (node 89805) with out degree 168
	target 34 (node 88) with in degree 11952

Execution time and memory used at after iteration 234 (MF = 425.000000): 5.803210e+03 seconds, 188977152 bytes of memory usage, 238008 kB of memory peak and 01:36:45 elapsed time
Statistics on the network after iteration 234 (MF = 425.000000)
	Number of nodes: 116408
	Number of allocated nodes: 116736
	Number of edges: 145465
	Maximum in degree: 11952 (node 88)
	Maximum out degree: 168 (node 89805)
	source 1993 (node 89805) with out degree 168
	target 34 (node 88) with in degree 11952

Execution time and memory used at after iteration 235 (MF = 425.000000): 5.824620e+03 seconds, 188977152 bytes of memory usage, 238144 kB of memory peak and 01:37:06 elapsed time
Statistics on the network after iteration 235 (MF = 425.000000)
	Number of nodes: 116408
	Number of allocated nodes: 116736
	Number of edges: 145465
	Maximum in degree: 11952 (node 88)
	Maximum out degree: 168 (node 89805)
	source 1993 (node 89805) with out degree 168
	target 34 (node 88) with in degree 11952

Execution time and memory used at after iteration 236 (MF = 425.000000): 5.846030e+03 seconds, 188977152 bytes of memory usage, 238288 kB of memory peak and 01:37:28 elapsed time
Statistics on the network after iteration 236 (MF = 425.000000)
	Number of nodes: 116408
	Number of allocated nodes: 116736
	Number of edges: 145465
	Maximum in degree: 11952 (node 88)
	Maximum out degree: 168 (node 89805)
	source 1993 (node 89805) with out degree 168
	target 34 (node 88) with in degree 11952

Execution time and memory used at after iteration 237 (MF = 425.000000): 5.867450e+03 seconds, 188977152 bytes of memory usage, 238440 kB of memory peak and 01:37:49 elapsed time
Statistics on the network after iteration 237 (MF = 425.000000)
	Number of nodes: 116408
	Number of allocated nodes: 116736
	Number of edges: 145465
	Maximum in degree: 11952 (node 88)
	Maximum out degree: 168 (node 89805)
	source 1993 (node 89805) with out degree 168
	target 34 (node 88) with in degree 11952

Execution time and memory used at after iteration 238 (MF = 425.000000): 5.888740e+03 seconds, 188977152 bytes of memory usage, 238576 kB of memory peak and 01:38:11 elapsed time
Statistics on the network after iteration 238 (MF = 425.000000)
	Number of nodes: 116408
	Number of allocated nodes: 116736
	Number of edges: 145465
	Maximum in degree: 11952 (node 88)
	Maximum out degree: 168 (node 89805)
	source 1993 (node 89805) with out degree 168
	target 34 (node 88) with in degree 11952

Execution time and memory used at after iteration 239 (MF = 424.000000): 5.910080e+03 seconds, 188977152 bytes of memory usage, 238728 kB of memory peak and 01:38:32 elapsed time
Statistics on the network after iteration 239 (MF = 424.000000)
	Number of nodes: 116408
	Number of allocated nodes: 116736
	Number of edges: 145465
	Maximum in degree: 11952 (node 88)
	Maximum out degree: 168 (node 89805)
	source 1993 (node 89805) with out degree 168
	target 34 (node 88) with in degree 11952

Execution time and memory used at after iteration 240 (MF = 425.000000): 5.931450e+03 seconds, 188977152 bytes of memory usage, 238872 kB of memory peak and 01:38:53 elapsed time
Statistics on the network after iteration 240 (MF = 425.000000)
	Number of nodes: 116408
	Number of allocated nodes: 116736
	Number of edges: 145465
	Maximum in degree: 11952 (node 88)
	Maximum out degree: 168 (node 89805)
	source 1993 (node 89805) with out degree 168
	target 34 (node 88) with in degree 11952

Execution time and memory used at after iteration 241 (MF = 425.000000): 5.952850e+03 seconds, 188977152 bytes of memory usage, 239016 kB of memory peak and 01:39:15 elapsed time
Statistics on the network after iteration 241 (MF = 425.000000)
	Number of nodes: 116408
	Number of allocated nodes: 116736
	Number of edges: 145465
	Maximum in degree: 11952 (node 88)
	Maximum out degree: 168 (node 89805)
	source 1993 (node 89805) with out degree 168
	target 34 (node 88) with in degree 11952

Execution time and memory used at after iteration 242 (MF = 425.000000): 5.974220e+03 seconds, 188977152 bytes of memory usage, 239016 kB of memory peak and 01:39:36 elapsed time
Statistics on the network after iteration 242 (MF = 425.000000)
	Number of nodes: 116408
	Number of allocated nodes: 116736
	Number of edges: 145465
	Maximum in degree: 11952 (node 88)
	Maximum out degree: 168 (node 89805)
	source 1993 (node 89805) with out degree 168
	target 34 (node 88) with in degree 11952

Execution time and memory used at after iteration 243 (MF = 425.000000): 5.995590e+03 seconds, 188977152 bytes of memory usage, 239016 kB of memory peak and 01:39:57 elapsed time
Statistics on the network after iteration 243 (MF = 425.000000)
	Number of nodes: 116408
	Number of allocated nodes: 116736
	Number of edges: 145465
	Maximum in degree: 11952 (node 88)
	Maximum out degree: 168 (node 89805)
	source 1993 (node 89805) with out degree 168
	target 34 (node 88) with in degree 11952

Execution time and memory used at after iteration 244 (MF = 425.000000): 6.016950e+03 seconds, 188977152 bytes of memory usage, 239016 kB of memory peak and 01:40:19 elapsed time
Statistics on the network after iteration 244 (MF = 425.000000)
	Number of nodes: 116408
	Number of allocated nodes: 116736
	Number of edges: 145465
	Maximum in degree: 11952 (node 88)
	Maximum out degree: 168 (node 89805)
	source 1993 (node 89805) with out degree 168
	target 34 (node 88) with in degree 11952

Execution time and memory used at after iteration 245 (MF = 424.000000): 6.038320e+03 seconds, 188977152 bytes of memory usage, 239016 kB of memory peak and 01:40:40 elapsed time
Statistics on the network after iteration 245 (MF = 424.000000)
	Number of nodes: 116408
	Number of allocated nodes: 116736
	Number of edges: 145465
	Maximum in degree: 11952 (node 88)
	Maximum out degree: 168 (node 89805)
	source 1993 (node 89805) with out degree 168
	target 34 (node 88) with in degree 11952

Execution time and memory used at after iteration 246 (MF = 425.000000): 6.059700e+03 seconds, 188977152 bytes of memory usage, 239120 kB of memory peak and 01:41:02 elapsed time
Statistics on the network after iteration 246 (MF = 425.000000)
	Number of nodes: 116408
	Number of allocated nodes: 116736
	Number of edges: 145465
	Maximum in degree: 11952 (node 88)
	Maximum out degree: 168 (node 89805)
	source 1993 (node 89805) with out degree 168
	target 34 (node 88) with in degree 11952

Execution time and memory used at after iteration 247 (MF = 425.000000): 6.081050e+03 seconds, 188977152 bytes of memory usage, 239280 kB of memory peak and 01:41:23 elapsed time
Statistics on the network after iteration 247 (MF = 425.000000)
	Number of nodes: 116408
	Number of allocated nodes: 116736
	Number of edges: 145465
	Maximum in degree: 11952 (node 88)
	Maximum out degree: 168 (node 89805)
	source 1993 (node 89805) with out degree 168
	target 34 (node 88) with in degree 11952

Execution time and memory used at after iteration 248 (MF = 425.000000): 6.102390e+03 seconds, 188977152 bytes of memory usage, 239412 kB of memory peak and 01:41:44 elapsed time
Statistics on the network after iteration 248 (MF = 425.000000)
	Number of nodes: 116408
	Number of allocated nodes: 116736
	Number of edges: 145465
	Maximum in degree: 11952 (node 88)
	Maximum out degree: 168 (node 89805)
	source 1993 (node 89805) with out degree 168
	target 34 (node 88) with in degree 11952

Execution time and memory used at after iteration 249 (MF = 425.000000): 6.123740e+03 seconds, 188977152 bytes of memory usage, 239548 kB of memory peak and 01:42:06 elapsed time
Statistics on the network after iteration 249 (MF = 425.000000)
	Number of nodes: 116408
	Number of allocated nodes: 116736
	Number of edges: 145465
	Maximum in degree: 11952 (node 88)
	Maximum out degree: 168 (node 89805)
	source 1993 (node 89805) with out degree 168
	target 34 (node 88) with in degree 11952

Execution time and memory used at after iteration 250 (MF = 425.000000): 6.145110e+03 seconds, 188977152 bytes of memory usage, 239548 kB of memory peak and 01:42:27 elapsed time
Statistics on the network after iteration 250 (MF = 425.000000)
	Number of nodes: 116408
	Number of allocated nodes: 116736
	Number of edges: 145465
	Maximum in degree: 11952 (node 88)
	Maximum out degree: 168 (node 89805)
	source 1993 (node 89805) with out degree 168
	target 34 (node 88) with in degree 11952

Execution time and memory used at after iteration 251 (MF = 425.000000): 6.166460e+03 seconds, 188977152 bytes of memory usage, 239548 kB of memory peak and 01:42:48 elapsed time
Statistics on the network after iteration 251 (MF = 425.000000)
	Number of nodes: 116408
	Number of allocated nodes: 116736
	Number of edges: 145465
	Maximum in degree: 11952 (node 88)
	Maximum out degree: 168 (node 89805)
	source 1993 (node 89805) with out degree 168
	target 34 (node 88) with in degree 11952

Execution time and memory used at after iteration 252 (MF = 425.000000): 6.187860e+03 seconds, 188977152 bytes of memory usage, 239548 kB of memory peak and 01:43:10 elapsed time
Statistics on the network after iteration 252 (MF = 425.000000)
	Number of nodes: 116408
	Number of allocated nodes: 116736
	Number of edges: 145465
	Maximum in degree: 11952 (node 88)
	Maximum out degree: 168 (node 89805)
	source 1993 (node 89805) with out degree 168
	target 34 (node 88) with in degree 11952

Execution time and memory used at after iteration 253 (MF = 424.000000): 6.209200e+03 seconds, 188977152 bytes of memory usage, 239552 kB of memory peak and 01:43:31 elapsed time
Statistics on the network after iteration 253 (MF = 424.000000)
	Number of nodes: 116408
	Number of allocated nodes: 116736
	Number of edges: 145465
	Maximum in degree: 11952 (node 88)
	Maximum out degree: 168 (node 89805)
	source 1993 (node 89805) with out degree 168
	target 34 (node 88) with in degree 11952

Execution time and memory used at after iteration 254 (MF = 425.000000): 6.230590e+03 seconds, 188977152 bytes of memory usage, 239684 kB of memory peak and 01:43:53 elapsed time
Statistics on the network after iteration 254 (MF = 425.000000)
	Number of nodes: 116408
	Number of allocated nodes: 116736
	Number of edges: 145465
	Maximum in degree: 11952 (node 88)
	Maximum out degree: 168 (node 89805)
	source 1993 (node 89805) with out degree 168
	target 34 (node 88) with in degree 11952

Execution time and memory used at after iteration 255 (MF = 425.000000): 6.251940e+03 seconds, 188977152 bytes of memory usage, 239828 kB of memory peak and 01:44:14 elapsed time
Statistics on the network after iteration 255 (MF = 425.000000)
	Number of nodes: 116408
	Number of allocated nodes: 116736
	Number of edges: 145465
	Maximum in degree: 11952 (node 88)
	Maximum out degree: 168 (node 89805)
	source 1993 (node 89805) with out degree 168
	target 34 (node 88) with in degree 11952

Execution time and memory used at after iteration 256 (MF = 424.000000): 6.273310e+03 seconds, 188977152 bytes of memory usage, 239968 kB of memory peak and 01:44:35 elapsed time
Statistics on the network after iteration 256 (MF = 424.000000)
	Number of nodes: 116408
	Number of allocated nodes: 116736
	Number of edges: 145465
	Maximum in degree: 11952 (node 88)
	Maximum out degree: 168 (node 89805)
	source 1993 (node 89805) with out degree 168
	target 34 (node 88) with in degree 11952

Execution time and memory used at after iteration 257 (MF = 425.000000): 6.294660e+03 seconds, 188977152 bytes of memory usage, 240108 kB of memory peak and 01:44:57 elapsed time
Statistics on the network after iteration 257 (MF = 425.000000)
	Number of nodes: 116408
	Number of allocated nodes: 116736
	Number of edges: 145465
	Maximum in degree: 11952 (node 88)
	Maximum out degree: 168 (node 89805)
	source 1993 (node 89805) with out degree 168
	target 34 (node 88) with in degree 11952

Execution time and memory used at after iteration 258 (MF = 424.000000): 6.316030e+03 seconds, 188977152 bytes of memory usage, 240240 kB of memory peak and 01:45:18 elapsed time
Statistics on the network after iteration 258 (MF = 424.000000)
	Number of nodes: 116408
	Number of allocated nodes: 116736
	Number of edges: 145465
	Maximum in degree: 11952 (node 88)
	Maximum out degree: 168 (node 89805)
	source 1993 (node 89805) with out degree 168
	target 34 (node 88) with in degree 11952

Execution time and memory used at after iteration 259 (MF = 425.000000): 6.337410e+03 seconds, 188977152 bytes of memory usage, 240384 kB of memory peak and 01:45:39 elapsed time
Statistics on the network after iteration 259 (MF = 425.000000)
	Number of nodes: 116408
	Number of allocated nodes: 116736
	Number of edges: 145465
	Maximum in degree: 11952 (node 88)
	Maximum out degree: 168 (node 89805)
	source 1993 (node 89805) with out degree 168
	target 34 (node 88) with in degree 11952

Execution time and memory used at after iteration 260 (MF = 425.000000): 6.358780e+03 seconds, 188977152 bytes of memory usage, 240384 kB of memory peak and 01:46:01 elapsed time
Statistics on the network after iteration 260 (MF = 425.000000)
	Number of nodes: 116408
	Number of allocated nodes: 116736
	Number of edges: 145465
	Maximum in degree: 11952 (node 88)
	Maximum out degree: 168 (node 89805)
	source 1993 (node 89805) with out degree 168
	target 34 (node 88) with in degree 11952

Execution time and memory used at after iteration 261 (MF = 425.000000): 6.380140e+03 seconds, 188977152 bytes of memory usage, 240384 kB of memory peak and 01:46:22 elapsed time
Statistics on the network after iteration 261 (MF = 425.000000)
	Number of nodes: 116408
	Number of allocated nodes: 116736
	Number of edges: 145465
	Maximum in degree: 11952 (node 88)
	Maximum out degree: 168 (node 89805)
	source 1993 (node 89805) with out degree 168
	target 34 (node 88) with in degree 11952

Execution time and memory used at after iteration 262 (MF = 425.000000): 6.401560e+03 seconds, 188977152 bytes of memory usage, 240384 kB of memory peak and 01:46:44 elapsed time
Statistics on the network after iteration 262 (MF = 425.000000)
	Number of nodes: 116408
	Number of allocated nodes: 116736
	Number of edges: 145465
	Maximum in degree: 11952 (node 88)
	Maximum out degree: 168 (node 89805)
	source 1993 (node 89805) with out degree 168
	target 34 (node 88) with in degree 11952

Execution time and memory used at after iteration 263 (MF = 425.000000): 6.422920e+03 seconds, 188977152 bytes of memory usage, 240384 kB of memory peak and 01:47:05 elapsed time
Statistics on the network after iteration 263 (MF = 425.000000)
	Number of nodes: 116408
	Number of allocated nodes: 116736
	Number of edges: 145465
	Maximum in degree: 11952 (node 88)
	Maximum out degree: 168 (node 89805)
	source 1993 (node 89805) with out degree 168
	target 34 (node 88) with in degree 11952

Execution time and memory used at after iteration 264 (MF = 425.000000): 6.444320e+03 seconds, 188977152 bytes of memory usage, 240428 kB of memory peak and 01:47:26 elapsed time
Statistics on the network after iteration 264 (MF = 425.000000)
	Number of nodes: 116408
	Number of allocated nodes: 116736
	Number of edges: 145465
	Maximum in degree: 11952 (node 88)
	Maximum out degree: 168 (node 89805)
	source 1993 (node 89805) with out degree 168
	target 34 (node 88) with in degree 11952

Execution time and memory used at after iteration 265 (MF = 425.000000): 6.465680e+03 seconds, 188977152 bytes of memory usage, 240556 kB of memory peak and 01:47:48 elapsed time
Statistics on the network after iteration 265 (MF = 425.000000)
	Number of nodes: 116408
	Number of allocated nodes: 116736
	Number of edges: 145465
	Maximum in degree: 11952 (node 88)
	Maximum out degree: 168 (node 89805)
	source 1993 (node 89805) with out degree 168
	target 34 (node 88) with in degree 11952

Execution time and memory used at after iteration 266 (MF = 425.000000): 6.487090e+03 seconds, 188977152 bytes of memory usage, 240700 kB of memory peak and 01:48:09 elapsed time
Statistics on the network after iteration 266 (MF = 425.000000)
	Number of nodes: 116408
	Number of allocated nodes: 116736
	Number of edges: 145465
	Maximum in degree: 11952 (node 88)
	Maximum out degree: 168 (node 89805)
	source 1993 (node 89805) with out degree 168
	target 34 (node 88) with in degree 11952

Execution time and memory used at after iteration 267 (MF = 425.000000): 6.508500e+03 seconds, 188977152 bytes of memory usage, 240700 kB of memory peak and 01:48:31 elapsed time
Statistics on the network after iteration 267 (MF = 425.000000)
	Number of nodes: 116408
	Number of allocated nodes: 116736
	Number of edges: 145465
	Maximum in degree: 11952 (node 88)
	Maximum out degree: 168 (node 89805)
	source 1993 (node 89805) with out degree 168
	target 34 (node 88) with in degree 11952

Execution time and memory used at after iteration 268 (MF = 425.000000): 6.529920e+03 seconds, 188977152 bytes of memory usage, 240700 kB of memory peak and 01:48:52 elapsed time
Statistics on the network after iteration 268 (MF = 425.000000)
	Number of nodes: 116408
	Number of allocated nodes: 116736
	Number of edges: 145465
	Maximum in degree: 11952 (node 88)
	Maximum out degree: 168 (node 89805)
	source 1993 (node 89805) with out degree 168
	target 34 (node 88) with in degree 11952

Execution time and memory used at after iteration 269 (MF = 425.000000): 6.551330e+03 seconds, 188977152 bytes of memory usage, 240700 kB of memory peak and 01:49:13 elapsed time
Statistics on the network after iteration 269 (MF = 425.000000)
	Number of nodes: 116408
	Number of allocated nodes: 116736
	Number of edges: 145465
	Maximum in degree: 11952 (node 88)
	Maximum out degree: 168 (node 89805)
	source 1993 (node 89805) with out degree 168
	target 34 (node 88) with in degree 11952

Execution time and memory used at after iteration 270 (MF = 425.000000): 6.572720e+03 seconds, 188977152 bytes of memory usage, 240784 kB of memory peak and 01:49:35 elapsed time
Statistics on the network after iteration 270 (MF = 425.000000)
	Number of nodes: 116408
	Number of allocated nodes: 116736
	Number of edges: 145465
	Maximum in degree: 11952 (node 88)
	Maximum out degree: 168 (node 89805)
	source 1993 (node 89805) with out degree 168
	target 34 (node 88) with in degree 11952

Execution time and memory used at after iteration 271 (MF = 425.000000): 6.594150e+03 seconds, 188977152 bytes of memory usage, 240924 kB of memory peak and 01:49:56 elapsed time
Statistics on the network after iteration 271 (MF = 425.000000)
	Number of nodes: 116408
	Number of allocated nodes: 116736
	Number of edges: 145465
	Maximum in degree: 11952 (node 88)
	Maximum out degree: 168 (node 89805)
	source 1993 (node 89805) with out degree 168
	target 34 (node 88) with in degree 11952

Execution time and memory used at after iteration 272 (MF = 425.000000): 6.615610e+03 seconds, 188977152 bytes of memory usage, 241068 kB of memory peak and 01:50:18 elapsed time
Statistics on the network after iteration 272 (MF = 425.000000)
	Number of nodes: 116408
	Number of allocated nodes: 116736
	Number of edges: 145465
	Maximum in degree: 11952 (node 88)
	Maximum out degree: 168 (node 89805)
	source 1993 (node 89805) with out degree 168
	target 34 (node 88) with in degree 11952

Execution time and memory used at after iteration 273 (MF = 425.000000): 6.637030e+03 seconds, 188977152 bytes of memory usage, 241068 kB of memory peak and 01:50:39 elapsed time
Statistics on the network after iteration 273 (MF = 425.000000)
	Number of nodes: 116408
	Number of allocated nodes: 116736
	Number of edges: 145465
	Maximum in degree: 11952 (node 88)
	Maximum out degree: 168 (node 89805)
	source 1993 (node 89805) with out degree 168
	target 34 (node 88) with in degree 11952

Execution time and memory used at after iteration 274 (MF = 425.000000): 6.658470e+03 seconds, 188977152 bytes of memory usage, 241068 kB of memory peak and 01:51:01 elapsed time
Statistics on the network after iteration 274 (MF = 425.000000)
	Number of nodes: 116408
	Number of allocated nodes: 116736
	Number of edges: 145465
	Maximum in degree: 11952 (node 88)
	Maximum out degree: 168 (node 89805)
	source 1993 (node 89805) with out degree 168
	target 34 (node 88) with in degree 11952

Execution time and memory used at after iteration 275 (MF = 424.000000): 6.679900e+03 seconds, 188977152 bytes of memory usage, 241068 kB of memory peak and 01:51:22 elapsed time
Statistics on the network after iteration 275 (MF = 424.000000)
	Number of nodes: 116408
	Number of allocated nodes: 116736
	Number of edges: 145465
	Maximum in degree: 11952 (node 88)
	Maximum out degree: 168 (node 89805)
	source 1993 (node 89805) with out degree 168
	target 34 (node 88) with in degree 11952

Execution time and memory used at after iteration 276 (MF = 425.000000): 6.701310e+03 seconds, 188977152 bytes of memory usage, 241068 kB of memory peak and 01:51:43 elapsed time
Statistics on the network after iteration 276 (MF = 425.000000)
	Number of nodes: 116408
	Number of allocated nodes: 116736
	Number of edges: 145465
	Maximum in degree: 11952 (node 88)
	Maximum out degree: 168 (node 89805)
	source 1993 (node 89805) with out degree 168
	target 34 (node 88) with in degree 11952

Execution time and memory used at after iteration 277 (MF = 424.000000): 6.722740e+03 seconds, 188977152 bytes of memory usage, 241208 kB of memory peak and 01:52:05 elapsed time
Statistics on the network after iteration 277 (MF = 424.000000)
	Number of nodes: 116408
	Number of allocated nodes: 116736
	Number of edges: 145465
	Maximum in degree: 11952 (node 88)
	Maximum out degree: 168 (node 89805)
	source 1993 (node 89805) with out degree 168
	target 34 (node 88) with in degree 11952

Execution time and memory used at after iteration 278 (MF = 425.000000): 6.744180e+03 seconds, 188977152 bytes of memory usage, 241212 kB of memory peak and 01:52:26 elapsed time
Statistics on the network after iteration 278 (MF = 425.000000)
	Number of nodes: 116408
	Number of allocated nodes: 116736
	Number of edges: 145465
	Maximum in degree: 11952 (node 88)
	Maximum out degree: 168 (node 89805)
	source 1993 (node 89805) with out degree 168
	target 34 (node 88) with in degree 11952

Execution time and memory used at after iteration 279 (MF = 425.000000): 6.765650e+03 seconds, 188977152 bytes of memory usage, 241356 kB of memory peak and 01:52:48 elapsed time
Statistics on the network after iteration 279 (MF = 425.000000)
	Number of nodes: 116408
	Number of allocated nodes: 116736
	Number of edges: 145465
	Maximum in degree: 11952 (node 88)
	Maximum out degree: 168 (node 89805)
	source 1993 (node 89805) with out degree 168
	target 34 (node 88) with in degree 11952

Execution time and memory used at after iteration 280 (MF = 425.000000): 6.787140e+03 seconds, 188977152 bytes of memory usage, 241492 kB of memory peak and 01:53:09 elapsed time
Statistics on the network after iteration 280 (MF = 425.000000)
	Number of nodes: 116408
	Number of allocated nodes: 116736
	Number of edges: 145465
	Maximum in degree: 11952 (node 88)
	Maximum out degree: 168 (node 89805)
	source 1993 (node 89805) with out degree 168
	target 34 (node 88) with in degree 11952

Execution time and memory used at after iteration 281 (MF = 425.000000): 6.808630e+03 seconds, 188977152 bytes of memory usage, 241628 kB of memory peak and 01:53:31 elapsed time
Statistics on the network after iteration 281 (MF = 425.000000)
	Number of nodes: 116408
	Number of allocated nodes: 116736
	Number of edges: 145465
	Maximum in degree: 11952 (node 88)
	Maximum out degree: 168 (node 89805)
	source 1993 (node 89805) with out degree 168
	target 34 (node 88) with in degree 11952

Execution time and memory used at after iteration 282 (MF = 425.000000): 6.830070e+03 seconds, 188977152 bytes of memory usage, 241764 kB of memory peak and 01:53:52 elapsed time
Statistics on the network after iteration 282 (MF = 425.000000)
	Number of nodes: 116408
	Number of allocated nodes: 116736
	Number of edges: 145465
	Maximum in degree: 11952 (node 88)
	Maximum out degree: 168 (node 89805)
	source 1993 (node 89805) with out degree 168
	target 34 (node 88) with in degree 11952

Execution time and memory used at after iteration 283 (MF = 425.000000): 6.851510e+03 seconds, 188977152 bytes of memory usage, 241904 kB of memory peak and 01:54:14 elapsed time
Statistics on the network after iteration 283 (MF = 425.000000)
	Number of nodes: 116408
	Number of allocated nodes: 116736
	Number of edges: 145465
	Maximum in degree: 11952 (node 88)
	Maximum out degree: 168 (node 89805)
	source 1993 (node 89805) with out degree 168
	target 34 (node 88) with in degree 11952

Execution time and memory used at after iteration 284 (MF = 425.000000): 6.872940e+03 seconds, 188977152 bytes of memory usage, 242040 kB of memory peak and 01:54:35 elapsed time
Statistics on the network after iteration 284 (MF = 425.000000)
	Number of nodes: 116408
	Number of allocated nodes: 116736
	Number of edges: 145465
	Maximum in degree: 11952 (node 88)
	Maximum out degree: 168 (node 89805)
	source 1993 (node 89805) with out degree 168
	target 34 (node 88) with in degree 11952

Execution time and memory used at after iteration 285 (MF = 425.000000): 6.894380e+03 seconds, 188977152 bytes of memory usage, 242192 kB of memory peak and 01:54:57 elapsed time
Statistics on the network after iteration 285 (MF = 425.000000)
	Number of nodes: 116408
	Number of allocated nodes: 116736
	Number of edges: 145465
	Maximum in degree: 11952 (node 88)
	Maximum out degree: 168 (node 89805)
	source 1993 (node 89805) with out degree 168
	target 34 (node 88) with in degree 11952

Execution time and memory used at after iteration 286 (MF = 425.000000): 6.915850e+03 seconds, 188977152 bytes of memory usage, 242320 kB of memory peak and 01:55:18 elapsed time
Statistics on the network after iteration 286 (MF = 425.000000)
	Number of nodes: 116408
	Number of allocated nodes: 116736
	Number of edges: 145465
	Maximum in degree: 11952 (node 88)
	Maximum out degree: 168 (node 89805)
	source 1993 (node 89805) with out degree 168
	target 34 (node 88) with in degree 11952

Execution time and memory used at after iteration 287 (MF = 425.000000): 6.937320e+03 seconds, 188977152 bytes of memory usage, 242320 kB of memory peak and 01:55:40 elapsed time
Statistics on the network after iteration 287 (MF = 425.000000)
	Number of nodes: 116408
	Number of allocated nodes: 116736
	Number of edges: 145465
	Maximum in degree: 11952 (node 88)
	Maximum out degree: 168 (node 89805)
	source 1993 (node 89805) with out degree 168
	target 34 (node 88) with in degree 11952

Execution time and memory used at after iteration 288 (MF = 425.000000): 6.958790e+03 seconds, 188977152 bytes of memory usage, 242320 kB of memory peak and 01:56:01 elapsed time
Statistics on the network after iteration 288 (MF = 425.000000)
	Number of nodes: 116408
	Number of allocated nodes: 116736
	Number of edges: 145465
	Maximum in degree: 11952 (node 88)
	Maximum out degree: 168 (node 89805)
	source 1993 (node 89805) with out degree 168
	target 34 (node 88) with in degree 11952

Execution time and memory used at after iteration 289 (MF = 425.000000): 6.980260e+03 seconds, 188977152 bytes of memory usage, 242320 kB of memory peak and 01:56:22 elapsed time
Statistics on the network after iteration 289 (MF = 425.000000)
	Number of nodes: 116408
	Number of allocated nodes: 116736
	Number of edges: 145465
	Maximum in degree: 11952 (node 88)
	Maximum out degree: 168 (node 89805)
	source 1993 (node 89805) with out degree 168
	target 34 (node 88) with in degree 11952

Execution time and memory used at after iteration 290 (MF = 424.000000): 7.001710e+03 seconds, 188977152 bytes of memory usage, 242320 kB of memory peak and 01:56:44 elapsed time
Statistics on the network after iteration 290 (MF = 424.000000)
	Number of nodes: 116408
	Number of allocated nodes: 116736
	Number of edges: 145465
	Maximum in degree: 11952 (node 88)
	Maximum out degree: 168 (node 89805)
	source 1993 (node 89805) with out degree 168
	target 34 (node 88) with in degree 11952

Execution time and memory used at after iteration 291 (MF = 425.000000): 7.023180e+03 seconds, 188977152 bytes of memory usage, 242320 kB of memory peak and 01:57:05 elapsed time
Statistics on the network after iteration 291 (MF = 425.000000)
	Number of nodes: 116408
	Number of allocated nodes: 116736
	Number of edges: 145465
	Maximum in degree: 11952 (node 88)
	Maximum out degree: 168 (node 89805)
	source 1993 (node 89805) with out degree 168
	target 34 (node 88) with in degree 11952

Execution time and memory used at after iteration 292 (MF = 425.000000): 7.044680e+03 seconds, 188977152 bytes of memory usage, 242320 kB of memory peak and 01:57:27 elapsed time
Statistics on the network after iteration 292 (MF = 425.000000)
	Number of nodes: 116408
	Number of allocated nodes: 116736
	Number of edges: 145465
	Maximum in degree: 11952 (node 88)
	Maximum out degree: 168 (node 89805)
	source 1993 (node 89805) with out degree 168
	target 34 (node 88) with in degree 11952

Execution time and memory used at after iteration 293 (MF = 425.000000): 7.066190e+03 seconds, 188977152 bytes of memory usage, 242320 kB of memory peak and 01:57:48 elapsed time
Statistics on the network after iteration 293 (MF = 425.000000)
	Number of nodes: 116408
	Number of allocated nodes: 116736
	Number of edges: 145465
	Maximum in degree: 11952 (node 88)
	Maximum out degree: 168 (node 89805)
	source 1993 (node 89805) with out degree 168
	target 34 (node 88) with in degree 11952

Execution time and memory used at after iteration 294 (MF = 425.000000): 7.087720e+03 seconds, 188977152 bytes of memory usage, 242456 kB of memory peak and 01:58:10 elapsed time
Statistics on the network after iteration 294 (MF = 425.000000)
	Number of nodes: 116408
	Number of allocated nodes: 116736
	Number of edges: 145465
	Maximum in degree: 11952 (node 88)
	Maximum out degree: 168 (node 89805)
	source 1993 (node 89805) with out degree 168
	target 34 (node 88) with in degree 11952

Execution time and memory used at after iteration 295 (MF = 425.000000): 7.109200e+03 seconds, 188977152 bytes of memory usage, 242588 kB of memory peak and 01:58:31 elapsed time
Statistics on the network after iteration 295 (MF = 425.000000)
	Number of nodes: 116408
	Number of allocated nodes: 116736
	Number of edges: 145465
	Maximum in degree: 11952 (node 88)
	Maximum out degree: 168 (node 89805)
	source 1993 (node 89805) with out degree 168
	target 34 (node 88) with in degree 11952

Execution time and memory used at after iteration 296 (MF = 425.000000): 7.130760e+03 seconds, 188977152 bytes of memory usage, 242588 kB of memory peak and 01:58:53 elapsed time
Statistics on the network after iteration 296 (MF = 425.000000)
	Number of nodes: 116408
	Number of allocated nodes: 116736
	Number of edges: 145465
	Maximum in degree: 11952 (node 88)
	Maximum out degree: 168 (node 89805)
	source 1993 (node 89805) with out degree 168
	target 34 (node 88) with in degree 11952

Execution time and memory used at after iteration 297 (MF = 424.000000): 7.152280e+03 seconds, 188977152 bytes of memory usage, 242700 kB of memory peak and 01:59:15 elapsed time
Statistics on the network after iteration 297 (MF = 424.000000)
	Number of nodes: 116408
	Number of allocated nodes: 116736
	Number of edges: 145465
	Maximum in degree: 11952 (node 88)
	Maximum out degree: 168 (node 89805)
	source 1993 (node 89805) with out degree 168
	target 34 (node 88) with in degree 11952

Execution time and memory used at after iteration 298 (MF = 425.000000): 7.173810e+03 seconds, 188977152 bytes of memory usage, 242828 kB of memory peak and 01:59:36 elapsed time
Statistics on the network after iteration 298 (MF = 425.000000)
	Number of nodes: 116408
	Number of allocated nodes: 116736
	Number of edges: 145465
	Maximum in degree: 11952 (node 88)
	Maximum out degree: 168 (node 89805)
	source 1993 (node 89805) with out degree 168
	target 34 (node 88) with in degree 11952

Execution time and memory used at after iteration 299 (MF = 424.000000): 7.195320e+03 seconds, 188977152 bytes of memory usage, 242964 kB of memory peak and 01:59:58 elapsed time
Statistics on the network after iteration 299 (MF = 424.000000)
	Number of nodes: 116408
	Number of allocated nodes: 116736
	Number of edges: 145465
	Maximum in degree: 11952 (node 88)
	Maximum out degree: 168 (node 89805)
	source 1993 (node 89805) with out degree 168
	target 34 (node 88) with in degree 11952

Execution time and memory used at after iteration 300 (MF = 425.000000): 7.216870e+03 seconds, 188977152 bytes of memory usage, 243100 kB of memory peak and 02:00:19 elapsed time
Statistics on the network after iteration 300 (MF = 425.000000)
	Number of nodes: 116408
	Number of allocated nodes: 116736
	Number of edges: 145465
	Maximum in degree: 11952 (node 88)
	Maximum out degree: 168 (node 89805)
	source 1993 (node 89805) with out degree 168
	target 34 (node 88) with in degree 11952

Execution time and memory used at after iteration 301 (MF = 425.000000): 7.238400e+03 seconds, 188977152 bytes of memory usage, 243248 kB of memory peak and 02:00:41 elapsed time
Statistics on the network after iteration 301 (MF = 425.000000)
	Number of nodes: 116408
	Number of allocated nodes: 116736
	Number of edges: 145465
	Maximum in degree: 11952 (node 88)
	Maximum out degree: 168 (node 89805)
	source 1993 (node 89805) with out degree 168
	target 34 (node 88) with in degree 11952

Execution time and memory used at after iteration 302 (MF = 424.000000): 7.259950e+03 seconds, 188977152 bytes of memory usage, 243384 kB of memory peak and 02:01:02 elapsed time
Statistics on the network after iteration 302 (MF = 424.000000)
	Number of nodes: 116408
	Number of allocated nodes: 116736
	Number of edges: 145465
	Maximum in degree: 11952 (node 88)
	Maximum out degree: 168 (node 89805)
	source 1993 (node 89805) with out degree 168
	target 34 (node 88) with in degree 11952

Execution time and memory used at after iteration 303 (MF = 425.000000): 7.281490e+03 seconds, 188977152 bytes of memory usage, 243512 kB of memory peak and 02:01:24 elapsed time
Statistics on the network after iteration 303 (MF = 425.000000)
	Number of nodes: 116408
	Number of allocated nodes: 116736
	Number of edges: 145465
	Maximum in degree: 11952 (node 88)
	Maximum out degree: 168 (node 89805)
	source 1993 (node 89805) with out degree 168
	target 34 (node 88) with in degree 11952

Execution time and memory used at after iteration 304 (MF = 425.000000): 7.303030e+03 seconds, 188977152 bytes of memory usage, 243656 kB of memory peak and 02:01:45 elapsed time
Statistics on the network after iteration 304 (MF = 425.000000)
	Number of nodes: 116408
	Number of allocated nodes: 116736
	Number of edges: 145465
	Maximum in degree: 11952 (node 88)
	Maximum out degree: 168 (node 89805)
	source 1993 (node 89805) with out degree 168
	target 34 (node 88) with in degree 11952

Execution time and memory used at after iteration 305 (MF = 425.000000): 7.324540e+03 seconds, 188977152 bytes of memory usage, 243800 kB of memory peak and 02:02:07 elapsed time
Statistics on the network after iteration 305 (MF = 425.000000)
	Number of nodes: 116408
	Number of allocated nodes: 116736
	Number of edges: 145465
	Maximum in degree: 11952 (node 88)
	Maximum out degree: 168 (node 89805)
	source 1993 (node 89805) with out degree 168
	target 34 (node 88) with in degree 11952

Execution time and memory used at after iteration 306 (MF = 424.000000): 7.346110e+03 seconds, 188977152 bytes of memory usage, 243932 kB of memory peak and 02:02:28 elapsed time
Statistics on the network after iteration 306 (MF = 424.000000)
	Number of nodes: 116408
	Number of allocated nodes: 116736
	Number of edges: 145465
	Maximum in degree: 11952 (node 88)
	Maximum out degree: 168 (node 89805)
	source 1993 (node 89805) with out degree 168
	target 34 (node 88) with in degree 11952

Execution time and memory used at after iteration 307 (MF = 425.000000): 7.367700e+03 seconds, 188977152 bytes of memory usage, 243932 kB of memory peak and 02:02:50 elapsed time
Statistics on the network after iteration 307 (MF = 425.000000)
	Number of nodes: 116408
	Number of allocated nodes: 116736
	Number of edges: 145465
	Maximum in degree: 11952 (node 88)
	Maximum out degree: 168 (node 89805)
	source 1993 (node 89805) with out degree 168
	target 34 (node 88) with in degree 11952

Execution time and memory used at after iteration 308 (MF = 425.000000): 7.389290e+03 seconds, 188977152 bytes of memory usage, 243932 kB of memory peak and 02:03:12 elapsed time
Statistics on the network after iteration 308 (MF = 425.000000)
	Number of nodes: 116408
	Number of allocated nodes: 116736
	Number of edges: 145465
	Maximum in degree: 11952 (node 88)
	Maximum out degree: 168 (node 89805)
	source 1993 (node 89805) with out degree 168
	target 34 (node 88) with in degree 11952

Execution time and memory used at after iteration 309 (MF = 425.000000): 7.410890e+03 seconds, 188977152 bytes of memory usage, 243932 kB of memory peak and 02:03:33 elapsed time
Statistics on the network after iteration 309 (MF = 425.000000)
	Number of nodes: 116408
	Number of allocated nodes: 116736
	Number of edges: 145465
	Maximum in degree: 11952 (node 88)
	Maximum out degree: 168 (node 89805)
	source 1993 (node 89805) with out degree 168
	target 34 (node 88) with in degree 11952

Execution time and memory used at after iteration 310 (MF = 425.000000): 7.432460e+03 seconds, 188977152 bytes of memory usage, 243932 kB of memory peak and 02:03:55 elapsed time
Statistics on the network after iteration 310 (MF = 425.000000)
	Number of nodes: 116408
	Number of allocated nodes: 116736
	Number of edges: 145465
	Maximum in degree: 11952 (node 88)
	Maximum out degree: 168 (node 89805)
	source 1993 (node 89805) with out degree 168
	target 34 (node 88) with in degree 11952

Execution time and memory used at after iteration 311 (MF = 425.000000): 7.454040e+03 seconds, 188977152 bytes of memory usage, 243932 kB of memory peak and 02:04:16 elapsed time
Statistics on the network after iteration 311 (MF = 425.000000)
	Number of nodes: 116408
	Number of allocated nodes: 116736
	Number of edges: 145465
	Maximum in degree: 11952 (node 88)
	Maximum out degree: 168 (node 89805)
	source 1993 (node 89805) with out degree 168
	target 34 (node 88) with in degree 11952

Execution time and memory used at after iteration 312 (MF = 425.000000): 7.475600e+03 seconds, 188977152 bytes of memory usage, 243972 kB of memory peak and 02:04:38 elapsed time
Statistics on the network after iteration 312 (MF = 425.000000)
	Number of nodes: 116408
	Number of allocated nodes: 116736
	Number of edges: 145465
	Maximum in degree: 11952 (node 88)
	Maximum out degree: 168 (node 89805)
	source 1993 (node 89805) with out degree 168
	target 34 (node 88) with in degree 11952

Execution time and memory used at after iteration 313 (MF = 425.000000): 7.497210e+03 seconds, 188977152 bytes of memory usage, 244120 kB of memory peak and 02:05:00 elapsed time
Statistics on the network after iteration 313 (MF = 425.000000)
	Number of nodes: 116408
	Number of allocated nodes: 116736
	Number of edges: 145465
	Maximum in degree: 11952 (node 88)
	Maximum out degree: 168 (node 89805)
	source 1993 (node 89805) with out degree 168
	target 34 (node 88) with in degree 11952

Execution time and memory used at after iteration 314 (MF = 424.000000): 7.518820e+03 seconds, 188977152 bytes of memory usage, 244248 kB of memory peak and 02:05:21 elapsed time
Statistics on the network after iteration 314 (MF = 424.000000)
	Number of nodes: 116408
	Number of allocated nodes: 116736
	Number of edges: 145465
	Maximum in degree: 11952 (node 88)
	Maximum out degree: 168 (node 89805)
	source 1993 (node 89805) with out degree 168
	target 34 (node 88) with in degree 11952

Execution time and memory used at after iteration 315 (MF = 425.000000): 7.540430e+03 seconds, 188977152 bytes of memory usage, 244248 kB of memory peak and 02:05:43 elapsed time
Statistics on the network after iteration 315 (MF = 425.000000)
	Number of nodes: 116408
	Number of allocated nodes: 116736
	Number of edges: 145465
	Maximum in degree: 11952 (node 88)
	Maximum out degree: 168 (node 89805)
	source 1993 (node 89805) with out degree 168
	target 34 (node 88) with in degree 11952

Execution time and memory used at after iteration 316 (MF = 425.000000): 7.562030e+03 seconds, 188977152 bytes of memory usage, 244248 kB of memory peak and 02:06:05 elapsed time
Statistics on the network after iteration 316 (MF = 425.000000)
	Number of nodes: 116408
	Number of allocated nodes: 116736
	Number of edges: 145465
	Maximum in degree: 11952 (node 88)
	Maximum out degree: 168 (node 89805)
	source 1993 (node 89805) with out degree 168
	target 34 (node 88) with in degree 11952

Execution time and memory used at after iteration 317 (MF = 425.000000): 7.583620e+03 seconds, 188977152 bytes of memory usage, 244248 kB of memory peak and 02:06:26 elapsed time
Statistics on the network after iteration 317 (MF = 425.000000)
	Number of nodes: 116408
	Number of allocated nodes: 116736
	Number of edges: 145465
	Maximum in degree: 11952 (node 88)
	Maximum out degree: 168 (node 89805)
	source 1993 (node 89805) with out degree 168
	target 34 (node 88) with in degree 11952

Execution time and memory used at after iteration 318 (MF = 425.000000): 7.605200e+03 seconds, 188977152 bytes of memory usage, 244248 kB of memory peak and 02:06:48 elapsed time
Statistics on the network after iteration 318 (MF = 425.000000)
	Number of nodes: 116408
	Number of allocated nodes: 116736
	Number of edges: 145465
	Maximum in degree: 11952 (node 88)
	Maximum out degree: 168 (node 89805)
	source 1993 (node 89805) with out degree 168
	target 34 (node 88) with in degree 11952

Execution time and memory used at after iteration 319 (MF = 425.000000): 7.626840e+03 seconds, 188977152 bytes of memory usage, 244248 kB of memory peak and 02:07:09 elapsed time
Statistics on the network after iteration 319 (MF = 425.000000)
	Number of nodes: 116408
	Number of allocated nodes: 116736
	Number of edges: 145465
	Maximum in degree: 11952 (node 88)
	Maximum out degree: 168 (node 89805)
	source 1993 (node 89805) with out degree 168
	target 34 (node 88) with in degree 11952

Execution time and memory used at after iteration 320 (MF = 425.000000): 7.648470e+03 seconds, 188977152 bytes of memory usage, 244248 kB of memory peak and 02:07:31 elapsed time
Statistics on the network after iteration 320 (MF = 425.000000)
	Number of nodes: 116408
	Number of allocated nodes: 116736
	Number of edges: 145465
	Maximum in degree: 11952 (node 88)
	Maximum out degree: 168 (node 89805)
	source 1993 (node 89805) with out degree 168
	target 34 (node 88) with in degree 11952

Execution time and memory used at after iteration 321 (MF = 425.000000): 7.670060e+03 seconds, 188977152 bytes of memory usage, 244300 kB of memory peak and 02:07:53 elapsed time
Statistics on the network after iteration 321 (MF = 425.000000)
	Number of nodes: 116408
	Number of allocated nodes: 116736
	Number of edges: 145465
	Maximum in degree: 11952 (node 88)
	Maximum out degree: 168 (node 89805)
	source 1993 (node 89805) with out degree 168
	target 34 (node 88) with in degree 11952

Execution time and memory used at after iteration 322 (MF = 424.000000): 7.691670e+03 seconds, 188977152 bytes of memory usage, 244428 kB of memory peak and 02:08:14 elapsed time
Statistics on the network after iteration 322 (MF = 424.000000)
	Number of nodes: 116408
	Number of allocated nodes: 116736
	Number of edges: 145465
	Maximum in degree: 11952 (node 88)
	Maximum out degree: 168 (node 89805)
	source 1993 (node 89805) with out degree 168
	target 34 (node 88) with in degree 11952

Execution time and memory used at after iteration 323 (MF = 424.000000): 7.713320e+03 seconds, 188977152 bytes of memory usage, 244572 kB of memory peak and 02:08:36 elapsed time
Statistics on the network after iteration 323 (MF = 424.000000)
	Number of nodes: 116408
	Number of allocated nodes: 116736
	Number of edges: 145465
	Maximum in degree: 11952 (node 88)
	Maximum out degree: 168 (node 89805)
	source 1993 (node 89805) with out degree 168
	target 34 (node 88) with in degree 11952

Execution time and memory used at after iteration 324 (MF = 425.000000): 7.734960e+03 seconds, 188977152 bytes of memory usage, 244572 kB of memory peak and 02:08:58 elapsed time
Statistics on the network after iteration 324 (MF = 425.000000)
	Number of nodes: 116408
	Number of allocated nodes: 116736
	Number of edges: 145465
	Maximum in degree: 11952 (node 88)
	Maximum out degree: 168 (node 89805)
	source 1993 (node 89805) with out degree 168
	target 34 (node 88) with in degree 11952

Execution time and memory used at after iteration 325 (MF = 425.000000): 7.756630e+03 seconds, 188977152 bytes of memory usage, 244592 kB of memory peak and 02:09:19 elapsed time
Statistics on the network after iteration 325 (MF = 425.000000)
	Number of nodes: 116408
	Number of allocated nodes: 116736
	Number of edges: 145465
	Maximum in degree: 11952 (node 88)
	Maximum out degree: 168 (node 89805)
	source 1993 (node 89805) with out degree 168
	target 34 (node 88) with in degree 11952

Execution time and memory used at after iteration 326 (MF = 425.000000): 7.778290e+03 seconds, 188977152 bytes of memory usage, 244732 kB of memory peak and 02:09:41 elapsed time
Statistics on the network after iteration 326 (MF = 425.000000)
	Number of nodes: 116408
	Number of allocated nodes: 116736
	Number of edges: 145465
	Maximum in degree: 11952 (node 88)
	Maximum out degree: 168 (node 89805)
	source 1993 (node 89805) with out degree 168
	target 34 (node 88) with in degree 11952

Execution time and memory used at after iteration 327 (MF = 425.000000): 7.799920e+03 seconds, 188977152 bytes of memory usage, 244868 kB of memory peak and 02:10:02 elapsed time
Statistics on the network after iteration 327 (MF = 425.000000)
	Number of nodes: 116408
	Number of allocated nodes: 116736
	Number of edges: 145465
	Maximum in degree: 11952 (node 88)
	Maximum out degree: 168 (node 89805)
	source 1993 (node 89805) with out degree 168
	target 34 (node 88) with in degree 11952

Execution time and memory used at after iteration 328 (MF = 425.000000): 7.821560e+03 seconds, 188977152 bytes of memory usage, 244996 kB of memory peak and 02:10:24 elapsed time
Statistics on the network after iteration 328 (MF = 425.000000)
	Number of nodes: 116408
	Number of allocated nodes: 116736
	Number of edges: 145465
	Maximum in degree: 11952 (node 88)
	Maximum out degree: 168 (node 89805)
	source 1993 (node 89805) with out degree 168
	target 34 (node 88) with in degree 11952

Execution time and memory used at after iteration 329 (MF = 425.000000): 7.843190e+03 seconds, 188977152 bytes of memory usage, 245144 kB of memory peak and 02:10:46 elapsed time
Statistics on the network after iteration 329 (MF = 425.000000)
	Number of nodes: 116408
	Number of allocated nodes: 116736
	Number of edges: 145465
	Maximum in degree: 11952 (node 88)
	Maximum out degree: 168 (node 89805)
	source 1993 (node 89805) with out degree 168
	target 34 (node 88) with in degree 11952

Execution time and memory used at after iteration 330 (MF = 425.000000): 7.864910e+03 seconds, 188977152 bytes of memory usage, 245272 kB of memory peak and 02:11:08 elapsed time
Statistics on the network after iteration 330 (MF = 425.000000)
	Number of nodes: 116408
	Number of allocated nodes: 116736
	Number of edges: 145465
	Maximum in degree: 11952 (node 88)
	Maximum out degree: 168 (node 89805)
	source 1993 (node 89805) with out degree 168
	target 34 (node 88) with in degree 11952

Execution time and memory used at after iteration 331 (MF = 423.000000): 7.886590e+03 seconds, 188977152 bytes of memory usage, 245404 kB of memory peak and 02:11:29 elapsed time
Statistics on the network after iteration 331 (MF = 423.000000)
	Number of nodes: 116408
	Number of allocated nodes: 116736
	Number of edges: 145465
	Maximum in degree: 11952 (node 88)
	Maximum out degree: 168 (node 89805)
	source 1993 (node 89805) with out degree 168
	target 34 (node 88) with in degree 11952

Execution time and memory used at after iteration 332 (MF = 424.000000): 7.908270e+03 seconds, 188977152 bytes of memory usage, 245404 kB of memory peak and 02:11:51 elapsed time
Statistics on the network after iteration 332 (MF = 424.000000)
	Number of nodes: 116408
	Number of allocated nodes: 116736
	Number of edges: 145465
	Maximum in degree: 11952 (node 88)
	Maximum out degree: 168 (node 89805)
	source 1993 (node 89805) with out degree 168
	target 34 (node 88) with in degree 11952

Execution time and memory used at after iteration 333 (MF = 425.000000): 7.929930e+03 seconds, 188977152 bytes of memory usage, 245404 kB of memory peak and 02:12:13 elapsed time
Statistics on the network after iteration 333 (MF = 425.000000)
	Number of nodes: 116408
	Number of allocated nodes: 116736
	Number of edges: 145465
	Maximum in degree: 11952 (node 88)
	Maximum out degree: 168 (node 89805)
	source 1993 (node 89805) with out degree 168
	target 34 (node 88) with in degree 11952

Execution time and memory used at after iteration 334 (MF = 425.000000): 7.951610e+03 seconds, 188977152 bytes of memory usage, 245404 kB of memory peak and 02:12:34 elapsed time
Statistics on the network after iteration 334 (MF = 425.000000)
	Number of nodes: 116408
	Number of allocated nodes: 116736
	Number of edges: 145465
	Maximum in degree: 11952 (node 88)
	Maximum out degree: 168 (node 89805)
	source 1993 (node 89805) with out degree 168
	target 34 (node 88) with in degree 11952

Execution time and memory used at after iteration 335 (MF = 425.000000): 7.973320e+03 seconds, 188977152 bytes of memory usage, 245404 kB of memory peak and 02:12:56 elapsed time
Statistics on the network after iteration 335 (MF = 425.000000)
	Number of nodes: 116408
	Number of allocated nodes: 116736
	Number of edges: 145465
	Maximum in degree: 11952 (node 88)
	Maximum out degree: 168 (node 89805)
	source 1993 (node 89805) with out degree 168
	target 34 (node 88) with in degree 11952

Execution time and memory used at after iteration 336 (MF = 425.000000): 7.994990e+03 seconds, 188977152 bytes of memory usage, 245404 kB of memory peak and 02:13:18 elapsed time
Statistics on the network after iteration 336 (MF = 425.000000)
	Number of nodes: 116408
	Number of allocated nodes: 116736
	Number of edges: 145465
	Maximum in degree: 11952 (node 88)
	Maximum out degree: 168 (node 89805)
	source 1993 (node 89805) with out degree 168
	target 34 (node 88) with in degree 11952

Execution time and memory used at after iteration 337 (MF = 425.000000): 8.016660e+03 seconds, 188977152 bytes of memory usage, 245404 kB of memory peak and 02:13:39 elapsed time
Statistics on the network after iteration 337 (MF = 425.000000)
	Number of nodes: 116408
	Number of allocated nodes: 116736
	Number of edges: 145465
	Maximum in degree: 11952 (node 88)
	Maximum out degree: 168 (node 89805)
	source 1993 (node 89805) with out degree 168
	target 34 (node 88) with in degree 11952

Execution time and memory used at after iteration 338 (MF = 425.000000): 8.038350e+03 seconds, 188977152 bytes of memory usage, 245496 kB of memory peak and 02:14:01 elapsed time
Statistics on the network after iteration 338 (MF = 425.000000)
	Number of nodes: 116408
	Number of allocated nodes: 116736
	Number of edges: 145465
	Maximum in degree: 11952 (node 88)
	Maximum out degree: 168 (node 89805)
	source 1993 (node 89805) with out degree 168
	target 34 (node 88) with in degree 11952

Execution time and memory used at after iteration 339 (MF = 425.000000): 8.060050e+03 seconds, 188977152 bytes of memory usage, 245640 kB of memory peak and 02:14:23 elapsed time
Statistics on the network after iteration 339 (MF = 425.000000)
	Number of nodes: 116408
	Number of allocated nodes: 116736
	Number of edges: 145465
	Maximum in degree: 11952 (node 88)
	Maximum out degree: 168 (node 89805)
	source 1993 (node 89805) with out degree 168
	target 34 (node 88) with in degree 11952

Execution time and memory used at after iteration 340 (MF = 425.000000): 8.081750e+03 seconds, 188977152 bytes of memory usage, 245640 kB of memory peak and 02:14:44 elapsed time
Statistics on the network after iteration 340 (MF = 425.000000)
	Number of nodes: 116408
	Number of allocated nodes: 116736
	Number of edges: 145465
	Maximum in degree: 11952 (node 88)
	Maximum out degree: 168 (node 89805)
	source 1993 (node 89805) with out degree 168
	target 34 (node 88) with in degree 11952

Execution time and memory used at after iteration 341 (MF = 425.000000): 8.103420e+03 seconds, 188977152 bytes of memory usage, 245640 kB of memory peak and 02:15:06 elapsed time
Statistics on the network after iteration 341 (MF = 425.000000)
	Number of nodes: 116408
	Number of allocated nodes: 116736
	Number of edges: 145465
	Maximum in degree: 11952 (node 88)
	Maximum out degree: 168 (node 89805)
	source 1993 (node 89805) with out degree 168
	target 34 (node 88) with in degree 11952

Execution time and memory used at after iteration 342 (MF = 425.000000): 8.125160e+03 seconds, 188977152 bytes of memory usage, 245640 kB of memory peak and 02:15:28 elapsed time
Statistics on the network after iteration 342 (MF = 425.000000)
	Number of nodes: 116408
	Number of allocated nodes: 116736
	Number of edges: 145465
	Maximum in degree: 11952 (node 88)
	Maximum out degree: 168 (node 89805)
	source 1993 (node 89805) with out degree 168
	target 34 (node 88) with in degree 11952

Execution time and memory used at after iteration 343 (MF = 424.000000): 8.146910e+03 seconds, 188977152 bytes of memory usage, 245640 kB of memory peak and 02:15:50 elapsed time
Statistics on the network after iteration 343 (MF = 424.000000)
	Number of nodes: 116408
	Number of allocated nodes: 116736
	Number of edges: 145465
	Maximum in degree: 11952 (node 88)
	Maximum out degree: 168 (node 89805)
	source 1993 (node 89805) with out degree 168
	target 34 (node 88) with in degree 11952

Execution time and memory used at after iteration 344 (MF = 425.000000): 8.168630e+03 seconds, 188977152 bytes of memory usage, 245748 kB of memory peak and 02:16:11 elapsed time
Statistics on the network after iteration 344 (MF = 425.000000)
	Number of nodes: 116408
	Number of allocated nodes: 116736
	Number of edges: 145465
	Maximum in degree: 11952 (node 88)
	Maximum out degree: 168 (node 89805)
	source 1993 (node 89805) with out degree 168
	target 34 (node 88) with in degree 11952

Execution time and memory used at after iteration 345 (MF = 425.000000): 8.190370e+03 seconds, 188977152 bytes of memory usage, 245892 kB of memory peak and 02:16:33 elapsed time
Statistics on the network after iteration 345 (MF = 425.000000)
	Number of nodes: 116408
	Number of allocated nodes: 116736
	Number of edges: 145465
	Maximum in degree: 11952 (node 88)
	Maximum out degree: 168 (node 89805)
	source 1993 (node 89805) with out degree 168
	target 34 (node 88) with in degree 11952

Execution time and memory used at after iteration 346 (MF = 425.000000): 8.212180e+03 seconds, 188977152 bytes of memory usage, 246028 kB of memory peak and 02:16:55 elapsed time
Statistics on the network after iteration 346 (MF = 425.000000)
	Number of nodes: 116408
	Number of allocated nodes: 116736
	Number of edges: 145465
	Maximum in degree: 11952 (node 88)
	Maximum out degree: 168 (node 89805)
	source 1993 (node 89805) with out degree 168
	target 34 (node 88) with in degree 11952

Execution time and memory used at after iteration 347 (MF = 424.000000): 8.233880e+03 seconds, 188977152 bytes of memory usage, 246164 kB of memory peak and 02:17:17 elapsed time
Statistics on the network after iteration 347 (MF = 424.000000)
	Number of nodes: 116408
	Number of allocated nodes: 116736
	Number of edges: 145465
	Maximum in degree: 11952 (node 88)
	Maximum out degree: 168 (node 89805)
	source 1993 (node 89805) with out degree 168
	target 34 (node 88) with in degree 11952

Execution time and memory used at after iteration 348 (MF = 425.000000): 8.255630e+03 seconds, 188977152 bytes of memory usage, 246576 kB of memory peak and 02:17:38 elapsed time
Statistics on the network after iteration 348 (MF = 425.000000)
	Number of nodes: 116408
	Number of allocated nodes: 116736
	Number of edges: 145465
	Maximum in degree: 11952 (node 88)
	Maximum out degree: 168 (node 89805)
	source 1993 (node 89805) with out degree 168
	target 34 (node 88) with in degree 11952

Execution time and memory used at after iteration 349 (MF = 424.000000): 8.277380e+03 seconds, 188977152 bytes of memory usage, 246576 kB of memory peak and 02:18:00 elapsed time
Statistics on the network after iteration 349 (MF = 424.000000)
	Number of nodes: 116408
	Number of allocated nodes: 116736
	Number of edges: 145465
	Maximum in degree: 11952 (node 88)
	Maximum out degree: 168 (node 89805)
	source 1993 (node 89805) with out degree 168
	target 34 (node 88) with in degree 11952

Execution time and memory used at after iteration 350 (MF = 425.000000): 8.299160e+03 seconds, 188977152 bytes of memory usage, 246576 kB of memory peak and 02:18:22 elapsed time
Statistics on the network after iteration 350 (MF = 425.000000)
	Number of nodes: 116408
	Number of allocated nodes: 116736
	Number of edges: 145465
	Maximum in degree: 11952 (node 88)
	Maximum out degree: 168 (node 89805)
	source 1993 (node 89805) with out degree 168
	target 34 (node 88) with in degree 11952

Execution time and memory used at after iteration 351 (MF = 425.000000): 8.321190e+03 seconds, 188977152 bytes of memory usage, 246576 kB of memory peak and 02:18:44 elapsed time
Statistics on the network after iteration 351 (MF = 425.000000)
	Number of nodes: 116408
	Number of allocated nodes: 116736
	Number of edges: 145465
	Maximum in degree: 11952 (node 88)
	Maximum out degree: 168 (node 89805)
	source 1993 (node 89805) with out degree 168
	target 34 (node 88) with in degree 11952

Execution time and memory used at after iteration 352 (MF = 425.000000): 8.927940e+03 seconds, 188977152 bytes of memory usage, 250816 kB of memory peak and 02:28:51 elapsed time
Statistics on the network after iteration 352 (MF = 425.000000)
	Number of nodes: 116408
	Number of allocated nodes: 116736
	Number of edges: 145465
	Maximum in degree: 11952 (node 88)
	Maximum out degree: 168 (node 89805)
	source 1993 (node 89805) with out degree 168
	target 34 (node 88) with in degree 11952

Execution time and memory used at after iteration 353 (MF = 425.000000): 9.573850e+03 seconds, 188977152 bytes of memory usage, 250952 kB of memory peak and 02:39:37 elapsed time
Statistics on the network after iteration 353 (MF = 425.000000)
	Number of nodes: 116408
	Number of allocated nodes: 116736
	Number of edges: 145465
	Maximum in degree: 11952 (node 88)
	Maximum out degree: 168 (node 89805)
	source 1993 (node 89805) with out degree 168
	target 34 (node 88) with in degree 11952

Execution time and memory used at after iteration 354 (MF = 425.000000): 1.022128e+04 seconds, 188977152 bytes of memory usage, 251092 kB of memory peak and 02:50:24 elapsed time
Statistics on the network after iteration 354 (MF = 425.000000)
	Number of nodes: 116408
	Number of allocated nodes: 116736
	Number of edges: 145465
	Maximum in degree: 11952 (node 88)
	Maximum out degree: 168 (node 89805)
	source 1993 (node 89805) with out degree 168
	target 34 (node 88) with in degree 11952

Execution time and memory used at after iteration 355 (MF = 425.000000): 1.087926e+04 seconds, 188977152 bytes of memory usage, 251224 kB of memory peak and 03:01:22 elapsed time
Statistics on the network after iteration 355 (MF = 425.000000)
	Number of nodes: 116408
	Number of allocated nodes: 116736
	Number of edges: 145465
	Maximum in degree: 11952 (node 88)
	Maximum out degree: 168 (node 89805)
	source 1993 (node 89805) with out degree 168
	target 34 (node 88) with in degree 11952

Execution time and memory used at after iteration 356 (MF = 425.000000): 1.152807e+04 seconds, 188977152 bytes of memory usage, 251372 kB of memory peak and 03:12:11 elapsed time
Statistics on the network after iteration 356 (MF = 425.000000)
	Number of nodes: 116408
	Number of allocated nodes: 116736
	Number of edges: 145465
	Maximum in degree: 11952 (node 88)
	Maximum out degree: 168 (node 89805)
	source 1993 (node 89805) with out degree 168
	target 34 (node 88) with in degree 11952

Execution time and memory used at after iteration 357 (MF = 424.000000): 1.217544e+04 seconds, 188977152 bytes of memory usage, 251372 kB of memory peak and 03:22:59 elapsed time
Statistics on the network after iteration 357 (MF = 424.000000)
	Number of nodes: 116408
	Number of allocated nodes: 116736
	Number of edges: 145465
	Maximum in degree: 11952 (node 88)
	Maximum out degree: 168 (node 89805)
	source 1993 (node 89805) with out degree 168
	target 34 (node 88) with in degree 11952

Execution time and memory used at after iteration 358 (MF = 425.000000): 1.282138e+04 seconds, 188977152 bytes of memory usage, 251400 kB of memory peak and 03:33:45 elapsed time
Statistics on the network after iteration 358 (MF = 425.000000)
	Number of nodes: 116408
	Number of allocated nodes: 116736
	Number of edges: 145465
	Maximum in degree: 11952 (node 88)
	Maximum out degree: 168 (node 89805)
	source 1993 (node 89805) with out degree 168
	target 34 (node 88) with in degree 11952

Execution time and memory used at after iteration 359 (MF = 425.000000): 1.346892e+04 seconds, 188977152 bytes of memory usage, 251536 kB of memory peak and 03:44:32 elapsed time
Statistics on the network after iteration 359 (MF = 425.000000)
	Number of nodes: 116408
	Number of allocated nodes: 116736
	Number of edges: 145465
	Maximum in degree: 11952 (node 88)
	Maximum out degree: 168 (node 89805)
	source 1993 (node 89805) with out degree 168
	target 34 (node 88) with in degree 11952

Execution time and memory used at after iteration 360 (MF = 425.000000): 1.411619e+04 seconds, 188977152 bytes of memory usage, 251672 kB of memory peak and 03:55:20 elapsed time
Statistics on the network after iteration 360 (MF = 425.000000)
	Number of nodes: 116408
	Number of allocated nodes: 116736
	Number of edges: 145465
	Maximum in degree: 11952 (node 88)
	Maximum out degree: 168 (node 89805)
	source 1993 (node 89805) with out degree 168
	target 34 (node 88) with in degree 11952

Execution time and memory used at after iteration 361 (MF = 425.000000): 1.476773e+04 seconds, 188977152 bytes of memory usage, 251816 kB of memory peak and 04:06:11 elapsed time
Statistics on the network after iteration 361 (MF = 425.000000)
	Number of nodes: 116408
	Number of allocated nodes: 116736
	Number of edges: 145465
	Maximum in degree: 11952 (node 88)
	Maximum out degree: 168 (node 89805)
	source 1993 (node 89805) with out degree 168
	target 34 (node 88) with in degree 11952

Execution time and memory used at after iteration 362 (MF = 424.000000): 1.541922e+04 seconds, 188977152 bytes of memory usage, 251956 kB of memory peak and 04:17:03 elapsed time
Statistics on the network after iteration 362 (MF = 424.000000)
	Number of nodes: 116408
	Number of allocated nodes: 116736
	Number of edges: 145465
	Maximum in degree: 11952 (node 88)
	Maximum out degree: 168 (node 89805)
	source 1993 (node 89805) with out degree 168
	target 34 (node 88) with in degree 11952

Execution time and memory used at after iteration 363 (MF = 425.000000): 1.606673e+04 seconds, 188977152 bytes of memory usage, 252092 kB of memory peak and 04:27:51 elapsed time
Statistics on the network after iteration 363 (MF = 425.000000)
	Number of nodes: 116408
	Number of allocated nodes: 116736
	Number of edges: 145465
	Maximum in degree: 11952 (node 88)
	Maximum out degree: 168 (node 89805)
	source 1993 (node 89805) with out degree 168
	target 34 (node 88) with in degree 11952

Execution time and memory used at after iteration 364 (MF = 424.000000): 1.671613e+04 seconds, 188977152 bytes of memory usage, 252236 kB of memory peak and 04:38:40 elapsed time
Statistics on the network after iteration 364 (MF = 424.000000)
	Number of nodes: 116408
	Number of allocated nodes: 116736
	Number of edges: 145465
	Maximum in degree: 11952 (node 88)
	Maximum out degree: 168 (node 89805)
	source 1993 (node 89805) with out degree 168
	target 34 (node 88) with in degree 11952

Execution time and memory used at after iteration 365 (MF = 425.000000): 1.736469e+04 seconds, 188977152 bytes of memory usage, 252372 kB of memory peak and 04:49:29 elapsed time
Statistics on the network after iteration 365 (MF = 425.000000)
	Number of nodes: 116408
	Number of allocated nodes: 116736
	Number of edges: 145465
	Maximum in degree: 11952 (node 88)
	Maximum out degree: 168 (node 89805)
	source 1993 (node 89805) with out degree 168
	target 34 (node 88) with in degree 11952

Execution time and memory used at after iteration 366 (MF = 425.000000): 1.801505e+04 seconds, 188977152 bytes of memory usage, 252740 kB of memory peak and 05:00:19 elapsed time
Statistics on the network after iteration 366 (MF = 425.000000)
	Number of nodes: 116408
	Number of allocated nodes: 116736
	Number of edges: 145465
	Maximum in degree: 11952 (node 88)
	Maximum out degree: 168 (node 89805)
	source 1993 (node 89805) with out degree 168
	target 34 (node 88) with in degree 11952

Execution time and memory used at after iteration 367 (MF = 424.000000): 1.866327e+04 seconds, 188977152 bytes of memory usage, 252876 kB of memory peak and 05:11:07 elapsed time
Statistics on the network after iteration 367 (MF = 424.000000)
	Number of nodes: 116408
	Number of allocated nodes: 116736
	Number of edges: 145465
	Maximum in degree: 11952 (node 88)
	Maximum out degree: 168 (node 89805)
	source 1993 (node 89805) with out degree 168
	target 34 (node 88) with in degree 11952

Execution time and memory used at after iteration 368 (MF = 425.000000): 1.931308e+04 seconds, 188977152 bytes of memory usage, 253012 kB of memory peak and 05:21:57 elapsed time
Statistics on the network after iteration 368 (MF = 425.000000)
	Number of nodes: 116408
	Number of allocated nodes: 116736
	Number of edges: 145465
	Maximum in degree: 11952 (node 88)
	Maximum out degree: 168 (node 89805)
	source 1993 (node 89805) with out degree 168
	target 34 (node 88) with in degree 11952

Execution time and memory used at after iteration 369 (MF = 425.000000): 1.996181e+04 seconds, 188977152 bytes of memory usage, 253148 kB of memory peak and 05:32:46 elapsed time
Statistics on the network after iteration 369 (MF = 425.000000)
	Number of nodes: 116408
	Number of allocated nodes: 116736
	Number of edges: 145465
	Maximum in degree: 11952 (node 88)
	Maximum out degree: 168 (node 89805)
	source 1993 (node 89805) with out degree 168
	target 34 (node 88) with in degree 11952

Execution time and memory used at after iteration 370 (MF = 425.000000): 2.061077e+04 seconds, 188977152 bytes of memory usage, 253280 kB of memory peak and 05:43:35 elapsed time
Statistics on the network after iteration 370 (MF = 425.000000)
	Number of nodes: 116408
	Number of allocated nodes: 116736
	Number of edges: 145465
	Maximum in degree: 11952 (node 88)
	Maximum out degree: 168 (node 89805)
	source 1993 (node 89805) with out degree 168
	target 34 (node 88) with in degree 11952

Execution time and memory used at after iteration 371 (MF = 424.000000): 2.126142e+04 seconds, 188977152 bytes of memory usage, 253420 kB of memory peak and 05:54:26 elapsed time
Statistics on the network after iteration 371 (MF = 424.000000)
	Number of nodes: 116408
	Number of allocated nodes: 116736
	Number of edges: 145465
	Maximum in degree: 11952 (node 88)
	Maximum out degree: 168 (node 89805)
	source 1993 (node 89805) with out degree 168
	target 34 (node 88) with in degree 11952

Execution time and memory used at after iteration 372 (MF = 425.000000): 2.191027e+04 seconds, 188977152 bytes of memory usage, 253420 kB of memory peak and 06:05:15 elapsed time
Statistics on the network after iteration 372 (MF = 425.000000)
	Number of nodes: 116408
	Number of allocated nodes: 116736
	Number of edges: 145465
	Maximum in degree: 11952 (node 88)
	Maximum out degree: 168 (node 89805)
	source 1993 (node 89805) with out degree 168
	target 34 (node 88) with in degree 11952

Execution time and memory used at after iteration 373 (MF = 425.000000): 2.255831e+04 seconds, 188977152 bytes of memory usage, 253420 kB of memory peak and 06:16:03 elapsed time
Statistics on the network after iteration 373 (MF = 425.000000)
	Number of nodes: 116408
	Number of allocated nodes: 116736
	Number of edges: 145465
	Maximum in degree: 11952 (node 88)
	Maximum out degree: 168 (node 89805)
	source 1993 (node 89805) with out degree 168
	target 34 (node 88) with in degree 11952

Execution time and memory used at after iteration 374 (MF = 425.000000): 2.321309e+04 seconds, 188977152 bytes of memory usage, 253420 kB of memory peak and 06:26:58 elapsed time
Statistics on the network after iteration 374 (MF = 425.000000)
	Number of nodes: 116408
	Number of allocated nodes: 116736
	Number of edges: 145465
	Maximum in degree: 11952 (node 88)
	Maximum out degree: 168 (node 89805)
	source 1993 (node 89805) with out degree 168
	target 34 (node 88) with in degree 11952

Execution time and memory used at after iteration 375 (MF = 425.000000): 2.386322e+04 seconds, 188977152 bytes of memory usage, 253420 kB of memory peak and 06:37:48 elapsed time
Statistics on the network after iteration 375 (MF = 425.000000)
	Number of nodes: 116408
	Number of allocated nodes: 116736
	Number of edges: 145465
	Maximum in degree: 11952 (node 88)
	Maximum out degree: 168 (node 89805)
	source 1993 (node 89805) with out degree 168
	target 34 (node 88) with in degree 11952

Execution time and memory used at after iteration 376 (MF = 425.000000): 2.451284e+04 seconds, 188977152 bytes of memory usage, 253420 kB of memory peak and 06:48:38 elapsed time
Statistics on the network after iteration 376 (MF = 425.000000)
	Number of nodes: 116408
	Number of allocated nodes: 116736
	Number of edges: 145465
	Maximum in degree: 11952 (node 88)
	Maximum out degree: 168 (node 89805)
	source 1993 (node 89805) with out degree 168
	target 34 (node 88) with in degree 11952

Execution time and memory used at after iteration 377 (MF = 425.000000): 2.516238e+04 seconds, 188977152 bytes of memory usage, 253420 kB of memory peak and 06:59:27 elapsed time
Statistics on the network after iteration 377 (MF = 425.000000)
	Number of nodes: 116408
	Number of allocated nodes: 116736
	Number of edges: 145465
	Maximum in degree: 11952 (node 88)
	Maximum out degree: 168 (node 89805)
	source 1993 (node 89805) with out degree 168
	target 34 (node 88) with in degree 11952

Execution time and memory used at after iteration 378 (MF = 425.000000): 2.581136e+04 seconds, 188977152 bytes of memory usage, 253420 kB of memory peak and 07:10:16 elapsed time
Statistics on the network after iteration 378 (MF = 425.000000)
	Number of nodes: 116408
	Number of allocated nodes: 116736
	Number of edges: 145465
	Maximum in degree: 11952 (node 88)
	Maximum out degree: 168 (node 89805)
	source 1993 (node 89805) with out degree 168
	target 34 (node 88) with in degree 11952

Execution time and memory used at after iteration 379 (MF = 424.000000): 2.646207e+04 seconds, 188977152 bytes of memory usage, 253420 kB of memory peak and 07:21:07 elapsed time
Statistics on the network after iteration 379 (MF = 424.000000)
	Number of nodes: 116408
	Number of allocated nodes: 116736
	Number of edges: 145465
	Maximum in degree: 11952 (node 88)
	Maximum out degree: 168 (node 89805)
	source 1993 (node 89805) with out degree 168
	target 34 (node 88) with in degree 11952

Execution time and memory used at after iteration 380 (MF = 425.000000): 2.711197e+04 seconds, 188977152 bytes of memory usage, 253560 kB of memory peak and 07:31:57 elapsed time
Statistics on the network after iteration 380 (MF = 425.000000)
	Number of nodes: 116408
	Number of allocated nodes: 116736
	Number of edges: 145465
	Maximum in degree: 11952 (node 88)
	Maximum out degree: 168 (node 89805)
	source 1993 (node 89805) with out degree 168
	target 34 (node 88) with in degree 11952

Execution time and memory used at after iteration 381 (MF = 425.000000): 2.776332e+04 seconds, 188977152 bytes of memory usage, 253684 kB of memory peak and 07:42:48 elapsed time
Statistics on the network after iteration 381 (MF = 425.000000)
	Number of nodes: 116408
	Number of allocated nodes: 116736
	Number of edges: 145465
	Maximum in degree: 11952 (node 88)
	Maximum out degree: 168 (node 89805)
	source 1993 (node 89805) with out degree 168
	target 34 (node 88) with in degree 11952

Execution time and memory used at after iteration 382 (MF = 425.000000): 2.841426e+04 seconds, 188977152 bytes of memory usage, 253684 kB of memory peak and 07:53:39 elapsed time
Statistics on the network after iteration 382 (MF = 425.000000)
	Number of nodes: 116408
	Number of allocated nodes: 116736
	Number of edges: 145465
	Maximum in degree: 11952 (node 88)
	Maximum out degree: 168 (node 89805)
	source 1993 (node 89805) with out degree 168
	target 34 (node 88) with in degree 11952

Execution time and memory used at after iteration 383 (MF = 425.000000): 2.906590e+04 seconds, 188977152 bytes of memory usage, 253684 kB of memory peak and 08:04:31 elapsed time
Statistics on the network after iteration 383 (MF = 425.000000)
	Number of nodes: 116408
	Number of allocated nodes: 116736
	Number of edges: 145465
	Maximum in degree: 11952 (node 88)
	Maximum out degree: 168 (node 89805)
	source 1993 (node 89805) with out degree 168
	target 34 (node 88) with in degree 11952

Execution time and memory used at after iteration 384 (MF = 425.000000): 2.971766e+04 seconds, 188977152 bytes of memory usage, 253684 kB of memory peak and 08:15:23 elapsed time
Statistics on the network after iteration 384 (MF = 425.000000)
	Number of nodes: 116408
	Number of allocated nodes: 116736
	Number of edges: 145465
	Maximum in degree: 11952 (node 88)
	Maximum out degree: 168 (node 89805)
	source 1993 (node 89805) with out degree 168
	target 34 (node 88) with in degree 11952

Execution time and memory used at after iteration 385 (MF = 425.000000): 3.036952e+04 seconds, 188977152 bytes of memory usage, 253684 kB of memory peak and 08:26:15 elapsed time
Statistics on the network after iteration 385 (MF = 425.000000)
	Number of nodes: 116408
	Number of allocated nodes: 116736
	Number of edges: 145465
	Maximum in degree: 11952 (node 88)
	Maximum out degree: 168 (node 89805)
	source 1993 (node 89805) with out degree 168
	target 34 (node 88) with in degree 11952

Execution time and memory used at after iteration 386 (MF = 425.000000): 3.102149e+04 seconds, 188977152 bytes of memory usage, 253804 kB of memory peak and 08:37:07 elapsed time
Statistics on the network after iteration 386 (MF = 425.000000)
	Number of nodes: 116408
	Number of allocated nodes: 116736
	Number of edges: 145465
	Maximum in degree: 11952 (node 88)
	Maximum out degree: 168 (node 89805)
	source 1993 (node 89805) with out degree 168
	target 34 (node 88) with in degree 11952

Execution time and memory used at after iteration 387 (MF = 424.000000): 3.167396e+04 seconds, 188977152 bytes of memory usage, 253804 kB of memory peak and 08:48:00 elapsed time
Statistics on the network after iteration 387 (MF = 424.000000)
	Number of nodes: 116408
	Number of allocated nodes: 116736
	Number of edges: 145465
	Maximum in degree: 11952 (node 88)
	Maximum out degree: 168 (node 89805)
	source 1993 (node 89805) with out degree 168
	target 34 (node 88) with in degree 11952

Execution time and memory used at after iteration 388 (MF = 424.000000): 3.232703e+04 seconds, 188977152 bytes of memory usage, 253904 kB of memory peak and 08:58:53 elapsed time
Statistics on the network after iteration 388 (MF = 424.000000)
	Number of nodes: 116408
	Number of allocated nodes: 116736
	Number of edges: 145465
	Maximum in degree: 11952 (node 88)
	Maximum out degree: 168 (node 89805)
	source 1993 (node 89805) with out degree 168
	target 34 (node 88) with in degree 11952

Execution time and memory used at after iteration 389 (MF = 425.000000): 3.298048e+04 seconds, 188977152 bytes of memory usage, 254048 kB of memory peak and 09:09:47 elapsed time
Statistics on the network after iteration 389 (MF = 425.000000)
	Number of nodes: 116408
	Number of allocated nodes: 116736
	Number of edges: 145465
	Maximum in degree: 11952 (node 88)
	Maximum out degree: 168 (node 89805)
	source 1993 (node 89805) with out degree 168
	target 34 (node 88) with in degree 11952

Execution time and memory used at after iteration 390 (MF = 425.000000): 3.363398e+04 seconds, 188977152 bytes of memory usage, 254184 kB of memory peak and 09:20:40 elapsed time
Statistics on the network after iteration 390 (MF = 425.000000)
	Number of nodes: 116408
	Number of allocated nodes: 116736
	Number of edges: 145465
	Maximum in degree: 11952 (node 88)
	Maximum out degree: 168 (node 89805)
	source 1993 (node 89805) with out degree 168
	target 34 (node 88) with in degree 11952

Execution time and memory used at after iteration 391 (MF = 425.000000): 3.428734e+04 seconds, 188977152 bytes of memory usage, 254320 kB of memory peak and 09:31:34 elapsed time
Statistics on the network after iteration 391 (MF = 425.000000)
	Number of nodes: 116408
	Number of allocated nodes: 116736
	Number of edges: 145465
	Maximum in degree: 11952 (node 88)
	Maximum out degree: 168 (node 89805)
	source 1993 (node 89805) with out degree 168
	target 34 (node 88) with in degree 11952

Execution time and memory used at after iteration 392 (MF = 425.000000): 3.494178e+04 seconds, 188977152 bytes of memory usage, 254468 kB of memory peak and 09:42:28 elapsed time
Statistics on the network after iteration 392 (MF = 425.000000)
	Number of nodes: 116408
	Number of allocated nodes: 116736
	Number of edges: 145465
	Maximum in degree: 11952 (node 88)
	Maximum out degree: 168 (node 89805)
	source 1993 (node 89805) with out degree 168
	target 34 (node 88) with in degree 11952

Execution time and memory used at after iteration 393 (MF = 425.000000): 3.559502e+04 seconds, 188977152 bytes of memory usage, 254600 kB of memory peak and 09:53:22 elapsed time
Statistics on the network after iteration 393 (MF = 425.000000)
	Number of nodes: 116408
	Number of allocated nodes: 116736
	Number of edges: 145465
	Maximum in degree: 11952 (node 88)
	Maximum out degree: 168 (node 89805)
	source 1993 (node 89805) with out degree 168
	target 34 (node 88) with in degree 11952

Execution time and memory used at after iteration 394 (MF = 425.000000): 3.625204e+04 seconds, 188977152 bytes of memory usage, 254756 kB of memory peak and 10:04:19 elapsed time
Statistics on the network after iteration 394 (MF = 425.000000)
	Number of nodes: 116408
	Number of allocated nodes: 116736
	Number of edges: 145465
	Maximum in degree: 11952 (node 88)
	Maximum out degree: 168 (node 89805)
	source 1993 (node 89805) with out degree 168
	target 34 (node 88) with in degree 11952

Execution time and memory used at after iteration 395 (MF = 425.000000): 3.690926e+04 seconds, 188977152 bytes of memory usage, 254884 kB of memory peak and 10:15:16 elapsed time
Statistics on the network after iteration 395 (MF = 425.000000)
	Number of nodes: 116408
	Number of allocated nodes: 116736
	Number of edges: 145465
	Maximum in degree: 11952 (node 88)
	Maximum out degree: 168 (node 89805)
	source 1993 (node 89805) with out degree 168
	target 34 (node 88) with in degree 11952

Execution time and memory used at after iteration 396 (MF = 423.000000): 3.756796e+04 seconds, 188977152 bytes of memory usage, 255020 kB of memory peak and 10:26:15 elapsed time
Statistics on the network after iteration 396 (MF = 423.000000)
	Number of nodes: 116408
	Number of allocated nodes: 116736
	Number of edges: 145465
	Maximum in degree: 11952 (node 88)
	Maximum out degree: 168 (node 89805)
	source 1993 (node 89805) with out degree 168
	target 34 (node 88) with in degree 11952

Execution time and memory used at after iteration 397 (MF = 424.000000): 3.822163e+04 seconds, 188977152 bytes of memory usage, 255172 kB of memory peak and 10:37:09 elapsed time
Statistics on the network after iteration 397 (MF = 424.000000)
	Number of nodes: 116408
	Number of allocated nodes: 116736
	Number of edges: 145465
	Maximum in degree: 11952 (node 88)
	Maximum out degree: 168 (node 89805)
	source 1993 (node 89805) with out degree 168
	target 34 (node 88) with in degree 11952

Execution time and memory used at after iteration 398 (MF = 425.000000): 3.887996e+04 seconds, 188977152 bytes of memory usage, 255304 kB of memory peak and 10:48:07 elapsed time
Statistics on the network after iteration 398 (MF = 425.000000)
	Number of nodes: 116408
	Number of allocated nodes: 116736
	Number of edges: 145465
	Maximum in degree: 11952 (node 88)
	Maximum out degree: 168 (node 89805)
	source 1993 (node 89805) with out degree 168
	target 34 (node 88) with in degree 11952

Execution time and memory used at after iteration 399 (MF = 425.000000): 3.953463e+04 seconds, 188977152 bytes of memory usage, 255440 kB of memory peak and 10:59:02 elapsed time
Statistics on the network after iteration 399 (MF = 425.000000)
	Number of nodes: 116408
	Number of allocated nodes: 116736
	Number of edges: 145465
	Maximum in degree: 11952 (node 88)
	Maximum out degree: 168 (node 89805)
	source 1993 (node 89805) with out degree 168
	target 34 (node 88) with in degree 11952

Execution time and memory used at after iteration 400 (MF = 425.000000): 4.019110e+04 seconds, 188977152 bytes of memory usage, 255592 kB of memory peak and 11:09:58 elapsed time
Statistics on the network after iteration 400 (MF = 425.000000)
	Number of nodes: 116408
	Number of allocated nodes: 116736
	Number of edges: 145465
	Maximum in degree: 11952 (node 88)
	Maximum out degree: 168 (node 89805)
	source 1993 (node 89805) with out degree 168
	target 34 (node 88) with in degree 11952

Execution time and memory used at after iteration 401 (MF = 425.000000): 4.084685e+04 seconds, 188977152 bytes of memory usage, 255592 kB of memory peak and 11:20:54 elapsed time
Statistics on the network after iteration 401 (MF = 425.000000)
	Number of nodes: 116408
	Number of allocated nodes: 116736
	Number of edges: 145465
	Maximum in degree: 11952 (node 88)
	Maximum out degree: 168 (node 89805)
	source 1993 (node 89805) with out degree 168
	target 34 (node 88) with in degree 11952

Execution time and memory used at after iteration 402 (MF = 425.000000): 4.150352e+04 seconds, 188977152 bytes of memory usage, 255592 kB of memory peak and 11:31:51 elapsed time
Statistics on the network after iteration 402 (MF = 425.000000)
	Number of nodes: 116408
	Number of allocated nodes: 116736
	Number of edges: 145465
	Maximum in degree: 11952 (node 88)
	Maximum out degree: 168 (node 89805)
	source 1993 (node 89805) with out degree 168
	target 34 (node 88) with in degree 11952

Execution time and memory used at after iteration 403 (MF = 425.000000): 4.216129e+04 seconds, 188977152 bytes of memory usage, 255592 kB of memory peak and 11:42:49 elapsed time
Statistics on the network after iteration 403 (MF = 425.000000)
	Number of nodes: 116408
	Number of allocated nodes: 116736
	Number of edges: 145465
	Maximum in degree: 11952 (node 88)
	Maximum out degree: 168 (node 89805)
	source 1993 (node 89805) with out degree 168
	target 34 (node 88) with in degree 11952

Execution time and memory used at after iteration 404 (MF = 425.000000): 4.282316e+04 seconds, 188977152 bytes of memory usage, 255600 kB of memory peak and 11:53:51 elapsed time
Statistics on the network after iteration 404 (MF = 425.000000)
	Number of nodes: 116408
	Number of allocated nodes: 116736
	Number of edges: 145465
	Maximum in degree: 11952 (node 88)
	Maximum out degree: 168 (node 89805)
	source 1993 (node 89805) with out degree 168
	target 34 (node 88) with in degree 11952

Execution time and memory used at after iteration 405 (MF = 425.000000): 4.348430e+04 seconds, 188977152 bytes of memory usage, 255744 kB of memory peak and 12:04:52 elapsed time
Statistics on the network after iteration 405 (MF = 425.000000)
	Number of nodes: 116408
	Number of allocated nodes: 116736
	Number of edges: 145465
	Maximum in degree: 11952 (node 88)
	Maximum out degree: 168 (node 89805)
	source 1993 (node 89805) with out degree 168
	target 34 (node 88) with in degree 11952

Execution time and memory used at after iteration 406 (MF = 425.000000): 4.414456e+04 seconds, 188977152 bytes of memory usage, 256008 kB of memory peak and 12:15:52 elapsed time
Statistics on the network after iteration 406 (MF = 425.000000)
	Number of nodes: 116408
	Number of allocated nodes: 116736
	Number of edges: 145465
	Maximum in degree: 11952 (node 88)
	Maximum out degree: 168 (node 89805)
	source 1993 (node 89805) with out degree 168
	target 34 (node 88) with in degree 11952

Execution time and memory used at after iteration 407 (MF = 425.000000): 4.480444e+04 seconds, 188977152 bytes of memory usage, 256136 kB of memory peak and 12:26:52 elapsed time
Statistics on the network after iteration 407 (MF = 425.000000)
	Number of nodes: 116408
	Number of allocated nodes: 116736
	Number of edges: 145465
	Maximum in degree: 11952 (node 88)
	Maximum out degree: 168 (node 89805)
	source 1993 (node 89805) with out degree 168
	target 34 (node 88) with in degree 11952

Execution time and memory used at after iteration 408 (MF = 424.000000): 4.546659e+04 seconds, 188977152 bytes of memory usage, 256136 kB of memory peak and 12:37:55 elapsed time
Statistics on the network after iteration 408 (MF = 424.000000)
	Number of nodes: 116408
	Number of allocated nodes: 116736
	Number of edges: 145465
	Maximum in degree: 11952 (node 88)
	Maximum out degree: 168 (node 89805)
	source 1993 (node 89805) with out degree 168
	target 34 (node 88) with in degree 11952

Execution time and memory used at after iteration 409 (MF = 425.000000): 4.612836e+04 seconds, 188977152 bytes of memory usage, 256136 kB of memory peak and 12:48:56 elapsed time
Statistics on the network after iteration 409 (MF = 425.000000)
	Number of nodes: 116408
	Number of allocated nodes: 116736
	Number of edges: 145465
	Maximum in degree: 11952 (node 88)
	Maximum out degree: 168 (node 89805)
	source 1993 (node 89805) with out degree 168
	target 34 (node 88) with in degree 11952

Execution time and memory used at after iteration 410 (MF = 425.000000): 4.679110e+04 seconds, 188977152 bytes of memory usage, 256136 kB of memory peak and 12:59:59 elapsed time
Statistics on the network after iteration 410 (MF = 425.000000)
	Number of nodes: 116408
	Number of allocated nodes: 116736
	Number of edges: 145465
	Maximum in degree: 11952 (node 88)
	Maximum out degree: 168 (node 89805)
	source 1993 (node 89805) with out degree 168
	target 34 (node 88) with in degree 11952

Execution time and memory used at after iteration 411 (MF = 425.000000): 4.744923e+04 seconds, 188977152 bytes of memory usage, 256136 kB of memory peak and 13:10:57 elapsed time
Statistics on the network after iteration 411 (MF = 425.000000)
	Number of nodes: 116408
	Number of allocated nodes: 116736
	Number of edges: 145465
	Maximum in degree: 11952 (node 88)
	Maximum out degree: 168 (node 89805)
	source 1993 (node 89805) with out degree 168
	target 34 (node 88) with in degree 11952

Execution time and memory used at after iteration 412 (MF = 424.000000): 4.811897e+04 seconds, 188977152 bytes of memory usage, 257812 kB of memory peak and 13:22:07 elapsed time
Statistics on the network after iteration 412 (MF = 424.000000)
	Number of nodes: 116408
	Number of allocated nodes: 116736
	Number of edges: 145465
	Maximum in degree: 11952 (node 88)
	Maximum out degree: 168 (node 89805)
	source 1993 (node 89805) with out degree 168
	target 34 (node 88) with in degree 11952

Execution time and memory used at after iteration 413 (MF = 425.000000): 4.879002e+04 seconds, 188977152 bytes of memory usage, 257940 kB of memory peak and 13:33:18 elapsed time
Statistics on the network after iteration 413 (MF = 425.000000)
	Number of nodes: 116408
	Number of allocated nodes: 116736
	Number of edges: 145465
	Maximum in degree: 11952 (node 88)
	Maximum out degree: 168 (node 89805)
	source 1993 (node 89805) with out degree 168
	target 34 (node 88) with in degree 11952

Execution time and memory used at after iteration 414 (MF = 425.000000): 4.946076e+04 seconds, 188977152 bytes of memory usage, 258048 kB of memory peak and 13:44:29 elapsed time
Statistics on the network after iteration 414 (MF = 425.000000)
	Number of nodes: 116408
	Number of allocated nodes: 116736
	Number of edges: 145465
	Maximum in degree: 11952 (node 88)
	Maximum out degree: 168 (node 89805)
	source 1993 (node 89805) with out degree 168
	target 34 (node 88) with in degree 11952

Execution time and memory used at after iteration 415 (MF = 425.000000): 5.013341e+04 seconds, 188977152 bytes of memory usage, 258636 kB of memory peak and 13:55:42 elapsed time
Statistics on the network after iteration 415 (MF = 425.000000)
	Number of nodes: 116408
	Number of allocated nodes: 116736
	Number of edges: 145465
	Maximum in degree: 11952 (node 88)
	Maximum out degree: 168 (node 89805)
	source 1993 (node 89805) with out degree 168
	target 34 (node 88) with in degree 11952

Execution time and memory used at after iteration 416 (MF = 425.000000): 5.080549e+04 seconds, 188977152 bytes of memory usage, 258772 kB of memory peak and 14:06:54 elapsed time
Statistics on the network after iteration 416 (MF = 425.000000)
	Number of nodes: 116408
	Number of allocated nodes: 116736
	Number of edges: 145465
	Maximum in degree: 11952 (node 88)
	Maximum out degree: 168 (node 89805)
	source 1993 (node 89805) with out degree 168
	target 34 (node 88) with in degree 11952

Execution time and memory used at after iteration 417 (MF = 425.000000): 5.147744e+04 seconds, 188977152 bytes of memory usage, 258896 kB of memory peak and 14:18:06 elapsed time
Statistics on the network after iteration 417 (MF = 425.000000)
	Number of nodes: 116408
	Number of allocated nodes: 116736
	Number of edges: 145465
	Maximum in degree: 11952 (node 88)
	Maximum out degree: 168 (node 89805)
	source 1993 (node 89805) with out degree 168
	target 34 (node 88) with in degree 11952

Execution time and memory used at after iteration 418 (MF = 425.000000): 5.215122e+04 seconds, 188977152 bytes of memory usage, 259024 kB of memory peak and 14:29:20 elapsed time
Statistics on the network after iteration 418 (MF = 425.000000)
	Number of nodes: 116408
	Number of allocated nodes: 116736
	Number of edges: 145465
	Maximum in degree: 11952 (node 88)
	Maximum out degree: 168 (node 89805)
	source 1993 (node 89805) with out degree 168
	target 34 (node 88) with in degree 11952

Execution time and memory used at after iteration 419 (MF = 425.000000): 5.282328e+04 seconds, 188977152 bytes of memory usage, 259148 kB of memory peak and 14:40:32 elapsed time
Statistics on the network after iteration 419 (MF = 425.000000)
	Number of nodes: 116408
	Number of allocated nodes: 116736
	Number of edges: 145465
	Maximum in degree: 11952 (node 88)
	Maximum out degree: 168 (node 89805)
	source 1993 (node 89805) with out degree 168
	target 34 (node 88) with in degree 11952

Execution time and memory used at after iteration 420 (MF = 425.000000): 5.349867e+04 seconds, 188977152 bytes of memory usage, 259276 kB of memory peak and 14:51:48 elapsed time
Statistics on the network after iteration 420 (MF = 425.000000)
	Number of nodes: 116408
	Number of allocated nodes: 116736
	Number of edges: 145465
	Maximum in degree: 11952 (node 88)
	Maximum out degree: 168 (node 89805)
	source 1993 (node 89805) with out degree 168
	target 34 (node 88) with in degree 11952

Execution time and memory used at after iteration 421 (MF = 425.000000): 5.417267e+04 seconds, 188977152 bytes of memory usage, 259400 kB of memory peak and 15:03:02 elapsed time
Statistics on the network after iteration 421 (MF = 425.000000)
	Number of nodes: 116408
	Number of allocated nodes: 116736
	Number of edges: 145465
	Maximum in degree: 11952 (node 88)
	Maximum out degree: 168 (node 89805)
	source 1993 (node 89805) with out degree 168
	target 34 (node 88) with in degree 11952

Execution time and memory used at after iteration 422 (MF = 425.000000): 5.484932e+04 seconds, 188977152 bytes of memory usage, 259400 kB of memory peak and 15:14:19 elapsed time
Statistics on the network after iteration 422 (MF = 425.000000)
	Number of nodes: 116408
	Number of allocated nodes: 116736
	Number of edges: 145465
	Maximum in degree: 11952 (node 88)
	Maximum out degree: 168 (node 89805)
	source 1993 (node 89805) with out degree 168
	target 34 (node 88) with in degree 11952

Execution time and memory used at after iteration 423 (MF = 425.000000): 5.552962e+04 seconds, 188977152 bytes of memory usage, 259400 kB of memory peak and 15:25:39 elapsed time
Statistics on the network after iteration 423 (MF = 425.000000)
	Number of nodes: 116408
	Number of allocated nodes: 116736
	Number of edges: 145465
	Maximum in degree: 11952 (node 88)
	Maximum out degree: 168 (node 89805)
	source 1993 (node 89805) with out degree 168
	target 34 (node 88) with in degree 11952

Execution time and memory used at after iteration 424 (MF = 425.000000): 5.620383e+04 seconds, 188977152 bytes of memory usage, 259400 kB of memory peak and 15:36:54 elapsed time
Statistics on the network after iteration 424 (MF = 425.000000)
	Number of nodes: 116408
	Number of allocated nodes: 116736
	Number of edges: 145465
	Maximum in degree: 11952 (node 88)
	Maximum out degree: 168 (node 89805)
	source 1993 (node 89805) with out degree 168
	target 34 (node 88) with in degree 11952

Execution time and memory used at after iteration 425 (MF = 425.000000): 5.687800e+04 seconds, 188977152 bytes of memory usage, 259400 kB of memory peak and 15:48:08 elapsed time
Statistics on the network after iteration 425 (MF = 425.000000)
	Number of nodes: 116408
	Number of allocated nodes: 116736
	Number of edges: 145465
	Maximum in degree: 11952 (node 88)
	Maximum out degree: 168 (node 89805)
	source 1993 (node 89805) with out degree 168
	target 34 (node 88) with in degree 11952

Execution time and memory used at after iteration 426 (MF = 425.000000): 5.755127e+04 seconds, 188977152 bytes of memory usage, 259400 kB of memory peak and 15:59:21 elapsed time
Statistics on the network after iteration 426 (MF = 425.000000)
	Number of nodes: 116408
	Number of allocated nodes: 116736
	Number of edges: 145465
	Maximum in degree: 11952 (node 88)
	Maximum out degree: 168 (node 89805)
	source 1993 (node 89805) with out degree 168
	target 34 (node 88) with in degree 11952

Execution time and memory used at after iteration 427 (MF = 425.000000): 5.822533e+04 seconds, 188977152 bytes of memory usage, 259844 kB of memory peak and 16:10:35 elapsed time
Statistics on the network after iteration 427 (MF = 425.000000)
	Number of nodes: 116408
	Number of allocated nodes: 116736
	Number of edges: 145465
	Maximum in degree: 11952 (node 88)
	Maximum out degree: 168 (node 89805)
	source 1993 (node 89805) with out degree 168
	target 34 (node 88) with in degree 11952

Execution time and memory used at after iteration 428 (MF = 425.000000): 5.889755e+04 seconds, 188977152 bytes of memory usage, 259984 kB of memory peak and 16:21:48 elapsed time
Statistics on the network after iteration 428 (MF = 425.000000)
	Number of nodes: 116408
	Number of allocated nodes: 116736
	Number of edges: 145465
	Maximum in degree: 11952 (node 88)
	Maximum out degree: 168 (node 89805)
	source 1993 (node 89805) with out degree 168
	target 34 (node 88) with in degree 11952

Execution time and memory used at after iteration 429 (MF = 425.000000): 5.957123e+04 seconds, 188977152 bytes of memory usage, 259984 kB of memory peak and 16:33:02 elapsed time
Statistics on the network after iteration 429 (MF = 425.000000)
	Number of nodes: 116408
	Number of allocated nodes: 116736
	Number of edges: 145465
	Maximum in degree: 11952 (node 88)
	Maximum out degree: 168 (node 89805)
	source 1993 (node 89805) with out degree 168
	target 34 (node 88) with in degree 11952

Execution time and memory used at after iteration 430 (MF = 425.000000): 6.024475e+04 seconds, 188977152 bytes of memory usage, 259984 kB of memory peak and 16:44:15 elapsed time
Statistics on the network after iteration 430 (MF = 425.000000)
	Number of nodes: 116408
	Number of allocated nodes: 116736
	Number of edges: 145465
	Maximum in degree: 11952 (node 88)
	Maximum out degree: 168 (node 89805)
	source 1993 (node 89805) with out degree 168
	target 34 (node 88) with in degree 11952

Execution time and memory used at after iteration 431 (MF = 425.000000): 6.091922e+04 seconds, 188977152 bytes of memory usage, 259984 kB of memory peak and 16:55:30 elapsed time
Statistics on the network after iteration 431 (MF = 425.000000)
	Number of nodes: 116408
	Number of allocated nodes: 116736
	Number of edges: 145465
	Maximum in degree: 11952 (node 88)
	Maximum out degree: 168 (node 89805)
	source 1993 (node 89805) with out degree 168
	target 34 (node 88) with in degree 11952

Execution time and memory used at after iteration 432 (MF = 425.000000): 6.159673e+04 seconds, 188977152 bytes of memory usage, 259984 kB of memory peak and 17:06:47 elapsed time
Statistics on the network after iteration 432 (MF = 425.000000)
	Number of nodes: 116408
	Number of allocated nodes: 116736
	Number of edges: 145465
	Maximum in degree: 11952 (node 88)
	Maximum out degree: 168 (node 89805)
	source 1993 (node 89805) with out degree 168
	target 34 (node 88) with in degree 11952

Execution time and memory used at after iteration 433 (MF = 425.000000): 6.227771e+04 seconds, 188977152 bytes of memory usage, 259984 kB of memory peak and 17:18:08 elapsed time
Statistics on the network after iteration 433 (MF = 425.000000)
	Number of nodes: 116408
	Number of allocated nodes: 116736
	Number of edges: 145465
	Maximum in degree: 11952 (node 88)
	Maximum out degree: 168 (node 89805)
	source 1993 (node 89805) with out degree 168
	target 34 (node 88) with in degree 11952

Execution time and memory used at after iteration 434 (MF = 425.000000): 6.295713e+04 seconds, 188977152 bytes of memory usage, 260100 kB of memory peak and 17:29:28 elapsed time
Statistics on the network after iteration 434 (MF = 425.000000)
	Number of nodes: 116408
	Number of allocated nodes: 116736
	Number of edges: 145465
	Maximum in degree: 11952 (node 88)
	Maximum out degree: 168 (node 89805)
	source 1993 (node 89805) with out degree 168
	target 34 (node 88) with in degree 11952

Execution time and memory used at after iteration 435 (MF = 425.000000): 6.363797e+04 seconds, 188977152 bytes of memory usage, 260220 kB of memory peak and 17:40:49 elapsed time
Statistics on the network after iteration 435 (MF = 425.000000)
	Number of nodes: 116408
	Number of allocated nodes: 116736
	Number of edges: 145465
	Maximum in degree: 11952 (node 88)
	Maximum out degree: 168 (node 89805)
	source 1993 (node 89805) with out degree 168
	target 34 (node 88) with in degree 11952

Execution time and memory used at after iteration 436 (MF = 425.000000): 6.431789e+04 seconds, 188977152 bytes of memory usage, 260344 kB of memory peak and 17:52:09 elapsed time
Statistics on the network after iteration 436 (MF = 425.000000)
	Number of nodes: 116408
	Number of allocated nodes: 116736
	Number of edges: 145465
	Maximum in degree: 11952 (node 88)
	Maximum out degree: 168 (node 89805)
	source 1993 (node 89805) with out degree 168
	target 34 (node 88) with in degree 11952

Execution time and memory used at after iteration 437 (MF = 425.000000): 6.499859e+04 seconds, 188977152 bytes of memory usage, 260472 kB of memory peak and 18:03:30 elapsed time
Statistics on the network after iteration 437 (MF = 425.000000)
	Number of nodes: 116408
	Number of allocated nodes: 116736
	Number of edges: 145465
	Maximum in degree: 11952 (node 88)
	Maximum out degree: 168 (node 89805)
	source 1993 (node 89805) with out degree 168
	target 34 (node 88) with in degree 11952

Execution time and memory used at after iteration 438 (MF = 425.000000): 6.567908e+04 seconds, 188977152 bytes of memory usage, 260588 kB of memory peak and 18:14:51 elapsed time
Statistics on the network after iteration 438 (MF = 425.000000)
	Number of nodes: 116408
	Number of allocated nodes: 116736
	Number of edges: 145465
	Maximum in degree: 11952 (node 88)
	Maximum out degree: 168 (node 89805)
	source 1993 (node 89805) with out degree 168
	target 34 (node 88) with in degree 11952

Execution time and memory used at after iteration 439 (MF = 425.000000): 6.635999e+04 seconds, 188977152 bytes of memory usage, 260588 kB of memory peak and 18:26:12 elapsed time
Statistics on the network after iteration 439 (MF = 425.000000)
	Number of nodes: 116408
	Number of allocated nodes: 116736
	Number of edges: 145465
	Maximum in degree: 11952 (node 88)
	Maximum out degree: 168 (node 89805)
	source 1993 (node 89805) with out degree 168
	target 34 (node 88) with in degree 11952

Execution time and memory used at after iteration 440 (MF = 425.000000): 6.703913e+04 seconds, 188977152 bytes of memory usage, 260660 kB of memory peak and 18:37:31 elapsed time
Statistics on the network after iteration 440 (MF = 425.000000)
	Number of nodes: 116408
	Number of allocated nodes: 116736
	Number of edges: 145465
	Maximum in degree: 11952 (node 88)
	Maximum out degree: 168 (node 89805)
	source 1993 (node 89805) with out degree 168
	target 34 (node 88) with in degree 11952

Execution time and memory used at after iteration 441 (MF = 425.000000): 6.771668e+04 seconds, 188977152 bytes of memory usage, 260660 kB of memory peak and 18:48:48 elapsed time
Statistics on the network after iteration 441 (MF = 425.000000)
	Number of nodes: 116408
	Number of allocated nodes: 116736
	Number of edges: 145465
	Maximum in degree: 11952 (node 88)
	Maximum out degree: 168 (node 89805)
	source 1993 (node 89805) with out degree 168
	target 34 (node 88) with in degree 11952

Execution time and memory used at after iteration 442 (MF = 425.000000): 6.839448e+04 seconds, 188977152 bytes of memory usage, 260660 kB of memory peak and 19:00:06 elapsed time
Statistics on the network after iteration 442 (MF = 425.000000)
	Number of nodes: 116408
	Number of allocated nodes: 116736
	Number of edges: 145465
	Maximum in degree: 11952 (node 88)
	Maximum out degree: 168 (node 89805)
	source 1993 (node 89805) with out degree 168
	target 34 (node 88) with in degree 11952

Execution time and memory used at after iteration 443 (MF = 425.000000): 6.907111e+04 seconds, 188977152 bytes of memory usage, 260660 kB of memory peak and 19:11:23 elapsed time
Statistics on the network after iteration 443 (MF = 425.000000)
	Number of nodes: 116408
	Number of allocated nodes: 116736
	Number of edges: 145465
	Maximum in degree: 11952 (node 88)
	Maximum out degree: 168 (node 89805)
	source 1993 (node 89805) with out degree 168
	target 34 (node 88) with in degree 11952

Execution time and memory used at after iteration 444 (MF = 425.000000): 6.974899e+04 seconds, 188977152 bytes of memory usage, 260660 kB of memory peak and 19:22:41 elapsed time
Statistics on the network after iteration 444 (MF = 425.000000)
	Number of nodes: 116408
	Number of allocated nodes: 116736
	Number of edges: 145465
	Maximum in degree: 11952 (node 88)
	Maximum out degree: 168 (node 89805)
	source 1993 (node 89805) with out degree 168
	target 34 (node 88) with in degree 11952

Execution time and memory used at after iteration 445 (MF = 425.000000): 7.042697e+04 seconds, 188977152 bytes of memory usage, 260752 kB of memory peak and 19:33:59 elapsed time
Statistics on the network after iteration 445 (MF = 425.000000)
	Number of nodes: 116408
	Number of allocated nodes: 116736
	Number of edges: 145465
	Maximum in degree: 11952 (node 88)
	Maximum out degree: 168 (node 89805)
	source 1993 (node 89805) with out degree 168
	target 34 (node 88) with in degree 11952

Execution time and memory used at after iteration 446 (MF = 425.000000): 7.110518e+04 seconds, 188977152 bytes of memory usage, 260880 kB of memory peak and 19:45:17 elapsed time
Statistics on the network after iteration 446 (MF = 425.000000)
	Number of nodes: 116408
	Number of allocated nodes: 116736
	Number of edges: 145465
	Maximum in degree: 11952 (node 88)
	Maximum out degree: 168 (node 89805)
	source 1993 (node 89805) with out degree 168
	target 34 (node 88) with in degree 11952

Execution time and memory used at after iteration 447 (MF = 425.000000): 7.178476e+04 seconds, 188977152 bytes of memory usage, 261008 kB of memory peak and 19:56:37 elapsed time
Statistics on the network after iteration 447 (MF = 425.000000)
	Number of nodes: 116408
	Number of allocated nodes: 116736
	Number of edges: 145465
	Maximum in degree: 11952 (node 88)
	Maximum out degree: 168 (node 89805)
	source 1993 (node 89805) with out degree 168
	target 34 (node 88) with in degree 11952

Execution time and memory used at after iteration 448 (MF = 425.000000): 7.246336e+04 seconds, 188977152 bytes of memory usage, 261248 kB of memory peak and 20:07:55 elapsed time
Statistics on the network after iteration 448 (MF = 425.000000)
	Number of nodes: 116408
	Number of allocated nodes: 116736
	Number of edges: 145465
	Maximum in degree: 11952 (node 88)
	Maximum out degree: 168 (node 89805)
	source 1993 (node 89805) with out degree 168
	target 34 (node 88) with in degree 11952

Execution time and memory used at after iteration 449 (MF = 425.000000): 7.314168e+04 seconds, 188977152 bytes of memory usage, 261360 kB of memory peak and 20:19:14 elapsed time
Statistics on the network after iteration 449 (MF = 425.000000)
	Number of nodes: 116408
	Number of allocated nodes: 116736
	Number of edges: 145465
	Maximum in degree: 11952 (node 88)
	Maximum out degree: 168 (node 89805)
	source 1993 (node 89805) with out degree 168
	target 34 (node 88) with in degree 11952

Execution time and memory used at after iteration 450 (MF = 425.000000): 7.382026e+04 seconds, 188977152 bytes of memory usage, 261492 kB of memory peak and 20:30:33 elapsed time
Statistics on the network after iteration 450 (MF = 425.000000)
	Number of nodes: 116408
	Number of allocated nodes: 116736
	Number of edges: 145465
	Maximum in degree: 11952 (node 88)
	Maximum out degree: 168 (node 89805)
	source 1993 (node 89805) with out degree 168
	target 34 (node 88) with in degree 11952

Execution time and memory used at after iteration 451 (MF = 425.000000): 7.449740e+04 seconds, 188977152 bytes of memory usage, 261612 kB of memory peak and 20:41:50 elapsed time
Statistics on the network after iteration 451 (MF = 425.000000)
	Number of nodes: 116408
	Number of allocated nodes: 116736
	Number of edges: 145465
	Maximum in degree: 11952 (node 88)
	Maximum out degree: 168 (node 89805)
	source 1993 (node 89805) with out degree 168
	target 34 (node 88) with in degree 11952

Execution time and memory used at after iteration 452 (MF = 425.000000): 7.517638e+04 seconds, 188977152 bytes of memory usage, 261744 kB of memory peak and 20:53:09 elapsed time
Statistics on the network after iteration 452 (MF = 425.000000)
	Number of nodes: 116408
	Number of allocated nodes: 116736
	Number of edges: 145465
	Maximum in degree: 11952 (node 88)
	Maximum out degree: 168 (node 89805)
	source 1993 (node 89805) with out degree 168
	target 34 (node 88) with in degree 11952

Execution time and memory used at after iteration 453 (MF = 425.000000): 7.585475e+04 seconds, 188977152 bytes of memory usage, 261864 kB of memory peak and 21:04:27 elapsed time
Statistics on the network after iteration 453 (MF = 425.000000)
	Number of nodes: 116408
	Number of allocated nodes: 116736
	Number of edges: 145465
	Maximum in degree: 11952 (node 88)
	Maximum out degree: 168 (node 89805)
	source 1993 (node 89805) with out degree 168
	target 34 (node 88) with in degree 11952

Execution time and memory used at after iteration 454 (MF = 425.000000): 7.653475e+04 seconds, 188977152 bytes of memory usage, 261980 kB of memory peak and 21:15:47 elapsed time
Statistics on the network after iteration 454 (MF = 425.000000)
	Number of nodes: 116408
	Number of allocated nodes: 116736
	Number of edges: 145465
	Maximum in degree: 11952 (node 88)
	Maximum out degree: 168 (node 89805)
	source 1993 (node 89805) with out degree 168
	target 34 (node 88) with in degree 11952

Execution time and memory used at after iteration 455 (MF = 425.000000): 7.721877e+04 seconds, 188977152 bytes of memory usage, 262100 kB of memory peak and 21:27:11 elapsed time
Statistics on the network after iteration 455 (MF = 425.000000)
	Number of nodes: 116408
	Number of allocated nodes: 116736
	Number of edges: 145465
	Maximum in degree: 11952 (node 88)
	Maximum out degree: 168 (node 89805)
	source 1993 (node 89805) with out degree 168
	target 34 (node 88) with in degree 11952

Execution time and memory used at after iteration 456 (MF = 425.000000): 7.790071e+04 seconds, 188977152 bytes of memory usage, 262228 kB of memory peak and 21:38:33 elapsed time
Statistics on the network after iteration 456 (MF = 425.000000)
	Number of nodes: 116408
	Number of allocated nodes: 116736
	Number of edges: 145465
	Maximum in degree: 11952 (node 88)
	Maximum out degree: 168 (node 89805)
	source 1993 (node 89805) with out degree 168
	target 34 (node 88) with in degree 11952

Execution time and memory used at after iteration 457 (MF = 425.000000): 7.858336e+04 seconds, 188977152 bytes of memory usage, 262228 kB of memory peak and 21:49:56 elapsed time
Statistics on the network after iteration 457 (MF = 425.000000)
	Number of nodes: 116408
	Number of allocated nodes: 116736
	Number of edges: 145465
	Maximum in degree: 11952 (node 88)
	Maximum out degree: 168 (node 89805)
	source 1993 (node 89805) with out degree 168
	target 34 (node 88) with in degree 11952

Execution time and memory used at after iteration 458 (MF = 425.000000): 7.926381e+04 seconds, 188977152 bytes of memory usage, 262228 kB of memory peak and 22:01:17 elapsed time
Statistics on the network after iteration 458 (MF = 425.000000)
	Number of nodes: 116408
	Number of allocated nodes: 116736
	Number of edges: 145465
	Maximum in degree: 11952 (node 88)
	Maximum out degree: 168 (node 89805)
	source 1993 (node 89805) with out degree 168
	target 34 (node 88) with in degree 11952

Execution time and memory used at after iteration 459 (MF = 425.000000): 7.994462e+04 seconds, 188977152 bytes of memory usage, 262228 kB of memory peak and 22:12:38 elapsed time
Statistics on the network after iteration 459 (MF = 425.000000)
	Number of nodes: 116408
	Number of allocated nodes: 116736
	Number of edges: 145465
	Maximum in degree: 11952 (node 88)
	Maximum out degree: 168 (node 89805)
	source 1993 (node 89805) with out degree 168
	target 34 (node 88) with in degree 11952

Execution time and memory used at after iteration 460 (MF = 425.000000): 8.062502e+04 seconds, 188977152 bytes of memory usage, 262228 kB of memory peak and 22:23:58 elapsed time
Statistics on the network after iteration 460 (MF = 425.000000)
	Number of nodes: 116408
	Number of allocated nodes: 116736
	Number of edges: 145465
	Maximum in degree: 11952 (node 88)
	Maximum out degree: 168 (node 89805)
	source 1993 (node 89805) with out degree 168
	target 34 (node 88) with in degree 11952

Execution time and memory used at after iteration 461 (MF = 425.000000): 8.130584e+04 seconds, 188977152 bytes of memory usage, 262316 kB of memory peak and 22:35:19 elapsed time
Statistics on the network after iteration 461 (MF = 425.000000)
	Number of nodes: 116408
	Number of allocated nodes: 116736
	Number of edges: 145465
	Maximum in degree: 11952 (node 88)
	Maximum out degree: 168 (node 89805)
	source 1993 (node 89805) with out degree 168
	target 34 (node 88) with in degree 11952

Execution time and memory used at after iteration 462 (MF = 425.000000): 8.198552e+04 seconds, 188977152 bytes of memory usage, 262440 kB of memory peak and 22:46:39 elapsed time
Statistics on the network after iteration 462 (MF = 425.000000)
	Number of nodes: 116408
	Number of allocated nodes: 116736
	Number of edges: 145465
	Maximum in degree: 11952 (node 88)
	Maximum out degree: 168 (node 89805)
	source 1993 (node 89805) with out degree 168
	target 34 (node 88) with in degree 11952

Execution time and memory used at after iteration 463 (MF = 425.000000): 8.266736e+04 seconds, 188977152 bytes of memory usage, 262580 kB of memory peak and 22:58:00 elapsed time
Statistics on the network after iteration 463 (MF = 425.000000)
	Number of nodes: 116408
	Number of allocated nodes: 116736
	Number of edges: 145465
	Maximum in degree: 11952 (node 88)
	Maximum out degree: 168 (node 89805)
	source 1993 (node 89805) with out degree 168
	target 34 (node 88) with in degree 11952

Execution time and memory used at after iteration 464 (MF = 425.000000): 8.334954e+04 seconds, 188977152 bytes of memory usage, 262580 kB of memory peak and 23:09:23 elapsed time
Statistics on the network after iteration 464 (MF = 425.000000)
	Number of nodes: 116408
	Number of allocated nodes: 116736
	Number of edges: 145465
	Maximum in degree: 11952 (node 88)
	Maximum out degree: 168 (node 89805)
	source 1993 (node 89805) with out degree 168
	target 34 (node 88) with in degree 11952

Execution time and memory used at after iteration 465 (MF = 425.000000): 8.403237e+04 seconds, 188977152 bytes of memory usage, 262580 kB of memory peak and 23:20:46 elapsed time
Statistics on the network after iteration 465 (MF = 425.000000)
	Number of nodes: 116408
	Number of allocated nodes: 116736
	Number of edges: 145465
	Maximum in degree: 11952 (node 88)
	Maximum out degree: 168 (node 89805)
	source 1993 (node 89805) with out degree 168
	target 34 (node 88) with in degree 11952

Execution time and memory used at after iteration 466 (MF = 425.000000): 8.471454e+04 seconds, 188977152 bytes of memory usage, 262580 kB of memory peak and 23:32:08 elapsed time
Statistics on the network after iteration 466 (MF = 425.000000)
	Number of nodes: 116408
	Number of allocated nodes: 116736
	Number of edges: 145465
	Maximum in degree: 11952 (node 88)
	Maximum out degree: 168 (node 89805)
	source 1993 (node 89805) with out degree 168
	target 34 (node 88) with in degree 11952

Execution time and memory used at after iteration 467 (MF = 425.000000): 8.539770e+04 seconds, 188977152 bytes of memory usage, 262580 kB of memory peak and 23:43:31 elapsed time
Statistics on the network after iteration 467 (MF = 425.000000)
	Number of nodes: 116408
	Number of allocated nodes: 116736
	Number of edges: 145465
	Maximum in degree: 11952 (node 88)
	Maximum out degree: 168 (node 89805)
	source 1993 (node 89805) with out degree 168
	target 34 (node 88) with in degree 11952

Execution time and memory used at after iteration 468 (MF = 425.000000): 8.608077e+04 seconds, 188977152 bytes of memory usage, 262688 kB of memory peak and 23:54:54 elapsed time
Statistics on the network after iteration 468 (MF = 425.000000)
	Number of nodes: 116408
	Number of allocated nodes: 116736
	Number of edges: 145465
	Maximum in degree: 11952 (node 88)
	Maximum out degree: 168 (node 89805)
	source 1993 (node 89805) with out degree 168
	target 34 (node 88) with in degree 11952

Execution time and memory used at after iteration 469 (MF = 425.000000): 8.676390e+04 seconds, 188977152 bytes of memory usage, 262828 kB of memory peak and 1-00:06:17 elapsed time
Statistics on the network after iteration 469 (MF = 425.000000)
	Number of nodes: 116408
	Number of allocated nodes: 116736
	Number of edges: 145465
	Maximum in degree: 11952 (node 88)
	Maximum out degree: 168 (node 89805)
	source 1993 (node 89805) with out degree 168
	target 34 (node 88) with in degree 11952

Execution time and memory used at after iteration 470 (MF = 425.000000): 8.744591e+04 seconds, 188977152 bytes of memory usage, 262952 kB of memory peak and 1-00:17:39 elapsed time
Statistics on the network after iteration 470 (MF = 425.000000)
	Number of nodes: 116408
	Number of allocated nodes: 116736
	Number of edges: 145465
	Maximum in degree: 11952 (node 88)
	Maximum out degree: 168 (node 89805)
	source 1993 (node 89805) with out degree 168
	target 34 (node 88) with in degree 11952

Execution time and memory used at after iteration 471 (MF = 425.000000): 8.812873e+04 seconds, 188977152 bytes of memory usage, 263084 kB of memory peak and 1-00:29:02 elapsed time
Statistics on the network after iteration 471 (MF = 425.000000)
	Number of nodes: 116408
	Number of allocated nodes: 116736
	Number of edges: 145465
	Maximum in degree: 11952 (node 88)
	Maximum out degree: 168 (node 89805)
	source 1993 (node 89805) with out degree 168
	target 34 (node 88) with in degree 11952

Execution time and memory used at after iteration 472 (MF = 425.000000): 8.881218e+04 seconds, 188977152 bytes of memory usage, 263084 kB of memory peak and 1-00:40:26 elapsed time
Statistics on the network after iteration 472 (MF = 425.000000)
	Number of nodes: 116408
	Number of allocated nodes: 116736
	Number of edges: 145465
	Maximum in degree: 11952 (node 88)
	Maximum out degree: 168 (node 89805)
	source 1993 (node 89805) with out degree 168
	target 34 (node 88) with in degree 11952

Execution time and memory used at after iteration 473 (MF = 425.000000): 8.949792e+04 seconds, 188977152 bytes of memory usage, 263084 kB of memory peak and 1-00:51:52 elapsed time
Statistics on the network after iteration 473 (MF = 425.000000)
	Number of nodes: 116408
	Number of allocated nodes: 116736
	Number of edges: 145465
	Maximum in degree: 11952 (node 88)
	Maximum out degree: 168 (node 89805)
	source 1993 (node 89805) with out degree 168
	target 34 (node 88) with in degree 11952

Execution time and memory used at after iteration 474 (MF = 425.000000): 9.018251e+04 seconds, 194826240 bytes of memory usage, 263084 kB of memory peak and 1-01:03:16 elapsed time
Statistics on the network after iteration 474 (MF = 425.000000)
	Number of nodes: 116408
	Number of allocated nodes: 116736
	Number of edges: 145465
	Maximum in degree: 11952 (node 88)
	Maximum out degree: 168 (node 89805)
	source 1993 (node 89805) with out degree 168
	target 34 (node 88) with in degree 11952

Execution time and memory used at after iteration 475 (MF = 425.000000): 9.086777e+04 seconds, 194826240 bytes of memory usage, 263084 kB of memory peak and 1-01:14:42 elapsed time
Statistics on the network after iteration 475 (MF = 425.000000)
	Number of nodes: 116408
	Number of allocated nodes: 116736
	Number of edges: 145465
	Maximum in degree: 11952 (node 88)
	Maximum out degree: 168 (node 89805)
	source 1993 (node 89805) with out degree 168
	target 34 (node 88) with in degree 11952

Execution time and memory used at after iteration 476 (MF = 425.000000): 9.155171e+04 seconds, 194826240 bytes of memory usage, 263084 kB of memory peak and 1-01:26:06 elapsed time
Statistics on the network after iteration 476 (MF = 425.000000)
	Number of nodes: 116408
	Number of allocated nodes: 116736
	Number of edges: 145465
	Maximum in degree: 11952 (node 88)
	Maximum out degree: 168 (node 89805)
	source 1993 (node 89805) with out degree 168
	target 34 (node 88) with in degree 11952

Execution time and memory used at after iteration 477 (MF = 425.000000): 9.223733e+04 seconds, 194826240 bytes of memory usage, 263100 kB of memory peak and 1-01:37:31 elapsed time
Statistics on the network after iteration 477 (MF = 425.000000)
	Number of nodes: 116408
	Number of allocated nodes: 116736
	Number of edges: 145465
	Maximum in degree: 11952 (node 88)
	Maximum out degree: 168 (node 89805)
	source 1993 (node 89805) with out degree 168
	target 34 (node 88) with in degree 11952

Execution time and memory used at after iteration 478 (MF = 425.000000): 9.292272e+04 seconds, 194826240 bytes of memory usage, 263216 kB of memory peak and 1-01:48:57 elapsed time
Statistics on the network after iteration 478 (MF = 425.000000)
	Number of nodes: 116408
	Number of allocated nodes: 116736
	Number of edges: 145465
	Maximum in degree: 11952 (node 88)
	Maximum out degree: 168 (node 89805)
	source 1993 (node 89805) with out degree 168
	target 34 (node 88) with in degree 11952

Execution time and memory used at after iteration 479 (MF = 425.000000): 9.361201e+04 seconds, 194826240 bytes of memory usage, 263332 kB of memory peak and 1-02:00:26 elapsed time
Statistics on the network after iteration 479 (MF = 425.000000)
	Number of nodes: 116408
	Number of allocated nodes: 116736
	Number of edges: 145465
	Maximum in degree: 11952 (node 88)
	Maximum out degree: 168 (node 89805)
	source 1993 (node 89805) with out degree 168
	target 34 (node 88) with in degree 11952

Execution time and memory used at after iteration 480 (MF = 425.000000): 9.429908e+04 seconds, 194826240 bytes of memory usage, 263464 kB of memory peak and 1-02:11:53 elapsed time
Statistics on the network after iteration 480 (MF = 425.000000)
	Number of nodes: 116408
	Number of allocated nodes: 116736
	Number of edges: 145465
	Maximum in degree: 11952 (node 88)
	Maximum out degree: 168 (node 89805)
	source 1993 (node 89805) with out degree 168
	target 34 (node 88) with in degree 11952

Execution time and memory used at after iteration 481 (MF = 425.000000): 9.498664e+04 seconds, 194826240 bytes of memory usage, 264156 kB of memory peak and 1-02:23:21 elapsed time
Statistics on the network after iteration 481 (MF = 425.000000)
	Number of nodes: 116408
	Number of allocated nodes: 116736
	Number of edges: 145465
	Maximum in degree: 11952 (node 88)
	Maximum out degree: 168 (node 89805)
	source 1993 (node 89805) with out degree 168
	target 34 (node 88) with in degree 11952

Execution time and memory used at after iteration 482 (MF = 425.000000): 9.567767e+04 seconds, 188977152 bytes of memory usage, 264156 kB of memory peak and 1-02:34:52 elapsed time
Statistics on the network after iteration 482 (MF = 425.000000)
	Number of nodes: 116408
	Number of allocated nodes: 116736
	Number of edges: 145465
	Maximum in degree: 11952 (node 88)
	Maximum out degree: 168 (node 89805)
	source 1993 (node 89805) with out degree 168
	target 34 (node 88) with in degree 11952

Execution time and memory used at after iteration 483 (MF = 425.000000): 9.636468e+04 seconds, 190140416 bytes of memory usage, 264156 kB of memory peak and 1-02:46:19 elapsed time
Statistics on the network after iteration 483 (MF = 425.000000)
	Number of nodes: 116408
	Number of allocated nodes: 116736
	Number of edges: 145465
	Maximum in degree: 11952 (node 88)
	Maximum out degree: 168 (node 89805)
	source 1993 (node 89805) with out degree 168
	target 34 (node 88) with in degree 11952

Execution time and memory used at after iteration 484 (MF = 425.000000): 9.705475e+04 seconds, 190140416 bytes of memory usage, 264268 kB of memory peak and 1-02:57:49 elapsed time
Statistics on the network after iteration 484 (MF = 425.000000)
	Number of nodes: 116408
	Number of allocated nodes: 116736
	Number of edges: 145465
	Maximum in degree: 11952 (node 88)
	Maximum out degree: 168 (node 89805)
	source 1993 (node 89805) with out degree 168
	target 34 (node 88) with in degree 11952

Execution time and memory used at after iteration 485 (MF = 425.000000): 9.774056e+04 seconds, 190140416 bytes of memory usage, 264404 kB of memory peak and 1-03:09:15 elapsed time
Statistics on the network after iteration 485 (MF = 425.000000)
	Number of nodes: 116408
	Number of allocated nodes: 116736
	Number of edges: 145465
	Maximum in degree: 11952 (node 88)
	Maximum out degree: 168 (node 89805)
	source 1993 (node 89805) with out degree 168
	target 34 (node 88) with in degree 11952

Execution time and memory used at after iteration 486 (MF = 425.000000): 9.842946e+04 seconds, 190140416 bytes of memory usage, 264532 kB of memory peak and 1-03:20:44 elapsed time
Statistics on the network after iteration 486 (MF = 425.000000)
	Number of nodes: 116408
	Number of allocated nodes: 116736
	Number of edges: 145465
	Maximum in degree: 11952 (node 88)
	Maximum out degree: 168 (node 89805)
	source 1993 (node 89805) with out degree 168
	target 34 (node 88) with in degree 11952

Execution time and memory used at after iteration 487 (MF = 425.000000): 9.912030e+04 seconds, 188977152 bytes of memory usage, 264672 kB of memory peak and 1-03:32:15 elapsed time
Statistics on the network after iteration 487 (MF = 425.000000)
	Number of nodes: 116408
	Number of allocated nodes: 116736
	Number of edges: 145465
	Maximum in degree: 11952 (node 88)
	Maximum out degree: 168 (node 89805)
	source 1993 (node 89805) with out degree 168
	target 34 (node 88) with in degree 11952

Execution time and memory used at after iteration 488 (MF = 425.000000): 9.981188e+04 seconds, 188977152 bytes of memory usage, 264804 kB of memory peak and 1-03:43:46 elapsed time
Statistics on the network after iteration 488 (MF = 425.000000)
	Number of nodes: 116408
	Number of allocated nodes: 116736
	Number of edges: 145465
	Maximum in degree: 11952 (node 88)
	Maximum out degree: 168 (node 89805)
	source 1993 (node 89805) with out degree 168
	target 34 (node 88) with in degree 11952

Execution time and memory used at after iteration 489 (MF = 425.000000): 1.005008e+05 seconds, 188977152 bytes of memory usage, 264928 kB of memory peak and 1-03:55:15 elapsed time
Statistics on the network after iteration 489 (MF = 425.000000)
	Number of nodes: 116408
	Number of allocated nodes: 116736
	Number of edges: 145465
	Maximum in degree: 11952 (node 88)
	Maximum out degree: 168 (node 89805)
	source 1993 (node 89805) with out degree 168
	target 34 (node 88) with in degree 11952

Execution time and memory used at after iteration 490 (MF = 425.000000): 1.011912e+05 seconds, 188977152 bytes of memory usage, 265072 kB of memory peak and 1-04:06:46 elapsed time
Statistics on the network after iteration 490 (MF = 425.000000)
	Number of nodes: 116408
	Number of allocated nodes: 116736
	Number of edges: 145465
	Maximum in degree: 11952 (node 88)
	Maximum out degree: 168 (node 89805)
	source 1993 (node 89805) with out degree 168
	target 34 (node 88) with in degree 11952

Execution time and memory used at after iteration 491 (MF = 425.000000): 1.018780e+05 seconds, 188977152 bytes of memory usage, 265072 kB of memory peak and 1-04:18:13 elapsed time
Statistics on the network after iteration 491 (MF = 425.000000)
	Number of nodes: 116408
	Number of allocated nodes: 116736
	Number of edges: 145465
	Maximum in degree: 11952 (node 88)
	Maximum out degree: 168 (node 89805)
	source 1993 (node 89805) with out degree 168
	target 34 (node 88) with in degree 11952

Execution time and memory used at after iteration 492 (MF = 425.000000): 1.025678e+05 seconds, 190140416 bytes of memory usage, 265072 kB of memory peak and 1-04:29:43 elapsed time
Statistics on the network after iteration 492 (MF = 425.000000)
	Number of nodes: 116408
	Number of allocated nodes: 116736
	Number of edges: 145465
	Maximum in degree: 11952 (node 88)
	Maximum out degree: 168 (node 89805)
	source 1993 (node 89805) with out degree 168
	target 34 (node 88) with in degree 11952

Execution time and memory used at after iteration 493 (MF = 425.000000): 1.032585e+05 seconds, 190140416 bytes of memory usage, 265072 kB of memory peak and 1-04:41:13 elapsed time
Statistics on the network after iteration 493 (MF = 425.000000)
	Number of nodes: 116408
	Number of allocated nodes: 116736
	Number of edges: 145465
	Maximum in degree: 11952 (node 88)
	Maximum out degree: 168 (node 89805)
	source 1993 (node 89805) with out degree 168
	target 34 (node 88) with in degree 11952

Execution time and memory used at after iteration 494 (MF = 424.000000): 1.039472e+05 seconds, 188977152 bytes of memory usage, 265072 kB of memory peak and 1-04:52:42 elapsed time
Statistics on the network after iteration 494 (MF = 424.000000)
	Number of nodes: 116408
	Number of allocated nodes: 116736
	Number of edges: 145465
	Maximum in degree: 11952 (node 88)
	Maximum out degree: 168 (node 89805)
	source 1993 (node 89805) with out degree 168
	target 34 (node 88) with in degree 11952

Execution time and memory used at after iteration 495 (MF = 424.000000): 1.046373e+05 seconds, 188977152 bytes of memory usage, 265112 kB of memory peak and 1-05:04:12 elapsed time
Statistics on the network after iteration 495 (MF = 424.000000)
	Number of nodes: 116408
	Number of allocated nodes: 116736
	Number of edges: 145465
	Maximum in degree: 11952 (node 88)
	Maximum out degree: 168 (node 89805)
	source 1993 (node 89805) with out degree 168
	target 34 (node 88) with in degree 11952

Execution time and memory used at after iteration 496 (MF = 424.000000): 1.053315e+05 seconds, 188977152 bytes of memory usage, 265240 kB of memory peak and 1-05:15:47 elapsed time
Statistics on the network after iteration 496 (MF = 424.000000)
	Number of nodes: 116408
	Number of allocated nodes: 116736
	Number of edges: 145465
	Maximum in degree: 11952 (node 88)
	Maximum out degree: 168 (node 89805)
	source 1993 (node 89805) with out degree 168
	target 34 (node 88) with in degree 11952

Execution time and memory used at after iteration 497 (MF = 425.000000): 1.060229e+05 seconds, 188977152 bytes of memory usage, 265360 kB of memory peak and 1-05:27:18 elapsed time
Statistics on the network after iteration 497 (MF = 425.000000)
	Number of nodes: 116408
	Number of allocated nodes: 116736
	Number of edges: 145465
	Maximum in degree: 11952 (node 88)
	Maximum out degree: 168 (node 89805)
	source 1993 (node 89805) with out degree 168
	target 34 (node 88) with in degree 11952

Execution time and memory used at after iteration 498 (MF = 424.000000): 1.067125e+05 seconds, 188977152 bytes of memory usage, 265504 kB of memory peak and 1-05:38:48 elapsed time
Statistics on the network after iteration 498 (MF = 424.000000)
	Number of nodes: 116408
	Number of allocated nodes: 116736
	Number of edges: 145465
	Maximum in degree: 11952 (node 88)
	Maximum out degree: 168 (node 89805)
	source 1993 (node 89805) with out degree 168
	target 34 (node 88) with in degree 11952

Execution time and memory used at after iteration 499 (MF = 425.000000): 1.074026e+05 seconds, 188977152 bytes of memory usage, 265504 kB of memory peak and 1-05:50:18 elapsed time
Statistics on the network after iteration 499 (MF = 425.000000)
	Number of nodes: 116408
	Number of allocated nodes: 116736
	Number of edges: 145465
	Maximum in degree: 11952 (node 88)
	Maximum out degree: 168 (node 89805)
	source 1993 (node 89805) with out degree 168
	target 34 (node 88) with in degree 11952

Execution time and memory used at after iteration 500 (MF = 424.000000): 1.080925e+05 seconds, 188977152 bytes of memory usage, 265504 kB of memory peak and 1-06:01:48 elapsed time
Statistics on the network after iteration 500 (MF = 424.000000)
	Number of nodes: 116408
	Number of allocated nodes: 116736
	Number of edges: 145465
	Maximum in degree: 11952 (node 88)
	Maximum out degree: 168 (node 89805)
	source 1993 (node 89805) with out degree 168
	target 34 (node 88) with in degree 11952

Execution time and memory used at after iteration 501 (MF = 424.000000): 1.087808e+05 seconds, 188977152 bytes of memory usage, 265504 kB of memory peak and 1-06:13:16 elapsed time
Statistics on the network after iteration 501 (MF = 424.000000)
	Number of nodes: 116408
	Number of allocated nodes: 116736
	Number of edges: 145465
	Maximum in degree: 11952 (node 88)
	Maximum out degree: 168 (node 89805)
	source 1993 (node 89805) with out degree 168
	target 34 (node 88) with in degree 11952

Execution time and memory used at after iteration 502 (MF = 425.000000): 1.094707e+05 seconds, 188977152 bytes of memory usage, 265516 kB of memory peak and 1-06:24:46 elapsed time
Statistics on the network after iteration 502 (MF = 425.000000)
	Number of nodes: 116408
	Number of allocated nodes: 116736
	Number of edges: 145465
	Maximum in degree: 11952 (node 88)
	Maximum out degree: 168 (node 89805)
	source 1993 (node 89805) with out degree 168
	target 34 (node 88) with in degree 11952

Execution time and memory used at after iteration 503 (MF = 425.000000): 1.101599e+05 seconds, 188977152 bytes of memory usage, 265656 kB of memory peak and 1-06:36:15 elapsed time
Statistics on the network after iteration 503 (MF = 425.000000)
	Number of nodes: 116408
	Number of allocated nodes: 116736
	Number of edges: 145465
	Maximum in degree: 11952 (node 88)
	Maximum out degree: 168 (node 89805)
	source 1993 (node 89805) with out degree 168
	target 34 (node 88) with in degree 11952

Execution time and memory used at after iteration 504 (MF = 425.000000): 1.108513e+05 seconds, 188977152 bytes of memory usage, 265792 kB of memory peak and 1-06:47:47 elapsed time
Statistics on the network after iteration 504 (MF = 425.000000)
	Number of nodes: 116408
	Number of allocated nodes: 116736
	Number of edges: 145465
	Maximum in degree: 11952 (node 88)
	Maximum out degree: 168 (node 89805)
	source 1993 (node 89805) with out degree 168
	target 34 (node 88) with in degree 11952

Execution time and memory used at after iteration 505 (MF = 425.000000): 1.115446e+05 seconds, 188977152 bytes of memory usage, 265912 kB of memory peak and 1-06:59:20 elapsed time
Statistics on the network after iteration 505 (MF = 425.000000)
	Number of nodes: 116408
	Number of allocated nodes: 116736
	Number of edges: 145465
	Maximum in degree: 11952 (node 88)
	Maximum out degree: 168 (node 89805)
	source 1993 (node 89805) with out degree 168
	target 34 (node 88) with in degree 11952

Execution time and memory used at after iteration 506 (MF = 425.000000): 1.122373e+05 seconds, 188977152 bytes of memory usage, 266056 kB of memory peak and 1-07:10:53 elapsed time
Statistics on the network after iteration 506 (MF = 425.000000)
	Number of nodes: 116408
	Number of allocated nodes: 116736
	Number of edges: 145465
	Maximum in degree: 11952 (node 88)
	Maximum out degree: 168 (node 89805)
	source 1993 (node 89805) with out degree 168
	target 34 (node 88) with in degree 11952

Execution time and memory used at after iteration 507 (MF = 425.000000): 1.129279e+05 seconds, 188977152 bytes of memory usage, 266056 kB of memory peak and 1-07:22:23 elapsed time
Statistics on the network after iteration 507 (MF = 425.000000)
	Number of nodes: 116408
	Number of allocated nodes: 116736
	Number of edges: 145465
	Maximum in degree: 11952 (node 88)
	Maximum out degree: 168 (node 89805)
	source 1993 (node 89805) with out degree 168
	target 34 (node 88) with in degree 11952

Execution time and memory used at after iteration 508 (MF = 425.000000): 1.136226e+05 seconds, 188977152 bytes of memory usage, 266056 kB of memory peak and 1-07:33:58 elapsed time
Statistics on the network after iteration 508 (MF = 425.000000)
	Number of nodes: 116408
	Number of allocated nodes: 116736
	Number of edges: 145465
	Maximum in degree: 11952 (node 88)
	Maximum out degree: 168 (node 89805)
	source 1993 (node 89805) with out degree 168
	target 34 (node 88) with in degree 11952

Execution time and memory used at after iteration 509 (MF = 425.000000): 1.143167e+05 seconds, 188977152 bytes of memory usage, 266056 kB of memory peak and 1-07:45:32 elapsed time
Statistics on the network after iteration 509 (MF = 425.000000)
	Number of nodes: 116408
	Number of allocated nodes: 116736
	Number of edges: 145465
	Maximum in degree: 11952 (node 88)
	Maximum out degree: 168 (node 89805)
	source 1993 (node 89805) with out degree 168
	target 34 (node 88) with in degree 11952

Execution time and memory used at after iteration 510 (MF = 425.000000): 1.150111e+05 seconds, 188977152 bytes of memory usage, 266156 kB of memory peak and 1-07:57:07 elapsed time
Statistics on the network after iteration 510 (MF = 425.000000)
	Number of nodes: 116408
	Number of allocated nodes: 116736
	Number of edges: 145465
	Maximum in degree: 11952 (node 88)
	Maximum out degree: 168 (node 89805)
	source 1993 (node 89805) with out degree 168
	target 34 (node 88) with in degree 11952

Execution time and memory used at after iteration 511 (MF = 425.000000): 1.157025e+05 seconds, 188977152 bytes of memory usage, 266156 kB of memory peak and 1-08:08:38 elapsed time
Statistics on the network after iteration 511 (MF = 425.000000)
	Number of nodes: 116408
	Number of allocated nodes: 116736
	Number of edges: 145465
	Maximum in degree: 11952 (node 88)
	Maximum out degree: 168 (node 89805)
	source 1993 (node 89805) with out degree 168
	target 34 (node 88) with in degree 11952

Execution time and memory used at after iteration 512 (MF = 425.000000): 1.163982e+05 seconds, 188977152 bytes of memory usage, 266212 kB of memory peak and 1-08:20:14 elapsed time
Statistics on the network after iteration 512 (MF = 425.000000)
	Number of nodes: 116408
	Number of allocated nodes: 116736
	Number of edges: 145465
	Maximum in degree: 11952 (node 88)
	Maximum out degree: 168 (node 89805)
	source 1993 (node 89805) with out degree 168
	target 34 (node 88) with in degree 11952

Execution time and memory used at after iteration 513 (MF = 425.000000): 1.170915e+05 seconds, 188977152 bytes of memory usage, 266340 kB of memory peak and 1-08:31:47 elapsed time
Statistics on the network after iteration 513 (MF = 425.000000)
	Number of nodes: 116408
	Number of allocated nodes: 116736
	Number of edges: 145465
	Maximum in degree: 11952 (node 88)
	Maximum out degree: 168 (node 89805)
	source 1993 (node 89805) with out degree 168
	target 34 (node 88) with in degree 11952

Execution time and memory used at after iteration 514 (MF = 425.000000): 1.177839e+05 seconds, 188977152 bytes of memory usage, 266476 kB of memory peak and 1-08:43:20 elapsed time
Statistics on the network after iteration 514 (MF = 425.000000)
	Number of nodes: 116408
	Number of allocated nodes: 116736
	Number of edges: 145465
	Maximum in degree: 11952 (node 88)
	Maximum out degree: 168 (node 89805)
	source 1993 (node 89805) with out degree 168
	target 34 (node 88) with in degree 11952

Execution time and memory used at after iteration 515 (MF = 425.000000): 1.184762e+05 seconds, 188977152 bytes of memory usage, 266612 kB of memory peak and 1-08:54:52 elapsed time
Statistics on the network after iteration 515 (MF = 425.000000)
	Number of nodes: 116408
	Number of allocated nodes: 116736
	Number of edges: 145465
	Maximum in degree: 11952 (node 88)
	Maximum out degree: 168 (node 89805)
	source 1993 (node 89805) with out degree 168
	target 34 (node 88) with in degree 11952

Execution time and memory used at after iteration 516 (MF = 425.000000): 1.191684e+05 seconds, 188977152 bytes of memory usage, 266740 kB of memory peak and 1-09:06:24 elapsed time
Statistics on the network after iteration 516 (MF = 425.000000)
	Number of nodes: 116408
	Number of allocated nodes: 116736
	Number of edges: 145465
	Maximum in degree: 11952 (node 88)
	Maximum out degree: 168 (node 89805)
	source 1993 (node 89805) with out degree 168
	target 34 (node 88) with in degree 11952

Execution time and memory used at after iteration 517 (MF = 425.000000): 1.198625e+05 seconds, 188977152 bytes of memory usage, 266868 kB of memory peak and 1-09:17:59 elapsed time
Statistics on the network after iteration 517 (MF = 425.000000)
	Number of nodes: 116408
	Number of allocated nodes: 116736
	Number of edges: 145465
	Maximum in degree: 11952 (node 88)
	Maximum out degree: 168 (node 89805)
	source 1993 (node 89805) with out degree 168
	target 34 (node 88) with in degree 11952

Execution time and memory used at after iteration 518 (MF = 425.000000): 1.205554e+05 seconds, 188977152 bytes of memory usage, 267016 kB of memory peak and 1-09:29:32 elapsed time
Statistics on the network after iteration 518 (MF = 425.000000)
	Number of nodes: 116408
	Number of allocated nodes: 116736
	Number of edges: 145465
	Maximum in degree: 11952 (node 88)
	Maximum out degree: 168 (node 89805)
	source 1993 (node 89805) with out degree 168
	target 34 (node 88) with in degree 11952

Execution time and memory used at after iteration 519 (MF = 425.000000): 1.212500e+05 seconds, 188977152 bytes of memory usage, 267148 kB of memory peak and 1-09:41:06 elapsed time
Statistics on the network after iteration 519 (MF = 425.000000)
	Number of nodes: 116408
	Number of allocated nodes: 116736
	Number of edges: 145465
	Maximum in degree: 11952 (node 88)
	Maximum out degree: 168 (node 89805)
	source 1993 (node 89805) with out degree 168
	target 34 (node 88) with in degree 11952

Execution time and memory used at after iteration 520 (MF = 425.000000): 1.219425e+05 seconds, 188977152 bytes of memory usage, 267272 kB of memory peak and 1-09:52:39 elapsed time
Statistics on the network after iteration 520 (MF = 425.000000)
	Number of nodes: 116408
	Number of allocated nodes: 116736
	Number of edges: 145465
	Maximum in degree: 11952 (node 88)
	Maximum out degree: 168 (node 89805)
	source 1993 (node 89805) with out degree 168
	target 34 (node 88) with in degree 11952

Execution time and memory used at after iteration 521 (MF = 425.000000): 1.226364e+05 seconds, 188977152 bytes of memory usage, 267272 kB of memory peak and 1-10:04:13 elapsed time
Statistics on the network after iteration 521 (MF = 425.000000)
	Number of nodes: 116408
	Number of allocated nodes: 116736
	Number of edges: 145465
	Maximum in degree: 11952 (node 88)
	Maximum out degree: 168 (node 89805)
	source 1993 (node 89805) with out degree 168
	target 34 (node 88) with in degree 11952

Execution time and memory used at after iteration 522 (MF = 425.000000): 1.233314e+05 seconds, 188977152 bytes of memory usage, 267272 kB of memory peak and 1-10:15:48 elapsed time
Statistics on the network after iteration 522 (MF = 425.000000)
	Number of nodes: 116408
	Number of allocated nodes: 116736
	Number of edges: 145465
	Maximum in degree: 11952 (node 88)
	Maximum out degree: 168 (node 89805)
	source 1993 (node 89805) with out degree 168
	target 34 (node 88) with in degree 11952

Execution time and memory used at after iteration 523 (MF = 425.000000): 1.240262e+05 seconds, 188977152 bytes of memory usage, 267348 kB of memory peak and 1-10:27:23 elapsed time
Statistics on the network after iteration 523 (MF = 425.000000)
	Number of nodes: 116408
	Number of allocated nodes: 116736
	Number of edges: 145465
	Maximum in degree: 11952 (node 88)
	Maximum out degree: 168 (node 89805)
	source 1993 (node 89805) with out degree 168
	target 34 (node 88) with in degree 11952

Execution time and memory used at after iteration 524 (MF = 425.000000): 1.247199e+05 seconds, 188977152 bytes of memory usage, 267468 kB of memory peak and 1-10:38:56 elapsed time
Statistics on the network after iteration 524 (MF = 425.000000)
	Number of nodes: 116408
	Number of allocated nodes: 116736
	Number of edges: 145465
	Maximum in degree: 11952 (node 88)
	Maximum out degree: 168 (node 89805)
	source 1993 (node 89805) with out degree 168
	target 34 (node 88) with in degree 11952

Execution time and memory used at after iteration 525 (MF = 425.000000): 1.254148e+05 seconds, 188977152 bytes of memory usage, 267592 kB of memory peak and 1-10:50:32 elapsed time
Statistics on the network after iteration 525 (MF = 425.000000)
	Number of nodes: 116408
	Number of allocated nodes: 116736
	Number of edges: 145465
	Maximum in degree: 11952 (node 88)
	Maximum out degree: 168 (node 89805)
	source 1993 (node 89805) with out degree 168
	target 34 (node 88) with in degree 11952

Execution time and memory used at after iteration 526 (MF = 425.000000): 1.261092e+05 seconds, 188977152 bytes of memory usage, 267728 kB of memory peak and 1-11:02:06 elapsed time
Statistics on the network after iteration 526 (MF = 425.000000)
	Number of nodes: 116408
	Number of allocated nodes: 116736
	Number of edges: 145465
	Maximum in degree: 11952 (node 88)
	Maximum out degree: 168 (node 89805)
	source 1993 (node 89805) with out degree 168
	target 34 (node 88) with in degree 11952

Execution time and memory used at after iteration 527 (MF = 425.000000): 1.268039e+05 seconds, 188977152 bytes of memory usage, 267852 kB of memory peak and 1-11:13:41 elapsed time
Statistics on the network after iteration 527 (MF = 425.000000)
	Number of nodes: 116408
	Number of allocated nodes: 116736
	Number of edges: 145465
	Maximum in degree: 11952 (node 88)
	Maximum out degree: 168 (node 89805)
	source 1993 (node 89805) with out degree 168
	target 34 (node 88) with in degree 11952

Execution time and memory used at after iteration 528 (MF = 425.000000): 1.275042e+05 seconds, 188977152 bytes of memory usage, 267980 kB of memory peak and 1-11:25:21 elapsed time
Statistics on the network after iteration 528 (MF = 425.000000)
	Number of nodes: 116408
	Number of allocated nodes: 116736
	Number of edges: 145465
	Maximum in degree: 11952 (node 88)
	Maximum out degree: 168 (node 89805)
	source 1993 (node 89805) with out degree 168
	target 34 (node 88) with in degree 11952

Execution time and memory used at after iteration 529 (MF = 425.000000): 1.282023e+05 seconds, 188977152 bytes of memory usage, 268100 kB of memory peak and 1-11:36:59 elapsed time
Statistics on the network after iteration 529 (MF = 425.000000)
	Number of nodes: 116408
	Number of allocated nodes: 116736
	Number of edges: 145465
	Maximum in degree: 11952 (node 88)
	Maximum out degree: 168 (node 89805)
	source 1993 (node 89805) with out degree 168
	target 34 (node 88) with in degree 11952

Execution time and memory used at after iteration 530 (MF = 425.000000): 1.288985e+05 seconds, 188977152 bytes of memory usage, 268228 kB of memory peak and 1-11:48:36 elapsed time
Statistics on the network after iteration 530 (MF = 425.000000)
	Number of nodes: 116408
	Number of allocated nodes: 116736
	Number of edges: 145465
	Maximum in degree: 11952 (node 88)
	Maximum out degree: 168 (node 89805)
	source 1993 (node 89805) with out degree 168
	target 34 (node 88) with in degree 11952

Execution time and memory used at after iteration 531 (MF = 425.000000): 1.295983e+05 seconds, 188977152 bytes of memory usage, 268352 kB of memory peak and 1-12:00:15 elapsed time
Statistics on the network after iteration 531 (MF = 425.000000)
	Number of nodes: 116408
	Number of allocated nodes: 116736
	Number of edges: 145465
	Maximum in degree: 11952 (node 88)
	Maximum out degree: 168 (node 89805)
	source 1993 (node 89805) with out degree 168
	target 34 (node 88) with in degree 11952

Execution time and memory used at after iteration 532 (MF = 425.000000): 1.302988e+05 seconds, 188977152 bytes of memory usage, 268352 kB of memory peak and 1-12:11:56 elapsed time
Statistics on the network after iteration 532 (MF = 425.000000)
	Number of nodes: 116408
	Number of allocated nodes: 116736
	Number of edges: 145465
	Maximum in degree: 11952 (node 88)
	Maximum out degree: 168 (node 89805)
	source 1993 (node 89805) with out degree 168
	target 34 (node 88) with in degree 11952

Execution time and memory used at after iteration 533 (MF = 425.000000): 1.310020e+05 seconds, 188977152 bytes of memory usage, 268352 kB of memory peak and 1-12:23:39 elapsed time
Statistics on the network after iteration 533 (MF = 425.000000)
	Number of nodes: 116408
	Number of allocated nodes: 116736
	Number of edges: 145465
	Maximum in degree: 11952 (node 88)
	Maximum out degree: 168 (node 89805)
	source 1993 (node 89805) with out degree 168
	target 34 (node 88) with in degree 11952

Execution time and memory used at after iteration 534 (MF = 425.000000): 1.317011e+05 seconds, 188977152 bytes of memory usage, 268360 kB of memory peak and 1-12:35:19 elapsed time
Statistics on the network after iteration 534 (MF = 425.000000)
	Number of nodes: 116408
	Number of allocated nodes: 116736
	Number of edges: 145465
	Maximum in degree: 11952 (node 88)
	Maximum out degree: 168 (node 89805)
	source 1993 (node 89805) with out degree 168
	target 34 (node 88) with in degree 11952

Execution time and memory used at after iteration 535 (MF = 425.000000): 1.324013e+05 seconds, 188977152 bytes of memory usage, 268488 kB of memory peak and 1-12:46:59 elapsed time
Statistics on the network after iteration 535 (MF = 425.000000)
	Number of nodes: 116408
	Number of allocated nodes: 116736
	Number of edges: 145465
	Maximum in degree: 11952 (node 88)
	Maximum out degree: 168 (node 89805)
	source 1993 (node 89805) with out degree 168
	target 34 (node 88) with in degree 11952

Execution time and memory used at after iteration 536 (MF = 425.000000): 1.331025e+05 seconds, 188977152 bytes of memory usage, 268612 kB of memory peak and 1-12:58:40 elapsed time
Statistics on the network after iteration 536 (MF = 425.000000)
	Number of nodes: 116408
	Number of allocated nodes: 116736
	Number of edges: 145465
	Maximum in degree: 11952 (node 88)
	Maximum out degree: 168 (node 89805)
	source 1993 (node 89805) with out degree 168
	target 34 (node 88) with in degree 11952

Execution time and memory used at after iteration 537 (MF = 425.000000): 1.338056e+05 seconds, 188977152 bytes of memory usage, 268744 kB of memory peak and 1-13:10:23 elapsed time
Statistics on the network after iteration 537 (MF = 425.000000)
	Number of nodes: 116408
	Number of allocated nodes: 116736
	Number of edges: 145465
	Maximum in degree: 11952 (node 88)
	Maximum out degree: 168 (node 89805)
	source 1993 (node 89805) with out degree 168
	target 34 (node 88) with in degree 11952

Execution time and memory used at after iteration 538 (MF = 425.000000): 1.345077e+05 seconds, 188977152 bytes of memory usage, 268876 kB of memory peak and 1-13:22:06 elapsed time
Statistics on the network after iteration 538 (MF = 425.000000)
	Number of nodes: 116408
	Number of allocated nodes: 116736
	Number of edges: 145465
	Maximum in degree: 11952 (node 88)
	Maximum out degree: 168 (node 89805)
	source 1993 (node 89805) with out degree 168
	target 34 (node 88) with in degree 11952

Execution time and memory used at after iteration 539 (MF = 424.000000): 1.352107e+05 seconds, 188977152 bytes of memory usage, 268988 kB of memory peak and 1-13:33:49 elapsed time
Statistics on the network after iteration 539 (MF = 424.000000)
	Number of nodes: 116408
	Number of allocated nodes: 116736
	Number of edges: 145465
	Maximum in degree: 11952 (node 88)
	Maximum out degree: 168 (node 89805)
	source 1993 (node 89805) with out degree 168
	target 34 (node 88) with in degree 11952

Execution time and memory used at after iteration 540 (MF = 425.000000): 1.359115e+05 seconds, 188977152 bytes of memory usage, 269144 kB of memory peak and 1-13:45:30 elapsed time
Statistics on the network after iteration 540 (MF = 425.000000)
	Number of nodes: 116408
	Number of allocated nodes: 116736
	Number of edges: 145465
	Maximum in degree: 11952 (node 88)
	Maximum out degree: 168 (node 89805)
	source 1993 (node 89805) with out degree 168
	target 34 (node 88) with in degree 11952

Execution time and memory used at after iteration 541 (MF = 425.000000): 1.366127e+05 seconds, 188977152 bytes of memory usage, 269264 kB of memory peak and 1-13:57:11 elapsed time
Statistics on the network after iteration 541 (MF = 425.000000)
	Number of nodes: 116408
	Number of allocated nodes: 116736
	Number of edges: 145465
	Maximum in degree: 11952 (node 88)
	Maximum out degree: 168 (node 89805)
	source 1993 (node 89805) with out degree 168
	target 34 (node 88) with in degree 11952

Execution time and memory used at after iteration 542 (MF = 425.000000): 1.373206e+05 seconds, 188977152 bytes of memory usage, 269392 kB of memory peak and 1-14:08:59 elapsed time
Statistics on the network after iteration 542 (MF = 425.000000)
	Number of nodes: 116408
	Number of allocated nodes: 116736
	Number of edges: 145465
	Maximum in degree: 11952 (node 88)
	Maximum out degree: 168 (node 89805)
	source 1993 (node 89805) with out degree 168
	target 34 (node 88) with in degree 11952

Execution time and memory used at after iteration 543 (MF = 425.000000): 1.380252e+05 seconds, 188977152 bytes of memory usage, 269392 kB of memory peak and 1-14:20:44 elapsed time
Statistics on the network after iteration 543 (MF = 425.000000)
	Number of nodes: 116408
	Number of allocated nodes: 116736
	Number of edges: 145465
	Maximum in degree: 11952 (node 88)
	Maximum out degree: 168 (node 89805)
	source 1993 (node 89805) with out degree 168
	target 34 (node 88) with in degree 11952

Execution time and memory used at after iteration 544 (MF = 425.000000): 1.387294e+05 seconds, 188977152 bytes of memory usage, 269440 kB of memory peak and 1-14:32:28 elapsed time
Statistics on the network after iteration 544 (MF = 425.000000)
	Number of nodes: 116408
	Number of allocated nodes: 116736
	Number of edges: 145465
	Maximum in degree: 11952 (node 88)
	Maximum out degree: 168 (node 89805)
	source 1993 (node 89805) with out degree 168
	target 34 (node 88) with in degree 11952

Execution time and memory used at after iteration 545 (MF = 425.000000): 1.394337e+05 seconds, 188977152 bytes of memory usage, 269564 kB of memory peak and 1-14:44:12 elapsed time
Statistics on the network after iteration 545 (MF = 425.000000)
	Number of nodes: 116408
	Number of allocated nodes: 116736
	Number of edges: 145465
	Maximum in degree: 11952 (node 88)
	Maximum out degree: 168 (node 89805)
	source 1993 (node 89805) with out degree 168
	target 34 (node 88) with in degree 11952

Execution time and memory used at after iteration 546 (MF = 425.000000): 1.401373e+05 seconds, 191315968 bytes of memory usage, 269564 kB of memory peak and 1-14:55:56 elapsed time
Statistics on the network after iteration 546 (MF = 425.000000)
	Number of nodes: 116408
	Number of allocated nodes: 116736
	Number of edges: 145465
	Maximum in degree: 11952 (node 88)
	Maximum out degree: 168 (node 89805)
	source 1993 (node 89805) with out degree 168
	target 34 (node 88) with in degree 11952

Execution time and memory used at after iteration 547 (MF = 425.000000): 1.408360e+05 seconds, 191315968 bytes of memory usage, 269564 kB of memory peak and 1-15:07:34 elapsed time
Statistics on the network after iteration 547 (MF = 425.000000)
	Number of nodes: 116408
	Number of allocated nodes: 116736
	Number of edges: 145465
	Maximum in degree: 11952 (node 88)
	Maximum out degree: 168 (node 89805)
	source 1993 (node 89805) with out degree 168
	target 34 (node 88) with in degree 11952

Execution time and memory used at after iteration 548 (MF = 425.000000): 1.415358e+05 seconds, 191315968 bytes of memory usage, 269612 kB of memory peak and 1-15:19:14 elapsed time
Statistics on the network after iteration 548 (MF = 425.000000)
	Number of nodes: 116408
	Number of allocated nodes: 116736
	Number of edges: 145465
	Maximum in degree: 11952 (node 88)
	Maximum out degree: 168 (node 89805)
	source 1993 (node 89805) with out degree 168
	target 34 (node 88) with in degree 11952

Execution time and memory used at after iteration 549 (MF = 425.000000): 1.422354e+05 seconds, 191315968 bytes of memory usage, 269716 kB of memory peak and 1-15:30:54 elapsed time
Statistics on the network after iteration 549 (MF = 425.000000)
	Number of nodes: 116408
	Number of allocated nodes: 116736
	Number of edges: 145465
	Maximum in degree: 11952 (node 88)
	Maximum out degree: 168 (node 89805)
	source 1993 (node 89805) with out degree 168
	target 34 (node 88) with in degree 11952

Execution time and memory used at after iteration 550 (MF = 425.000000): 1.429369e+05 seconds, 191315968 bytes of memory usage, 269836 kB of memory peak and 1-15:42:36 elapsed time
Statistics on the network after iteration 550 (MF = 425.000000)
	Number of nodes: 116408
	Number of allocated nodes: 116736
	Number of edges: 145465
	Maximum in degree: 11952 (node 88)
	Maximum out degree: 168 (node 89805)
	source 1993 (node 89805) with out degree 168
	target 34 (node 88) with in degree 11952

Execution time and memory used at after iteration 551 (MF = 425.000000): 1.436407e+05 seconds, 191315968 bytes of memory usage, 269952 kB of memory peak and 1-15:54:19 elapsed time
Statistics on the network after iteration 551 (MF = 425.000000)
	Number of nodes: 116408
	Number of allocated nodes: 116736
	Number of edges: 145465
	Maximum in degree: 11952 (node 88)
	Maximum out degree: 168 (node 89805)
	source 1993 (node 89805) with out degree 168
	target 34 (node 88) with in degree 11952

Execution time and memory used at after iteration 552 (MF = 425.000000): 1.443425e+05 seconds, 191315968 bytes of memory usage, 270060 kB of memory peak and 1-16:06:01 elapsed time
Statistics on the network after iteration 552 (MF = 425.000000)
	Number of nodes: 116408
	Number of allocated nodes: 116736
	Number of edges: 145465
	Maximum in degree: 11952 (node 88)
	Maximum out degree: 168 (node 89805)
	source 1993 (node 89805) with out degree 168
	target 34 (node 88) with in degree 11952

Execution time and memory used at after iteration 553 (MF = 425.000000): 1.450470e+05 seconds, 191315968 bytes of memory usage, 270184 kB of memory peak and 1-16:17:46 elapsed time
Statistics on the network after iteration 553 (MF = 425.000000)
	Number of nodes: 116408
	Number of allocated nodes: 116736
	Number of edges: 145465
	Maximum in degree: 11952 (node 88)
	Maximum out degree: 168 (node 89805)
	source 1993 (node 89805) with out degree 168
	target 34 (node 88) with in degree 11952

Execution time and memory used at after iteration 554 (MF = 425.000000): 1.457491e+05 seconds, 191315968 bytes of memory usage, 270304 kB of memory peak and 1-16:29:28 elapsed time
Statistics on the network after iteration 554 (MF = 425.000000)
	Number of nodes: 116408
	Number of allocated nodes: 116736
	Number of edges: 145465
	Maximum in degree: 11952 (node 88)
	Maximum out degree: 168 (node 89805)
	source 1993 (node 89805) with out degree 168
	target 34 (node 88) with in degree 11952

Execution time and memory used at after iteration 555 (MF = 425.000000): 1.464529e+05 seconds, 191315968 bytes of memory usage, 270416 kB of memory peak and 1-16:41:12 elapsed time
Statistics on the network after iteration 555 (MF = 425.000000)
	Number of nodes: 116408
	Number of allocated nodes: 116736
	Number of edges: 145465
	Maximum in degree: 11952 (node 88)
	Maximum out degree: 168 (node 89805)
	source 1993 (node 89805) with out degree 168
	target 34 (node 88) with in degree 11952

Execution time and memory used at after iteration 556 (MF = 425.000000): 1.471553e+05 seconds, 191315968 bytes of memory usage, 270544 kB of memory peak and 1-16:52:54 elapsed time
Statistics on the network after iteration 556 (MF = 425.000000)
	Number of nodes: 116408
	Number of allocated nodes: 116736
	Number of edges: 145465
	Maximum in degree: 11952 (node 88)
	Maximum out degree: 168 (node 89805)
	source 1993 (node 89805) with out degree 168
	target 34 (node 88) with in degree 11952

Execution time and memory used at after iteration 557 (MF = 425.000000): 1.478573e+05 seconds, 191315968 bytes of memory usage, 270660 kB of memory peak and 1-17:04:37 elapsed time
Statistics on the network after iteration 557 (MF = 425.000000)
	Number of nodes: 116408
	Number of allocated nodes: 116736
	Number of edges: 145465
	Maximum in degree: 11952 (node 88)
	Maximum out degree: 168 (node 89805)
	source 1993 (node 89805) with out degree 168
	target 34 (node 88) with in degree 11952

Execution time and memory used at after iteration 558 (MF = 425.000000): 1.485603e+05 seconds, 191315968 bytes of memory usage, 270768 kB of memory peak and 1-17:16:20 elapsed time
Statistics on the network after iteration 558 (MF = 425.000000)
	Number of nodes: 116408
	Number of allocated nodes: 116736
	Number of edges: 145465
	Maximum in degree: 11952 (node 88)
	Maximum out degree: 168 (node 89805)
	source 1993 (node 89805) with out degree 168
	target 34 (node 88) with in degree 11952

Execution time and memory used at after iteration 559 (MF = 425.000000): 1.492627e+05 seconds, 191315968 bytes of memory usage, 270892 kB of memory peak and 1-17:28:02 elapsed time
Statistics on the network after iteration 559 (MF = 425.000000)
	Number of nodes: 116408
	Number of allocated nodes: 116736
	Number of edges: 145465
	Maximum in degree: 11952 (node 88)
	Maximum out degree: 168 (node 89805)
	source 1993 (node 89805) with out degree 168
	target 34 (node 88) with in degree 11952

Execution time and memory used at after iteration 560 (MF = 425.000000): 1.499658e+05 seconds, 191315968 bytes of memory usage, 271008 kB of memory peak and 1-17:39:46 elapsed time
Statistics on the network after iteration 560 (MF = 425.000000)
	Number of nodes: 116408
	Number of allocated nodes: 116736
	Number of edges: 145465
	Maximum in degree: 11952 (node 88)
	Maximum out degree: 168 (node 89805)
	source 1993 (node 89805) with out degree 168
	target 34 (node 88) with in degree 11952

Execution time and memory used at after iteration 561 (MF = 425.000000): 1.506715e+05 seconds, 191315968 bytes of memory usage, 271132 kB of memory peak and 1-17:51:31 elapsed time
Statistics on the network after iteration 561 (MF = 425.000000)
	Number of nodes: 116408
	Number of allocated nodes: 116736
	Number of edges: 145465
	Maximum in degree: 11952 (node 88)
	Maximum out degree: 168 (node 89805)
	source 1993 (node 89805) with out degree 168
	target 34 (node 88) with in degree 11952

Execution time and memory used at after iteration 562 (MF = 425.000000): 1.513802e+05 seconds, 191315968 bytes of memory usage, 271244 kB of memory peak and 1-18:03:20 elapsed time
Statistics on the network after iteration 562 (MF = 425.000000)
	Number of nodes: 116408
	Number of allocated nodes: 116736
	Number of edges: 145465
	Maximum in degree: 11952 (node 88)
	Maximum out degree: 168 (node 89805)
	source 1993 (node 89805) with out degree 168
	target 34 (node 88) with in degree 11952

Execution time and memory used at after iteration 563 (MF = 425.000000): 1.520870e+05 seconds, 191315968 bytes of memory usage, 271364 kB of memory peak and 1-18:15:07 elapsed time
Statistics on the network after iteration 563 (MF = 425.000000)
	Number of nodes: 116408
	Number of allocated nodes: 116736
	Number of edges: 145465
	Maximum in degree: 11952 (node 88)
	Maximum out degree: 168 (node 89805)
	source 1993 (node 89805) with out degree 168
	target 34 (node 88) with in degree 11952

Execution time and memory used at after iteration 564 (MF = 425.000000): 1.527957e+05 seconds, 191315968 bytes of memory usage, 271492 kB of memory peak and 1-18:26:56 elapsed time
Statistics on the network after iteration 564 (MF = 425.000000)
	Number of nodes: 116408
	Number of allocated nodes: 116736
	Number of edges: 145465
	Maximum in degree: 11952 (node 88)
	Maximum out degree: 168 (node 89805)
	source 1993 (node 89805) with out degree 168
	target 34 (node 88) with in degree 11952

Execution time and memory used at after iteration 565 (MF = 425.000000): 1.535031e+05 seconds, 191315968 bytes of memory usage, 271600 kB of memory peak and 1-18:38:43 elapsed time
Statistics on the network after iteration 565 (MF = 425.000000)
	Number of nodes: 116408
	Number of allocated nodes: 116736
	Number of edges: 145465
	Maximum in degree: 11952 (node 88)
	Maximum out degree: 168 (node 89805)
	source 1993 (node 89805) with out degree 168
	target 34 (node 88) with in degree 11952

Execution time and memory used at after iteration 566 (MF = 425.000000): 1.542121e+05 seconds, 191315968 bytes of memory usage, 271716 kB of memory peak and 1-18:50:32 elapsed time
Statistics on the network after iteration 566 (MF = 425.000000)
	Number of nodes: 116408
	Number of allocated nodes: 116736
	Number of edges: 145465
	Maximum in degree: 11952 (node 88)
	Maximum out degree: 168 (node 89805)
	source 1993 (node 89805) with out degree 168
	target 34 (node 88) with in degree 11952

Execution time and memory used at after iteration 567 (MF = 425.000000): 1.549185e+05 seconds, 191315968 bytes of memory usage, 271840 kB of memory peak and 1-19:02:19 elapsed time
Statistics on the network after iteration 567 (MF = 425.000000)
	Number of nodes: 116408
	Number of allocated nodes: 116736
	Number of edges: 145465
	Maximum in degree: 11952 (node 88)
	Maximum out degree: 168 (node 89805)
	source 1993 (node 89805) with out degree 168
	target 34 (node 88) with in degree 11952

Execution time and memory used at after iteration 568 (MF = 425.000000): 1.556252e+05 seconds, 191315968 bytes of memory usage, 271948 kB of memory peak and 1-19:14:06 elapsed time
Statistics on the network after iteration 568 (MF = 425.000000)
	Number of nodes: 116408
	Number of allocated nodes: 116736
	Number of edges: 145465
	Maximum in degree: 11952 (node 88)
	Maximum out degree: 168 (node 89805)
	source 1993 (node 89805) with out degree 168
	target 34 (node 88) with in degree 11952

Execution time and memory used at after iteration 569 (MF = 425.000000): 1.563463e+05 seconds, 191315968 bytes of memory usage, 272072 kB of memory peak and 1-19:26:07 elapsed time
Statistics on the network after iteration 569 (MF = 425.000000)
	Number of nodes: 116408
	Number of allocated nodes: 116736
	Number of edges: 145465
	Maximum in degree: 11952 (node 88)
	Maximum out degree: 168 (node 89805)
	source 1993 (node 89805) with out degree 168
	target 34 (node 88) with in degree 11952

Execution time and memory used at after iteration 570 (MF = 425.000000): 1.570512e+05 seconds, 191315968 bytes of memory usage, 272072 kB of memory peak and 1-19:37:52 elapsed time
Statistics on the network after iteration 570 (MF = 425.000000)
	Number of nodes: 116408
	Number of allocated nodes: 116736
	Number of edges: 145465
	Maximum in degree: 11952 (node 88)
	Maximum out degree: 168 (node 89805)
	source 1993 (node 89805) with out degree 168
	target 34 (node 88) with in degree 11952

Execution time and memory used at after iteration 571 (MF = 425.000000): 1.577560e+05 seconds, 191315968 bytes of memory usage, 272072 kB of memory peak and 1-19:49:37 elapsed time
Statistics on the network after iteration 571 (MF = 425.000000)
	Number of nodes: 116408
	Number of allocated nodes: 116736
	Number of edges: 145465
	Maximum in degree: 11952 (node 88)
	Maximum out degree: 168 (node 89805)
	source 1993 (node 89805) with out degree 168
	target 34 (node 88) with in degree 11952

Execution time and memory used at after iteration 572 (MF = 425.000000): 1.584647e+05 seconds, 191315968 bytes of memory usage, 272072 kB of memory peak and 1-20:01:25 elapsed time
Statistics on the network after iteration 572 (MF = 425.000000)
	Number of nodes: 116408
	Number of allocated nodes: 116736
	Number of edges: 145465
	Maximum in degree: 11952 (node 88)
	Maximum out degree: 168 (node 89805)
	source 1993 (node 89805) with out degree 168
	target 34 (node 88) with in degree 11952

Execution time and memory used at after iteration 573 (MF = 425.000000): 1.591708e+05 seconds, 191315968 bytes of memory usage, 272072 kB of memory peak and 1-20:13:12 elapsed time
Statistics on the network after iteration 573 (MF = 425.000000)
	Number of nodes: 116408
	Number of allocated nodes: 116736
	Number of edges: 145465
	Maximum in degree: 11952 (node 88)
	Maximum out degree: 168 (node 89805)
	source 1993 (node 89805) with out degree 168
	target 34 (node 88) with in degree 11952

Execution time and memory used at after iteration 574 (MF = 425.000000): 1.598750e+05 seconds, 191315968 bytes of memory usage, 272088 kB of memory peak and 1-20:24:56 elapsed time
Statistics on the network after iteration 574 (MF = 425.000000)
	Number of nodes: 116408
	Number of allocated nodes: 116736
	Number of edges: 145465
	Maximum in degree: 11952 (node 88)
	Maximum out degree: 168 (node 89805)
	source 1993 (node 89805) with out degree 168
	target 34 (node 88) with in degree 11952

Execution time and memory used at after iteration 575 (MF = 425.000000): 1.605817e+05 seconds, 191315968 bytes of memory usage, 272208 kB of memory peak and 1-20:36:43 elapsed time
Statistics on the network after iteration 575 (MF = 425.000000)
	Number of nodes: 116408
	Number of allocated nodes: 116736
	Number of edges: 145465
	Maximum in degree: 11952 (node 88)
	Maximum out degree: 168 (node 89805)
	source 1993 (node 89805) with out degree 168
	target 34 (node 88) with in degree 11952

Execution time and memory used at after iteration 576 (MF = 425.000000): 1.612869e+05 seconds, 191315968 bytes of memory usage, 272320 kB of memory peak and 1-20:48:28 elapsed time
Statistics on the network after iteration 576 (MF = 425.000000)
	Number of nodes: 116408
	Number of allocated nodes: 116736
	Number of edges: 145465
	Maximum in degree: 11952 (node 88)
	Maximum out degree: 168 (node 89805)
	source 1993 (node 89805) with out degree 168
	target 34 (node 88) with in degree 11952

Execution time and memory used at after iteration 577 (MF = 425.000000): 1.619950e+05 seconds, 191315968 bytes of memory usage, 272432 kB of memory peak and 1-21:00:16 elapsed time
Statistics on the network after iteration 577 (MF = 425.000000)
	Number of nodes: 116408
	Number of allocated nodes: 116736
	Number of edges: 145465
	Maximum in degree: 11952 (node 88)
	Maximum out degree: 168 (node 89805)
	source 1993 (node 89805) with out degree 168
	target 34 (node 88) with in degree 11952

Execution time and memory used at after iteration 578 (MF = 425.000000): 1.627061e+05 seconds, 191315968 bytes of memory usage, 272552 kB of memory peak and 1-21:12:07 elapsed time
Statistics on the network after iteration 578 (MF = 425.000000)
	Number of nodes: 116408
	Number of allocated nodes: 116736
	Number of edges: 145465
	Maximum in degree: 11952 (node 88)
	Maximum out degree: 168 (node 89805)
	source 1993 (node 89805) with out degree 168
	target 34 (node 88) with in degree 11952

Execution time and memory used at after iteration 579 (MF = 425.000000): 1.634126e+05 seconds, 191315968 bytes of memory usage, 272668 kB of memory peak and 1-21:23:54 elapsed time
Statistics on the network after iteration 579 (MF = 425.000000)
	Number of nodes: 116408
	Number of allocated nodes: 116736
	Number of edges: 145465
	Maximum in degree: 11952 (node 88)
	Maximum out degree: 168 (node 89805)
	source 1993 (node 89805) with out degree 168
	target 34 (node 88) with in degree 11952

Execution time and memory used at after iteration 580 (MF = 425.000000): 1.641194e+05 seconds, 191315968 bytes of memory usage, 272792 kB of memory peak and 1-21:35:41 elapsed time
Statistics on the network after iteration 580 (MF = 425.000000)
	Number of nodes: 116408
	Number of allocated nodes: 116736
	Number of edges: 145465
	Maximum in degree: 11952 (node 88)
	Maximum out degree: 168 (node 89805)
	source 1993 (node 89805) with out degree 168
	target 34 (node 88) with in degree 11952

Execution time and memory used at after iteration 581 (MF = 425.000000): 1.648273e+05 seconds, 191315968 bytes of memory usage, 272900 kB of memory peak and 1-21:47:29 elapsed time
Statistics on the network after iteration 581 (MF = 425.000000)
	Number of nodes: 116408
	Number of allocated nodes: 116736
	Number of edges: 145465
	Maximum in degree: 11952 (node 88)
	Maximum out degree: 168 (node 89805)
	source 1993 (node 89805) with out degree 168
	target 34 (node 88) with in degree 11952

Execution time and memory used at after iteration 582 (MF = 425.000000): 1.655347e+05 seconds, 191315968 bytes of memory usage, 273028 kB of memory peak and 1-21:59:16 elapsed time
Statistics on the network after iteration 582 (MF = 425.000000)
	Number of nodes: 116408
	Number of allocated nodes: 116736
	Number of edges: 145465
	Maximum in degree: 11952 (node 88)
	Maximum out degree: 168 (node 89805)
	source 1993 (node 89805) with out degree 168
	target 34 (node 88) with in degree 11952

Execution time and memory used at after iteration 583 (MF = 425.000000): 1.662468e+05 seconds, 190423040 bytes of memory usage, 273028 kB of memory peak and 1-22:11:08 elapsed time
Statistics on the network after iteration 583 (MF = 425.000000)
	Number of nodes: 116408
	Number of allocated nodes: 116736
	Number of edges: 145465
	Maximum in degree: 11952 (node 88)
	Maximum out degree: 168 (node 89805)
	source 1993 (node 89805) with out degree 168
	target 34 (node 88) with in degree 11952

Execution time and memory used at after iteration 584 (MF = 425.000000): 1.669555e+05 seconds, 190406656 bytes of memory usage, 273028 kB of memory peak and 1-22:22:57 elapsed time
Statistics on the network after iteration 584 (MF = 425.000000)
	Number of nodes: 116408
	Number of allocated nodes: 116736
	Number of edges: 145465
	Maximum in degree: 11952 (node 88)
	Maximum out degree: 168 (node 89805)
	source 1993 (node 89805) with out degree 168
	target 34 (node 88) with in degree 11952

Execution time and memory used at after iteration 585 (MF = 425.000000): 1.676647e+05 seconds, 190382080 bytes of memory usage, 273028 kB of memory peak and 1-22:34:46 elapsed time
Statistics on the network after iteration 585 (MF = 425.000000)
	Number of nodes: 116408
	Number of allocated nodes: 116736
	Number of edges: 145465
	Maximum in degree: 11952 (node 88)
	Maximum out degree: 168 (node 89805)
	source 1993 (node 89805) with out degree 168
	target 34 (node 88) with in degree 11952

Execution time and memory used at after iteration 586 (MF = 425.000000): 1.683726e+05 seconds, 190365696 bytes of memory usage, 273028 kB of memory peak and 1-22:46:34 elapsed time
Statistics on the network after iteration 586 (MF = 425.000000)
	Number of nodes: 116408
	Number of allocated nodes: 116736
	Number of edges: 145465
	Maximum in degree: 11952 (node 88)
	Maximum out degree: 168 (node 89805)
	source 1993 (node 89805) with out degree 168
	target 34 (node 88) with in degree 11952

Execution time and memory used at after iteration 587 (MF = 425.000000): 1.690814e+05 seconds, 190341120 bytes of memory usage, 273072 kB of memory peak and 1-22:58:23 elapsed time
Statistics on the network after iteration 587 (MF = 425.000000)
	Number of nodes: 116408
	Number of allocated nodes: 116736
	Number of edges: 145465
	Maximum in degree: 11952 (node 88)
	Maximum out degree: 168 (node 89805)
	source 1993 (node 89805) with out degree 168
	target 34 (node 88) with in degree 11952

Execution time and memory used at after iteration 588 (MF = 425.000000): 1.697946e+05 seconds, 190324736 bytes of memory usage, 273180 kB of memory peak and 1-23:10:16 elapsed time
Statistics on the network after iteration 588 (MF = 425.000000)
	Number of nodes: 116408
	Number of allocated nodes: 116736
	Number of edges: 145465
	Maximum in degree: 11952 (node 88)
	Maximum out degree: 168 (node 89805)
	source 1993 (node 89805) with out degree 168
	target 34 (node 88) with in degree 11952

Execution time and memory used at after iteration 589 (MF = 425.000000): 1.705595e+05 seconds, 190291968 bytes of memory usage, 273284 kB of memory peak and 1-23:23:01 elapsed time
Statistics on the network after iteration 589 (MF = 425.000000)
	Number of nodes: 116408
	Number of allocated nodes: 116736
	Number of edges: 145465
	Maximum in degree: 11952 (node 88)
	Maximum out degree: 168 (node 89805)
	source 1993 (node 89805) with out degree 168
	target 34 (node 88) with in degree 11952

Execution time and memory used at after iteration 590 (MF = 425.000000): 1.713070e+05 seconds, 190275584 bytes of memory usage, 273404 kB of memory peak and 1-23:35:29 elapsed time
Statistics on the network after iteration 590 (MF = 425.000000)
	Number of nodes: 116408
	Number of allocated nodes: 116736
	Number of edges: 145465
	Maximum in degree: 11952 (node 88)
	Maximum out degree: 168 (node 89805)
	source 1993 (node 89805) with out degree 168
	target 34 (node 88) with in degree 11952

Execution time and memory used at after iteration 591 (MF = 425.000000): 1.720159e+05 seconds, 190251008 bytes of memory usage, 273520 kB of memory peak and 1-23:47:18 elapsed time
Statistics on the network after iteration 591 (MF = 425.000000)
	Number of nodes: 116408
	Number of allocated nodes: 116736
	Number of edges: 145465
	Maximum in degree: 11952 (node 88)
	Maximum out degree: 168 (node 89805)
	source 1993 (node 89805) with out degree 168
	target 34 (node 88) with in degree 11952

Execution time and memory used at after iteration 592 (MF = 425.000000): 1.727237e+05 seconds, 190234624 bytes of memory usage, 273636 kB of memory peak and 1-23:59:06 elapsed time
Statistics on the network after iteration 592 (MF = 425.000000)
	Number of nodes: 116408
	Number of allocated nodes: 116736
	Number of edges: 145465
	Maximum in degree: 11952 (node 88)
	Maximum out degree: 168 (node 89805)
	source 1993 (node 89805) with out degree 168
	target 34 (node 88) with in degree 11952

Execution time and memory used at after iteration 593 (MF = 425.000000): 1.734359e+05 seconds, 190218240 bytes of memory usage, 273752 kB of memory peak and 2-00:10:58 elapsed time
Statistics on the network after iteration 593 (MF = 425.000000)
	Number of nodes: 116408
	Number of allocated nodes: 116736
	Number of edges: 145465
	Maximum in degree: 11952 (node 88)
	Maximum out degree: 168 (node 89805)
	source 1993 (node 89805) with out degree 168
	target 34 (node 88) with in degree 11952

Execution time and memory used at after iteration 594 (MF = 425.000000): 1.741574e+05 seconds, 190185472 bytes of memory usage, 273868 kB of memory peak and 2-00:22:59 elapsed time
Statistics on the network after iteration 594 (MF = 425.000000)
	Number of nodes: 116408
	Number of allocated nodes: 116736
	Number of edges: 145465
	Maximum in degree: 11952 (node 88)
	Maximum out degree: 168 (node 89805)
	source 1993 (node 89805) with out degree 168
	target 34 (node 88) with in degree 11952

Execution time and memory used at after iteration 595 (MF = 425.000000): 1.748966e+05 seconds, 190169088 bytes of memory usage, 273984 kB of memory peak and 2-00:35:19 elapsed time
Statistics on the network after iteration 595 (MF = 425.000000)
	Number of nodes: 116408
	Number of allocated nodes: 116736
	Number of edges: 145465
	Maximum in degree: 11952 (node 88)
	Maximum out degree: 168 (node 89805)
	source 1993 (node 89805) with out degree 168
	target 34 (node 88) with in degree 11952

Execution time and memory used at after iteration 596 (MF = 425.000000): 1.756370e+05 seconds, 190156800 bytes of memory usage, 274104 kB of memory peak and 2-00:47:39 elapsed time
Statistics on the network after iteration 596 (MF = 425.000000)
	Number of nodes: 116408
	Number of allocated nodes: 116736
	Number of edges: 145465
	Maximum in degree: 11952 (node 88)
	Maximum out degree: 168 (node 89805)
	source 1993 (node 89805) with out degree 168
	target 34 (node 88) with in degree 11952

Execution time and memory used at after iteration 597 (MF = 425.000000): 1.763489e+05 seconds, 190140416 bytes of memory usage, 274104 kB of memory peak and 2-00:59:31 elapsed time
Statistics on the network after iteration 597 (MF = 425.000000)
	Number of nodes: 116408
	Number of allocated nodes: 116736
	Number of edges: 145465
	Maximum in degree: 11952 (node 88)
	Maximum out degree: 168 (node 89805)
	source 1993 (node 89805) with out degree 168
	target 34 (node 88) with in degree 11952

Execution time and memory used at after iteration 598 (MF = 425.000000): 1.770904e+05 seconds, 190140416 bytes of memory usage, 274104 kB of memory peak and 2-01:11:53 elapsed time
Statistics on the network after iteration 598 (MF = 425.000000)
	Number of nodes: 116408
	Number of allocated nodes: 116736
	Number of edges: 145465
	Maximum in degree: 11952 (node 88)
	Maximum out degree: 168 (node 89805)
	source 1993 (node 89805) with out degree 168
	target 34 (node 88) with in degree 11952

Execution time and memory used at after iteration 599 (MF = 425.000000): 1.777995e+05 seconds, 193662976 bytes of memory usage, 274452 kB of memory peak and 2-01:23:42 elapsed time
Statistics on the network after iteration 599 (MF = 425.000000)
	Number of nodes: 116408
	Number of allocated nodes: 116736
	Number of edges: 145465
	Maximum in degree: 11952 (node 88)
	Maximum out degree: 168 (node 89805)
	source 1993 (node 89805) with out degree 168
	target 34 (node 88) with in degree 11952

Execution time and memory used at after iteration 600 (MF = 425.000000): 1.785090e+05 seconds, 193662976 bytes of memory usage, 274576 kB of memory peak and 2-01:35:31 elapsed time
Statistics on the network after iteration 600 (MF = 425.000000)
	Number of nodes: 116408
	Number of allocated nodes: 116736
	Number of edges: 145465
	Maximum in degree: 11952 (node 88)
	Maximum out degree: 168 (node 89805)
	source 1993 (node 89805) with out degree 168
	target 34 (node 88) with in degree 11952

Execution time and memory used at after iteration 601 (MF = 425.000000): 1.792198e+05 seconds, 193114112 bytes of memory usage, 274576 kB of memory peak and 2-01:47:22 elapsed time
Statistics on the network after iteration 601 (MF = 425.000000)
	Number of nodes: 116408
	Number of allocated nodes: 116736
	Number of edges: 145465
	Maximum in degree: 11952 (node 88)
	Maximum out degree: 168 (node 89805)
	source 1993 (node 89805) with out degree 168
	target 34 (node 88) with in degree 11952

Execution time and memory used at after iteration 602 (MF = 425.000000): 1.799300e+05 seconds, 193089536 bytes of memory usage, 274576 kB of memory peak and 2-01:59:12 elapsed time
Statistics on the network after iteration 602 (MF = 425.000000)
	Number of nodes: 116408
	Number of allocated nodes: 116736
	Number of edges: 145465
	Maximum in degree: 11952 (node 88)
	Maximum out degree: 168 (node 89805)
	source 1993 (node 89805) with out degree 168
	target 34 (node 88) with in degree 11952

Execution time and memory used at after iteration 603 (MF = 425.000000): 1.806402e+05 seconds, 193073152 bytes of memory usage, 274576 kB of memory peak and 2-02:11:03 elapsed time
Statistics on the network after iteration 603 (MF = 425.000000)
	Number of nodes: 116408
	Number of allocated nodes: 116736
	Number of edges: 145465
	Maximum in degree: 11952 (node 88)
	Maximum out degree: 168 (node 89805)
	source 1993 (node 89805) with out degree 168
	target 34 (node 88) with in degree 11952

Execution time and memory used at after iteration 604 (MF = 425.000000): 1.813514e+05 seconds, 190275584 bytes of memory usage, 274812 kB of memory peak and 2-02:22:54 elapsed time
Statistics on the network after iteration 604 (MF = 425.000000)
	Number of nodes: 116408
	Number of allocated nodes: 116736
	Number of edges: 145465
	Maximum in degree: 11952 (node 88)
	Maximum out degree: 168 (node 89805)
	source 1993 (node 89805) with out degree 168
	target 34 (node 88) with in degree 11952

Execution time and memory used at after iteration 605 (MF = 425.000000): 1.820631e+05 seconds, 191315968 bytes of memory usage, 274812 kB of memory peak and 2-02:34:46 elapsed time
Statistics on the network after iteration 605 (MF = 425.000000)
	Number of nodes: 116408
	Number of allocated nodes: 116736
	Number of edges: 145465
	Maximum in degree: 11952 (node 88)
	Maximum out degree: 168 (node 89805)
	source 1993 (node 89805) with out degree 168
	target 34 (node 88) with in degree 11952

Execution time and memory used at after iteration 606 (MF = 425.000000): 1.827763e+05 seconds, 191315968 bytes of memory usage, 274856 kB of memory peak and 2-02:46:39 elapsed time
Statistics on the network after iteration 606 (MF = 425.000000)
	Number of nodes: 116408
	Number of allocated nodes: 116736
	Number of edges: 145465
	Maximum in degree: 11952 (node 88)
	Maximum out degree: 168 (node 89805)
	source 1993 (node 89805) with out degree 168
	target 34 (node 88) with in degree 11952

Execution time and memory used at after iteration 607 (MF = 425.000000): 1.834942e+05 seconds, 191315968 bytes of memory usage, 274980 kB of memory peak and 2-02:58:37 elapsed time
Statistics on the network after iteration 607 (MF = 425.000000)
	Number of nodes: 116408
	Number of allocated nodes: 116736
	Number of edges: 145465
	Maximum in degree: 11952 (node 88)
	Maximum out degree: 168 (node 89805)
	source 1993 (node 89805) with out degree 168
	target 34 (node 88) with in degree 11952

Execution time and memory used at after iteration 608 (MF = 425.000000): 1.842106e+05 seconds, 191315968 bytes of memory usage, 275088 kB of memory peak and 2-03:10:33 elapsed time
Statistics on the network after iteration 608 (MF = 425.000000)
	Number of nodes: 116408
	Number of allocated nodes: 116736
	Number of edges: 145465
	Maximum in degree: 11952 (node 88)
	Maximum out degree: 168 (node 89805)
	source 1993 (node 89805) with out degree 168
	target 34 (node 88) with in degree 11952

Execution time and memory used at after iteration 609 (MF = 425.000000): 1.849266e+05 seconds, 191315968 bytes of memory usage, 275204 kB of memory peak and 2-03:22:30 elapsed time
Statistics on the network after iteration 609 (MF = 425.000000)
	Number of nodes: 116408
	Number of allocated nodes: 116736
	Number of edges: 145465
	Maximum in degree: 11952 (node 88)
	Maximum out degree: 168 (node 89805)
	source 1993 (node 89805) with out degree 168
	target 34 (node 88) with in degree 11952

Execution time and memory used at after iteration 610 (MF = 425.000000): 1.856441e+05 seconds, 191315968 bytes of memory usage, 275304 kB of memory peak and 2-03:34:27 elapsed time
Statistics on the network after iteration 610 (MF = 425.000000)
	Number of nodes: 116408
	Number of allocated nodes: 116736
	Number of edges: 145465
	Maximum in degree: 11952 (node 88)
	Maximum out degree: 168 (node 89805)
	source 1993 (node 89805) with out degree 168
	target 34 (node 88) with in degree 11952

Execution time and memory used at after iteration 611 (MF = 425.000000): 1.863629e+05 seconds, 191315968 bytes of memory usage, 275432 kB of memory peak and 2-03:46:26 elapsed time
Statistics on the network after iteration 611 (MF = 425.000000)
	Number of nodes: 116408
	Number of allocated nodes: 116736
	Number of edges: 145465
	Maximum in degree: 11952 (node 88)
	Maximum out degree: 168 (node 89805)
	source 1993 (node 89805) with out degree 168
	target 34 (node 88) with in degree 11952

Execution time and memory used at after iteration 612 (MF = 425.000000): 1.870808e+05 seconds, 191315968 bytes of memory usage, 275544 kB of memory peak and 2-03:58:24 elapsed time
Statistics on the network after iteration 612 (MF = 425.000000)
	Number of nodes: 116408
	Number of allocated nodes: 116736
	Number of edges: 145465
	Maximum in degree: 11952 (node 88)
	Maximum out degree: 168 (node 89805)
	source 1993 (node 89805) with out degree 168
	target 34 (node 88) with in degree 11952

Execution time and memory used at after iteration 613 (MF = 425.000000): 1.877978e+05 seconds, 191315968 bytes of memory usage, 275544 kB of memory peak and 2-04:10:21 elapsed time
Statistics on the network after iteration 613 (MF = 425.000000)
	Number of nodes: 116408
	Number of allocated nodes: 116736
	Number of edges: 145465
	Maximum in degree: 11952 (node 88)
	Maximum out degree: 168 (node 89805)
	source 1993 (node 89805) with out degree 168
	target 34 (node 88) with in degree 11952

Execution time and memory used at after iteration 614 (MF = 425.000000): 1.885159e+05 seconds, 191315968 bytes of memory usage, 275652 kB of memory peak and 2-04:22:19 elapsed time
Statistics on the network after iteration 614 (MF = 425.000000)
	Number of nodes: 116408
	Number of allocated nodes: 116736
	Number of edges: 145465
	Maximum in degree: 11952 (node 88)
	Maximum out degree: 168 (node 89805)
	source 1993 (node 89805) with out degree 168
	target 34 (node 88) with in degree 11952

Execution time and memory used at after iteration 615 (MF = 425.000000): 1.892316e+05 seconds, 191315968 bytes of memory usage, 275760 kB of memory peak and 2-04:34:15 elapsed time
Statistics on the network after iteration 615 (MF = 425.000000)
	Number of nodes: 116408
	Number of allocated nodes: 116736
	Number of edges: 145465
	Maximum in degree: 11952 (node 88)
	Maximum out degree: 168 (node 89805)
	source 1993 (node 89805) with out degree 168
	target 34 (node 88) with in degree 11952

Execution time and memory used at after iteration 616 (MF = 425.000000): 1.899487e+05 seconds, 191315968 bytes of memory usage, 275888 kB of memory peak and 2-04:46:12 elapsed time
Statistics on the network after iteration 616 (MF = 425.000000)
	Number of nodes: 116408
	Number of allocated nodes: 116736
	Number of edges: 145465
	Maximum in degree: 11952 (node 88)
	Maximum out degree: 168 (node 89805)
	source 1993 (node 89805) with out degree 168
	target 34 (node 88) with in degree 11952

Execution time and memory used at after iteration 617 (MF = 425.000000): 1.906624e+05 seconds, 191315968 bytes of memory usage, 276000 kB of memory peak and 2-04:58:06 elapsed time
Statistics on the network after iteration 617 (MF = 425.000000)
	Number of nodes: 116408
	Number of allocated nodes: 116736
	Number of edges: 145465
	Maximum in degree: 11952 (node 88)
	Maximum out degree: 168 (node 89805)
	source 1993 (node 89805) with out degree 168
	target 34 (node 88) with in degree 11952

Execution time and memory used at after iteration 618 (MF = 425.000000): 1.913789e+05 seconds, 191315968 bytes of memory usage, 276120 kB of memory peak and 2-05:10:02 elapsed time
Statistics on the network after iteration 618 (MF = 425.000000)
	Number of nodes: 116408
	Number of allocated nodes: 116736
	Number of edges: 145465
	Maximum in degree: 11952 (node 88)
	Maximum out degree: 168 (node 89805)
	source 1993 (node 89805) with out degree 168
	target 34 (node 88) with in degree 11952

Execution time and memory used at after iteration 619 (MF = 425.000000): 1.920957e+05 seconds, 191315968 bytes of memory usage, 276240 kB of memory peak and 2-05:21:59 elapsed time
Statistics on the network after iteration 619 (MF = 425.000000)
	Number of nodes: 116408
	Number of allocated nodes: 116736
	Number of edges: 145465
	Maximum in degree: 11952 (node 88)
	Maximum out degree: 168 (node 89805)
	source 1993 (node 89805) with out degree 168
	target 34 (node 88) with in degree 11952

Execution time and memory used at after iteration 620 (MF = 425.000000): 1.928118e+05 seconds, 191315968 bytes of memory usage, 276360 kB of memory peak and 2-05:33:55 elapsed time
Statistics on the network after iteration 620 (MF = 425.000000)
	Number of nodes: 116408
	Number of allocated nodes: 116736
	Number of edges: 145465
	Maximum in degree: 11952 (node 88)
	Maximum out degree: 168 (node 89805)
	source 1993 (node 89805) with out degree 168
	target 34 (node 88) with in degree 11952

Execution time and memory used at after iteration 621 (MF = 425.000000): 1.935283e+05 seconds, 193130496 bytes of memory usage, 276360 kB of memory peak and 2-05:45:52 elapsed time
Statistics on the network after iteration 621 (MF = 425.000000)
	Number of nodes: 116408
	Number of allocated nodes: 116736
	Number of edges: 145465
	Maximum in degree: 11952 (node 88)
	Maximum out degree: 168 (node 89805)
	source 1993 (node 89805) with out degree 168
	target 34 (node 88) with in degree 11952

Execution time and memory used at after iteration 622 (MF = 425.000000): 1.942457e+05 seconds, 193122304 bytes of memory usage, 276360 kB of memory peak and 2-05:57:49 elapsed time
Statistics on the network after iteration 622 (MF = 425.000000)
	Number of nodes: 116408
	Number of allocated nodes: 116736
	Number of edges: 145465
	Maximum in degree: 11952 (node 88)
	Maximum out degree: 168 (node 89805)
	source 1993 (node 89805) with out degree 168
	target 34 (node 88) with in degree 11952

Execution time and memory used at after iteration 623 (MF = 425.000000): 1.949609e+05 seconds, 193105920 bytes of memory usage, 276424 kB of memory peak and 2-06:09:45 elapsed time
Statistics on the network after iteration 623 (MF = 425.000000)
	Number of nodes: 116408
	Number of allocated nodes: 116736
	Number of edges: 145465
	Maximum in degree: 11952 (node 88)
	Maximum out degree: 168 (node 89805)
	source 1993 (node 89805) with out degree 168
	target 34 (node 88) with in degree 11952

Execution time and memory used at after iteration 624 (MF = 425.000000): 1.956785e+05 seconds, 193081344 bytes of memory usage, 276532 kB of memory peak and 2-06:21:42 elapsed time
Statistics on the network after iteration 624 (MF = 425.000000)
	Number of nodes: 116408
	Number of allocated nodes: 116736
	Number of edges: 145465
	Maximum in degree: 11952 (node 88)
	Maximum out degree: 168 (node 89805)
	source 1993 (node 89805) with out degree 168
	target 34 (node 88) with in degree 11952

Execution time and memory used at after iteration 625 (MF = 425.000000): 1.963963e+05 seconds, 193064960 bytes of memory usage, 276648 kB of memory peak and 2-06:33:40 elapsed time
Statistics on the network after iteration 625 (MF = 425.000000)
	Number of nodes: 116408
	Number of allocated nodes: 116736
	Number of edges: 145465
	Maximum in degree: 11952 (node 88)
	Maximum out degree: 168 (node 89805)
	source 1993 (node 89805) with out degree 168
	target 34 (node 88) with in degree 11952

Execution time and memory used at after iteration 626 (MF = 425.000000): 1.971126e+05 seconds, 193048576 bytes of memory usage, 276700 kB of memory peak and 2-06:45:37 elapsed time
Statistics on the network after iteration 626 (MF = 425.000000)
	Number of nodes: 116408
	Number of allocated nodes: 116736
	Number of edges: 145465
	Maximum in degree: 11952 (node 88)
	Maximum out degree: 168 (node 89805)
	source 1993 (node 89805) with out degree 168
	target 34 (node 88) with in degree 11952

Execution time and memory used at after iteration 627 (MF = 425.000000): 1.978284e+05 seconds, 193015808 bytes of memory usage, 276784 kB of memory peak and 2-06:57:33 elapsed time
Statistics on the network after iteration 627 (MF = 425.000000)
	Number of nodes: 116408
	Number of allocated nodes: 116736
	Number of edges: 145465
	Maximum in degree: 11952 (node 88)
	Maximum out degree: 168 (node 89805)
	source 1993 (node 89805) with out degree 168
	target 34 (node 88) with in degree 11952

Execution time and memory used at after iteration 628 (MF = 425.000000): 1.985470e+05 seconds, 192999424 bytes of memory usage, 276868 kB of memory peak and 2-07:09:31 elapsed time
Statistics on the network after iteration 628 (MF = 425.000000)
	Number of nodes: 116408
	Number of allocated nodes: 116736
	Number of edges: 145465
	Maximum in degree: 11952 (node 88)
	Maximum out degree: 168 (node 89805)
	source 1993 (node 89805) with out degree 168
	target 34 (node 88) with in degree 11952

Execution time and memory used at after iteration 629 (MF = 425.000000): 1.992639e+05 seconds, 192974848 bytes of memory usage, 276980 kB of memory peak and 2-07:21:28 elapsed time
Statistics on the network after iteration 629 (MF = 425.000000)
	Number of nodes: 116408
	Number of allocated nodes: 116736
	Number of edges: 145465
	Maximum in degree: 11952 (node 88)
	Maximum out degree: 168 (node 89805)
	source 1993 (node 89805) with out degree 168
	target 34 (node 88) with in degree 11952

Execution time and memory used at after iteration 630 (MF = 425.000000): 1.999824e+05 seconds, 192966656 bytes of memory usage, 277096 kB of memory peak and 2-07:33:27 elapsed time
Statistics on the network after iteration 630 (MF = 425.000000)
	Number of nodes: 116408
	Number of allocated nodes: 116736
	Number of edges: 145465
	Maximum in degree: 11952 (node 88)
	Maximum out degree: 168 (node 89805)
	source 1993 (node 89805) with out degree 168
	target 34 (node 88) with in degree 11952

Execution time and memory used at after iteration 631 (MF = 425.000000): 2.007215e+05 seconds, 192942080 bytes of memory usage, 277212 kB of memory peak and 2-07:45:46 elapsed time
Statistics on the network after iteration 631 (MF = 425.000000)
	Number of nodes: 116408
	Number of allocated nodes: 116736
	Number of edges: 145465
	Maximum in degree: 11952 (node 88)
	Maximum out degree: 168 (node 89805)
	source 1993 (node 89805) with out degree 168
	target 34 (node 88) with in degree 11952

Execution time and memory used at after iteration 632 (MF = 425.000000): 2.014448e+05 seconds, 192925696 bytes of memory usage, 277256 kB of memory peak and 2-07:57:49 elapsed time
Statistics on the network after iteration 632 (MF = 425.000000)
	Number of nodes: 116408
	Number of allocated nodes: 116736
	Number of edges: 145465
	Maximum in degree: 11952 (node 88)
	Maximum out degree: 168 (node 89805)
	source 1993 (node 89805) with out degree 168
	target 34 (node 88) with in degree 11952

Execution time and memory used at after iteration 633 (MF = 425.000000): 2.021682e+05 seconds, 192909312 bytes of memory usage, 277340 kB of memory peak and 2-08:09:53 elapsed time
Statistics on the network after iteration 633 (MF = 425.000000)
	Number of nodes: 116408
	Number of allocated nodes: 116736
	Number of edges: 145465
	Maximum in degree: 11952 (node 88)
	Maximum out degree: 168 (node 89805)
	source 1993 (node 89805) with out degree 168
	target 34 (node 88) with in degree 11952

Execution time and memory used at after iteration 634 (MF = 425.000000): 2.028922e+05 seconds, 192892928 bytes of memory usage, 277432 kB of memory peak and 2-08:21:57 elapsed time
Statistics on the network after iteration 634 (MF = 425.000000)
	Number of nodes: 116408
	Number of allocated nodes: 116736
	Number of edges: 145465
	Maximum in degree: 11952 (node 88)
	Maximum out degree: 168 (node 89805)
	source 1993 (node 89805) with out degree 168
	target 34 (node 88) with in degree 11952

Execution time and memory used at after iteration 635 (MF = 425.000000): 2.036131e+05 seconds, 192876544 bytes of memory usage, 277544 kB of memory peak and 2-08:33:58 elapsed time
Statistics on the network after iteration 635 (MF = 425.000000)
	Number of nodes: 116408
	Number of allocated nodes: 116736
	Number of edges: 145465
	Maximum in degree: 11952 (node 88)
	Maximum out degree: 168 (node 89805)
	source 1993 (node 89805) with out degree 168
	target 34 (node 88) with in degree 11952

Execution time and memory used at after iteration 636 (MF = 425.000000): 2.043344e+05 seconds, 194838528 bytes of memory usage, 277984 kB of memory peak and 2-08:45:59 elapsed time
Statistics on the network after iteration 636 (MF = 425.000000)
	Number of nodes: 116408
	Number of allocated nodes: 116736
	Number of edges: 145465
	Maximum in degree: 11952 (node 88)
	Maximum out degree: 168 (node 89805)
	source 1993 (node 89805) with out degree 168
	target 34 (node 88) with in degree 11952

Execution time and memory used at after iteration 637 (MF = 425.000000): 2.050533e+05 seconds, 194838528 bytes of memory usage, 278096 kB of memory peak and 2-08:57:58 elapsed time
Statistics on the network after iteration 637 (MF = 425.000000)
	Number of nodes: 116408
	Number of allocated nodes: 116736
	Number of edges: 145465
	Maximum in degree: 11952 (node 88)
	Maximum out degree: 168 (node 89805)
	source 1993 (node 89805) with out degree 168
	target 34 (node 88) with in degree 11952

Execution time and memory used at after iteration 638 (MF = 425.000000): 2.057726e+05 seconds, 194838528 bytes of memory usage, 278220 kB of memory peak and 2-09:09:58 elapsed time
Statistics on the network after iteration 638 (MF = 425.000000)
	Number of nodes: 116408
	Number of allocated nodes: 116736
	Number of edges: 145465
	Maximum in degree: 11952 (node 88)
	Maximum out degree: 168 (node 89805)
	source 1993 (node 89805) with out degree 168
	target 34 (node 88) with in degree 11952

Execution time and memory used at after iteration 639 (MF = 425.000000): 2.064901e+05 seconds, 194838528 bytes of memory usage, 278340 kB of memory peak and 2-09:21:55 elapsed time
Statistics on the network after iteration 639 (MF = 425.000000)
	Number of nodes: 116408
	Number of allocated nodes: 116736
	Number of edges: 145465
	Maximum in degree: 11952 (node 88)
	Maximum out degree: 168 (node 89805)
	source 1993 (node 89805) with out degree 168
	target 34 (node 88) with in degree 11952

Execution time and memory used at after iteration 640 (MF = 425.000000): 2.072104e+05 seconds, 194838528 bytes of memory usage, 278472 kB of memory peak and 2-09:33:56 elapsed time
Statistics on the network after iteration 640 (MF = 425.000000)
	Number of nodes: 116408
	Number of allocated nodes: 116736
	Number of edges: 145465
	Maximum in degree: 11952 (node 88)
	Maximum out degree: 168 (node 89805)
	source 1993 (node 89805) with out degree 168
	target 34 (node 88) with in degree 11952

Execution time and memory used at after iteration 641 (MF = 425.000000): 2.079357e+05 seconds, 194838528 bytes of memory usage, 278584 kB of memory peak and 2-09:46:01 elapsed time
Statistics on the network after iteration 641 (MF = 425.000000)
	Number of nodes: 116408
	Number of allocated nodes: 116736
	Number of edges: 145465
	Maximum in degree: 11952 (node 88)
	Maximum out degree: 168 (node 89805)
	source 1993 (node 89805) with out degree 168
	target 34 (node 88) with in degree 11952

Execution time and memory used at after iteration 642 (MF = 425.000000): 2.086565e+05 seconds, 194838528 bytes of memory usage, 278708 kB of memory peak and 2-09:58:02 elapsed time
Statistics on the network after iteration 642 (MF = 425.000000)
	Number of nodes: 116408
	Number of allocated nodes: 116736
	Number of edges: 145465
	Maximum in degree: 11952 (node 88)
	Maximum out degree: 168 (node 89805)
	source 1993 (node 89805) with out degree 168
	target 34 (node 88) with in degree 11952

Execution time and memory used at after iteration 643 (MF = 425.000000): 2.093764e+05 seconds, 194838528 bytes of memory usage, 278708 kB of memory peak and 2-10:10:02 elapsed time
Statistics on the network after iteration 643 (MF = 425.000000)
	Number of nodes: 116408
	Number of allocated nodes: 116736
	Number of edges: 145465
	Maximum in degree: 11952 (node 88)
	Maximum out degree: 168 (node 89805)
	source 1993 (node 89805) with out degree 168
	target 34 (node 88) with in degree 11952

Execution time and memory used at after iteration 644 (MF = 425.000000): 2.100961e+05 seconds, 194838528 bytes of memory usage, 278708 kB of memory peak and 2-10:22:02 elapsed time
Statistics on the network after iteration 644 (MF = 425.000000)
	Number of nodes: 116408
	Number of allocated nodes: 116736
	Number of edges: 145465
	Maximum in degree: 11952 (node 88)
	Maximum out degree: 168 (node 89805)
	source 1993 (node 89805) with out degree 168
	target 34 (node 88) with in degree 11952

Execution time and memory used at after iteration 645 (MF = 425.000000): 2.108167e+05 seconds, 194838528 bytes of memory usage, 278708 kB of memory peak and 2-10:34:03 elapsed time
Statistics on the network after iteration 645 (MF = 425.000000)
	Number of nodes: 116408
	Number of allocated nodes: 116736
	Number of edges: 145465
	Maximum in degree: 11952 (node 88)
	Maximum out degree: 168 (node 89805)
	source 1993 (node 89805) with out degree 168
	target 34 (node 88) with in degree 11952

Execution time and memory used at after iteration 646 (MF = 425.000000): 2.115386e+05 seconds, 194838528 bytes of memory usage, 278708 kB of memory peak and 2-10:46:05 elapsed time
Statistics on the network after iteration 646 (MF = 425.000000)
	Number of nodes: 116408
	Number of allocated nodes: 116736
	Number of edges: 145465
	Maximum in degree: 11952 (node 88)
	Maximum out degree: 168 (node 89805)
	source 1993 (node 89805) with out degree 168
	target 34 (node 88) with in degree 11952

Execution time and memory used at after iteration 647 (MF = 425.000000): 2.122601e+05 seconds, 194875392 bytes of memory usage, 278748 kB of memory peak and 2-10:58:06 elapsed time
Statistics on the network after iteration 647 (MF = 425.000000)
	Number of nodes: 116408
	Number of allocated nodes: 116736
	Number of edges: 145465
	Maximum in degree: 11952 (node 88)
	Maximum out degree: 168 (node 89805)
	source 1993 (node 89805) with out degree 168
	target 34 (node 88) with in degree 11952

Execution time and memory used at after iteration 648 (MF = 425.000000): 2.129828e+05 seconds, 194916352 bytes of memory usage, 278868 kB of memory peak and 2-11:10:09 elapsed time
Statistics on the network after iteration 648 (MF = 425.000000)
	Number of nodes: 116408
	Number of allocated nodes: 116736
	Number of edges: 145465
	Maximum in degree: 11952 (node 88)
	Maximum out degree: 168 (node 89805)
	source 1993 (node 89805) with out degree 168
	target 34 (node 88) with in degree 11952

Execution time and memory used at after iteration 649 (MF = 425.000000): 2.137050e+05 seconds, 194949120 bytes of memory usage, 278988 kB of memory peak and 2-11:22:12 elapsed time
Statistics on the network after iteration 649 (MF = 425.000000)
	Number of nodes: 116408
	Number of allocated nodes: 116736
	Number of edges: 145465
	Maximum in degree: 11952 (node 88)
	Maximum out degree: 168 (node 89805)
	source 1993 (node 89805) with out degree 168
	target 34 (node 88) with in degree 11952

Execution time and memory used at after iteration 650 (MF = 425.000000): 2.144259e+05 seconds, 194981888 bytes of memory usage, 279112 kB of memory peak and 2-11:34:13 elapsed time
Statistics on the network after iteration 650 (MF = 425.000000)
	Number of nodes: 116408
	Number of allocated nodes: 116736
	Number of edges: 145465
	Maximum in degree: 11952 (node 88)
	Maximum out degree: 168 (node 89805)
	source 1993 (node 89805) with out degree 168
	target 34 (node 88) with in degree 11952

Execution time and memory used at after iteration 651 (MF = 425.000000): 2.151486e+05 seconds, 195022848 bytes of memory usage, 279240 kB of memory peak and 2-11:46:15 elapsed time
Statistics on the network after iteration 651 (MF = 425.000000)
	Number of nodes: 116408
	Number of allocated nodes: 116736
	Number of edges: 145465
	Maximum in degree: 11952 (node 88)
	Maximum out degree: 168 (node 89805)
	source 1993 (node 89805) with out degree 168
	target 34 (node 88) with in degree 11952

Execution time and memory used at after iteration 652 (MF = 425.000000): 2.158726e+05 seconds, 195063808 bytes of memory usage, 279364 kB of memory peak and 2-11:58:19 elapsed time
Statistics on the network after iteration 652 (MF = 425.000000)
	Number of nodes: 116408
	Number of allocated nodes: 116736
	Number of edges: 145465
	Maximum in degree: 11952 (node 88)
	Maximum out degree: 168 (node 89805)
	source 1993 (node 89805) with out degree 168
	target 34 (node 88) with in degree 11952

Execution time and memory used at after iteration 653 (MF = 425.000000): 2.166012e+05 seconds, 195104768 bytes of memory usage, 279484 kB of memory peak and 2-12:10:28 elapsed time
Statistics on the network after iteration 653 (MF = 425.000000)
	Number of nodes: 116408
	Number of allocated nodes: 116736
	Number of edges: 145465
	Maximum in degree: 11952 (node 88)
	Maximum out degree: 168 (node 89805)
	source 1993 (node 89805) with out degree 168
	target 34 (node 88) with in degree 11952

Execution time and memory used at after iteration 654 (MF = 425.000000): 2.173278e+05 seconds, 195137536 bytes of memory usage, 279612 kB of memory peak and 2-12:22:35 elapsed time
Statistics on the network after iteration 654 (MF = 425.000000)
	Number of nodes: 116408
	Number of allocated nodes: 116736
	Number of edges: 145465
	Maximum in degree: 11952 (node 88)
	Maximum out degree: 168 (node 89805)
	source 1993 (node 89805) with out degree 168
	target 34 (node 88) with in degree 11952

Execution time and memory used at after iteration 655 (MF = 425.000000): 2.180575e+05 seconds, 195170304 bytes of memory usage, 279612 kB of memory peak and 2-12:34:45 elapsed time
Statistics on the network after iteration 655 (MF = 425.000000)
	Number of nodes: 116408
	Number of allocated nodes: 116736
	Number of edges: 145465
	Maximum in degree: 11952 (node 88)
	Maximum out degree: 168 (node 89805)
	source 1993 (node 89805) with out degree 168
	target 34 (node 88) with in degree 11952

Execution time and memory used at after iteration 656 (MF = 425.000000): 2.187842e+05 seconds, 195211264 bytes of memory usage, 279612 kB of memory peak and 2-12:46:52 elapsed time
Statistics on the network after iteration 656 (MF = 425.000000)
	Number of nodes: 116408
	Number of allocated nodes: 116736
	Number of edges: 145465
	Maximum in degree: 11952 (node 88)
	Maximum out degree: 168 (node 89805)
	source 1993 (node 89805) with out degree 168
	target 34 (node 88) with in degree 11952

Execution time and memory used at after iteration 657 (MF = 425.000000): 2.195066e+05 seconds, 195239936 bytes of memory usage, 279668 kB of memory peak and 2-12:58:54 elapsed time
Statistics on the network after iteration 657 (MF = 425.000000)
	Number of nodes: 116408
	Number of allocated nodes: 116736
	Number of edges: 145465
	Maximum in degree: 11952 (node 88)
	Maximum out degree: 168 (node 89805)
	source 1993 (node 89805) with out degree 168
	target 34 (node 88) with in degree 11952

Execution time and memory used at after iteration 658 (MF = 425.000000): 2.202348e+05 seconds, 195268608 bytes of memory usage, 279788 kB of memory peak and 2-13:11:03 elapsed time
Statistics on the network after iteration 658 (MF = 425.000000)
	Number of nodes: 116408
	Number of allocated nodes: 116736
	Number of edges: 145465
	Maximum in degree: 11952 (node 88)
	Maximum out degree: 168 (node 89805)
	source 1993 (node 89805) with out degree 168
	target 34 (node 88) with in degree 11952

Execution time and memory used at after iteration 659 (MF = 425.000000): 2.209626e+05 seconds, 195309568 bytes of memory usage, 279908 kB of memory peak and 2-13:23:11 elapsed time
Statistics on the network after iteration 659 (MF = 425.000000)
	Number of nodes: 116408
	Number of allocated nodes: 116736
	Number of edges: 145465
	Maximum in degree: 11952 (node 88)
	Maximum out degree: 168 (node 89805)
	source 1993 (node 89805) with out degree 168
	target 34 (node 88) with in degree 11952

Execution time and memory used at after iteration 660 (MF = 425.000000): 2.216937e+05 seconds, 195350528 bytes of memory usage, 280052 kB of memory peak and 2-13:35:22 elapsed time
Statistics on the network after iteration 660 (MF = 425.000000)
	Number of nodes: 116408
	Number of allocated nodes: 116736
	Number of edges: 145465
	Maximum in degree: 11952 (node 88)
	Maximum out degree: 168 (node 89805)
	source 1993 (node 89805) with out degree 168
	target 34 (node 88) with in degree 11952

Execution time and memory used at after iteration 661 (MF = 425.000000): 2.224225e+05 seconds, 195387392 bytes of memory usage, 280176 kB of memory peak and 2-13:47:31 elapsed time
Statistics on the network after iteration 661 (MF = 425.000000)
	Number of nodes: 116408
	Number of allocated nodes: 116736
	Number of edges: 145465
	Maximum in degree: 11952 (node 88)
	Maximum out degree: 168 (node 89805)
	source 1993 (node 89805) with out degree 168
	target 34 (node 88) with in degree 11952

Execution time and memory used at after iteration 662 (MF = 425.000000): 2.231533e+05 seconds, 195416064 bytes of memory usage, 280300 kB of memory peak and 2-13:59:42 elapsed time
Statistics on the network after iteration 662 (MF = 425.000000)
	Number of nodes: 116408
	Number of allocated nodes: 116736
	Number of edges: 145465
	Maximum in degree: 11952 (node 88)
	Maximum out degree: 168 (node 89805)
	source 1993 (node 89805) with out degree 168
	target 34 (node 88) with in degree 11952

Execution time and memory used at after iteration 663 (MF = 425.000000): 2.238829e+05 seconds, 195448832 bytes of memory usage, 280300 kB of memory peak and 2-14:11:52 elapsed time
Statistics on the network after iteration 663 (MF = 425.000000)
	Number of nodes: 116408
	Number of allocated nodes: 116736
	Number of edges: 145465
	Maximum in degree: 11952 (node 88)
	Maximum out degree: 168 (node 89805)
	source 1993 (node 89805) with out degree 168
	target 34 (node 88) with in degree 11952

Execution time and memory used at after iteration 664 (MF = 425.000000): 2.246093e+05 seconds, 195489792 bytes of memory usage, 280556 kB of memory peak and 2-14:23:58 elapsed time
Statistics on the network after iteration 664 (MF = 425.000000)
	Number of nodes: 116408
	Number of allocated nodes: 116736
	Number of edges: 145465
	Maximum in degree: 11952 (node 88)
	Maximum out degree: 168 (node 89805)
	source 1993 (node 89805) with out degree 168
	target 34 (node 88) with in degree 11952

Execution time and memory used at after iteration 665 (MF = 425.000000): 2.253342e+05 seconds, 195518464 bytes of memory usage, 280556 kB of memory peak and 2-14:36:03 elapsed time
Statistics on the network after iteration 665 (MF = 425.000000)
	Number of nodes: 116408
	Number of allocated nodes: 116736
	Number of edges: 145465
	Maximum in degree: 11952 (node 88)
	Maximum out degree: 168 (node 89805)
	source 1993 (node 89805) with out degree 168
	target 34 (node 88) with in degree 11952

Execution time and memory used at after iteration 666 (MF = 425.000000): 2.260587e+05 seconds, 195551232 bytes of memory usage, 280556 kB of memory peak and 2-14:48:08 elapsed time
Statistics on the network after iteration 666 (MF = 425.000000)
	Number of nodes: 116408
	Number of allocated nodes: 116736
	Number of edges: 145465
	Maximum in degree: 11952 (node 88)
	Maximum out degree: 168 (node 89805)
	source 1993 (node 89805) with out degree 168
	target 34 (node 88) with in degree 11952

Execution time and memory used at after iteration 667 (MF = 425.000000): 2.267844e+05 seconds, 195604480 bytes of memory usage, 280640 kB of memory peak and 2-15:00:14 elapsed time
Statistics on the network after iteration 667 (MF = 425.000000)
	Number of nodes: 116408
	Number of allocated nodes: 116736
	Number of edges: 145465
	Maximum in degree: 11952 (node 88)
	Maximum out degree: 168 (node 89805)
	source 1993 (node 89805) with out degree 168
	target 34 (node 88) with in degree 11952

Execution time and memory used at after iteration 668 (MF = 425.000000): 2.275100e+05 seconds, 195629056 bytes of memory usage, 280756 kB of memory peak and 2-15:12:19 elapsed time
Statistics on the network after iteration 668 (MF = 425.000000)
	Number of nodes: 116408
	Number of allocated nodes: 116736
	Number of edges: 145465
	Maximum in degree: 11952 (node 88)
	Maximum out degree: 168 (node 89805)
	source 1993 (node 89805) with out degree 168
	target 34 (node 88) with in degree 11952

Execution time and memory used at after iteration 669 (MF = 425.000000): 2.282497e+05 seconds, 196001792 bytes of memory usage, 280872 kB of memory peak and 2-15:24:39 elapsed time
Statistics on the network after iteration 669 (MF = 425.000000)
	Number of nodes: 116408
	Number of allocated nodes: 116736
	Number of edges: 145465
	Maximum in degree: 11952 (node 88)
	Maximum out degree: 168 (node 89805)
	source 1993 (node 89805) with out degree 168
	target 34 (node 88) with in degree 11952

Execution time and memory used at after iteration 670 (MF = 425.000000): 2.289772e+05 seconds, 196001792 bytes of memory usage, 280996 kB of memory peak and 2-15:36:47 elapsed time
Statistics on the network after iteration 670 (MF = 425.000000)
	Number of nodes: 116408
	Number of allocated nodes: 116736
	Number of edges: 145465
	Maximum in degree: 11952 (node 88)
	Maximum out degree: 168 (node 89805)
	source 1993 (node 89805) with out degree 168
	target 34 (node 88) with in degree 11952

Execution time and memory used at after iteration 671 (MF = 425.000000): 2.297055e+05 seconds, 196001792 bytes of memory usage, 281116 kB of memory peak and 2-15:48:55 elapsed time
Statistics on the network after iteration 671 (MF = 425.000000)
	Number of nodes: 116408
	Number of allocated nodes: 116736
	Number of edges: 145465
	Maximum in degree: 11952 (node 88)
	Maximum out degree: 168 (node 89805)
	source 1993 (node 89805) with out degree 168
	target 34 (node 88) with in degree 11952

Execution time and memory used at after iteration 672 (MF = 425.000000): 2.304348e+05 seconds, 196001792 bytes of memory usage, 281232 kB of memory peak and 2-16:01:05 elapsed time
Statistics on the network after iteration 672 (MF = 425.000000)
	Number of nodes: 116408
	Number of allocated nodes: 116736
	Number of edges: 145465
	Maximum in degree: 11952 (node 88)
	Maximum out degree: 168 (node 89805)
	source 1993 (node 89805) with out degree 168
	target 34 (node 88) with in degree 11952

Execution time and memory used at after iteration 673 (MF = 425.000000): 2.311628e+05 seconds, 196001792 bytes of memory usage, 281360 kB of memory peak and 2-16:13:13 elapsed time
Statistics on the network after iteration 673 (MF = 425.000000)
	Number of nodes: 116408
	Number of allocated nodes: 116736
	Number of edges: 145465
	Maximum in degree: 11952 (node 88)
	Maximum out degree: 168 (node 89805)
	source 1993 (node 89805) with out degree 168
	target 34 (node 88) with in degree 11952

Execution time and memory used at after iteration 674 (MF = 425.000000): 2.318920e+05 seconds, 196001792 bytes of memory usage, 281476 kB of memory peak and 2-16:25:22 elapsed time
Statistics on the network after iteration 674 (MF = 425.000000)
	Number of nodes: 116408
	Number of allocated nodes: 116736
	Number of edges: 145465
	Maximum in degree: 11952 (node 88)
	Maximum out degree: 168 (node 89805)
	source 1993 (node 89805) with out degree 168
	target 34 (node 88) with in degree 11952

Execution time and memory used at after iteration 675 (MF = 425.000000): 2.326408e+05 seconds, 196001792 bytes of memory usage, 281604 kB of memory peak and 2-16:37:51 elapsed time
Statistics on the network after iteration 675 (MF = 425.000000)
	Number of nodes: 116408
	Number of allocated nodes: 116736
	Number of edges: 145465
	Maximum in degree: 11952 (node 88)
	Maximum out degree: 168 (node 89805)
	source 1993 (node 89805) with out degree 168
	target 34 (node 88) with in degree 11952

Execution time and memory used at after iteration 676 (MF = 425.000000): 2.333759e+05 seconds, 196005888 bytes of memory usage, 281724 kB of memory peak and 2-16:50:06 elapsed time
Statistics on the network after iteration 676 (MF = 425.000000)
	Number of nodes: 116408
	Number of allocated nodes: 116736
	Number of edges: 145465
	Maximum in degree: 11952 (node 88)
	Maximum out degree: 168 (node 89805)
	source 1993 (node 89805) with out degree 168
	target 34 (node 88) with in degree 11952

Execution time and memory used at after iteration 677 (MF = 425.000000): 2.341002e+05 seconds, 196005888 bytes of memory usage, 281844 kB of memory peak and 2-17:02:10 elapsed time
Statistics on the network after iteration 677 (MF = 425.000000)
	Number of nodes: 116408
	Number of allocated nodes: 116736
	Number of edges: 145465
	Maximum in degree: 11952 (node 88)
	Maximum out degree: 168 (node 89805)
	source 1993 (node 89805) with out degree 168
	target 34 (node 88) with in degree 11952

Execution time and memory used at after iteration 678 (MF = 425.000000): 2.348282e+05 seconds, 196005888 bytes of memory usage, 281968 kB of memory peak and 2-17:14:18 elapsed time
Statistics on the network after iteration 678 (MF = 425.000000)
	Number of nodes: 116408
	Number of allocated nodes: 116736
	Number of edges: 145465
	Maximum in degree: 11952 (node 88)
	Maximum out degree: 168 (node 89805)
	source 1993 (node 89805) with out degree 168
	target 34 (node 88) with in degree 11952

Execution time and memory used at after iteration 679 (MF = 425.000000): 2.355553e+05 seconds, 196018176 bytes of memory usage, 282088 kB of memory peak and 2-17:26:26 elapsed time
Statistics on the network after iteration 679 (MF = 425.000000)
	Number of nodes: 116408
	Number of allocated nodes: 116736
	Number of edges: 145465
	Maximum in degree: 11952 (node 88)
	Maximum out degree: 168 (node 89805)
	source 1993 (node 89805) with out degree 168
	target 34 (node 88) with in degree 11952

Execution time and memory used at after iteration 680 (MF = 425.000000): 2.362833e+05 seconds, 196071424 bytes of memory usage, 282212 kB of memory peak and 2-17:38:34 elapsed time
Statistics on the network after iteration 680 (MF = 425.000000)
	Number of nodes: 116408
	Number of allocated nodes: 116736
	Number of edges: 145465
	Maximum in degree: 11952 (node 88)
	Maximum out degree: 168 (node 89805)
	source 1993 (node 89805) with out degree 168
	target 34 (node 88) with in degree 11952

Execution time and memory used at after iteration 681 (MF = 425.000000): 2.370100e+05 seconds, 196087808 bytes of memory usage, 282212 kB of memory peak and 2-17:50:40 elapsed time
Statistics on the network after iteration 681 (MF = 425.000000)
	Number of nodes: 116408
	Number of allocated nodes: 116736
	Number of edges: 145465
	Maximum in degree: 11952 (node 88)
	Maximum out degree: 168 (node 89805)
	source 1993 (node 89805) with out degree 168
	target 34 (node 88) with in degree 11952

Execution time and memory used at after iteration 682 (MF = 425.000000): 2.377369e+05 seconds, 196132864 bytes of memory usage, 282212 kB of memory peak and 2-18:02:47 elapsed time
Statistics on the network after iteration 682 (MF = 425.000000)
	Number of nodes: 116408
	Number of allocated nodes: 116736
	Number of edges: 145465
	Maximum in degree: 11952 (node 88)
	Maximum out degree: 168 (node 89805)
	source 1993 (node 89805) with out degree 168
	target 34 (node 88) with in degree 11952

Execution time and memory used at after iteration 683 (MF = 425.000000): 2.384650e+05 seconds, 196165632 bytes of memory usage, 282212 kB of memory peak and 2-18:14:55 elapsed time
Statistics on the network after iteration 683 (MF = 425.000000)
	Number of nodes: 116408
	Number of allocated nodes: 116736
	Number of edges: 145465
	Maximum in degree: 11952 (node 88)
	Maximum out degree: 168 (node 89805)
	source 1993 (node 89805) with out degree 168
	target 34 (node 88) with in degree 11952

Execution time and memory used at after iteration 684 (MF = 425.000000): 2.391940e+05 seconds, 196194304 bytes of memory usage, 282212 kB of memory peak and 2-18:27:05 elapsed time
Statistics on the network after iteration 684 (MF = 425.000000)
	Number of nodes: 116408
	Number of allocated nodes: 116736
	Number of edges: 145465
	Maximum in degree: 11952 (node 88)
	Maximum out degree: 168 (node 89805)
	source 1993 (node 89805) with out degree 168
	target 34 (node 88) with in degree 11952

Execution time and memory used at after iteration 685 (MF = 425.000000): 2.399232e+05 seconds, 196235264 bytes of memory usage, 282260 kB of memory peak and 2-18:39:14 elapsed time
Statistics on the network after iteration 685 (MF = 425.000000)
	Number of nodes: 116408
	Number of allocated nodes: 116736
	Number of edges: 145465
	Maximum in degree: 11952 (node 88)
	Maximum out degree: 168 (node 89805)
	source 1993 (node 89805) with out degree 168
	target 34 (node 88) with in degree 11952

Execution time and memory used at after iteration 686 (MF = 425.000000): 2.406513e+05 seconds, 196276224 bytes of memory usage, 282384 kB of memory peak and 2-18:51:22 elapsed time
Statistics on the network after iteration 686 (MF = 425.000000)
	Number of nodes: 116408
	Number of allocated nodes: 116736
	Number of edges: 145465
	Maximum in degree: 11952 (node 88)
	Maximum out degree: 168 (node 89805)
	source 1993 (node 89805) with out degree 168
	target 34 (node 88) with in degree 11952

Execution time and memory used at after iteration 687 (MF = 425.000000): 2.413809e+05 seconds, 196313088 bytes of memory usage, 282504 kB of memory peak and 2-19:03:32 elapsed time
Statistics on the network after iteration 687 (MF = 425.000000)
	Number of nodes: 116408
	Number of allocated nodes: 116736
	Number of edges: 145465
	Maximum in degree: 11952 (node 88)
	Maximum out degree: 168 (node 89805)
	source 1993 (node 89805) with out degree 168
	target 34 (node 88) with in degree 11952

Execution time and memory used at after iteration 688 (MF = 425.000000): 2.421094e+05 seconds, 196349952 bytes of memory usage, 282624 kB of memory peak and 2-19:15:40 elapsed time
Statistics on the network after iteration 688 (MF = 425.000000)
	Number of nodes: 116408
	Number of allocated nodes: 116736
	Number of edges: 145465
	Maximum in degree: 11952 (node 88)
	Maximum out degree: 168 (node 89805)
	source 1993 (node 89805) with out degree 168
	target 34 (node 88) with in degree 11952

Execution time and memory used at after iteration 689 (MF = 425.000000): 2.428389e+05 seconds, 196382720 bytes of memory usage, 282744 kB of memory peak and 2-19:27:50 elapsed time
Statistics on the network after iteration 689 (MF = 425.000000)
	Number of nodes: 116408
	Number of allocated nodes: 116736
	Number of edges: 145465
	Maximum in degree: 11952 (node 88)
	Maximum out degree: 168 (node 89805)
	source 1993 (node 89805) with out degree 168
	target 34 (node 88) with in degree 11952

Execution time and memory used at after iteration 690 (MF = 425.000000): 2.435669e+05 seconds, 196423680 bytes of memory usage, 282876 kB of memory peak and 2-19:39:58 elapsed time
Statistics on the network after iteration 690 (MF = 425.000000)
	Number of nodes: 116408
	Number of allocated nodes: 116736
	Number of edges: 145465
	Maximum in degree: 11952 (node 88)
	Maximum out degree: 168 (node 89805)
	source 1993 (node 89805) with out degree 168
	target 34 (node 88) with in degree 11952

Execution time and memory used at after iteration 691 (MF = 425.000000): 2.442976e+05 seconds, 196456448 bytes of memory usage, 282988 kB of memory peak and 2-19:52:09 elapsed time
Statistics on the network after iteration 691 (MF = 425.000000)
	Number of nodes: 116408
	Number of allocated nodes: 116736
	Number of edges: 145465
	Maximum in degree: 11952 (node 88)
	Maximum out degree: 168 (node 89805)
	source 1993 (node 89805) with out degree 168
	target 34 (node 88) with in degree 11952

Execution time and memory used at after iteration 692 (MF = 425.000000): 2.450312e+05 seconds, 196489216 bytes of memory usage, 283120 kB of memory peak and 2-20:04:22 elapsed time
Statistics on the network after iteration 692 (MF = 425.000000)
	Number of nodes: 116408
	Number of allocated nodes: 116736
	Number of edges: 145465
	Maximum in degree: 11952 (node 88)
	Maximum out degree: 168 (node 89805)
	source 1993 (node 89805) with out degree 168
	target 34 (node 88) with in degree 11952

Execution time and memory used at after iteration 693 (MF = 425.000000): 2.457678e+05 seconds, 196530176 bytes of memory usage, 283248 kB of memory peak and 2-20:16:39 elapsed time
Statistics on the network after iteration 693 (MF = 425.000000)
	Number of nodes: 116408
	Number of allocated nodes: 116736
	Number of edges: 145465
	Maximum in degree: 11952 (node 88)
	Maximum out degree: 168 (node 89805)
	source 1993 (node 89805) with out degree 168
	target 34 (node 88) with in degree 11952

Execution time and memory used at after iteration 694 (MF = 425.000000): 2.465031e+05 seconds, 196554752 bytes of memory usage, 283248 kB of memory peak and 2-20:28:55 elapsed time
Statistics on the network after iteration 694 (MF = 425.000000)
	Number of nodes: 116408
	Number of allocated nodes: 116736
	Number of edges: 145465
	Maximum in degree: 11952 (node 88)
	Maximum out degree: 168 (node 89805)
	source 1993 (node 89805) with out degree 168
	target 34 (node 88) with in degree 11952

Execution time and memory used at after iteration 695 (MF = 425.000000): 2.472369e+05 seconds, 196595712 bytes of memory usage, 283284 kB of memory peak and 2-20:41:09 elapsed time
Statistics on the network after iteration 695 (MF = 425.000000)
	Number of nodes: 116408
	Number of allocated nodes: 116736
	Number of edges: 145465
	Maximum in degree: 11952 (node 88)
	Maximum out degree: 168 (node 89805)
	source 1993 (node 89805) with out degree 168
	target 34 (node 88) with in degree 11952

Execution time and memory used at after iteration 696 (MF = 425.000000): 2.479661e+05 seconds, 196628480 bytes of memory usage, 283412 kB of memory peak and 2-20:53:18 elapsed time
Statistics on the network after iteration 696 (MF = 425.000000)
	Number of nodes: 116408
	Number of allocated nodes: 116736
	Number of edges: 145465
	Maximum in degree: 11952 (node 88)
	Maximum out degree: 168 (node 89805)
	source 1993 (node 89805) with out degree 168
	target 34 (node 88) with in degree 11952

Execution time and memory used at after iteration 697 (MF = 425.000000): 2.486963e+05 seconds, 196661248 bytes of memory usage, 283532 kB of memory peak and 2-21:05:28 elapsed time
Statistics on the network after iteration 697 (MF = 425.000000)
	Number of nodes: 116408
	Number of allocated nodes: 116736
	Number of edges: 145465
	Maximum in degree: 11952 (node 88)
	Maximum out degree: 168 (node 89805)
	source 1993 (node 89805) with out degree 168
	target 34 (node 88) with in degree 11952

Execution time and memory used at after iteration 698 (MF = 425.000000): 2.494273e+05 seconds, 196710400 bytes of memory usage, 283676 kB of memory peak and 2-21:17:39 elapsed time
Statistics on the network after iteration 698 (MF = 425.000000)
	Number of nodes: 116408
	Number of allocated nodes: 116736
	Number of edges: 145465
	Maximum in degree: 11952 (node 88)
	Maximum out degree: 168 (node 89805)
	source 1993 (node 89805) with out degree 168
	target 34 (node 88) with in degree 11952

Execution time and memory used at after iteration 699 (MF = 425.000000): 2.501576e+05 seconds, 196734976 bytes of memory usage, 283788 kB of memory peak and 2-21:29:50 elapsed time
Statistics on the network after iteration 699 (MF = 425.000000)
	Number of nodes: 116408
	Number of allocated nodes: 116736
	Number of edges: 145465
	Maximum in degree: 11952 (node 88)
	Maximum out degree: 168 (node 89805)
	source 1993 (node 89805) with out degree 168
	target 34 (node 88) with in degree 11952

Execution time and memory used at after iteration 700 (MF = 425.000000): 2.508874e+05 seconds, 196775936 bytes of memory usage, 283908 kB of memory peak and 2-21:41:59 elapsed time
Statistics on the network after iteration 700 (MF = 425.000000)
	Number of nodes: 116408
	Number of allocated nodes: 116736
	Number of edges: 145465
	Maximum in degree: 11952 (node 88)
	Maximum out degree: 168 (node 89805)
	source 1993 (node 89805) with out degree 168
	target 34 (node 88) with in degree 11952

Execution time and memory used at after iteration 701 (MF = 425.000000): 2.516298e+05 seconds, 196820992 bytes of memory usage, 284040 kB of memory peak and 2-21:54:22 elapsed time
Statistics on the network after iteration 701 (MF = 425.000000)
	Number of nodes: 116408
	Number of allocated nodes: 116736
	Number of edges: 145465
	Maximum in degree: 11952 (node 88)
	Maximum out degree: 168 (node 89805)
	source 1993 (node 89805) with out degree 168
	target 34 (node 88) with in degree 11952

Execution time and memory used at after iteration 702 (MF = 425.000000): 2.523684e+05 seconds, 196849664 bytes of memory usage, 284164 kB of memory peak and 2-22:06:41 elapsed time
Statistics on the network after iteration 702 (MF = 425.000000)
	Number of nodes: 116408
	Number of allocated nodes: 116736
	Number of edges: 145465
	Maximum in degree: 11952 (node 88)
	Maximum out degree: 168 (node 89805)
	source 1993 (node 89805) with out degree 168
	target 34 (node 88) with in degree 11952

Execution time and memory used at after iteration 703 (MF = 425.000000): 2.530994e+05 seconds, 196894720 bytes of memory usage, 284296 kB of memory peak and 2-22:18:52 elapsed time
Statistics on the network after iteration 703 (MF = 425.000000)
	Number of nodes: 116408
	Number of allocated nodes: 116736
	Number of edges: 145465
	Maximum in degree: 11952 (node 88)
	Maximum out degree: 168 (node 89805)
	source 1993 (node 89805) with out degree 168
	target 34 (node 88) with in degree 11952

Execution time and memory used at after iteration 704 (MF = 425.000000): 2.538359e+05 seconds, 196919296 bytes of memory usage, 284420 kB of memory peak and 2-22:31:08 elapsed time
Statistics on the network after iteration 704 (MF = 425.000000)
	Number of nodes: 116408
	Number of allocated nodes: 116736
	Number of edges: 145465
	Maximum in degree: 11952 (node 88)
	Maximum out degree: 168 (node 89805)
	source 1993 (node 89805) with out degree 168
	target 34 (node 88) with in degree 11952

Execution time and memory used at after iteration 705 (MF = 425.000000): 2.545667e+05 seconds, 196952064 bytes of memory usage, 284536 kB of memory peak and 2-22:43:19 elapsed time
Statistics on the network after iteration 705 (MF = 425.000000)
	Number of nodes: 116408
	Number of allocated nodes: 116736
	Number of edges: 145465
	Maximum in degree: 11952 (node 88)
	Maximum out degree: 168 (node 89805)
	source 1993 (node 89805) with out degree 168
	target 34 (node 88) with in degree 11952

Execution time and memory used at after iteration 706 (MF = 425.000000): 2.552999e+05 seconds, 196988928 bytes of memory usage, 284672 kB of memory peak and 2-22:55:33 elapsed time
Statistics on the network after iteration 706 (MF = 425.000000)
	Number of nodes: 116408
	Number of allocated nodes: 116736
	Number of edges: 145465
	Maximum in degree: 11952 (node 88)
	Maximum out degree: 168 (node 89805)
	source 1993 (node 89805) with out degree 168
	target 34 (node 88) with in degree 11952

Execution time and memory used at after iteration 707 (MF = 425.000000): 2.560313e+05 seconds, 197025792 bytes of memory usage, 284672 kB of memory peak and 2-23:07:44 elapsed time
Statistics on the network after iteration 707 (MF = 425.000000)
	Number of nodes: 116408
	Number of allocated nodes: 116736
	Number of edges: 145465
	Maximum in degree: 11952 (node 88)
	Maximum out degree: 168 (node 89805)
	source 1993 (node 89805) with out degree 168
	target 34 (node 88) with in degree 11952

Execution time and memory used at after iteration 708 (MF = 425.000000): 2.567652e+05 seconds, 197066752 bytes of memory usage, 284672 kB of memory peak and 2-23:19:58 elapsed time
Statistics on the network after iteration 708 (MF = 425.000000)
	Number of nodes: 116408
	Number of allocated nodes: 116736
	Number of edges: 145465
	Maximum in degree: 11952 (node 88)
	Maximum out degree: 168 (node 89805)
	source 1993 (node 89805) with out degree 168
	target 34 (node 88) with in degree 11952

Execution time and memory used at after iteration 709 (MF = 425.000000): 2.574991e+05 seconds, 197099520 bytes of memory usage, 284672 kB of memory peak and 2-23:32:12 elapsed time
Statistics on the network after iteration 709 (MF = 425.000000)
	Number of nodes: 116408
	Number of allocated nodes: 116736
	Number of edges: 145465
	Maximum in degree: 11952 (node 88)
	Maximum out degree: 168 (node 89805)
	source 1993 (node 89805) with out degree 168
	target 34 (node 88) with in degree 11952

Execution time and memory used at after iteration 710 (MF = 425.000000): 2.582311e+05 seconds, 197136384 bytes of memory usage, 284744 kB of memory peak and 2-23:44:24 elapsed time
Statistics on the network after iteration 710 (MF = 425.000000)
	Number of nodes: 116408
	Number of allocated nodes: 116736
	Number of edges: 145465
	Maximum in degree: 11952 (node 88)
	Maximum out degree: 168 (node 89805)
	source 1993 (node 89805) with out degree 168
	target 34 (node 88) with in degree 11952

Execution time and memory used at after iteration 711 (MF = 425.000000): 2.589664e+05 seconds, 197173248 bytes of memory usage, 284888 kB of memory peak and 2-23:56:40 elapsed time
Statistics on the network after iteration 711 (MF = 425.000000)
	Number of nodes: 116408
	Number of allocated nodes: 116736
	Number of edges: 145465
	Maximum in degree: 11952 (node 88)
	Maximum out degree: 168 (node 89805)
	source 1993 (node 89805) with out degree 168
	target 34 (node 88) with in degree 11952

Execution time and memory used at after iteration 712 (MF = 425.000000): 2.597022e+05 seconds, 197197824 bytes of memory usage, 284888 kB of memory peak and 3-00:08:56 elapsed time
Statistics on the network after iteration 712 (MF = 425.000000)
	Number of nodes: 116408
	Number of allocated nodes: 116736
	Number of edges: 145465
	Maximum in degree: 11952 (node 88)
	Maximum out degree: 168 (node 89805)
	source 1993 (node 89805) with out degree 168
	target 34 (node 88) with in degree 11952

Execution time and memory used at after iteration 713 (MF = 425.000000): 2.604429e+05 seconds, 197181440 bytes of memory usage, 284976 kB of memory peak and 3-00:21:16 elapsed time
Statistics on the network after iteration 713 (MF = 425.000000)
	Number of nodes: 116408
	Number of allocated nodes: 116736
	Number of edges: 145465
	Maximum in degree: 11952 (node 88)
	Maximum out degree: 168 (node 89805)
	source 1993 (node 89805) with out degree 168
	target 34 (node 88) with in degree 11952

Execution time and memory used at after iteration 714 (MF = 425.000000): 2.611830e+05 seconds, 197165056 bytes of memory usage, 285112 kB of memory peak and 3-00:33:37 elapsed time
Statistics on the network after iteration 714 (MF = 425.000000)
	Number of nodes: 116408
	Number of allocated nodes: 116736
	Number of edges: 145465
	Maximum in degree: 11952 (node 88)
	Maximum out degree: 168 (node 89805)
	source 1993 (node 89805) with out degree 168
	target 34 (node 88) with in degree 11952

Execution time and memory used at after iteration 715 (MF = 425.000000): 2.619251e+05 seconds, 197144576 bytes of memory usage, 285220 kB of memory peak and 3-00:45:59 elapsed time
Statistics on the network after iteration 715 (MF = 425.000000)
	Number of nodes: 116408
	Number of allocated nodes: 116736
	Number of edges: 145465
	Maximum in degree: 11952 (node 88)
	Maximum out degree: 168 (node 89805)
	source 1993 (node 89805) with out degree 168
	target 34 (node 88) with in degree 11952

Execution time and memory used at after iteration 716 (MF = 425.000000): 2.626646e+05 seconds, 197144576 bytes of memory usage, 285328 kB of memory peak and 3-00:58:19 elapsed time
Statistics on the network after iteration 716 (MF = 425.000000)
	Number of nodes: 116408
	Number of allocated nodes: 116736
	Number of edges: 145465
	Maximum in degree: 11952 (node 88)
	Maximum out degree: 168 (node 89805)
	source 1993 (node 89805) with out degree 168
	target 34 (node 88) with in degree 11952

Execution time and memory used at after iteration 717 (MF = 425.000000): 2.634048e+05 seconds, 197136384 bytes of memory usage, 285460 kB of memory peak and 3-01:10:39 elapsed time
Statistics on the network after iteration 717 (MF = 425.000000)
	Number of nodes: 116408
	Number of allocated nodes: 116736
	Number of edges: 145465
	Maximum in degree: 11952 (node 88)
	Maximum out degree: 168 (node 89805)
	source 1993 (node 89805) with out degree 168
	target 34 (node 88) with in degree 11952

Execution time and memory used at after iteration 718 (MF = 425.000000): 2.641450e+05 seconds, 197132288 bytes of memory usage, 285568 kB of memory peak and 3-01:22:59 elapsed time
Statistics on the network after iteration 718 (MF = 425.000000)
	Number of nodes: 116408
	Number of allocated nodes: 116736
	Number of edges: 145465
	Maximum in degree: 11952 (node 88)
	Maximum out degree: 168 (node 89805)
	source 1993 (node 89805) with out degree 168
	target 34 (node 88) with in degree 11952

Execution time and memory used at after iteration 719 (MF = 425.000000): 2.648921e+05 seconds, 197132288 bytes of memory usage, 285684 kB of memory peak and 3-01:35:26 elapsed time
Statistics on the network after iteration 719 (MF = 425.000000)
	Number of nodes: 116408
	Number of allocated nodes: 116736
	Number of edges: 145465
	Maximum in degree: 11952 (node 88)
	Maximum out degree: 168 (node 89805)
	source 1993 (node 89805) with out degree 168
	target 34 (node 88) with in degree 11952

Execution time and memory used at after iteration 720 (MF = 425.000000): 2.656317e+05 seconds, 197107712 bytes of memory usage, 285812 kB of memory peak and 3-01:47:46 elapsed time
Statistics on the network after iteration 720 (MF = 425.000000)
	Number of nodes: 116408
	Number of allocated nodes: 116736
	Number of edges: 145465
	Maximum in degree: 11952 (node 88)
	Maximum out degree: 168 (node 89805)
	source 1993 (node 89805) with out degree 168
	target 34 (node 88) with in degree 11952

Execution time and memory used at after iteration 721 (MF = 425.000000): 2.663702e+05 seconds, 197529600 bytes of memory usage, 285812 kB of memory peak and 3-02:00:05 elapsed time
Statistics on the network after iteration 721 (MF = 425.000000)
	Number of nodes: 116408
	Number of allocated nodes: 116736
	Number of edges: 145465
	Maximum in degree: 11952 (node 88)
	Maximum out degree: 168 (node 89805)
	source 1993 (node 89805) with out degree 168
	target 34 (node 88) with in degree 11952

Execution time and memory used at after iteration 722 (MF = 425.000000): 2.671063e+05 seconds, 197570560 bytes of memory usage, 285812 kB of memory peak and 3-02:12:21 elapsed time
Statistics on the network after iteration 722 (MF = 425.000000)
	Number of nodes: 116408
	Number of allocated nodes: 116736
	Number of edges: 145465
	Maximum in degree: 11952 (node 88)
	Maximum out degree: 168 (node 89805)
	source 1993 (node 89805) with out degree 168
	target 34 (node 88) with in degree 11952

Execution time and memory used at after iteration 723 (MF = 425.000000): 2.678422e+05 seconds, 197611520 bytes of memory usage, 285828 kB of memory peak and 3-02:24:37 elapsed time
Statistics on the network after iteration 723 (MF = 425.000000)
	Number of nodes: 116408
	Number of allocated nodes: 116736
	Number of edges: 145465
	Maximum in degree: 11952 (node 88)
	Maximum out degree: 168 (node 89805)
	source 1993 (node 89805) with out degree 168
	target 34 (node 88) with in degree 11952

Execution time and memory used at after iteration 724 (MF = 425.000000): 2.685802e+05 seconds, 197636096 bytes of memory usage, 285916 kB of memory peak and 3-02:36:55 elapsed time
Statistics on the network after iteration 724 (MF = 425.000000)
	Number of nodes: 116408
	Number of allocated nodes: 116736
	Number of edges: 145465
	Maximum in degree: 11952 (node 88)
	Maximum out degree: 168 (node 89805)
	source 1993 (node 89805) with out degree 168
	target 34 (node 88) with in degree 11952

Execution time and memory used at after iteration 725 (MF = 425.000000): 2.693172e+05 seconds, 197672960 bytes of memory usage, 286052 kB of memory peak and 3-02:49:12 elapsed time
Statistics on the network after iteration 725 (MF = 425.000000)
	Number of nodes: 116408
	Number of allocated nodes: 116736
	Number of edges: 145465
	Maximum in degree: 11952 (node 88)
	Maximum out degree: 168 (node 89805)
	source 1993 (node 89805) with out degree 168
	target 34 (node 88) with in degree 11952

Execution time and memory used at after iteration 726 (MF = 425.000000): 2.700570e+05 seconds, 197705728 bytes of memory usage, 286172 kB of memory peak and 3-03:01:32 elapsed time
Statistics on the network after iteration 726 (MF = 425.000000)
	Number of nodes: 116408
	Number of allocated nodes: 116736
	Number of edges: 145465
	Maximum in degree: 11952 (node 88)
	Maximum out degree: 168 (node 89805)
	source 1993 (node 89805) with out degree 168
	target 34 (node 88) with in degree 11952

Execution time and memory used at after iteration 727 (MF = 425.000000): 2.707974e+05 seconds, 197746688 bytes of memory usage, 286264 kB of memory peak and 3-03:13:53 elapsed time
Statistics on the network after iteration 727 (MF = 425.000000)
	Number of nodes: 116408
	Number of allocated nodes: 116736
	Number of edges: 145465
	Maximum in degree: 11952 (node 88)
	Maximum out degree: 168 (node 89805)
	source 1993 (node 89805) with out degree 168
	target 34 (node 88) with in degree 11952

Execution time and memory used at after iteration 728 (MF = 425.000000): 2.715356e+05 seconds, 197779456 bytes of memory usage, 286388 kB of memory peak and 3-03:26:11 elapsed time
Statistics on the network after iteration 728 (MF = 425.000000)
	Number of nodes: 116408
	Number of allocated nodes: 116736
	Number of edges: 145465
	Maximum in degree: 11952 (node 88)
	Maximum out degree: 168 (node 89805)
	source 1993 (node 89805) with out degree 168
	target 34 (node 88) with in degree 11952

Execution time and memory used at after iteration 729 (MF = 425.000000): 2.722716e+05 seconds, 197812224 bytes of memory usage, 286500 kB of memory peak and 3-03:38:27 elapsed time
Statistics on the network after iteration 729 (MF = 425.000000)
	Number of nodes: 116408
	Number of allocated nodes: 116736
	Number of edges: 145465
	Maximum in degree: 11952 (node 88)
	Maximum out degree: 168 (node 89805)
	source 1993 (node 89805) with out degree 168
	target 34 (node 88) with in degree 11952

Execution time and memory used at after iteration 730 (MF = 425.000000): 2.730085e+05 seconds, 197853184 bytes of memory usage, 286640 kB of memory peak and 3-03:50:44 elapsed time
Statistics on the network after iteration 730 (MF = 425.000000)
	Number of nodes: 116408
	Number of allocated nodes: 116736
	Number of edges: 145465
	Maximum in degree: 11952 (node 88)
	Maximum out degree: 168 (node 89805)
	source 1993 (node 89805) with out degree 168
	target 34 (node 88) with in degree 11952

Execution time and memory used at after iteration 731 (MF = 425.000000): 2.737457e+05 seconds, 197885952 bytes of memory usage, 286752 kB of memory peak and 3-04:03:01 elapsed time
Statistics on the network after iteration 731 (MF = 425.000000)
	Number of nodes: 116408
	Number of allocated nodes: 116736
	Number of edges: 145465
	Maximum in degree: 11952 (node 88)
	Maximum out degree: 168 (node 89805)
	source 1993 (node 89805) with out degree 168
	target 34 (node 88) with in degree 11952

Execution time and memory used at after iteration 732 (MF = 425.000000): 2.744860e+05 seconds, 197906432 bytes of memory usage, 286752 kB of memory peak and 3-04:15:22 elapsed time
Statistics on the network after iteration 732 (MF = 425.000000)
	Number of nodes: 116408
	Number of allocated nodes: 116736
	Number of edges: 145465
	Maximum in degree: 11952 (node 88)
	Maximum out degree: 168 (node 89805)
	source 1993 (node 89805) with out degree 168
	target 34 (node 88) with in degree 11952

Execution time and memory used at after iteration 733 (MF = 425.000000): 2.752253e+05 seconds, 197885952 bytes of memory usage, 286836 kB of memory peak and 3-04:27:41 elapsed time
Statistics on the network after iteration 733 (MF = 425.000000)
	Number of nodes: 116408
	Number of allocated nodes: 116736
	Number of edges: 145465
	Maximum in degree: 11952 (node 88)
	Maximum out degree: 168 (node 89805)
	source 1993 (node 89805) with out degree 168
	target 34 (node 88) with in degree 11952

Execution time and memory used at after iteration 734 (MF = 425.000000): 2.759662e+05 seconds, 197885952 bytes of memory usage, 286948 kB of memory peak and 3-04:40:02 elapsed time
Statistics on the network after iteration 734 (MF = 425.000000)
	Number of nodes: 116408
	Number of allocated nodes: 116736
	Number of edges: 145465
	Maximum in degree: 11952 (node 88)
	Maximum out degree: 168 (node 89805)
	source 1993 (node 89805) with out degree 168
	target 34 (node 88) with in degree 11952

Execution time and memory used at after iteration 735 (MF = 425.000000): 2.767078e+05 seconds, 197869568 bytes of memory usage, 287072 kB of memory peak and 3-04:52:24 elapsed time
Statistics on the network after iteration 735 (MF = 425.000000)
	Number of nodes: 116408
	Number of allocated nodes: 116736
	Number of edges: 145465
	Maximum in degree: 11952 (node 88)
	Maximum out degree: 168 (node 89805)
	source 1993 (node 89805) with out degree 168
	target 34 (node 88) with in degree 11952

Execution time and memory used at after iteration 736 (MF = 425.000000): 2.774511e+05 seconds, 197861376 bytes of memory usage, 287116 kB of memory peak and 3-05:04:47 elapsed time
Statistics on the network after iteration 736 (MF = 425.000000)
	Number of nodes: 116408
	Number of allocated nodes: 116736
	Number of edges: 145465
	Maximum in degree: 11952 (node 88)
	Maximum out degree: 168 (node 89805)
	source 1993 (node 89805) with out degree 168
	target 34 (node 88) with in degree 11952

Execution time and memory used at after iteration 737 (MF = 425.000000): 2.782016e+05 seconds, 197853184 bytes of memory usage, 287224 kB of memory peak and 3-05:17:18 elapsed time
Statistics on the network after iteration 737 (MF = 425.000000)
	Number of nodes: 116408
	Number of allocated nodes: 116736
	Number of edges: 145465
	Maximum in degree: 11952 (node 88)
	Maximum out degree: 168 (node 89805)
	source 1993 (node 89805) with out degree 168
	target 34 (node 88) with in degree 11952

Execution time and memory used at after iteration 738 (MF = 425.000000): 2.789475e+05 seconds, 197844992 bytes of memory usage, 287348 kB of memory peak and 3-05:29:44 elapsed time
Statistics on the network after iteration 738 (MF = 425.000000)
	Number of nodes: 116408
	Number of allocated nodes: 116736
	Number of edges: 145465
	Maximum in degree: 11952 (node 88)
	Maximum out degree: 168 (node 89805)
	source 1993 (node 89805) with out degree 168
	target 34 (node 88) with in degree 11952

Execution time and memory used at after iteration 739 (MF = 425.000000): 2.796901e+05 seconds, 197836800 bytes of memory usage, 287464 kB of memory peak and 3-05:42:06 elapsed time
Statistics on the network after iteration 739 (MF = 425.000000)
	Number of nodes: 116408
	Number of allocated nodes: 116736
	Number of edges: 145465
	Maximum in degree: 11952 (node 88)
	Maximum out degree: 168 (node 89805)
	source 1993 (node 89805) with out degree 168
	target 34 (node 88) with in degree 11952

Execution time and memory used at after iteration 740 (MF = 425.000000): 2.804314e+05 seconds, 197820416 bytes of memory usage, 287584 kB of memory peak and 3-05:54:28 elapsed time
Statistics on the network after iteration 740 (MF = 425.000000)
	Number of nodes: 116408
	Number of allocated nodes: 116736
	Number of edges: 145465
	Maximum in degree: 11952 (node 88)
	Maximum out degree: 168 (node 89805)
	source 1993 (node 89805) with out degree 168
	target 34 (node 88) with in degree 11952

Execution time and memory used at after iteration 741 (MF = 425.000000): 2.811730e+05 seconds, 197804032 bytes of memory usage, 287704 kB of memory peak and 3-06:06:49 elapsed time
Statistics on the network after iteration 741 (MF = 425.000000)
	Number of nodes: 116408
	Number of allocated nodes: 116736
	Number of edges: 145465
	Maximum in degree: 11952 (node 88)
	Maximum out degree: 168 (node 89805)
	source 1993 (node 89805) with out degree 168
	target 34 (node 88) with in degree 11952

Execution time and memory used at after iteration 742 (MF = 425.000000): 2.819150e+05 seconds, 197787648 bytes of memory usage, 287768 kB of memory peak and 3-06:19:12 elapsed time
Statistics on the network after iteration 742 (MF = 425.000000)
	Number of nodes: 116408
	Number of allocated nodes: 116736
	Number of edges: 145465
	Maximum in degree: 11952 (node 88)
	Maximum out degree: 168 (node 89805)
	source 1993 (node 89805) with out degree 168
	target 34 (node 88) with in degree 11952

Execution time and memory used at after iteration 743 (MF = 425.000000): 2.826559e+05 seconds, 197779456 bytes of memory usage, 287896 kB of memory peak and 3-06:31:33 elapsed time
Statistics on the network after iteration 743 (MF = 425.000000)
	Number of nodes: 116408
	Number of allocated nodes: 116736
	Number of edges: 145465
	Maximum in degree: 11952 (node 88)
	Maximum out degree: 168 (node 89805)
	source 1993 (node 89805) with out degree 168
	target 34 (node 88) with in degree 11952

Execution time and memory used at after iteration 744 (MF = 425.000000): 2.833998e+05 seconds, 197763072 bytes of memory usage, 288016 kB of memory peak and 3-06:43:57 elapsed time
Statistics on the network after iteration 744 (MF = 425.000000)
	Number of nodes: 116408
	Number of allocated nodes: 116736
	Number of edges: 145465
	Maximum in degree: 11952 (node 88)
	Maximum out degree: 168 (node 89805)
	source 1993 (node 89805) with out degree 168
	target 34 (node 88) with in degree 11952

Execution time and memory used at after iteration 745 (MF = 425.000000): 2.841408e+05 seconds, 197754880 bytes of memory usage, 288124 kB of memory peak and 3-06:56:18 elapsed time
Statistics on the network after iteration 745 (MF = 425.000000)
	Number of nodes: 116408
	Number of allocated nodes: 116736
	Number of edges: 145465
	Maximum in degree: 11952 (node 88)
	Maximum out degree: 168 (node 89805)
	source 1993 (node 89805) with out degree 168
	target 34 (node 88) with in degree 11952

Execution time and memory used at after iteration 746 (MF = 425.000000): 2.848834e+05 seconds, 197746688 bytes of memory usage, 288256 kB of memory peak and 3-07:08:40 elapsed time
Statistics on the network after iteration 746 (MF = 425.000000)
	Number of nodes: 116408
	Number of allocated nodes: 116736
	Number of edges: 145465
	Maximum in degree: 11952 (node 88)
	Maximum out degree: 168 (node 89805)
	source 1993 (node 89805) with out degree 168
	target 34 (node 88) with in degree 11952

Execution time and memory used at after iteration 747 (MF = 425.000000): 2.856244e+05 seconds, 197730304 bytes of memory usage, 288372 kB of memory peak and 3-07:21:01 elapsed time
Statistics on the network after iteration 747 (MF = 425.000000)
	Number of nodes: 116408
	Number of allocated nodes: 116736
	Number of edges: 145465
	Maximum in degree: 11952 (node 88)
	Maximum out degree: 168 (node 89805)
	source 1993 (node 89805) with out degree 168
	target 34 (node 88) with in degree 11952

Execution time and memory used at after iteration 748 (MF = 424.000000): 2.863662e+05 seconds, 197734400 bytes of memory usage, 288492 kB of memory peak and 3-07:33:23 elapsed time
Statistics on the network after iteration 748 (MF = 424.000000)
	Number of nodes: 116408
	Number of allocated nodes: 116736
	Number of edges: 145465
	Maximum in degree: 11952 (node 88)
	Maximum out degree: 168 (node 89805)
	source 1993 (node 89805) with out degree 168
	target 34 (node 88) with in degree 11952

Execution time and memory used at after iteration 749 (MF = 425.000000): 2.871087e+05 seconds, 197718016 bytes of memory usage, 288620 kB of memory peak and 3-07:45:46 elapsed time
Statistics on the network after iteration 749 (MF = 425.000000)
	Number of nodes: 116408
	Number of allocated nodes: 116736
	Number of edges: 145465
	Maximum in degree: 11952 (node 88)
	Maximum out degree: 168 (node 89805)
	source 1993 (node 89805) with out degree 168
	target 34 (node 88) with in degree 11952

Execution time and memory used at after iteration 750 (MF = 425.000000): 2.878512e+05 seconds, 197709824 bytes of memory usage, 288732 kB of memory peak and 3-07:58:09 elapsed time
Statistics on the network after iteration 750 (MF = 425.000000)
	Number of nodes: 116408
	Number of allocated nodes: 116736
	Number of edges: 145465
	Maximum in degree: 11952 (node 88)
	Maximum out degree: 168 (node 89805)
	source 1993 (node 89805) with out degree 168
	target 34 (node 88) with in degree 11952

Execution time and memory used at after iteration 751 (MF = 425.000000): 2.885935e+05 seconds, 197701632 bytes of memory usage, 288852 kB of memory peak and 3-08:10:31 elapsed time
Statistics on the network after iteration 751 (MF = 425.000000)
	Number of nodes: 116408
	Number of allocated nodes: 116736
	Number of edges: 145465
	Maximum in degree: 11952 (node 88)
	Maximum out degree: 168 (node 89805)
	source 1993 (node 89805) with out degree 168
	target 34 (node 88) with in degree 11952

Execution time and memory used at after iteration 752 (MF = 424.000000): 2.893369e+05 seconds, 197693440 bytes of memory usage, 288972 kB of memory peak and 3-08:22:54 elapsed time
Statistics on the network after iteration 752 (MF = 424.000000)
	Number of nodes: 116408
	Number of allocated nodes: 116736
	Number of edges: 145465
	Maximum in degree: 11952 (node 88)
	Maximum out degree: 168 (node 89805)
	source 1993 (node 89805) with out degree 168
	target 34 (node 88) with in degree 11952

Execution time and memory used at after iteration 753 (MF = 425.000000): 2.900804e+05 seconds, 197677056 bytes of memory usage, 289088 kB of memory peak and 3-08:35:18 elapsed time
Statistics on the network after iteration 753 (MF = 425.000000)
	Number of nodes: 116408
	Number of allocated nodes: 116736
	Number of edges: 145465
	Maximum in degree: 11952 (node 88)
	Maximum out degree: 168 (node 89805)
	source 1993 (node 89805) with out degree 168
	target 34 (node 88) with in degree 11952

Execution time and memory used at after iteration 754 (MF = 425.000000): 2.908249e+05 seconds, 197668864 bytes of memory usage, 289220 kB of memory peak and 3-08:47:42 elapsed time
Statistics on the network after iteration 754 (MF = 425.000000)
	Number of nodes: 116408
	Number of allocated nodes: 116736
	Number of edges: 145465
	Maximum in degree: 11952 (node 88)
	Maximum out degree: 168 (node 89805)
	source 1993 (node 89805) with out degree 168
	target 34 (node 88) with in degree 11952

Execution time and memory used at after iteration 755 (MF = 425.000000): 2.915692e+05 seconds, 197644288 bytes of memory usage, 289344 kB of memory peak and 3-09:00:07 elapsed time
Statistics on the network after iteration 755 (MF = 425.000000)
	Number of nodes: 116408
	Number of allocated nodes: 116736
	Number of edges: 145465
	Maximum in degree: 11952 (node 88)
	Maximum out degree: 168 (node 89805)
	source 1993 (node 89805) with out degree 168
	target 34 (node 88) with in degree 11952

Execution time and memory used at after iteration 756 (MF = 425.000000): 2.923172e+05 seconds, 197644288 bytes of memory usage, 289472 kB of memory peak and 3-09:12:35 elapsed time
Statistics on the network after iteration 756 (MF = 425.000000)
	Number of nodes: 116408
	Number of allocated nodes: 116736
	Number of edges: 145465
	Maximum in degree: 11952 (node 88)
	Maximum out degree: 168 (node 89805)
	source 1993 (node 89805) with out degree 168
	target 34 (node 88) with in degree 11952

Execution time and memory used at after iteration 757 (MF = 425.000000): 2.930625e+05 seconds, 197627904 bytes of memory usage, 289592 kB of memory peak and 3-09:25:00 elapsed time
Statistics on the network after iteration 757 (MF = 425.000000)
	Number of nodes: 116408
	Number of allocated nodes: 116736
	Number of edges: 145465
	Maximum in degree: 11952 (node 88)
	Maximum out degree: 168 (node 89805)
	source 1993 (node 89805) with out degree 168
	target 34 (node 88) with in degree 11952

Execution time and memory used at after iteration 758 (MF = 425.000000): 2.938086e+05 seconds, 197619712 bytes of memory usage, 289704 kB of memory peak and 3-09:37:27 elapsed time
Statistics on the network after iteration 758 (MF = 425.000000)
	Number of nodes: 116408
	Number of allocated nodes: 116736
	Number of edges: 145465
	Maximum in degree: 11952 (node 88)
	Maximum out degree: 168 (node 89805)
	source 1993 (node 89805) with out degree 168
	target 34 (node 88) with in degree 11952

Execution time and memory used at after iteration 759 (MF = 425.000000): 2.945555e+05 seconds, 197603328 bytes of memory usage, 289828 kB of memory peak and 3-09:49:54 elapsed time
Statistics on the network after iteration 759 (MF = 425.000000)
	Number of nodes: 116408
	Number of allocated nodes: 116736
	Number of edges: 145465
	Maximum in degree: 11952 (node 88)
	Maximum out degree: 168 (node 89805)
	source 1993 (node 89805) with out degree 168
	target 34 (node 88) with in degree 11952

Execution time and memory used at after iteration 760 (MF = 425.000000): 2.953017e+05 seconds, 197603328 bytes of memory usage, 289944 kB of memory peak and 3-10:02:20 elapsed time
Statistics on the network after iteration 760 (MF = 425.000000)
	Number of nodes: 116408
	Number of allocated nodes: 116736
	Number of edges: 145465
	Maximum in degree: 11952 (node 88)
	Maximum out degree: 168 (node 89805)
	source 1993 (node 89805) with out degree 168
	target 34 (node 88) with in degree 11952

Execution time and memory used at after iteration 761 (MF = 425.000000): 2.960485e+05 seconds, 197578752 bytes of memory usage, 290068 kB of memory peak and 3-10:14:47 elapsed time
Statistics on the network after iteration 761 (MF = 425.000000)
	Number of nodes: 116408
	Number of allocated nodes: 116736
	Number of edges: 145465
	Maximum in degree: 11952 (node 88)
	Maximum out degree: 168 (node 89805)
	source 1993 (node 89805) with out degree 168
	target 34 (node 88) with in degree 11952

Execution time and memory used at after iteration 762 (MF = 425.000000): 2.967953e+05 seconds, 197578752 bytes of memory usage, 290192 kB of memory peak and 3-10:27:14 elapsed time
Statistics on the network after iteration 762 (MF = 425.000000)
	Number of nodes: 116408
	Number of allocated nodes: 116736
	Number of edges: 145465
	Maximum in degree: 11952 (node 88)
	Maximum out degree: 168 (node 89805)
	source 1993 (node 89805) with out degree 168
	target 34 (node 88) with in degree 11952

Execution time and memory used at after iteration 763 (MF = 425.000000): 2.975417e+05 seconds, 197566464 bytes of memory usage, 290308 kB of memory peak and 3-10:39:40 elapsed time
Statistics on the network after iteration 763 (MF = 425.000000)
	Number of nodes: 116408
	Number of allocated nodes: 116736
	Number of edges: 145465
	Maximum in degree: 11952 (node 88)
	Maximum out degree: 168 (node 89805)
	source 1993 (node 89805) with out degree 168
	target 34 (node 88) with in degree 11952

Execution time and memory used at after iteration 764 (MF = 425.000000): 2.982878e+05 seconds, 197566464 bytes of memory usage, 290308 kB of memory peak and 3-10:52:07 elapsed time
Statistics on the network after iteration 764 (MF = 425.000000)
	Number of nodes: 116408
	Number of allocated nodes: 116736
	Number of edges: 145465
	Maximum in degree: 11952 (node 88)
	Maximum out degree: 168 (node 89805)
	source 1993 (node 89805) with out degree 168
	target 34 (node 88) with in degree 11952

Execution time and memory used at after iteration 765 (MF = 425.000000): 2.990346e+05 seconds, 197550080 bytes of memory usage, 290308 kB of memory peak and 3-11:04:34 elapsed time
Statistics on the network after iteration 765 (MF = 425.000000)
	Number of nodes: 116408
	Number of allocated nodes: 116736
	Number of edges: 145465
	Maximum in degree: 11952 (node 88)
	Maximum out degree: 168 (node 89805)
	source 1993 (node 89805) with out degree 168
	target 34 (node 88) with in degree 11952

Execution time and memory used at after iteration 766 (MF = 425.000000): 2.997805e+05 seconds, 197541888 bytes of memory usage, 290308 kB of memory peak and 3-11:17:00 elapsed time
Statistics on the network after iteration 766 (MF = 425.000000)
	Number of nodes: 116408
	Number of allocated nodes: 116736
	Number of edges: 145465
	Maximum in degree: 11952 (node 88)
	Maximum out degree: 168 (node 89805)
	source 1993 (node 89805) with out degree 168
	target 34 (node 88) with in degree 11952

Execution time and memory used at after iteration 767 (MF = 425.000000): 3.005278e+05 seconds, 197533696 bytes of memory usage, 290308 kB of memory peak and 3-11:29:27 elapsed time
Statistics on the network after iteration 767 (MF = 425.000000)
	Number of nodes: 116408
	Number of allocated nodes: 116736
	Number of edges: 145465
	Maximum in degree: 11952 (node 88)
	Maximum out degree: 168 (node 89805)
	source 1993 (node 89805) with out degree 168
	target 34 (node 88) with in degree 11952

Execution time and memory used at after iteration 768 (MF = 425.000000): 3.012739e+05 seconds, 197509120 bytes of memory usage, 290348 kB of memory peak and 3-11:41:53 elapsed time
Statistics on the network after iteration 768 (MF = 425.000000)
	Number of nodes: 116408
	Number of allocated nodes: 116736
	Number of edges: 145465
	Maximum in degree: 11952 (node 88)
	Maximum out degree: 168 (node 89805)
	source 1993 (node 89805) with out degree 168
	target 34 (node 88) with in degree 11952

Execution time and memory used at after iteration 769 (MF = 425.000000): 3.020261e+05 seconds, 197509120 bytes of memory usage, 290464 kB of memory peak and 3-11:54:26 elapsed time
Statistics on the network after iteration 769 (MF = 425.000000)
	Number of nodes: 116408
	Number of allocated nodes: 116736
	Number of edges: 145465
	Maximum in degree: 11952 (node 88)
	Maximum out degree: 168 (node 89805)
	source 1993 (node 89805) with out degree 168
	target 34 (node 88) with in degree 11952

Execution time and memory used at after iteration 770 (MF = 425.000000): 3.027739e+05 seconds, 197492736 bytes of memory usage, 290596 kB of memory peak and 3-12:06:54 elapsed time
Statistics on the network after iteration 770 (MF = 425.000000)
	Number of nodes: 116408
	Number of allocated nodes: 116736
	Number of edges: 145465
	Maximum in degree: 11952 (node 88)
	Maximum out degree: 168 (node 89805)
	source 1993 (node 89805) with out degree 168
	target 34 (node 88) with in degree 11952

Execution time and memory used at after iteration 771 (MF = 425.000000): 3.035233e+05 seconds, 197484544 bytes of memory usage, 290712 kB of memory peak and 3-12:19:23 elapsed time
Statistics on the network after iteration 771 (MF = 425.000000)
	Number of nodes: 116408
	Number of allocated nodes: 116736
	Number of edges: 145465
	Maximum in degree: 11952 (node 88)
	Maximum out degree: 168 (node 89805)
	source 1993 (node 89805) with out degree 168
	target 34 (node 88) with in degree 11952

Execution time and memory used at after iteration 772 (MF = 425.000000): 3.042702e+05 seconds, 197468160 bytes of memory usage, 290824 kB of memory peak and 3-12:31:50 elapsed time
Statistics on the network after iteration 772 (MF = 425.000000)
	Number of nodes: 116408
	Number of allocated nodes: 116736
	Number of edges: 145465
	Maximum in degree: 11952 (node 88)
	Maximum out degree: 168 (node 89805)
	source 1993 (node 89805) with out degree 168
	target 34 (node 88) with in degree 11952

Execution time and memory used at after iteration 773 (MF = 425.000000): 3.050182e+05 seconds, 197451776 bytes of memory usage, 290952 kB of memory peak and 3-12:44:18 elapsed time
Statistics on the network after iteration 773 (MF = 425.000000)
	Number of nodes: 116408
	Number of allocated nodes: 116736
	Number of edges: 145465
	Maximum in degree: 11952 (node 88)
	Maximum out degree: 168 (node 89805)
	source 1993 (node 89805) with out degree 168
	target 34 (node 88) with in degree 11952

Execution time and memory used at after iteration 774 (MF = 425.000000): 3.057657e+05 seconds, 197451776 bytes of memory usage, 291064 kB of memory peak and 3-12:56:46 elapsed time
Statistics on the network after iteration 774 (MF = 425.000000)
	Number of nodes: 116408
	Number of allocated nodes: 116736
	Number of edges: 145465
	Maximum in degree: 11952 (node 88)
	Maximum out degree: 168 (node 89805)
	source 1993 (node 89805) with out degree 168
	target 34 (node 88) with in degree 11952

Execution time and memory used at after iteration 775 (MF = 425.000000): 3.065148e+05 seconds, 197443584 bytes of memory usage, 291188 kB of memory peak and 3-13:09:15 elapsed time
Statistics on the network after iteration 775 (MF = 425.000000)
	Number of nodes: 116408
	Number of allocated nodes: 116736
	Number of edges: 145465
	Maximum in degree: 11952 (node 88)
	Maximum out degree: 168 (node 89805)
	source 1993 (node 89805) with out degree 168
	target 34 (node 88) with in degree 11952

Execution time and memory used at after iteration 776 (MF = 425.000000): 3.072645e+05 seconds, 197427200 bytes of memory usage, 291304 kB of memory peak and 3-13:21:45 elapsed time
Statistics on the network after iteration 776 (MF = 425.000000)
	Number of nodes: 116408
	Number of allocated nodes: 116736
	Number of edges: 145465
	Maximum in degree: 11952 (node 88)
	Maximum out degree: 168 (node 89805)
	source 1993 (node 89805) with out degree 168
	target 34 (node 88) with in degree 11952

Execution time and memory used at after iteration 777 (MF = 425.000000): 3.080129e+05 seconds, 197427200 bytes of memory usage, 291428 kB of memory peak and 3-13:34:13 elapsed time
Statistics on the network after iteration 777 (MF = 425.000000)
	Number of nodes: 116408
	Number of allocated nodes: 116736
	Number of edges: 145465
	Maximum in degree: 11952 (node 88)
	Maximum out degree: 168 (node 89805)
	source 1993 (node 89805) with out degree 168
	target 34 (node 88) with in degree 11952

Execution time and memory used at after iteration 778 (MF = 425.000000): 3.087627e+05 seconds, 197419008 bytes of memory usage, 291544 kB of memory peak and 3-13:46:43 elapsed time
Statistics on the network after iteration 778 (MF = 425.000000)
	Number of nodes: 116408
	Number of allocated nodes: 116736
	Number of edges: 145465
	Maximum in degree: 11952 (node 88)
	Maximum out degree: 168 (node 89805)
	source 1993 (node 89805) with out degree 168
	target 34 (node 88) with in degree 11952

Execution time and memory used at after iteration 779 (MF = 425.000000): 3.095154e+05 seconds, 197402624 bytes of memory usage, 291660 kB of memory peak and 3-13:59:16 elapsed time
Statistics on the network after iteration 779 (MF = 425.000000)
	Number of nodes: 116408
	Number of allocated nodes: 116736
	Number of edges: 145465
	Maximum in degree: 11952 (node 88)
	Maximum out degree: 168 (node 89805)
	source 1993 (node 89805) with out degree 168
	target 34 (node 88) with in degree 11952

Execution time and memory used at after iteration 780 (MF = 425.000000): 3.102669e+05 seconds, 197390336 bytes of memory usage, 291788 kB of memory peak and 3-14:11:48 elapsed time
Statistics on the network after iteration 780 (MF = 425.000000)
	Number of nodes: 116408
	Number of allocated nodes: 116736
	Number of edges: 145465
	Maximum in degree: 11952 (node 88)
	Maximum out degree: 168 (node 89805)
	source 1993 (node 89805) with out degree 168
	target 34 (node 88) with in degree 11952

Execution time and memory used at after iteration 781 (MF = 425.000000): 3.110207e+05 seconds, 197373952 bytes of memory usage, 291908 kB of memory peak and 3-14:24:22 elapsed time
Statistics on the network after iteration 781 (MF = 425.000000)
	Number of nodes: 116408
	Number of allocated nodes: 116736
	Number of edges: 145465
	Maximum in degree: 11952 (node 88)
	Maximum out degree: 168 (node 89805)
	source 1993 (node 89805) with out degree 168
	target 34 (node 88) with in degree 11952

Execution time and memory used at after iteration 782 (MF = 425.000000): 3.117756e+05 seconds, 197373952 bytes of memory usage, 291908 kB of memory peak and 3-14:36:57 elapsed time
Statistics on the network after iteration 782 (MF = 425.000000)
	Number of nodes: 116408
	Number of allocated nodes: 116736
	Number of edges: 145465
	Maximum in degree: 11952 (node 88)
	Maximum out degree: 168 (node 89805)
	source 1993 (node 89805) with out degree 168
	target 34 (node 88) with in degree 11952

Execution time and memory used at after iteration 783 (MF = 425.000000): 3.125314e+05 seconds, 197365760 bytes of memory usage, 291908 kB of memory peak and 3-14:49:33 elapsed time
Statistics on the network after iteration 783 (MF = 425.000000)
	Number of nodes: 116408
	Number of allocated nodes: 116736
	Number of edges: 145465
	Maximum in degree: 11952 (node 88)
	Maximum out degree: 168 (node 89805)
	source 1993 (node 89805) with out degree 168
	target 34 (node 88) with in degree 11952

Execution time and memory used at after iteration 784 (MF = 425.000000): 3.132863e+05 seconds, 197349376 bytes of memory usage, 291908 kB of memory peak and 3-15:02:08 elapsed time
Statistics on the network after iteration 784 (MF = 425.000000)
	Number of nodes: 116408
	Number of allocated nodes: 116736
	Number of edges: 145465
	Maximum in degree: 11952 (node 88)
	Maximum out degree: 168 (node 89805)
	source 1993 (node 89805) with out degree 168
	target 34 (node 88) with in degree 11952

Execution time and memory used at after iteration 785 (MF = 425.000000): 3.140367e+05 seconds, 197341184 bytes of memory usage, 291968 kB of memory peak and 3-15:14:38 elapsed time
Statistics on the network after iteration 785 (MF = 425.000000)
	Number of nodes: 116408
	Number of allocated nodes: 116736
	Number of edges: 145465
	Maximum in degree: 11952 (node 88)
	Maximum out degree: 168 (node 89805)
	source 1993 (node 89805) with out degree 168
	target 34 (node 88) with in degree 11952

Execution time and memory used at after iteration 786 (MF = 425.000000): 3.147941e+05 seconds, 197324800 bytes of memory usage, 292068 kB of memory peak and 3-15:27:16 elapsed time
Statistics on the network after iteration 786 (MF = 425.000000)
	Number of nodes: 116408
	Number of allocated nodes: 116736
	Number of edges: 145465
	Maximum in degree: 11952 (node 88)
	Maximum out degree: 168 (node 89805)
	source 1993 (node 89805) with out degree 168
	target 34 (node 88) with in degree 11952

Execution time and memory used at after iteration 787 (MF = 425.000000): 3.155448e+05 seconds, 197304320 bytes of memory usage, 292196 kB of memory peak and 3-15:39:47 elapsed time
Statistics on the network after iteration 787 (MF = 425.000000)
	Number of nodes: 116408
	Number of allocated nodes: 116736
	Number of edges: 145465
	Maximum in degree: 11952 (node 88)
	Maximum out degree: 168 (node 89805)
	source 1993 (node 89805) with out degree 168
	target 34 (node 88) with in degree 11952

Execution time and memory used at after iteration 788 (MF = 425.000000): 3.162963e+05 seconds, 197300224 bytes of memory usage, 292316 kB of memory peak and 3-15:52:19 elapsed time
Statistics on the network after iteration 788 (MF = 425.000000)
	Number of nodes: 116408
	Number of allocated nodes: 116736
	Number of edges: 145465
	Maximum in degree: 11952 (node 88)
	Maximum out degree: 168 (node 89805)
	source 1993 (node 89805) with out degree 168
	target 34 (node 88) with in degree 11952

Execution time and memory used at after iteration 789 (MF = 425.000000): 3.170520e+05 seconds, 197292032 bytes of memory usage, 292432 kB of memory peak and 3-16:04:54 elapsed time
Statistics on the network after iteration 789 (MF = 425.000000)
	Number of nodes: 116408
	Number of allocated nodes: 116736
	Number of edges: 145465
	Maximum in degree: 11952 (node 88)
	Maximum out degree: 168 (node 89805)
	source 1993 (node 89805) with out degree 168
	target 34 (node 88) with in degree 11952

Execution time and memory used at after iteration 790 (MF = 425.000000): 3.178082e+05 seconds, 197275648 bytes of memory usage, 292564 kB of memory peak and 3-16:17:31 elapsed time
Statistics on the network after iteration 790 (MF = 425.000000)
	Number of nodes: 116408
	Number of allocated nodes: 116736
	Number of edges: 145465
	Maximum in degree: 11952 (node 88)
	Maximum out degree: 168 (node 89805)
	source 1993 (node 89805) with out degree 168
	target 34 (node 88) with in degree 11952

Execution time and memory used at after iteration 791 (MF = 425.000000): 3.185656e+05 seconds, 197267456 bytes of memory usage, 292680 kB of memory peak and 3-16:30:08 elapsed time
Statistics on the network after iteration 791 (MF = 425.000000)
	Number of nodes: 116408
	Number of allocated nodes: 116736
	Number of edges: 145465
	Maximum in degree: 11952 (node 88)
	Maximum out degree: 168 (node 89805)
	source 1993 (node 89805) with out degree 168
	target 34 (node 88) with in degree 11952

Execution time and memory used at after iteration 792 (MF = 425.000000): 3.193153e+05 seconds, 197259264 bytes of memory usage, 292796 kB of memory peak and 3-16:42:38 elapsed time
Statistics on the network after iteration 792 (MF = 425.000000)
	Number of nodes: 116408
	Number of allocated nodes: 116736
	Number of edges: 145465
	Maximum in degree: 11952 (node 88)
	Maximum out degree: 168 (node 89805)
	source 1993 (node 89805) with out degree 168
	target 34 (node 88) with in degree 11952

Execution time and memory used at after iteration 793 (MF = 425.000000): 3.200707e+05 seconds, 197251072 bytes of memory usage, 292796 kB of memory peak and 3-16:55:13 elapsed time
Statistics on the network after iteration 793 (MF = 425.000000)
	Number of nodes: 116408
	Number of allocated nodes: 116736
	Number of edges: 145465
	Maximum in degree: 11952 (node 88)
	Maximum out degree: 168 (node 89805)
	source 1993 (node 89805) with out degree 168
	target 34 (node 88) with in degree 11952

Execution time and memory used at after iteration 794 (MF = 425.000000): 3.208307e+05 seconds, 196243456 bytes of memory usage, 292940 kB of memory peak and 3-17:07:54 elapsed time
Statistics on the network after iteration 794 (MF = 425.000000)
	Number of nodes: 116408
	Number of allocated nodes: 116736
	Number of edges: 145465
	Maximum in degree: 11952 (node 88)
	Maximum out degree: 168 (node 89805)
	source 1993 (node 89805) with out degree 168
	target 34 (node 88) with in degree 11952

Execution time and memory used at after iteration 795 (MF = 425.000000): 3.215891e+05 seconds, 196218880 bytes of memory usage, 292948 kB of memory peak and 3-17:20:32 elapsed time
Statistics on the network after iteration 795 (MF = 425.000000)
	Number of nodes: 116408
	Number of allocated nodes: 116736
	Number of edges: 145465
	Maximum in degree: 11952 (node 88)
	Maximum out degree: 168 (node 89805)
	source 1993 (node 89805) with out degree 168
	target 34 (node 88) with in degree 11952

Execution time and memory used at after iteration 796 (MF = 425.000000): 3.223556e+05 seconds, 196210688 bytes of memory usage, 293056 kB of memory peak and 3-17:33:19 elapsed time
Statistics on the network after iteration 796 (MF = 425.000000)
	Number of nodes: 116408
	Number of allocated nodes: 116736
	Number of edges: 145465
	Maximum in degree: 11952 (node 88)
	Maximum out degree: 168 (node 89805)
	source 1993 (node 89805) with out degree 168
	target 34 (node 88) with in degree 11952

Execution time and memory used at after iteration 797 (MF = 425.000000): 3.231097e+05 seconds, 196202496 bytes of memory usage, 293164 kB of memory peak and 3-17:45:53 elapsed time
Statistics on the network after iteration 797 (MF = 425.000000)
	Number of nodes: 116408
	Number of allocated nodes: 116736
	Number of edges: 145465
	Maximum in degree: 11952 (node 88)
	Maximum out degree: 168 (node 89805)
	source 1993 (node 89805) with out degree 168
	target 34 (node 88) with in degree 11952

Execution time and memory used at after iteration 798 (MF = 425.000000): 3.238645e+05 seconds, 196186112 bytes of memory usage, 293260 kB of memory peak and 3-17:58:28 elapsed time
Statistics on the network after iteration 798 (MF = 425.000000)
	Number of nodes: 116408
	Number of allocated nodes: 116736
	Number of edges: 145465
	Maximum in degree: 11952 (node 88)
	Maximum out degree: 168 (node 89805)
	source 1993 (node 89805) with out degree 168
	target 34 (node 88) with in degree 11952

Execution time and memory used at after iteration 799 (MF = 425.000000): 3.246243e+05 seconds, 196161536 bytes of memory usage, 293376 kB of memory peak and 3-18:11:08 elapsed time
Statistics on the network after iteration 799 (MF = 425.000000)
	Number of nodes: 116408
	Number of allocated nodes: 116736
	Number of edges: 145465
	Maximum in degree: 11952 (node 88)
	Maximum out degree: 168 (node 89805)
	source 1993 (node 89805) with out degree 168
	target 34 (node 88) with in degree 11952

Execution time and memory used at after iteration 800 (MF = 425.000000): 3.253800e+05 seconds, 196145152 bytes of memory usage, 293496 kB of memory peak and 3-18:23:44 elapsed time
Statistics on the network after iteration 800 (MF = 425.000000)
	Number of nodes: 116408
	Number of allocated nodes: 116736
	Number of edges: 145465
	Maximum in degree: 11952 (node 88)
	Maximum out degree: 168 (node 89805)
	source 1993 (node 89805) with out degree 168
	target 34 (node 88) with in degree 11952

Execution time and memory used at after iteration 801 (MF = 425.000000): 3.261370e+05 seconds, 196145152 bytes of memory usage, 293668 kB of memory peak and 3-18:36:21 elapsed time
Statistics on the network after iteration 801 (MF = 425.000000)
	Number of nodes: 116408
	Number of allocated nodes: 116736
	Number of edges: 145465
	Maximum in degree: 11952 (node 88)
	Maximum out degree: 168 (node 89805)
	source 1993 (node 89805) with out degree 168
	target 34 (node 88) with in degree 11952

Execution time and memory used at after iteration 802 (MF = 425.000000): 3.268950e+05 seconds, 196136960 bytes of memory usage, 293776 kB of memory peak and 3-18:48:59 elapsed time
Statistics on the network after iteration 802 (MF = 425.000000)
	Number of nodes: 116408
	Number of allocated nodes: 116736
	Number of edges: 145465
	Maximum in degree: 11952 (node 88)
	Maximum out degree: 168 (node 89805)
	source 1993 (node 89805) with out degree 168
	target 34 (node 88) with in degree 11952

Execution time and memory used at after iteration 803 (MF = 425.000000): 3.276506e+05 seconds, 196112384 bytes of memory usage, 293904 kB of memory peak and 3-19:01:34 elapsed time
Statistics on the network after iteration 803 (MF = 425.000000)
	Number of nodes: 116408
	Number of allocated nodes: 116736
	Number of edges: 145465
	Maximum in degree: 11952 (node 88)
	Maximum out degree: 168 (node 89805)
	source 1993 (node 89805) with out degree 168
	target 34 (node 88) with in degree 11952

Execution time and memory used at after iteration 804 (MF = 425.000000): 3.284080e+05 seconds, 196112384 bytes of memory usage, 294004 kB of memory peak and 3-19:14:12 elapsed time
Statistics on the network after iteration 804 (MF = 425.000000)
	Number of nodes: 116408
	Number of allocated nodes: 116736
	Number of edges: 145465
	Maximum in degree: 11952 (node 88)
	Maximum out degree: 168 (node 89805)
	source 1993 (node 89805) with out degree 168
	target 34 (node 88) with in degree 11952

Execution time and memory used at after iteration 805 (MF = 425.000000): 3.291632e+05 seconds, 196096000 bytes of memory usage, 294108 kB of memory peak and 3-19:26:47 elapsed time
Statistics on the network after iteration 805 (MF = 425.000000)
	Number of nodes: 116408
	Number of allocated nodes: 116736
	Number of edges: 145465
	Maximum in degree: 11952 (node 88)
	Maximum out degree: 168 (node 89805)
	source 1993 (node 89805) with out degree 168
	target 34 (node 88) with in degree 11952

Execution time and memory used at after iteration 806 (MF = 425.000000): 3.299201e+05 seconds, 196071424 bytes of memory usage, 294240 kB of memory peak and 3-19:39:24 elapsed time
Statistics on the network after iteration 806 (MF = 425.000000)
	Number of nodes: 116408
	Number of allocated nodes: 116736
	Number of edges: 145465
	Maximum in degree: 11952 (node 88)
	Maximum out degree: 168 (node 89805)
	source 1993 (node 89805) with out degree 168
	target 34 (node 88) with in degree 11952

Execution time and memory used at after iteration 807 (MF = 425.000000): 3.306783e+05 seconds, 196071424 bytes of memory usage, 294348 kB of memory peak and 3-19:52:02 elapsed time
Statistics on the network after iteration 807 (MF = 425.000000)
	Number of nodes: 116408
	Number of allocated nodes: 116736
	Number of edges: 145465
	Maximum in degree: 11952 (node 88)
	Maximum out degree: 168 (node 89805)
	source 1993 (node 89805) with out degree 168
	target 34 (node 88) with in degree 11952

Execution time and memory used at after iteration 808 (MF = 425.000000): 3.314405e+05 seconds, 196050944 bytes of memory usage, 294460 kB of memory peak and 3-20:04:45 elapsed time
Statistics on the network after iteration 808 (MF = 425.000000)
	Number of nodes: 116408
	Number of allocated nodes: 116736
	Number of edges: 145465
	Maximum in degree: 11952 (node 88)
	Maximum out degree: 168 (node 89805)
	source 1993 (node 89805) with out degree 168
	target 34 (node 88) with in degree 11952

Execution time and memory used at after iteration 809 (MF = 425.000000): 3.321978e+05 seconds, 196030464 bytes of memory usage, 294584 kB of memory peak and 3-20:17:22 elapsed time
Statistics on the network after iteration 809 (MF = 425.000000)
	Number of nodes: 116408
	Number of allocated nodes: 116736
	Number of edges: 145465
	Maximum in degree: 11952 (node 88)
	Maximum out degree: 168 (node 89805)
	source 1993 (node 89805) with out degree 168
	target 34 (node 88) with in degree 11952

Execution time and memory used at after iteration 810 (MF = 425.000000): 3.329562e+05 seconds, 196022272 bytes of memory usage, 294688 kB of memory peak and 3-20:30:01 elapsed time
Statistics on the network after iteration 810 (MF = 425.000000)
	Number of nodes: 116408
	Number of allocated nodes: 116736
	Number of edges: 145465
	Maximum in degree: 11952 (node 88)
	Maximum out degree: 168 (node 89805)
	source 1993 (node 89805) with out degree 168
	target 34 (node 88) with in degree 11952

Execution time and memory used at after iteration 811 (MF = 425.000000): 3.337124e+05 seconds, 196014080 bytes of memory usage, 294812 kB of memory peak and 3-20:42:37 elapsed time
Statistics on the network after iteration 811 (MF = 425.000000)
	Number of nodes: 116408
	Number of allocated nodes: 116736
	Number of edges: 145465
	Maximum in degree: 11952 (node 88)
	Maximum out degree: 168 (node 89805)
	source 1993 (node 89805) with out degree 168
	target 34 (node 88) with in degree 11952

Execution time and memory used at after iteration 812 (MF = 424.000000): 3.344713e+05 seconds, 196014080 bytes of memory usage, 294928 kB of memory peak and 3-20:55:16 elapsed time
Statistics on the network after iteration 812 (MF = 424.000000)
	Number of nodes: 116408
	Number of allocated nodes: 116736
	Number of edges: 145465
	Maximum in degree: 11952 (node 88)
	Maximum out degree: 168 (node 89805)
	source 1993 (node 89805) with out degree 168
	target 34 (node 88) with in degree 11952

Execution time and memory used at after iteration 813 (MF = 425.000000): 3.352283e+05 seconds, 196014080 bytes of memory usage, 295032 kB of memory peak and 3-21:07:53 elapsed time
Statistics on the network after iteration 813 (MF = 425.000000)
	Number of nodes: 116408
	Number of allocated nodes: 116736
	Number of edges: 145465
	Maximum in degree: 11952 (node 88)
	Maximum out degree: 168 (node 89805)
	source 1993 (node 89805) with out degree 168
	target 34 (node 88) with in degree 11952

Execution time and memory used at after iteration 814 (MF = 425.000000): 3.359872e+05 seconds, 196014080 bytes of memory usage, 295164 kB of memory peak and 3-21:20:32 elapsed time
Statistics on the network after iteration 814 (MF = 425.000000)
	Number of nodes: 116408
	Number of allocated nodes: 116736
	Number of edges: 145465
	Maximum in degree: 11952 (node 88)
	Maximum out degree: 168 (node 89805)
	source 1993 (node 89805) with out degree 168
	target 34 (node 88) with in degree 11952

Execution time and memory used at after iteration 815 (MF = 425.000000): 3.367458e+05 seconds, 196014080 bytes of memory usage, 295268 kB of memory peak and 3-21:33:11 elapsed time
Statistics on the network after iteration 815 (MF = 425.000000)
	Number of nodes: 116408
	Number of allocated nodes: 116736
	Number of edges: 145465
	Maximum in degree: 11952 (node 88)
	Maximum out degree: 168 (node 89805)
	source 1993 (node 89805) with out degree 168
	target 34 (node 88) with in degree 11952

Execution time and memory used at after iteration 816 (MF = 425.000000): 3.375054e+05 seconds, 196014080 bytes of memory usage, 295384 kB of memory peak and 3-21:45:50 elapsed time
Statistics on the network after iteration 816 (MF = 425.000000)
	Number of nodes: 116408
	Number of allocated nodes: 116736
	Number of edges: 145465
	Maximum in degree: 11952 (node 88)
	Maximum out degree: 168 (node 89805)
	source 1993 (node 89805) with out degree 168
	target 34 (node 88) with in degree 11952

Execution time and memory used at after iteration 817 (MF = 425.000000): 3.382663e+05 seconds, 196014080 bytes of memory usage, 295504 kB of memory peak and 3-21:58:31 elapsed time
Statistics on the network after iteration 817 (MF = 425.000000)
	Number of nodes: 116408
	Number of allocated nodes: 116736
	Number of edges: 145465
	Maximum in degree: 11952 (node 88)
	Maximum out degree: 168 (node 89805)
	source 1993 (node 89805) with out degree 168
	target 34 (node 88) with in degree 11952

Execution time and memory used at after iteration 818 (MF = 425.000000): 3.390310e+05 seconds, 196014080 bytes of memory usage, 295620 kB of memory peak and 3-22:11:16 elapsed time
Statistics on the network after iteration 818 (MF = 425.000000)
	Number of nodes: 116408
	Number of allocated nodes: 116736
	Number of edges: 145465
	Maximum in degree: 11952 (node 88)
	Maximum out degree: 168 (node 89805)
	source 1993 (node 89805) with out degree 168
	target 34 (node 88) with in degree 11952

Execution time and memory used at after iteration 819 (MF = 425.000000): 3.397928e+05 seconds, 196014080 bytes of memory usage, 295752 kB of memory peak and 3-22:23:58 elapsed time
Statistics on the network after iteration 819 (MF = 425.000000)
	Number of nodes: 116408
	Number of allocated nodes: 116736
	Number of edges: 145465
	Maximum in degree: 11952 (node 88)
	Maximum out degree: 168 (node 89805)
	source 1993 (node 89805) with out degree 168
	target 34 (node 88) with in degree 11952

Execution time and memory used at after iteration 820 (MF = 425.000000): 3.405539e+05 seconds, 196014080 bytes of memory usage, 295856 kB of memory peak and 3-22:36:39 elapsed time
Statistics on the network after iteration 820 (MF = 425.000000)
	Number of nodes: 116408
	Number of allocated nodes: 116736
	Number of edges: 145465
	Maximum in degree: 11952 (node 88)
	Maximum out degree: 168 (node 89805)
	source 1993 (node 89805) with out degree 168
	target 34 (node 88) with in degree 11952

Execution time and memory used at after iteration 821 (MF = 425.000000): 3.413158e+05 seconds, 196014080 bytes of memory usage, 295964 kB of memory peak and 3-22:49:21 elapsed time
Statistics on the network after iteration 821 (MF = 425.000000)
	Number of nodes: 116408
	Number of allocated nodes: 116736
	Number of edges: 145465
	Maximum in degree: 11952 (node 88)
	Maximum out degree: 168 (node 89805)
	source 1993 (node 89805) with out degree 168
	target 34 (node 88) with in degree 11952

Execution time and memory used at after iteration 822 (MF = 425.000000): 3.420890e+05 seconds, 196014080 bytes of memory usage, 296092 kB of memory peak and 3-23:02:15 elapsed time
Statistics on the network after iteration 822 (MF = 425.000000)
	Number of nodes: 116408
	Number of allocated nodes: 116736
	Number of edges: 145465
	Maximum in degree: 11952 (node 88)
	Maximum out degree: 168 (node 89805)
	source 1993 (node 89805) with out degree 168
	target 34 (node 88) with in degree 11952

Execution time and memory used at after iteration 823 (MF = 425.000000): 3.428514e+05 seconds, 196014080 bytes of memory usage, 296200 kB of memory peak and 3-23:14:57 elapsed time
Statistics on the network after iteration 823 (MF = 425.000000)
	Number of nodes: 116408
	Number of allocated nodes: 116736
	Number of edges: 145465
	Maximum in degree: 11952 (node 88)
	Maximum out degree: 168 (node 89805)
	source 1993 (node 89805) with out degree 168
	target 34 (node 88) with in degree 11952

Execution time and memory used at after iteration 824 (MF = 425.000000): 3.436241e+05 seconds, 196014080 bytes of memory usage, 296316 kB of memory peak and 3-23:27:50 elapsed time
Statistics on the network after iteration 824 (MF = 425.000000)
	Number of nodes: 116408
	Number of allocated nodes: 116736
	Number of edges: 145465
	Maximum in degree: 11952 (node 88)
	Maximum out degree: 168 (node 89805)
	source 1993 (node 89805) with out degree 168
	target 34 (node 88) with in degree 11952

Execution time and memory used at after iteration 825 (MF = 425.000000): 3.443874e+05 seconds, 196014080 bytes of memory usage, 296436 kB of memory peak and 3-23:40:33 elapsed time
Statistics on the network after iteration 825 (MF = 425.000000)
	Number of nodes: 116408
	Number of allocated nodes: 116736
	Number of edges: 145465
	Maximum in degree: 11952 (node 88)
	Maximum out degree: 168 (node 89805)
	source 1993 (node 89805) with out degree 168
	target 34 (node 88) with in degree 11952

Execution time and memory used at after iteration 826 (MF = 425.000000): 3.451492e+05 seconds, 196014080 bytes of memory usage, 296544 kB of memory peak and 3-23:53:15 elapsed time
Statistics on the network after iteration 826 (MF = 425.000000)
	Number of nodes: 116408
	Number of allocated nodes: 116736
	Number of edges: 145465
	Maximum in degree: 11952 (node 88)
	Maximum out degree: 168 (node 89805)
	source 1993 (node 89805) with out degree 168
	target 34 (node 88) with in degree 11952
