Version 1.2 launched as -e 0.1 12 input/amazon0302.html/amazon0302.txt.gz 2


Execution time and memory used at after reading from file: 1.696540e+03 seconds, 87416832 bytes of memory usage, 85404 kB of memory peak and 28:16 elapsed time
Statistics on the network after reading from file
	Number of nodes: 262111
	Number of allocated nodes: 262144
	Number of edges: 1234877
	Maximum in degree: 420 (node 14949)
	Maximum out degree: 5 (node 0)

Execution time and memory used at after adding costs: 1.696570e+03 seconds, 87416832 bytes of memory usage, 85404 kB of memory peak and 28:16 elapsed time
Statistics on the network after adding costs
	Number of nodes: 262111
	Number of allocated nodes: 262144
	Number of edges: 1234877
	Maximum in degree: 420 (node 14949)
	Maximum out degree: 5 (node 0)

Execution time and memory used at before starting main computation: 1.706320e+03 seconds, 95526912 bytes of memory usage, 95852 kB of memory peak and 28:26 elapsed time
Statistics on the network before starting main computation
	Number of nodes: 262111
	Number of allocated nodes: 262144
	Number of edges: 1234877
	Maximum in degree: 420 (node 14949)
	Maximum out degree: 5 (node 0)
	source 0 (node 0) with out degree 5
	target 15486 (node 14949) with in degree 420

Execution time and memory used at after iteration 1 (MF = 0.094118): 7.133090e+03 seconds, 1241391104 bytes of memory usage, 1686552 kB of memory peak and 01:58:53 elapsed time
Statistics on the network after iteration 1 (MF = 0.094118)
	Number of nodes: 262111
	Number of allocated nodes: 262144
	Number of edges: 1234877
	Maximum in degree: 420 (node 14949)
	Maximum out degree: 5 (node 0)
	source 0 (node 0) with out degree 5
	target 15486 (node 14949) with in degree 420

Execution time and memory used at after iteration 2 (MF = 0.336471): 7.570820e+03 seconds, 1241391104 bytes of memory usage, 1686552 kB of memory peak and 02:06:11 elapsed time
Statistics on the network after iteration 2 (MF = 0.336471)
	Number of nodes: 262111
	Number of allocated nodes: 262144
	Number of edges: 1234877
	Maximum in degree: 420 (node 14949)
	Maximum out degree: 5 (node 0)
	source 0 (node 0) with out degree 5
	target 15486 (node 14949) with in degree 420

Execution time and memory used at after iteration 3 (MF = 0.336471): 8.015060e+03 seconds, 1241391104 bytes of memory usage, 1686552 kB of memory peak and 02:13:36 elapsed time
Statistics on the network after iteration 3 (MF = 0.336471)
	Number of nodes: 262111
	Number of allocated nodes: 262144
	Number of edges: 1234877
	Maximum in degree: 420 (node 14949)
	Maximum out degree: 5 (node 0)
	source 0 (node 0) with out degree 5
	target 15486 (node 14949) with in degree 420

Execution time and memory used at after iteration 4 (MF = 0.336471): 8.462310e+03 seconds, 1241391104 bytes of memory usage, 1686552 kB of memory peak and 02:21:03 elapsed time
Statistics on the network after iteration 4 (MF = 0.336471)
	Number of nodes: 262111
	Number of allocated nodes: 262144
	Number of edges: 1234877
	Maximum in degree: 420 (node 14949)
	Maximum out degree: 5 (node 0)
	source 0 (node 0) with out degree 5
	target 15486 (node 14949) with in degree 420

Execution time and memory used at after iteration 5 (MF = 0.336471): 8.909080e+03 seconds, 1241391104 bytes of memory usage, 1686552 kB of memory peak and 02:28:30 elapsed time
Statistics on the network after iteration 5 (MF = 0.336471)
	Number of nodes: 262111
	Number of allocated nodes: 262144
	Number of edges: 1234877
	Maximum in degree: 420 (node 14949)
	Maximum out degree: 5 (node 0)
	source 0 (node 0) with out degree 5
	target 15486 (node 14949) with in degree 420

Execution time and memory used at after iteration 6 (MF = 0.336471): 9.354060e+03 seconds, 1241391104 bytes of memory usage, 1686552 kB of memory peak and 02:35:55 elapsed time
Statistics on the network after iteration 6 (MF = 0.336471)
	Number of nodes: 262111
	Number of allocated nodes: 262144
	Number of edges: 1234877
	Maximum in degree: 420 (node 14949)
	Maximum out degree: 5 (node 0)
	source 0 (node 0) with out degree 5
	target 15486 (node 14949) with in degree 420

Execution time and memory used at after iteration 7 (MF = 0.336471): 9.799690e+03 seconds, 1241391104 bytes of memory usage, 1686552 kB of memory peak and 02:43:20 elapsed time
Statistics on the network after iteration 7 (MF = 0.336471)
	Number of nodes: 262111
	Number of allocated nodes: 262144
	Number of edges: 1234877
	Maximum in degree: 420 (node 14949)
	Maximum out degree: 5 (node 0)
	source 0 (node 0) with out degree 5
	target 15486 (node 14949) with in degree 420

Execution time and memory used at after iteration 8 (MF = 0.336471): 1.024601e+04 seconds, 1241391104 bytes of memory usage, 1686552 kB of memory peak and 02:50:47 elapsed time
Statistics on the network after iteration 8 (MF = 0.336471)
	Number of nodes: 262111
	Number of allocated nodes: 262144
	Number of edges: 1234877
	Maximum in degree: 420 (node 14949)
	Maximum out degree: 5 (node 0)
	source 0 (node 0) with out degree 5
	target 15486 (node 14949) with in degree 420

Execution time and memory used at after iteration 9 (MF = 0.336471): 1.069078e+04 seconds, 1241391104 bytes of memory usage, 1686552 kB of memory peak and 02:58:11 elapsed time
Statistics on the network after iteration 9 (MF = 0.336471)
	Number of nodes: 262111
	Number of allocated nodes: 262144
	Number of edges: 1234877
	Maximum in degree: 420 (node 14949)
	Maximum out degree: 5 (node 0)
	source 0 (node 0) with out degree 5
	target 15486 (node 14949) with in degree 420

Execution time and memory used at after iteration 10 (MF = 0.336471): 1.117913e+04 seconds, 1241391104 bytes of memory usage, 1686552 kB of memory peak and 03:06:20 elapsed time
Statistics on the network after iteration 10 (MF = 0.336471)
	Number of nodes: 262111
	Number of allocated nodes: 262144
	Number of edges: 1234877
	Maximum in degree: 420 (node 14949)
	Maximum out degree: 5 (node 0)
	source 0 (node 0) with out degree 5
	target 15486 (node 14949) with in degree 420

Execution time and memory used at after iteration 11 (MF = 0.336471): 1.166722e+04 seconds, 1241391104 bytes of memory usage, 1686552 kB of memory peak and 03:14:28 elapsed time
Statistics on the network after iteration 11 (MF = 0.336471)
	Number of nodes: 262111
	Number of allocated nodes: 262144
	Number of edges: 1234877
	Maximum in degree: 420 (node 14949)
	Maximum out degree: 5 (node 0)
	source 0 (node 0) with out degree 5
	target 15486 (node 14949) with in degree 420

Execution time and memory used at after iteration 12 (MF = 0.336471): 1.215605e+04 seconds, 1241391104 bytes of memory usage, 1686552 kB of memory peak and 03:22:37 elapsed time
Statistics on the network after iteration 12 (MF = 0.336471)
	Number of nodes: 262111
	Number of allocated nodes: 262144
	Number of edges: 1234877
	Maximum in degree: 420 (node 14949)
	Maximum out degree: 5 (node 0)
	source 0 (node 0) with out degree 5
	target 15486 (node 14949) with in degree 420

Execution time and memory used at after iteration 13 (MF = 0.336471): 1.265451e+04 seconds, 1241391104 bytes of memory usage, 1686552 kB of memory peak and 03:30:55 elapsed time
Statistics on the network after iteration 13 (MF = 0.336471)
	Number of nodes: 262111
	Number of allocated nodes: 262144
	Number of edges: 1234877
	Maximum in degree: 420 (node 14949)
	Maximum out degree: 5 (node 0)
	source 0 (node 0) with out degree 5
	target 15486 (node 14949) with in degree 420

Execution time and memory used at after iteration 14 (MF = 0.336471): 1.314958e+04 seconds, 1241391104 bytes of memory usage, 1687252 kB of memory peak and 03:39:10 elapsed time
Statistics on the network after iteration 14 (MF = 0.336471)
	Number of nodes: 262111
	Number of allocated nodes: 262144
	Number of edges: 1234877
	Maximum in degree: 420 (node 14949)
	Maximum out degree: 5 (node 0)
	source 0 (node 0) with out degree 5
	target 15486 (node 14949) with in degree 420

Execution time and memory used at after iteration 15 (MF = 0.336471): 1.364696e+04 seconds, 1241391104 bytes of memory usage, 1687348 kB of memory peak and 03:47:28 elapsed time
Statistics on the network after iteration 15 (MF = 0.336471)
	Number of nodes: 262111
	Number of allocated nodes: 262144
	Number of edges: 1234877
	Maximum in degree: 420 (node 14949)
	Maximum out degree: 5 (node 0)
	source 0 (node 0) with out degree 5
	target 15486 (node 14949) with in degree 420

Execution time and memory used at after iteration 16 (MF = 0.336471): 1.415709e+04 seconds, 1241391104 bytes of memory usage, 1687432 kB of memory peak and 03:55:58 elapsed time
Statistics on the network after iteration 16 (MF = 0.336471)
	Number of nodes: 262111
	Number of allocated nodes: 262144
	Number of edges: 1234877
	Maximum in degree: 420 (node 14949)
	Maximum out degree: 5 (node 0)
	source 0 (node 0) with out degree 5
	target 15486 (node 14949) with in degree 420

Execution time and memory used at after iteration 17 (MF = 0.336471): 1.464167e+04 seconds, 1241391104 bytes of memory usage, 1687488 kB of memory peak and 04:04:03 elapsed time
Statistics on the network after iteration 17 (MF = 0.336471)
	Number of nodes: 262111
	Number of allocated nodes: 262144
	Number of edges: 1234877
	Maximum in degree: 420 (node 14949)
	Maximum out degree: 5 (node 0)
	source 0 (node 0) with out degree 5
	target 15486 (node 14949) with in degree 420

Execution time and memory used at after iteration 18 (MF = 0.336471): 1.513646e+04 seconds, 1241391104 bytes of memory usage, 1687488 kB of memory peak and 04:12:17 elapsed time
Statistics on the network after iteration 18 (MF = 0.336471)
	Number of nodes: 262111
	Number of allocated nodes: 262144
	Number of edges: 1234877
	Maximum in degree: 420 (node 14949)
	Maximum out degree: 5 (node 0)
	source 0 (node 0) with out degree 5
	target 15486 (node 14949) with in degree 420

Execution time and memory used at after iteration 19 (MF = 0.336471): 1.562317e+04 seconds, 1241391104 bytes of memory usage, 1688332 kB of memory peak and 04:20:24 elapsed time
Statistics on the network after iteration 19 (MF = 0.336471)
	Number of nodes: 262111
	Number of allocated nodes: 262144
	Number of edges: 1234877
	Maximum in degree: 420 (node 14949)
	Maximum out degree: 5 (node 0)
	source 0 (node 0) with out degree 5
	target 15486 (node 14949) with in degree 420

Execution time and memory used at after iteration 20 (MF = 0.336471): 1.611352e+04 seconds, 1241391104 bytes of memory usage, 1688360 kB of memory peak and 04:28:34 elapsed time
Statistics on the network after iteration 20 (MF = 0.336471)
	Number of nodes: 262111
	Number of allocated nodes: 262144
	Number of edges: 1234877
	Maximum in degree: 420 (node 14949)
	Maximum out degree: 5 (node 0)
	source 0 (node 0) with out degree 5
	target 15486 (node 14949) with in degree 420

Execution time and memory used at after iteration 21 (MF = 0.336471): 1.661265e+04 seconds, 1241391104 bytes of memory usage, 1690304 kB of memory peak and 04:36:54 elapsed time
Statistics on the network after iteration 21 (MF = 0.336471)
	Number of nodes: 262111
	Number of allocated nodes: 262144
	Number of edges: 1234877
	Maximum in degree: 420 (node 14949)
	Maximum out degree: 5 (node 0)
	source 0 (node 0) with out degree 5
	target 15486 (node 14949) with in degree 420

Execution time and memory used at after iteration 22 (MF = 0.336471): 1.711243e+04 seconds, 1241391104 bytes of memory usage, 1692828 kB of memory peak and 04:45:13 elapsed time
Statistics on the network after iteration 22 (MF = 0.336471)
	Number of nodes: 262111
	Number of allocated nodes: 262144
	Number of edges: 1234877
	Maximum in degree: 420 (node 14949)
	Maximum out degree: 5 (node 0)
	source 0 (node 0) with out degree 5
	target 15486 (node 14949) with in degree 420

Execution time and memory used at after iteration 23 (MF = 0.336471): 1.762504e+04 seconds, 1241391104 bytes of memory usage, 1692912 kB of memory peak and 04:53:46 elapsed time
Statistics on the network after iteration 23 (MF = 0.336471)
	Number of nodes: 262111
	Number of allocated nodes: 262144
	Number of edges: 1234877
	Maximum in degree: 420 (node 14949)
	Maximum out degree: 5 (node 0)
	source 0 (node 0) with out degree 5
	target 15486 (node 14949) with in degree 420

Execution time and memory used at after iteration 24 (MF = 0.336471): 1.812424e+04 seconds, 1241391104 bytes of memory usage, 1692912 kB of memory peak and 05:02:05 elapsed time
Statistics on the network after iteration 24 (MF = 0.336471)
	Number of nodes: 262111
	Number of allocated nodes: 262144
	Number of edges: 1234877
	Maximum in degree: 420 (node 14949)
	Maximum out degree: 5 (node 0)
	source 0 (node 0) with out degree 5
	target 15486 (node 14949) with in degree 420

Execution time and memory used at after iteration 25 (MF = 0.336471): 1.862355e+04 seconds, 1241391104 bytes of memory usage, 1692912 kB of memory peak and 05:10:25 elapsed time
Statistics on the network after iteration 25 (MF = 0.336471)
	Number of nodes: 262111
	Number of allocated nodes: 262144
	Number of edges: 1234877
	Maximum in degree: 420 (node 14949)
	Maximum out degree: 5 (node 0)
	source 0 (node 0) with out degree 5
	target 15486 (node 14949) with in degree 420

Execution time and memory used at after iteration 26 (MF = 0.336471): 1.912332e+04 seconds, 1241391104 bytes of memory usage, 1692912 kB of memory peak and 05:18:45 elapsed time
Statistics on the network after iteration 26 (MF = 0.336471)
	Number of nodes: 262111
	Number of allocated nodes: 262144
	Number of edges: 1234877
	Maximum in degree: 420 (node 14949)
	Maximum out degree: 5 (node 0)
	source 0 (node 0) with out degree 5
	target 15486 (node 14949) with in degree 420

Execution time and memory used at after iteration 27 (MF = 0.336471): 1.962289e+04 seconds, 1241391104 bytes of memory usage, 1692912 kB of memory peak and 05:27:04 elapsed time
Statistics on the network after iteration 27 (MF = 0.336471)
	Number of nodes: 262111
	Number of allocated nodes: 262144
	Number of edges: 1234877
	Maximum in degree: 420 (node 14949)
	Maximum out degree: 5 (node 0)
	source 0 (node 0) with out degree 5
	target 15486 (node 14949) with in degree 420

Execution time and memory used at after iteration 28 (MF = 0.336471): 2.012357e+04 seconds, 1241391104 bytes of memory usage, 1692912 kB of memory peak and 05:35:25 elapsed time
Statistics on the network after iteration 28 (MF = 0.336471)
	Number of nodes: 262111
	Number of allocated nodes: 262144
	Number of edges: 1234877
	Maximum in degree: 420 (node 14949)
	Maximum out degree: 5 (node 0)
	source 0 (node 0) with out degree 5
	target 15486 (node 14949) with in degree 420

Execution time and memory used at after iteration 29 (MF = 0.336471): 2.063733e+04 seconds, 1241391104 bytes of memory usage, 1692912 kB of memory peak and 05:43:59 elapsed time
Statistics on the network after iteration 29 (MF = 0.336471)
	Number of nodes: 262111
	Number of allocated nodes: 262144
	Number of edges: 1234877
	Maximum in degree: 420 (node 14949)
	Maximum out degree: 5 (node 0)
	source 0 (node 0) with out degree 5
	target 15486 (node 14949) with in degree 420

Execution time and memory used at after iteration 30 (MF = 0.336471): 2.114995e+04 seconds, 1241391104 bytes of memory usage, 1692912 kB of memory peak and 05:52:32 elapsed time
Statistics on the network after iteration 30 (MF = 0.336471)
	Number of nodes: 262111
	Number of allocated nodes: 262144
	Number of edges: 1234877
	Maximum in degree: 420 (node 14949)
	Maximum out degree: 5 (node 0)
	source 0 (node 0) with out degree 5
	target 15486 (node 14949) with in degree 420

Execution time and memory used at after iteration 31 (MF = 0.336471): 2.164966e+04 seconds, 1241391104 bytes of memory usage, 1692912 kB of memory peak and 06:00:51 elapsed time
Statistics on the network after iteration 31 (MF = 0.336471)
	Number of nodes: 262111
	Number of allocated nodes: 262144
	Number of edges: 1234877
	Maximum in degree: 420 (node 14949)
	Maximum out degree: 5 (node 0)
	source 0 (node 0) with out degree 5
	target 15486 (node 14949) with in degree 420

Execution time and memory used at after iteration 32 (MF = 0.336471): 2.214734e+04 seconds, 1241391104 bytes of memory usage, 1694556 kB of memory peak and 06:09:09 elapsed time
Statistics on the network after iteration 32 (MF = 0.336471)
	Number of nodes: 262111
	Number of allocated nodes: 262144
	Number of edges: 1234877
	Maximum in degree: 420 (node 14949)
	Maximum out degree: 5 (node 0)
	source 0 (node 0) with out degree 5
	target 15486 (node 14949) with in degree 420

Execution time and memory used at after iteration 33 (MF = 0.336471): 2.265785e+04 seconds, 1241391104 bytes of memory usage, 1694612 kB of memory peak and 06:17:40 elapsed time
Statistics on the network after iteration 33 (MF = 0.336471)
	Number of nodes: 262111
	Number of allocated nodes: 262144
	Number of edges: 1234877
	Maximum in degree: 420 (node 14949)
	Maximum out degree: 5 (node 0)
	source 0 (node 0) with out degree 5
	target 15486 (node 14949) with in degree 420

Execution time and memory used at after iteration 34 (MF = 0.336471): 2.315632e+04 seconds, 1241391104 bytes of memory usage, 1696588 kB of memory peak and 06:25:58 elapsed time
Statistics on the network after iteration 34 (MF = 0.336471)
	Number of nodes: 262111
	Number of allocated nodes: 262144
	Number of edges: 1234877
	Maximum in degree: 420 (node 14949)
	Maximum out degree: 5 (node 0)
	source 0 (node 0) with out degree 5
	target 15486 (node 14949) with in degree 420

Execution time and memory used at after iteration 35 (MF = 0.336471): 2.365441e+04 seconds, 1241391104 bytes of memory usage, 1704140 kB of memory peak and 06:34:16 elapsed time
Statistics on the network after iteration 35 (MF = 0.336471)
	Number of nodes: 262111
	Number of allocated nodes: 262144
	Number of edges: 1234877
	Maximum in degree: 420 (node 14949)
	Maximum out degree: 5 (node 0)
	source 0 (node 0) with out degree 5
	target 15486 (node 14949) with in degree 420

Execution time and memory used at after iteration 36 (MF = 0.336471): 2.415172e+04 seconds, 1241391104 bytes of memory usage, 1711704 kB of memory peak and 06:42:34 elapsed time
Statistics on the network after iteration 36 (MF = 0.336471)
	Number of nodes: 262111
	Number of allocated nodes: 262144
	Number of edges: 1234877
	Maximum in degree: 420 (node 14949)
	Maximum out degree: 5 (node 0)
	source 0 (node 0) with out degree 5
	target 15486 (node 14949) with in degree 420

Execution time and memory used at after iteration 37 (MF = 0.336471): 2.466373e+04 seconds, 1241391104 bytes of memory usage, 1711768 kB of memory peak and 06:51:06 elapsed time
Statistics on the network after iteration 37 (MF = 0.336471)
	Number of nodes: 262111
	Number of allocated nodes: 262144
	Number of edges: 1234877
	Maximum in degree: 420 (node 14949)
	Maximum out degree: 5 (node 0)
	source 0 (node 0) with out degree 5
	target 15486 (node 14949) with in degree 420

Execution time and memory used at after iteration 38 (MF = 0.303529): 2.513020e+04 seconds, 1241391104 bytes of memory usage, 1719344 kB of memory peak and 06:58:52 elapsed time
Statistics on the network after iteration 38 (MF = 0.303529)
	Number of nodes: 262111
	Number of allocated nodes: 262144
	Number of edges: 1234877
	Maximum in degree: 420 (node 14949)
	Maximum out degree: 5 (node 0)
	source 0 (node 0) with out degree 5
	target 15486 (node 14949) with in degree 420

Execution time and memory used at after iteration 39 (MF = 0.336471): 2.551109e+04 seconds, 1241391104 bytes of memory usage, 1719440 kB of memory peak and 07:05:13 elapsed time
Statistics on the network after iteration 39 (MF = 0.336471)
	Number of nodes: 262111
	Number of allocated nodes: 262144
	Number of edges: 1234877
	Maximum in degree: 420 (node 14949)
	Maximum out degree: 5 (node 0)
	source 0 (node 0) with out degree 5
	target 15486 (node 14949) with in degree 420

Execution time and memory used at after iteration 40 (MF = 0.336471): 2.602471e+04 seconds, 1241391104 bytes of memory usage, 1719440 kB of memory peak and 07:13:47 elapsed time
Statistics on the network after iteration 40 (MF = 0.336471)
	Number of nodes: 262111
	Number of allocated nodes: 262144
	Number of edges: 1234877
	Maximum in degree: 420 (node 14949)
	Maximum out degree: 5 (node 0)
	source 0 (node 0) with out degree 5
	target 15486 (node 14949) with in degree 420

Execution time and memory used at after iteration 41 (MF = 0.336471): 2.653053e+04 seconds, 1241391104 bytes of memory usage, 1719440 kB of memory peak and 07:22:13 elapsed time
Statistics on the network after iteration 41 (MF = 0.336471)
	Number of nodes: 262111
	Number of allocated nodes: 262144
	Number of edges: 1234877
	Maximum in degree: 420 (node 14949)
	Maximum out degree: 5 (node 0)
	source 0 (node 0) with out degree 5
	target 15486 (node 14949) with in degree 420

Execution time and memory used at after iteration 42 (MF = 0.336471): 2.700889e+04 seconds, 1241391104 bytes of memory usage, 1719440 kB of memory peak and 07:30:11 elapsed time
Statistics on the network after iteration 42 (MF = 0.336471)
	Number of nodes: 262111
	Number of allocated nodes: 262144
	Number of edges: 1234877
	Maximum in degree: 420 (node 14949)
	Maximum out degree: 5 (node 0)
	source 0 (node 0) with out degree 5
	target 15486 (node 14949) with in degree 420

Execution time and memory used at after iteration 43 (MF = 0.336471): 2.748607e+04 seconds, 1241391104 bytes of memory usage, 1719440 kB of memory peak and 07:38:08 elapsed time
Statistics on the network after iteration 43 (MF = 0.336471)
	Number of nodes: 262111
	Number of allocated nodes: 262144
	Number of edges: 1234877
	Maximum in degree: 420 (node 14949)
	Maximum out degree: 5 (node 0)
	source 0 (node 0) with out degree 5
	target 15486 (node 14949) with in degree 420

Execution time and memory used at after iteration 44 (MF = 0.336471): 2.796234e+04 seconds, 1241391104 bytes of memory usage, 1719468 kB of memory peak and 07:46:05 elapsed time
Statistics on the network after iteration 44 (MF = 0.336471)
	Number of nodes: 262111
	Number of allocated nodes: 262144
	Number of edges: 1234877
	Maximum in degree: 420 (node 14949)
	Maximum out degree: 5 (node 0)
	source 0 (node 0) with out degree 5
	target 15486 (node 14949) with in degree 420

Execution time and memory used at after iteration 45 (MF = 0.336471): 2.846907e+04 seconds, 1241391104 bytes of memory usage, 1719468 kB of memory peak and 07:54:31 elapsed time
Statistics on the network after iteration 45 (MF = 0.336471)
	Number of nodes: 262111
	Number of allocated nodes: 262144
	Number of edges: 1234877
	Maximum in degree: 420 (node 14949)
	Maximum out degree: 5 (node 0)
	source 0 (node 0) with out degree 5
	target 15486 (node 14949) with in degree 420

Execution time and memory used at after iteration 46 (MF = 0.336471): 2.892971e+04 seconds, 1241391104 bytes of memory usage, 1719512 kB of memory peak and 08:02:12 elapsed time
Statistics on the network after iteration 46 (MF = 0.336471)
	Number of nodes: 262111
	Number of allocated nodes: 262144
	Number of edges: 1234877
	Maximum in degree: 420 (node 14949)
	Maximum out degree: 5 (node 0)
	source 0 (node 0) with out degree 5
	target 15486 (node 14949) with in degree 420

Execution time and memory used at after iteration 47 (MF = 0.336471): 2.938173e+04 seconds, 1241391104 bytes of memory usage, 1719512 kB of memory peak and 08:09:44 elapsed time
Statistics on the network after iteration 47 (MF = 0.336471)
	Number of nodes: 262111
	Number of allocated nodes: 262144
	Number of edges: 1234877
	Maximum in degree: 420 (node 14949)
	Maximum out degree: 5 (node 0)
	source 0 (node 0) with out degree 5
	target 15486 (node 14949) with in degree 420

Execution time and memory used at after iteration 48 (MF = 0.336471): 2.983345e+04 seconds, 1241391104 bytes of memory usage, 1719512 kB of memory peak and 08:17:16 elapsed time
Statistics on the network after iteration 48 (MF = 0.336471)
	Number of nodes: 262111
	Number of allocated nodes: 262144
	Number of edges: 1234877
	Maximum in degree: 420 (node 14949)
	Maximum out degree: 5 (node 0)
	source 0 (node 0) with out degree 5
	target 15486 (node 14949) with in degree 420

Execution time and memory used at after iteration 49 (MF = 0.336471): 3.035493e+04 seconds, 1241391104 bytes of memory usage, 1719588 kB of memory peak and 08:25:58 elapsed time
Statistics on the network after iteration 49 (MF = 0.336471)
	Number of nodes: 262111
	Number of allocated nodes: 262144
	Number of edges: 1234877
	Maximum in degree: 420 (node 14949)
	Maximum out degree: 5 (node 0)
	source 0 (node 0) with out degree 5
	target 15486 (node 14949) with in degree 420

Execution time and memory used at after iteration 50 (MF = 0.336471): 3.082506e+04 seconds, 1241391104 bytes of memory usage, 1719588 kB of memory peak and 08:33:48 elapsed time
Statistics on the network after iteration 50 (MF = 0.336471)
	Number of nodes: 262111
	Number of allocated nodes: 262144
	Number of edges: 1234877
	Maximum in degree: 420 (node 14949)
	Maximum out degree: 5 (node 0)
	source 0 (node 0) with out degree 5
	target 15486 (node 14949) with in degree 420

Execution time and memory used at after iteration 51 (MF = 0.336471): 3.130284e+04 seconds, 1241391104 bytes of memory usage, 1719592 kB of memory peak and 08:41:46 elapsed time
Statistics on the network after iteration 51 (MF = 0.336471)
	Number of nodes: 262111
	Number of allocated nodes: 262144
	Number of edges: 1234877
	Maximum in degree: 420 (node 14949)
	Maximum out degree: 5 (node 0)
	source 0 (node 0) with out degree 5
	target 15486 (node 14949) with in degree 420

Execution time and memory used at after iteration 52 (MF = 0.336471): 3.177598e+04 seconds, 1241391104 bytes of memory usage, 1719664 kB of memory peak and 08:49:39 elapsed time
Statistics on the network after iteration 52 (MF = 0.336471)
	Number of nodes: 262111
	Number of allocated nodes: 262144
	Number of edges: 1234877
	Maximum in degree: 420 (node 14949)
	Maximum out degree: 5 (node 0)
	source 0 (node 0) with out degree 5
	target 15486 (node 14949) with in degree 420

Execution time and memory used at after iteration 53 (MF = 0.336471): 3.225182e+04 seconds, 1241391104 bytes of memory usage, 1719692 kB of memory peak and 08:57:35 elapsed time
Statistics on the network after iteration 53 (MF = 0.336471)
	Number of nodes: 262111
	Number of allocated nodes: 262144
	Number of edges: 1234877
	Maximum in degree: 420 (node 14949)
	Maximum out degree: 5 (node 0)
	source 0 (node 0) with out degree 5
	target 15486 (node 14949) with in degree 420

Execution time and memory used at after iteration 54 (MF = 0.336471): 3.275351e+04 seconds, 1241391104 bytes of memory usage, 1719708 kB of memory peak and 09:05:56 elapsed time
Statistics on the network after iteration 54 (MF = 0.336471)
	Number of nodes: 262111
	Number of allocated nodes: 262144
	Number of edges: 1234877
	Maximum in degree: 420 (node 14949)
	Maximum out degree: 5 (node 0)
	source 0 (node 0) with out degree 5
	target 15486 (node 14949) with in degree 420

Execution time and memory used at after iteration 55 (MF = 0.336471): 3.326023e+04 seconds, 1241391104 bytes of memory usage, 1719724 kB of memory peak and 09:14:23 elapsed time
Statistics on the network after iteration 55 (MF = 0.336471)
	Number of nodes: 262111
	Number of allocated nodes: 262144
	Number of edges: 1234877
	Maximum in degree: 420 (node 14949)
	Maximum out degree: 5 (node 0)
	source 0 (node 0) with out degree 5
	target 15486 (node 14949) with in degree 420

Execution time and memory used at after iteration 56 (MF = 0.303529): 3.379285e+04 seconds, 1241391104 bytes of memory usage, 1719756 kB of memory peak and 09:23:16 elapsed time
Statistics on the network after iteration 56 (MF = 0.303529)
	Number of nodes: 262111
	Number of allocated nodes: 262144
	Number of edges: 1234877
	Maximum in degree: 420 (node 14949)
	Maximum out degree: 5 (node 0)
	source 0 (node 0) with out degree 5
	target 15486 (node 14949) with in degree 420

Execution time and memory used at after iteration 57 (MF = 0.336471): 3.421509e+04 seconds, 1241391104 bytes of memory usage, 1719836 kB of memory peak and 09:30:18 elapsed time
Statistics on the network after iteration 57 (MF = 0.336471)
	Number of nodes: 262111
	Number of allocated nodes: 262144
	Number of edges: 1234877
	Maximum in degree: 420 (node 14949)
	Maximum out degree: 5 (node 0)
	source 0 (node 0) with out degree 5
	target 15486 (node 14949) with in degree 420

Execution time and memory used at after iteration 58 (MF = 0.336471): 3.469550e+04 seconds, 1241391104 bytes of memory usage, 1719836 kB of memory peak and 09:38:19 elapsed time
Statistics on the network after iteration 58 (MF = 0.336471)
	Number of nodes: 262111
	Number of allocated nodes: 262144
	Number of edges: 1234877
	Maximum in degree: 420 (node 14949)
	Maximum out degree: 5 (node 0)
	source 0 (node 0) with out degree 5
	target 15486 (node 14949) with in degree 420

Execution time and memory used at after iteration 59 (MF = 0.336471): 3.514665e+04 seconds, 1241391104 bytes of memory usage, 1719836 kB of memory peak and 09:45:50 elapsed time
Statistics on the network after iteration 59 (MF = 0.336471)
	Number of nodes: 262111
	Number of allocated nodes: 262144
	Number of edges: 1234877
	Maximum in degree: 420 (node 14949)
	Maximum out degree: 5 (node 0)
	source 0 (node 0) with out degree 5
	target 15486 (node 14949) with in degree 420

Execution time and memory used at after iteration 60 (MF = 0.336471): 3.569910e+04 seconds, 1241391104 bytes of memory usage, 1719836 kB of memory peak and 09:55:02 elapsed time
Statistics on the network after iteration 60 (MF = 0.336471)
	Number of nodes: 262111
	Number of allocated nodes: 262144
	Number of edges: 1234877
	Maximum in degree: 420 (node 14949)
	Maximum out degree: 5 (node 0)
	source 0 (node 0) with out degree 5
	target 15486 (node 14949) with in degree 420

Execution time and memory used at after iteration 61 (MF = 0.336471): 3.620373e+04 seconds, 1241391104 bytes of memory usage, 1719836 kB of memory peak and 10:03:27 elapsed time
Statistics on the network after iteration 61 (MF = 0.336471)
	Number of nodes: 262111
	Number of allocated nodes: 262144
	Number of edges: 1234877
	Maximum in degree: 420 (node 14949)
	Maximum out degree: 5 (node 0)
	source 0 (node 0) with out degree 5
	target 15486 (node 14949) with in degree 420

Execution time and memory used at after iteration 62 (MF = 0.336471): 3.670982e+04 seconds, 1241391104 bytes of memory usage, 1719836 kB of memory peak and 10:11:53 elapsed time
Statistics on the network after iteration 62 (MF = 0.336471)
	Number of nodes: 262111
	Number of allocated nodes: 262144
	Number of edges: 1234877
	Maximum in degree: 420 (node 14949)
	Maximum out degree: 5 (node 0)
	source 0 (node 0) with out degree 5
	target 15486 (node 14949) with in degree 420

Execution time and memory used at after iteration 63 (MF = 0.336471): 3.721694e+04 seconds, 1241391104 bytes of memory usage, 1719836 kB of memory peak and 10:20:20 elapsed time
Statistics on the network after iteration 63 (MF = 0.336471)
	Number of nodes: 262111
	Number of allocated nodes: 262144
	Number of edges: 1234877
	Maximum in degree: 420 (node 14949)
	Maximum out degree: 5 (node 0)
	source 0 (node 0) with out degree 5
	target 15486 (node 14949) with in degree 420

Execution time and memory used at after iteration 64 (MF = 0.336471): 3.771681e+04 seconds, 1241391104 bytes of memory usage, 1719848 kB of memory peak and 10:28:40 elapsed time
Statistics on the network after iteration 64 (MF = 0.336471)
	Number of nodes: 262111
	Number of allocated nodes: 262144
	Number of edges: 1234877
	Maximum in degree: 420 (node 14949)
	Maximum out degree: 5 (node 0)
	source 0 (node 0) with out degree 5
	target 15486 (node 14949) with in degree 420

Execution time and memory used at after iteration 65 (MF = 0.336471): 3.821510e+04 seconds, 1241391104 bytes of memory usage, 1719848 kB of memory peak and 10:36:59 elapsed time
Statistics on the network after iteration 65 (MF = 0.336471)
	Number of nodes: 262111
	Number of allocated nodes: 262144
	Number of edges: 1234877
	Maximum in degree: 420 (node 14949)
	Maximum out degree: 5 (node 0)
	source 0 (node 0) with out degree 5
	target 15486 (node 14949) with in degree 420

Execution time and memory used at after iteration 66 (MF = 0.336471): 3.871302e+04 seconds, 1241391104 bytes of memory usage, 1719856 kB of memory peak and 10:45:17 elapsed time
Statistics on the network after iteration 66 (MF = 0.336471)
	Number of nodes: 262111
	Number of allocated nodes: 262144
	Number of edges: 1234877
	Maximum in degree: 420 (node 14949)
	Maximum out degree: 5 (node 0)
	source 0 (node 0) with out degree 5
	target 15486 (node 14949) with in degree 420

Execution time and memory used at after iteration 67 (MF = 0.336471): 3.929001e+04 seconds, 1241391104 bytes of memory usage, 1719856 kB of memory peak and 10:54:54 elapsed time
Statistics on the network after iteration 67 (MF = 0.336471)
	Number of nodes: 262111
	Number of allocated nodes: 262144
	Number of edges: 1234877
	Maximum in degree: 420 (node 14949)
	Maximum out degree: 5 (node 0)
	source 0 (node 0) with out degree 5
	target 15486 (node 14949) with in degree 420

Execution time and memory used at after iteration 68 (MF = 0.336471): 3.979621e+04 seconds, 1241391104 bytes of memory usage, 1719880 kB of memory peak and 11:03:20 elapsed time
Statistics on the network after iteration 68 (MF = 0.336471)
	Number of nodes: 262111
	Number of allocated nodes: 262144
	Number of edges: 1234877
	Maximum in degree: 420 (node 14949)
	Maximum out degree: 5 (node 0)
	source 0 (node 0) with out degree 5
	target 15486 (node 14949) with in degree 420

Execution time and memory used at after iteration 69 (MF = 0.336471): 4.031971e+04 seconds, 1241391104 bytes of memory usage, 1719924 kB of memory peak and 11:12:03 elapsed time
Statistics on the network after iteration 69 (MF = 0.336471)
	Number of nodes: 262111
	Number of allocated nodes: 262144
	Number of edges: 1234877
	Maximum in degree: 420 (node 14949)
	Maximum out degree: 5 (node 0)
	source 0 (node 0) with out degree 5
	target 15486 (node 14949) with in degree 420

Execution time and memory used at after iteration 70 (MF = 0.336471): 4.093733e+04 seconds, 1241391104 bytes of memory usage, 1719924 kB of memory peak and 11:22:21 elapsed time
Statistics on the network after iteration 70 (MF = 0.336471)
	Number of nodes: 262111
	Number of allocated nodes: 262144
	Number of edges: 1234877
	Maximum in degree: 420 (node 14949)
	Maximum out degree: 5 (node 0)
	source 0 (node 0) with out degree 5
	target 15486 (node 14949) with in degree 420

Execution time and memory used at after iteration 71 (MF = 0.336471): 4.146052e+04 seconds, 1241391104 bytes of memory usage, 1719932 kB of memory peak and 11:31:04 elapsed time
Statistics on the network after iteration 71 (MF = 0.336471)
	Number of nodes: 262111
	Number of allocated nodes: 262144
	Number of edges: 1234877
	Maximum in degree: 420 (node 14949)
	Maximum out degree: 5 (node 0)
	source 0 (node 0) with out degree 5
	target 15486 (node 14949) with in degree 420

Execution time and memory used at after iteration 72 (MF = 0.336471): 4.207357e+04 seconds, 1241391104 bytes of memory usage, 1719940 kB of memory peak and 11:41:17 elapsed time
Statistics on the network after iteration 72 (MF = 0.336471)
	Number of nodes: 262111
	Number of allocated nodes: 262144
	Number of edges: 1234877
	Maximum in degree: 420 (node 14949)
	Maximum out degree: 5 (node 0)
	source 0 (node 0) with out degree 5
	target 15486 (node 14949) with in degree 420

Execution time and memory used at after iteration 73 (MF = 0.336471): 4.269120e+04 seconds, 1241391104 bytes of memory usage, 1719964 kB of memory peak and 11:51:35 elapsed time
Statistics on the network after iteration 73 (MF = 0.336471)
	Number of nodes: 262111
	Number of allocated nodes: 262144
	Number of edges: 1234877
	Maximum in degree: 420 (node 14949)
	Maximum out degree: 5 (node 0)
	source 0 (node 0) with out degree 5
	target 15486 (node 14949) with in degree 420

Execution time and memory used at after iteration 74 (MF = 0.303529): 4.315089e+04 seconds, 1241391104 bytes of memory usage, 1719964 kB of memory peak and 11:59:15 elapsed time
Statistics on the network after iteration 74 (MF = 0.303529)
	Number of nodes: 262111
	Number of allocated nodes: 262144
	Number of edges: 1234877
	Maximum in degree: 420 (node 14949)
	Maximum out degree: 5 (node 0)
	source 0 (node 0) with out degree 5
	target 15486 (node 14949) with in degree 420

Execution time and memory used at after iteration 75 (MF = 0.336471): 4.358246e+04 seconds, 1241391104 bytes of memory usage, 1719964 kB of memory peak and 12:06:26 elapsed time
Statistics on the network after iteration 75 (MF = 0.336471)
	Number of nodes: 262111
	Number of allocated nodes: 262144
	Number of edges: 1234877
	Maximum in degree: 420 (node 14949)
	Maximum out degree: 5 (node 0)
	source 0 (node 0) with out degree 5
	target 15486 (node 14949) with in degree 420

Execution time and memory used at after iteration 76 (MF = 0.336471): 4.407693e+04 seconds, 1241391104 bytes of memory usage, 1719964 kB of memory peak and 12:14:41 elapsed time
Statistics on the network after iteration 76 (MF = 0.336471)
	Number of nodes: 262111
	Number of allocated nodes: 262144
	Number of edges: 1234877
	Maximum in degree: 420 (node 14949)
	Maximum out degree: 5 (node 0)
	source 0 (node 0) with out degree 5
	target 15486 (node 14949) with in degree 420

Execution time and memory used at after iteration 77 (MF = 0.336471): 4.458048e+04 seconds, 1241391104 bytes of memory usage, 1719964 kB of memory peak and 12:23:05 elapsed time
Statistics on the network after iteration 77 (MF = 0.336471)
	Number of nodes: 262111
	Number of allocated nodes: 262144
	Number of edges: 1234877
	Maximum in degree: 420 (node 14949)
	Maximum out degree: 5 (node 0)
	source 0 (node 0) with out degree 5
	target 15486 (node 14949) with in degree 420

Execution time and memory used at after iteration 78 (MF = 0.336471): 4.506500e+04 seconds, 1241391104 bytes of memory usage, 1719964 kB of memory peak and 12:31:09 elapsed time
Statistics on the network after iteration 78 (MF = 0.336471)
	Number of nodes: 262111
	Number of allocated nodes: 262144
	Number of edges: 1234877
	Maximum in degree: 420 (node 14949)
	Maximum out degree: 5 (node 0)
	source 0 (node 0) with out degree 5
	target 15486 (node 14949) with in degree 420

Execution time and memory used at after iteration 79 (MF = 0.336471): 4.555345e+04 seconds, 1241391104 bytes of memory usage, 1719964 kB of memory peak and 12:39:18 elapsed time
Statistics on the network after iteration 79 (MF = 0.336471)
	Number of nodes: 262111
	Number of allocated nodes: 262144
	Number of edges: 1234877
	Maximum in degree: 420 (node 14949)
	Maximum out degree: 5 (node 0)
	source 0 (node 0) with out degree 5
	target 15486 (node 14949) with in degree 420

Execution time and memory used at after iteration 80 (MF = 0.336471): 4.604209e+04 seconds, 1241391104 bytes of memory usage, 1719968 kB of memory peak and 12:47:26 elapsed time
Statistics on the network after iteration 80 (MF = 0.336471)
	Number of nodes: 262111
	Number of allocated nodes: 262144
	Number of edges: 1234877
	Maximum in degree: 420 (node 14949)
	Maximum out degree: 5 (node 0)
	source 0 (node 0) with out degree 5
	target 15486 (node 14949) with in degree 420

Execution time and memory used at after iteration 81 (MF = 0.336471): 4.650511e+04 seconds, 1241391104 bytes of memory usage, 1719988 kB of memory peak and 12:55:09 elapsed time
Statistics on the network after iteration 81 (MF = 0.336471)
	Number of nodes: 262111
	Number of allocated nodes: 262144
	Number of edges: 1234877
	Maximum in degree: 420 (node 14949)
	Maximum out degree: 5 (node 0)
	source 0 (node 0) with out degree 5
	target 15486 (node 14949) with in degree 420

Execution time and memory used at after iteration 82 (MF = 0.336471): 4.700753e+04 seconds, 1241391104 bytes of memory usage, 1719988 kB of memory peak and 13:03:32 elapsed time
Statistics on the network after iteration 82 (MF = 0.336471)
	Number of nodes: 262111
	Number of allocated nodes: 262144
	Number of edges: 1234877
	Maximum in degree: 420 (node 14949)
	Maximum out degree: 5 (node 0)
	source 0 (node 0) with out degree 5
	target 15486 (node 14949) with in degree 420

Execution time and memory used at after iteration 83 (MF = 0.336471): 4.751502e+04 seconds, 1241391104 bytes of memory usage, 1719988 kB of memory peak and 13:11:59 elapsed time
Statistics on the network after iteration 83 (MF = 0.336471)
	Number of nodes: 262111
	Number of allocated nodes: 262144
	Number of edges: 1234877
	Maximum in degree: 420 (node 14949)
	Maximum out degree: 5 (node 0)
	source 0 (node 0) with out degree 5
	target 15486 (node 14949) with in degree 420

Execution time and memory used at after iteration 84 (MF = 0.336471): 4.801765e+04 seconds, 1241391104 bytes of memory usage, 1719988 kB of memory peak and 13:20:22 elapsed time
Statistics on the network after iteration 84 (MF = 0.336471)
	Number of nodes: 262111
	Number of allocated nodes: 262144
	Number of edges: 1234877
	Maximum in degree: 420 (node 14949)
	Maximum out degree: 5 (node 0)
	source 0 (node 0) with out degree 5
	target 15486 (node 14949) with in degree 420

Execution time and memory used at after iteration 85 (MF = 0.336471): 4.847553e+04 seconds, 1241391104 bytes of memory usage, 1720048 kB of memory peak and 13:28:00 elapsed time
Statistics on the network after iteration 85 (MF = 0.336471)
	Number of nodes: 262111
	Number of allocated nodes: 262144
	Number of edges: 1234877
	Maximum in degree: 420 (node 14949)
	Maximum out degree: 5 (node 0)
	source 0 (node 0) with out degree 5
	target 15486 (node 14949) with in degree 420

Execution time and memory used at after iteration 86 (MF = 0.336471): 4.894897e+04 seconds, 1241391104 bytes of memory usage, 1720084 kB of memory peak and 13:35:54 elapsed time
Statistics on the network after iteration 86 (MF = 0.336471)
	Number of nodes: 262111
	Number of allocated nodes: 262144
	Number of edges: 1234877
	Maximum in degree: 420 (node 14949)
	Maximum out degree: 5 (node 0)
	source 0 (node 0) with out degree 5
	target 15486 (node 14949) with in degree 420

Execution time and memory used at after iteration 87 (MF = 0.336471): 4.943508e+04 seconds, 1241391104 bytes of memory usage, 1720084 kB of memory peak and 13:44:00 elapsed time
Statistics on the network after iteration 87 (MF = 0.336471)
	Number of nodes: 262111
	Number of allocated nodes: 262144
	Number of edges: 1234877
	Maximum in degree: 420 (node 14949)
	Maximum out degree: 5 (node 0)
	source 0 (node 0) with out degree 5
	target 15486 (node 14949) with in degree 420

Execution time and memory used at after iteration 88 (MF = 0.336471): 4.994046e+04 seconds, 1241391104 bytes of memory usage, 1720084 kB of memory peak and 13:52:25 elapsed time
Statistics on the network after iteration 88 (MF = 0.336471)
	Number of nodes: 262111
	Number of allocated nodes: 262144
	Number of edges: 1234877
	Maximum in degree: 420 (node 14949)
	Maximum out degree: 5 (node 0)
	source 0 (node 0) with out degree 5
	target 15486 (node 14949) with in degree 420

Execution time and memory used at after iteration 89 (MF = 0.336471): 5.042224e+04 seconds, 1241391104 bytes of memory usage, 1720084 kB of memory peak and 14:00:27 elapsed time
Statistics on the network after iteration 89 (MF = 0.336471)
	Number of nodes: 262111
	Number of allocated nodes: 262144
	Number of edges: 1234877
	Maximum in degree: 420 (node 14949)
	Maximum out degree: 5 (node 0)
	source 0 (node 0) with out degree 5
	target 15486 (node 14949) with in degree 420

Execution time and memory used at after iteration 90 (MF = 0.336471): 5.089751e+04 seconds, 1241391104 bytes of memory usage, 1720104 kB of memory peak and 14:08:22 elapsed time
Statistics on the network after iteration 90 (MF = 0.336471)
	Number of nodes: 262111
	Number of allocated nodes: 262144
	Number of edges: 1234877
	Maximum in degree: 420 (node 14949)
	Maximum out degree: 5 (node 0)
	source 0 (node 0) with out degree 5
	target 15486 (node 14949) with in degree 420

Execution time and memory used at after iteration 91 (MF = 0.336471): 5.138104e+04 seconds, 1241391104 bytes of memory usage, 1720120 kB of memory peak and 14:16:26 elapsed time
Statistics on the network after iteration 91 (MF = 0.336471)
	Number of nodes: 262111
	Number of allocated nodes: 262144
	Number of edges: 1234877
	Maximum in degree: 420 (node 14949)
	Maximum out degree: 5 (node 0)
	source 0 (node 0) with out degree 5
	target 15486 (node 14949) with in degree 420

Execution time and memory used at after iteration 92 (MF = 0.303529): 5.184026e+04 seconds, 1241391104 bytes of memory usage, 1720140 kB of memory peak and 14:24:05 elapsed time
Statistics on the network after iteration 92 (MF = 0.303529)
	Number of nodes: 262111
	Number of allocated nodes: 262144
	Number of edges: 1234877
	Maximum in degree: 420 (node 14949)
	Maximum out degree: 5 (node 0)
	source 0 (node 0) with out degree 5
	target 15486 (node 14949) with in degree 420

Execution time and memory used at after iteration 93 (MF = 0.336471): 5.226194e+04 seconds, 1241391104 bytes of memory usage, 1720236 kB of memory peak and 14:31:07 elapsed time
Statistics on the network after iteration 93 (MF = 0.336471)
	Number of nodes: 262111
	Number of allocated nodes: 262144
	Number of edges: 1234877
	Maximum in degree: 420 (node 14949)
	Maximum out degree: 5 (node 0)
	source 0 (node 0) with out degree 5
	target 15486 (node 14949) with in degree 420

Execution time and memory used at after iteration 94 (MF = 0.336471): 5.275172e+04 seconds, 1241391104 bytes of memory usage, 1720236 kB of memory peak and 14:39:17 elapsed time
Statistics on the network after iteration 94 (MF = 0.336471)
	Number of nodes: 262111
	Number of allocated nodes: 262144
	Number of edges: 1234877
	Maximum in degree: 420 (node 14949)
	Maximum out degree: 5 (node 0)
	source 0 (node 0) with out degree 5
	target 15486 (node 14949) with in degree 420

Execution time and memory used at after iteration 95 (MF = 0.336471): 5.325388e+04 seconds, 1241391104 bytes of memory usage, 1724936 kB of memory peak and 14:47:39 elapsed time
Statistics on the network after iteration 95 (MF = 0.336471)
	Number of nodes: 262111
	Number of allocated nodes: 262144
	Number of edges: 1234877
	Maximum in degree: 420 (node 14949)
	Maximum out degree: 5 (node 0)
	source 0 (node 0) with out degree 5
	target 15486 (node 14949) with in degree 420

Execution time and memory used at after iteration 96 (MF = 0.336471): 5.373694e+04 seconds, 1241391104 bytes of memory usage, 1730720 kB of memory peak and 14:55:42 elapsed time
Statistics on the network after iteration 96 (MF = 0.336471)
	Number of nodes: 262111
	Number of allocated nodes: 262144
	Number of edges: 1234877
	Maximum in degree: 420 (node 14949)
	Maximum out degree: 5 (node 0)
	source 0 (node 0) with out degree 5
	target 15486 (node 14949) with in degree 420

Execution time and memory used at after iteration 97 (MF = 0.336471): 5.422313e+04 seconds, 1241391104 bytes of memory usage, 1730720 kB of memory peak and 15:03:48 elapsed time
Statistics on the network after iteration 97 (MF = 0.336471)
	Number of nodes: 262111
	Number of allocated nodes: 262144
	Number of edges: 1234877
	Maximum in degree: 420 (node 14949)
	Maximum out degree: 5 (node 0)
	source 0 (node 0) with out degree 5
	target 15486 (node 14949) with in degree 420

Execution time and memory used at after iteration 98 (MF = 0.336471): 5.470903e+04 seconds, 1241391104 bytes of memory usage, 1735516 kB of memory peak and 15:11:54 elapsed time
Statistics on the network after iteration 98 (MF = 0.336471)
	Number of nodes: 262111
	Number of allocated nodes: 262144
	Number of edges: 1234877
	Maximum in degree: 420 (node 14949)
	Maximum out degree: 5 (node 0)
	source 0 (node 0) with out degree 5
	target 15486 (node 14949) with in degree 420

Execution time and memory used at after iteration 99 (MF = 0.336471): 5.516869e+04 seconds, 1241391104 bytes of memory usage, 1735544 kB of memory peak and 15:19:34 elapsed time
Statistics on the network after iteration 99 (MF = 0.336471)
	Number of nodes: 262111
	Number of allocated nodes: 262144
	Number of edges: 1234877
	Maximum in degree: 420 (node 14949)
	Maximum out degree: 5 (node 0)
	source 0 (node 0) with out degree 5
	target 15486 (node 14949) with in degree 420

Execution time and memory used at after iteration 100 (MF = 0.336471): 5.567282e+04 seconds, 1241391104 bytes of memory usage, 1735544 kB of memory peak and 15:27:58 elapsed time
Statistics on the network after iteration 100 (MF = 0.336471)
	Number of nodes: 262111
	Number of allocated nodes: 262144
	Number of edges: 1234877
	Maximum in degree: 420 (node 14949)
	Maximum out degree: 5 (node 0)
	source 0 (node 0) with out degree 5
	target 15486 (node 14949) with in degree 420

Execution time and memory used at after iteration 101 (MF = 0.336471): 5.618030e+04 seconds, 1241391104 bytes of memory usage, 1735544 kB of memory peak and 15:36:26 elapsed time
Statistics on the network after iteration 101 (MF = 0.336471)
	Number of nodes: 262111
	Number of allocated nodes: 262144
	Number of edges: 1234877
	Maximum in degree: 420 (node 14949)
	Maximum out degree: 5 (node 0)
	source 0 (node 0) with out degree 5
	target 15486 (node 14949) with in degree 420

Execution time and memory used at after iteration 102 (MF = 0.336471): 5.668423e+04 seconds, 1241391104 bytes of memory usage, 1735544 kB of memory peak and 15:44:50 elapsed time
Statistics on the network after iteration 102 (MF = 0.336471)
	Number of nodes: 262111
	Number of allocated nodes: 262144
	Number of edges: 1234877
	Maximum in degree: 420 (node 14949)
	Maximum out degree: 5 (node 0)
	source 0 (node 0) with out degree 5
	target 15486 (node 14949) with in degree 420

Execution time and memory used at after iteration 103 (MF = 0.336471): 5.713819e+04 seconds, 1241391104 bytes of memory usage, 1735544 kB of memory peak and 15:52:24 elapsed time
Statistics on the network after iteration 103 (MF = 0.336471)
	Number of nodes: 262111
	Number of allocated nodes: 262144
	Number of edges: 1234877
	Maximum in degree: 420 (node 14949)
	Maximum out degree: 5 (node 0)
	source 0 (node 0) with out degree 5
	target 15486 (node 14949) with in degree 420

Execution time and memory used at after iteration 104 (MF = 0.336471): 5.761385e+04 seconds, 1241391104 bytes of memory usage, 1735544 kB of memory peak and 16:00:20 elapsed time
Statistics on the network after iteration 104 (MF = 0.336471)
	Number of nodes: 262111
	Number of allocated nodes: 262144
	Number of edges: 1234877
	Maximum in degree: 420 (node 14949)
	Maximum out degree: 5 (node 0)
	source 0 (node 0) with out degree 5
	target 15486 (node 14949) with in degree 420

Execution time and memory used at after iteration 105 (MF = 0.336471): 5.809918e+04 seconds, 1241391104 bytes of memory usage, 1735544 kB of memory peak and 16:08:25 elapsed time
Statistics on the network after iteration 105 (MF = 0.336471)
	Number of nodes: 262111
	Number of allocated nodes: 262144
	Number of edges: 1234877
	Maximum in degree: 420 (node 14949)
	Maximum out degree: 5 (node 0)
	source 0 (node 0) with out degree 5
	target 15486 (node 14949) with in degree 420

Execution time and memory used at after iteration 106 (MF = 0.336471): 5.860243e+04 seconds, 1241391104 bytes of memory usage, 1735544 kB of memory peak and 16:16:48 elapsed time
Statistics on the network after iteration 106 (MF = 0.336471)
	Number of nodes: 262111
	Number of allocated nodes: 262144
	Number of edges: 1234877
	Maximum in degree: 420 (node 14949)
	Maximum out degree: 5 (node 0)
	source 0 (node 0) with out degree 5
	target 15486 (node 14949) with in degree 420

Execution time and memory used at after iteration 107 (MF = 0.336471): 5.907957e+04 seconds, 1241391104 bytes of memory usage, 1735544 kB of memory peak and 16:24:45 elapsed time
Statistics on the network after iteration 107 (MF = 0.336471)
	Number of nodes: 262111
	Number of allocated nodes: 262144
	Number of edges: 1234877
	Maximum in degree: 420 (node 14949)
	Maximum out degree: 5 (node 0)
	source 0 (node 0) with out degree 5
	target 15486 (node 14949) with in degree 420

Execution time and memory used at after iteration 108 (MF = 0.336471): 5.955901e+04 seconds, 1241391104 bytes of memory usage, 1735544 kB of memory peak and 16:32:45 elapsed time
Statistics on the network after iteration 108 (MF = 0.336471)
	Number of nodes: 262111
	Number of allocated nodes: 262144
	Number of edges: 1234877
	Maximum in degree: 420 (node 14949)
	Maximum out degree: 5 (node 0)
	source 0 (node 0) with out degree 5
	target 15486 (node 14949) with in degree 420

Execution time and memory used at after iteration 109 (MF = 0.336471): 6.003923e+04 seconds, 1241391104 bytes of memory usage, 1735544 kB of memory peak and 16:40:45 elapsed time
Statistics on the network after iteration 109 (MF = 0.336471)
	Number of nodes: 262111
	Number of allocated nodes: 262144
	Number of edges: 1234877
	Maximum in degree: 420 (node 14949)
	Maximum out degree: 5 (node 0)
	source 0 (node 0) with out degree 5
	target 15486 (node 14949) with in degree 420

Execution time and memory used at after iteration 110 (MF = 0.303529): 6.049418e+04 seconds, 1241391104 bytes of memory usage, 1735544 kB of memory peak and 16:48:20 elapsed time
Statistics on the network after iteration 110 (MF = 0.303529)
	Number of nodes: 262111
	Number of allocated nodes: 262144
	Number of edges: 1234877
	Maximum in degree: 420 (node 14949)
	Maximum out degree: 5 (node 0)
	source 0 (node 0) with out degree 5
	target 15486 (node 14949) with in degree 420

Execution time and memory used at after iteration 111 (MF = 0.336471): 6.091519e+04 seconds, 1241391104 bytes of memory usage, 1735832 kB of memory peak and 16:55:21 elapsed time
Statistics on the network after iteration 111 (MF = 0.336471)
	Number of nodes: 262111
	Number of allocated nodes: 262144
	Number of edges: 1234877
	Maximum in degree: 420 (node 14949)
	Maximum out degree: 5 (node 0)
	source 0 (node 0) with out degree 5
	target 15486 (node 14949) with in degree 420

Execution time and memory used at after iteration 112 (MF = 0.336471): 6.141004e+04 seconds, 1241391104 bytes of memory usage, 1735832 kB of memory peak and 17:03:36 elapsed time
Statistics on the network after iteration 112 (MF = 0.336471)
	Number of nodes: 262111
	Number of allocated nodes: 262144
	Number of edges: 1234877
	Maximum in degree: 420 (node 14949)
	Maximum out degree: 5 (node 0)
	source 0 (node 0) with out degree 5
	target 15486 (node 14949) with in degree 420

Execution time and memory used at after iteration 113 (MF = 0.336471): 6.191318e+04 seconds, 1241391104 bytes of memory usage, 1735832 kB of memory peak and 17:11:59 elapsed time
Statistics on the network after iteration 113 (MF = 0.336471)
	Number of nodes: 262111
	Number of allocated nodes: 262144
	Number of edges: 1234877
	Maximum in degree: 420 (node 14949)
	Maximum out degree: 5 (node 0)
	source 0 (node 0) with out degree 5
	target 15486 (node 14949) with in degree 420

Execution time and memory used at after iteration 114 (MF = 0.336471): 6.239927e+04 seconds, 1241391104 bytes of memory usage, 1735832 kB of memory peak and 17:20:05 elapsed time
Statistics on the network after iteration 114 (MF = 0.336471)
	Number of nodes: 262111
	Number of allocated nodes: 262144
	Number of edges: 1234877
	Maximum in degree: 420 (node 14949)
	Maximum out degree: 5 (node 0)
	source 0 (node 0) with out degree 5
	target 15486 (node 14949) with in degree 420

Execution time and memory used at after iteration 115 (MF = 0.336471): 6.288831e+04 seconds, 1241391104 bytes of memory usage, 1735832 kB of memory peak and 17:28:15 elapsed time
Statistics on the network after iteration 115 (MF = 0.336471)
	Number of nodes: 262111
	Number of allocated nodes: 262144
	Number of edges: 1234877
	Maximum in degree: 420 (node 14949)
	Maximum out degree: 5 (node 0)
	source 0 (node 0) with out degree 5
	target 15486 (node 14949) with in degree 420

Execution time and memory used at after iteration 116 (MF = 0.336471): 6.337706e+04 seconds, 1241391104 bytes of memory usage, 1735832 kB of memory peak and 17:36:23 elapsed time
Statistics on the network after iteration 116 (MF = 0.336471)
	Number of nodes: 262111
	Number of allocated nodes: 262144
	Number of edges: 1234877
	Maximum in degree: 420 (node 14949)
	Maximum out degree: 5 (node 0)
	source 0 (node 0) with out degree 5
	target 15486 (node 14949) with in degree 420

Execution time and memory used at after iteration 117 (MF = 0.336471): 6.383357e+04 seconds, 1241391104 bytes of memory usage, 1735832 kB of memory peak and 17:44:00 elapsed time
Statistics on the network after iteration 117 (MF = 0.336471)
	Number of nodes: 262111
	Number of allocated nodes: 262144
	Number of edges: 1234877
	Maximum in degree: 420 (node 14949)
	Maximum out degree: 5 (node 0)
	source 0 (node 0) with out degree 5
	target 15486 (node 14949) with in degree 420

Execution time and memory used at after iteration 118 (MF = 0.336471): 6.433369e+04 seconds, 1241391104 bytes of memory usage, 1735832 kB of memory peak and 17:52:20 elapsed time
Statistics on the network after iteration 118 (MF = 0.336471)
	Number of nodes: 262111
	Number of allocated nodes: 262144
	Number of edges: 1234877
	Maximum in degree: 420 (node 14949)
	Maximum out degree: 5 (node 0)
	source 0 (node 0) with out degree 5
	target 15486 (node 14949) with in degree 420

Execution time and memory used at after iteration 119 (MF = 0.336471): 6.483566e+04 seconds, 1241391104 bytes of memory usage, 1735832 kB of memory peak and 18:00:42 elapsed time
Statistics on the network after iteration 119 (MF = 0.336471)
	Number of nodes: 262111
	Number of allocated nodes: 262144
	Number of edges: 1234877
	Maximum in degree: 420 (node 14949)
	Maximum out degree: 5 (node 0)
	source 0 (node 0) with out degree 5
	target 15486 (node 14949) with in degree 420

Execution time and memory used at after iteration 120 (MF = 0.336471): 6.533770e+04 seconds, 1241391104 bytes of memory usage, 1735832 kB of memory peak and 18:09:04 elapsed time
Statistics on the network after iteration 120 (MF = 0.336471)
	Number of nodes: 262111
	Number of allocated nodes: 262144
	Number of edges: 1234877
	Maximum in degree: 420 (node 14949)
	Maximum out degree: 5 (node 0)
	source 0 (node 0) with out degree 5
	target 15486 (node 14949) with in degree 420

Execution time and memory used at after iteration 121 (MF = 0.336471): 6.579088e+04 seconds, 1241391104 bytes of memory usage, 1735832 kB of memory peak and 18:16:37 elapsed time
Statistics on the network after iteration 121 (MF = 0.336471)
	Number of nodes: 262111
	Number of allocated nodes: 262144
	Number of edges: 1234877
	Maximum in degree: 420 (node 14949)
	Maximum out degree: 5 (node 0)
	source 0 (node 0) with out degree 5
	target 15486 (node 14949) with in degree 420

Execution time and memory used at after iteration 122 (MF = 0.336471): 6.626318e+04 seconds, 1241391104 bytes of memory usage, 1735832 kB of memory peak and 18:24:30 elapsed time
Statistics on the network after iteration 122 (MF = 0.336471)
	Number of nodes: 262111
	Number of allocated nodes: 262144
	Number of edges: 1234877
	Maximum in degree: 420 (node 14949)
	Maximum out degree: 5 (node 0)
	source 0 (node 0) with out degree 5
	target 15486 (node 14949) with in degree 420

Execution time and memory used at after iteration 123 (MF = 0.336471): 6.674462e+04 seconds, 1241391104 bytes of memory usage, 1735832 kB of memory peak and 18:32:31 elapsed time
Statistics on the network after iteration 123 (MF = 0.336471)
	Number of nodes: 262111
	Number of allocated nodes: 262144
	Number of edges: 1234877
	Maximum in degree: 420 (node 14949)
	Maximum out degree: 5 (node 0)
	source 0 (node 0) with out degree 5
	target 15486 (node 14949) with in degree 420

Execution time and memory used at after iteration 124 (MF = 0.336471): 6.724868e+04 seconds, 1241391104 bytes of memory usage, 1735832 kB of memory peak and 18:40:55 elapsed time
Statistics on the network after iteration 124 (MF = 0.336471)
	Number of nodes: 262111
	Number of allocated nodes: 262144
	Number of edges: 1234877
	Maximum in degree: 420 (node 14949)
	Maximum out degree: 5 (node 0)
	source 0 (node 0) with out degree 5
	target 15486 (node 14949) with in degree 420

Execution time and memory used at after iteration 125 (MF = 0.336471): 6.772646e+04 seconds, 1241391104 bytes of memory usage, 1735832 kB of memory peak and 18:48:53 elapsed time
Statistics on the network after iteration 125 (MF = 0.336471)
	Number of nodes: 262111
	Number of allocated nodes: 262144
	Number of edges: 1234877
	Maximum in degree: 420 (node 14949)
	Maximum out degree: 5 (node 0)
	source 0 (node 0) with out degree 5
	target 15486 (node 14949) with in degree 420

Execution time and memory used at after iteration 126 (MF = 0.336471): 6.820305e+04 seconds, 1241391104 bytes of memory usage, 1735832 kB of memory peak and 18:56:50 elapsed time
Statistics on the network after iteration 126 (MF = 0.336471)
	Number of nodes: 262111
	Number of allocated nodes: 262144
	Number of edges: 1234877
	Maximum in degree: 420 (node 14949)
	Maximum out degree: 5 (node 0)
	source 0 (node 0) with out degree 5
	target 15486 (node 14949) with in degree 420

Execution time and memory used at after iteration 127 (MF = 0.336471): 6.868248e+04 seconds, 1241391104 bytes of memory usage, 1735832 kB of memory peak and 19:04:49 elapsed time
Statistics on the network after iteration 127 (MF = 0.336471)
	Number of nodes: 262111
	Number of allocated nodes: 262144
	Number of edges: 1234877
	Maximum in degree: 420 (node 14949)
	Maximum out degree: 5 (node 0)
	source 0 (node 0) with out degree 5
	target 15486 (node 14949) with in degree 420

Execution time and memory used at after iteration 128 (MF = 0.303529): 6.913690e+04 seconds, 1241391104 bytes of memory usage, 1735832 kB of memory peak and 19:12:24 elapsed time
Statistics on the network after iteration 128 (MF = 0.303529)
	Number of nodes: 262111
	Number of allocated nodes: 262144
	Number of edges: 1234877
	Maximum in degree: 420 (node 14949)
	Maximum out degree: 5 (node 0)
	source 0 (node 0) with out degree 5
	target 15486 (node 14949) with in degree 420

Execution time and memory used at after iteration 129 (MF = 0.336471): 6.955767e+04 seconds, 1241391104 bytes of memory usage, 1735832 kB of memory peak and 19:19:24 elapsed time
Statistics on the network after iteration 129 (MF = 0.336471)
	Number of nodes: 262111
	Number of allocated nodes: 262144
	Number of edges: 1234877
	Maximum in degree: 420 (node 14949)
	Maximum out degree: 5 (node 0)
	source 0 (node 0) with out degree 5
	target 15486 (node 14949) with in degree 420

Execution time and memory used at after iteration 130 (MF = 0.336471): 7.004723e+04 seconds, 1241391104 bytes of memory usage, 1735832 kB of memory peak and 19:27:34 elapsed time
Statistics on the network after iteration 130 (MF = 0.336471)
	Number of nodes: 262111
	Number of allocated nodes: 262144
	Number of edges: 1234877
	Maximum in degree: 420 (node 14949)
	Maximum out degree: 5 (node 0)
	source 0 (node 0) with out degree 5
	target 15486 (node 14949) with in degree 420

Execution time and memory used at after iteration 131 (MF = 0.336471): 7.054574e+04 seconds, 1241391104 bytes of memory usage, 1735832 kB of memory peak and 19:35:52 elapsed time
Statistics on the network after iteration 131 (MF = 0.336471)
	Number of nodes: 262111
	Number of allocated nodes: 262144
	Number of edges: 1234877
	Maximum in degree: 420 (node 14949)
	Maximum out degree: 5 (node 0)
	source 0 (node 0) with out degree 5
	target 15486 (node 14949) with in degree 420

Execution time and memory used at after iteration 132 (MF = 0.336471): 7.102588e+04 seconds, 1241391104 bytes of memory usage, 1735832 kB of memory peak and 19:43:53 elapsed time
Statistics on the network after iteration 132 (MF = 0.336471)
	Number of nodes: 262111
	Number of allocated nodes: 262144
	Number of edges: 1234877
	Maximum in degree: 420 (node 14949)
	Maximum out degree: 5 (node 0)
	source 0 (node 0) with out degree 5
	target 15486 (node 14949) with in degree 420

Execution time and memory used at after iteration 133 (MF = 0.336471): 7.150911e+04 seconds, 1241391104 bytes of memory usage, 1735832 kB of memory peak and 19:51:56 elapsed time
Statistics on the network after iteration 133 (MF = 0.336471)
	Number of nodes: 262111
	Number of allocated nodes: 262144
	Number of edges: 1234877
	Maximum in degree: 420 (node 14949)
	Maximum out degree: 5 (node 0)
	source 0 (node 0) with out degree 5
	target 15486 (node 14949) with in degree 420

Execution time and memory used at after iteration 134 (MF = 0.336471): 7.199206e+04 seconds, 1241391104 bytes of memory usage, 1735832 kB of memory peak and 19:59:59 elapsed time
Statistics on the network after iteration 134 (MF = 0.336471)
	Number of nodes: 262111
	Number of allocated nodes: 262144
	Number of edges: 1234877
	Maximum in degree: 420 (node 14949)
	Maximum out degree: 5 (node 0)
	source 0 (node 0) with out degree 5
	target 15486 (node 14949) with in degree 420

Execution time and memory used at after iteration 135 (MF = 0.336471): 7.244886e+04 seconds, 1241391104 bytes of memory usage, 1735832 kB of memory peak and 20:07:36 elapsed time
Statistics on the network after iteration 135 (MF = 0.336471)
	Number of nodes: 262111
	Number of allocated nodes: 262144
	Number of edges: 1234877
	Maximum in degree: 420 (node 14949)
	Maximum out degree: 5 (node 0)
	source 0 (node 0) with out degree 5
	target 15486 (node 14949) with in degree 420

Execution time and memory used at after iteration 136 (MF = 0.336471): 7.294966e+04 seconds, 1241391104 bytes of memory usage, 1735832 kB of memory peak and 20:15:57 elapsed time
Statistics on the network after iteration 136 (MF = 0.336471)
	Number of nodes: 262111
	Number of allocated nodes: 262144
	Number of edges: 1234877
	Maximum in degree: 420 (node 14949)
	Maximum out degree: 5 (node 0)
	source 0 (node 0) with out degree 5
	target 15486 (node 14949) with in degree 420

Execution time and memory used at after iteration 137 (MF = 0.336471): 7.345098e+04 seconds, 1241391104 bytes of memory usage, 1735832 kB of memory peak and 20:24:18 elapsed time
Statistics on the network after iteration 137 (MF = 0.336471)
	Number of nodes: 262111
	Number of allocated nodes: 262144
	Number of edges: 1234877
	Maximum in degree: 420 (node 14949)
	Maximum out degree: 5 (node 0)
	source 0 (node 0) with out degree 5
	target 15486 (node 14949) with in degree 420

Execution time and memory used at after iteration 138 (MF = 0.336471): 7.395269e+04 seconds, 1241391104 bytes of memory usage, 1735832 kB of memory peak and 20:32:40 elapsed time
Statistics on the network after iteration 138 (MF = 0.336471)
	Number of nodes: 262111
	Number of allocated nodes: 262144
	Number of edges: 1234877
	Maximum in degree: 420 (node 14949)
	Maximum out degree: 5 (node 0)
	source 0 (node 0) with out degree 5
	target 15486 (node 14949) with in degree 420

Execution time and memory used at after iteration 139 (MF = 0.336471): 7.440494e+04 seconds, 1241391104 bytes of memory usage, 1735832 kB of memory peak and 20:40:12 elapsed time
Statistics on the network after iteration 139 (MF = 0.336471)
	Number of nodes: 262111
	Number of allocated nodes: 262144
	Number of edges: 1234877
	Maximum in degree: 420 (node 14949)
	Maximum out degree: 5 (node 0)
	source 0 (node 0) with out degree 5
	target 15486 (node 14949) with in degree 420

Execution time and memory used at after iteration 140 (MF = 0.336471): 7.487712e+04 seconds, 1241391104 bytes of memory usage, 1735832 kB of memory peak and 20:48:04 elapsed time
Statistics on the network after iteration 140 (MF = 0.336471)
	Number of nodes: 262111
	Number of allocated nodes: 262144
	Number of edges: 1234877
	Maximum in degree: 420 (node 14949)
	Maximum out degree: 5 (node 0)
	source 0 (node 0) with out degree 5
	target 15486 (node 14949) with in degree 420

Execution time and memory used at after iteration 141 (MF = 0.336471): 7.535790e+04 seconds, 1241391104 bytes of memory usage, 1735832 kB of memory peak and 20:56:05 elapsed time
Statistics on the network after iteration 141 (MF = 0.336471)
	Number of nodes: 262111
	Number of allocated nodes: 262144
	Number of edges: 1234877
	Maximum in degree: 420 (node 14949)
	Maximum out degree: 5 (node 0)
	source 0 (node 0) with out degree 5
	target 15486 (node 14949) with in degree 420

Execution time and memory used at after iteration 142 (MF = 0.336471): 7.586103e+04 seconds, 1241391104 bytes of memory usage, 1735832 kB of memory peak and 21:04:28 elapsed time
Statistics on the network after iteration 142 (MF = 0.336471)
	Number of nodes: 262111
	Number of allocated nodes: 262144
	Number of edges: 1234877
	Maximum in degree: 420 (node 14949)
	Maximum out degree: 5 (node 0)
	source 0 (node 0) with out degree 5
	target 15486 (node 14949) with in degree 420

Execution time and memory used at after iteration 143 (MF = 0.336471): 7.633900e+04 seconds, 1241391104 bytes of memory usage, 1735832 kB of memory peak and 21:12:26 elapsed time
Statistics on the network after iteration 143 (MF = 0.336471)
	Number of nodes: 262111
	Number of allocated nodes: 262144
	Number of edges: 1234877
	Maximum in degree: 420 (node 14949)
	Maximum out degree: 5 (node 0)
	source 0 (node 0) with out degree 5
	target 15486 (node 14949) with in degree 420

Execution time and memory used at after iteration 144 (MF = 0.336471): 7.681801e+04 seconds, 1241391104 bytes of memory usage, 1735832 kB of memory peak and 21:20:25 elapsed time
Statistics on the network after iteration 144 (MF = 0.336471)
	Number of nodes: 262111
	Number of allocated nodes: 262144
	Number of edges: 1234877
	Maximum in degree: 420 (node 14949)
	Maximum out degree: 5 (node 0)
	source 0 (node 0) with out degree 5
	target 15486 (node 14949) with in degree 420

Execution time and memory used at after iteration 145 (MF = 0.336471): 7.729794e+04 seconds, 1241391104 bytes of memory usage, 1735832 kB of memory peak and 21:28:25 elapsed time
Statistics on the network after iteration 145 (MF = 0.336471)
	Number of nodes: 262111
	Number of allocated nodes: 262144
	Number of edges: 1234877
	Maximum in degree: 420 (node 14949)
	Maximum out degree: 5 (node 0)
	source 0 (node 0) with out degree 5
	target 15486 (node 14949) with in degree 420

Execution time and memory used at after iteration 146 (MF = 0.336471): 7.780041e+04 seconds, 1241391104 bytes of memory usage, 1735832 kB of memory peak and 21:36:48 elapsed time
Statistics on the network after iteration 146 (MF = 0.336471)
	Number of nodes: 262111
	Number of allocated nodes: 262144
	Number of edges: 1234877
	Maximum in degree: 420 (node 14949)
	Maximum out degree: 5 (node 0)
	source 0 (node 0) with out degree 5
	target 15486 (node 14949) with in degree 420

Execution time and memory used at after iteration 147 (MF = 0.336471): 7.830288e+04 seconds, 1241391104 bytes of memory usage, 1735832 kB of memory peak and 21:45:10 elapsed time
Statistics on the network after iteration 147 (MF = 0.336471)
	Number of nodes: 262111
	Number of allocated nodes: 262144
	Number of edges: 1234877
	Maximum in degree: 420 (node 14949)
	Maximum out degree: 5 (node 0)
	source 0 (node 0) with out degree 5
	target 15486 (node 14949) with in degree 420

Execution time and memory used at after iteration 148 (MF = 0.336471): 7.869642e+04 seconds, 1241391104 bytes of memory usage, 1735832 kB of memory peak and 21:51:44 elapsed time
Statistics on the network after iteration 148 (MF = 0.336471)
	Number of nodes: 262111
	Number of allocated nodes: 262144
	Number of edges: 1234877
	Maximum in degree: 420 (node 14949)
	Maximum out degree: 5 (node 0)
	source 0 (node 0) with out degree 5
	target 15486 (node 14949) with in degree 420

Execution time and memory used at after iteration 149 (MF = 0.336471): 7.918657e+04 seconds, 1241391104 bytes of memory usage, 1735832 kB of memory peak and 21:59:54 elapsed time
Statistics on the network after iteration 149 (MF = 0.336471)
	Number of nodes: 262111
	Number of allocated nodes: 262144
	Number of edges: 1234877
	Maximum in degree: 420 (node 14949)
	Maximum out degree: 5 (node 0)
	source 0 (node 0) with out degree 5
	target 15486 (node 14949) with in degree 420

Execution time and memory used at after iteration 150 (MF = 0.336471): 7.968485e+04 seconds, 1241391104 bytes of memory usage, 1735832 kB of memory peak and 22:08:12 elapsed time
Statistics on the network after iteration 150 (MF = 0.336471)
	Number of nodes: 262111
	Number of allocated nodes: 262144
	Number of edges: 1234877
	Maximum in degree: 420 (node 14949)
	Maximum out degree: 5 (node 0)
	source 0 (node 0) with out degree 5
	target 15486 (node 14949) with in degree 420

Execution time and memory used at after iteration 151 (MF = 0.336471): 8.016534e+04 seconds, 1241391104 bytes of memory usage, 1735832 kB of memory peak and 22:16:13 elapsed time
Statistics on the network after iteration 151 (MF = 0.336471)
	Number of nodes: 262111
	Number of allocated nodes: 262144
	Number of edges: 1234877
	Maximum in degree: 420 (node 14949)
	Maximum out degree: 5 (node 0)
	source 0 (node 0) with out degree 5
	target 15486 (node 14949) with in degree 420

Execution time and memory used at after iteration 152 (MF = 0.336471): 8.062286e+04 seconds, 1241391104 bytes of memory usage, 1735832 kB of memory peak and 22:23:50 elapsed time
Statistics on the network after iteration 152 (MF = 0.336471)
	Number of nodes: 262111
	Number of allocated nodes: 262144
	Number of edges: 1234877
	Maximum in degree: 420 (node 14949)
	Maximum out degree: 5 (node 0)
	source 0 (node 0) with out degree 5
	target 15486 (node 14949) with in degree 420

Execution time and memory used at after iteration 153 (MF = 0.336471): 8.107538e+04 seconds, 1241391104 bytes of memory usage, 1735832 kB of memory peak and 22:31:23 elapsed time
Statistics on the network after iteration 153 (MF = 0.336471)
	Number of nodes: 262111
	Number of allocated nodes: 262144
	Number of edges: 1234877
	Maximum in degree: 420 (node 14949)
	Maximum out degree: 5 (node 0)
	source 0 (node 0) with out degree 5
	target 15486 (node 14949) with in degree 420

Execution time and memory used at after iteration 154 (MF = 0.336471): 8.154771e+04 seconds, 1241391104 bytes of memory usage, 1735832 kB of memory peak and 22:39:15 elapsed time
Statistics on the network after iteration 154 (MF = 0.336471)
	Number of nodes: 262111
	Number of allocated nodes: 262144
	Number of edges: 1234877
	Maximum in degree: 420 (node 14949)
	Maximum out degree: 5 (node 0)
	source 0 (node 0) with out degree 5
	target 15486 (node 14949) with in degree 420

Execution time and memory used at after iteration 155 (MF = 0.336471): 8.202933e+04 seconds, 1241391104 bytes of memory usage, 1735832 kB of memory peak and 22:47:17 elapsed time
Statistics on the network after iteration 155 (MF = 0.336471)
	Number of nodes: 262111
	Number of allocated nodes: 262144
	Number of edges: 1234877
	Maximum in degree: 420 (node 14949)
	Maximum out degree: 5 (node 0)
	source 0 (node 0) with out degree 5
	target 15486 (node 14949) with in degree 420

Execution time and memory used at after iteration 156 (MF = 0.336471): 8.253334e+04 seconds, 1241391104 bytes of memory usage, 1735832 kB of memory peak and 22:55:41 elapsed time
Statistics on the network after iteration 156 (MF = 0.336471)
	Number of nodes: 262111
	Number of allocated nodes: 262144
	Number of edges: 1234877
	Maximum in degree: 420 (node 14949)
	Maximum out degree: 5 (node 0)
	source 0 (node 0) with out degree 5
	target 15486 (node 14949) with in degree 420

Execution time and memory used at after iteration 157 (MF = 0.336471): 8.301147e+04 seconds, 1241391104 bytes of memory usage, 1735832 kB of memory peak and 23:03:39 elapsed time
Statistics on the network after iteration 157 (MF = 0.336471)
	Number of nodes: 262111
	Number of allocated nodes: 262144
	Number of edges: 1234877
	Maximum in degree: 420 (node 14949)
	Maximum out degree: 5 (node 0)
	source 0 (node 0) with out degree 5
	target 15486 (node 14949) with in degree 420

Execution time and memory used at after iteration 158 (MF = 0.336471): 8.349075e+04 seconds, 1241391104 bytes of memory usage, 1735832 kB of memory peak and 23:11:38 elapsed time
Statistics on the network after iteration 158 (MF = 0.336471)
	Number of nodes: 262111
	Number of allocated nodes: 262144
	Number of edges: 1234877
	Maximum in degree: 420 (node 14949)
	Maximum out degree: 5 (node 0)
	source 0 (node 0) with out degree 5
	target 15486 (node 14949) with in degree 420

Execution time and memory used at after iteration 159 (MF = 0.336471): 8.396941e+04 seconds, 1241391104 bytes of memory usage, 1735832 kB of memory peak and 23:19:37 elapsed time
Statistics on the network after iteration 159 (MF = 0.336471)
	Number of nodes: 262111
	Number of allocated nodes: 262144
	Number of edges: 1234877
	Maximum in degree: 420 (node 14949)
	Maximum out degree: 5 (node 0)
	source 0 (node 0) with out degree 5
	target 15486 (node 14949) with in degree 420

Execution time and memory used at after iteration 160 (MF = 0.303529): 8.442390e+04 seconds, 1241391104 bytes of memory usage, 1735832 kB of memory peak and 23:27:12 elapsed time
Statistics on the network after iteration 160 (MF = 0.303529)
	Number of nodes: 262111
	Number of allocated nodes: 262144
	Number of edges: 1234877
	Maximum in degree: 420 (node 14949)
	Maximum out degree: 5 (node 0)
	source 0 (node 0) with out degree 5
	target 15486 (node 14949) with in degree 420

Execution time and memory used at after iteration 161 (MF = 0.303529): 8.487887e+04 seconds, 1241391104 bytes of memory usage, 1735832 kB of memory peak and 23:34:47 elapsed time
Statistics on the network after iteration 161 (MF = 0.303529)
	Number of nodes: 262111
	Number of allocated nodes: 262144
	Number of edges: 1234877
	Maximum in degree: 420 (node 14949)
	Maximum out degree: 5 (node 0)
	source 0 (node 0) with out degree 5
	target 15486 (node 14949) with in degree 420

Execution time and memory used at after iteration 162 (MF = 0.303529): 8.528696e+04 seconds, 1241391104 bytes of memory usage, 1735832 kB of memory peak and 23:41:35 elapsed time
Statistics on the network after iteration 162 (MF = 0.303529)
	Number of nodes: 262111
	Number of allocated nodes: 262144
	Number of edges: 1234877
	Maximum in degree: 420 (node 14949)
	Maximum out degree: 5 (node 0)
	source 0 (node 0) with out degree 5
	target 15486 (node 14949) with in degree 420

Execution time and memory used at after iteration 163 (MF = 0.336471): 8.577100e+04 seconds, 1241391104 bytes of memory usage, 1735832 kB of memory peak and 23:49:39 elapsed time
Statistics on the network after iteration 163 (MF = 0.336471)
	Number of nodes: 262111
	Number of allocated nodes: 262144
	Number of edges: 1234877
	Maximum in degree: 420 (node 14949)
	Maximum out degree: 5 (node 0)
	source 0 (node 0) with out degree 5
	target 15486 (node 14949) with in degree 420

Execution time and memory used at after iteration 164 (MF = 0.336471): 8.624936e+04 seconds, 1241391104 bytes of memory usage, 1735832 kB of memory peak and 23:57:37 elapsed time
Statistics on the network after iteration 164 (MF = 0.336471)
	Number of nodes: 262111
	Number of allocated nodes: 262144
	Number of edges: 1234877
	Maximum in degree: 420 (node 14949)
	Maximum out degree: 5 (node 0)
	source 0 (node 0) with out degree 5
	target 15486 (node 14949) with in degree 420

Execution time and memory used at after iteration 165 (MF = 0.336471): 8.677187e+04 seconds, 1241391104 bytes of memory usage, 1735832 kB of memory peak and 1-00:06:20 elapsed time
Statistics on the network after iteration 165 (MF = 0.336471)
	Number of nodes: 262111
	Number of allocated nodes: 262144
	Number of edges: 1234877
	Maximum in degree: 420 (node 14949)
	Maximum out degree: 5 (node 0)
	source 0 (node 0) with out degree 5
	target 15486 (node 14949) with in degree 420

Execution time and memory used at after iteration 166 (MF = 0.336471): 8.725591e+04 seconds, 1241391104 bytes of memory usage, 1735832 kB of memory peak and 1-00:14:24 elapsed time
Statistics on the network after iteration 166 (MF = 0.336471)
	Number of nodes: 262111
	Number of allocated nodes: 262144
	Number of edges: 1234877
	Maximum in degree: 420 (node 14949)
	Maximum out degree: 5 (node 0)
	source 0 (node 0) with out degree 5
	target 15486 (node 14949) with in degree 420

Execution time and memory used at after iteration 167 (MF = 0.336471): 8.773427e+04 seconds, 1241391104 bytes of memory usage, 1735832 kB of memory peak and 1-00:22:22 elapsed time
Statistics on the network after iteration 167 (MF = 0.336471)
	Number of nodes: 262111
	Number of allocated nodes: 262144
	Number of edges: 1234877
	Maximum in degree: 420 (node 14949)
	Maximum out degree: 5 (node 0)
	source 0 (node 0) with out degree 5
	target 15486 (node 14949) with in degree 420

Execution time and memory used at after iteration 168 (MF = 0.336471): 8.825716e+04 seconds, 1241391104 bytes of memory usage, 1735832 kB of memory peak and 1-00:31:05 elapsed time
Statistics on the network after iteration 168 (MF = 0.336471)
	Number of nodes: 262111
	Number of allocated nodes: 262144
	Number of edges: 1234877
	Maximum in degree: 420 (node 14949)
	Maximum out degree: 5 (node 0)
	source 0 (node 0) with out degree 5
	target 15486 (node 14949) with in degree 420

Execution time and memory used at after iteration 169 (MF = 0.336471): 8.875997e+04 seconds, 1241391104 bytes of memory usage, 1735832 kB of memory peak and 1-00:39:28 elapsed time
Statistics on the network after iteration 169 (MF = 0.336471)
	Number of nodes: 262111
	Number of allocated nodes: 262144
	Number of edges: 1234877
	Maximum in degree: 420 (node 14949)
	Maximum out degree: 5 (node 0)
	source 0 (node 0) with out degree 5
	target 15486 (node 14949) with in degree 420

Execution time and memory used at after iteration 170 (MF = 0.336471): 8.926159e+04 seconds, 1241391104 bytes of memory usage, 1735832 kB of memory peak and 1-00:47:50 elapsed time
Statistics on the network after iteration 170 (MF = 0.336471)
	Number of nodes: 262111
	Number of allocated nodes: 262144
	Number of edges: 1234877
	Maximum in degree: 420 (node 14949)
	Maximum out degree: 5 (node 0)
	source 0 (node 0) with out degree 5
	target 15486 (node 14949) with in degree 420

Execution time and memory used at after iteration 171 (MF = 0.336471): 8.977622e+04 seconds, 1241391104 bytes of memory usage, 1735832 kB of memory peak and 1-00:56:24 elapsed time
Statistics on the network after iteration 171 (MF = 0.336471)
	Number of nodes: 262111
	Number of allocated nodes: 262144
	Number of edges: 1234877
	Maximum in degree: 420 (node 14949)
	Maximum out degree: 5 (node 0)
	source 0 (node 0) with out degree 5
	target 15486 (node 14949) with in degree 420

Execution time and memory used at after iteration 172 (MF = 0.336471): 9.027912e+04 seconds, 1241391104 bytes of memory usage, 1735832 kB of memory peak and 1-01:04:47 elapsed time
Statistics on the network after iteration 172 (MF = 0.336471)
	Number of nodes: 262111
	Number of allocated nodes: 262144
	Number of edges: 1234877
	Maximum in degree: 420 (node 14949)
	Maximum out degree: 5 (node 0)
	source 0 (node 0) with out degree 5
	target 15486 (node 14949) with in degree 420

Execution time and memory used at after iteration 173 (MF = 0.336471): 9.079414e+04 seconds, 1241391104 bytes of memory usage, 1735832 kB of memory peak and 1-01:13:22 elapsed time
Statistics on the network after iteration 173 (MF = 0.336471)
	Number of nodes: 262111
	Number of allocated nodes: 262144
	Number of edges: 1234877
	Maximum in degree: 420 (node 14949)
	Maximum out degree: 5 (node 0)
	source 0 (node 0) with out degree 5
	target 15486 (node 14949) with in degree 420

Execution time and memory used at after iteration 174 (MF = 0.336471): 9.130982e+04 seconds, 1241391104 bytes of memory usage, 1735832 kB of memory peak and 1-01:21:58 elapsed time
Statistics on the network after iteration 174 (MF = 0.336471)
	Number of nodes: 262111
	Number of allocated nodes: 262144
	Number of edges: 1234877
	Maximum in degree: 420 (node 14949)
	Maximum out degree: 5 (node 0)
	source 0 (node 0) with out degree 5
	target 15486 (node 14949) with in degree 420

Execution time and memory used at after iteration 175 (MF = 0.336471): 9.181329e+04 seconds, 1241391104 bytes of memory usage, 1735832 kB of memory peak and 1-01:30:22 elapsed time
Statistics on the network after iteration 175 (MF = 0.336471)
	Number of nodes: 262111
	Number of allocated nodes: 262144
	Number of edges: 1234877
	Maximum in degree: 420 (node 14949)
	Maximum out degree: 5 (node 0)
	source 0 (node 0) with out degree 5
	target 15486 (node 14949) with in degree 420

Execution time and memory used at after iteration 176 (MF = 0.336471): 9.223583e+04 seconds, 1241391104 bytes of memory usage, 1735832 kB of memory peak and 1-01:37:24 elapsed time
Statistics on the network after iteration 176 (MF = 0.336471)
	Number of nodes: 262111
	Number of allocated nodes: 262144
	Number of edges: 1234877
	Maximum in degree: 420 (node 14949)
	Maximum out degree: 5 (node 0)
	source 0 (node 0) with out degree 5
	target 15486 (node 14949) with in degree 420

Execution time and memory used at after iteration 177 (MF = 0.336471): 9.267579e+04 seconds, 1241391104 bytes of memory usage, 1735832 kB of memory peak and 1-01:44:44 elapsed time
Statistics on the network after iteration 177 (MF = 0.336471)
	Number of nodes: 262111
	Number of allocated nodes: 262144
	Number of edges: 1234877
	Maximum in degree: 420 (node 14949)
	Maximum out degree: 5 (node 0)
	source 0 (node 0) with out degree 5
	target 15486 (node 14949) with in degree 420

Execution time and memory used at after iteration 178 (MF = 0.336471): 9.315035e+04 seconds, 1241391104 bytes of memory usage, 1735832 kB of memory peak and 1-01:52:39 elapsed time
Statistics on the network after iteration 178 (MF = 0.336471)
	Number of nodes: 262111
	Number of allocated nodes: 262144
	Number of edges: 1234877
	Maximum in degree: 420 (node 14949)
	Maximum out degree: 5 (node 0)
	source 0 (node 0) with out degree 5
	target 15486 (node 14949) with in degree 420

Execution time and memory used at after iteration 179 (MF = 0.336471): 9.362790e+04 seconds, 1241391104 bytes of memory usage, 1735832 kB of memory peak and 1-02:00:36 elapsed time
Statistics on the network after iteration 179 (MF = 0.336471)
	Number of nodes: 262111
	Number of allocated nodes: 262144
	Number of edges: 1234877
	Maximum in degree: 420 (node 14949)
	Maximum out degree: 5 (node 0)
	source 0 (node 0) with out degree 5
	target 15486 (node 14949) with in degree 420

Execution time and memory used at after iteration 180 (MF = 0.336471): 9.413256e+04 seconds, 1241391104 bytes of memory usage, 1735832 kB of memory peak and 1-02:09:01 elapsed time
Statistics on the network after iteration 180 (MF = 0.336471)
	Number of nodes: 262111
	Number of allocated nodes: 262144
	Number of edges: 1234877
	Maximum in degree: 420 (node 14949)
	Maximum out degree: 5 (node 0)
	source 0 (node 0) with out degree 5
	target 15486 (node 14949) with in degree 420

Execution time and memory used at after iteration 181 (MF = 0.336471): 9.464429e+04 seconds, 1241391104 bytes of memory usage, 1735832 kB of memory peak and 1-02:17:33 elapsed time
Statistics on the network after iteration 181 (MF = 0.336471)
	Number of nodes: 262111
	Number of allocated nodes: 262144
	Number of edges: 1234877
	Maximum in degree: 420 (node 14949)
	Maximum out degree: 5 (node 0)
	source 0 (node 0) with out degree 5
	target 15486 (node 14949) with in degree 420

Execution time and memory used at after iteration 182 (MF = 0.336471): 9.509863e+04 seconds, 1241391104 bytes of memory usage, 1735832 kB of memory peak and 1-02:25:07 elapsed time
Statistics on the network after iteration 182 (MF = 0.336471)
	Number of nodes: 262111
	Number of allocated nodes: 262144
	Number of edges: 1234877
	Maximum in degree: 420 (node 14949)
	Maximum out degree: 5 (node 0)
	source 0 (node 0) with out degree 5
	target 15486 (node 14949) with in degree 420

Execution time and memory used at after iteration 183 (MF = 0.336471): 9.557314e+04 seconds, 1241391104 bytes of memory usage, 1735832 kB of memory peak and 1-02:33:02 elapsed time
Statistics on the network after iteration 183 (MF = 0.336471)
	Number of nodes: 262111
	Number of allocated nodes: 262144
	Number of edges: 1234877
	Maximum in degree: 420 (node 14949)
	Maximum out degree: 5 (node 0)
	source 0 (node 0) with out degree 5
	target 15486 (node 14949) with in degree 420

Execution time and memory used at after iteration 184 (MF = 0.336471): 9.609463e+04 seconds, 1241391104 bytes of memory usage, 1735832 kB of memory peak and 1-02:41:43 elapsed time
Statistics on the network after iteration 184 (MF = 0.336471)
	Number of nodes: 262111
	Number of allocated nodes: 262144
	Number of edges: 1234877
	Maximum in degree: 420 (node 14949)
	Maximum out degree: 5 (node 0)
	source 0 (node 0) with out degree 5
	target 15486 (node 14949) with in degree 420

Execution time and memory used at after iteration 185 (MF = 0.336471): 9.654765e+04 seconds, 1241391104 bytes of memory usage, 1735832 kB of memory peak and 1-02:49:17 elapsed time
Statistics on the network after iteration 185 (MF = 0.336471)
	Number of nodes: 262111
	Number of allocated nodes: 262144
	Number of edges: 1234877
	Maximum in degree: 420 (node 14949)
	Maximum out degree: 5 (node 0)
	source 0 (node 0) with out degree 5
	target 15486 (node 14949) with in degree 420

Execution time and memory used at after iteration 186 (MF = 0.336471): 9.707164e+04 seconds, 1241391104 bytes of memory usage, 1735832 kB of memory peak and 1-02:58:01 elapsed time
Statistics on the network after iteration 186 (MF = 0.336471)
	Number of nodes: 262111
	Number of allocated nodes: 262144
	Number of edges: 1234877
	Maximum in degree: 420 (node 14949)
	Maximum out degree: 5 (node 0)
	source 0 (node 0) with out degree 5
	target 15486 (node 14949) with in degree 420

Execution time and memory used at after iteration 187 (MF = 0.336471): 9.756030e+04 seconds, 1241391104 bytes of memory usage, 1735832 kB of memory peak and 1-03:06:09 elapsed time
Statistics on the network after iteration 187 (MF = 0.336471)
	Number of nodes: 262111
	Number of allocated nodes: 262144
	Number of edges: 1234877
	Maximum in degree: 420 (node 14949)
	Maximum out degree: 5 (node 0)
	source 0 (node 0) with out degree 5
	target 15486 (node 14949) with in degree 420

Execution time and memory used at after iteration 188 (MF = 0.336471): 9.805137e+04 seconds, 1241391104 bytes of memory usage, 1735832 kB of memory peak and 1-03:14:20 elapsed time
Statistics on the network after iteration 188 (MF = 0.336471)
	Number of nodes: 262111
	Number of allocated nodes: 262144
	Number of edges: 1234877
	Maximum in degree: 420 (node 14949)
	Maximum out degree: 5 (node 0)
	source 0 (node 0) with out degree 5
	target 15486 (node 14949) with in degree 420

Execution time and memory used at after iteration 189 (MF = 0.336471): 9.852249e+04 seconds, 1241391104 bytes of memory usage, 1735832 kB of memory peak and 1-03:22:12 elapsed time
Statistics on the network after iteration 189 (MF = 0.336471)
	Number of nodes: 262111
	Number of allocated nodes: 262144
	Number of edges: 1234877
	Maximum in degree: 420 (node 14949)
	Maximum out degree: 5 (node 0)
	source 0 (node 0) with out degree 5
	target 15486 (node 14949) with in degree 420

Execution time and memory used at after iteration 190 (MF = 0.336471): 9.897484e+04 seconds, 1241391104 bytes of memory usage, 1735832 kB of memory peak and 1-03:29:44 elapsed time
Statistics on the network after iteration 190 (MF = 0.336471)
	Number of nodes: 262111
	Number of allocated nodes: 262144
	Number of edges: 1234877
	Maximum in degree: 420 (node 14949)
	Maximum out degree: 5 (node 0)
	source 0 (node 0) with out degree 5
	target 15486 (node 14949) with in degree 420

Execution time and memory used at after iteration 191 (MF = 0.336471): 9.945503e+04 seconds, 1241391104 bytes of memory usage, 1735832 kB of memory peak and 1-03:37:44 elapsed time
Statistics on the network after iteration 191 (MF = 0.336471)
	Number of nodes: 262111
	Number of allocated nodes: 262144
	Number of edges: 1234877
	Maximum in degree: 420 (node 14949)
	Maximum out degree: 5 (node 0)
	source 0 (node 0) with out degree 5
	target 15486 (node 14949) with in degree 420

Execution time and memory used at after iteration 192 (MF = 0.336471): 9.995818e+04 seconds, 1241391104 bytes of memory usage, 1735832 kB of memory peak and 1-03:46:07 elapsed time
Statistics on the network after iteration 192 (MF = 0.336471)
	Number of nodes: 262111
	Number of allocated nodes: 262144
	Number of edges: 1234877
	Maximum in degree: 420 (node 14949)
	Maximum out degree: 5 (node 0)
	source 0 (node 0) with out degree 5
	target 15486 (node 14949) with in degree 420

Execution time and memory used at after iteration 193 (MF = 0.336471): 1.004351e+05 seconds, 1241391104 bytes of memory usage, 1735832 kB of memory peak and 1-03:54:04 elapsed time
Statistics on the network after iteration 193 (MF = 0.336471)
	Number of nodes: 262111
	Number of allocated nodes: 262144
	Number of edges: 1234877
	Maximum in degree: 420 (node 14949)
	Maximum out degree: 5 (node 0)
	source 0 (node 0) with out degree 5
	target 15486 (node 14949) with in degree 420

Execution time and memory used at after iteration 194 (MF = 0.336471): 1.009132e+05 seconds, 1241391104 bytes of memory usage, 1735832 kB of memory peak and 1-04:02:03 elapsed time
Statistics on the network after iteration 194 (MF = 0.336471)
	Number of nodes: 262111
	Number of allocated nodes: 262144
	Number of edges: 1234877
	Maximum in degree: 420 (node 14949)
	Maximum out degree: 5 (node 0)
	source 0 (node 0) with out degree 5
	target 15486 (node 14949) with in degree 420

Execution time and memory used at after iteration 195 (MF = 0.336471): 1.013912e+05 seconds, 1241391104 bytes of memory usage, 1735832 kB of memory peak and 1-04:10:01 elapsed time
Statistics on the network after iteration 195 (MF = 0.336471)
	Number of nodes: 262111
	Number of allocated nodes: 262144
	Number of edges: 1234877
	Maximum in degree: 420 (node 14949)
	Maximum out degree: 5 (node 0)
	source 0 (node 0) with out degree 5
	target 15486 (node 14949) with in degree 420

Execution time and memory used at after iteration 196 (MF = 0.336471): 1.018791e+05 seconds, 1241391104 bytes of memory usage, 1735832 kB of memory peak and 1-04:18:09 elapsed time
Statistics on the network after iteration 196 (MF = 0.336471)
	Number of nodes: 262111
	Number of allocated nodes: 262144
	Number of edges: 1234877
	Maximum in degree: 420 (node 14949)
	Maximum out degree: 5 (node 0)
	source 0 (node 0) with out degree 5
	target 15486 (node 14949) with in degree 420

Execution time and memory used at after iteration 197 (MF = 0.336471): 1.023755e+05 seconds, 1241391104 bytes of memory usage, 1735832 kB of memory peak and 1-04:26:25 elapsed time
Statistics on the network after iteration 197 (MF = 0.336471)
	Number of nodes: 262111
	Number of allocated nodes: 262144
	Number of edges: 1234877
	Maximum in degree: 420 (node 14949)
	Maximum out degree: 5 (node 0)
	source 0 (node 0) with out degree 5
	target 15486 (node 14949) with in degree 420

Execution time and memory used at after iteration 198 (MF = 0.336471): 1.028544e+05 seconds, 1241391104 bytes of memory usage, 1735832 kB of memory peak and 1-04:34:24 elapsed time
Statistics on the network after iteration 198 (MF = 0.336471)
	Number of nodes: 262111
	Number of allocated nodes: 262144
	Number of edges: 1234877
	Maximum in degree: 420 (node 14949)
	Maximum out degree: 5 (node 0)
	source 0 (node 0) with out degree 5
	target 15486 (node 14949) with in degree 420

Execution time and memory used at after iteration 199 (MF = 0.336471): 1.033112e+05 seconds, 1241391104 bytes of memory usage, 1735832 kB of memory peak and 1-04:42:01 elapsed time
Statistics on the network after iteration 199 (MF = 0.336471)
	Number of nodes: 262111
	Number of allocated nodes: 262144
	Number of edges: 1234877
	Maximum in degree: 420 (node 14949)
	Maximum out degree: 5 (node 0)
	source 0 (node 0) with out degree 5
	target 15486 (node 14949) with in degree 420

Execution time and memory used at after iteration 200 (MF = 0.305882): 1.037388e+05 seconds, 1241391104 bytes of memory usage, 1735832 kB of memory peak and 1-04:49:09 elapsed time
Statistics on the network after iteration 200 (MF = 0.305882)
	Number of nodes: 262111
	Number of allocated nodes: 262144
	Number of edges: 1234877
	Maximum in degree: 420 (node 14949)
	Maximum out degree: 5 (node 0)
	source 0 (node 0) with out degree 5
	target 15486 (node 14949) with in degree 420

Execution time and memory used at after iteration 201 (MF = 0.305882): 1.041496e+05 seconds, 1241391104 bytes of memory usage, 1735832 kB of memory peak and 1-04:55:59 elapsed time
Statistics on the network after iteration 201 (MF = 0.305882)
	Number of nodes: 262111
	Number of allocated nodes: 262144
	Number of edges: 1234877
	Maximum in degree: 420 (node 14949)
	Maximum out degree: 5 (node 0)
	source 0 (node 0) with out degree 5
	target 15486 (node 14949) with in degree 420

Execution time and memory used at after iteration 202 (MF = 0.305882): 1.046573e+05 seconds, 1241391104 bytes of memory usage, 1735832 kB of memory peak and 1-05:04:27 elapsed time
Statistics on the network after iteration 202 (MF = 0.305882)
	Number of nodes: 262111
	Number of allocated nodes: 262144
	Number of edges: 1234877
	Maximum in degree: 420 (node 14949)
	Maximum out degree: 5 (node 0)
	source 0 (node 0) with out degree 5
	target 15486 (node 14949) with in degree 420

Execution time and memory used at after iteration 203 (MF = 0.336471): 1.051392e+05 seconds, 1241391104 bytes of memory usage, 1735832 kB of memory peak and 1-05:12:29 elapsed time
Statistics on the network after iteration 203 (MF = 0.336471)
	Number of nodes: 262111
	Number of allocated nodes: 262144
	Number of edges: 1234877
	Maximum in degree: 420 (node 14949)
	Maximum out degree: 5 (node 0)
	source 0 (node 0) with out degree 5
	target 15486 (node 14949) with in degree 420

Execution time and memory used at after iteration 204 (MF = 0.336471): 1.055933e+05 seconds, 1241391104 bytes of memory usage, 1735832 kB of memory peak and 1-05:20:03 elapsed time
Statistics on the network after iteration 204 (MF = 0.336471)
	Number of nodes: 262111
	Number of allocated nodes: 262144
	Number of edges: 1234877
	Maximum in degree: 420 (node 14949)
	Maximum out degree: 5 (node 0)
	source 0 (node 0) with out degree 5
	target 15486 (node 14949) with in degree 420

Execution time and memory used at after iteration 205 (MF = 0.336471): 1.060015e+05 seconds, 1241391104 bytes of memory usage, 1735832 kB of memory peak and 1-05:26:52 elapsed time
Statistics on the network after iteration 205 (MF = 0.336471)
	Number of nodes: 262111
	Number of allocated nodes: 262144
	Number of edges: 1234877
	Maximum in degree: 420 (node 14949)
	Maximum out degree: 5 (node 0)
	source 0 (node 0) with out degree 5
	target 15486 (node 14949) with in degree 420

Execution time and memory used at after iteration 206 (MF = 0.336471): 1.064558e+05 seconds, 1241391104 bytes of memory usage, 1735832 kB of memory peak and 1-05:34:26 elapsed time
Statistics on the network after iteration 206 (MF = 0.336471)
	Number of nodes: 262111
	Number of allocated nodes: 262144
	Number of edges: 1234877
	Maximum in degree: 420 (node 14949)
	Maximum out degree: 5 (node 0)
	source 0 (node 0) with out degree 5
	target 15486 (node 14949) with in degree 420

Execution time and memory used at after iteration 207 (MF = 0.336471): 1.069102e+05 seconds, 1241391104 bytes of memory usage, 1735832 kB of memory peak and 1-05:42:00 elapsed time
Statistics on the network after iteration 207 (MF = 0.336471)
	Number of nodes: 262111
	Number of allocated nodes: 262144
	Number of edges: 1234877
	Maximum in degree: 420 (node 14949)
	Maximum out degree: 5 (node 0)
	source 0 (node 0) with out degree 5
	target 15486 (node 14949) with in degree 420

Execution time and memory used at after iteration 208 (MF = 0.336471): 1.074153e+05 seconds, 1241391104 bytes of memory usage, 1735832 kB of memory peak and 1-05:50:25 elapsed time
Statistics on the network after iteration 208 (MF = 0.336471)
	Number of nodes: 262111
	Number of allocated nodes: 262144
	Number of edges: 1234877
	Maximum in degree: 420 (node 14949)
	Maximum out degree: 5 (node 0)
	source 0 (node 0) with out degree 5
	target 15486 (node 14949) with in degree 420

Execution time and memory used at after iteration 209 (MF = 0.336471): 1.079092e+05 seconds, 1241391104 bytes of memory usage, 1735832 kB of memory peak and 1-05:58:39 elapsed time
Statistics on the network after iteration 209 (MF = 0.336471)
	Number of nodes: 262111
	Number of allocated nodes: 262144
	Number of edges: 1234877
	Maximum in degree: 420 (node 14949)
	Maximum out degree: 5 (node 0)
	source 0 (node 0) with out degree 5
	target 15486 (node 14949) with in degree 420

Execution time and memory used at after iteration 210 (MF = 0.336471): 1.083650e+05 seconds, 1241391104 bytes of memory usage, 1735832 kB of memory peak and 1-06:06:15 elapsed time
Statistics on the network after iteration 210 (MF = 0.336471)
	Number of nodes: 262111
	Number of allocated nodes: 262144
	Number of edges: 1234877
	Maximum in degree: 420 (node 14949)
	Maximum out degree: 5 (node 0)
	source 0 (node 0) with out degree 5
	target 15486 (node 14949) with in degree 420

Execution time and memory used at after iteration 211 (MF = 0.336471): 1.088194e+05 seconds, 1241391104 bytes of memory usage, 1735832 kB of memory peak and 1-06:13:50 elapsed time
Statistics on the network after iteration 211 (MF = 0.336471)
	Number of nodes: 262111
	Number of allocated nodes: 262144
	Number of edges: 1234877
	Maximum in degree: 420 (node 14949)
	Maximum out degree: 5 (node 0)
	source 0 (node 0) with out degree 5
	target 15486 (node 14949) with in degree 420

Execution time and memory used at after iteration 212 (MF = 0.336471): 1.092736e+05 seconds, 1241391104 bytes of memory usage, 1735832 kB of memory peak and 1-06:21:24 elapsed time
Statistics on the network after iteration 212 (MF = 0.336471)
	Number of nodes: 262111
	Number of allocated nodes: 262144
	Number of edges: 1234877
	Maximum in degree: 420 (node 14949)
	Maximum out degree: 5 (node 0)
	source 0 (node 0) with out degree 5
	target 15486 (node 14949) with in degree 420

Execution time and memory used at after iteration 213 (MF = 0.305882): 1.098641e+05 seconds, 1241391104 bytes of memory usage, 1735832 kB of memory peak and 1-06:31:14 elapsed time
Statistics on the network after iteration 213 (MF = 0.305882)
	Number of nodes: 262111
	Number of allocated nodes: 262144
	Number of edges: 1234877
	Maximum in degree: 420 (node 14949)
	Maximum out degree: 5 (node 0)
	source 0 (node 0) with out degree 5
	target 15486 (node 14949) with in degree 420

Execution time and memory used at after iteration 214 (MF = 0.336471): 1.103763e+05 seconds, 1241391104 bytes of memory usage, 1735832 kB of memory peak and 1-06:39:47 elapsed time
Statistics on the network after iteration 214 (MF = 0.336471)
	Number of nodes: 262111
	Number of allocated nodes: 262144
	Number of edges: 1234877
	Maximum in degree: 420 (node 14949)
	Maximum out degree: 5 (node 0)
	source 0 (node 0) with out degree 5
	target 15486 (node 14949) with in degree 420

Execution time and memory used at after iteration 215 (MF = 0.336471): 1.108707e+05 seconds, 1241391104 bytes of memory usage, 1735832 kB of memory peak and 1-06:48:01 elapsed time
Statistics on the network after iteration 215 (MF = 0.336471)
	Number of nodes: 262111
	Number of allocated nodes: 262144
	Number of edges: 1234877
	Maximum in degree: 420 (node 14949)
	Maximum out degree: 5 (node 0)
	source 0 (node 0) with out degree 5
	target 15486 (node 14949) with in degree 420

Execution time and memory used at after iteration 216 (MF = 0.336471): 1.113263e+05 seconds, 1241391104 bytes of memory usage, 1735832 kB of memory peak and 1-06:55:37 elapsed time
Statistics on the network after iteration 216 (MF = 0.336471)
	Number of nodes: 262111
	Number of allocated nodes: 262144
	Number of edges: 1234877
	Maximum in degree: 420 (node 14949)
	Maximum out degree: 5 (node 0)
	source 0 (node 0) with out degree 5
	target 15486 (node 14949) with in degree 420

Execution time and memory used at after iteration 217 (MF = 0.336471): 1.118088e+05 seconds, 1241391104 bytes of memory usage, 1735832 kB of memory peak and 1-07:03:39 elapsed time
Statistics on the network after iteration 217 (MF = 0.336471)
	Number of nodes: 262111
	Number of allocated nodes: 262144
	Number of edges: 1234877
	Maximum in degree: 420 (node 14949)
	Maximum out degree: 5 (node 0)
	source 0 (node 0) with out degree 5
	target 15486 (node 14949) with in degree 420

Execution time and memory used at after iteration 218 (MF = 0.336471): 1.123039e+05 seconds, 1241391104 bytes of memory usage, 1735832 kB of memory peak and 1-07:11:54 elapsed time
Statistics on the network after iteration 218 (MF = 0.336471)
	Number of nodes: 262111
	Number of allocated nodes: 262144
	Number of edges: 1234877
	Maximum in degree: 420 (node 14949)
	Maximum out degree: 5 (node 0)
	source 0 (node 0) with out degree 5
	target 15486 (node 14949) with in degree 420

Execution time and memory used at after iteration 219 (MF = 0.336471): 1.128154e+05 seconds, 1241391104 bytes of memory usage, 1735832 kB of memory peak and 1-07:20:26 elapsed time
Statistics on the network after iteration 219 (MF = 0.336471)
	Number of nodes: 262111
	Number of allocated nodes: 262144
	Number of edges: 1234877
	Maximum in degree: 420 (node 14949)
	Maximum out degree: 5 (node 0)
	source 0 (node 0) with out degree 5
	target 15486 (node 14949) with in degree 420

Execution time and memory used at after iteration 220 (MF = 0.336471): 1.133291e+05 seconds, 1241391104 bytes of memory usage, 1735832 kB of memory peak and 1-07:29:00 elapsed time
Statistics on the network after iteration 220 (MF = 0.336471)
	Number of nodes: 262111
	Number of allocated nodes: 262144
	Number of edges: 1234877
	Maximum in degree: 420 (node 14949)
	Maximum out degree: 5 (node 0)
	source 0 (node 0) with out degree 5
	target 15486 (node 14949) with in degree 420

Execution time and memory used at after iteration 221 (MF = 0.336471): 1.138999e+05 seconds, 1241391104 bytes of memory usage, 1735832 kB of memory peak and 1-07:38:31 elapsed time
Statistics on the network after iteration 221 (MF = 0.336471)
	Number of nodes: 262111
	Number of allocated nodes: 262144
	Number of edges: 1234877
	Maximum in degree: 420 (node 14949)
	Maximum out degree: 5 (node 0)
	source 0 (node 0) with out degree 5
	target 15486 (node 14949) with in degree 420

Execution time and memory used at after iteration 222 (MF = 0.336471): 1.143966e+05 seconds, 1241391104 bytes of memory usage, 1735832 kB of memory peak and 1-07:46:47 elapsed time
Statistics on the network after iteration 222 (MF = 0.336471)
	Number of nodes: 262111
	Number of allocated nodes: 262144
	Number of edges: 1234877
	Maximum in degree: 420 (node 14949)
	Maximum out degree: 5 (node 0)
	source 0 (node 0) with out degree 5
	target 15486 (node 14949) with in degree 420

Execution time and memory used at after iteration 223 (MF = 0.336471): 1.148727e+05 seconds, 1241391104 bytes of memory usage, 1735832 kB of memory peak and 1-07:54:44 elapsed time
Statistics on the network after iteration 223 (MF = 0.336471)
	Number of nodes: 262111
	Number of allocated nodes: 262144
	Number of edges: 1234877
	Maximum in degree: 420 (node 14949)
	Maximum out degree: 5 (node 0)
	source 0 (node 0) with out degree 5
	target 15486 (node 14949) with in degree 420

Execution time and memory used at after iteration 224 (MF = 0.305882): 1.152761e+05 seconds, 1241391104 bytes of memory usage, 1735832 kB of memory peak and 1-08:01:27 elapsed time
Statistics on the network after iteration 224 (MF = 0.305882)
	Number of nodes: 262111
	Number of allocated nodes: 262144
	Number of edges: 1234877
	Maximum in degree: 420 (node 14949)
	Maximum out degree: 5 (node 0)
	source 0 (node 0) with out degree 5
	target 15486 (node 14949) with in degree 420

Execution time and memory used at after iteration 225 (MF = 0.305882): 1.157566e+05 seconds, 1241391104 bytes of memory usage, 1735832 kB of memory peak and 1-08:09:28 elapsed time
Statistics on the network after iteration 225 (MF = 0.305882)
	Number of nodes: 262111
	Number of allocated nodes: 262144
	Number of edges: 1234877
	Maximum in degree: 420 (node 14949)
	Maximum out degree: 5 (node 0)
	source 0 (node 0) with out degree 5
	target 15486 (node 14949) with in degree 420

Execution time and memory used at after iteration 226 (MF = 0.336471): 1.162359e+05 seconds, 1241391104 bytes of memory usage, 1735832 kB of memory peak and 1-08:17:27 elapsed time
Statistics on the network after iteration 226 (MF = 0.336471)
	Number of nodes: 262111
	Number of allocated nodes: 262144
	Number of edges: 1234877
	Maximum in degree: 420 (node 14949)
	Maximum out degree: 5 (node 0)
	source 0 (node 0) with out degree 5
	target 15486 (node 14949) with in degree 420

Execution time and memory used at after iteration 227 (MF = 0.336471): 1.167395e+05 seconds, 1241391104 bytes of memory usage, 1735832 kB of memory peak and 1-08:25:51 elapsed time
Statistics on the network after iteration 227 (MF = 0.336471)
	Number of nodes: 262111
	Number of allocated nodes: 262144
	Number of edges: 1234877
	Maximum in degree: 420 (node 14949)
	Maximum out degree: 5 (node 0)
	source 0 (node 0) with out degree 5
	target 15486 (node 14949) with in degree 420

Execution time and memory used at after iteration 228 (MF = 0.336471): 1.171915e+05 seconds, 1241391104 bytes of memory usage, 1735832 kB of memory peak and 1-08:33:23 elapsed time
Statistics on the network after iteration 228 (MF = 0.336471)
	Number of nodes: 262111
	Number of allocated nodes: 262144
	Number of edges: 1234877
	Maximum in degree: 420 (node 14949)
	Maximum out degree: 5 (node 0)
	source 0 (node 0) with out degree 5
	target 15486 (node 14949) with in degree 420

Execution time and memory used at after iteration 229 (MF = 0.336471): 1.176951e+05 seconds, 1241391104 bytes of memory usage, 1735832 kB of memory peak and 1-08:41:46 elapsed time
Statistics on the network after iteration 229 (MF = 0.336471)
	Number of nodes: 262111
	Number of allocated nodes: 262144
	Number of edges: 1234877
	Maximum in degree: 420 (node 14949)
	Maximum out degree: 5 (node 0)
	source 0 (node 0) with out degree 5
	target 15486 (node 14949) with in degree 420

Execution time and memory used at after iteration 230 (MF = 0.336471): 1.181992e+05 seconds, 1241391104 bytes of memory usage, 1735832 kB of memory peak and 1-08:50:10 elapsed time
Statistics on the network after iteration 230 (MF = 0.336471)
	Number of nodes: 262111
	Number of allocated nodes: 262144
	Number of edges: 1234877
	Maximum in degree: 420 (node 14949)
	Maximum out degree: 5 (node 0)
	source 0 (node 0) with out degree 5
	target 15486 (node 14949) with in degree 420

Execution time and memory used at after iteration 231 (MF = 0.336471): 1.186783e+05 seconds, 1241391104 bytes of memory usage, 1735832 kB of memory peak and 1-08:58:10 elapsed time
Statistics on the network after iteration 231 (MF = 0.336471)
	Number of nodes: 262111
	Number of allocated nodes: 262144
	Number of edges: 1234877
	Maximum in degree: 420 (node 14949)
	Maximum out degree: 5 (node 0)
	source 0 (node 0) with out degree 5
	target 15486 (node 14949) with in degree 420

Execution time and memory used at after iteration 232 (MF = 0.336471): 1.191612e+05 seconds, 1241391104 bytes of memory usage, 1735832 kB of memory peak and 1-09:06:13 elapsed time
Statistics on the network after iteration 232 (MF = 0.336471)
	Number of nodes: 262111
	Number of allocated nodes: 262144
	Number of edges: 1234877
	Maximum in degree: 420 (node 14949)
	Maximum out degree: 5 (node 0)
	source 0 (node 0) with out degree 5
	target 15486 (node 14949) with in degree 420

Execution time and memory used at after iteration 233 (MF = 0.336471): 1.196176e+05 seconds, 1241391104 bytes of memory usage, 1735832 kB of memory peak and 1-09:13:49 elapsed time
Statistics on the network after iteration 233 (MF = 0.336471)
	Number of nodes: 262111
	Number of allocated nodes: 262144
	Number of edges: 1234877
	Maximum in degree: 420 (node 14949)
	Maximum out degree: 5 (node 0)
	source 0 (node 0) with out degree 5
	target 15486 (node 14949) with in degree 420

Execution time and memory used at after iteration 234 (MF = 0.336471): 1.201215e+05 seconds, 1241391104 bytes of memory usage, 1735832 kB of memory peak and 1-09:22:13 elapsed time
Statistics on the network after iteration 234 (MF = 0.336471)
	Number of nodes: 262111
	Number of allocated nodes: 262144
	Number of edges: 1234877
	Maximum in degree: 420 (node 14949)
	Maximum out degree: 5 (node 0)
	source 0 (node 0) with out degree 5
	target 15486 (node 14949) with in degree 420

Execution time and memory used at after iteration 235 (MF = 0.336471): 1.205954e+05 seconds, 1241391104 bytes of memory usage, 1735832 kB of memory peak and 1-09:30:07 elapsed time
Statistics on the network after iteration 235 (MF = 0.336471)
	Number of nodes: 262111
	Number of allocated nodes: 262144
	Number of edges: 1234877
	Maximum in degree: 420 (node 14949)
	Maximum out degree: 5 (node 0)
	source 0 (node 0) with out degree 5
	target 15486 (node 14949) with in degree 420

Execution time and memory used at after iteration 236 (MF = 0.305882): 1.210247e+05 seconds, 1241391104 bytes of memory usage, 1735832 kB of memory peak and 1-09:37:16 elapsed time
Statistics on the network after iteration 236 (MF = 0.305882)
	Number of nodes: 262111
	Number of allocated nodes: 262144
	Number of edges: 1234877
	Maximum in degree: 420 (node 14949)
	Maximum out degree: 5 (node 0)
	source 0 (node 0) with out degree 5
	target 15486 (node 14949) with in degree 420

Execution time and memory used at after iteration 237 (MF = 0.305882): 1.215045e+05 seconds, 1241391104 bytes of memory usage, 1735832 kB of memory peak and 1-09:45:16 elapsed time
Statistics on the network after iteration 237 (MF = 0.305882)
	Number of nodes: 262111
	Number of allocated nodes: 262144
	Number of edges: 1234877
	Maximum in degree: 420 (node 14949)
	Maximum out degree: 5 (node 0)
	source 0 (node 0) with out degree 5
	target 15486 (node 14949) with in degree 420

Execution time and memory used at after iteration 238 (MF = 0.336471): 1.219833e+05 seconds, 1241391104 bytes of memory usage, 1735832 kB of memory peak and 1-09:53:15 elapsed time
Statistics on the network after iteration 238 (MF = 0.336471)
	Number of nodes: 262111
	Number of allocated nodes: 262144
	Number of edges: 1234877
	Maximum in degree: 420 (node 14949)
	Maximum out degree: 5 (node 0)
	source 0 (node 0) with out degree 5
	target 15486 (node 14949) with in degree 420

Execution time and memory used at after iteration 239 (MF = 0.336471): 1.224861e+05 seconds, 1241391104 bytes of memory usage, 1735832 kB of memory peak and 1-10:01:38 elapsed time
Statistics on the network after iteration 239 (MF = 0.336471)
	Number of nodes: 262111
	Number of allocated nodes: 262144
	Number of edges: 1234877
	Maximum in degree: 420 (node 14949)
	Maximum out degree: 5 (node 0)
	source 0 (node 0) with out degree 5
	target 15486 (node 14949) with in degree 420

Execution time and memory used at after iteration 240 (MF = 0.336471): 1.229372e+05 seconds, 1241391104 bytes of memory usage, 1735832 kB of memory peak and 1-10:09:09 elapsed time
Statistics on the network after iteration 240 (MF = 0.336471)
	Number of nodes: 262111
	Number of allocated nodes: 262144
	Number of edges: 1234877
	Maximum in degree: 420 (node 14949)
	Maximum out degree: 5 (node 0)
	source 0 (node 0) with out degree 5
	target 15486 (node 14949) with in degree 420

Execution time and memory used at after iteration 241 (MF = 0.336471): 1.234400e+05 seconds, 1241391104 bytes of memory usage, 1735832 kB of memory peak and 1-10:17:32 elapsed time
Statistics on the network after iteration 241 (MF = 0.336471)
	Number of nodes: 262111
	Number of allocated nodes: 262144
	Number of edges: 1234877
	Maximum in degree: 420 (node 14949)
	Maximum out degree: 5 (node 0)
	source 0 (node 0) with out degree 5
	target 15486 (node 14949) with in degree 420

Execution time and memory used at after iteration 242 (MF = 0.336471): 1.239432e+05 seconds, 1241391104 bytes of memory usage, 1735832 kB of memory peak and 1-10:25:55 elapsed time
Statistics on the network after iteration 242 (MF = 0.336471)
	Number of nodes: 262111
	Number of allocated nodes: 262144
	Number of edges: 1234877
	Maximum in degree: 420 (node 14949)
	Maximum out degree: 5 (node 0)
	source 0 (node 0) with out degree 5
	target 15486 (node 14949) with in degree 420

Execution time and memory used at after iteration 243 (MF = 0.336471): 1.244207e+05 seconds, 1241391104 bytes of memory usage, 1735832 kB of memory peak and 1-10:33:53 elapsed time
Statistics on the network after iteration 243 (MF = 0.336471)
	Number of nodes: 262111
	Number of allocated nodes: 262144
	Number of edges: 1234877
	Maximum in degree: 420 (node 14949)
	Maximum out degree: 5 (node 0)
	source 0 (node 0) with out degree 5
	target 15486 (node 14949) with in degree 420

Execution time and memory used at after iteration 244 (MF = 0.336471): 1.249037e+05 seconds, 1241391104 bytes of memory usage, 1735832 kB of memory peak and 1-10:41:56 elapsed time
Statistics on the network after iteration 244 (MF = 0.336471)
	Number of nodes: 262111
	Number of allocated nodes: 262144
	Number of edges: 1234877
	Maximum in degree: 420 (node 14949)
	Maximum out degree: 5 (node 0)
	source 0 (node 0) with out degree 5
	target 15486 (node 14949) with in degree 420

Execution time and memory used at after iteration 245 (MF = 0.336471): 1.253595e+05 seconds, 1241391104 bytes of memory usage, 1735832 kB of memory peak and 1-10:49:32 elapsed time
Statistics on the network after iteration 245 (MF = 0.336471)
	Number of nodes: 262111
	Number of allocated nodes: 262144
	Number of edges: 1234877
	Maximum in degree: 420 (node 14949)
	Maximum out degree: 5 (node 0)
	source 0 (node 0) with out degree 5
	target 15486 (node 14949) with in degree 420

Execution time and memory used at after iteration 246 (MF = 0.336471): 1.258621e+05 seconds, 1241391104 bytes of memory usage, 1735832 kB of memory peak and 1-10:57:54 elapsed time
Statistics on the network after iteration 246 (MF = 0.336471)
	Number of nodes: 262111
	Number of allocated nodes: 262144
	Number of edges: 1234877
	Maximum in degree: 420 (node 14949)
	Maximum out degree: 5 (node 0)
	source 0 (node 0) with out degree 5
	target 15486 (node 14949) with in degree 420

Execution time and memory used at after iteration 247 (MF = 0.336471): 1.263353e+05 seconds, 1241391104 bytes of memory usage, 1735832 kB of memory peak and 1-11:05:48 elapsed time
Statistics on the network after iteration 247 (MF = 0.336471)
	Number of nodes: 262111
	Number of allocated nodes: 262144
	Number of edges: 1234877
	Maximum in degree: 420 (node 14949)
	Maximum out degree: 5 (node 0)
	source 0 (node 0) with out degree 5
	target 15486 (node 14949) with in degree 420

Execution time and memory used at after iteration 248 (MF = 0.305882): 1.267641e+05 seconds, 1241391104 bytes of memory usage, 1735832 kB of memory peak and 1-11:12:56 elapsed time
Statistics on the network after iteration 248 (MF = 0.305882)
	Number of nodes: 262111
	Number of allocated nodes: 262144
	Number of edges: 1234877
	Maximum in degree: 420 (node 14949)
	Maximum out degree: 5 (node 0)
	source 0 (node 0) with out degree 5
	target 15486 (node 14949) with in degree 420

Execution time and memory used at after iteration 249 (MF = 0.305882): 1.272443e+05 seconds, 1241391104 bytes of memory usage, 1735832 kB of memory peak and 1-11:20:57 elapsed time
Statistics on the network after iteration 249 (MF = 0.305882)
	Number of nodes: 262111
	Number of allocated nodes: 262144
	Number of edges: 1234877
	Maximum in degree: 420 (node 14949)
	Maximum out degree: 5 (node 0)
	source 0 (node 0) with out degree 5
	target 15486 (node 14949) with in degree 420

Execution time and memory used at after iteration 250 (MF = 0.336471): 1.277228e+05 seconds, 1241391104 bytes of memory usage, 1735832 kB of memory peak and 1-11:28:55 elapsed time
Statistics on the network after iteration 250 (MF = 0.336471)
	Number of nodes: 262111
	Number of allocated nodes: 262144
	Number of edges: 1234877
	Maximum in degree: 420 (node 14949)
	Maximum out degree: 5 (node 0)
	source 0 (node 0) with out degree 5
	target 15486 (node 14949) with in degree 420

Execution time and memory used at after iteration 251 (MF = 0.336471): 1.282256e+05 seconds, 1241391104 bytes of memory usage, 1735832 kB of memory peak and 1-11:37:18 elapsed time
Statistics on the network after iteration 251 (MF = 0.336471)
	Number of nodes: 262111
	Number of allocated nodes: 262144
	Number of edges: 1234877
	Maximum in degree: 420 (node 14949)
	Maximum out degree: 5 (node 0)
	source 0 (node 0) with out degree 5
	target 15486 (node 14949) with in degree 420

Execution time and memory used at after iteration 252 (MF = 0.336471): 1.286771e+05 seconds, 1241391104 bytes of memory usage, 1735832 kB of memory peak and 1-11:44:50 elapsed time
Statistics on the network after iteration 252 (MF = 0.336471)
	Number of nodes: 262111
	Number of allocated nodes: 262144
	Number of edges: 1234877
	Maximum in degree: 420 (node 14949)
	Maximum out degree: 5 (node 0)
	source 0 (node 0) with out degree 5
	target 15486 (node 14949) with in degree 420

Execution time and memory used at after iteration 253 (MF = 0.336471): 1.291807e+05 seconds, 1241391104 bytes of memory usage, 1735832 kB of memory peak and 1-11:53:13 elapsed time
Statistics on the network after iteration 253 (MF = 0.336471)
	Number of nodes: 262111
	Number of allocated nodes: 262144
	Number of edges: 1234877
	Maximum in degree: 420 (node 14949)
	Maximum out degree: 5 (node 0)
	source 0 (node 0) with out degree 5
	target 15486 (node 14949) with in degree 420

Execution time and memory used at after iteration 254 (MF = 0.336471): 1.296841e+05 seconds, 1241391104 bytes of memory usage, 1735832 kB of memory peak and 1-12:01:37 elapsed time
Statistics on the network after iteration 254 (MF = 0.336471)
	Number of nodes: 262111
	Number of allocated nodes: 262144
	Number of edges: 1234877
	Maximum in degree: 420 (node 14949)
	Maximum out degree: 5 (node 0)
	source 0 (node 0) with out degree 5
	target 15486 (node 14949) with in degree 420

Execution time and memory used at after iteration 255 (MF = 0.336471): 1.301633e+05 seconds, 1241391104 bytes of memory usage, 1735832 kB of memory peak and 1-12:09:36 elapsed time
Statistics on the network after iteration 255 (MF = 0.336471)
	Number of nodes: 262111
	Number of allocated nodes: 262144
	Number of edges: 1234877
	Maximum in degree: 420 (node 14949)
	Maximum out degree: 5 (node 0)
	source 0 (node 0) with out degree 5
	target 15486 (node 14949) with in degree 420

Execution time and memory used at after iteration 256 (MF = 0.336471): 1.306467e+05 seconds, 1241391104 bytes of memory usage, 1735832 kB of memory peak and 1-12:17:39 elapsed time
Statistics on the network after iteration 256 (MF = 0.336471)
	Number of nodes: 262111
	Number of allocated nodes: 262144
	Number of edges: 1234877
	Maximum in degree: 420 (node 14949)
	Maximum out degree: 5 (node 0)
	source 0 (node 0) with out degree 5
	target 15486 (node 14949) with in degree 420

Execution time and memory used at after iteration 257 (MF = 0.336471): 1.311023e+05 seconds, 1241391104 bytes of memory usage, 1735832 kB of memory peak and 1-12:25:15 elapsed time
Statistics on the network after iteration 257 (MF = 0.336471)
	Number of nodes: 262111
	Number of allocated nodes: 262144
	Number of edges: 1234877
	Maximum in degree: 420 (node 14949)
	Maximum out degree: 5 (node 0)
	source 0 (node 0) with out degree 5
	target 15486 (node 14949) with in degree 420

Execution time and memory used at after iteration 258 (MF = 0.336471): 1.316043e+05 seconds, 1241391104 bytes of memory usage, 1735832 kB of memory peak and 1-12:33:37 elapsed time
Statistics on the network after iteration 258 (MF = 0.336471)
	Number of nodes: 262111
	Number of allocated nodes: 262144
	Number of edges: 1234877
	Maximum in degree: 420 (node 14949)
	Maximum out degree: 5 (node 0)
	source 0 (node 0) with out degree 5
	target 15486 (node 14949) with in degree 420

Execution time and memory used at after iteration 259 (MF = 0.336471): 1.320779e+05 seconds, 1241391104 bytes of memory usage, 1735832 kB of memory peak and 1-12:41:31 elapsed time
Statistics on the network after iteration 259 (MF = 0.336471)
	Number of nodes: 262111
	Number of allocated nodes: 262144
	Number of edges: 1234877
	Maximum in degree: 420 (node 14949)
	Maximum out degree: 5 (node 0)
	source 0 (node 0) with out degree 5
	target 15486 (node 14949) with in degree 420

Execution time and memory used at after iteration 260 (MF = 0.305882): 1.325065e+05 seconds, 1241391104 bytes of memory usage, 1735832 kB of memory peak and 1-12:48:39 elapsed time
Statistics on the network after iteration 260 (MF = 0.305882)
	Number of nodes: 262111
	Number of allocated nodes: 262144
	Number of edges: 1234877
	Maximum in degree: 420 (node 14949)
	Maximum out degree: 5 (node 0)
	source 0 (node 0) with out degree 5
	target 15486 (node 14949) with in degree 420

Execution time and memory used at after iteration 261 (MF = 0.305882): 1.329865e+05 seconds, 1241391104 bytes of memory usage, 1735832 kB of memory peak and 1-12:56:39 elapsed time
Statistics on the network after iteration 261 (MF = 0.305882)
	Number of nodes: 262111
	Number of allocated nodes: 262144
	Number of edges: 1234877
	Maximum in degree: 420 (node 14949)
	Maximum out degree: 5 (node 0)
	source 0 (node 0) with out degree 5
	target 15486 (node 14949) with in degree 420

Execution time and memory used at after iteration 262 (MF = 0.336471): 1.334643e+05 seconds, 1241391104 bytes of memory usage, 1735832 kB of memory peak and 1-13:04:37 elapsed time
Statistics on the network after iteration 262 (MF = 0.336471)
	Number of nodes: 262111
	Number of allocated nodes: 262144
	Number of edges: 1234877
	Maximum in degree: 420 (node 14949)
	Maximum out degree: 5 (node 0)
	source 0 (node 0) with out degree 5
	target 15486 (node 14949) with in degree 420

Execution time and memory used at after iteration 263 (MF = 0.336471): 1.339667e+05 seconds, 1241391104 bytes of memory usage, 1735832 kB of memory peak and 1-13:13:00 elapsed time
Statistics on the network after iteration 263 (MF = 0.336471)
	Number of nodes: 262111
	Number of allocated nodes: 262144
	Number of edges: 1234877
	Maximum in degree: 420 (node 14949)
	Maximum out degree: 5 (node 0)
	source 0 (node 0) with out degree 5
	target 15486 (node 14949) with in degree 420

Execution time and memory used at after iteration 264 (MF = 0.336471): 1.344177e+05 seconds, 1241391104 bytes of memory usage, 1735832 kB of memory peak and 1-13:20:31 elapsed time
Statistics on the network after iteration 264 (MF = 0.336471)
	Number of nodes: 262111
	Number of allocated nodes: 262144
	Number of edges: 1234877
	Maximum in degree: 420 (node 14949)
	Maximum out degree: 5 (node 0)
	source 0 (node 0) with out degree 5
	target 15486 (node 14949) with in degree 420

Execution time and memory used at after iteration 265 (MF = 0.336471): 1.349203e+05 seconds, 1241391104 bytes of memory usage, 1735832 kB of memory peak and 1-13:28:53 elapsed time
Statistics on the network after iteration 265 (MF = 0.336471)
	Number of nodes: 262111
	Number of allocated nodes: 262144
	Number of edges: 1234877
	Maximum in degree: 420 (node 14949)
	Maximum out degree: 5 (node 0)
	source 0 (node 0) with out degree 5
	target 15486 (node 14949) with in degree 420

Execution time and memory used at after iteration 266 (MF = 0.336471): 1.354220e+05 seconds, 1241391104 bytes of memory usage, 1735832 kB of memory peak and 1-13:37:15 elapsed time
Statistics on the network after iteration 266 (MF = 0.336471)
	Number of nodes: 262111
	Number of allocated nodes: 262144
	Number of edges: 1234877
	Maximum in degree: 420 (node 14949)
	Maximum out degree: 5 (node 0)
	source 0 (node 0) with out degree 5
	target 15486 (node 14949) with in degree 420

Execution time and memory used at after iteration 267 (MF = 0.336471): 1.359000e+05 seconds, 1241391104 bytes of memory usage, 1735832 kB of memory peak and 1-13:45:13 elapsed time
Statistics on the network after iteration 267 (MF = 0.336471)
	Number of nodes: 262111
	Number of allocated nodes: 262144
	Number of edges: 1234877
	Maximum in degree: 420 (node 14949)
	Maximum out degree: 5 (node 0)
	source 0 (node 0) with out degree 5
	target 15486 (node 14949) with in degree 420

Execution time and memory used at after iteration 268 (MF = 0.336471): 1.363832e+05 seconds, 1241391104 bytes of memory usage, 1735832 kB of memory peak and 1-13:53:17 elapsed time
Statistics on the network after iteration 268 (MF = 0.336471)
	Number of nodes: 262111
	Number of allocated nodes: 262144
	Number of edges: 1234877
	Maximum in degree: 420 (node 14949)
	Maximum out degree: 5 (node 0)
	source 0 (node 0) with out degree 5
	target 15486 (node 14949) with in degree 420

Execution time and memory used at after iteration 269 (MF = 0.336471): 1.368388e+05 seconds, 1241391104 bytes of memory usage, 1735832 kB of memory peak and 1-14:00:52 elapsed time
Statistics on the network after iteration 269 (MF = 0.336471)
	Number of nodes: 262111
	Number of allocated nodes: 262144
	Number of edges: 1234877
	Maximum in degree: 420 (node 14949)
	Maximum out degree: 5 (node 0)
	source 0 (node 0) with out degree 5
	target 15486 (node 14949) with in degree 420

Execution time and memory used at after iteration 270 (MF = 0.336471): 1.373416e+05 seconds, 1241391104 bytes of memory usage, 1735832 kB of memory peak and 1-14:09:15 elapsed time
Statistics on the network after iteration 270 (MF = 0.336471)
	Number of nodes: 262111
	Number of allocated nodes: 262144
	Number of edges: 1234877
	Maximum in degree: 420 (node 14949)
	Maximum out degree: 5 (node 0)
	source 0 (node 0) with out degree 5
	target 15486 (node 14949) with in degree 420

Execution time and memory used at after iteration 271 (MF = 0.336471): 1.378150e+05 seconds, 1241391104 bytes of memory usage, 1735832 kB of memory peak and 1-14:17:08 elapsed time
Statistics on the network after iteration 271 (MF = 0.336471)
	Number of nodes: 262111
	Number of allocated nodes: 262144
	Number of edges: 1234877
	Maximum in degree: 420 (node 14949)
	Maximum out degree: 5 (node 0)
	source 0 (node 0) with out degree 5
	target 15486 (node 14949) with in degree 420

Execution time and memory used at after iteration 272 (MF = 0.305882): 1.382487e+05 seconds, 1241391104 bytes of memory usage, 1735832 kB of memory peak and 1-14:24:22 elapsed time
Statistics on the network after iteration 272 (MF = 0.305882)
	Number of nodes: 262111
	Number of allocated nodes: 262144
	Number of edges: 1234877
	Maximum in degree: 420 (node 14949)
	Maximum out degree: 5 (node 0)
	source 0 (node 0) with out degree 5
	target 15486 (node 14949) with in degree 420

Execution time and memory used at after iteration 273 (MF = 0.305882): 1.387311e+05 seconds, 1241391104 bytes of memory usage, 1735832 kB of memory peak and 1-14:32:25 elapsed time
Statistics on the network after iteration 273 (MF = 0.305882)
	Number of nodes: 262111
	Number of allocated nodes: 262144
	Number of edges: 1234877
	Maximum in degree: 420 (node 14949)
	Maximum out degree: 5 (node 0)
	source 0 (node 0) with out degree 5
	target 15486 (node 14949) with in degree 420

Execution time and memory used at after iteration 274 (MF = 0.336471): 1.392114e+05 seconds, 1241391104 bytes of memory usage, 1735832 kB of memory peak and 1-14:40:25 elapsed time
Statistics on the network after iteration 274 (MF = 0.336471)
	Number of nodes: 262111
	Number of allocated nodes: 262144
	Number of edges: 1234877
	Maximum in degree: 420 (node 14949)
	Maximum out degree: 5 (node 0)
	source 0 (node 0) with out degree 5
	target 15486 (node 14949) with in degree 420

Execution time and memory used at after iteration 275 (MF = 0.336471): 1.397161e+05 seconds, 1241391104 bytes of memory usage, 1735832 kB of memory peak and 1-14:48:50 elapsed time
Statistics on the network after iteration 275 (MF = 0.336471)
	Number of nodes: 262111
	Number of allocated nodes: 262144
	Number of edges: 1234877
	Maximum in degree: 420 (node 14949)
	Maximum out degree: 5 (node 0)
	source 0 (node 0) with out degree 5
	target 15486 (node 14949) with in degree 420

Execution time and memory used at after iteration 276 (MF = 0.336471): 1.401689e+05 seconds, 1241391104 bytes of memory usage, 1735832 kB of memory peak and 1-14:56:23 elapsed time
Statistics on the network after iteration 276 (MF = 0.336471)
	Number of nodes: 262111
	Number of allocated nodes: 262144
	Number of edges: 1234877
	Maximum in degree: 420 (node 14949)
	Maximum out degree: 5 (node 0)
	source 0 (node 0) with out degree 5
	target 15486 (node 14949) with in degree 420

Execution time and memory used at after iteration 277 (MF = 0.336471): 1.406737e+05 seconds, 1241391104 bytes of memory usage, 1735832 kB of memory peak and 1-15:04:48 elapsed time
Statistics on the network after iteration 277 (MF = 0.336471)
	Number of nodes: 262111
	Number of allocated nodes: 262144
	Number of edges: 1234877
	Maximum in degree: 420 (node 14949)
	Maximum out degree: 5 (node 0)
	source 0 (node 0) with out degree 5
	target 15486 (node 14949) with in degree 420

Execution time and memory used at after iteration 278 (MF = 0.336471): 1.411782e+05 seconds, 1241391104 bytes of memory usage, 1735832 kB of memory peak and 1-15:13:12 elapsed time
Statistics on the network after iteration 278 (MF = 0.336471)
	Number of nodes: 262111
	Number of allocated nodes: 262144
	Number of edges: 1234877
	Maximum in degree: 420 (node 14949)
	Maximum out degree: 5 (node 0)
	source 0 (node 0) with out degree 5
	target 15486 (node 14949) with in degree 420

Execution time and memory used at after iteration 279 (MF = 0.336471): 1.416585e+05 seconds, 1241391104 bytes of memory usage, 1735832 kB of memory peak and 1-15:21:12 elapsed time
Statistics on the network after iteration 279 (MF = 0.336471)
	Number of nodes: 262111
	Number of allocated nodes: 262144
	Number of edges: 1234877
	Maximum in degree: 420 (node 14949)
	Maximum out degree: 5 (node 0)
	source 0 (node 0) with out degree 5
	target 15486 (node 14949) with in degree 420

Execution time and memory used at after iteration 280 (MF = 0.336471): 1.421439e+05 seconds, 1241391104 bytes of memory usage, 1735832 kB of memory peak and 1-15:29:18 elapsed time
Statistics on the network after iteration 280 (MF = 0.336471)
	Number of nodes: 262111
	Number of allocated nodes: 262144
	Number of edges: 1234877
	Maximum in degree: 420 (node 14949)
	Maximum out degree: 5 (node 0)
	source 0 (node 0) with out degree 5
	target 15486 (node 14949) with in degree 420

Execution time and memory used at after iteration 281 (MF = 0.336471): 1.426013e+05 seconds, 1241391104 bytes of memory usage, 1735832 kB of memory peak and 1-15:36:55 elapsed time
Statistics on the network after iteration 281 (MF = 0.336471)
	Number of nodes: 262111
	Number of allocated nodes: 262144
	Number of edges: 1234877
	Maximum in degree: 420 (node 14949)
	Maximum out degree: 5 (node 0)
	source 0 (node 0) with out degree 5
	target 15486 (node 14949) with in degree 420

Execution time and memory used at after iteration 282 (MF = 0.336471): 1.431042e+05 seconds, 1241391104 bytes of memory usage, 1735832 kB of memory peak and 1-15:45:18 elapsed time
Statistics on the network after iteration 282 (MF = 0.336471)
	Number of nodes: 262111
	Number of allocated nodes: 262144
	Number of edges: 1234877
	Maximum in degree: 420 (node 14949)
	Maximum out degree: 5 (node 0)
	source 0 (node 0) with out degree 5
	target 15486 (node 14949) with in degree 420

Execution time and memory used at after iteration 283 (MF = 0.336471): 1.435785e+05 seconds, 1241391104 bytes of memory usage, 1735832 kB of memory peak and 1-15:53:13 elapsed time
Statistics on the network after iteration 283 (MF = 0.336471)
	Number of nodes: 262111
	Number of allocated nodes: 262144
	Number of edges: 1234877
	Maximum in degree: 420 (node 14949)
	Maximum out degree: 5 (node 0)
	source 0 (node 0) with out degree 5
	target 15486 (node 14949) with in degree 420

Execution time and memory used at after iteration 284 (MF = 0.305882): 1.440010e+05 seconds, 1241391104 bytes of memory usage, 1735832 kB of memory peak and 1-16:00:15 elapsed time
Statistics on the network after iteration 284 (MF = 0.305882)
	Number of nodes: 262111
	Number of allocated nodes: 262144
	Number of edges: 1234877
	Maximum in degree: 420 (node 14949)
	Maximum out degree: 5 (node 0)
	source 0 (node 0) with out degree 5
	target 15486 (node 14949) with in degree 420

Execution time and memory used at after iteration 285 (MF = 0.305882): 1.444322e+05 seconds, 1241391104 bytes of memory usage, 1735832 kB of memory peak and 1-16:07:27 elapsed time
Statistics on the network after iteration 285 (MF = 0.305882)
	Number of nodes: 262111
	Number of allocated nodes: 262144
	Number of edges: 1234877
	Maximum in degree: 420 (node 14949)
	Maximum out degree: 5 (node 0)
	source 0 (node 0) with out degree 5
	target 15486 (node 14949) with in degree 420

Execution time and memory used at after iteration 286 (MF = 0.336471): 1.449649e+05 seconds, 1241391104 bytes of memory usage, 1735832 kB of memory peak and 1-16:16:19 elapsed time
Statistics on the network after iteration 286 (MF = 0.336471)
	Number of nodes: 262111
	Number of allocated nodes: 262144
	Number of edges: 1234877
	Maximum in degree: 420 (node 14949)
	Maximum out degree: 5 (node 0)
	source 0 (node 0) with out degree 5
	target 15486 (node 14949) with in degree 420

Execution time and memory used at after iteration 287 (MF = 0.336471): 1.454831e+05 seconds, 1241391104 bytes of memory usage, 1735832 kB of memory peak and 1-16:24:58 elapsed time
Statistics on the network after iteration 287 (MF = 0.336471)
	Number of nodes: 262111
	Number of allocated nodes: 262144
	Number of edges: 1234877
	Maximum in degree: 420 (node 14949)
	Maximum out degree: 5 (node 0)
	source 0 (node 0) with out degree 5
	target 15486 (node 14949) with in degree 420

Execution time and memory used at after iteration 288 (MF = 0.336471): 1.459143e+05 seconds, 1241391104 bytes of memory usage, 1735832 kB of memory peak and 1-16:32:09 elapsed time
Statistics on the network after iteration 288 (MF = 0.336471)
	Number of nodes: 262111
	Number of allocated nodes: 262144
	Number of edges: 1234877
	Maximum in degree: 420 (node 14949)
	Maximum out degree: 5 (node 0)
	source 0 (node 0) with out degree 5
	target 15486 (node 14949) with in degree 420

Execution time and memory used at after iteration 289 (MF = 0.336471): 1.464003e+05 seconds, 1241391104 bytes of memory usage, 1735832 kB of memory peak and 1-16:40:15 elapsed time
Statistics on the network after iteration 289 (MF = 0.336471)
	Number of nodes: 262111
	Number of allocated nodes: 262144
	Number of edges: 1234877
	Maximum in degree: 420 (node 14949)
	Maximum out degree: 5 (node 0)
	source 0 (node 0) with out degree 5
	target 15486 (node 14949) with in degree 420

Execution time and memory used at after iteration 290 (MF = 0.336471): 1.469188e+05 seconds, 1241391104 bytes of memory usage, 1735832 kB of memory peak and 1-16:48:53 elapsed time
Statistics on the network after iteration 290 (MF = 0.336471)
	Number of nodes: 262111
	Number of allocated nodes: 262144
	Number of edges: 1234877
	Maximum in degree: 420 (node 14949)
	Maximum out degree: 5 (node 0)
	source 0 (node 0) with out degree 5
	target 15486 (node 14949) with in degree 420

Execution time and memory used at after iteration 291 (MF = 0.336471): 1.473752e+05 seconds, 1241391104 bytes of memory usage, 1735832 kB of memory peak and 1-16:56:30 elapsed time
Statistics on the network after iteration 291 (MF = 0.336471)
	Number of nodes: 262111
	Number of allocated nodes: 262144
	Number of edges: 1234877
	Maximum in degree: 420 (node 14949)
	Maximum out degree: 5 (node 0)
	source 0 (node 0) with out degree 5
	target 15486 (node 14949) with in degree 420

Execution time and memory used at after iteration 292 (MF = 0.336471): 1.478201e+05 seconds, 1241391104 bytes of memory usage, 1735832 kB of memory peak and 1-17:03:55 elapsed time
Statistics on the network after iteration 292 (MF = 0.336471)
	Number of nodes: 262111
	Number of allocated nodes: 262144
	Number of edges: 1234877
	Maximum in degree: 420 (node 14949)
	Maximum out degree: 5 (node 0)
	source 0 (node 0) with out degree 5
	target 15486 (node 14949) with in degree 420

Execution time and memory used at after iteration 293 (MF = 0.336471): 1.482781e+05 seconds, 1241391104 bytes of memory usage, 1735832 kB of memory peak and 1-17:11:33 elapsed time
Statistics on the network after iteration 293 (MF = 0.336471)
	Number of nodes: 262111
	Number of allocated nodes: 262144
	Number of edges: 1234877
	Maximum in degree: 420 (node 14949)
	Maximum out degree: 5 (node 0)
	source 0 (node 0) with out degree 5
	target 15486 (node 14949) with in degree 420

Execution time and memory used at after iteration 294 (MF = 0.336471): 1.487953e+05 seconds, 1241391104 bytes of memory usage, 1735832 kB of memory peak and 1-17:20:10 elapsed time
Statistics on the network after iteration 294 (MF = 0.336471)
	Number of nodes: 262111
	Number of allocated nodes: 262144
	Number of edges: 1234877
	Maximum in degree: 420 (node 14949)
	Maximum out degree: 5 (node 0)
	source 0 (node 0) with out degree 5
	target 15486 (node 14949) with in degree 420

Execution time and memory used at after iteration 295 (MF = 0.336471): 1.492605e+05 seconds, 1241391104 bytes of memory usage, 1735832 kB of memory peak and 1-17:27:55 elapsed time
Statistics on the network after iteration 295 (MF = 0.336471)
	Number of nodes: 262111
	Number of allocated nodes: 262144
	Number of edges: 1234877
	Maximum in degree: 420 (node 14949)
	Maximum out degree: 5 (node 0)
	source 0 (node 0) with out degree 5
	target 15486 (node 14949) with in degree 420

Execution time and memory used at after iteration 296 (MF = 0.305882): 1.496950e+05 seconds, 1241391104 bytes of memory usage, 1735832 kB of memory peak and 1-17:35:10 elapsed time
Statistics on the network after iteration 296 (MF = 0.305882)
	Number of nodes: 262111
	Number of allocated nodes: 262144
	Number of edges: 1234877
	Maximum in degree: 420 (node 14949)
	Maximum out degree: 5 (node 0)
	source 0 (node 0) with out degree 5
	target 15486 (node 14949) with in degree 420

Execution time and memory used at after iteration 297 (MF = 0.305882): 1.501799e+05 seconds, 1241391104 bytes of memory usage, 1735832 kB of memory peak and 1-17:43:15 elapsed time
Statistics on the network after iteration 297 (MF = 0.305882)
	Number of nodes: 262111
	Number of allocated nodes: 262144
	Number of edges: 1234877
	Maximum in degree: 420 (node 14949)
	Maximum out degree: 5 (node 0)
	source 0 (node 0) with out degree 5
	target 15486 (node 14949) with in degree 420

Execution time and memory used at after iteration 298 (MF = 0.336471): 1.506628e+05 seconds, 1241391104 bytes of memory usage, 1735832 kB of memory peak and 1-17:51:18 elapsed time
Statistics on the network after iteration 298 (MF = 0.336471)
	Number of nodes: 262111
	Number of allocated nodes: 262144
	Number of edges: 1234877
	Maximum in degree: 420 (node 14949)
	Maximum out degree: 5 (node 0)
	source 0 (node 0) with out degree 5
	target 15486 (node 14949) with in degree 420

Execution time and memory used at after iteration 299 (MF = 0.336471): 1.511706e+05 seconds, 1241391104 bytes of memory usage, 1735832 kB of memory peak and 1-17:59:46 elapsed time
Statistics on the network after iteration 299 (MF = 0.336471)
	Number of nodes: 262111
	Number of allocated nodes: 262144
	Number of edges: 1234877
	Maximum in degree: 420 (node 14949)
	Maximum out degree: 5 (node 0)
	source 0 (node 0) with out degree 5
	target 15486 (node 14949) with in degree 420

Execution time and memory used at after iteration 300 (MF = 0.336471): 1.516272e+05 seconds, 1241391104 bytes of memory usage, 1735832 kB of memory peak and 1-18:07:22 elapsed time
Statistics on the network after iteration 300 (MF = 0.336471)
	Number of nodes: 262111
	Number of allocated nodes: 262144
	Number of edges: 1234877
	Maximum in degree: 420 (node 14949)
	Maximum out degree: 5 (node 0)
	source 0 (node 0) with out degree 5
	target 15486 (node 14949) with in degree 420

Execution time and memory used at after iteration 301 (MF = 0.336471): 1.521352e+05 seconds, 1241391104 bytes of memory usage, 1735832 kB of memory peak and 1-18:15:51 elapsed time
Statistics on the network after iteration 301 (MF = 0.336471)
	Number of nodes: 262111
	Number of allocated nodes: 262144
	Number of edges: 1234877
	Maximum in degree: 420 (node 14949)
	Maximum out degree: 5 (node 0)
	source 0 (node 0) with out degree 5
	target 15486 (node 14949) with in degree 420

Execution time and memory used at after iteration 302 (MF = 0.336471): 1.526434e+05 seconds, 1241391104 bytes of memory usage, 1735832 kB of memory peak and 1-18:24:19 elapsed time
Statistics on the network after iteration 302 (MF = 0.336471)
	Number of nodes: 262111
	Number of allocated nodes: 262144
	Number of edges: 1234877
	Maximum in degree: 420 (node 14949)
	Maximum out degree: 5 (node 0)
	source 0 (node 0) with out degree 5
	target 15486 (node 14949) with in degree 420

Execution time and memory used at after iteration 303 (MF = 0.336471): 1.531263e+05 seconds, 1241391104 bytes of memory usage, 1735832 kB of memory peak and 1-18:32:22 elapsed time
Statistics on the network after iteration 303 (MF = 0.336471)
	Number of nodes: 262111
	Number of allocated nodes: 262144
	Number of edges: 1234877
	Maximum in degree: 420 (node 14949)
	Maximum out degree: 5 (node 0)
	source 0 (node 0) with out degree 5
	target 15486 (node 14949) with in degree 420

Execution time and memory used at after iteration 304 (MF = 0.336471): 1.536150e+05 seconds, 1241391104 bytes of memory usage, 1735832 kB of memory peak and 1-18:40:30 elapsed time
Statistics on the network after iteration 304 (MF = 0.336471)
	Number of nodes: 262111
	Number of allocated nodes: 262144
	Number of edges: 1234877
	Maximum in degree: 420 (node 14949)
	Maximum out degree: 5 (node 0)
	source 0 (node 0) with out degree 5
	target 15486 (node 14949) with in degree 420

Execution time and memory used at after iteration 305 (MF = 0.336471): 1.540761e+05 seconds, 1241391104 bytes of memory usage, 1735832 kB of memory peak and 1-18:48:12 elapsed time
Statistics on the network after iteration 305 (MF = 0.336471)
	Number of nodes: 262111
	Number of allocated nodes: 262144
	Number of edges: 1234877
	Maximum in degree: 420 (node 14949)
	Maximum out degree: 5 (node 0)
	source 0 (node 0) with out degree 5
	target 15486 (node 14949) with in degree 420

Execution time and memory used at after iteration 306 (MF = 0.336471): 1.545844e+05 seconds, 1241391104 bytes of memory usage, 1735832 kB of memory peak and 1-18:56:40 elapsed time
Statistics on the network after iteration 306 (MF = 0.336471)
	Number of nodes: 262111
	Number of allocated nodes: 262144
	Number of edges: 1234877
	Maximum in degree: 420 (node 14949)
	Maximum out degree: 5 (node 0)
	source 0 (node 0) with out degree 5
	target 15486 (node 14949) with in degree 420

Execution time and memory used at after iteration 307 (MF = 0.336471): 1.550645e+05 seconds, 1241391104 bytes of memory usage, 1735832 kB of memory peak and 1-19:04:40 elapsed time
Statistics on the network after iteration 307 (MF = 0.336471)
	Number of nodes: 262111
	Number of allocated nodes: 262144
	Number of edges: 1234877
	Maximum in degree: 420 (node 14949)
	Maximum out degree: 5 (node 0)
	source 0 (node 0) with out degree 5
	target 15486 (node 14949) with in degree 420

Execution time and memory used at after iteration 308 (MF = 0.303529): 1.555257e+05 seconds, 1241391104 bytes of memory usage, 1735832 kB of memory peak and 1-19:12:21 elapsed time
Statistics on the network after iteration 308 (MF = 0.303529)
	Number of nodes: 262111
	Number of allocated nodes: 262144
	Number of edges: 1234877
	Maximum in degree: 420 (node 14949)
	Maximum out degree: 5 (node 0)
	source 0 (node 0) with out degree 5
	target 15486 (node 14949) with in degree 420

Execution time and memory used at after iteration 309 (MF = 0.303529): 1.560158e+05 seconds, 1241391104 bytes of memory usage, 1735832 kB of memory peak and 1-19:20:32 elapsed time
Statistics on the network after iteration 309 (MF = 0.303529)
	Number of nodes: 262111
	Number of allocated nodes: 262144
	Number of edges: 1234877
	Maximum in degree: 420 (node 14949)
	Maximum out degree: 5 (node 0)
	source 0 (node 0) with out degree 5
	target 15486 (node 14949) with in degree 420

Execution time and memory used at after iteration 310 (MF = 0.303529): 1.564862e+05 seconds, 1241391104 bytes of memory usage, 1735832 kB of memory peak and 1-19:28:22 elapsed time
Statistics on the network after iteration 310 (MF = 0.303529)
	Number of nodes: 262111
	Number of allocated nodes: 262144
	Number of edges: 1234877
	Maximum in degree: 420 (node 14949)
	Maximum out degree: 5 (node 0)
	source 0 (node 0) with out degree 5
	target 15486 (node 14949) with in degree 420

Execution time and memory used at after iteration 311 (MF = 0.303529): 1.570205e+05 seconds, 1241391104 bytes of memory usage, 1735832 kB of memory peak and 1-19:37:16 elapsed time
Statistics on the network after iteration 311 (MF = 0.303529)
	Number of nodes: 262111
	Number of allocated nodes: 262144
	Number of edges: 1234877
	Maximum in degree: 420 (node 14949)
	Maximum out degree: 5 (node 0)
	source 0 (node 0) with out degree 5
	target 15486 (node 14949) with in degree 420

Execution time and memory used at after iteration 312 (MF = 0.303529): 1.575061e+05 seconds, 1241391104 bytes of memory usage, 1735832 kB of memory peak and 1-19:45:22 elapsed time
Statistics on the network after iteration 312 (MF = 0.303529)
	Number of nodes: 262111
	Number of allocated nodes: 262144
	Number of edges: 1234877
	Maximum in degree: 420 (node 14949)
	Maximum out degree: 5 (node 0)
	source 0 (node 0) with out degree 5
	target 15486 (node 14949) with in degree 420

Execution time and memory used at after iteration 313 (MF = 0.303529): 1.580112e+05 seconds, 1241391104 bytes of memory usage, 1735832 kB of memory peak and 1-19:53:47 elapsed time
Statistics on the network after iteration 313 (MF = 0.303529)
	Number of nodes: 262111
	Number of allocated nodes: 262144
	Number of edges: 1234877
	Maximum in degree: 420 (node 14949)
	Maximum out degree: 5 (node 0)
	source 0 (node 0) with out degree 5
	target 15486 (node 14949) with in degree 420

Execution time and memory used at after iteration 314 (MF = 0.303529): 1.585303e+05 seconds, 1241391104 bytes of memory usage, 1735832 kB of memory peak and 1-20:02:27 elapsed time
Statistics on the network after iteration 314 (MF = 0.303529)
	Number of nodes: 262111
	Number of allocated nodes: 262144
	Number of edges: 1234877
	Maximum in degree: 420 (node 14949)
	Maximum out degree: 5 (node 0)
	source 0 (node 0) with out degree 5
	target 15486 (node 14949) with in degree 420

Execution time and memory used at after iteration 315 (MF = 0.303529): 1.590492e+05 seconds, 1241391104 bytes of memory usage, 1735832 kB of memory peak and 1-20:11:05 elapsed time
Statistics on the network after iteration 315 (MF = 0.303529)
	Number of nodes: 262111
	Number of allocated nodes: 262144
	Number of edges: 1234877
	Maximum in degree: 420 (node 14949)
	Maximum out degree: 5 (node 0)
	source 0 (node 0) with out degree 5
	target 15486 (node 14949) with in degree 420

Execution time and memory used at after iteration 316 (MF = 0.303529): 1.595664e+05 seconds, 1241391104 bytes of memory usage, 1735832 kB of memory peak and 1-20:19:43 elapsed time
Statistics on the network after iteration 316 (MF = 0.303529)
	Number of nodes: 262111
	Number of allocated nodes: 262144
	Number of edges: 1234877
	Maximum in degree: 420 (node 14949)
	Maximum out degree: 5 (node 0)
	source 0 (node 0) with out degree 5
	target 15486 (node 14949) with in degree 420

Execution time and memory used at after iteration 317 (MF = 0.303529): 1.600289e+05 seconds, 1241391104 bytes of memory usage, 1735832 kB of memory peak and 1-20:27:25 elapsed time
Statistics on the network after iteration 317 (MF = 0.303529)
	Number of nodes: 262111
	Number of allocated nodes: 262144
	Number of edges: 1234877
	Maximum in degree: 420 (node 14949)
	Maximum out degree: 5 (node 0)
	source 0 (node 0) with out degree 5
	target 15486 (node 14949) with in degree 420

Execution time and memory used at after iteration 318 (MF = 0.303529): 1.604920e+05 seconds, 1241391104 bytes of memory usage, 1735832 kB of memory peak and 1-20:35:08 elapsed time
Statistics on the network after iteration 318 (MF = 0.303529)
	Number of nodes: 262111
	Number of allocated nodes: 262144
	Number of edges: 1234877
	Maximum in degree: 420 (node 14949)
	Maximum out degree: 5 (node 0)
	source 0 (node 0) with out degree 5
	target 15486 (node 14949) with in degree 420

Execution time and memory used at after iteration 319 (MF = 0.303529): 1.609544e+05 seconds, 1241391104 bytes of memory usage, 1735832 kB of memory peak and 1-20:42:51 elapsed time
Statistics on the network after iteration 319 (MF = 0.303529)
	Number of nodes: 262111
	Number of allocated nodes: 262144
	Number of edges: 1234877
	Maximum in degree: 420 (node 14949)
	Maximum out degree: 5 (node 0)
	source 0 (node 0) with out degree 5
	target 15486 (node 14949) with in degree 420

Execution time and memory used at after iteration 320 (MF = 0.303529): 1.613289e+05 seconds, 1241391104 bytes of memory usage, 1735832 kB of memory peak and 1-20:49:05 elapsed time
Statistics on the network after iteration 320 (MF = 0.303529)
	Number of nodes: 262111
	Number of allocated nodes: 262144
	Number of edges: 1234877
	Maximum in degree: 420 (node 14949)
	Maximum out degree: 5 (node 0)
	source 0 (node 0) with out degree 5
	target 15486 (node 14949) with in degree 420

Execution time and memory used at after iteration 321 (MF = 0.303529): 1.618724e+05 seconds, 1241391104 bytes of memory usage, 1735832 kB of memory peak and 1-20:58:09 elapsed time
Statistics on the network after iteration 321 (MF = 0.303529)
	Number of nodes: 262111
	Number of allocated nodes: 262144
	Number of edges: 1234877
	Maximum in degree: 420 (node 14949)
	Maximum out degree: 5 (node 0)
	source 0 (node 0) with out degree 5
	target 15486 (node 14949) with in degree 420

Execution time and memory used at after iteration 322 (MF = 0.303529): 1.623643e+05 seconds, 1241391104 bytes of memory usage, 1735832 kB of memory peak and 1-21:06:21 elapsed time
Statistics on the network after iteration 322 (MF = 0.303529)
	Number of nodes: 262111
	Number of allocated nodes: 262144
	Number of edges: 1234877
	Maximum in degree: 420 (node 14949)
	Maximum out degree: 5 (node 0)
	source 0 (node 0) with out degree 5
	target 15486 (node 14949) with in degree 420

Execution time and memory used at after iteration 323 (MF = 0.303529): 1.628493e+05 seconds, 1241391104 bytes of memory usage, 1735832 kB of memory peak and 1-21:14:26 elapsed time
Statistics on the network after iteration 323 (MF = 0.303529)
	Number of nodes: 262111
	Number of allocated nodes: 262144
	Number of edges: 1234877
	Maximum in degree: 420 (node 14949)
	Maximum out degree: 5 (node 0)
	source 0 (node 0) with out degree 5
	target 15486 (node 14949) with in degree 420

Execution time and memory used at after iteration 324 (MF = 0.303529): 1.633142e+05 seconds, 1241391104 bytes of memory usage, 1735832 kB of memory peak and 1-21:22:11 elapsed time
Statistics on the network after iteration 324 (MF = 0.303529)
	Number of nodes: 262111
	Number of allocated nodes: 262144
	Number of edges: 1234877
	Maximum in degree: 420 (node 14949)
	Maximum out degree: 5 (node 0)
	source 0 (node 0) with out degree 5
	target 15486 (node 14949) with in degree 420

Execution time and memory used at after iteration 325 (MF = 0.336471): 1.637844e+05 seconds, 1241391104 bytes of memory usage, 1735832 kB of memory peak and 1-21:30:01 elapsed time
Statistics on the network after iteration 325 (MF = 0.336471)
	Number of nodes: 262111
	Number of allocated nodes: 262144
	Number of edges: 1234877
	Maximum in degree: 420 (node 14949)
	Maximum out degree: 5 (node 0)
	source 0 (node 0) with out degree 5
	target 15486 (node 14949) with in degree 420

Execution time and memory used at after iteration 326 (MF = 0.336471): 1.642646e+05 seconds, 1241391104 bytes of memory usage, 1735832 kB of memory peak and 1-21:38:02 elapsed time
Statistics on the network after iteration 326 (MF = 0.336471)
	Number of nodes: 262111
	Number of allocated nodes: 262144
	Number of edges: 1234877
	Maximum in degree: 420 (node 14949)
	Maximum out degree: 5 (node 0)
	source 0 (node 0) with out degree 5
	target 15486 (node 14949) with in degree 420

Execution time and memory used at after iteration 327 (MF = 0.336471): 1.647501e+05 seconds, 1241391104 bytes of memory usage, 1735832 kB of memory peak and 1-21:46:07 elapsed time
Statistics on the network after iteration 327 (MF = 0.336471)
	Number of nodes: 262111
	Number of allocated nodes: 262144
	Number of edges: 1234877
	Maximum in degree: 420 (node 14949)
	Maximum out degree: 5 (node 0)
	source 0 (node 0) with out degree 5
	target 15486 (node 14949) with in degree 420

Execution time and memory used at after iteration 328 (MF = 0.336471): 1.652624e+05 seconds, 1241391104 bytes of memory usage, 1735832 kB of memory peak and 1-21:54:40 elapsed time
Statistics on the network after iteration 328 (MF = 0.336471)
	Number of nodes: 262111
	Number of allocated nodes: 262144
	Number of edges: 1234877
	Maximum in degree: 420 (node 14949)
	Maximum out degree: 5 (node 0)
	source 0 (node 0) with out degree 5
	target 15486 (node 14949) with in degree 420

Execution time and memory used at after iteration 329 (MF = 0.336471): 1.657481e+05 seconds, 1241391104 bytes of memory usage, 1735832 kB of memory peak and 1-22:02:45 elapsed time
Statistics on the network after iteration 329 (MF = 0.336471)
	Number of nodes: 262111
	Number of allocated nodes: 262144
	Number of edges: 1234877
	Maximum in degree: 420 (node 14949)
	Maximum out degree: 5 (node 0)
	source 0 (node 0) with out degree 5
	target 15486 (node 14949) with in degree 420

Execution time and memory used at after iteration 330 (MF = 0.336471): 1.662357e+05 seconds, 1241391104 bytes of memory usage, 1735832 kB of memory peak and 1-22:10:53 elapsed time
Statistics on the network after iteration 330 (MF = 0.336471)
	Number of nodes: 262111
	Number of allocated nodes: 262144
	Number of edges: 1234877
	Maximum in degree: 420 (node 14949)
	Maximum out degree: 5 (node 0)
	source 0 (node 0) with out degree 5
	target 15486 (node 14949) with in degree 420

Execution time and memory used at after iteration 331 (MF = 0.336471): 1.667229e+05 seconds, 1241391104 bytes of memory usage, 1735832 kB of memory peak and 1-22:19:00 elapsed time
Statistics on the network after iteration 331 (MF = 0.336471)
	Number of nodes: 262111
	Number of allocated nodes: 262144
	Number of edges: 1234877
	Maximum in degree: 420 (node 14949)
	Maximum out degree: 5 (node 0)
	source 0 (node 0) with out degree 5
	target 15486 (node 14949) with in degree 420

Execution time and memory used at after iteration 332 (MF = 0.336471): 1.672142e+05 seconds, 1241391104 bytes of memory usage, 1735832 kB of memory peak and 1-22:27:12 elapsed time
Statistics on the network after iteration 332 (MF = 0.336471)
	Number of nodes: 262111
	Number of allocated nodes: 262144
	Number of edges: 1234877
	Maximum in degree: 420 (node 14949)
	Maximum out degree: 5 (node 0)
	source 0 (node 0) with out degree 5
	target 15486 (node 14949) with in degree 420

Execution time and memory used at after iteration 333 (MF = 0.336471): 1.677167e+05 seconds, 1241391104 bytes of memory usage, 1735832 kB of memory peak and 1-22:35:34 elapsed time
Statistics on the network after iteration 333 (MF = 0.336471)
	Number of nodes: 262111
	Number of allocated nodes: 262144
	Number of edges: 1234877
	Maximum in degree: 420 (node 14949)
	Maximum out degree: 5 (node 0)
	source 0 (node 0) with out degree 5
	target 15486 (node 14949) with in degree 420

Execution time and memory used at after iteration 334 (MF = 0.336471): 1.682028e+05 seconds, 1241391104 bytes of memory usage, 1735832 kB of memory peak and 1-22:43:40 elapsed time
Statistics on the network after iteration 334 (MF = 0.336471)
	Number of nodes: 262111
	Number of allocated nodes: 262144
	Number of edges: 1234877
	Maximum in degree: 420 (node 14949)
	Maximum out degree: 5 (node 0)
	source 0 (node 0) with out degree 5
	target 15486 (node 14949) with in degree 420

Execution time and memory used at after iteration 335 (MF = 0.336471): 1.686953e+05 seconds, 1241391104 bytes of memory usage, 1735832 kB of memory peak and 1-22:51:53 elapsed time
Statistics on the network after iteration 335 (MF = 0.336471)
	Number of nodes: 262111
	Number of allocated nodes: 262144
	Number of edges: 1234877
	Maximum in degree: 420 (node 14949)
	Maximum out degree: 5 (node 0)
	source 0 (node 0) with out degree 5
	target 15486 (node 14949) with in degree 420

Execution time and memory used at after iteration 336 (MF = 0.336471): 1.691245e+05 seconds, 1241391104 bytes of memory usage, 1735832 kB of memory peak and 1-22:59:02 elapsed time
Statistics on the network after iteration 336 (MF = 0.336471)
	Number of nodes: 262111
	Number of allocated nodes: 262144
	Number of edges: 1234877
	Maximum in degree: 420 (node 14949)
	Maximum out degree: 5 (node 0)
	source 0 (node 0) with out degree 5
	target 15486 (node 14949) with in degree 420

Execution time and memory used at after iteration 337 (MF = 0.336471): 1.696223e+05 seconds, 1241391104 bytes of memory usage, 1735832 kB of memory peak and 1-23:07:20 elapsed time
Statistics on the network after iteration 337 (MF = 0.336471)
	Number of nodes: 262111
	Number of allocated nodes: 262144
	Number of edges: 1234877
	Maximum in degree: 420 (node 14949)
	Maximum out degree: 5 (node 0)
	source 0 (node 0) with out degree 5
	target 15486 (node 14949) with in degree 420

Execution time and memory used at after iteration 338 (MF = 0.336471): 1.701018e+05 seconds, 1241391104 bytes of memory usage, 1735832 kB of memory peak and 1-23:15:20 elapsed time
Statistics on the network after iteration 338 (MF = 0.336471)
	Number of nodes: 262111
	Number of allocated nodes: 262144
	Number of edges: 1234877
	Maximum in degree: 420 (node 14949)
	Maximum out degree: 5 (node 0)
	source 0 (node 0) with out degree 5
	target 15486 (node 14949) with in degree 420

Execution time and memory used at after iteration 339 (MF = 0.336471): 1.705903e+05 seconds, 1241391104 bytes of memory usage, 1735832 kB of memory peak and 1-23:23:28 elapsed time
Statistics on the network after iteration 339 (MF = 0.336471)
	Number of nodes: 262111
	Number of allocated nodes: 262144
	Number of edges: 1234877
	Maximum in degree: 420 (node 14949)
	Maximum out degree: 5 (node 0)
	source 0 (node 0) with out degree 5
	target 15486 (node 14949) with in degree 420

Execution time and memory used at after iteration 340 (MF = 0.336471): 1.710754e+05 seconds, 1241391104 bytes of memory usage, 1735832 kB of memory peak and 1-23:31:33 elapsed time
Statistics on the network after iteration 340 (MF = 0.336471)
	Number of nodes: 262111
	Number of allocated nodes: 262144
	Number of edges: 1234877
	Maximum in degree: 420 (node 14949)
	Maximum out degree: 5 (node 0)
	source 0 (node 0) with out degree 5
	target 15486 (node 14949) with in degree 420

Execution time and memory used at after iteration 341 (MF = 0.336471): 1.715625e+05 seconds, 1241391104 bytes of memory usage, 1735832 kB of memory peak and 1-23:39:41 elapsed time
Statistics on the network after iteration 341 (MF = 0.336471)
	Number of nodes: 262111
	Number of allocated nodes: 262144
	Number of edges: 1234877
	Maximum in degree: 420 (node 14949)
	Maximum out degree: 5 (node 0)
	source 0 (node 0) with out degree 5
	target 15486 (node 14949) with in degree 420

Execution time and memory used at after iteration 342 (MF = 0.336471): 1.720499e+05 seconds, 1241391104 bytes of memory usage, 1735832 kB of memory peak and 1-23:47:48 elapsed time
Statistics on the network after iteration 342 (MF = 0.336471)
	Number of nodes: 262111
	Number of allocated nodes: 262144
	Number of edges: 1234877
	Maximum in degree: 420 (node 14949)
	Maximum out degree: 5 (node 0)
	source 0 (node 0) with out degree 5
	target 15486 (node 14949) with in degree 420

Execution time and memory used at after iteration 343 (MF = 0.336471): 1.725358e+05 seconds, 1241391104 bytes of memory usage, 1735832 kB of memory peak and 1-23:55:54 elapsed time
Statistics on the network after iteration 343 (MF = 0.336471)
	Number of nodes: 262111
	Number of allocated nodes: 262144
	Number of edges: 1234877
	Maximum in degree: 420 (node 14949)
	Maximum out degree: 5 (node 0)
	source 0 (node 0) with out degree 5
	target 15486 (node 14949) with in degree 420

Execution time and memory used at after iteration 344 (MF = 0.336471): 1.730491e+05 seconds, 1241391104 bytes of memory usage, 1735832 kB of memory peak and 2-00:04:27 elapsed time
Statistics on the network after iteration 344 (MF = 0.336471)
	Number of nodes: 262111
	Number of allocated nodes: 262144
	Number of edges: 1234877
	Maximum in degree: 420 (node 14949)
	Maximum out degree: 5 (node 0)
	source 0 (node 0) with out degree 5
	target 15486 (node 14949) with in degree 420

Execution time and memory used at after iteration 345 (MF = 0.336471): 1.735400e+05 seconds, 1241391104 bytes of memory usage, 1735832 kB of memory peak and 2-00:12:38 elapsed time
Statistics on the network after iteration 345 (MF = 0.336471)
	Number of nodes: 262111
	Number of allocated nodes: 262144
	Number of edges: 1234877
	Maximum in degree: 420 (node 14949)
	Maximum out degree: 5 (node 0)
	source 0 (node 0) with out degree 5
	target 15486 (node 14949) with in degree 420

Execution time and memory used at after iteration 346 (MF = 0.336471): 1.740054e+05 seconds, 1241391104 bytes of memory usage, 1735832 kB of memory peak and 2-00:20:24 elapsed time
Statistics on the network after iteration 346 (MF = 0.336471)
	Number of nodes: 262111
	Number of allocated nodes: 262144
	Number of edges: 1234877
	Maximum in degree: 420 (node 14949)
	Maximum out degree: 5 (node 0)
	source 0 (node 0) with out degree 5
	target 15486 (node 14949) with in degree 420

Execution time and memory used at after iteration 347 (MF = 0.336471): 1.744878e+05 seconds, 1241391104 bytes of memory usage, 1735832 kB of memory peak and 2-00:28:26 elapsed time
Statistics on the network after iteration 347 (MF = 0.336471)
	Number of nodes: 262111
	Number of allocated nodes: 262144
	Number of edges: 1234877
	Maximum in degree: 420 (node 14949)
	Maximum out degree: 5 (node 0)
	source 0 (node 0) with out degree 5
	target 15486 (node 14949) with in degree 420

Execution time and memory used at after iteration 348 (MF = 0.336471): 1.749746e+05 seconds, 1241391104 bytes of memory usage, 1735832 kB of memory peak and 2-00:36:33 elapsed time
Statistics on the network after iteration 348 (MF = 0.336471)
	Number of nodes: 262111
	Number of allocated nodes: 262144
	Number of edges: 1234877
	Maximum in degree: 420 (node 14949)
	Maximum out degree: 5 (node 0)
	source 0 (node 0) with out degree 5
	target 15486 (node 14949) with in degree 420

Execution time and memory used at after iteration 349 (MF = 0.336471): 1.754597e+05 seconds, 1241391104 bytes of memory usage, 1735832 kB of memory peak and 2-00:44:38 elapsed time
Statistics on the network after iteration 349 (MF = 0.336471)
	Number of nodes: 262111
	Number of allocated nodes: 262144
	Number of edges: 1234877
	Maximum in degree: 420 (node 14949)
	Maximum out degree: 5 (node 0)
	source 0 (node 0) with out degree 5
	target 15486 (node 14949) with in degree 420

Execution time and memory used at after iteration 350 (MF = 0.336471): 1.759262e+05 seconds, 1241391104 bytes of memory usage, 1735832 kB of memory peak and 2-00:52:25 elapsed time
Statistics on the network after iteration 350 (MF = 0.336471)
	Number of nodes: 262111
	Number of allocated nodes: 262144
	Number of edges: 1234877
	Maximum in degree: 420 (node 14949)
	Maximum out degree: 5 (node 0)
	source 0 (node 0) with out degree 5
	target 15486 (node 14949) with in degree 420

Execution time and memory used at after iteration 351 (MF = 0.336471): 1.763926e+05 seconds, 1241391104 bytes of memory usage, 1735832 kB of memory peak and 2-01:00:11 elapsed time
Statistics on the network after iteration 351 (MF = 0.336471)
	Number of nodes: 262111
	Number of allocated nodes: 262144
	Number of edges: 1234877
	Maximum in degree: 420 (node 14949)
	Maximum out degree: 5 (node 0)
	source 0 (node 0) with out degree 5
	target 15486 (node 14949) with in degree 420

Execution time and memory used at after iteration 352 (MF = 0.336471): 1.768916e+05 seconds, 1241391104 bytes of memory usage, 1735832 kB of memory peak and 2-01:08:30 elapsed time
Statistics on the network after iteration 352 (MF = 0.336471)
	Number of nodes: 262111
	Number of allocated nodes: 262144
	Number of edges: 1234877
	Maximum in degree: 420 (node 14949)
	Maximum out degree: 5 (node 0)
	source 0 (node 0) with out degree 5
	target 15486 (node 14949) with in degree 420

Execution time and memory used at after iteration 353 (MF = 0.336471): 1.773783e+05 seconds, 1241391104 bytes of memory usage, 1735832 kB of memory peak and 2-01:16:37 elapsed time
Statistics on the network after iteration 353 (MF = 0.336471)
	Number of nodes: 262111
	Number of allocated nodes: 262144
	Number of edges: 1234877
	Maximum in degree: 420 (node 14949)
	Maximum out degree: 5 (node 0)
	source 0 (node 0) with out degree 5
	target 15486 (node 14949) with in degree 420

Execution time and memory used at after iteration 354 (MF = 0.336471): 1.778654e+05 seconds, 1241391104 bytes of memory usage, 1735832 kB of memory peak and 2-01:24:44 elapsed time
Statistics on the network after iteration 354 (MF = 0.336471)
	Number of nodes: 262111
	Number of allocated nodes: 262144
	Number of edges: 1234877
	Maximum in degree: 420 (node 14949)
	Maximum out degree: 5 (node 0)
	source 0 (node 0) with out degree 5
	target 15486 (node 14949) with in degree 420

Execution time and memory used at after iteration 355 (MF = 0.336471): 1.783055e+05 seconds, 1241391104 bytes of memory usage, 1735832 kB of memory peak and 2-01:32:04 elapsed time
Statistics on the network after iteration 355 (MF = 0.336471)
	Number of nodes: 262111
	Number of allocated nodes: 262144
	Number of edges: 1234877
	Maximum in degree: 420 (node 14949)
	Maximum out degree: 5 (node 0)
	source 0 (node 0) with out degree 5
	target 15486 (node 14949) with in degree 420

Execution time and memory used at after iteration 356 (MF = 0.336471): 1.788044e+05 seconds, 1241391104 bytes of memory usage, 1735832 kB of memory peak and 2-01:40:23 elapsed time
Statistics on the network after iteration 356 (MF = 0.336471)
	Number of nodes: 262111
	Number of allocated nodes: 262144
	Number of edges: 1234877
	Maximum in degree: 420 (node 14949)
	Maximum out degree: 5 (node 0)
	source 0 (node 0) with out degree 5
	target 15486 (node 14949) with in degree 420

Execution time and memory used at after iteration 357 (MF = 0.336471): 1.793035e+05 seconds, 1241391104 bytes of memory usage, 1735832 kB of memory peak and 2-01:48:43 elapsed time
Statistics on the network after iteration 357 (MF = 0.336471)
	Number of nodes: 262111
	Number of allocated nodes: 262144
	Number of edges: 1234877
	Maximum in degree: 420 (node 14949)
	Maximum out degree: 5 (node 0)
	source 0 (node 0) with out degree 5
	target 15486 (node 14949) with in degree 420

Execution time and memory used at after iteration 358 (MF = 0.336471): 1.798024e+05 seconds, 1241391104 bytes of memory usage, 1735832 kB of memory peak and 2-01:57:02 elapsed time
Statistics on the network after iteration 358 (MF = 0.336471)
	Number of nodes: 262111
	Number of allocated nodes: 262144
	Number of edges: 1234877
	Maximum in degree: 420 (node 14949)
	Maximum out degree: 5 (node 0)
	source 0 (node 0) with out degree 5
	target 15486 (node 14949) with in degree 420

Execution time and memory used at after iteration 359 (MF = 0.336471): 1.802981e+05 seconds, 1241391104 bytes of memory usage, 1735832 kB of memory peak and 2-02:05:17 elapsed time
Statistics on the network after iteration 359 (MF = 0.336471)
	Number of nodes: 262111
	Number of allocated nodes: 262144
	Number of edges: 1234877
	Maximum in degree: 420 (node 14949)
	Maximum out degree: 5 (node 0)
	source 0 (node 0) with out degree 5
	target 15486 (node 14949) with in degree 420

Execution time and memory used at after iteration 360 (MF = 0.336471): 1.807935e+05 seconds, 1241391104 bytes of memory usage, 1735832 kB of memory peak and 2-02:13:33 elapsed time
Statistics on the network after iteration 360 (MF = 0.336471)
	Number of nodes: 262111
	Number of allocated nodes: 262144
	Number of edges: 1234877
	Maximum in degree: 420 (node 14949)
	Maximum out degree: 5 (node 0)
	source 0 (node 0) with out degree 5
	target 15486 (node 14949) with in degree 420

Execution time and memory used at after iteration 361 (MF = 0.336471): 1.812902e+05 seconds, 1241391104 bytes of memory usage, 1735832 kB of memory peak and 2-02:21:50 elapsed time
Statistics on the network after iteration 361 (MF = 0.336471)
	Number of nodes: 262111
	Number of allocated nodes: 262144
	Number of edges: 1234877
	Maximum in degree: 420 (node 14949)
	Maximum out degree: 5 (node 0)
	source 0 (node 0) with out degree 5
	target 15486 (node 14949) with in degree 420

Execution time and memory used at after iteration 362 (MF = 0.336471): 1.817705e+05 seconds, 1241391104 bytes of memory usage, 1735832 kB of memory peak and 2-02:29:50 elapsed time
Statistics on the network after iteration 362 (MF = 0.336471)
	Number of nodes: 262111
	Number of allocated nodes: 262144
	Number of edges: 1234877
	Maximum in degree: 420 (node 14949)
	Maximum out degree: 5 (node 0)
	source 0 (node 0) with out degree 5
	target 15486 (node 14949) with in degree 420

Execution time and memory used at after iteration 363 (MF = 0.336471): 1.823039e+05 seconds, 1241391104 bytes of memory usage, 1735832 kB of memory peak and 2-02:38:43 elapsed time
Statistics on the network after iteration 363 (MF = 0.336471)
	Number of nodes: 262111
	Number of allocated nodes: 262144
	Number of edges: 1234877
	Maximum in degree: 420 (node 14949)
	Maximum out degree: 5 (node 0)
	source 0 (node 0) with out degree 5
	target 15486 (node 14949) with in degree 420

Execution time and memory used at after iteration 364 (MF = 0.336471): 1.828029e+05 seconds, 1241391104 bytes of memory usage, 1735832 kB of memory peak and 2-02:47:02 elapsed time
Statistics on the network after iteration 364 (MF = 0.336471)
	Number of nodes: 262111
	Number of allocated nodes: 262144
	Number of edges: 1234877
	Maximum in degree: 420 (node 14949)
	Maximum out degree: 5 (node 0)
	source 0 (node 0) with out degree 5
	target 15486 (node 14949) with in degree 420

Execution time and memory used at after iteration 365 (MF = 0.336471): 1.832872e+05 seconds, 1241391104 bytes of memory usage, 1735832 kB of memory peak and 2-02:55:07 elapsed time
Statistics on the network after iteration 365 (MF = 0.336471)
	Number of nodes: 262111
	Number of allocated nodes: 262144
	Number of edges: 1234877
	Maximum in degree: 420 (node 14949)
	Maximum out degree: 5 (node 0)
	source 0 (node 0) with out degree 5
	target 15486 (node 14949) with in degree 420

Execution time and memory used at after iteration 366 (MF = 0.336471): 1.837510e+05 seconds, 1241391104 bytes of memory usage, 1735832 kB of memory peak and 2-03:02:51 elapsed time
Statistics on the network after iteration 366 (MF = 0.336471)
	Number of nodes: 262111
	Number of allocated nodes: 262144
	Number of edges: 1234877
	Maximum in degree: 420 (node 14949)
	Maximum out degree: 5 (node 0)
	source 0 (node 0) with out degree 5
	target 15486 (node 14949) with in degree 420

Execution time and memory used at after iteration 367 (MF = 0.336471): 1.841816e+05 seconds, 1241391104 bytes of memory usage, 1735832 kB of memory peak and 2-03:10:01 elapsed time
Statistics on the network after iteration 367 (MF = 0.336471)
	Number of nodes: 262111
	Number of allocated nodes: 262144
	Number of edges: 1234877
	Maximum in degree: 420 (node 14949)
	Maximum out degree: 5 (node 0)
	source 0 (node 0) with out degree 5
	target 15486 (node 14949) with in degree 420

Execution time and memory used at after iteration 368 (MF = 0.336471): 1.846116e+05 seconds, 1241391104 bytes of memory usage, 1735832 kB of memory peak and 2-03:17:11 elapsed time
Statistics on the network after iteration 368 (MF = 0.336471)
	Number of nodes: 262111
	Number of allocated nodes: 262144
	Number of edges: 1234877
	Maximum in degree: 420 (node 14949)
	Maximum out degree: 5 (node 0)
	source 0 (node 0) with out degree 5
	target 15486 (node 14949) with in degree 420

Execution time and memory used at after iteration 369 (MF = 0.336471): 1.850565e+05 seconds, 1241391104 bytes of memory usage, 1735832 kB of memory peak and 2-03:24:36 elapsed time
Statistics on the network after iteration 369 (MF = 0.336471)
	Number of nodes: 262111
	Number of allocated nodes: 262144
	Number of edges: 1234877
	Maximum in degree: 420 (node 14949)
	Maximum out degree: 5 (node 0)
	source 0 (node 0) with out degree 5
	target 15486 (node 14949) with in degree 420

Execution time and memory used at after iteration 370 (MF = 0.336471): 1.855023e+05 seconds, 1241391104 bytes of memory usage, 1735832 kB of memory peak and 2-03:32:02 elapsed time
Statistics on the network after iteration 370 (MF = 0.336471)
	Number of nodes: 262111
	Number of allocated nodes: 262144
	Number of edges: 1234877
	Maximum in degree: 420 (node 14949)
	Maximum out degree: 5 (node 0)
	source 0 (node 0) with out degree 5
	target 15486 (node 14949) with in degree 420

Execution time and memory used at after iteration 371 (MF = 0.336471): 1.858965e+05 seconds, 1241391104 bytes of memory usage, 1735832 kB of memory peak and 2-03:38:36 elapsed time
Statistics on the network after iteration 371 (MF = 0.336471)
	Number of nodes: 262111
	Number of allocated nodes: 262144
	Number of edges: 1234877
	Maximum in degree: 420 (node 14949)
	Maximum out degree: 5 (node 0)
	source 0 (node 0) with out degree 5
	target 15486 (node 14949) with in degree 420

Execution time and memory used at after iteration 372 (MF = 0.336471): 1.862957e+05 seconds, 1241391104 bytes of memory usage, 1735832 kB of memory peak and 2-03:45:16 elapsed time
Statistics on the network after iteration 372 (MF = 0.336471)
	Number of nodes: 262111
	Number of allocated nodes: 262144
	Number of edges: 1234877
	Maximum in degree: 420 (node 14949)
	Maximum out degree: 5 (node 0)
	source 0 (node 0) with out degree 5
	target 15486 (node 14949) with in degree 420

Execution time and memory used at after iteration 373 (MF = 0.336471): 1.866695e+05 seconds, 1241391104 bytes of memory usage, 1735832 kB of memory peak and 2-03:51:30 elapsed time
Statistics on the network after iteration 373 (MF = 0.336471)
	Number of nodes: 262111
	Number of allocated nodes: 262144
	Number of edges: 1234877
	Maximum in degree: 420 (node 14949)
	Maximum out degree: 5 (node 0)
	source 0 (node 0) with out degree 5
	target 15486 (node 14949) with in degree 420

Execution time and memory used at after iteration 374 (MF = 0.336471): 1.871010e+05 seconds, 1241391104 bytes of memory usage, 1735832 kB of memory peak and 2-03:58:41 elapsed time
Statistics on the network after iteration 374 (MF = 0.336471)
	Number of nodes: 262111
	Number of allocated nodes: 262144
	Number of edges: 1234877
	Maximum in degree: 420 (node 14949)
	Maximum out degree: 5 (node 0)
	source 0 (node 0) with out degree 5
	target 15486 (node 14949) with in degree 420

Execution time and memory used at after iteration 375 (MF = 0.336471): 1.875869e+05 seconds, 1241391104 bytes of memory usage, 1735832 kB of memory peak and 2-04:06:47 elapsed time
Statistics on the network after iteration 375 (MF = 0.336471)
	Number of nodes: 262111
	Number of allocated nodes: 262144
	Number of edges: 1234877
	Maximum in degree: 420 (node 14949)
	Maximum out degree: 5 (node 0)
	source 0 (node 0) with out degree 5
	target 15486 (node 14949) with in degree 420

Execution time and memory used at after iteration 376 (MF = 0.336471): 1.879673e+05 seconds, 1241391104 bytes of memory usage, 1735832 kB of memory peak and 2-04:13:08 elapsed time
Statistics on the network after iteration 376 (MF = 0.336471)
	Number of nodes: 262111
	Number of allocated nodes: 262144
	Number of edges: 1234877
	Maximum in degree: 420 (node 14949)
	Maximum out degree: 5 (node 0)
	source 0 (node 0) with out degree 5
	target 15486 (node 14949) with in degree 420

Execution time and memory used at after iteration 377 (MF = 0.336471): 1.883970e+05 seconds, 1241391104 bytes of memory usage, 1735832 kB of memory peak and 2-04:20:17 elapsed time
Statistics on the network after iteration 377 (MF = 0.336471)
	Number of nodes: 262111
	Number of allocated nodes: 262144
	Number of edges: 1234877
	Maximum in degree: 420 (node 14949)
	Maximum out degree: 5 (node 0)
	source 0 (node 0) with out degree 5
	target 15486 (node 14949) with in degree 420

Execution time and memory used at after iteration 378 (MF = 0.336471): 1.888275e+05 seconds, 1241391104 bytes of memory usage, 1735832 kB of memory peak and 2-04:27:28 elapsed time
Statistics on the network after iteration 378 (MF = 0.336471)
	Number of nodes: 262111
	Number of allocated nodes: 262144
	Number of edges: 1234877
	Maximum in degree: 420 (node 14949)
	Maximum out degree: 5 (node 0)
	source 0 (node 0) with out degree 5
	target 15486 (node 14949) with in degree 420

Execution time and memory used at after iteration 379 (MF = 0.336471): 1.892582e+05 seconds, 1241391104 bytes of memory usage, 1735832 kB of memory peak and 2-04:34:39 elapsed time
Statistics on the network after iteration 379 (MF = 0.336471)
	Number of nodes: 262111
	Number of allocated nodes: 262144
	Number of edges: 1234877
	Maximum in degree: 420 (node 14949)
	Maximum out degree: 5 (node 0)
	source 0 (node 0) with out degree 5
	target 15486 (node 14949) with in degree 420

Execution time and memory used at after iteration 380 (MF = 0.336471): 1.896938e+05 seconds, 1241391104 bytes of memory usage, 1735832 kB of memory peak and 2-04:41:54 elapsed time
Statistics on the network after iteration 380 (MF = 0.336471)
	Number of nodes: 262111
	Number of allocated nodes: 262144
	Number of edges: 1234877
	Maximum in degree: 420 (node 14949)
	Maximum out degree: 5 (node 0)
	source 0 (node 0) with out degree 5
	target 15486 (node 14949) with in degree 420

Execution time and memory used at after iteration 381 (MF = 0.336471): 1.901916e+05 seconds, 1241391104 bytes of memory usage, 1735832 kB of memory peak and 2-04:50:12 elapsed time
Statistics on the network after iteration 381 (MF = 0.336471)
	Number of nodes: 262111
	Number of allocated nodes: 262144
	Number of edges: 1234877
	Maximum in degree: 420 (node 14949)
	Maximum out degree: 5 (node 0)
	source 0 (node 0) with out degree 5
	target 15486 (node 14949) with in degree 420

Execution time and memory used at after iteration 382 (MF = 0.336471): 1.906830e+05 seconds, 1241391104 bytes of memory usage, 1735832 kB of memory peak and 2-04:58:24 elapsed time
Statistics on the network after iteration 382 (MF = 0.336471)
	Number of nodes: 262111
	Number of allocated nodes: 262144
	Number of edges: 1234877
	Maximum in degree: 420 (node 14949)
	Maximum out degree: 5 (node 0)
	source 0 (node 0) with out degree 5
	target 15486 (node 14949) with in degree 420

Execution time and memory used at after iteration 383 (MF = 0.336471): 1.911697e+05 seconds, 1241391104 bytes of memory usage, 1735832 kB of memory peak and 2-05:06:30 elapsed time
Statistics on the network after iteration 383 (MF = 0.336471)
	Number of nodes: 262111
	Number of allocated nodes: 262144
	Number of edges: 1234877
	Maximum in degree: 420 (node 14949)
	Maximum out degree: 5 (node 0)
	source 0 (node 0) with out degree 5
	target 15486 (node 14949) with in degree 420

Execution time and memory used at after iteration 384 (MF = 0.336471): 1.916561e+05 seconds, 1241391104 bytes of memory usage, 1735832 kB of memory peak and 2-05:14:37 elapsed time
Statistics on the network after iteration 384 (MF = 0.336471)
	Number of nodes: 262111
	Number of allocated nodes: 262144
	Number of edges: 1234877
	Maximum in degree: 420 (node 14949)
	Maximum out degree: 5 (node 0)
	source 0 (node 0) with out degree 5
	target 15486 (node 14949) with in degree 420

Execution time and memory used at after iteration 385 (MF = 0.336471): 1.921294e+05 seconds, 1241391104 bytes of memory usage, 1735832 kB of memory peak and 2-05:22:30 elapsed time
Statistics on the network after iteration 385 (MF = 0.336471)
	Number of nodes: 262111
	Number of allocated nodes: 262144
	Number of edges: 1234877
	Maximum in degree: 420 (node 14949)
	Maximum out degree: 5 (node 0)
	source 0 (node 0) with out degree 5
	target 15486 (node 14949) with in degree 420

Execution time and memory used at after iteration 386 (MF = 0.336471): 1.925878e+05 seconds, 1241391104 bytes of memory usage, 1735832 kB of memory peak and 2-05:30:09 elapsed time
Statistics on the network after iteration 386 (MF = 0.336471)
	Number of nodes: 262111
	Number of allocated nodes: 262144
	Number of edges: 1234877
	Maximum in degree: 420 (node 14949)
	Maximum out degree: 5 (node 0)
	source 0 (node 0) with out degree 5
	target 15486 (node 14949) with in degree 420

Execution time and memory used at after iteration 387 (MF = 0.336471): 1.930866e+05 seconds, 1241391104 bytes of memory usage, 1735832 kB of memory peak and 2-05:38:28 elapsed time
Statistics on the network after iteration 387 (MF = 0.336471)
	Number of nodes: 262111
	Number of allocated nodes: 262144
	Number of edges: 1234877
	Maximum in degree: 420 (node 14949)
	Maximum out degree: 5 (node 0)
	source 0 (node 0) with out degree 5
	target 15486 (node 14949) with in degree 420

Execution time and memory used at after iteration 388 (MF = 0.336471): 1.935663e+05 seconds, 1241391104 bytes of memory usage, 1735832 kB of memory peak and 2-05:46:27 elapsed time
Statistics on the network after iteration 388 (MF = 0.336471)
	Number of nodes: 262111
	Number of allocated nodes: 262144
	Number of edges: 1234877
	Maximum in degree: 420 (node 14949)
	Maximum out degree: 5 (node 0)
	source 0 (node 0) with out degree 5
	target 15486 (node 14949) with in degree 420

Execution time and memory used at after iteration 389 (MF = 0.336471): 1.940364e+05 seconds, 1241391104 bytes of memory usage, 1735832 kB of memory peak and 2-05:54:17 elapsed time
Statistics on the network after iteration 389 (MF = 0.336471)
	Number of nodes: 262111
	Number of allocated nodes: 262144
	Number of edges: 1234877
	Maximum in degree: 420 (node 14949)
	Maximum out degree: 5 (node 0)
	source 0 (node 0) with out degree 5
	target 15486 (node 14949) with in degree 420

Execution time and memory used at after iteration 390 (MF = 0.336471): 1.945054e+05 seconds, 1241391104 bytes of memory usage, 1735832 kB of memory peak and 2-06:02:07 elapsed time
Statistics on the network after iteration 390 (MF = 0.336471)
	Number of nodes: 262111
	Number of allocated nodes: 262144
	Number of edges: 1234877
	Maximum in degree: 420 (node 14949)
	Maximum out degree: 5 (node 0)
	source 0 (node 0) with out degree 5
	target 15486 (node 14949) with in degree 420

Execution time and memory used at after iteration 391 (MF = 0.336471): 1.950133e+05 seconds, 1241391104 bytes of memory usage, 1735832 kB of memory peak and 2-06:10:35 elapsed time
Statistics on the network after iteration 391 (MF = 0.336471)
	Number of nodes: 262111
	Number of allocated nodes: 262144
	Number of edges: 1234877
	Maximum in degree: 420 (node 14949)
	Maximum out degree: 5 (node 0)
	source 0 (node 0) with out degree 5
	target 15486 (node 14949) with in degree 420

Execution time and memory used at after iteration 392 (MF = 0.336471): 1.955213e+05 seconds, 1241391104 bytes of memory usage, 1735832 kB of memory peak and 2-06:19:03 elapsed time
Statistics on the network after iteration 392 (MF = 0.336471)
	Number of nodes: 262111
	Number of allocated nodes: 262144
	Number of edges: 1234877
	Maximum in degree: 420 (node 14949)
	Maximum out degree: 5 (node 0)
	source 0 (node 0) with out degree 5
	target 15486 (node 14949) with in degree 420

Execution time and memory used at after iteration 393 (MF = 0.336471): 1.960292e+05 seconds, 1241391104 bytes of memory usage, 1735832 kB of memory peak and 2-06:27:31 elapsed time
Statistics on the network after iteration 393 (MF = 0.336471)
	Number of nodes: 262111
	Number of allocated nodes: 262144
	Number of edges: 1234877
	Maximum in degree: 420 (node 14949)
	Maximum out degree: 5 (node 0)
	source 0 (node 0) with out degree 5
	target 15486 (node 14949) with in degree 420

Execution time and memory used at after iteration 394 (MF = 0.336471): 1.965202e+05 seconds, 1241391104 bytes of memory usage, 1735832 kB of memory peak and 2-06:35:42 elapsed time
Statistics on the network after iteration 394 (MF = 0.336471)
	Number of nodes: 262111
	Number of allocated nodes: 262144
	Number of edges: 1234877
	Maximum in degree: 420 (node 14949)
	Maximum out degree: 5 (node 0)
	source 0 (node 0) with out degree 5
	target 15486 (node 14949) with in degree 420

Execution time and memory used at after iteration 395 (MF = 0.336471): 1.970124e+05 seconds, 1241391104 bytes of memory usage, 1735832 kB of memory peak and 2-06:43:54 elapsed time
Statistics on the network after iteration 395 (MF = 0.336471)
	Number of nodes: 262111
	Number of allocated nodes: 262144
	Number of edges: 1234877
	Maximum in degree: 420 (node 14949)
	Maximum out degree: 5 (node 0)
	source 0 (node 0) with out degree 5
	target 15486 (node 14949) with in degree 420

Execution time and memory used at after iteration 396 (MF = 0.336471): 1.975050e+05 seconds, 1241391104 bytes of memory usage, 1735832 kB of memory peak and 2-06:52:07 elapsed time
Statistics on the network after iteration 396 (MF = 0.336471)
	Number of nodes: 262111
	Number of allocated nodes: 262144
	Number of edges: 1234877
	Maximum in degree: 420 (node 14949)
	Maximum out degree: 5 (node 0)
	source 0 (node 0) with out degree 5
	target 15486 (node 14949) with in degree 420

Execution time and memory used at after iteration 397 (MF = 0.336471): 1.980178e+05 seconds, 1241391104 bytes of memory usage, 1735832 kB of memory peak and 2-07:00:39 elapsed time
Statistics on the network after iteration 397 (MF = 0.336471)
	Number of nodes: 262111
	Number of allocated nodes: 262144
	Number of edges: 1234877
	Maximum in degree: 420 (node 14949)
	Maximum out degree: 5 (node 0)
	source 0 (node 0) with out degree 5
	target 15486 (node 14949) with in degree 420

Execution time and memory used at after iteration 398 (MF = 0.336471): 1.985126e+05 seconds, 1241391104 bytes of memory usage, 1735832 kB of memory peak and 2-07:08:54 elapsed time
Statistics on the network after iteration 398 (MF = 0.336471)
	Number of nodes: 262111
	Number of allocated nodes: 262144
	Number of edges: 1234877
	Maximum in degree: 420 (node 14949)
	Maximum out degree: 5 (node 0)
	source 0 (node 0) with out degree 5
	target 15486 (node 14949) with in degree 420

Execution time and memory used at after iteration 399 (MF = 0.336471): 1.990087e+05 seconds, 1241391104 bytes of memory usage, 1735832 kB of memory peak and 2-07:17:11 elapsed time
Statistics on the network after iteration 399 (MF = 0.336471)
	Number of nodes: 262111
	Number of allocated nodes: 262144
	Number of edges: 1234877
	Maximum in degree: 420 (node 14949)
	Maximum out degree: 5 (node 0)
	source 0 (node 0) with out degree 5
	target 15486 (node 14949) with in degree 420

Execution time and memory used at after iteration 400 (MF = 0.336471): 1.995061e+05 seconds, 1241391104 bytes of memory usage, 1735832 kB of memory peak and 2-07:25:28 elapsed time
Statistics on the network after iteration 400 (MF = 0.336471)
	Number of nodes: 262111
	Number of allocated nodes: 262144
	Number of edges: 1234877
	Maximum in degree: 420 (node 14949)
	Maximum out degree: 5 (node 0)
	source 0 (node 0) with out degree 5
	target 15486 (node 14949) with in degree 420

Execution time and memory used at after iteration 401 (MF = 0.336471): 1.999919e+05 seconds, 1241391104 bytes of memory usage, 1735832 kB of memory peak and 2-07:33:34 elapsed time
Statistics on the network after iteration 401 (MF = 0.336471)
	Number of nodes: 262111
	Number of allocated nodes: 262144
	Number of edges: 1234877
	Maximum in degree: 420 (node 14949)
	Maximum out degree: 5 (node 0)
	source 0 (node 0) with out degree 5
	target 15486 (node 14949) with in degree 420

Execution time and memory used at after iteration 402 (MF = 0.336471): 2.004822e+05 seconds, 1241391104 bytes of memory usage, 1735832 kB of memory peak and 2-07:41:44 elapsed time
Statistics on the network after iteration 402 (MF = 0.336471)
	Number of nodes: 262111
	Number of allocated nodes: 262144
	Number of edges: 1234877
	Maximum in degree: 420 (node 14949)
	Maximum out degree: 5 (node 0)
	source 0 (node 0) with out degree 5
	target 15486 (node 14949) with in degree 420

Execution time and memory used at after iteration 403 (MF = 0.336471): 2.009685e+05 seconds, 1241391104 bytes of memory usage, 1735832 kB of memory peak and 2-07:49:51 elapsed time
Statistics on the network after iteration 403 (MF = 0.336471)
	Number of nodes: 262111
	Number of allocated nodes: 262144
	Number of edges: 1234877
	Maximum in degree: 420 (node 14949)
	Maximum out degree: 5 (node 0)
	source 0 (node 0) with out degree 5
	target 15486 (node 14949) with in degree 420

Execution time and memory used at after iteration 404 (MF = 0.336471): 2.014587e+05 seconds, 1241391104 bytes of memory usage, 1735832 kB of memory peak and 2-07:58:01 elapsed time
Statistics on the network after iteration 404 (MF = 0.336471)
	Number of nodes: 262111
	Number of allocated nodes: 262144
	Number of edges: 1234877
	Maximum in degree: 420 (node 14949)
	Maximum out degree: 5 (node 0)
	source 0 (node 0) with out degree 5
	target 15486 (node 14949) with in degree 420

Execution time and memory used at after iteration 405 (MF = 0.336471): 2.019495e+05 seconds, 1241391104 bytes of memory usage, 1735832 kB of memory peak and 2-08:06:12 elapsed time
Statistics on the network after iteration 405 (MF = 0.336471)
	Number of nodes: 262111
	Number of allocated nodes: 262144
	Number of edges: 1234877
	Maximum in degree: 420 (node 14949)
	Maximum out degree: 5 (node 0)
	source 0 (node 0) with out degree 5
	target 15486 (node 14949) with in degree 420

Execution time and memory used at after iteration 406 (MF = 0.336471): 2.024410e+05 seconds, 1241391104 bytes of memory usage, 1735832 kB of memory peak and 2-08:14:23 elapsed time
Statistics on the network after iteration 406 (MF = 0.336471)
	Number of nodes: 262111
	Number of allocated nodes: 262144
	Number of edges: 1234877
	Maximum in degree: 420 (node 14949)
	Maximum out degree: 5 (node 0)
	source 0 (node 0) with out degree 5
	target 15486 (node 14949) with in degree 420

Execution time and memory used at after iteration 407 (MF = 0.336471): 2.029285e+05 seconds, 1241391104 bytes of memory usage, 1735832 kB of memory peak and 2-08:22:31 elapsed time
Statistics on the network after iteration 407 (MF = 0.336471)
	Number of nodes: 262111
	Number of allocated nodes: 262144
	Number of edges: 1234877
	Maximum in degree: 420 (node 14949)
	Maximum out degree: 5 (node 0)
	source 0 (node 0) with out degree 5
	target 15486 (node 14949) with in degree 420

Execution time and memory used at after iteration 408 (MF = 0.336471): 2.034210e+05 seconds, 1241391104 bytes of memory usage, 1735832 kB of memory peak and 2-08:30:43 elapsed time
Statistics on the network after iteration 408 (MF = 0.336471)
	Number of nodes: 262111
	Number of allocated nodes: 262144
	Number of edges: 1234877
	Maximum in degree: 420 (node 14949)
	Maximum out degree: 5 (node 0)
	source 0 (node 0) with out degree 5
	target 15486 (node 14949) with in degree 420

Execution time and memory used at after iteration 409 (MF = 0.336471): 2.039359e+05 seconds, 1241391104 bytes of memory usage, 1735832 kB of memory peak and 2-08:39:18 elapsed time
Statistics on the network after iteration 409 (MF = 0.336471)
	Number of nodes: 262111
	Number of allocated nodes: 262144
	Number of edges: 1234877
	Maximum in degree: 420 (node 14949)
	Maximum out degree: 5 (node 0)
	source 0 (node 0) with out degree 5
	target 15486 (node 14949) with in degree 420

Execution time and memory used at after iteration 410 (MF = 0.336471): 2.044248e+05 seconds, 1241391104 bytes of memory usage, 1735832 kB of memory peak and 2-08:47:27 elapsed time
Statistics on the network after iteration 410 (MF = 0.336471)
	Number of nodes: 262111
	Number of allocated nodes: 262144
	Number of edges: 1234877
	Maximum in degree: 420 (node 14949)
	Maximum out degree: 5 (node 0)
	source 0 (node 0) with out degree 5
	target 15486 (node 14949) with in degree 420

Execution time and memory used at after iteration 411 (MF = 0.336471): 2.049405e+05 seconds, 1241391104 bytes of memory usage, 1735832 kB of memory peak and 2-08:56:03 elapsed time
Statistics on the network after iteration 411 (MF = 0.336471)
	Number of nodes: 262111
	Number of allocated nodes: 262144
	Number of edges: 1234877
	Maximum in degree: 420 (node 14949)
	Maximum out degree: 5 (node 0)
	source 0 (node 0) with out degree 5
	target 15486 (node 14949) with in degree 420

Execution time and memory used at after iteration 412 (MF = 0.336471): 2.054336e+05 seconds, 1241391104 bytes of memory usage, 1735832 kB of memory peak and 2-09:04:16 elapsed time
Statistics on the network after iteration 412 (MF = 0.336471)
	Number of nodes: 262111
	Number of allocated nodes: 262144
	Number of edges: 1234877
	Maximum in degree: 420 (node 14949)
	Maximum out degree: 5 (node 0)
	source 0 (node 0) with out degree 5
	target 15486 (node 14949) with in degree 420

Execution time and memory used at after iteration 413 (MF = 0.336471): 2.059484e+05 seconds, 1241391104 bytes of memory usage, 1735832 kB of memory peak and 2-09:12:51 elapsed time
Statistics on the network after iteration 413 (MF = 0.336471)
	Number of nodes: 262111
	Number of allocated nodes: 262144
	Number of edges: 1234877
	Maximum in degree: 420 (node 14949)
	Maximum out degree: 5 (node 0)
	source 0 (node 0) with out degree 5
	target 15486 (node 14949) with in degree 420

Execution time and memory used at after iteration 414 (MF = 0.336471): 2.064417e+05 seconds, 1241391104 bytes of memory usage, 1735832 kB of memory peak and 2-09:21:04 elapsed time
Statistics on the network after iteration 414 (MF = 0.336471)
	Number of nodes: 262111
	Number of allocated nodes: 262144
	Number of edges: 1234877
	Maximum in degree: 420 (node 14949)
	Maximum out degree: 5 (node 0)
	source 0 (node 0) with out degree 5
	target 15486 (node 14949) with in degree 420

Execution time and memory used at after iteration 415 (MF = 0.336471): 2.069565e+05 seconds, 1241391104 bytes of memory usage, 1735832 kB of memory peak and 2-09:29:39 elapsed time
Statistics on the network after iteration 415 (MF = 0.336471)
	Number of nodes: 262111
	Number of allocated nodes: 262144
	Number of edges: 1234877
	Maximum in degree: 420 (node 14949)
	Maximum out degree: 5 (node 0)
	source 0 (node 0) with out degree 5
	target 15486 (node 14949) with in degree 420

Execution time and memory used at after iteration 416 (MF = 0.336471): 2.074725e+05 seconds, 1241391104 bytes of memory usage, 1735832 kB of memory peak and 2-09:38:15 elapsed time
Statistics on the network after iteration 416 (MF = 0.336471)
	Number of nodes: 262111
	Number of allocated nodes: 262144
	Number of edges: 1234877
	Maximum in degree: 420 (node 14949)
	Maximum out degree: 5 (node 0)
	source 0 (node 0) with out degree 5
	target 15486 (node 14949) with in degree 420

Execution time and memory used at after iteration 417 (MF = 0.336471): 2.079888e+05 seconds, 1241391104 bytes of memory usage, 1735832 kB of memory peak and 2-09:46:52 elapsed time
Statistics on the network after iteration 417 (MF = 0.336471)
	Number of nodes: 262111
	Number of allocated nodes: 262144
	Number of edges: 1234877
	Maximum in degree: 420 (node 14949)
	Maximum out degree: 5 (node 0)
	source 0 (node 0) with out degree 5
	target 15486 (node 14949) with in degree 420

Execution time and memory used at after iteration 418 (MF = 0.336471): 2.084789e+05 seconds, 1241391104 bytes of memory usage, 1735832 kB of memory peak and 2-09:55:02 elapsed time
Statistics on the network after iteration 418 (MF = 0.336471)
	Number of nodes: 262111
	Number of allocated nodes: 262144
	Number of edges: 1234877
	Maximum in degree: 420 (node 14949)
	Maximum out degree: 5 (node 0)
	source 0 (node 0) with out degree 5
	target 15486 (node 14949) with in degree 420

Execution time and memory used at after iteration 419 (MF = 0.336471): 2.089704e+05 seconds, 1241391104 bytes of memory usage, 1735832 kB of memory peak and 2-10:03:13 elapsed time
Statistics on the network after iteration 419 (MF = 0.336471)
	Number of nodes: 262111
	Number of allocated nodes: 262144
	Number of edges: 1234877
	Maximum in degree: 420 (node 14949)
	Maximum out degree: 5 (node 0)
	source 0 (node 0) with out degree 5
	target 15486 (node 14949) with in degree 420

Execution time and memory used at after iteration 420 (MF = 0.336471): 2.094605e+05 seconds, 1241391104 bytes of memory usage, 1735832 kB of memory peak and 2-10:11:24 elapsed time
Statistics on the network after iteration 420 (MF = 0.336471)
	Number of nodes: 262111
	Number of allocated nodes: 262144
	Number of edges: 1234877
	Maximum in degree: 420 (node 14949)
	Maximum out degree: 5 (node 0)
	source 0 (node 0) with out degree 5
	target 15486 (node 14949) with in degree 420

Execution time and memory used at after iteration 421 (MF = 0.336471): 2.099554e+05 seconds, 1241391104 bytes of memory usage, 1735832 kB of memory peak and 2-10:19:38 elapsed time
Statistics on the network after iteration 421 (MF = 0.336471)
	Number of nodes: 262111
	Number of allocated nodes: 262144
	Number of edges: 1234877
	Maximum in degree: 420 (node 14949)
	Maximum out degree: 5 (node 0)
	source 0 (node 0) with out degree 5
	target 15486 (node 14949) with in degree 420

Execution time and memory used at after iteration 422 (MF = 0.336471): 2.104405e+05 seconds, 1241391104 bytes of memory usage, 1735832 kB of memory peak and 2-10:27:44 elapsed time
Statistics on the network after iteration 422 (MF = 0.336471)
	Number of nodes: 262111
	Number of allocated nodes: 262144
	Number of edges: 1234877
	Maximum in degree: 420 (node 14949)
	Maximum out degree: 5 (node 0)
	source 0 (node 0) with out degree 5
	target 15486 (node 14949) with in degree 420

Execution time and memory used at after iteration 423 (MF = 0.336471): 2.109321e+05 seconds, 1241391104 bytes of memory usage, 1735832 kB of memory peak and 2-10:35:55 elapsed time
Statistics on the network after iteration 423 (MF = 0.336471)
	Number of nodes: 262111
	Number of allocated nodes: 262144
	Number of edges: 1234877
	Maximum in degree: 420 (node 14949)
	Maximum out degree: 5 (node 0)
	source 0 (node 0) with out degree 5
	target 15486 (node 14949) with in degree 420

Execution time and memory used at after iteration 424 (MF = 0.336471): 2.114074e+05 seconds, 1241391104 bytes of memory usage, 1735832 kB of memory peak and 2-10:43:51 elapsed time
Statistics on the network after iteration 424 (MF = 0.336471)
	Number of nodes: 262111
	Number of allocated nodes: 262144
	Number of edges: 1234877
	Maximum in degree: 420 (node 14949)
	Maximum out degree: 5 (node 0)
	source 0 (node 0) with out degree 5
	target 15486 (node 14949) with in degree 420

Execution time and memory used at after iteration 425 (MF = 0.336471): 2.118735e+05 seconds, 1241391104 bytes of memory usage, 1735832 kB of memory peak and 2-10:51:37 elapsed time
Statistics on the network after iteration 425 (MF = 0.336471)
	Number of nodes: 262111
	Number of allocated nodes: 262144
	Number of edges: 1234877
	Maximum in degree: 420 (node 14949)
	Maximum out degree: 5 (node 0)
	source 0 (node 0) with out degree 5
	target 15486 (node 14949) with in degree 420

Execution time and memory used at after iteration 426 (MF = 0.336471): 2.123388e+05 seconds, 1241391104 bytes of memory usage, 1735832 kB of memory peak and 2-10:59:22 elapsed time
Statistics on the network after iteration 426 (MF = 0.336471)
	Number of nodes: 262111
	Number of allocated nodes: 262144
	Number of edges: 1234877
	Maximum in degree: 420 (node 14949)
	Maximum out degree: 5 (node 0)
	source 0 (node 0) with out degree 5
	target 15486 (node 14949) with in degree 420

Execution time and memory used at after iteration 427 (MF = 0.336471): 2.128054e+05 seconds, 1241391104 bytes of memory usage, 1735832 kB of memory peak and 2-11:07:09 elapsed time
Statistics on the network after iteration 427 (MF = 0.336471)
	Number of nodes: 262111
	Number of allocated nodes: 262144
	Number of edges: 1234877
	Maximum in degree: 420 (node 14949)
	Maximum out degree: 5 (node 0)
	source 0 (node 0) with out degree 5
	target 15486 (node 14949) with in degree 420

Execution time and memory used at after iteration 428 (MF = 0.336471): 2.132977e+05 seconds, 1241391104 bytes of memory usage, 1735832 kB of memory peak and 2-11:15:21 elapsed time
Statistics on the network after iteration 428 (MF = 0.336471)
	Number of nodes: 262111
	Number of allocated nodes: 262144
	Number of edges: 1234877
	Maximum in degree: 420 (node 14949)
	Maximum out degree: 5 (node 0)
	source 0 (node 0) with out degree 5
	target 15486 (node 14949) with in degree 420

Execution time and memory used at after iteration 429 (MF = 0.336471): 2.137893e+05 seconds, 1241391104 bytes of memory usage, 1735832 kB of memory peak and 2-11:23:33 elapsed time
Statistics on the network after iteration 429 (MF = 0.336471)
	Number of nodes: 262111
	Number of allocated nodes: 262144
	Number of edges: 1234877
	Maximum in degree: 420 (node 14949)
	Maximum out degree: 5 (node 0)
	source 0 (node 0) with out degree 5
	target 15486 (node 14949) with in degree 420

Execution time and memory used at after iteration 430 (MF = 0.336471): 2.142807e+05 seconds, 1241391104 bytes of memory usage, 1735832 kB of memory peak and 2-11:31:44 elapsed time
Statistics on the network after iteration 430 (MF = 0.336471)
	Number of nodes: 262111
	Number of allocated nodes: 262144
	Number of edges: 1234877
	Maximum in degree: 420 (node 14949)
	Maximum out degree: 5 (node 0)
	source 0 (node 0) with out degree 5
	target 15486 (node 14949) with in degree 420

Execution time and memory used at after iteration 431 (MF = 0.336471): 2.147724e+05 seconds, 1241391104 bytes of memory usage, 1735832 kB of memory peak and 2-11:39:56 elapsed time
Statistics on the network after iteration 431 (MF = 0.336471)
	Number of nodes: 262111
	Number of allocated nodes: 262144
	Number of edges: 1234877
	Maximum in degree: 420 (node 14949)
	Maximum out degree: 5 (node 0)
	source 0 (node 0) with out degree 5
	target 15486 (node 14949) with in degree 420

Execution time and memory used at after iteration 432 (MF = 0.336471): 2.152578e+05 seconds, 1241391104 bytes of memory usage, 1735832 kB of memory peak and 2-11:48:01 elapsed time
Statistics on the network after iteration 432 (MF = 0.336471)
	Number of nodes: 262111
	Number of allocated nodes: 262144
	Number of edges: 1234877
	Maximum in degree: 420 (node 14949)
	Maximum out degree: 5 (node 0)
	source 0 (node 0) with out degree 5
	target 15486 (node 14949) with in degree 420

Execution time and memory used at after iteration 433 (MF = 0.336471): 2.157590e+05 seconds, 1241391104 bytes of memory usage, 1735832 kB of memory peak and 2-11:56:23 elapsed time
Statistics on the network after iteration 433 (MF = 0.336471)
	Number of nodes: 262111
	Number of allocated nodes: 262144
	Number of edges: 1234877
	Maximum in degree: 420 (node 14949)
	Maximum out degree: 5 (node 0)
	source 0 (node 0) with out degree 5
	target 15486 (node 14949) with in degree 420

Execution time and memory used at after iteration 434 (MF = 0.336471): 2.162443e+05 seconds, 1241391104 bytes of memory usage, 1735832 kB of memory peak and 2-12:04:28 elapsed time
Statistics on the network after iteration 434 (MF = 0.336471)
	Number of nodes: 262111
	Number of allocated nodes: 262144
	Number of edges: 1234877
	Maximum in degree: 420 (node 14949)
	Maximum out degree: 5 (node 0)
	source 0 (node 0) with out degree 5
	target 15486 (node 14949) with in degree 420

Execution time and memory used at after iteration 435 (MF = 0.336471): 2.167310e+05 seconds, 1241391104 bytes of memory usage, 1735832 kB of memory peak and 2-12:12:35 elapsed time
Statistics on the network after iteration 435 (MF = 0.336471)
	Number of nodes: 262111
	Number of allocated nodes: 262144
	Number of edges: 1234877
	Maximum in degree: 420 (node 14949)
	Maximum out degree: 5 (node 0)
	source 0 (node 0) with out degree 5
	target 15486 (node 14949) with in degree 420

Execution time and memory used at after iteration 436 (MF = 0.336471): 2.172261e+05 seconds, 1241391104 bytes of memory usage, 1735832 kB of memory peak and 2-12:20:50 elapsed time
Statistics on the network after iteration 436 (MF = 0.336471)
	Number of nodes: 262111
	Number of allocated nodes: 262144
	Number of edges: 1234877
	Maximum in degree: 420 (node 14949)
	Maximum out degree: 5 (node 0)
	source 0 (node 0) with out degree 5
	target 15486 (node 14949) with in degree 420

Execution time and memory used at after iteration 437 (MF = 0.336471): 2.177181e+05 seconds, 1241391104 bytes of memory usage, 1735832 kB of memory peak and 2-12:29:02 elapsed time
Statistics on the network after iteration 437 (MF = 0.336471)
	Number of nodes: 262111
	Number of allocated nodes: 262144
	Number of edges: 1234877
	Maximum in degree: 420 (node 14949)
	Maximum out degree: 5 (node 0)
	source 0 (node 0) with out degree 5
	target 15486 (node 14949) with in degree 420

Execution time and memory used at after iteration 438 (MF = 0.336471): 2.182136e+05 seconds, 1241391104 bytes of memory usage, 1735832 kB of memory peak and 2-12:37:18 elapsed time
Statistics on the network after iteration 438 (MF = 0.336471)
	Number of nodes: 262111
	Number of allocated nodes: 262144
	Number of edges: 1234877
	Maximum in degree: 420 (node 14949)
	Maximum out degree: 5 (node 0)
	source 0 (node 0) with out degree 5
	target 15486 (node 14949) with in degree 420

Execution time and memory used at after iteration 439 (MF = 0.336471): 2.187128e+05 seconds, 1241391104 bytes of memory usage, 1735832 kB of memory peak and 2-12:45:37 elapsed time
Statistics on the network after iteration 439 (MF = 0.336471)
	Number of nodes: 262111
	Number of allocated nodes: 262144
	Number of edges: 1234877
	Maximum in degree: 420 (node 14949)
	Maximum out degree: 5 (node 0)
	source 0 (node 0) with out degree 5
	target 15486 (node 14949) with in degree 420

Execution time and memory used at after iteration 440 (MF = 0.336471): 2.192131e+05 seconds, 1241391104 bytes of memory usage, 1735832 kB of memory peak and 2-12:53:57 elapsed time
Statistics on the network after iteration 440 (MF = 0.336471)
	Number of nodes: 262111
	Number of allocated nodes: 262144
	Number of edges: 1234877
	Maximum in degree: 420 (node 14949)
	Maximum out degree: 5 (node 0)
	source 0 (node 0) with out degree 5
	target 15486 (node 14949) with in degree 420

Execution time and memory used at after iteration 441 (MF = 0.336471): 2.197104e+05 seconds, 1241391104 bytes of memory usage, 1735832 kB of memory peak and 2-13:02:15 elapsed time
Statistics on the network after iteration 441 (MF = 0.336471)
	Number of nodes: 262111
	Number of allocated nodes: 262144
	Number of edges: 1234877
	Maximum in degree: 420 (node 14949)
	Maximum out degree: 5 (node 0)
	source 0 (node 0) with out degree 5
	target 15486 (node 14949) with in degree 420

Execution time and memory used at after iteration 442 (MF = 0.336471): 2.202048e+05 seconds, 1241391104 bytes of memory usage, 1735832 kB of memory peak and 2-13:10:29 elapsed time
Statistics on the network after iteration 442 (MF = 0.336471)
	Number of nodes: 262111
	Number of allocated nodes: 262144
	Number of edges: 1234877
	Maximum in degree: 420 (node 14949)
	Maximum out degree: 5 (node 0)
	source 0 (node 0) with out degree 5
	target 15486 (node 14949) with in degree 420

Execution time and memory used at after iteration 443 (MF = 0.336471): 2.206986e+05 seconds, 1241391104 bytes of memory usage, 1735832 kB of memory peak and 2-13:18:43 elapsed time
Statistics on the network after iteration 443 (MF = 0.336471)
	Number of nodes: 262111
	Number of allocated nodes: 262144
	Number of edges: 1234877
	Maximum in degree: 420 (node 14949)
	Maximum out degree: 5 (node 0)
	source 0 (node 0) with out degree 5
	target 15486 (node 14949) with in degree 420

Execution time and memory used at after iteration 444 (MF = 0.336471): 2.211727e+05 seconds, 1241391104 bytes of memory usage, 1735832 kB of memory peak and 2-13:26:37 elapsed time
Statistics on the network after iteration 444 (MF = 0.336471)
	Number of nodes: 262111
	Number of allocated nodes: 262144
	Number of edges: 1234877
	Maximum in degree: 420 (node 14949)
	Maximum out degree: 5 (node 0)
	source 0 (node 0) with out degree 5
	target 15486 (node 14949) with in degree 420

Execution time and memory used at after iteration 445 (MF = 0.336471): 2.216663e+05 seconds, 1241391104 bytes of memory usage, 1735832 kB of memory peak and 2-13:34:51 elapsed time
Statistics on the network after iteration 445 (MF = 0.336471)
	Number of nodes: 262111
	Number of allocated nodes: 262144
	Number of edges: 1234877
	Maximum in degree: 420 (node 14949)
	Maximum out degree: 5 (node 0)
	source 0 (node 0) with out degree 5
	target 15486 (node 14949) with in degree 420

Execution time and memory used at after iteration 446 (MF = 0.336471): 2.221759e+05 seconds, 1241391104 bytes of memory usage, 1735832 kB of memory peak and 2-13:43:20 elapsed time
Statistics on the network after iteration 446 (MF = 0.336471)
	Number of nodes: 262111
	Number of allocated nodes: 262144
	Number of edges: 1234877
	Maximum in degree: 420 (node 14949)
	Maximum out degree: 5 (node 0)
	source 0 (node 0) with out degree 5
	target 15486 (node 14949) with in degree 420

Execution time and memory used at after iteration 447 (MF = 0.336471): 2.226697e+05 seconds, 1241391104 bytes of memory usage, 1735832 kB of memory peak and 2-13:51:34 elapsed time
Statistics on the network after iteration 447 (MF = 0.336471)
	Number of nodes: 262111
	Number of allocated nodes: 262144
	Number of edges: 1234877
	Maximum in degree: 420 (node 14949)
	Maximum out degree: 5 (node 0)
	source 0 (node 0) with out degree 5
	target 15486 (node 14949) with in degree 420

Execution time and memory used at after iteration 448 (MF = 0.336471): 2.231729e+05 seconds, 1241391104 bytes of memory usage, 1735832 kB of memory peak and 2-13:59:57 elapsed time
Statistics on the network after iteration 448 (MF = 0.336471)
	Number of nodes: 262111
	Number of allocated nodes: 262144
	Number of edges: 1234877
	Maximum in degree: 420 (node 14949)
	Maximum out degree: 5 (node 0)
	source 0 (node 0) with out degree 5
	target 15486 (node 14949) with in degree 420

Execution time and memory used at after iteration 449 (MF = 0.336471): 2.236679e+05 seconds, 1241391104 bytes of memory usage, 1735832 kB of memory peak and 2-14:08:12 elapsed time
Statistics on the network after iteration 449 (MF = 0.336471)
	Number of nodes: 262111
	Number of allocated nodes: 262144
	Number of edges: 1234877
	Maximum in degree: 420 (node 14949)
	Maximum out degree: 5 (node 0)
	source 0 (node 0) with out degree 5
	target 15486 (node 14949) with in degree 420

Execution time and memory used at after iteration 450 (MF = 0.336471): 2.241619e+05 seconds, 1241391104 bytes of memory usage, 1735832 kB of memory peak and 2-14:16:27 elapsed time
Statistics on the network after iteration 450 (MF = 0.336471)
	Number of nodes: 262111
	Number of allocated nodes: 262144
	Number of edges: 1234877
	Maximum in degree: 420 (node 14949)
	Maximum out degree: 5 (node 0)
	source 0 (node 0) with out degree 5
	target 15486 (node 14949) with in degree 420

Execution time and memory used at after iteration 451 (MF = 0.336471): 2.246576e+05 seconds, 1241391104 bytes of memory usage, 1735832 kB of memory peak and 2-14:24:42 elapsed time
Statistics on the network after iteration 451 (MF = 0.336471)
	Number of nodes: 262111
	Number of allocated nodes: 262144
	Number of edges: 1234877
	Maximum in degree: 420 (node 14949)
	Maximum out degree: 5 (node 0)
	source 0 (node 0) with out degree 5
	target 15486 (node 14949) with in degree 420

Execution time and memory used at after iteration 452 (MF = 0.336471): 2.251745e+05 seconds, 1241391104 bytes of memory usage, 1735832 kB of memory peak and 2-14:33:19 elapsed time
Statistics on the network after iteration 452 (MF = 0.336471)
	Number of nodes: 262111
	Number of allocated nodes: 262144
	Number of edges: 1234877
	Maximum in degree: 420 (node 14949)
	Maximum out degree: 5 (node 0)
	source 0 (node 0) with out degree 5
	target 15486 (node 14949) with in degree 420

Execution time and memory used at after iteration 453 (MF = 0.336471): 2.256925e+05 seconds, 1241391104 bytes of memory usage, 1735832 kB of memory peak and 2-14:41:57 elapsed time
Statistics on the network after iteration 453 (MF = 0.336471)
	Number of nodes: 262111
	Number of allocated nodes: 262144
	Number of edges: 1234877
	Maximum in degree: 420 (node 14949)
	Maximum out degree: 5 (node 0)
	source 0 (node 0) with out degree 5
	target 15486 (node 14949) with in degree 420

Execution time and memory used at after iteration 454 (MF = 0.336471): 2.261888e+05 seconds, 1241391104 bytes of memory usage, 1735832 kB of memory peak and 2-14:50:14 elapsed time
Statistics on the network after iteration 454 (MF = 0.336471)
	Number of nodes: 262111
	Number of allocated nodes: 262144
	Number of edges: 1234877
	Maximum in degree: 420 (node 14949)
	Maximum out degree: 5 (node 0)
	source 0 (node 0) with out degree 5
	target 15486 (node 14949) with in degree 420

Execution time and memory used at after iteration 455 (MF = 0.336471): 2.266834e+05 seconds, 1241391104 bytes of memory usage, 1735832 kB of memory peak and 2-14:58:28 elapsed time
Statistics on the network after iteration 455 (MF = 0.336471)
	Number of nodes: 262111
	Number of allocated nodes: 262144
	Number of edges: 1234877
	Maximum in degree: 420 (node 14949)
	Maximum out degree: 5 (node 0)
	source 0 (node 0) with out degree 5
	target 15486 (node 14949) with in degree 420

Execution time and memory used at after iteration 456 (MF = 0.336471): 2.271790e+05 seconds, 1241391104 bytes of memory usage, 1735832 kB of memory peak and 2-15:06:44 elapsed time
Statistics on the network after iteration 456 (MF = 0.336471)
	Number of nodes: 262111
	Number of allocated nodes: 262144
	Number of edges: 1234877
	Maximum in degree: 420 (node 14949)
	Maximum out degree: 5 (node 0)
	source 0 (node 0) with out degree 5
	target 15486 (node 14949) with in degree 420

Execution time and memory used at after iteration 457 (MF = 0.336471): 2.276987e+05 seconds, 1241391104 bytes of memory usage, 1735832 kB of memory peak and 2-15:15:24 elapsed time
Statistics on the network after iteration 457 (MF = 0.336471)
	Number of nodes: 262111
	Number of allocated nodes: 262144
	Number of edges: 1234877
	Maximum in degree: 420 (node 14949)
	Maximum out degree: 5 (node 0)
	source 0 (node 0) with out degree 5
	target 15486 (node 14949) with in degree 420

Execution time and memory used at after iteration 458 (MF = 0.336471): 2.281952e+05 seconds, 1241391104 bytes of memory usage, 1735832 kB of memory peak and 2-15:23:40 elapsed time
Statistics on the network after iteration 458 (MF = 0.336471)
	Number of nodes: 262111
	Number of allocated nodes: 262144
	Number of edges: 1234877
	Maximum in degree: 420 (node 14949)
	Maximum out degree: 5 (node 0)
	source 0 (node 0) with out degree 5
	target 15486 (node 14949) with in degree 420

Execution time and memory used at after iteration 459 (MF = 0.336471): 2.286896e+05 seconds, 1241391104 bytes of memory usage, 1735832 kB of memory peak and 2-15:31:55 elapsed time
Statistics on the network after iteration 459 (MF = 0.336471)
	Number of nodes: 262111
	Number of allocated nodes: 262144
	Number of edges: 1234877
	Maximum in degree: 420 (node 14949)
	Maximum out degree: 5 (node 0)
	source 0 (node 0) with out degree 5
	target 15486 (node 14949) with in degree 420

Execution time and memory used at after iteration 460 (MF = 0.336471): 2.291854e+05 seconds, 1241391104 bytes of memory usage, 1735832 kB of memory peak and 2-15:40:11 elapsed time
Statistics on the network after iteration 460 (MF = 0.336471)
	Number of nodes: 262111
	Number of allocated nodes: 262144
	Number of edges: 1234877
	Maximum in degree: 420 (node 14949)
	Maximum out degree: 5 (node 0)
	source 0 (node 0) with out degree 5
	target 15486 (node 14949) with in degree 420

Execution time and memory used at after iteration 461 (MF = 0.272941): 2.295536e+05 seconds, 1241391104 bytes of memory usage, 1735832 kB of memory peak and 2-15:46:19 elapsed time
Statistics on the network after iteration 461 (MF = 0.272941)
	Number of nodes: 262111
	Number of allocated nodes: 262144
	Number of edges: 1234877
	Maximum in degree: 420 (node 14949)
	Maximum out degree: 5 (node 0)
	source 0 (node 0) with out degree 5
	target 15486 (node 14949) with in degree 420

Execution time and memory used at after iteration 462 (MF = 0.272941): 2.300002e+05 seconds, 1241391104 bytes of memory usage, 1735832 kB of memory peak and 2-15:53:45 elapsed time
Statistics on the network after iteration 462 (MF = 0.272941)
	Number of nodes: 262111
	Number of allocated nodes: 262144
	Number of edges: 1234877
	Maximum in degree: 420 (node 14949)
	Maximum out degree: 5 (node 0)
	source 0 (node 0) with out degree 5
	target 15486 (node 14949) with in degree 420

Execution time and memory used at after iteration 463 (MF = 0.303529): 2.304712e+05 seconds, 1241391104 bytes of memory usage, 1735832 kB of memory peak and 2-16:01:37 elapsed time
Statistics on the network after iteration 463 (MF = 0.303529)
	Number of nodes: 262111
	Number of allocated nodes: 262144
	Number of edges: 1234877
	Maximum in degree: 420 (node 14949)
	Maximum out degree: 5 (node 0)
	source 0 (node 0) with out degree 5
	target 15486 (node 14949) with in degree 420

Execution time and memory used at after iteration 464 (MF = 0.303529): 2.309423e+05 seconds, 1241391104 bytes of memory usage, 1735832 kB of memory peak and 2-16:09:28 elapsed time
Statistics on the network after iteration 464 (MF = 0.303529)
	Number of nodes: 262111
	Number of allocated nodes: 262144
	Number of edges: 1234877
	Maximum in degree: 420 (node 14949)
	Maximum out degree: 5 (node 0)
	source 0 (node 0) with out degree 5
	target 15486 (node 14949) with in degree 420

Execution time and memory used at after iteration 465 (MF = 0.303529): 2.314826e+05 seconds, 1241391104 bytes of memory usage, 1735832 kB of memory peak and 2-16:18:28 elapsed time
Statistics on the network after iteration 465 (MF = 0.303529)
	Number of nodes: 262111
	Number of allocated nodes: 262144
	Number of edges: 1234877
	Maximum in degree: 420 (node 14949)
	Maximum out degree: 5 (node 0)
	source 0 (node 0) with out degree 5
	target 15486 (node 14949) with in degree 420

Execution time and memory used at after iteration 466 (MF = 0.303529): 2.319539e+05 seconds, 1241391104 bytes of memory usage, 1735832 kB of memory peak and 2-16:26:19 elapsed time
Statistics on the network after iteration 466 (MF = 0.303529)
	Number of nodes: 262111
	Number of allocated nodes: 262144
	Number of edges: 1234877
	Maximum in degree: 420 (node 14949)
	Maximum out degree: 5 (node 0)
	source 0 (node 0) with out degree 5
	target 15486 (node 14949) with in degree 420

Execution time and memory used at after iteration 467 (MF = 0.303529): 2.324253e+05 seconds, 1241391104 bytes of memory usage, 1735832 kB of memory peak and 2-16:34:11 elapsed time
Statistics on the network after iteration 467 (MF = 0.303529)
	Number of nodes: 262111
	Number of allocated nodes: 262144
	Number of edges: 1234877
	Maximum in degree: 420 (node 14949)
	Maximum out degree: 5 (node 0)
	source 0 (node 0) with out degree 5
	target 15486 (node 14949) with in degree 420

Execution time and memory used at after iteration 468 (MF = 0.303529): 2.328953e+05 seconds, 1241391104 bytes of memory usage, 1735832 kB of memory peak and 2-16:42:01 elapsed time
Statistics on the network after iteration 468 (MF = 0.303529)
	Number of nodes: 262111
	Number of allocated nodes: 262144
	Number of edges: 1234877
	Maximum in degree: 420 (node 14949)
	Maximum out degree: 5 (node 0)
	source 0 (node 0) with out degree 5
	target 15486 (node 14949) with in degree 420

Execution time and memory used at after iteration 469 (MF = 0.303529): 2.333662e+05 seconds, 1241391104 bytes of memory usage, 1735832 kB of memory peak and 2-16:49:52 elapsed time
Statistics on the network after iteration 469 (MF = 0.303529)
	Number of nodes: 262111
	Number of allocated nodes: 262144
	Number of edges: 1234877
	Maximum in degree: 420 (node 14949)
	Maximum out degree: 5 (node 0)
	source 0 (node 0) with out degree 5
	target 15486 (node 14949) with in degree 420

Execution time and memory used at after iteration 470 (MF = 0.303529): 2.338594e+05 seconds, 1241391104 bytes of memory usage, 1735832 kB of memory peak and 2-16:58:05 elapsed time
Statistics on the network after iteration 470 (MF = 0.303529)
	Number of nodes: 262111
	Number of allocated nodes: 262144
	Number of edges: 1234877
	Maximum in degree: 420 (node 14949)
	Maximum out degree: 5 (node 0)
	source 0 (node 0) with out degree 5
	target 15486 (node 14949) with in degree 420

Execution time and memory used at after iteration 471 (MF = 0.303529): 2.343310e+05 seconds, 1241391104 bytes of memory usage, 1735832 kB of memory peak and 2-17:05:57 elapsed time
Statistics on the network after iteration 471 (MF = 0.303529)
	Number of nodes: 262111
	Number of allocated nodes: 262144
	Number of edges: 1234877
	Maximum in degree: 420 (node 14949)
	Maximum out degree: 5 (node 0)
	source 0 (node 0) with out degree 5
	target 15486 (node 14949) with in degree 420

Execution time and memory used at after iteration 472 (MF = 0.303529): 2.348480e+05 seconds, 1241391104 bytes of memory usage, 1735832 kB of memory peak and 2-17:14:34 elapsed time
Statistics on the network after iteration 472 (MF = 0.303529)
	Number of nodes: 262111
	Number of allocated nodes: 262144
	Number of edges: 1234877
	Maximum in degree: 420 (node 14949)
	Maximum out degree: 5 (node 0)
	source 0 (node 0) with out degree 5
	target 15486 (node 14949) with in degree 420

Execution time and memory used at after iteration 473 (MF = 0.305882): 2.352919e+05 seconds, 1241391104 bytes of memory usage, 1735832 kB of memory peak and 2-17:21:58 elapsed time
Statistics on the network after iteration 473 (MF = 0.305882)
	Number of nodes: 262111
	Number of allocated nodes: 262144
	Number of edges: 1234877
	Maximum in degree: 420 (node 14949)
	Maximum out degree: 5 (node 0)
	source 0 (node 0) with out degree 5
	target 15486 (node 14949) with in degree 420

Execution time and memory used at after iteration 474 (MF = 0.305882): 2.357784e+05 seconds, 1241391104 bytes of memory usage, 1735832 kB of memory peak and 2-17:30:04 elapsed time
Statistics on the network after iteration 474 (MF = 0.305882)
	Number of nodes: 262111
	Number of allocated nodes: 262144
	Number of edges: 1234877
	Maximum in degree: 420 (node 14949)
	Maximum out degree: 5 (node 0)
	source 0 (node 0) with out degree 5
	target 15486 (node 14949) with in degree 420

Execution time and memory used at after iteration 475 (MF = 0.336471): 2.362912e+05 seconds, 1241391104 bytes of memory usage, 1735832 kB of memory peak and 2-17:38:37 elapsed time
Statistics on the network after iteration 475 (MF = 0.336471)
	Number of nodes: 262111
	Number of allocated nodes: 262144
	Number of edges: 1234877
	Maximum in degree: 420 (node 14949)
	Maximum out degree: 5 (node 0)
	source 0 (node 0) with out degree 5
	target 15486 (node 14949) with in degree 420

Execution time and memory used at after iteration 476 (MF = 0.336471): 2.367904e+05 seconds, 1241391104 bytes of memory usage, 1735832 kB of memory peak and 2-17:46:57 elapsed time
Statistics on the network after iteration 476 (MF = 0.336471)
	Number of nodes: 262111
	Number of allocated nodes: 262144
	Number of edges: 1234877
	Maximum in degree: 420 (node 14949)
	Maximum out degree: 5 (node 0)
	source 0 (node 0) with out degree 5
	target 15486 (node 14949) with in degree 420

Execution time and memory used at after iteration 477 (MF = 0.336471): 2.371825e+05 seconds, 1241391104 bytes of memory usage, 1735832 kB of memory peak and 2-17:53:29 elapsed time
Statistics on the network after iteration 477 (MF = 0.336471)
	Number of nodes: 262111
	Number of allocated nodes: 262144
	Number of edges: 1234877
	Maximum in degree: 420 (node 14949)
	Maximum out degree: 5 (node 0)
	source 0 (node 0) with out degree 5
	target 15486 (node 14949) with in degree 420

Execution time and memory used at after iteration 478 (MF = 0.336471): 2.376817e+05 seconds, 1241391104 bytes of memory usage, 1735832 kB of memory peak and 2-18:01:48 elapsed time
Statistics on the network after iteration 478 (MF = 0.336471)
	Number of nodes: 262111
	Number of allocated nodes: 262144
	Number of edges: 1234877
	Maximum in degree: 420 (node 14949)
	Maximum out degree: 5 (node 0)
	source 0 (node 0) with out degree 5
	target 15486 (node 14949) with in degree 420

Execution time and memory used at after iteration 479 (MF = 0.336471): 2.381809e+05 seconds, 1241391104 bytes of memory usage, 1735832 kB of memory peak and 2-18:10:07 elapsed time
Statistics on the network after iteration 479 (MF = 0.336471)
	Number of nodes: 262111
	Number of allocated nodes: 262144
	Number of edges: 1234877
	Maximum in degree: 420 (node 14949)
	Maximum out degree: 5 (node 0)
	source 0 (node 0) with out degree 5
	target 15486 (node 14949) with in degree 420

Execution time and memory used at after iteration 480 (MF = 0.336471): 2.386829e+05 seconds, 1241391104 bytes of memory usage, 1735832 kB of memory peak and 2-18:18:29 elapsed time
Statistics on the network after iteration 480 (MF = 0.336471)
	Number of nodes: 262111
	Number of allocated nodes: 262144
	Number of edges: 1234877
	Maximum in degree: 420 (node 14949)
	Maximum out degree: 5 (node 0)
	source 0 (node 0) with out degree 5
	target 15486 (node 14949) with in degree 420

Execution time and memory used at after iteration 481 (MF = 0.336471): 2.391768e+05 seconds, 1241391104 bytes of memory usage, 1735832 kB of memory peak and 2-18:26:43 elapsed time
Statistics on the network after iteration 481 (MF = 0.336471)
	Number of nodes: 262111
	Number of allocated nodes: 262144
	Number of edges: 1234877
	Maximum in degree: 420 (node 14949)
	Maximum out degree: 5 (node 0)
	source 0 (node 0) with out degree 5
	target 15486 (node 14949) with in degree 420

Execution time and memory used at after iteration 482 (MF = 0.336471): 2.396663e+05 seconds, 1241391104 bytes of memory usage, 1735832 kB of memory peak and 2-18:34:53 elapsed time
Statistics on the network after iteration 482 (MF = 0.336471)
	Number of nodes: 262111
	Number of allocated nodes: 262144
	Number of edges: 1234877
	Maximum in degree: 420 (node 14949)
	Maximum out degree: 5 (node 0)
	source 0 (node 0) with out degree 5
	target 15486 (node 14949) with in degree 420

Execution time and memory used at after iteration 483 (MF = 0.336471): 2.401661e+05 seconds, 1241391104 bytes of memory usage, 1735832 kB of memory peak and 2-18:43:13 elapsed time
Statistics on the network after iteration 483 (MF = 0.336471)
	Number of nodes: 262111
	Number of allocated nodes: 262144
	Number of edges: 1234877
	Maximum in degree: 420 (node 14949)
	Maximum out degree: 5 (node 0)
	source 0 (node 0) with out degree 5
	target 15486 (node 14949) with in degree 420

Execution time and memory used at after iteration 484 (MF = 0.336471): 2.406712e+05 seconds, 1241391104 bytes of memory usage, 1735832 kB of memory peak and 2-18:51:38 elapsed time
Statistics on the network after iteration 484 (MF = 0.336471)
	Number of nodes: 262111
	Number of allocated nodes: 262144
	Number of edges: 1234877
	Maximum in degree: 420 (node 14949)
	Maximum out degree: 5 (node 0)
	source 0 (node 0) with out degree 5
	target 15486 (node 14949) with in degree 420

Execution time and memory used at after iteration 485 (MF = 0.305882): 2.411146e+05 seconds, 1241391104 bytes of memory usage, 1735832 kB of memory peak and 2-18:59:01 elapsed time
Statistics on the network after iteration 485 (MF = 0.305882)
	Number of nodes: 262111
	Number of allocated nodes: 262144
	Number of edges: 1234877
	Maximum in degree: 420 (node 14949)
	Maximum out degree: 5 (node 0)
	source 0 (node 0) with out degree 5
	target 15486 (node 14949) with in degree 420

Execution time and memory used at after iteration 486 (MF = 0.305882): 2.416364e+05 seconds, 1241391104 bytes of memory usage, 1735832 kB of memory peak and 2-19:07:43 elapsed time
Statistics on the network after iteration 486 (MF = 0.305882)
	Number of nodes: 262111
	Number of allocated nodes: 262144
	Number of edges: 1234877
	Maximum in degree: 420 (node 14949)
	Maximum out degree: 5 (node 0)
	source 0 (node 0) with out degree 5
	target 15486 (node 14949) with in degree 420

Execution time and memory used at after iteration 487 (MF = 0.336471): 2.421043e+05 seconds, 1241391104 bytes of memory usage, 1735832 kB of memory peak and 2-19:15:31 elapsed time
Statistics on the network after iteration 487 (MF = 0.336471)
	Number of nodes: 262111
	Number of allocated nodes: 262144
	Number of edges: 1234877
	Maximum in degree: 420 (node 14949)
	Maximum out degree: 5 (node 0)
	source 0 (node 0) with out degree 5
	target 15486 (node 14949) with in degree 420

Execution time and memory used at after iteration 488 (MF = 0.336471): 2.425772e+05 seconds, 1241391104 bytes of memory usage, 1735832 kB of memory peak and 2-19:23:24 elapsed time
Statistics on the network after iteration 488 (MF = 0.336471)
	Number of nodes: 262111
	Number of allocated nodes: 262144
	Number of edges: 1234877
	Maximum in degree: 420 (node 14949)
	Maximum out degree: 5 (node 0)
	source 0 (node 0) with out degree 5
	target 15486 (node 14949) with in degree 420

Execution time and memory used at after iteration 489 (MF = 0.336471): 2.430532e+05 seconds, 1241391104 bytes of memory usage, 1735832 kB of memory peak and 2-19:31:20 elapsed time
Statistics on the network after iteration 489 (MF = 0.336471)
	Number of nodes: 262111
	Number of allocated nodes: 262144
	Number of edges: 1234877
	Maximum in degree: 420 (node 14949)
	Maximum out degree: 5 (node 0)
	source 0 (node 0) with out degree 5
	target 15486 (node 14949) with in degree 420

Execution time and memory used at after iteration 490 (MF = 0.336471): 2.435255e+05 seconds, 1241391104 bytes of memory usage, 1735832 kB of memory peak and 2-19:39:13 elapsed time
Statistics on the network after iteration 490 (MF = 0.336471)
	Number of nodes: 262111
	Number of allocated nodes: 262144
	Number of edges: 1234877
	Maximum in degree: 420 (node 14949)
	Maximum out degree: 5 (node 0)
	source 0 (node 0) with out degree 5
	target 15486 (node 14949) with in degree 420

Execution time and memory used at after iteration 491 (MF = 0.336471): 2.439984e+05 seconds, 1241391104 bytes of memory usage, 1735832 kB of memory peak and 2-19:47:06 elapsed time
Statistics on the network after iteration 491 (MF = 0.336471)
	Number of nodes: 262111
	Number of allocated nodes: 262144
	Number of edges: 1234877
	Maximum in degree: 420 (node 14949)
	Maximum out degree: 5 (node 0)
	source 0 (node 0) with out degree 5
	target 15486 (node 14949) with in degree 420

Execution time and memory used at after iteration 492 (MF = 0.336471): 2.444917e+05 seconds, 1241391104 bytes of memory usage, 1735832 kB of memory peak and 2-19:55:19 elapsed time
Statistics on the network after iteration 492 (MF = 0.336471)
	Number of nodes: 262111
	Number of allocated nodes: 262144
	Number of edges: 1234877
	Maximum in degree: 420 (node 14949)
	Maximum out degree: 5 (node 0)
	source 0 (node 0) with out degree 5
	target 15486 (node 14949) with in degree 420

Execution time and memory used at after iteration 493 (MF = 0.336471): 2.449975e+05 seconds, 1241391104 bytes of memory usage, 1735832 kB of memory peak and 2-20:03:45 elapsed time
Statistics on the network after iteration 493 (MF = 0.336471)
	Number of nodes: 262111
	Number of allocated nodes: 262144
	Number of edges: 1234877
	Maximum in degree: 420 (node 14949)
	Maximum out degree: 5 (node 0)
	source 0 (node 0) with out degree 5
	target 15486 (node 14949) with in degree 420

Execution time and memory used at after iteration 494 (MF = 0.336471): 2.454686e+05 seconds, 1241391104 bytes of memory usage, 1735832 kB of memory peak and 2-20:11:36 elapsed time
Statistics on the network after iteration 494 (MF = 0.336471)
	Number of nodes: 262111
	Number of allocated nodes: 262144
	Number of edges: 1234877
	Maximum in degree: 420 (node 14949)
	Maximum out degree: 5 (node 0)
	source 0 (node 0) with out degree 5
	target 15486 (node 14949) with in degree 420

Execution time and memory used at after iteration 495 (MF = 0.336471): 2.459422e+05 seconds, 1241391104 bytes of memory usage, 1735832 kB of memory peak and 2-20:19:29 elapsed time
Statistics on the network after iteration 495 (MF = 0.336471)
	Number of nodes: 262111
	Number of allocated nodes: 262144
	Number of edges: 1234877
	Maximum in degree: 420 (node 14949)
	Maximum out degree: 5 (node 0)
	source 0 (node 0) with out degree 5
	target 15486 (node 14949) with in degree 420

Execution time and memory used at after iteration 496 (MF = 0.336471): 2.464641e+05 seconds, 1241391104 bytes of memory usage, 1735832 kB of memory peak and 2-20:28:11 elapsed time
Statistics on the network after iteration 496 (MF = 0.336471)
	Number of nodes: 262111
	Number of allocated nodes: 262144
	Number of edges: 1234877
	Maximum in degree: 420 (node 14949)
	Maximum out degree: 5 (node 0)
	source 0 (node 0) with out degree 5
	target 15486 (node 14949) with in degree 420

Execution time and memory used at after iteration 497 (MF = 0.305882): 2.468730e+05 seconds, 1241391104 bytes of memory usage, 1735832 kB of memory peak and 2-20:35:00 elapsed time
Statistics on the network after iteration 497 (MF = 0.305882)
	Number of nodes: 262111
	Number of allocated nodes: 262144
	Number of edges: 1234877
	Maximum in degree: 420 (node 14949)
	Maximum out degree: 5 (node 0)
	source 0 (node 0) with out degree 5
	target 15486 (node 14949) with in degree 420

Execution time and memory used at after iteration 498 (MF = 0.305882): 2.472478e+05 seconds, 1241391104 bytes of memory usage, 1735832 kB of memory peak and 2-20:41:15 elapsed time
Statistics on the network after iteration 498 (MF = 0.305882)
	Number of nodes: 262111
	Number of allocated nodes: 262144
	Number of edges: 1234877
	Maximum in degree: 420 (node 14949)
	Maximum out degree: 5 (node 0)
	source 0 (node 0) with out degree 5
	target 15486 (node 14949) with in degree 420

Execution time and memory used at after iteration 499 (MF = 0.336471): 2.476974e+05 seconds, 1241391104 bytes of memory usage, 1735832 kB of memory peak and 2-20:48:45 elapsed time
Statistics on the network after iteration 499 (MF = 0.336471)
	Number of nodes: 262111
	Number of allocated nodes: 262144
	Number of edges: 1234877
	Maximum in degree: 420 (node 14949)
	Maximum out degree: 5 (node 0)
	source 0 (node 0) with out degree 5
	target 15486 (node 14949) with in degree 420

Execution time and memory used at after iteration 500 (MF = 0.336471): 2.481344e+05 seconds, 1241391104 bytes of memory usage, 1735832 kB of memory peak and 2-20:56:02 elapsed time
Statistics on the network after iteration 500 (MF = 0.336471)
	Number of nodes: 262111
	Number of allocated nodes: 262144
	Number of edges: 1234877
	Maximum in degree: 420 (node 14949)
	Maximum out degree: 5 (node 0)
	source 0 (node 0) with out degree 5
	target 15486 (node 14949) with in degree 420

Execution time and memory used at after iteration 501 (MF = 0.336471): 2.485789e+05 seconds, 1241391104 bytes of memory usage, 1735832 kB of memory peak and 2-21:03:27 elapsed time
Statistics on the network after iteration 501 (MF = 0.336471)
	Number of nodes: 262111
	Number of allocated nodes: 262144
	Number of edges: 1234877
	Maximum in degree: 420 (node 14949)
	Maximum out degree: 5 (node 0)
	source 0 (node 0) with out degree 5
	target 15486 (node 14949) with in degree 420

Execution time and memory used at after iteration 502 (MF = 0.336471): 2.490378e+05 seconds, 1241391104 bytes of memory usage, 1735832 kB of memory peak and 2-21:11:05 elapsed time
Statistics on the network after iteration 502 (MF = 0.336471)
	Number of nodes: 262111
	Number of allocated nodes: 262144
	Number of edges: 1234877
	Maximum in degree: 420 (node 14949)
	Maximum out degree: 5 (node 0)
	source 0 (node 0) with out degree 5
	target 15486 (node 14949) with in degree 420

Execution time and memory used at after iteration 503 (MF = 0.336471): 2.494755e+05 seconds, 1241391104 bytes of memory usage, 1735832 kB of memory peak and 2-21:18:23 elapsed time
Statistics on the network after iteration 503 (MF = 0.336471)
	Number of nodes: 262111
	Number of allocated nodes: 262144
	Number of edges: 1234877
	Maximum in degree: 420 (node 14949)
	Maximum out degree: 5 (node 0)
	source 0 (node 0) with out degree 5
	target 15486 (node 14949) with in degree 420

Execution time and memory used at after iteration 504 (MF = 0.336471): 2.499427e+05 seconds, 1241391104 bytes of memory usage, 1735832 kB of memory peak and 2-21:26:10 elapsed time
Statistics on the network after iteration 504 (MF = 0.336471)
	Number of nodes: 262111
	Number of allocated nodes: 262144
	Number of edges: 1234877
	Maximum in degree: 420 (node 14949)
	Maximum out degree: 5 (node 0)
	source 0 (node 0) with out degree 5
	target 15486 (node 14949) with in degree 420

Execution time and memory used at after iteration 505 (MF = 0.336471): 2.503519e+05 seconds, 1241391104 bytes of memory usage, 1735832 kB of memory peak and 2-21:33:00 elapsed time
Statistics on the network after iteration 505 (MF = 0.336471)
	Number of nodes: 262111
	Number of allocated nodes: 262144
	Number of edges: 1234877
	Maximum in degree: 420 (node 14949)
	Maximum out degree: 5 (node 0)
	source 0 (node 0) with out degree 5
	target 15486 (node 14949) with in degree 420

Execution time and memory used at after iteration 506 (MF = 0.336471): 2.507842e+05 seconds, 1241391104 bytes of memory usage, 1735832 kB of memory peak and 2-21:40:12 elapsed time
Statistics on the network after iteration 506 (MF = 0.336471)
	Number of nodes: 262111
	Number of allocated nodes: 262144
	Number of edges: 1234877
	Maximum in degree: 420 (node 14949)
	Maximum out degree: 5 (node 0)
	source 0 (node 0) with out degree 5
	target 15486 (node 14949) with in degree 420

Execution time and memory used at after iteration 507 (MF = 0.336471): 2.512168e+05 seconds, 1241391104 bytes of memory usage, 1735832 kB of memory peak and 2-21:47:25 elapsed time
Statistics on the network after iteration 507 (MF = 0.336471)
	Number of nodes: 262111
	Number of allocated nodes: 262144
	Number of edges: 1234877
	Maximum in degree: 420 (node 14949)
	Maximum out degree: 5 (node 0)
	source 0 (node 0) with out degree 5
	target 15486 (node 14949) with in degree 420

Execution time and memory used at after iteration 508 (MF = 0.336471): 2.516516e+05 seconds, 1241391104 bytes of memory usage, 1735832 kB of memory peak and 2-21:54:40 elapsed time
Statistics on the network after iteration 508 (MF = 0.336471)
	Number of nodes: 262111
	Number of allocated nodes: 262144
	Number of edges: 1234877
	Maximum in degree: 420 (node 14949)
	Maximum out degree: 5 (node 0)
	source 0 (node 0) with out degree 5
	target 15486 (node 14949) with in degree 420

Execution time and memory used at after iteration 509 (MF = 0.305882): 2.520791e+05 seconds, 1241391104 bytes of memory usage, 1735832 kB of memory peak and 2-22:01:47 elapsed time
Statistics on the network after iteration 509 (MF = 0.305882)
	Number of nodes: 262111
	Number of allocated nodes: 262144
	Number of edges: 1234877
	Maximum in degree: 420 (node 14949)
	Maximum out degree: 5 (node 0)
	source 0 (node 0) with out degree 5
	target 15486 (node 14949) with in degree 420

Execution time and memory used at after iteration 510 (MF = 0.305882): 2.525735e+05 seconds, 1241391104 bytes of memory usage, 1735832 kB of memory peak and 2-22:10:02 elapsed time
Statistics on the network after iteration 510 (MF = 0.305882)
	Number of nodes: 262111
	Number of allocated nodes: 262144
	Number of edges: 1234877
	Maximum in degree: 420 (node 14949)
	Maximum out degree: 5 (node 0)
	source 0 (node 0) with out degree 5
	target 15486 (node 14949) with in degree 420

Execution time and memory used at after iteration 511 (MF = 0.336471): 2.530637e+05 seconds, 1241391104 bytes of memory usage, 1735832 kB of memory peak and 2-22:18:12 elapsed time
Statistics on the network after iteration 511 (MF = 0.336471)
	Number of nodes: 262111
	Number of allocated nodes: 262144
	Number of edges: 1234877
	Maximum in degree: 420 (node 14949)
	Maximum out degree: 5 (node 0)
	source 0 (node 0) with out degree 5
	target 15486 (node 14949) with in degree 420

Execution time and memory used at after iteration 512 (MF = 0.336471): 2.535666e+05 seconds, 1241391104 bytes of memory usage, 1735832 kB of memory peak and 2-22:26:35 elapsed time
Statistics on the network after iteration 512 (MF = 0.336471)
	Number of nodes: 262111
	Number of allocated nodes: 262144
	Number of edges: 1234877
	Maximum in degree: 420 (node 14949)
	Maximum out degree: 5 (node 0)
	source 0 (node 0) with out degree 5
	target 15486 (node 14949) with in degree 420

Execution time and memory used at after iteration 513 (MF = 0.336471): 2.540344e+05 seconds, 1241391104 bytes of memory usage, 1735832 kB of memory peak and 2-22:34:23 elapsed time
Statistics on the network after iteration 513 (MF = 0.336471)
	Number of nodes: 262111
	Number of allocated nodes: 262144
	Number of edges: 1234877
	Maximum in degree: 420 (node 14949)
	Maximum out degree: 5 (node 0)
	source 0 (node 0) with out degree 5
	target 15486 (node 14949) with in degree 420

Execution time and memory used at after iteration 514 (MF = 0.336471): 2.545373e+05 seconds, 1241391104 bytes of memory usage, 1735832 kB of memory peak and 2-22:42:46 elapsed time
Statistics on the network after iteration 514 (MF = 0.336471)
	Number of nodes: 262111
	Number of allocated nodes: 262144
	Number of edges: 1234877
	Maximum in degree: 420 (node 14949)
	Maximum out degree: 5 (node 0)
	source 0 (node 0) with out degree 5
	target 15486 (node 14949) with in degree 420

Execution time and memory used at after iteration 515 (MF = 0.336471): 2.550400e+05 seconds, 1241391104 bytes of memory usage, 1735832 kB of memory peak and 2-22:51:09 elapsed time
Statistics on the network after iteration 515 (MF = 0.336471)
	Number of nodes: 262111
	Number of allocated nodes: 262144
	Number of edges: 1234877
	Maximum in degree: 420 (node 14949)
	Maximum out degree: 5 (node 0)
	source 0 (node 0) with out degree 5
	target 15486 (node 14949) with in degree 420

Execution time and memory used at after iteration 516 (MF = 0.336471): 2.555407e+05 seconds, 1241391104 bytes of memory usage, 1735832 kB of memory peak and 2-22:59:29 elapsed time
Statistics on the network after iteration 516 (MF = 0.336471)
	Number of nodes: 262111
	Number of allocated nodes: 262144
	Number of edges: 1234877
	Maximum in degree: 420 (node 14949)
	Maximum out degree: 5 (node 0)
	source 0 (node 0) with out degree 5
	target 15486 (node 14949) with in degree 420

Execution time and memory used at after iteration 517 (MF = 0.336471): 2.560360e+05 seconds, 1241391104 bytes of memory usage, 1735832 kB of memory peak and 2-23:07:45 elapsed time
Statistics on the network after iteration 517 (MF = 0.336471)
	Number of nodes: 262111
	Number of allocated nodes: 262144
	Number of edges: 1234877
	Maximum in degree: 420 (node 14949)
	Maximum out degree: 5 (node 0)
	source 0 (node 0) with out degree 5
	target 15486 (node 14949) with in degree 420

Execution time and memory used at after iteration 518 (MF = 0.336471): 2.565304e+05 seconds, 1241391104 bytes of memory usage, 1735832 kB of memory peak and 2-23:15:59 elapsed time
Statistics on the network after iteration 518 (MF = 0.336471)
	Number of nodes: 262111
	Number of allocated nodes: 262144
	Number of edges: 1234877
	Maximum in degree: 420 (node 14949)
	Maximum out degree: 5 (node 0)
	source 0 (node 0) with out degree 5
	target 15486 (node 14949) with in degree 420

Execution time and memory used at after iteration 519 (MF = 0.336471): 2.570338e+05 seconds, 1241391104 bytes of memory usage, 1735832 kB of memory peak and 2-23:24:23 elapsed time
Statistics on the network after iteration 519 (MF = 0.336471)
	Number of nodes: 262111
	Number of allocated nodes: 262144
	Number of edges: 1234877
	Maximum in degree: 420 (node 14949)
	Maximum out degree: 5 (node 0)
	source 0 (node 0) with out degree 5
	target 15486 (node 14949) with in degree 420

Execution time and memory used at after iteration 520 (MF = 0.336471): 2.575277e+05 seconds, 1241391104 bytes of memory usage, 1735832 kB of memory peak and 2-23:32:37 elapsed time
Statistics on the network after iteration 520 (MF = 0.336471)
	Number of nodes: 262111
	Number of allocated nodes: 262144
	Number of edges: 1234877
	Maximum in degree: 420 (node 14949)
	Maximum out degree: 5 (node 0)
	source 0 (node 0) with out degree 5
	target 15486 (node 14949) with in degree 420

Execution time and memory used at after iteration 521 (MF = 0.305882): 2.579724e+05 seconds, 1241391104 bytes of memory usage, 1735832 kB of memory peak and 2-23:40:01 elapsed time
Statistics on the network after iteration 521 (MF = 0.305882)
	Number of nodes: 262111
	Number of allocated nodes: 262144
	Number of edges: 1234877
	Maximum in degree: 420 (node 14949)
	Maximum out degree: 5 (node 0)
	source 0 (node 0) with out degree 5
	target 15486 (node 14949) with in degree 420

Execution time and memory used at after iteration 522 (MF = 0.305882): 2.584849e+05 seconds, 1241391104 bytes of memory usage, 1735832 kB of memory peak and 2-23:48:34 elapsed time
Statistics on the network after iteration 522 (MF = 0.305882)
	Number of nodes: 262111
	Number of allocated nodes: 262144
	Number of edges: 1234877
	Maximum in degree: 420 (node 14949)
	Maximum out degree: 5 (node 0)
	source 0 (node 0) with out degree 5
	target 15486 (node 14949) with in degree 420

Execution time and memory used at after iteration 523 (MF = 0.336471): 2.589985e+05 seconds, 1241391104 bytes of memory usage, 1735832 kB of memory peak and 2-23:57:08 elapsed time
Statistics on the network after iteration 523 (MF = 0.336471)
	Number of nodes: 262111
	Number of allocated nodes: 262144
	Number of edges: 1234877
	Maximum in degree: 420 (node 14949)
	Maximum out degree: 5 (node 0)
	source 0 (node 0) with out degree 5
	target 15486 (node 14949) with in degree 420

Execution time and memory used at after iteration 524 (MF = 0.336471): 2.595115e+05 seconds, 1241391104 bytes of memory usage, 1735832 kB of memory peak and 3-00:05:41 elapsed time
Statistics on the network after iteration 524 (MF = 0.336471)
	Number of nodes: 262111
	Number of allocated nodes: 262144
	Number of edges: 1234877
	Maximum in degree: 420 (node 14949)
	Maximum out degree: 5 (node 0)
	source 0 (node 0) with out degree 5
	target 15486 (node 14949) with in degree 420

Execution time and memory used at after iteration 525 (MF = 0.336471): 2.598899e+05 seconds, 1241391104 bytes of memory usage, 1735832 kB of memory peak and 3-00:11:59 elapsed time
Statistics on the network after iteration 525 (MF = 0.336471)
	Number of nodes: 262111
	Number of allocated nodes: 262144
	Number of edges: 1234877
	Maximum in degree: 420 (node 14949)
	Maximum out degree: 5 (node 0)
	source 0 (node 0) with out degree 5
	target 15486 (node 14949) with in degree 420

Execution time and memory used at after iteration 526 (MF = 0.336471): 2.604019e+05 seconds, 1241391104 bytes of memory usage, 1735832 kB of memory peak and 3-00:20:31 elapsed time
Statistics on the network after iteration 526 (MF = 0.336471)
	Number of nodes: 262111
	Number of allocated nodes: 262144
	Number of edges: 1234877
	Maximum in degree: 420 (node 14949)
	Maximum out degree: 5 (node 0)
	source 0 (node 0) with out degree 5
	target 15486 (node 14949) with in degree 420

Execution time and memory used at after iteration 527 (MF = 0.336471): 2.609133e+05 seconds, 1241391104 bytes of memory usage, 1735832 kB of memory peak and 3-00:29:03 elapsed time
Statistics on the network after iteration 527 (MF = 0.336471)
	Number of nodes: 262111
	Number of allocated nodes: 262144
	Number of edges: 1234877
	Maximum in degree: 420 (node 14949)
	Maximum out degree: 5 (node 0)
	source 0 (node 0) with out degree 5
	target 15486 (node 14949) with in degree 420

Execution time and memory used at after iteration 528 (MF = 0.336471): 2.614036e+05 seconds, 1241391104 bytes of memory usage, 1735832 kB of memory peak and 3-00:37:13 elapsed time
Statistics on the network after iteration 528 (MF = 0.336471)
	Number of nodes: 262111
	Number of allocated nodes: 262144
	Number of edges: 1234877
	Maximum in degree: 420 (node 14949)
	Maximum out degree: 5 (node 0)
	source 0 (node 0) with out degree 5
	target 15486 (node 14949) with in degree 420

Execution time and memory used at after iteration 529 (MF = 0.336471): 2.618966e+05 seconds, 1241391104 bytes of memory usage, 1735832 kB of memory peak and 3-00:45:26 elapsed time
Statistics on the network after iteration 529 (MF = 0.336471)
	Number of nodes: 262111
	Number of allocated nodes: 262144
	Number of edges: 1234877
	Maximum in degree: 420 (node 14949)
	Maximum out degree: 5 (node 0)
	source 0 (node 0) with out degree 5
	target 15486 (node 14949) with in degree 420

Execution time and memory used at after iteration 530 (MF = 0.336471): 2.623705e+05 seconds, 1241391104 bytes of memory usage, 1735832 kB of memory peak and 3-00:53:20 elapsed time
Statistics on the network after iteration 530 (MF = 0.336471)
	Number of nodes: 262111
	Number of allocated nodes: 262144
	Number of edges: 1234877
	Maximum in degree: 420 (node 14949)
	Maximum out degree: 5 (node 0)
	source 0 (node 0) with out degree 5
	target 15486 (node 14949) with in degree 420

Execution time and memory used at after iteration 531 (MF = 0.336471): 2.628905e+05 seconds, 1241391104 bytes of memory usage, 1735832 kB of memory peak and 3-01:02:00 elapsed time
Statistics on the network after iteration 531 (MF = 0.336471)
	Number of nodes: 262111
	Number of allocated nodes: 262144
	Number of edges: 1234877
	Maximum in degree: 420 (node 14949)
	Maximum out degree: 5 (node 0)
	source 0 (node 0) with out degree 5
	target 15486 (node 14949) with in degree 420

Execution time and memory used at after iteration 532 (MF = 0.336471): 2.634157e+05 seconds, 1241391104 bytes of memory usage, 1735832 kB of memory peak and 3-01:10:45 elapsed time
Statistics on the network after iteration 532 (MF = 0.336471)
	Number of nodes: 262111
	Number of allocated nodes: 262144
	Number of edges: 1234877
	Maximum in degree: 420 (node 14949)
	Maximum out degree: 5 (node 0)
	source 0 (node 0) with out degree 5
	target 15486 (node 14949) with in degree 420

Execution time and memory used at after iteration 533 (MF = 0.305882): 2.638427e+05 seconds, 1241391104 bytes of memory usage, 1735832 kB of memory peak and 3-01:17:53 elapsed time
Statistics on the network after iteration 533 (MF = 0.305882)
	Number of nodes: 262111
	Number of allocated nodes: 262144
	Number of edges: 1234877
	Maximum in degree: 420 (node 14949)
	Maximum out degree: 5 (node 0)
	source 0 (node 0) with out degree 5
	target 15486 (node 14949) with in degree 420

Execution time and memory used at after iteration 534 (MF = 0.305882): 2.643442e+05 seconds, 1241391104 bytes of memory usage, 1735832 kB of memory peak and 3-01:26:14 elapsed time
Statistics on the network after iteration 534 (MF = 0.305882)
	Number of nodes: 262111
	Number of allocated nodes: 262144
	Number of edges: 1234877
	Maximum in degree: 420 (node 14949)
	Maximum out degree: 5 (node 0)
	source 0 (node 0) with out degree 5
	target 15486 (node 14949) with in degree 420

Execution time and memory used at after iteration 535 (MF = 0.336471): 2.648822e+05 seconds, 1241391104 bytes of memory usage, 1735832 kB of memory peak and 3-01:35:12 elapsed time
Statistics on the network after iteration 535 (MF = 0.336471)
	Number of nodes: 262111
	Number of allocated nodes: 262144
	Number of edges: 1234877
	Maximum in degree: 420 (node 14949)
	Maximum out degree: 5 (node 0)
	source 0 (node 0) with out degree 5
	target 15486 (node 14949) with in degree 420

Execution time and memory used at after iteration 536 (MF = 0.336471): 2.653836e+05 seconds, 1241391104 bytes of memory usage, 1735832 kB of memory peak and 3-01:43:34 elapsed time
Statistics on the network after iteration 536 (MF = 0.336471)
	Number of nodes: 262111
	Number of allocated nodes: 262144
	Number of edges: 1234877
	Maximum in degree: 420 (node 14949)
	Maximum out degree: 5 (node 0)
	source 0 (node 0) with out degree 5
	target 15486 (node 14949) with in degree 420

Execution time and memory used at after iteration 537 (MF = 0.336471): 2.658596e+05 seconds, 1241391104 bytes of memory usage, 1735832 kB of memory peak and 3-01:51:30 elapsed time
Statistics on the network after iteration 537 (MF = 0.336471)
	Number of nodes: 262111
	Number of allocated nodes: 262144
	Number of edges: 1234877
	Maximum in degree: 420 (node 14949)
	Maximum out degree: 5 (node 0)
	source 0 (node 0) with out degree 5
	target 15486 (node 14949) with in degree 420

Execution time and memory used at after iteration 538 (MF = 0.336471): 2.663618e+05 seconds, 1241391104 bytes of memory usage, 1735832 kB of memory peak and 3-01:59:52 elapsed time
Statistics on the network after iteration 538 (MF = 0.336471)
	Number of nodes: 262111
	Number of allocated nodes: 262144
	Number of edges: 1234877
	Maximum in degree: 420 (node 14949)
	Maximum out degree: 5 (node 0)
	source 0 (node 0) with out degree 5
	target 15486 (node 14949) with in degree 420

Execution time and memory used at after iteration 539 (MF = 0.336471): 2.668635e+05 seconds, 1241391104 bytes of memory usage, 1735832 kB of memory peak and 3-02:08:14 elapsed time
Statistics on the network after iteration 539 (MF = 0.336471)
	Number of nodes: 262111
	Number of allocated nodes: 262144
	Number of edges: 1234877
	Maximum in degree: 420 (node 14949)
	Maximum out degree: 5 (node 0)
	source 0 (node 0) with out degree 5
	target 15486 (node 14949) with in degree 420

Execution time and memory used at after iteration 540 (MF = 0.336471): 2.673619e+05 seconds, 1241391104 bytes of memory usage, 1735832 kB of memory peak and 3-02:16:32 elapsed time
Statistics on the network after iteration 540 (MF = 0.336471)
	Number of nodes: 262111
	Number of allocated nodes: 262144
	Number of edges: 1234877
	Maximum in degree: 420 (node 14949)
	Maximum out degree: 5 (node 0)
	source 0 (node 0) with out degree 5
	target 15486 (node 14949) with in degree 420

Execution time and memory used at after iteration 541 (MF = 0.336471): 2.678640e+05 seconds, 1241391104 bytes of memory usage, 1735832 kB of memory peak and 3-02:24:54 elapsed time
Statistics on the network after iteration 541 (MF = 0.336471)
	Number of nodes: 262111
	Number of allocated nodes: 262144
	Number of edges: 1234877
	Maximum in degree: 420 (node 14949)
	Maximum out degree: 5 (node 0)
	source 0 (node 0) with out degree 5
	target 15486 (node 14949) with in degree 420

Execution time and memory used at after iteration 542 (MF = 0.336471): 2.683309e+05 seconds, 1241391104 bytes of memory usage, 1735832 kB of memory peak and 3-02:32:41 elapsed time
Statistics on the network after iteration 542 (MF = 0.336471)
	Number of nodes: 262111
	Number of allocated nodes: 262144
	Number of edges: 1234877
	Maximum in degree: 420 (node 14949)
	Maximum out degree: 5 (node 0)
	source 0 (node 0) with out degree 5
	target 15486 (node 14949) with in degree 420

Execution time and memory used at after iteration 543 (MF = 0.336471): 2.688250e+05 seconds, 1241391104 bytes of memory usage, 1735832 kB of memory peak and 3-02:40:55 elapsed time
Statistics on the network after iteration 543 (MF = 0.336471)
	Number of nodes: 262111
	Number of allocated nodes: 262144
	Number of edges: 1234877
	Maximum in degree: 420 (node 14949)
	Maximum out degree: 5 (node 0)
	source 0 (node 0) with out degree 5
	target 15486 (node 14949) with in degree 420

Execution time and memory used at after iteration 544 (MF = 0.336471): 2.693378e+05 seconds, 1241391104 bytes of memory usage, 1735832 kB of memory peak and 3-02:49:28 elapsed time
Statistics on the network after iteration 544 (MF = 0.336471)
	Number of nodes: 262111
	Number of allocated nodes: 262144
	Number of edges: 1234877
	Maximum in degree: 420 (node 14949)
	Maximum out degree: 5 (node 0)
	source 0 (node 0) with out degree 5
	target 15486 (node 14949) with in degree 420

Execution time and memory used at after iteration 545 (MF = 0.305882): 2.697642e+05 seconds, 1241391104 bytes of memory usage, 1735832 kB of memory peak and 3-02:56:35 elapsed time
Statistics on the network after iteration 545 (MF = 0.305882)
	Number of nodes: 262111
	Number of allocated nodes: 262144
	Number of edges: 1234877
	Maximum in degree: 420 (node 14949)
	Maximum out degree: 5 (node 0)
	source 0 (node 0) with out degree 5
	target 15486 (node 14949) with in degree 420

Execution time and memory used at after iteration 546 (MF = 0.305882): 2.703369e+05 seconds, 1241391104 bytes of memory usage, 1735832 kB of memory peak and 3-03:06:07 elapsed time
Statistics on the network after iteration 546 (MF = 0.305882)
	Number of nodes: 262111
	Number of allocated nodes: 262144
	Number of edges: 1234877
	Maximum in degree: 420 (node 14949)
	Maximum out degree: 5 (node 0)
	source 0 (node 0) with out degree 5
	target 15486 (node 14949) with in degree 420

Execution time and memory used at after iteration 547 (MF = 0.336471): 2.708612e+05 seconds, 1241391104 bytes of memory usage, 1735832 kB of memory peak and 3-03:14:52 elapsed time
Statistics on the network after iteration 547 (MF = 0.336471)
	Number of nodes: 262111
	Number of allocated nodes: 262144
	Number of edges: 1234877
	Maximum in degree: 420 (node 14949)
	Maximum out degree: 5 (node 0)
	source 0 (node 0) with out degree 5
	target 15486 (node 14949) with in degree 420

Execution time and memory used at after iteration 548 (MF = 0.336471): 2.713792e+05 seconds, 1241391104 bytes of memory usage, 1735832 kB of memory peak and 3-03:23:30 elapsed time
Statistics on the network after iteration 548 (MF = 0.336471)
	Number of nodes: 262111
	Number of allocated nodes: 262144
	Number of edges: 1234877
	Maximum in degree: 420 (node 14949)
	Maximum out degree: 5 (node 0)
	source 0 (node 0) with out degree 5
	target 15486 (node 14949) with in degree 420

Execution time and memory used at after iteration 549 (MF = 0.336471): 2.718178e+05 seconds, 1241391104 bytes of memory usage, 1735832 kB of memory peak and 3-03:30:49 elapsed time
Statistics on the network after iteration 549 (MF = 0.336471)
	Number of nodes: 262111
	Number of allocated nodes: 262144
	Number of edges: 1234877
	Maximum in degree: 420 (node 14949)
	Maximum out degree: 5 (node 0)
	source 0 (node 0) with out degree 5
	target 15486 (node 14949) with in degree 420

Execution time and memory used at after iteration 550 (MF = 0.336471): 2.723361e+05 seconds, 1241391104 bytes of memory usage, 1735832 kB of memory peak and 3-03:39:27 elapsed time
Statistics on the network after iteration 550 (MF = 0.336471)
	Number of nodes: 262111
	Number of allocated nodes: 262144
	Number of edges: 1234877
	Maximum in degree: 420 (node 14949)
	Maximum out degree: 5 (node 0)
	source 0 (node 0) with out degree 5
	target 15486 (node 14949) with in degree 420

Execution time and memory used at after iteration 551 (MF = 0.336471): 2.728540e+05 seconds, 1241391104 bytes of memory usage, 1735832 kB of memory peak and 3-03:48:05 elapsed time
Statistics on the network after iteration 551 (MF = 0.336471)
	Number of nodes: 262111
	Number of allocated nodes: 262144
	Number of edges: 1234877
	Maximum in degree: 420 (node 14949)
	Maximum out degree: 5 (node 0)
	source 0 (node 0) with out degree 5
	target 15486 (node 14949) with in degree 420

Execution time and memory used at after iteration 552 (MF = 0.336471): 2.733503e+05 seconds, 1241391104 bytes of memory usage, 1735832 kB of memory peak and 3-03:56:21 elapsed time
Statistics on the network after iteration 552 (MF = 0.336471)
	Number of nodes: 262111
	Number of allocated nodes: 262144
	Number of edges: 1234877
	Maximum in degree: 420 (node 14949)
	Maximum out degree: 5 (node 0)
	source 0 (node 0) with out degree 5
	target 15486 (node 14949) with in degree 420

Execution time and memory used at after iteration 553 (MF = 0.336471): 2.738463e+05 seconds, 1241391104 bytes of memory usage, 1735832 kB of memory peak and 3-04:04:37 elapsed time
Statistics on the network after iteration 553 (MF = 0.336471)
	Number of nodes: 262111
	Number of allocated nodes: 262144
	Number of edges: 1234877
	Maximum in degree: 420 (node 14949)
	Maximum out degree: 5 (node 0)
	source 0 (node 0) with out degree 5
	target 15486 (node 14949) with in degree 420

Execution time and memory used at after iteration 554 (MF = 0.336471): 2.743605e+05 seconds, 1241391104 bytes of memory usage, 1735832 kB of memory peak and 3-04:13:12 elapsed time
Statistics on the network after iteration 554 (MF = 0.336471)
	Number of nodes: 262111
	Number of allocated nodes: 262144
	Number of edges: 1234877
	Maximum in degree: 420 (node 14949)
	Maximum out degree: 5 (node 0)
	source 0 (node 0) with out degree 5
	target 15486 (node 14949) with in degree 420

Execution time and memory used at after iteration 555 (MF = 0.336471): 2.748795e+05 seconds, 1241391104 bytes of memory usage, 1735832 kB of memory peak and 3-04:21:51 elapsed time
Statistics on the network after iteration 555 (MF = 0.336471)
	Number of nodes: 262111
	Number of allocated nodes: 262144
	Number of edges: 1234877
	Maximum in degree: 420 (node 14949)
	Maximum out degree: 5 (node 0)
	source 0 (node 0) with out degree 5
	target 15486 (node 14949) with in degree 420

Execution time and memory used at after iteration 556 (MF = 0.336471): 2.753796e+05 seconds, 1241391104 bytes of memory usage, 1735832 kB of memory peak and 3-04:30:11 elapsed time
Statistics on the network after iteration 556 (MF = 0.336471)
	Number of nodes: 262111
	Number of allocated nodes: 262144
	Number of edges: 1234877
	Maximum in degree: 420 (node 14949)
	Maximum out degree: 5 (node 0)
	source 0 (node 0) with out degree 5
	target 15486 (node 14949) with in degree 420

Execution time and memory used at after iteration 557 (MF = 0.305882): 2.758222e+05 seconds, 1241391104 bytes of memory usage, 1735832 kB of memory peak and 3-04:37:33 elapsed time
Statistics on the network after iteration 557 (MF = 0.305882)
	Number of nodes: 262111
	Number of allocated nodes: 262144
	Number of edges: 1234877
	Maximum in degree: 420 (node 14949)
	Maximum out degree: 5 (node 0)
	source 0 (node 0) with out degree 5
	target 15486 (node 14949) with in degree 420

Execution time and memory used at after iteration 558 (MF = 0.305882): 2.763382e+05 seconds, 1241391104 bytes of memory usage, 1735832 kB of memory peak and 3-04:46:09 elapsed time
Statistics on the network after iteration 558 (MF = 0.305882)
	Number of nodes: 262111
	Number of allocated nodes: 262144
	Number of edges: 1234877
	Maximum in degree: 420 (node 14949)
	Maximum out degree: 5 (node 0)
	source 0 (node 0) with out degree 5
	target 15486 (node 14949) with in degree 420

Execution time and memory used at after iteration 559 (MF = 0.336471): 2.768488e+05 seconds, 1241391104 bytes of memory usage, 1735832 kB of memory peak and 3-04:54:40 elapsed time
Statistics on the network after iteration 559 (MF = 0.336471)
	Number of nodes: 262111
	Number of allocated nodes: 262144
	Number of edges: 1234877
	Maximum in degree: 420 (node 14949)
	Maximum out degree: 5 (node 0)
	source 0 (node 0) with out degree 5
	target 15486 (node 14949) with in degree 420

Execution time and memory used at after iteration 560 (MF = 0.336471): 2.773161e+05 seconds, 1241391104 bytes of memory usage, 1735832 kB of memory peak and 3-05:02:28 elapsed time
Statistics on the network after iteration 560 (MF = 0.336471)
	Number of nodes: 262111
	Number of allocated nodes: 262144
	Number of edges: 1234877
	Maximum in degree: 420 (node 14949)
	Maximum out degree: 5 (node 0)
	source 0 (node 0) with out degree 5
	target 15486 (node 14949) with in degree 420

Execution time and memory used at after iteration 561 (MF = 0.336471): 2.777253e+05 seconds, 1241391104 bytes of memory usage, 1735832 kB of memory peak and 3-05:09:17 elapsed time
Statistics on the network after iteration 561 (MF = 0.336471)
	Number of nodes: 262111
	Number of allocated nodes: 262144
	Number of edges: 1234877
	Maximum in degree: 420 (node 14949)
	Maximum out degree: 5 (node 0)
	source 0 (node 0) with out degree 5
	target 15486 (node 14949) with in degree 420

Execution time and memory used at after iteration 562 (MF = 0.336471): 2.781927e+05 seconds, 1241391104 bytes of memory usage, 1735832 kB of memory peak and 3-05:17:04 elapsed time
Statistics on the network after iteration 562 (MF = 0.336471)
	Number of nodes: 262111
	Number of allocated nodes: 262144
	Number of edges: 1234877
	Maximum in degree: 420 (node 14949)
	Maximum out degree: 5 (node 0)
	source 0 (node 0) with out degree 5
	target 15486 (node 14949) with in degree 420

Execution time and memory used at after iteration 563 (MF = 0.336471): 2.786597e+05 seconds, 1241391104 bytes of memory usage, 1735832 kB of memory peak and 3-05:24:51 elapsed time
Statistics on the network after iteration 563 (MF = 0.336471)
	Number of nodes: 262111
	Number of allocated nodes: 262144
	Number of edges: 1234877
	Maximum in degree: 420 (node 14949)
	Maximum out degree: 5 (node 0)
	source 0 (node 0) with out degree 5
	target 15486 (node 14949) with in degree 420

Execution time and memory used at after iteration 564 (MF = 0.336471): 2.791295e+05 seconds, 1241391104 bytes of memory usage, 1735832 kB of memory peak and 3-05:32:41 elapsed time
Statistics on the network after iteration 564 (MF = 0.336471)
	Number of nodes: 262111
	Number of allocated nodes: 262144
	Number of edges: 1234877
	Maximum in degree: 420 (node 14949)
	Maximum out degree: 5 (node 0)
	source 0 (node 0) with out degree 5
	target 15486 (node 14949) with in degree 420

Execution time and memory used at after iteration 565 (MF = 0.336471): 2.796313e+05 seconds, 1241391104 bytes of memory usage, 1735832 kB of memory peak and 3-05:41:03 elapsed time
Statistics on the network after iteration 565 (MF = 0.336471)
	Number of nodes: 262111
	Number of allocated nodes: 262144
	Number of edges: 1234877
	Maximum in degree: 420 (node 14949)
	Maximum out degree: 5 (node 0)
	source 0 (node 0) with out degree 5
	target 15486 (node 14949) with in degree 420

Execution time and memory used at after iteration 566 (MF = 0.336471): 2.801236e+05 seconds, 1241391104 bytes of memory usage, 1735832 kB of memory peak and 3-05:49:15 elapsed time
Statistics on the network after iteration 566 (MF = 0.336471)
	Number of nodes: 262111
	Number of allocated nodes: 262144
	Number of edges: 1234877
	Maximum in degree: 420 (node 14949)
	Maximum out degree: 5 (node 0)
	source 0 (node 0) with out degree 5
	target 15486 (node 14949) with in degree 420

Execution time and memory used at after iteration 567 (MF = 0.305882): 2.805702e+05 seconds, 1241391104 bytes of memory usage, 1735832 kB of memory peak and 3-05:56:42 elapsed time
Statistics on the network after iteration 567 (MF = 0.305882)
	Number of nodes: 262111
	Number of allocated nodes: 262144
	Number of edges: 1234877
	Maximum in degree: 420 (node 14949)
	Maximum out degree: 5 (node 0)
	source 0 (node 0) with out degree 5
	target 15486 (node 14949) with in degree 420

Execution time and memory used at after iteration 568 (MF = 0.305882): 2.810624e+05 seconds, 1241391104 bytes of memory usage, 1735832 kB of memory peak and 3-06:04:54 elapsed time
Statistics on the network after iteration 568 (MF = 0.305882)
	Number of nodes: 262111
	Number of allocated nodes: 262144
	Number of edges: 1234877
	Maximum in degree: 420 (node 14949)
	Maximum out degree: 5 (node 0)
	source 0 (node 0) with out degree 5
	target 15486 (node 14949) with in degree 420

Execution time and memory used at after iteration 569 (MF = 0.336471): 2.815635e+05 seconds, 1241391104 bytes of memory usage, 1735832 kB of memory peak and 3-06:13:16 elapsed time
Statistics on the network after iteration 569 (MF = 0.336471)
	Number of nodes: 262111
	Number of allocated nodes: 262144
	Number of edges: 1234877
	Maximum in degree: 420 (node 14949)
	Maximum out degree: 5 (node 0)
	source 0 (node 0) with out degree 5
	target 15486 (node 14949) with in degree 420

Execution time and memory used at after iteration 570 (MF = 0.336471): 2.820830e+05 seconds, 1241391104 bytes of memory usage, 1735832 kB of memory peak and 3-06:21:55 elapsed time
Statistics on the network after iteration 570 (MF = 0.336471)
	Number of nodes: 262111
	Number of allocated nodes: 262144
	Number of edges: 1234877
	Maximum in degree: 420 (node 14949)
	Maximum out degree: 5 (node 0)
	source 0 (node 0) with out degree 5
	target 15486 (node 14949) with in degree 420

Execution time and memory used at after iteration 571 (MF = 0.336471): 2.825523e+05 seconds, 1241391104 bytes of memory usage, 1735832 kB of memory peak and 3-06:29:44 elapsed time
Statistics on the network after iteration 571 (MF = 0.336471)
	Number of nodes: 262111
	Number of allocated nodes: 262144
	Number of edges: 1234877
	Maximum in degree: 420 (node 14949)
	Maximum out degree: 5 (node 0)
	source 0 (node 0) with out degree 5
	target 15486 (node 14949) with in degree 420

Execution time and memory used at after iteration 572 (MF = 0.336471): 2.830719e+05 seconds, 1241391104 bytes of memory usage, 1735832 kB of memory peak and 3-06:38:24 elapsed time
Statistics on the network after iteration 572 (MF = 0.336471)
	Number of nodes: 262111
	Number of allocated nodes: 262144
	Number of edges: 1234877
	Maximum in degree: 420 (node 14949)
	Maximum out degree: 5 (node 0)
	source 0 (node 0) with out degree 5
	target 15486 (node 14949) with in degree 420

Execution time and memory used at after iteration 573 (MF = 0.336471): 2.835919e+05 seconds, 1241391104 bytes of memory usage, 1735832 kB of memory peak and 3-06:47:04 elapsed time
Statistics on the network after iteration 573 (MF = 0.336471)
	Number of nodes: 262111
	Number of allocated nodes: 262144
	Number of edges: 1234877
	Maximum in degree: 420 (node 14949)
	Maximum out degree: 5 (node 0)
	source 0 (node 0) with out degree 5
	target 15486 (node 14949) with in degree 420

Execution time and memory used at after iteration 574 (MF = 0.336471): 2.840884e+05 seconds, 1241391104 bytes of memory usage, 1735832 kB of memory peak and 3-06:55:21 elapsed time
Statistics on the network after iteration 574 (MF = 0.336471)
	Number of nodes: 262111
	Number of allocated nodes: 262144
	Number of edges: 1234877
	Maximum in degree: 420 (node 14949)
	Maximum out degree: 5 (node 0)
	source 0 (node 0) with out degree 5
	target 15486 (node 14949) with in degree 420

Execution time and memory used at after iteration 575 (MF = 0.336471): 2.845858e+05 seconds, 1241391104 bytes of memory usage, 1735832 kB of memory peak and 3-07:03:38 elapsed time
Statistics on the network after iteration 575 (MF = 0.336471)
	Number of nodes: 262111
	Number of allocated nodes: 262144
	Number of edges: 1234877
	Maximum in degree: 420 (node 14949)
	Maximum out degree: 5 (node 0)
	source 0 (node 0) with out degree 5
	target 15486 (node 14949) with in degree 420

Execution time and memory used at after iteration 576 (MF = 0.336471): 2.850607e+05 seconds, 1241391104 bytes of memory usage, 1735832 kB of memory peak and 3-07:11:33 elapsed time
Statistics on the network after iteration 576 (MF = 0.336471)
	Number of nodes: 262111
	Number of allocated nodes: 262144
	Number of edges: 1234877
	Maximum in degree: 420 (node 14949)
	Maximum out degree: 5 (node 0)
	source 0 (node 0) with out degree 5
	target 15486 (node 14949) with in degree 420

Execution time and memory used at after iteration 577 (MF = 0.336471): 2.855807e+05 seconds, 1241391104 bytes of memory usage, 1735832 kB of memory peak and 3-07:20:13 elapsed time
Statistics on the network after iteration 577 (MF = 0.336471)
	Number of nodes: 262111
	Number of allocated nodes: 262144
	Number of edges: 1234877
	Maximum in degree: 420 (node 14949)
	Maximum out degree: 5 (node 0)
	source 0 (node 0) with out degree 5
	target 15486 (node 14949) with in degree 420

Execution time and memory used at after iteration 578 (MF = 0.336471): 2.861093e+05 seconds, 1241391104 bytes of memory usage, 1735832 kB of memory peak and 3-07:29:02 elapsed time
Statistics on the network after iteration 578 (MF = 0.336471)
	Number of nodes: 262111
	Number of allocated nodes: 262144
	Number of edges: 1234877
	Maximum in degree: 420 (node 14949)
	Maximum out degree: 5 (node 0)
	source 0 (node 0) with out degree 5
	target 15486 (node 14949) with in degree 420

Execution time and memory used at after iteration 579 (MF = 0.305882): 2.865560e+05 seconds, 1241391104 bytes of memory usage, 1735832 kB of memory peak and 3-07:36:29 elapsed time
Statistics on the network after iteration 579 (MF = 0.305882)
	Number of nodes: 262111
	Number of allocated nodes: 262144
	Number of edges: 1234877
	Maximum in degree: 420 (node 14949)
	Maximum out degree: 5 (node 0)
	source 0 (node 0) with out degree 5
	target 15486 (node 14949) with in degree 420

Execution time and memory used at after iteration 580 (MF = 0.305882): 2.870490e+05 seconds, 1241391104 bytes of memory usage, 1735832 kB of memory peak and 3-07:44:42 elapsed time
Statistics on the network after iteration 580 (MF = 0.305882)
	Number of nodes: 262111
	Number of allocated nodes: 262144
	Number of edges: 1234877
	Maximum in degree: 420 (node 14949)
	Maximum out degree: 5 (node 0)
	source 0 (node 0) with out degree 5
	target 15486 (node 14949) with in degree 420

Execution time and memory used at after iteration 581 (MF = 0.336471): 2.875447e+05 seconds, 1241391104 bytes of memory usage, 1735832 kB of memory peak and 3-07:52:57 elapsed time
Statistics on the network after iteration 581 (MF = 0.336471)
	Number of nodes: 262111
	Number of allocated nodes: 262144
	Number of edges: 1234877
	Maximum in degree: 420 (node 14949)
	Maximum out degree: 5 (node 0)
	source 0 (node 0) with out degree 5
	target 15486 (node 14949) with in degree 420

Execution time and memory used at after iteration 582 (MF = 0.336471): 2.880658e+05 seconds, 1241391104 bytes of memory usage, 1735832 kB of memory peak and 3-08:01:39 elapsed time
Statistics on the network after iteration 582 (MF = 0.336471)
	Number of nodes: 262111
	Number of allocated nodes: 262144
	Number of edges: 1234877
	Maximum in degree: 420 (node 14949)
	Maximum out degree: 5 (node 0)
	source 0 (node 0) with out degree 5
	target 15486 (node 14949) with in degree 420

Execution time and memory used at after iteration 583 (MF = 0.336471): 2.885350e+05 seconds, 1241391104 bytes of memory usage, 1735832 kB of memory peak and 3-08:09:28 elapsed time
Statistics on the network after iteration 583 (MF = 0.336471)
	Number of nodes: 262111
	Number of allocated nodes: 262144
	Number of edges: 1234877
	Maximum in degree: 420 (node 14949)
	Maximum out degree: 5 (node 0)
	source 0 (node 0) with out degree 5
	target 15486 (node 14949) with in degree 420

Execution time and memory used at after iteration 584 (MF = 0.336471): 2.890562e+05 seconds, 1241391104 bytes of memory usage, 1735832 kB of memory peak and 3-08:18:09 elapsed time
Statistics on the network after iteration 584 (MF = 0.336471)
	Number of nodes: 262111
	Number of allocated nodes: 262144
	Number of edges: 1234877
	Maximum in degree: 420 (node 14949)
	Maximum out degree: 5 (node 0)
	source 0 (node 0) with out degree 5
	target 15486 (node 14949) with in degree 420

Execution time and memory used at after iteration 585 (MF = 0.336471): 2.895770e+05 seconds, 1241391104 bytes of memory usage, 1735832 kB of memory peak and 3-08:26:50 elapsed time
Statistics on the network after iteration 585 (MF = 0.336471)
	Number of nodes: 262111
	Number of allocated nodes: 262144
	Number of edges: 1234877
	Maximum in degree: 420 (node 14949)
	Maximum out degree: 5 (node 0)
	source 0 (node 0) with out degree 5
	target 15486 (node 14949) with in degree 420

Execution time and memory used at after iteration 586 (MF = 0.336471): 2.900729e+05 seconds, 1241391104 bytes of memory usage, 1735832 kB of memory peak and 3-08:35:06 elapsed time
Statistics on the network after iteration 586 (MF = 0.336471)
	Number of nodes: 262111
	Number of allocated nodes: 262144
	Number of edges: 1234877
	Maximum in degree: 420 (node 14949)
	Maximum out degree: 5 (node 0)
	source 0 (node 0) with out degree 5
	target 15486 (node 14949) with in degree 420

Execution time and memory used at after iteration 587 (MF = 0.336471): 2.905709e+05 seconds, 1241391104 bytes of memory usage, 1735832 kB of memory peak and 3-08:43:24 elapsed time
Statistics on the network after iteration 587 (MF = 0.336471)
	Number of nodes: 262111
	Number of allocated nodes: 262144
	Number of edges: 1234877
	Maximum in degree: 420 (node 14949)
	Maximum out degree: 5 (node 0)
	source 0 (node 0) with out degree 5
	target 15486 (node 14949) with in degree 420

Execution time and memory used at after iteration 588 (MF = 0.336471): 2.910449e+05 seconds, 1241391104 bytes of memory usage, 1735832 kB of memory peak and 3-08:51:18 elapsed time
Statistics on the network after iteration 588 (MF = 0.336471)
	Number of nodes: 262111
	Number of allocated nodes: 262144
	Number of edges: 1234877
	Maximum in degree: 420 (node 14949)
	Maximum out degree: 5 (node 0)
	source 0 (node 0) with out degree 5
	target 15486 (node 14949) with in degree 420

Execution time and memory used at after iteration 589 (MF = 0.336471): 2.915654e+05 seconds, 1241391104 bytes of memory usage, 1735832 kB of memory peak and 3-08:59:59 elapsed time
Statistics on the network after iteration 589 (MF = 0.336471)
	Number of nodes: 262111
	Number of allocated nodes: 262144
	Number of edges: 1234877
	Maximum in degree: 420 (node 14949)
	Maximum out degree: 5 (node 0)
	source 0 (node 0) with out degree 5
	target 15486 (node 14949) with in degree 420

Execution time and memory used at after iteration 590 (MF = 0.336471): 2.921114e+05 seconds, 1241391104 bytes of memory usage, 1735832 kB of memory peak and 3-09:09:05 elapsed time
Statistics on the network after iteration 590 (MF = 0.336471)
	Number of nodes: 262111
	Number of allocated nodes: 262144
	Number of edges: 1234877
	Maximum in degree: 420 (node 14949)
	Maximum out degree: 5 (node 0)
	source 0 (node 0) with out degree 5
	target 15486 (node 14949) with in degree 420

Execution time and memory used at after iteration 591 (MF = 0.336471): 2.925838e+05 seconds, 1241391104 bytes of memory usage, 1735832 kB of memory peak and 3-09:16:57 elapsed time
Statistics on the network after iteration 591 (MF = 0.336471)
	Number of nodes: 262111
	Number of allocated nodes: 262144
	Number of edges: 1234877
	Maximum in degree: 420 (node 14949)
	Maximum out degree: 5 (node 0)
	source 0 (node 0) with out degree 5
	target 15486 (node 14949) with in degree 420

Execution time and memory used at after iteration 592 (MF = 0.336471): 2.930791e+05 seconds, 1241391104 bytes of memory usage, 1735832 kB of memory peak and 3-09:25:13 elapsed time
Statistics on the network after iteration 592 (MF = 0.336471)
	Number of nodes: 262111
	Number of allocated nodes: 262144
	Number of edges: 1234877
	Maximum in degree: 420 (node 14949)
	Maximum out degree: 5 (node 0)
	source 0 (node 0) with out degree 5
	target 15486 (node 14949) with in degree 420

Execution time and memory used at after iteration 593 (MF = 0.305882): 2.935261e+05 seconds, 1241391104 bytes of memory usage, 1735832 kB of memory peak and 3-09:32:40 elapsed time
Statistics on the network after iteration 593 (MF = 0.305882)
	Number of nodes: 262111
	Number of allocated nodes: 262144
	Number of edges: 1234877
	Maximum in degree: 420 (node 14949)
	Maximum out degree: 5 (node 0)
	source 0 (node 0) with out degree 5
	target 15486 (node 14949) with in degree 420

Execution time and memory used at after iteration 594 (MF = 0.305882): 2.940240e+05 seconds, 1241391104 bytes of memory usage, 1735832 kB of memory peak and 3-09:40:58 elapsed time
Statistics on the network after iteration 594 (MF = 0.305882)
	Number of nodes: 262111
	Number of allocated nodes: 262144
	Number of edges: 1234877
	Maximum in degree: 420 (node 14949)
	Maximum out degree: 5 (node 0)
	source 0 (node 0) with out degree 5
	target 15486 (node 14949) with in degree 420

Execution time and memory used at after iteration 595 (MF = 0.336471): 2.945458e+05 seconds, 1241391104 bytes of memory usage, 1735832 kB of memory peak and 3-09:49:39 elapsed time
Statistics on the network after iteration 595 (MF = 0.336471)
	Number of nodes: 262111
	Number of allocated nodes: 262144
	Number of edges: 1234877
	Maximum in degree: 420 (node 14949)
	Maximum out degree: 5 (node 0)
	source 0 (node 0) with out degree 5
	target 15486 (node 14949) with in degree 420

Execution time and memory used at after iteration 596 (MF = 0.336471): 2.950376e+05 seconds, 1241391104 bytes of memory usage, 1735832 kB of memory peak and 3-09:57:51 elapsed time
Statistics on the network after iteration 596 (MF = 0.336471)
	Number of nodes: 262111
	Number of allocated nodes: 262144
	Number of edges: 1234877
	Maximum in degree: 420 (node 14949)
	Maximum out degree: 5 (node 0)
	source 0 (node 0) with out degree 5
	target 15486 (node 14949) with in degree 420

Execution time and memory used at after iteration 597 (MF = 0.336471): 2.954635e+05 seconds, 1241391104 bytes of memory usage, 1735832 kB of memory peak and 3-10:04:57 elapsed time
Statistics on the network after iteration 597 (MF = 0.336471)
	Number of nodes: 262111
	Number of allocated nodes: 262144
	Number of edges: 1234877
	Maximum in degree: 420 (node 14949)
	Maximum out degree: 5 (node 0)
	source 0 (node 0) with out degree 5
	target 15486 (node 14949) with in degree 420

Execution time and memory used at after iteration 598 (MF = 0.336471): 2.959546e+05 seconds, 1241391104 bytes of memory usage, 1735832 kB of memory peak and 3-10:13:08 elapsed time
Statistics on the network after iteration 598 (MF = 0.336471)
	Number of nodes: 262111
	Number of allocated nodes: 262144
	Number of edges: 1234877
	Maximum in degree: 420 (node 14949)
	Maximum out degree: 5 (node 0)
	source 0 (node 0) with out degree 5
	target 15486 (node 14949) with in degree 420

Execution time and memory used at after iteration 599 (MF = 0.336471): 2.964284e+05 seconds, 1241391104 bytes of memory usage, 1735832 kB of memory peak and 3-10:21:02 elapsed time
Statistics on the network after iteration 599 (MF = 0.336471)
	Number of nodes: 262111
	Number of allocated nodes: 262144
	Number of edges: 1234877
	Maximum in degree: 420 (node 14949)
	Maximum out degree: 5 (node 0)
	source 0 (node 0) with out degree 5
	target 15486 (node 14949) with in degree 420

Execution time and memory used at after iteration 600 (MF = 0.336471): 2.969363e+05 seconds, 1241391104 bytes of memory usage, 1735832 kB of memory peak and 3-10:29:30 elapsed time
Statistics on the network after iteration 600 (MF = 0.336471)
	Number of nodes: 262111
	Number of allocated nodes: 262144
	Number of edges: 1234877
	Maximum in degree: 420 (node 14949)
	Maximum out degree: 5 (node 0)
	source 0 (node 0) with out degree 5
	target 15486 (node 14949) with in degree 420

Execution time and memory used at after iteration 601 (MF = 0.336471): 2.974554e+05 seconds, 1241391104 bytes of memory usage, 1735832 kB of memory peak and 3-10:38:09 elapsed time
Statistics on the network after iteration 601 (MF = 0.336471)
	Number of nodes: 262111
	Number of allocated nodes: 262144
	Number of edges: 1234877
	Maximum in degree: 420 (node 14949)
	Maximum out degree: 5 (node 0)
	source 0 (node 0) with out degree 5
	target 15486 (node 14949) with in degree 420

Execution time and memory used at after iteration 602 (MF = 0.336471): 2.979107e+05 seconds, 1241391104 bytes of memory usage, 1735832 kB of memory peak and 3-10:45:45 elapsed time
Statistics on the network after iteration 602 (MF = 0.336471)
	Number of nodes: 262111
	Number of allocated nodes: 262144
	Number of edges: 1234877
	Maximum in degree: 420 (node 14949)
	Maximum out degree: 5 (node 0)
	source 0 (node 0) with out degree 5
	target 15486 (node 14949) with in degree 420

Execution time and memory used at after iteration 603 (MF = 0.336471): 2.984022e+05 seconds, 1241391104 bytes of memory usage, 1735832 kB of memory peak and 3-10:53:56 elapsed time
Statistics on the network after iteration 603 (MF = 0.336471)
	Number of nodes: 262111
	Number of allocated nodes: 262144
	Number of edges: 1234877
	Maximum in degree: 420 (node 14949)
	Maximum out degree: 5 (node 0)
	source 0 (node 0) with out degree 5
	target 15486 (node 14949) with in degree 420

Execution time and memory used at after iteration 604 (MF = 0.336471): 2.989007e+05 seconds, 1241391104 bytes of memory usage, 1735832 kB of memory peak and 3-11:02:15 elapsed time
Statistics on the network after iteration 604 (MF = 0.336471)
	Number of nodes: 262111
	Number of allocated nodes: 262144
	Number of edges: 1234877
	Maximum in degree: 420 (node 14949)
	Maximum out degree: 5 (node 0)
	source 0 (node 0) with out degree 5
	target 15486 (node 14949) with in degree 420

Execution time and memory used at after iteration 605 (MF = 0.305882): 2.993688e+05 seconds, 1241391104 bytes of memory usage, 1735832 kB of memory peak and 3-11:10:03 elapsed time
Statistics on the network after iteration 605 (MF = 0.305882)
	Number of nodes: 262111
	Number of allocated nodes: 262144
	Number of edges: 1234877
	Maximum in degree: 420 (node 14949)
	Maximum out degree: 5 (node 0)
	source 0 (node 0) with out degree 5
	target 15486 (node 14949) with in degree 420

Execution time and memory used at after iteration 606 (MF = 0.305882): 2.998908e+05 seconds, 1241391104 bytes of memory usage, 1735832 kB of memory peak and 3-11:18:45 elapsed time
Statistics on the network after iteration 606 (MF = 0.305882)
	Number of nodes: 262111
	Number of allocated nodes: 262144
	Number of edges: 1234877
	Maximum in degree: 420 (node 14949)
	Maximum out degree: 5 (node 0)
	source 0 (node 0) with out degree 5
	target 15486 (node 14949) with in degree 420

Execution time and memory used at after iteration 607 (MF = 0.336471): 3.003885e+05 seconds, 1241391104 bytes of memory usage, 1735832 kB of memory peak and 3-11:27:03 elapsed time
Statistics on the network after iteration 607 (MF = 0.336471)
	Number of nodes: 262111
	Number of allocated nodes: 262144
	Number of edges: 1234877
	Maximum in degree: 420 (node 14949)
	Maximum out degree: 5 (node 0)
	source 0 (node 0) with out degree 5
	target 15486 (node 14949) with in degree 420

Execution time and memory used at after iteration 608 (MF = 0.336471): 3.008888e+05 seconds, 1241391104 bytes of memory usage, 1735832 kB of memory peak and 3-11:35:23 elapsed time
Statistics on the network after iteration 608 (MF = 0.336471)
	Number of nodes: 262111
	Number of allocated nodes: 262144
	Number of edges: 1234877
	Maximum in degree: 420 (node 14949)
	Maximum out degree: 5 (node 0)
	source 0 (node 0) with out degree 5
	target 15486 (node 14949) with in degree 420

Execution time and memory used at after iteration 609 (MF = 0.336471): 3.013229e+05 seconds, 1241391104 bytes of memory usage, 1735832 kB of memory peak and 3-11:42:38 elapsed time
Statistics on the network after iteration 609 (MF = 0.336471)
	Number of nodes: 262111
	Number of allocated nodes: 262144
	Number of edges: 1234877
	Maximum in degree: 420 (node 14949)
	Maximum out degree: 5 (node 0)
	source 0 (node 0) with out degree 5
	target 15486 (node 14949) with in degree 420

Execution time and memory used at after iteration 610 (MF = 0.336471): 3.018230e+05 seconds, 1241391104 bytes of memory usage, 1735832 kB of memory peak and 3-11:50:58 elapsed time
Statistics on the network after iteration 610 (MF = 0.336471)
	Number of nodes: 262111
	Number of allocated nodes: 262144
	Number of edges: 1234877
	Maximum in degree: 420 (node 14949)
	Maximum out degree: 5 (node 0)
	source 0 (node 0) with out degree 5
	target 15486 (node 14949) with in degree 420

Execution time and memory used at after iteration 611 (MF = 0.336471): 3.023231e+05 seconds, 1241391104 bytes of memory usage, 1735832 kB of memory peak and 3-11:59:18 elapsed time
Statistics on the network after iteration 611 (MF = 0.336471)
	Number of nodes: 262111
	Number of allocated nodes: 262144
	Number of edges: 1234877
	Maximum in degree: 420 (node 14949)
	Maximum out degree: 5 (node 0)
	source 0 (node 0) with out degree 5
	target 15486 (node 14949) with in degree 420

Execution time and memory used at after iteration 612 (MF = 0.336471): 3.028185e+05 seconds, 1241391104 bytes of memory usage, 1735832 kB of memory peak and 3-12:07:33 elapsed time
Statistics on the network after iteration 612 (MF = 0.336471)
	Number of nodes: 262111
	Number of allocated nodes: 262144
	Number of edges: 1234877
	Maximum in degree: 420 (node 14949)
	Maximum out degree: 5 (node 0)
	source 0 (node 0) with out degree 5
	target 15486 (node 14949) with in degree 420

Execution time and memory used at after iteration 613 (MF = 0.336471): 3.033143e+05 seconds, 1241391104 bytes of memory usage, 1735832 kB of memory peak and 3-12:15:49 elapsed time
Statistics on the network after iteration 613 (MF = 0.336471)
	Number of nodes: 262111
	Number of allocated nodes: 262144
	Number of edges: 1234877
	Maximum in degree: 420 (node 14949)
	Maximum out degree: 5 (node 0)
	source 0 (node 0) with out degree 5
	target 15486 (node 14949) with in degree 420

Execution time and memory used at after iteration 614 (MF = 0.336471): 3.038098e+05 seconds, 1241391104 bytes of memory usage, 1735832 kB of memory peak and 3-12:24:05 elapsed time
Statistics on the network after iteration 614 (MF = 0.336471)
	Number of nodes: 262111
	Number of allocated nodes: 262144
	Number of edges: 1234877
	Maximum in degree: 420 (node 14949)
	Maximum out degree: 5 (node 0)
	source 0 (node 0) with out degree 5
	target 15486 (node 14949) with in degree 420

Execution time and memory used at after iteration 615 (MF = 0.336471): 3.043097e+05 seconds, 1241391104 bytes of memory usage, 1735832 kB of memory peak and 3-12:32:25 elapsed time
Statistics on the network after iteration 615 (MF = 0.336471)
	Number of nodes: 262111
	Number of allocated nodes: 262144
	Number of edges: 1234877
	Maximum in degree: 420 (node 14949)
	Maximum out degree: 5 (node 0)
	source 0 (node 0) with out degree 5
	target 15486 (node 14949) with in degree 420

Execution time and memory used at after iteration 616 (MF = 0.336471): 3.048028e+05 seconds, 1241391104 bytes of memory usage, 1735832 kB of memory peak and 3-12:40:38 elapsed time
Statistics on the network after iteration 616 (MF = 0.336471)
	Number of nodes: 262111
	Number of allocated nodes: 262144
	Number of edges: 1234877
	Maximum in degree: 420 (node 14949)
	Maximum out degree: 5 (node 0)
	source 0 (node 0) with out degree 5
	target 15486 (node 14949) with in degree 420

Execution time and memory used at after iteration 617 (MF = 0.305882): 3.052535e+05 seconds, 1241391104 bytes of memory usage, 1735832 kB of memory peak and 3-12:48:08 elapsed time
Statistics on the network after iteration 617 (MF = 0.305882)
	Number of nodes: 262111
	Number of allocated nodes: 262144
	Number of edges: 1234877
	Maximum in degree: 420 (node 14949)
	Maximum out degree: 5 (node 0)
	source 0 (node 0) with out degree 5
	target 15486 (node 14949) with in degree 420

Execution time and memory used at after iteration 618 (MF = 0.305882): 3.057797e+05 seconds, 1241391104 bytes of memory usage, 1735832 kB of memory peak and 3-12:56:55 elapsed time
Statistics on the network after iteration 618 (MF = 0.305882)
	Number of nodes: 262111
	Number of allocated nodes: 262144
	Number of edges: 1234877
	Maximum in degree: 420 (node 14949)
	Maximum out degree: 5 (node 0)
	source 0 (node 0) with out degree 5
	target 15486 (node 14949) with in degree 420

Execution time and memory used at after iteration 619 (MF = 0.336471): 3.062989e+05 seconds, 1241391104 bytes of memory usage, 1735832 kB of memory peak and 3-13:05:34 elapsed time
Statistics on the network after iteration 619 (MF = 0.336471)
	Number of nodes: 262111
	Number of allocated nodes: 262144
	Number of edges: 1234877
	Maximum in degree: 420 (node 14949)
	Maximum out degree: 5 (node 0)
	source 0 (node 0) with out degree 5
	target 15486 (node 14949) with in degree 420

Execution time and memory used at after iteration 620 (MF = 0.336471): 3.067949e+05 seconds, 1241391104 bytes of memory usage, 1735832 kB of memory peak and 3-13:13:50 elapsed time
Statistics on the network after iteration 620 (MF = 0.336471)
	Number of nodes: 262111
	Number of allocated nodes: 262144
	Number of edges: 1234877
	Maximum in degree: 420 (node 14949)
	Maximum out degree: 5 (node 0)
	source 0 (node 0) with out degree 5
	target 15486 (node 14949) with in degree 420

Execution time and memory used at after iteration 621 (MF = 0.336471): 3.072268e+05 seconds, 1241391104 bytes of memory usage, 1735832 kB of memory peak and 3-13:21:02 elapsed time
Statistics on the network after iteration 621 (MF = 0.336471)
	Number of nodes: 262111
	Number of allocated nodes: 262144
	Number of edges: 1234877
	Maximum in degree: 420 (node 14949)
	Maximum out degree: 5 (node 0)
	source 0 (node 0) with out degree 5
	target 15486 (node 14949) with in degree 420

Execution time and memory used at after iteration 622 (MF = 0.336471): 3.077229e+05 seconds, 1241391104 bytes of memory usage, 1735832 kB of memory peak and 3-13:29:18 elapsed time
Statistics on the network after iteration 622 (MF = 0.336471)
	Number of nodes: 262111
	Number of allocated nodes: 262144
	Number of edges: 1234877
	Maximum in degree: 420 (node 14949)
	Maximum out degree: 5 (node 0)
	source 0 (node 0) with out degree 5
	target 15486 (node 14949) with in degree 420

Execution time and memory used at after iteration 623 (MF = 0.336471): 3.082193e+05 seconds, 1241391104 bytes of memory usage, 1735832 kB of memory peak and 3-13:37:35 elapsed time
Statistics on the network after iteration 623 (MF = 0.336471)
	Number of nodes: 262111
	Number of allocated nodes: 262144
	Number of edges: 1234877
	Maximum in degree: 420 (node 14949)
	Maximum out degree: 5 (node 0)
	source 0 (node 0) with out degree 5
	target 15486 (node 14949) with in degree 420

Execution time and memory used at after iteration 624 (MF = 0.336471): 3.087184e+05 seconds, 1241391104 bytes of memory usage, 1735832 kB of memory peak and 3-13:45:54 elapsed time
Statistics on the network after iteration 624 (MF = 0.336471)
	Number of nodes: 262111
	Number of allocated nodes: 262144
	Number of edges: 1234877
	Maximum in degree: 420 (node 14949)
	Maximum out degree: 5 (node 0)
	source 0 (node 0) with out degree 5
	target 15486 (node 14949) with in degree 420

Execution time and memory used at after iteration 625 (MF = 0.336471): 3.092182e+05 seconds, 1241391104 bytes of memory usage, 1735832 kB of memory peak and 3-13:54:14 elapsed time
Statistics on the network after iteration 625 (MF = 0.336471)
	Number of nodes: 262111
	Number of allocated nodes: 262144
	Number of edges: 1234877
	Maximum in degree: 420 (node 14949)
	Maximum out degree: 5 (node 0)
	source 0 (node 0) with out degree 5
	target 15486 (node 14949) with in degree 420

Execution time and memory used at after iteration 626 (MF = 0.336471): 3.096895e+05 seconds, 1241391104 bytes of memory usage, 1735832 kB of memory peak and 3-14:02:05 elapsed time
Statistics on the network after iteration 626 (MF = 0.336471)
	Number of nodes: 262111
	Number of allocated nodes: 262144
	Number of edges: 1234877
	Maximum in degree: 420 (node 14949)
	Maximum out degree: 5 (node 0)
	source 0 (node 0) with out degree 5
	target 15486 (node 14949) with in degree 420

Execution time and memory used at after iteration 627 (MF = 0.336471): 3.101857e+05 seconds, 1241391104 bytes of memory usage, 1735832 kB of memory peak and 3-14:10:22 elapsed time
Statistics on the network after iteration 627 (MF = 0.336471)
	Number of nodes: 262111
	Number of allocated nodes: 262144
	Number of edges: 1234877
	Maximum in degree: 420 (node 14949)
	Maximum out degree: 5 (node 0)
	source 0 (node 0) with out degree 5
	target 15486 (node 14949) with in degree 420

Execution time and memory used at after iteration 628 (MF = 0.336471): 3.106585e+05 seconds, 1241391104 bytes of memory usage, 1735832 kB of memory peak and 3-14:18:14 elapsed time
Statistics on the network after iteration 628 (MF = 0.336471)
	Number of nodes: 262111
	Number of allocated nodes: 262144
	Number of edges: 1234877
	Maximum in degree: 420 (node 14949)
	Maximum out degree: 5 (node 0)
	source 0 (node 0) with out degree 5
	target 15486 (node 14949) with in degree 420

Execution time and memory used at after iteration 629 (MF = 0.305882): 3.110723e+05 seconds, 1241391104 bytes of memory usage, 1735832 kB of memory peak and 3-14:25:08 elapsed time
Statistics on the network after iteration 629 (MF = 0.305882)
	Number of nodes: 262111
	Number of allocated nodes: 262144
	Number of edges: 1234877
	Maximum in degree: 420 (node 14949)
	Maximum out degree: 5 (node 0)
	source 0 (node 0) with out degree 5
	target 15486 (node 14949) with in degree 420

Execution time and memory used at after iteration 630 (MF = 0.305882): 3.115106e+05 seconds, 1241391104 bytes of memory usage, 1735832 kB of memory peak and 3-14:32:27 elapsed time
Statistics on the network after iteration 630 (MF = 0.305882)
	Number of nodes: 262111
	Number of allocated nodes: 262144
	Number of edges: 1234877
	Maximum in degree: 420 (node 14949)
	Maximum out degree: 5 (node 0)
	source 0 (node 0) with out degree 5
	target 15486 (node 14949) with in degree 420

Execution time and memory used at after iteration 631 (MF = 0.305882): 3.120061e+05 seconds, 1241391104 bytes of memory usage, 1735832 kB of memory peak and 3-14:40:42 elapsed time
Statistics on the network after iteration 631 (MF = 0.305882)
	Number of nodes: 262111
	Number of allocated nodes: 262144
	Number of edges: 1234877
	Maximum in degree: 420 (node 14949)
	Maximum out degree: 5 (node 0)
	source 0 (node 0) with out degree 5
	target 15486 (node 14949) with in degree 420

Execution time and memory used at after iteration 632 (MF = 0.336471): 3.125135e+05 seconds, 1241391104 bytes of memory usage, 1735832 kB of memory peak and 3-14:49:10 elapsed time
Statistics on the network after iteration 632 (MF = 0.336471)
	Number of nodes: 262111
	Number of allocated nodes: 262144
	Number of edges: 1234877
	Maximum in degree: 420 (node 14949)
	Maximum out degree: 5 (node 0)
	source 0 (node 0) with out degree 5
	target 15486 (node 14949) with in degree 420

Execution time and memory used at after iteration 633 (MF = 0.336471): 3.130071e+05 seconds, 1241391104 bytes of memory usage, 1735832 kB of memory peak and 3-14:57:23 elapsed time
Statistics on the network after iteration 633 (MF = 0.336471)
	Number of nodes: 262111
	Number of allocated nodes: 262144
	Number of edges: 1234877
	Maximum in degree: 420 (node 14949)
	Maximum out degree: 5 (node 0)
	source 0 (node 0) with out degree 5
	target 15486 (node 14949) with in degree 420

Execution time and memory used at after iteration 634 (MF = 0.336471): 3.133942e+05 seconds, 1241391104 bytes of memory usage, 1735832 kB of memory peak and 3-15:03:50 elapsed time
Statistics on the network after iteration 634 (MF = 0.336471)
	Number of nodes: 262111
	Number of allocated nodes: 262144
	Number of edges: 1234877
	Maximum in degree: 420 (node 14949)
	Maximum out degree: 5 (node 0)
	source 0 (node 0) with out degree 5
	target 15486 (node 14949) with in degree 420

Execution time and memory used at after iteration 635 (MF = 0.336471): 3.138884e+05 seconds, 1241391104 bytes of memory usage, 1735832 kB of memory peak and 3-15:12:05 elapsed time
Statistics on the network after iteration 635 (MF = 0.336471)
	Number of nodes: 262111
	Number of allocated nodes: 262144
	Number of edges: 1234877
	Maximum in degree: 420 (node 14949)
	Maximum out degree: 5 (node 0)
	source 0 (node 0) with out degree 5
	target 15486 (node 14949) with in degree 420

Execution time and memory used at after iteration 636 (MF = 0.336471): 3.143824e+05 seconds, 1241391104 bytes of memory usage, 1735832 kB of memory peak and 3-15:20:19 elapsed time
Statistics on the network after iteration 636 (MF = 0.336471)
	Number of nodes: 262111
	Number of allocated nodes: 262144
	Number of edges: 1234877
	Maximum in degree: 420 (node 14949)
	Maximum out degree: 5 (node 0)
	source 0 (node 0) with out degree 5
	target 15486 (node 14949) with in degree 420

Execution time and memory used at after iteration 637 (MF = 0.336471): 3.148745e+05 seconds, 1241391104 bytes of memory usage, 1735832 kB of memory peak and 3-15:28:31 elapsed time
Statistics on the network after iteration 637 (MF = 0.336471)
	Number of nodes: 262111
	Number of allocated nodes: 262144
	Number of edges: 1234877
	Maximum in degree: 420 (node 14949)
	Maximum out degree: 5 (node 0)
	source 0 (node 0) with out degree 5
	target 15486 (node 14949) with in degree 420

Execution time and memory used at after iteration 638 (MF = 0.336471): 3.153628e+05 seconds, 1241391104 bytes of memory usage, 1735832 kB of memory peak and 3-15:36:39 elapsed time
Statistics on the network after iteration 638 (MF = 0.336471)
	Number of nodes: 262111
	Number of allocated nodes: 262144
	Number of edges: 1234877
	Maximum in degree: 420 (node 14949)
	Maximum out degree: 5 (node 0)
	source 0 (node 0) with out degree 5
	target 15486 (node 14949) with in degree 420

Execution time and memory used at after iteration 639 (MF = 0.336471): 3.158476e+05 seconds, 1241391104 bytes of memory usage, 1735832 kB of memory peak and 3-15:44:44 elapsed time
Statistics on the network after iteration 639 (MF = 0.336471)
	Number of nodes: 262111
	Number of allocated nodes: 262144
	Number of edges: 1234877
	Maximum in degree: 420 (node 14949)
	Maximum out degree: 5 (node 0)
	source 0 (node 0) with out degree 5
	target 15486 (node 14949) with in degree 420

Execution time and memory used at after iteration 640 (MF = 0.336471): 3.163423e+05 seconds, 1241391104 bytes of memory usage, 1735832 kB of memory peak and 3-15:52:59 elapsed time
Statistics on the network after iteration 640 (MF = 0.336471)
	Number of nodes: 262111
	Number of allocated nodes: 262144
	Number of edges: 1234877
	Maximum in degree: 420 (node 14949)
	Maximum out degree: 5 (node 0)
	source 0 (node 0) with out degree 5
	target 15486 (node 14949) with in degree 420

Execution time and memory used at after iteration 641 (MF = 0.336471): 3.168584e+05 seconds, 1241391104 bytes of memory usage, 1735832 kB of memory peak and 3-16:01:35 elapsed time
Statistics on the network after iteration 641 (MF = 0.336471)
	Number of nodes: 262111
	Number of allocated nodes: 262144
	Number of edges: 1234877
	Maximum in degree: 420 (node 14949)
	Maximum out degree: 5 (node 0)
	source 0 (node 0) with out degree 5
	target 15486 (node 14949) with in degree 420

Execution time and memory used at after iteration 642 (MF = 0.305882): 3.173033e+05 seconds, 1241391104 bytes of memory usage, 1735832 kB of memory peak and 3-16:09:00 elapsed time
Statistics on the network after iteration 642 (MF = 0.305882)
	Number of nodes: 262111
	Number of allocated nodes: 262144
	Number of edges: 1234877
	Maximum in degree: 420 (node 14949)
	Maximum out degree: 5 (node 0)
	source 0 (node 0) with out degree 5
	target 15486 (node 14949) with in degree 420

Execution time and memory used at after iteration 643 (MF = 0.305882): 3.177995e+05 seconds, 1241391104 bytes of memory usage, 1735832 kB of memory peak and 3-16:17:16 elapsed time
Statistics on the network after iteration 643 (MF = 0.305882)
	Number of nodes: 262111
	Number of allocated nodes: 262144
	Number of edges: 1234877
	Maximum in degree: 420 (node 14949)
	Maximum out degree: 5 (node 0)
	source 0 (node 0) with out degree 5
	target 15486 (node 14949) with in degree 420

Execution time and memory used at after iteration 644 (MF = 0.336471): 3.182934e+05 seconds, 1241391104 bytes of memory usage, 1735832 kB of memory peak and 3-16:25:30 elapsed time
Statistics on the network after iteration 644 (MF = 0.336471)
	Number of nodes: 262111
	Number of allocated nodes: 262144
	Number of edges: 1234877
	Maximum in degree: 420 (node 14949)
	Maximum out degree: 5 (node 0)
	source 0 (node 0) with out degree 5
	target 15486 (node 14949) with in degree 420

Execution time and memory used at after iteration 645 (MF = 0.336471): 3.188123e+05 seconds, 1241391104 bytes of memory usage, 1735832 kB of memory peak and 3-16:34:09 elapsed time
Statistics on the network after iteration 645 (MF = 0.336471)
	Number of nodes: 262111
	Number of allocated nodes: 262144
	Number of edges: 1234877
	Maximum in degree: 420 (node 14949)
	Maximum out degree: 5 (node 0)
	source 0 (node 0) with out degree 5
	target 15486 (node 14949) with in degree 420

Execution time and memory used at after iteration 646 (MF = 0.336471): 3.192799e+05 seconds, 1241391104 bytes of memory usage, 1735832 kB of memory peak and 3-16:41:57 elapsed time
Statistics on the network after iteration 646 (MF = 0.336471)
	Number of nodes: 262111
	Number of allocated nodes: 262144
	Number of edges: 1234877
	Maximum in degree: 420 (node 14949)
	Maximum out degree: 5 (node 0)
	source 0 (node 0) with out degree 5
	target 15486 (node 14949) with in degree 420

Execution time and memory used at after iteration 647 (MF = 0.336471): 3.197993e+05 seconds, 1241391104 bytes of memory usage, 1735832 kB of memory peak and 3-16:50:36 elapsed time
Statistics on the network after iteration 647 (MF = 0.336471)
	Number of nodes: 262111
	Number of allocated nodes: 262144
	Number of edges: 1234877
	Maximum in degree: 420 (node 14949)
	Maximum out degree: 5 (node 0)
	source 0 (node 0) with out degree 5
	target 15486 (node 14949) with in degree 420

Execution time and memory used at after iteration 648 (MF = 0.336471): 3.203183e+05 seconds, 1241391104 bytes of memory usage, 1735832 kB of memory peak and 3-16:59:15 elapsed time
Statistics on the network after iteration 648 (MF = 0.336471)
	Number of nodes: 262111
	Number of allocated nodes: 262144
	Number of edges: 1234877
	Maximum in degree: 420 (node 14949)
	Maximum out degree: 5 (node 0)
	source 0 (node 0) with out degree 5
	target 15486 (node 14949) with in degree 420

Execution time and memory used at after iteration 649 (MF = 0.336471): 3.208134e+05 seconds, 1241391104 bytes of memory usage, 1735832 kB of memory peak and 3-17:07:30 elapsed time
Statistics on the network after iteration 649 (MF = 0.336471)
	Number of nodes: 262111
	Number of allocated nodes: 262144
	Number of edges: 1234877
	Maximum in degree: 420 (node 14949)
	Maximum out degree: 5 (node 0)
	source 0 (node 0) with out degree 5
	target 15486 (node 14949) with in degree 420

Execution time and memory used at after iteration 650 (MF = 0.336471): 3.213137e+05 seconds, 1241391104 bytes of memory usage, 1735832 kB of memory peak and 3-17:15:51 elapsed time
Statistics on the network after iteration 650 (MF = 0.336471)
	Number of nodes: 262111
	Number of allocated nodes: 262144
	Number of edges: 1234877
	Maximum in degree: 420 (node 14949)
	Maximum out degree: 5 (node 0)
	source 0 (node 0) with out degree 5
	target 15486 (node 14949) with in degree 420

Execution time and memory used at after iteration 651 (MF = 0.336471): 3.217856e+05 seconds, 1241391104 bytes of memory usage, 1735832 kB of memory peak and 3-17:23:43 elapsed time
Statistics on the network after iteration 651 (MF = 0.336471)
	Number of nodes: 262111
	Number of allocated nodes: 262144
	Number of edges: 1234877
	Maximum in degree: 420 (node 14949)
	Maximum out degree: 5 (node 0)
	source 0 (node 0) with out degree 5
	target 15486 (node 14949) with in degree 420

Execution time and memory used at after iteration 652 (MF = 0.336471): 3.223049e+05 seconds, 1241391104 bytes of memory usage, 1735832 kB of memory peak and 3-17:32:22 elapsed time
Statistics on the network after iteration 652 (MF = 0.336471)
	Number of nodes: 262111
	Number of allocated nodes: 262144
	Number of edges: 1234877
	Maximum in degree: 420 (node 14949)
	Maximum out degree: 5 (node 0)
	source 0 (node 0) with out degree 5
	target 15486 (node 14949) with in degree 420

Execution time and memory used at after iteration 653 (MF = 0.336471): 3.227964e+05 seconds, 1241391104 bytes of memory usage, 1735832 kB of memory peak and 3-17:40:34 elapsed time
Statistics on the network after iteration 653 (MF = 0.336471)
	Number of nodes: 262111
	Number of allocated nodes: 262144
	Number of edges: 1234877
	Maximum in degree: 420 (node 14949)
	Maximum out degree: 5 (node 0)
	source 0 (node 0) with out degree 5
	target 15486 (node 14949) with in degree 420

Execution time and memory used at after iteration 654 (MF = 0.336471): 3.232707e+05 seconds, 1241391104 bytes of memory usage, 1735832 kB of memory peak and 3-17:48:28 elapsed time
Statistics on the network after iteration 654 (MF = 0.336471)
	Number of nodes: 262111
	Number of allocated nodes: 262144
	Number of edges: 1234877
	Maximum in degree: 420 (node 14949)
	Maximum out degree: 5 (node 0)
	source 0 (node 0) with out degree 5
	target 15486 (node 14949) with in degree 420

Execution time and memory used at after iteration 655 (MF = 0.336471): 3.237454e+05 seconds, 1241391104 bytes of memory usage, 1735832 kB of memory peak and 3-17:56:23 elapsed time
Statistics on the network after iteration 655 (MF = 0.336471)
	Number of nodes: 262111
	Number of allocated nodes: 262144
	Number of edges: 1234877
	Maximum in degree: 420 (node 14949)
	Maximum out degree: 5 (node 0)
	source 0 (node 0) with out degree 5
	target 15486 (node 14949) with in degree 420

Execution time and memory used at after iteration 656 (MF = 0.305882): 3.241688e+05 seconds, 1241391104 bytes of memory usage, 1735832 kB of memory peak and 3-18:03:26 elapsed time
Statistics on the network after iteration 656 (MF = 0.305882)
	Number of nodes: 262111
	Number of allocated nodes: 262144
	Number of edges: 1234877
	Maximum in degree: 420 (node 14949)
	Maximum out degree: 5 (node 0)
	source 0 (node 0) with out degree 5
	target 15486 (node 14949) with in degree 420

Execution time and memory used at after iteration 657 (MF = 0.336471): 3.246839e+05 seconds, 1241391104 bytes of memory usage, 1735832 kB of memory peak and 3-18:12:01 elapsed time
Statistics on the network after iteration 657 (MF = 0.336471)
	Number of nodes: 262111
	Number of allocated nodes: 262144
	Number of edges: 1234877
	Maximum in degree: 420 (node 14949)
	Maximum out degree: 5 (node 0)
	source 0 (node 0) with out degree 5
	target 15486 (node 14949) with in degree 420

Execution time and memory used at after iteration 658 (MF = 0.336471): 3.251994e+05 seconds, 1241391104 bytes of memory usage, 1735832 kB of memory peak and 3-18:20:37 elapsed time
Statistics on the network after iteration 658 (MF = 0.336471)
	Number of nodes: 262111
	Number of allocated nodes: 262144
	Number of edges: 1234877
	Maximum in degree: 420 (node 14949)
	Maximum out degree: 5 (node 0)
	source 0 (node 0) with out degree 5
	target 15486 (node 14949) with in degree 420

Execution time and memory used at after iteration 659 (MF = 0.336471): 3.256982e+05 seconds, 1241391104 bytes of memory usage, 1735832 kB of memory peak and 3-18:28:56 elapsed time
Statistics on the network after iteration 659 (MF = 0.336471)
	Number of nodes: 262111
	Number of allocated nodes: 262144
	Number of edges: 1234877
	Maximum in degree: 420 (node 14949)
	Maximum out degree: 5 (node 0)
	source 0 (node 0) with out degree 5
	target 15486 (node 14949) with in degree 420

Execution time and memory used at after iteration 660 (MF = 0.336471): 3.261975e+05 seconds, 1241391104 bytes of memory usage, 1735832 kB of memory peak and 3-18:37:15 elapsed time
Statistics on the network after iteration 660 (MF = 0.336471)
	Number of nodes: 262111
	Number of allocated nodes: 262144
	Number of edges: 1234877
	Maximum in degree: 420 (node 14949)
	Maximum out degree: 5 (node 0)
	source 0 (node 0) with out degree 5
	target 15486 (node 14949) with in degree 420

Execution time and memory used at after iteration 661 (MF = 0.336471): 3.266970e+05 seconds, 1241391104 bytes of memory usage, 1735832 kB of memory peak and 3-18:45:35 elapsed time
Statistics on the network after iteration 661 (MF = 0.336471)
	Number of nodes: 262111
	Number of allocated nodes: 262144
	Number of edges: 1234877
	Maximum in degree: 420 (node 14949)
	Maximum out degree: 5 (node 0)
	source 0 (node 0) with out degree 5
	target 15486 (node 14949) with in degree 420

Execution time and memory used at after iteration 662 (MF = 0.336471): 3.271968e+05 seconds, 1241391104 bytes of memory usage, 1735832 kB of memory peak and 3-18:53:55 elapsed time
Statistics on the network after iteration 662 (MF = 0.336471)
	Number of nodes: 262111
	Number of allocated nodes: 262144
	Number of edges: 1234877
	Maximum in degree: 420 (node 14949)
	Maximum out degree: 5 (node 0)
	source 0 (node 0) with out degree 5
	target 15486 (node 14949) with in degree 420

Execution time and memory used at after iteration 663 (MF = 0.336471): 3.276961e+05 seconds, 1241391104 bytes of memory usage, 1735832 kB of memory peak and 3-19:02:14 elapsed time
Statistics on the network after iteration 663 (MF = 0.336471)
	Number of nodes: 262111
	Number of allocated nodes: 262144
	Number of edges: 1234877
	Maximum in degree: 420 (node 14949)
	Maximum out degree: 5 (node 0)
	source 0 (node 0) with out degree 5
	target 15486 (node 14949) with in degree 420

Execution time and memory used at after iteration 664 (MF = 0.336471): 3.281964e+05 seconds, 1241391104 bytes of memory usage, 1735832 kB of memory peak and 3-19:10:34 elapsed time
Statistics on the network after iteration 664 (MF = 0.336471)
	Number of nodes: 262111
	Number of allocated nodes: 262144
	Number of edges: 1234877
	Maximum in degree: 420 (node 14949)
	Maximum out degree: 5 (node 0)
	source 0 (node 0) with out degree 5
	target 15486 (node 14949) with in degree 420

Execution time and memory used at after iteration 665 (MF = 0.336471): 3.286966e+05 seconds, 1241391104 bytes of memory usage, 1735832 kB of memory peak and 3-19:18:55 elapsed time
Statistics on the network after iteration 665 (MF = 0.336471)
	Number of nodes: 262111
	Number of allocated nodes: 262144
	Number of edges: 1234877
	Maximum in degree: 420 (node 14949)
	Maximum out degree: 5 (node 0)
	source 0 (node 0) with out degree 5
	target 15486 (node 14949) with in degree 420

Execution time and memory used at after iteration 666 (MF = 0.336471): 3.291969e+05 seconds, 1241391104 bytes of memory usage, 1735832 kB of memory peak and 3-19:27:15 elapsed time
Statistics on the network after iteration 666 (MF = 0.336471)
	Number of nodes: 262111
	Number of allocated nodes: 262144
	Number of edges: 1234877
	Maximum in degree: 420 (node 14949)
	Maximum out degree: 5 (node 0)
	source 0 (node 0) with out degree 5
	target 15486 (node 14949) with in degree 420

Execution time and memory used at after iteration 667 (MF = 0.336471): 3.296899e+05 seconds, 1241391104 bytes of memory usage, 1735832 kB of memory peak and 3-19:35:28 elapsed time
Statistics on the network after iteration 667 (MF = 0.336471)
	Number of nodes: 262111
	Number of allocated nodes: 262144
	Number of edges: 1234877
	Maximum in degree: 420 (node 14949)
	Maximum out degree: 5 (node 0)
	source 0 (node 0) with out degree 5
	target 15486 (node 14949) with in degree 420

Execution time and memory used at after iteration 668 (MF = 0.336471): 3.301842e+05 seconds, 1241391104 bytes of memory usage, 1735832 kB of memory peak and 3-19:43:43 elapsed time
Statistics on the network after iteration 668 (MF = 0.336471)
	Number of nodes: 262111
	Number of allocated nodes: 262144
	Number of edges: 1234877
	Maximum in degree: 420 (node 14949)
	Maximum out degree: 5 (node 0)
	source 0 (node 0) with out degree 5
	target 15486 (node 14949) with in degree 420

Execution time and memory used at after iteration 669 (MF = 0.305882): 3.307283e+05 seconds, 1241391104 bytes of memory usage, 1735832 kB of memory peak and 3-19:52:47 elapsed time
Statistics on the network after iteration 669 (MF = 0.305882)
	Number of nodes: 262111
	Number of allocated nodes: 262144
	Number of edges: 1234877
	Maximum in degree: 420 (node 14949)
	Maximum out degree: 5 (node 0)
	source 0 (node 0) with out degree 5
	target 15486 (node 14949) with in degree 420

Execution time and memory used at after iteration 670 (MF = 0.305882): 3.312722e+05 seconds, 1241391104 bytes of memory usage, 1735832 kB of memory peak and 3-20:01:51 elapsed time
Statistics on the network after iteration 670 (MF = 0.305882)
	Number of nodes: 262111
	Number of allocated nodes: 262144
	Number of edges: 1234877
	Maximum in degree: 420 (node 14949)
	Maximum out degree: 5 (node 0)
	source 0 (node 0) with out degree 5
	target 15486 (node 14949) with in degree 420

Execution time and memory used at after iteration 671 (MF = 0.336471): 3.317207e+05 seconds, 1241391104 bytes of memory usage, 1735832 kB of memory peak and 3-20:09:19 elapsed time
Statistics on the network after iteration 671 (MF = 0.336471)
	Number of nodes: 262111
	Number of allocated nodes: 262144
	Number of edges: 1234877
	Maximum in degree: 420 (node 14949)
	Maximum out degree: 5 (node 0)
	source 0 (node 0) with out degree 5
	target 15486 (node 14949) with in degree 420

Execution time and memory used at after iteration 672 (MF = 0.336471): 3.321692e+05 seconds, 1241391104 bytes of memory usage, 1735832 kB of memory peak and 3-20:16:48 elapsed time
Statistics on the network after iteration 672 (MF = 0.336471)
	Number of nodes: 262111
	Number of allocated nodes: 262144
	Number of edges: 1234877
	Maximum in degree: 420 (node 14949)
	Maximum out degree: 5 (node 0)
	source 0 (node 0) with out degree 5
	target 15486 (node 14949) with in degree 420

Execution time and memory used at after iteration 673 (MF = 0.336471): 3.326978e+05 seconds, 1241391104 bytes of memory usage, 1735832 kB of memory peak and 3-20:25:37 elapsed time
Statistics on the network after iteration 673 (MF = 0.336471)
	Number of nodes: 262111
	Number of allocated nodes: 262144
	Number of edges: 1234877
	Maximum in degree: 420 (node 14949)
	Maximum out degree: 5 (node 0)
	source 0 (node 0) with out degree 5
	target 15486 (node 14949) with in degree 420

Execution time and memory used at after iteration 674 (MF = 0.336471): 3.332275e+05 seconds, 1241391104 bytes of memory usage, 1735832 kB of memory peak and 3-20:34:26 elapsed time
Statistics on the network after iteration 674 (MF = 0.336471)
	Number of nodes: 262111
	Number of allocated nodes: 262144
	Number of edges: 1234877
	Maximum in degree: 420 (node 14949)
	Maximum out degree: 5 (node 0)
	source 0 (node 0) with out degree 5
	target 15486 (node 14949) with in degree 420

Execution time and memory used at after iteration 675 (MF = 0.336471): 3.337505e+05 seconds, 1241391104 bytes of memory usage, 1735832 kB of memory peak and 3-20:43:10 elapsed time
Statistics on the network after iteration 675 (MF = 0.336471)
	Number of nodes: 262111
	Number of allocated nodes: 262144
	Number of edges: 1234877
	Maximum in degree: 420 (node 14949)
	Maximum out degree: 5 (node 0)
	source 0 (node 0) with out degree 5
	target 15486 (node 14949) with in degree 420

Execution time and memory used at after iteration 676 (MF = 0.336471): 3.342740e+05 seconds, 1241391104 bytes of memory usage, 1735832 kB of memory peak and 3-20:51:53 elapsed time
Statistics on the network after iteration 676 (MF = 0.336471)
	Number of nodes: 262111
	Number of allocated nodes: 262144
	Number of edges: 1234877
	Maximum in degree: 420 (node 14949)
	Maximum out degree: 5 (node 0)
	source 0 (node 0) with out degree 5
	target 15486 (node 14949) with in degree 420

Execution time and memory used at after iteration 677 (MF = 0.336471): 3.347742e+05 seconds, 1241391104 bytes of memory usage, 1735832 kB of memory peak and 3-21:00:13 elapsed time
Statistics on the network after iteration 677 (MF = 0.336471)
	Number of nodes: 262111
	Number of allocated nodes: 262144
	Number of edges: 1234877
	Maximum in degree: 420 (node 14949)
	Maximum out degree: 5 (node 0)
	source 0 (node 0) with out degree 5
	target 15486 (node 14949) with in degree 420

Execution time and memory used at after iteration 678 (MF = 0.336471): 3.352991e+05 seconds, 1241391104 bytes of memory usage, 1735832 kB of memory peak and 3-21:08:58 elapsed time
Statistics on the network after iteration 678 (MF = 0.336471)
	Number of nodes: 262111
	Number of allocated nodes: 262144
	Number of edges: 1234877
	Maximum in degree: 420 (node 14949)
	Maximum out degree: 5 (node 0)
	source 0 (node 0) with out degree 5
	target 15486 (node 14949) with in degree 420

Execution time and memory used at after iteration 679 (MF = 0.336471): 3.357857e+05 seconds, 1241391104 bytes of memory usage, 1735832 kB of memory peak and 3-21:17:05 elapsed time
Statistics on the network after iteration 679 (MF = 0.336471)
	Number of nodes: 262111
	Number of allocated nodes: 262144
	Number of edges: 1234877
	Maximum in degree: 420 (node 14949)
	Maximum out degree: 5 (node 0)
	source 0 (node 0) with out degree 5
	target 15486 (node 14949) with in degree 420

Execution time and memory used at after iteration 680 (MF = 0.336471): 3.362670e+05 seconds, 1241391104 bytes of memory usage, 1735832 kB of memory peak and 3-21:25:06 elapsed time
Statistics on the network after iteration 680 (MF = 0.336471)
	Number of nodes: 262111
	Number of allocated nodes: 262144
	Number of edges: 1234877
	Maximum in degree: 420 (node 14949)
	Maximum out degree: 5 (node 0)
	source 0 (node 0) with out degree 5
	target 15486 (node 14949) with in degree 420

Execution time and memory used at after iteration 681 (MF = 0.336471): 3.367751e+05 seconds, 1241391104 bytes of memory usage, 1735832 kB of memory peak and 3-21:33:35 elapsed time
Statistics on the network after iteration 681 (MF = 0.336471)
	Number of nodes: 262111
	Number of allocated nodes: 262144
	Number of edges: 1234877
	Maximum in degree: 420 (node 14949)
	Maximum out degree: 5 (node 0)
	source 0 (node 0) with out degree 5
	target 15486 (node 14949) with in degree 420

Execution time and memory used at after iteration 682 (MF = 0.336471): 3.372865e+05 seconds, 1241391104 bytes of memory usage, 1735832 kB of memory peak and 3-21:42:06 elapsed time
Statistics on the network after iteration 682 (MF = 0.336471)
	Number of nodes: 262111
	Number of allocated nodes: 262144
	Number of edges: 1234877
	Maximum in degree: 420 (node 14949)
	Maximum out degree: 5 (node 0)
	source 0 (node 0) with out degree 5
	target 15486 (node 14949) with in degree 420

Execution time and memory used at after iteration 683 (MF = 0.336471): 3.378037e+05 seconds, 1241391104 bytes of memory usage, 1735832 kB of memory peak and 3-21:50:43 elapsed time
Statistics on the network after iteration 683 (MF = 0.336471)
	Number of nodes: 262111
	Number of allocated nodes: 262144
	Number of edges: 1234877
	Maximum in degree: 420 (node 14949)
	Maximum out degree: 5 (node 0)
	source 0 (node 0) with out degree 5
	target 15486 (node 14949) with in degree 420

Execution time and memory used at after iteration 684 (MF = 0.336471): 3.383302e+05 seconds, 1241391104 bytes of memory usage, 1735832 kB of memory peak and 3-21:59:30 elapsed time
Statistics on the network after iteration 684 (MF = 0.336471)
	Number of nodes: 262111
	Number of allocated nodes: 262144
	Number of edges: 1234877
	Maximum in degree: 420 (node 14949)
	Maximum out degree: 5 (node 0)
	source 0 (node 0) with out degree 5
	target 15486 (node 14949) with in degree 420

Execution time and memory used at after iteration 685 (MF = 0.336471): 3.388564e+05 seconds, 1241391104 bytes of memory usage, 1735832 kB of memory peak and 3-22:08:16 elapsed time
Statistics on the network after iteration 685 (MF = 0.336471)
	Number of nodes: 262111
	Number of allocated nodes: 262144
	Number of edges: 1234877
	Maximum in degree: 420 (node 14949)
	Maximum out degree: 5 (node 0)
	source 0 (node 0) with out degree 5
	target 15486 (node 14949) with in degree 420

Execution time and memory used at after iteration 686 (MF = 0.336471): 3.393457e+05 seconds, 1241391104 bytes of memory usage, 1735832 kB of memory peak and 3-22:16:25 elapsed time
Statistics on the network after iteration 686 (MF = 0.336471)
	Number of nodes: 262111
	Number of allocated nodes: 262144
	Number of edges: 1234877
	Maximum in degree: 420 (node 14949)
	Maximum out degree: 5 (node 0)
	source 0 (node 0) with out degree 5
	target 15486 (node 14949) with in degree 420

Execution time and memory used at after iteration 687 (MF = 0.336471): 3.398732e+05 seconds, 1241391104 bytes of memory usage, 1735832 kB of memory peak and 3-22:25:13 elapsed time
Statistics on the network after iteration 687 (MF = 0.336471)
	Number of nodes: 262111
	Number of allocated nodes: 262144
	Number of edges: 1234877
	Maximum in degree: 420 (node 14949)
	Maximum out degree: 5 (node 0)
	source 0 (node 0) with out degree 5
	target 15486 (node 14949) with in degree 420

Execution time and memory used at after iteration 688 (MF = 0.336471): 3.403996e+05 seconds, 1241391104 bytes of memory usage, 1735832 kB of memory peak and 3-22:33:59 elapsed time
Statistics on the network after iteration 688 (MF = 0.336471)
	Number of nodes: 262111
	Number of allocated nodes: 262144
	Number of edges: 1234877
	Maximum in degree: 420 (node 14949)
	Maximum out degree: 5 (node 0)
	source 0 (node 0) with out degree 5
	target 15486 (node 14949) with in degree 420

Execution time and memory used at after iteration 689 (MF = 0.336471): 3.409079e+05 seconds, 1241391104 bytes of memory usage, 1735832 kB of memory peak and 3-22:42:28 elapsed time
Statistics on the network after iteration 689 (MF = 0.336471)
	Number of nodes: 262111
	Number of allocated nodes: 262144
	Number of edges: 1234877
	Maximum in degree: 420 (node 14949)
	Maximum out degree: 5 (node 0)
	source 0 (node 0) with out degree 5
	target 15486 (node 14949) with in degree 420

Execution time and memory used at after iteration 690 (MF = 0.336471): 3.414065e+05 seconds, 1241391104 bytes of memory usage, 1735832 kB of memory peak and 3-22:50:46 elapsed time
Statistics on the network after iteration 690 (MF = 0.336471)
	Number of nodes: 262111
	Number of allocated nodes: 262144
	Number of edges: 1234877
	Maximum in degree: 420 (node 14949)
	Maximum out degree: 5 (node 0)
	source 0 (node 0) with out degree 5
	target 15486 (node 14949) with in degree 420

Execution time and memory used at after iteration 691 (MF = 0.336471): 3.419342e+05 seconds, 1241391104 bytes of memory usage, 1735832 kB of memory peak and 3-22:59:34 elapsed time
Statistics on the network after iteration 691 (MF = 0.336471)
	Number of nodes: 262111
	Number of allocated nodes: 262144
	Number of edges: 1234877
	Maximum in degree: 420 (node 14949)
	Maximum out degree: 5 (node 0)
	source 0 (node 0) with out degree 5
	target 15486 (node 14949) with in degree 420

Execution time and memory used at after iteration 692 (MF = 0.336471): 3.424383e+05 seconds, 1241391104 bytes of memory usage, 1735832 kB of memory peak and 3-23:07:58 elapsed time
Statistics on the network after iteration 692 (MF = 0.336471)
	Number of nodes: 262111
	Number of allocated nodes: 262144
	Number of edges: 1234877
	Maximum in degree: 420 (node 14949)
	Maximum out degree: 5 (node 0)
	source 0 (node 0) with out degree 5
	target 15486 (node 14949) with in degree 420

Execution time and memory used at after iteration 693 (MF = 0.336471): 3.429654e+05 seconds, 1241391104 bytes of memory usage, 1735832 kB of memory peak and 3-23:16:45 elapsed time
Statistics on the network after iteration 693 (MF = 0.336471)
	Number of nodes: 262111
	Number of allocated nodes: 262144
	Number of edges: 1234877
	Maximum in degree: 420 (node 14949)
	Maximum out degree: 5 (node 0)
	source 0 (node 0) with out degree 5
	target 15486 (node 14949) with in degree 420

Execution time and memory used at after iteration 694 (MF = 0.336471): 3.434728e+05 seconds, 1241391104 bytes of memory usage, 1735832 kB of memory peak and 3-23:25:13 elapsed time
Statistics on the network after iteration 694 (MF = 0.336471)
	Number of nodes: 262111
	Number of allocated nodes: 262144
	Number of edges: 1234877
	Maximum in degree: 420 (node 14949)
	Maximum out degree: 5 (node 0)
	source 0 (node 0) with out degree 5
	target 15486 (node 14949) with in degree 420

Execution time and memory used at after iteration 695 (MF = 0.336471): 3.439948e+05 seconds, 1241391104 bytes of memory usage, 1735832 kB of memory peak and 3-23:33:55 elapsed time
Statistics on the network after iteration 695 (MF = 0.336471)
	Number of nodes: 262111
	Number of allocated nodes: 262144
	Number of edges: 1234877
	Maximum in degree: 420 (node 14949)
	Maximum out degree: 5 (node 0)
	source 0 (node 0) with out degree 5
	target 15486 (node 14949) with in degree 420

Execution time and memory used at after iteration 696 (MF = 0.336471): 3.445218e+05 seconds, 1241391104 bytes of memory usage, 1735832 kB of memory peak and 3-23:42:42 elapsed time
Statistics on the network after iteration 696 (MF = 0.336471)
	Number of nodes: 262111
	Number of allocated nodes: 262144
	Number of edges: 1234877
	Maximum in degree: 420 (node 14949)
	Maximum out degree: 5 (node 0)
	source 0 (node 0) with out degree 5
	target 15486 (node 14949) with in degree 420

Execution time and memory used at after iteration 697 (MF = 0.336471): 3.450483e+05 seconds, 1241391104 bytes of memory usage, 1735832 kB of memory peak and 3-23:51:28 elapsed time
Statistics on the network after iteration 697 (MF = 0.336471)
	Number of nodes: 262111
	Number of allocated nodes: 262144
	Number of edges: 1234877
	Maximum in degree: 420 (node 14949)
	Maximum out degree: 5 (node 0)
	source 0 (node 0) with out degree 5
	target 15486 (node 14949) with in degree 420
