GLPSOL--GLPK LP/MIP Solver 5.0
Parameter(s) specified in the command line:
 --lp input/p2p-Gnutella31.html/p2p-Gnutella31.txt.gz.24.lp -o input/p2p-Gnutella31.html/p2p-Gnutella31.txt.gz.24.lp.sol
Reading problem data from 'input/p2p-Gnutella31.html/p2p-Gnutella31.txt.gz.24.lp'...
147895 rows, 358370 columns, 739462 non-zeros
358370 integer variables, all of which are binary
506270 lines were read
GLPK Integer Optimizer 5.0
147895 rows, 358370 columns, 739462 non-zeros
358370 integer variables, all of which are binary
Preprocessing...
147874 rows, 358348 columns, 739238 non-zeros
358348 integer variables, all of which are binary
Scaling...
 A: min|aij| =  1.000e+00  max|aij| =  1.000e+00  ratio =  1.000e+00
Problem data seem to be well scaled
Constructing initial basis...
Size of triangular part is 147874
Solving LP relaxation...
GLPK Simplex Optimizer 5.0
147874 rows, 358348 columns, 739238 non-zeros
      0: obj =   0.000000000e+00 inf =   6.800e+01 (68)
     68: obj =   3.911644400e+01 inf =   0.000e+00 (0)
Perturbing LP to avoid stalling [293]...
*   819: obj =   2.325343300e+01 inf =   0.000e+00 (383) 2
*  1399: obj =   2.325343300e+01 inf =   0.000e+00 (517) 4
*  1975: obj =   2.325343300e+01 inf =   0.000e+00 (583) 3
*  2515: obj =   2.325343300e+01 inf =   0.000e+00 (676) 4
*  3027: obj =   2.325343300e+01 inf =   0.000e+00 (714) 4
*  3532: obj =   2.325343300e+01 inf =   0.000e+00 (771) 3
*  4011: obj =   2.325343300e+01 inf =   0.000e+00 (847) 4
*  4484: obj =   2.325343300e+01 inf =   0.000e+00 (928) 3
*  4936: obj =   2.325343300e+01 inf =   0.000e+00 (972) 4
*  5383: obj =   2.325343300e+01 inf =   0.000e+00 (1033) 3
*  5816: obj =   2.325343300e+01 inf =   0.000e+00 (1080) 3
*  6235: obj =   2.325343300e+01 inf =   0.000e+00 (1133) 4
*  6651: obj =   2.325343300e+01 inf =   0.000e+00 (1186) 3
*  7052: obj =   2.325343300e+01 inf =   0.000e+00 (1209) 3
*  7454: obj =   2.325343300e+01 inf =   0.000e+00 (1276) 3
*  7840: obj =   2.325343300e+01 inf =   0.000e+00 (1282) 3
*  8221: obj =   2.325343300e+01 inf =   0.000e+00 (1366) 3
*  8596: obj =   2.325343300e+01 inf =   0.000e+00 (1397) 4
*  8961: obj =   2.325343300e+01 inf =   0.000e+00 (1392) 3
*  9327: obj =   2.325343300e+01 inf =   0.000e+00 (1498) 3
*  9686: obj =   2.325343300e+01 inf =   0.000e+00 (1517) 3
* 10034: obj =   2.325343300e+01 inf =   0.000e+00 (1535) 3
* 10387: obj =   2.325343300e+01 inf =   0.000e+00 (1545) 3
* 10731: obj =   2.325343300e+01 inf =   0.000e+00 (1594) 3
* 11066: obj =   2.325343300e+01 inf =   0.000e+00 (1602) 3
* 11406: obj =   2.325343300e+01 inf =   0.000e+00 (1709) 3
* 11737: obj =   2.325343300e+01 inf =   0.000e+00 (1756) 3
* 12063: obj =   2.325343300e+01 inf =   0.000e+00 (1764) 2
* 12393: obj =   2.325343300e+01 inf =   0.000e+00 (1815) 3
* 12713: obj =   2.325343300e+01 inf =   0.000e+00 (1851) 3
* 13026: obj =   2.325343300e+01 inf =   0.000e+00 (1857) 3
* 13344: obj =   2.325343300e+01 inf =   0.000e+00 (1961) 3
* 13656: obj =   2.325343300e+01 inf =   0.000e+00 (1945) 3
* 13961: obj =   2.325343300e+01 inf =   0.000e+00 (2009) 3
* 14271: obj =   2.325343300e+01 inf =   0.000e+00 (2005) 2
* 14576: obj =   2.325343300e+01 inf =   0.000e+00 (2002) 3
* 14874: obj =   2.325343300e+01 inf =   0.000e+00 (2025) 3
* 15172: obj =   2.325343300e+01 inf =   0.000e+00 (2087) 3
* 15475: obj =   2.325343300e+01 inf =   0.000e+00 (2163) 2
* 15767: obj =   2.325343300e+01 inf =   0.000e+00 (2163) 3
* 16057: obj =   2.325343300e+01 inf =   0.000e+00 (1936) 3
* 16369: obj =   2.325343300e+01 inf =   0.000e+00 (149552) 3
* 16686: obj =   2.325343300e+01 inf =   0.000e+00 (149519) 3
* 16997: obj =   2.325343300e+01 inf =   0.000e+00 (149455) 3
* 17314: obj =   2.325343300e+01 inf =   0.000e+00 (149500) 3
* 17628: obj =   2.325343300e+01 inf =   0.000e+00 (149591) 3
* 17936: obj =   2.325343300e+01 inf =   0.000e+00 (149679) 3
* 18242: obj =   2.325343300e+01 inf =   0.000e+00 (149752) 3
* 18546: obj =   2.325343300e+01 inf =   0.000e+00 (149823) 3
* 18844: obj =   2.325343300e+01 inf =   0.000e+00 (149940) 3
* 19138: obj =   2.325343300e+01 inf =   0.000e+00 (150011) 3
* 19434: obj =   2.325343300e+01 inf =   0.000e+00 (150081) 3
* 19723: obj =   2.325343300e+01 inf =   0.000e+00 (150186) 3
* 20008: obj =   2.325343300e+01 inf =   0.000e+00 (150268) 3
* 20293: obj =   2.325343300e+01 inf =   0.000e+00 (150330) 3
* 20583: obj =   2.325343300e+01 inf =   0.000e+00 (150397) 2
* 20860: obj =   2.325343300e+01 inf =   0.000e+00 (150453) 3
* 21132: obj =   2.325343300e+01 inf =   0.000e+00 (150538) 3
* 21408: obj =   2.325343300e+01 inf =   0.000e+00 (150625) 3
* 21687: obj =   2.325343300e+01 inf =   0.000e+00 (150710) 2
* 21944: obj =   2.325343300e+01 inf =   0.000e+00 (150820) 3
* 22205: obj =   2.325343300e+01 inf =   0.000e+00 (150908) 3
* 22480: obj =   2.325343300e+01 inf =   0.000e+00 (150946) 2
* 22737: obj =   2.325343300e+01 inf =   0.000e+00 (151021) 3
* 23002: obj =   2.325343300e+01 inf =   0.000e+00 (151100) 2
* 23255: obj =   2.325343300e+01 inf =   0.000e+00 (151150) 3
* 23518: obj =   2.325343300e+01 inf =   0.000e+00 (151233) 3
* 23778: obj =   2.325343300e+01 inf =   0.000e+00 (151295) 2
* 24023: obj =   2.325343300e+01 inf =   0.000e+00 (151336) 3
* 24281: obj =   2.325343300e+01 inf =   0.000e+00 (151430) 2
* 24528: obj =   2.325343300e+01 inf =   0.000e+00 (151499) 3
* 24779: obj =   2.325343300e+01 inf =   0.000e+00 (151554) 2
* 25027: obj =   2.325343300e+01 inf =   0.000e+00 (151615) 2
* 25257: obj =   2.325343300e+01 inf =   0.000e+00 (151694) 3
* 25504: obj =   2.325343300e+01 inf =   0.000e+00 (151775) 2
* 25740: obj =   2.325343300e+01 inf =   0.000e+00 (151863) 3
* 25978: obj =   2.325343300e+01 inf =   0.000e+00 (151930) 2
* 26217: obj =   2.325343300e+01 inf =   0.000e+00 (152007) 2
* 26447: obj =   2.325343300e+01 inf =   0.000e+00 (152135) 3
* 26681: obj =   2.325343300e+01 inf =   0.000e+00 (152140) 2
* 26912: obj =   2.325343300e+01 inf =   0.000e+00 (152185) 2
* 27141: obj =   2.325343300e+01 inf =   0.000e+00 (152295) 2
* 27356: obj =   2.325343300e+01 inf =   0.000e+00 (152364) 3
* 27583: obj =   2.325343300e+01 inf =   0.000e+00 (152453) 2
* 27805: obj =   2.325343300e+01 inf =   0.000e+00 (152543) 2
* 28024: obj =   2.325343300e+01 inf =   0.000e+00 (152594) 2
* 28245: obj =   2.325343300e+01 inf =   0.000e+00 (152654) 2
* 28466: obj =   2.325343300e+01 inf =   0.000e+00 (152759) 2
* 28669: obj =   2.325343300e+01 inf =   0.000e+00 (152869) 3
* 28881: obj =   2.325343300e+01 inf =   0.000e+00 (152941) 2
* 29152: obj =   1.224657900e+01 inf =   7.772e-16 (23450) 2
* 29450: obj =   1.224657900e+01 inf =   7.772e-16 (23311) 3
* 29740: obj =   1.224657900e+01 inf =   7.772e-16 (23179) 3
* 30027: obj =   1.224657900e+01 inf =   7.772e-16 (23050) 3
* 30318: obj =   1.224657900e+01 inf =   7.772e-16 (22906) 3
* 30609: obj =   1.224657900e+01 inf =   7.772e-16 (22769) 3
* 30901: obj =   1.224657900e+01 inf =   7.772e-16 (22653) 3
* 31193: obj =   1.224657900e+01 inf =   7.772e-16 (22490) 2
* 31484: obj =   1.224657900e+01 inf =   7.772e-16 (22258) 3
* 31772: obj =   1.224657686e+01 inf =   1.299e-05 (22101) 3
* 32054: obj =   1.224639951e+01 inf =   1.079e-03 (21991) 3
* 32341: obj =   1.224591004e+01 inf =   4.030e-03 (21828) 3
* 32629: obj =   1.224518992e+01 inf =   8.400e-03 (21734) 3
* 32918: obj =   1.224434639e+01 inf =   1.355e-02 (21590) 2
* 33203: obj =   1.224409821e+01 inf =   1.492e-02 (21375) 3
* 33494: obj =   1.224336706e+01 inf =   1.943e-02 (21226) 3
* 33783: obj =   1.224305737e+01 inf =   2.122e-02 (21089) 3
* 34071: obj =   1.224209470e+01 inf =   2.751e-02 (20933) 3
* 34364: obj =   1.224114912e+01 inf =   3.366e-02 (20734) 3
* 34655: obj =   1.224071827e+01 inf =   3.615e-02 (20555) 3
* 34945: obj =   1.223964573e+01 inf =   4.311e-02 (20386) 3
* 35240: obj =   1.223910467e+01 inf =   4.629e-02 (20234) 2
* 35537: obj =   1.223812054e+01 inf =   5.285e-02 (20019) 3
* 35835: obj =   1.223714960e+01 inf =   5.925e-02 (19899) 3
* 36131: obj =   1.223627640e+01 inf =   6.478e-02 (19706) 3
* 36435: obj =   1.223504427e+01 inf =   7.328e-02 (19533) 3
* 36736: obj =   1.223422627e+01 inf =   7.881e-02 (19349) 3
* 37036: obj =   1.223349624e+01 inf =   8.368e-02 (19141) 3
* 37340: obj =   1.223255673e+01 inf =   9.026e-02 (18929) 3
* 37644: obj =   1.223143416e+01 inf =   9.826e-02 (18821) 3
* 37945: obj =   1.223080285e+01 inf =   1.022e-01 (18688) 3
* 38248: obj =   1.223005521e+01 inf =   1.070e-01 (18528) 3
* 38557: obj =   1.222914527e+01 inf =   1.136e-01 (18348) 3
* 38867: obj =   1.222856115e+01 inf =   1.175e-01 (18184) 3
* 39177: obj =   1.222789644e+01 inf =   1.216e-01 (17955) 3
* 39489: obj =   1.222706074e+01 inf =   1.281e-01 (17754) 4
* 39803: obj =   1.222669724e+01 inf =   1.300e-01 (17560) 3
* 40113: obj =   1.222606139e+01 inf =   1.350e-01 (17430) 3
* 40430: obj =   1.222526769e+01 inf =   1.409e-01 (17236) 3
* 40745: obj =   1.222441420e+01 inf =   1.488e-01 (17146) 3
* 41041: obj =   1.222339908e+01 inf =   1.580e-01 (17092) 3
* 41353: obj =   1.222229325e+01 inf =   1.680e-01 (16946) 3
* 41655: obj =   1.222173833e+01 inf =   1.717e-01 (16818) 3
* 41961: obj =   1.222113750e+01 inf =   1.760e-01 (16613) 3
* 42285: obj =   1.222060898e+01 inf =   1.794e-01 (16453) 3
* 42605: obj =   1.221994337e+01 inf =   1.848e-01 (16358) 3
* 42916: obj =   1.221931724e+01 inf =   1.905e-01 (16314) 3
* 43237: obj =   1.221900870e+01 inf =   1.915e-01 (16151) 4
* 43563: obj =   1.221825939e+01 inf =   1.990e-01 (16003) 3
* 43892: obj =   1.221813016e+01 inf =   1.973e-01 (15836) 3
* 44223: obj =   1.221775652e+01 inf =   1.999e-01 (15600) 3
* 44541: obj =   1.221726155e+01 inf =   2.044e-01 (15581) 4
* 44866: obj =   1.221687133e+01 inf =   2.070e-01 (15448) 3
* 45207: obj =   1.221667313e+01 inf =   2.057e-01 (15224) 3
* 45514: obj =   1.221599126e+01 inf =   2.128e-01 (15215) 3
* 45796: obj =   1.221533623e+01 inf =   2.188e-01 (15242) 3
* 46080: obj =   1.221494399e+01 inf =   2.211e-01 (15177) 3
* 46370: obj =   1.221407088e+01 inf =   2.286e-01 (15119) 3
* 46658: obj =   1.221350554e+01 inf =   2.329e-01 (15062) 2
* 46944: obj =   1.221270986e+01 inf =   2.393e-01 (14947) 3
* 47227: obj =   1.221243461e+01 inf =   2.403e-01 (14864) 3
* 47512: obj =   1.221180400e+01 inf =   2.454e-01 (14780) 3
* 47793: obj =   1.221114747e+01 inf =   2.512e-01 (14811) 3
* 48070: obj =   1.221032592e+01 inf =   2.592e-01 (14690) 2
* 48358: obj =   1.220976421e+01 inf =   2.632e-01 (14618) 3
* 48644: obj =   1.220941639e+01 inf =   2.644e-01 (14521) 3
* 48916: obj =   1.220830315e+01 inf =   2.748e-01 (14536) 3
* 49185: obj =   1.220781223e+01 inf =   2.794e-01 (14508) 2
* 49462: obj =   1.220747470e+01 inf =   2.812e-01 (14441) 3
* 49735: obj =   1.220670765e+01 inf =   2.871e-01 (14364) 3
* 49998: obj =   1.220629593e+01 inf =   2.883e-01 (14323) 3
* 50272: obj =   1.220562633e+01 inf =   2.926e-01 (14227) 2
* 50544: obj =   1.220522790e+01 inf =   2.940e-01 (14127) 3
* 50810: obj =   1.220470972e+01 inf =   2.967e-01 (14003) 3
* 51084: obj =   1.220407481e+01 inf =   2.994e-01 (14015) 2
* 51359: obj =   1.220333729e+01 inf =   3.051e-01 (13951) 3
* 51628: obj =   1.220284097e+01 inf =   3.067e-01 (13804) 3
* 51902: obj =   1.220217757e+01 inf =   3.106e-01 (13716) 2
* 52170: obj =   1.220149010e+01 inf =   3.154e-01 (13695) 3
* 52442: obj =   1.220086476e+01 inf =   3.206e-01 (13664) 3
* 52716: obj =   1.220028270e+01 inf =   3.233e-01 (13585) 2
* 52979: obj =   1.219999303e+01 inf =   3.209e-01 (13507) 3
* 53251: obj =   1.219952126e+01 inf =   3.220e-01 (13410) 3
* 53527: obj =   1.219910758e+01 inf =   3.243e-01 (13342) 2
* 53799: obj =   1.219869434e+01 inf =   3.233e-01 (13250) 3
* 54066: obj =   1.219837584e+01 inf =   3.223e-01 (13187) 3
* 54342: obj =   1.219768873e+01 inf =   3.261e-01 (13019) 3
* 54614: obj =   1.219715700e+01 inf =   3.277e-01 (12981) 2
* 54878: obj =   1.219678904e+01 inf =   3.242e-01 (12940) 3
* 55149: obj =   1.219614251e+01 inf =   3.274e-01 (12914) 2
* 55420: obj =   1.219545392e+01 inf =   3.324e-01 (12878) 3
* 55685: obj =   1.219497904e+01 inf =   3.350e-01 (12771) 3
* 55951: obj =   1.219464424e+01 inf =   3.322e-01 (12674) 2
* 56217: obj =   1.219393560e+01 inf =   3.373e-01 (12691) 3
* 56481: obj =   1.219344732e+01 inf =   3.414e-01 (12620) 3
* 56746: obj =   1.219303876e+01 inf =   3.423e-01 (12517) 2
* 57006: obj =   1.219250222e+01 inf =   3.441e-01 (12457) 3
* 57269: obj =   1.219231418e+01 inf =   3.406e-01 (12374) 2
* 57532: obj =   1.219181756e+01 inf =   3.443e-01 (12394) 3
* 57791: obj =   1.219156535e+01 inf =   3.380e-01 (12275) 3
* 58062: obj =   1.219100081e+01 inf =   3.406e-01 (12334) 2
* 58334: obj =   1.219045479e+01 inf =   3.434e-01 (12233) 3
* 58601: obj =   1.218999208e+01 inf =   3.462e-01 (12195) 3
* 58864: obj =   1.218981445e+01 inf =   3.430e-01 (12155) 2
* 59128: obj =   1.218940070e+01 inf =   3.451e-01 (12118) 3
* 59398: obj =   1.218875910e+01 inf =   3.488e-01 (12077) 3
* 59667: obj =   1.218863670e+01 inf =   3.485e-01 (12039) 2
* 59927: obj =   1.218850759e+01 inf =   3.410e-01 (11934) 3
* 60192: obj =   1.218807016e+01 inf =   3.364e-01 (11845) 2
* 60462: obj =   1.218774929e+01 inf =   3.367e-01 (11813) 3
* 60733: obj =   1.218733602e+01 inf =   3.387e-01 (11795) 3
* 61006: obj =   1.218694800e+01 inf =   3.404e-01 (11763) 2
* 61281: obj =   1.218638983e+01 inf =   3.432e-01 (11770) 3
* 61535: obj =   1.218600039e+01 inf =   3.446e-01 (11718) 3
* 61722: obj =   1.218570622e+01 inf =   3.456e-01 (11757) 2
* 62000: obj =   1.218539201e+01 inf =   3.406e-01 (11655) 2
* 62284: obj =   1.218495311e+01 inf =   3.388e-01 (11552) 3
* 62575: obj =   1.218460227e+01 inf =   3.333e-01 (11515) 3
* 62846: obj =   1.218426541e+01 inf =   3.338e-01 (11495) 3
* 63118: obj =   1.218376505e+01 inf =   3.337e-01 (11436) 2
* 63426: obj =   1.218342959e+01 inf =   3.299e-01 (11303) 3
* 63730: obj =   1.218292865e+01 inf =   3.257e-01 (11243) 3
* 64012: obj =   1.218231001e+01 inf =   3.252e-01 (11300) 3
* 64308: obj =   1.218170484e+01 inf =   3.239e-01 (11277) 3
* 64601: obj =   1.218136838e+01 inf =   3.196e-01 (11158) 3
* 64900: obj =   1.218123441e+01 inf =   3.086e-01 (11068) 3
* 65203: obj =   1.218062721e+01 inf =   3.045e-01 (11035) 3
* 65495: obj =   1.218009502e+01 inf =   3.034e-01 (11081) 3
* 65761: obj =   1.217962383e+01 inf =   3.036e-01 (11048) 2
* 66009: obj =   1.217948096e+01 inf =   3.019e-01 (11046) 3
* 66267: obj =   1.217903127e+01 inf =   2.981e-01 (10949) 2
* 66517: obj =   1.217875196e+01 inf =   2.949e-01 (10943) 3
* 66808: obj =   1.217824528e+01 inf =   2.901e-01 (10803) 3
* 67106: obj =   1.217766236e+01 inf =   2.851e-01 (10716) 3
* 67369: obj =   1.217730404e+01 inf =   2.808e-01 (10761) 2
* 67620: obj =   1.217697818e+01 inf =   2.773e-01 (10724) 3
* 67879: obj =   1.217606552e+01 inf =   2.739e-01 (10716) 2
* 68141: obj =   1.217542398e+01 inf =   2.723e-01 (10726) 3
* 68417: obj =   1.217490559e+01 inf =   2.712e-01 (10718) 3
* 68693: obj =   1.217439407e+01 inf =   2.707e-01 (10690) 2
* 68965: obj =   1.217349417e+01 inf =   2.686e-01 (10754) 3
* 69238: obj =   1.217281632e+01 inf =   2.674e-01 (10673) 3
* 69531: obj =   1.217193227e+01 inf =   2.668e-01 (10684) 3
* 69833: obj =   1.217174202e+01 inf =   2.667e-01 (10629) 3
* 70131: obj =   1.217153148e+01 inf =   2.583e-01 (10481) 3
* 70446: obj =   1.217111402e+01 inf =   2.532e-01 (10439) 3
* 70753: obj =   1.217027077e+01 inf =   2.497e-01 (10374) 3
* 71061: obj =   1.216926141e+01 inf =   2.463e-01 (10403) 3
* 71378: obj =   1.216843122e+01 inf =   2.421e-01 (10404) 3
* 71695: obj =   1.216750321e+01 inf =   2.393e-01 (10435) 3
* 72015: obj =   1.216647309e+01 inf =   2.341e-01 (10385) 3
* 72322: obj =   1.216593600e+01 inf =   2.289e-01 (10310) 3
* 72639: obj =   1.216509785e+01 inf =   2.251e-01 (10296) 4
* 72954: obj =   1.216427888e+01 inf =   2.216e-01 (10199) 3
* 73257: obj =   1.216365597e+01 inf =   2.197e-01 (10177) 3
* 73578: obj =   1.216315931e+01 inf =   2.175e-01 (10190) 3
* 73887: obj =   1.216265766e+01 inf =   2.154e-01 (10223) 3
* 74180: obj =   1.216225481e+01 inf =   2.140e-01 (10154) 3
* 74502: obj =   1.216181207e+01 inf =   2.127e-01 (10138) 3
* 74809: obj =   1.216122802e+01 inf =   2.107e-01 (10046) 3
* 75128: obj =   1.216066381e+01 inf =   2.070e-01 (9946) 3
* 75460: obj =   1.216000720e+01 inf =   2.046e-01 (9868) 3
* 75750: obj =   1.215940480e+01 inf =   2.031e-01 (9912) 3
* 76041: obj =   1.215893836e+01 inf =   2.031e-01 (9882) 3
* 76356: obj =   1.215851474e+01 inf =   2.007e-01 (9892) 3
* 76661: obj =   1.215814579e+01 inf =   2.002e-01 (9922) 3
* 76987: obj =   1.215779666e+01 inf =   1.978e-01 (9764) 4
* 77294: obj =   1.215724832e+01 inf =   1.961e-01 (9687) 3
* 77619: obj =   1.215696008e+01 inf =   1.953e-01 (9708) 3
* 77883: obj =   1.215673238e+01 inf =   1.950e-01 (9791) 2
* 78130: obj =   1.215665757e+01 inf =   1.944e-01 (9841) 3
* 78400: obj =   1.215629277e+01 inf =   1.932e-01 (9810) 3
* 78681: obj =   1.215609538e+01 inf =   1.922e-01 (9751) 2
* 78957: obj =   1.215569651e+01 inf =   1.901e-01 (9691) 3
* 79215: obj =   1.215528405e+01 inf =   1.872e-01 (9684) 3
* 79489: obj =   1.215495367e+01 inf =   1.856e-01 (9618) 2
* 79749: obj =   1.215471888e+01 inf =   1.836e-01 (9566) 3
* 80016: obj =   1.215439824e+01 inf =   1.813e-01 (9509) 3
* 80276: obj =   1.215414247e+01 inf =   1.781e-01 (9513) 2
* 80530: obj =   1.215382811e+01 inf =   1.761e-01 (9555) 3
* 80821: obj =   1.215356264e+01 inf =   1.734e-01 (9473) 2
* 81085: obj =   1.215340012e+01 inf =   1.689e-01 (9463) 3
* 81345: obj =   1.215313445e+01 inf =   1.668e-01 (9408) 3
* 81640: obj =   1.215268883e+01 inf =   1.656e-01 (9392) 3
* 81892: obj =   1.215256686e+01 inf =   1.628e-01 (9301) 2
* 82151: obj =   1.215221315e+01 inf =   1.605e-01 (9345) 3
* 82426: obj =   1.215172711e+01 inf =   1.608e-01 (9322) 2
* 82708: obj =   1.215138213e+01 inf =   1.616e-01 (9285) 3
* 83007: obj =   1.215128408e+01 inf =   1.618e-01 (9265) 3
* 83264: obj =   1.215121681e+01 inf =   1.571e-01 (9250) 3
* 83538: obj =   1.215098789e+01 inf =   1.546e-01 (9242) 2
* 83805: obj =   1.215066249e+01 inf =   1.535e-01 (9176) 3
* 84057: obj =   1.215058241e+01 inf =   1.496e-01 (9140) 3
* 84313: obj =   1.215044219e+01 inf =   1.465e-01 (9109) 2
* 84563: obj =   1.215037167e+01 inf =   1.418e-01 (9158) 3
* 84817: obj =   1.215017138e+01 inf =   1.389e-01 (9125) 2
* 85067: obj =   1.215004165e+01 inf =   1.364e-01 (9083) 3
* 85322: obj =   1.214987299e+01 inf =   1.347e-01 (9107) 2
* 85576: obj =   1.214961828e+01 inf =   1.328e-01 (8989) 3
* 85828: obj =   1.214955362e+01 inf =   1.305e-01 (8923) 2
* 86077: obj =   1.214949912e+01 inf =   1.257e-01 (8934) 2
* 86329: obj =   1.214932510e+01 inf =   1.219e-01 (8973) 3
* 86616: obj =   1.214904600e+01 inf =   1.204e-01 (8915) 3
* 86890: obj =   1.214891109e+01 inf =   1.205e-01 (8893) 3
* 87140: obj =   1.214888535e+01 inf =   1.160e-01 (8879) 2
* 87395: obj =   1.214874762e+01 inf =   1.136e-01 (8772) 3
* 87652: obj =   1.214860832e+01 inf =   1.119e-01 (8724) 2
* 87905: obj =   1.214841028e+01 inf =   1.097e-01 (8763) 3
* 88161: obj =   1.214835708e+01 inf =   1.095e-01 (8751) 2
* 88417: obj =   1.214824344e+01 inf =   1.082e-01 (8615) 3
* 88674: obj =   1.214815547e+01 inf =   1.071e-01 (8601) 2
* 88926: obj =   1.214798789e+01 inf =   1.050e-01 (8460) 3
* 89188: obj =   1.214783931e+01 inf =   1.036e-01 (8391) 2
* 89500: obj =   1.214767906e+01 inf =   1.032e-01 (8352) 3
* 89812: obj =   1.214739588e+01 inf =   1.045e-01 (8442) 3
* 90097: obj =   1.214716839e+01 inf =   1.062e-01 (8465) 3
* 90360: obj =   1.214694455e+01 inf =   1.077e-01 (8406) 3
* 90688: obj =   1.214687279e+01 inf =   1.072e-01 (8405) 3
* 90950: obj =   1.214662283e+01 inf =   1.092e-01 (8314) 3
* 91217: obj =   1.214645184e+01 inf =   1.108e-01 (8267) 2
* 91498: obj =   1.214627410e+01 inf =   1.128e-01 (8339) 3
* 91765: obj =   1.214607674e+01 inf =   1.151e-01 (8333) 3
* 92034: obj =   1.214597891e+01 inf =   1.155e-01 (8253) 2
* 92299: obj =   1.214587801e+01 inf =   1.160e-01 (8161) 3
* 92567: obj =   1.214570078e+01 inf =   1.183e-01 (8293) 3
* 92836: obj =   1.214560928e+01 inf =   1.193e-01 (8128) 2
* 93086: obj =   1.214560597e+01 inf =   1.203e-01 (8045) 3
* 93340: obj =   1.214537902e+01 inf =   1.202e-01 (8047) 2
* 93590: obj =   1.214520974e+01 inf =   1.197e-01 (8051) 3
* 93840: obj =   1.214502636e+01 inf =   1.193e-01 (7974) 2
* 94084: obj =   1.214475744e+01 inf =   1.182e-01 (7898) 3
* 94337: obj =   1.214459504e+01 inf =   1.177e-01 (7957) 2
* 94585: obj =   1.214444397e+01 inf =   1.181e-01 (7917) 3
* 94832: obj =   1.214432708e+01 inf =   1.175e-01 (7924) 2
* 95080: obj =   1.214417278e+01 inf =   1.167e-01 (7844) 2
* 95332: obj =   1.214402751e+01 inf =   1.162e-01 (7882) 3
* 95587: obj =   1.214383325e+01 inf =   1.156e-01 (7951) 2
* 95832: obj =   1.214382068e+01 inf =   1.158e-01 (7855) 3
* 96077: obj =   1.214375233e+01 inf =   1.146e-01 (7788) 2
* 96330: obj =   1.214362878e+01 inf =   1.139e-01 (7738) 3
* 96583: obj =   1.214350090e+01 inf =   1.136e-01 (7794) 2
* 96829: obj =   1.214343916e+01 inf =   1.135e-01 (7689) 3
* 97075: obj =   1.214336464e+01 inf =   1.126e-01 (7705) 2
* 97328: obj =   1.214323033e+01 inf =   1.114e-01 (7822) 3
* 97582: obj =   1.214310331e+01 inf =   1.104e-01 (7771) 2
* 97827: obj =   1.214304090e+01 inf =   1.104e-01 (7694) 3
* 98078: obj =   1.214294290e+01 inf =   1.094e-01 (7651) 2
* 98327: obj =   1.214285062e+01 inf =   1.079e-01 (7657) 3
* 98581: obj =   1.214271128e+01 inf =   1.067e-01 (7618) 2
* 98826: obj =   1.214268123e+01 inf =   1.071e-01 (7510) 3
* 99072: obj =   1.214264158e+01 inf =   1.062e-01 (7493) 2
* 99327: obj =   1.214250103e+01 inf =   1.052e-01 (7456) 2
* 99580: obj =   1.214241483e+01 inf =   1.046e-01 (7411) 3
* 99833: obj =   1.214218063e+01 inf =   1.043e-01 (7516) 3
*100089: obj =   1.214207778e+01 inf =   1.043e-01 (7366) 2
*100355: obj =   1.214201942e+01 inf =   1.045e-01 (7441) 3
*100611: obj =   1.214194263e+01 inf =   1.044e-01 (7524) 2
*100873: obj =   1.214176858e+01 inf =   1.050e-01 (7486) 3
*101143: obj =   1.214157658e+01 inf =   1.070e-01 (7475) 2
*101428: obj =   1.214151517e+01 inf =   1.079e-01 (7491) 3
*101710: obj =   1.214131755e+01 inf =   1.092e-01 (7544) 3
*102007: obj =   1.214124153e+01 inf =   1.098e-01 (7404) 3
*102329: obj =   1.214118594e+01 inf =   1.089e-01 (7384) 3
*102636: obj =   1.214106167e+01 inf =   1.091e-01 (7401) 3
*102922: obj =   1.214090074e+01 inf =   1.090e-01 (7440) 3
*103246: obj =   1.214087687e+01 inf =   1.082e-01 (7381) 3
*103553: obj =   1.214080965e+01 inf =   1.076e-01 (7356) 3
*103873: obj =   1.214075624e+01 inf =   1.064e-01 (7267) 3
*104181: obj =   1.214068973e+01 inf =   1.057e-01 (7313) 4
*104484: obj =   1.214055744e+01 inf =   1.055e-01 (7298) 3
*104769: obj =   1.214048770e+01 inf =   1.030e-01 (7244) 2
*105014: obj =   1.214038627e+01 inf =   1.017e-01 (7238) 3
*105264: obj =   1.214033582e+01 inf =   1.001e-01 (7194) 2
*105514: obj =   1.214029887e+01 inf =   9.803e-02 (7160) 3
*105764: obj =   1.214026458e+01 inf =   9.440e-02 (7153) 2
*106011: obj =   1.214012390e+01 inf =   9.325e-02 (7155) 3
*106262: obj =   1.214005927e+01 inf =   9.078e-02 (7118) 2
*106512: obj =   1.214004067e+01 inf =   8.835e-02 (7182) 3
*106763: obj =   1.213997358e+01 inf =   8.523e-02 (7104) 2
*107015: obj =   1.213988042e+01 inf =   8.442e-02 (7060) 3
*107264: obj =   1.213985968e+01 inf =   8.275e-02 (7060) 2
*107521: obj =   1.213970339e+01 inf =   8.119e-02 (7034) 3
*107773: obj =   1.213966319e+01 inf =   7.959e-02 (6998) 2
*108026: obj =   1.213955943e+01 inf =   7.902e-02 (6915) 3
*108276: obj =   1.213953922e+01 inf =   7.803e-02 (6909) 2
*108532: obj =   1.213945906e+01 inf =   7.724e-02 (6951) 3
*108784: obj =   1.213942333e+01 inf =   7.665e-02 (6974) 2
*109033: obj =   1.213937843e+01 inf =   7.413e-02 (6878) 2
*109282: obj =   1.213932523e+01 inf =   7.305e-02 (6899) 3
*109548: obj =   1.213922786e+01 inf =   7.233e-02 (6817) 3
*109828: obj =   1.213912227e+01 inf =   7.213e-02 (6750) 2
*110078: obj =   1.213905970e+01 inf =   7.156e-02 (6845) 3
*110361: obj =   1.213897178e+01 inf =   7.149e-02 (6683) 3
*110630: obj =   1.213888107e+01 inf =   7.191e-02 (6739) 2
*110884: obj =   1.213886573e+01 inf =   7.138e-02 (6791) 3
*111136: obj =   1.213882717e+01 inf =   7.051e-02 (6817) 2
*111394: obj =   1.213875558e+01 inf =   6.965e-02 (6860) 3
*111650: obj =   1.213868889e+01 inf =   6.888e-02 (6813) 2
*111898: obj =   1.213867543e+01 inf =   6.900e-02 (6818) 3
*112149: obj =   1.213863705e+01 inf =   6.811e-02 (6800) 2
*112427: obj =   1.213851065e+01 inf =   6.763e-02 (6787) 3
*112685: obj =   1.213843893e+01 inf =   6.839e-02 (6821) 3
*112989: obj =   1.213841551e+01 inf =   6.867e-02 (6626) 3
*113319: obj =   1.213835796e+01 inf =   6.882e-02 (6581) 3
*113638: obj =   1.213828305e+01 inf =   6.857e-02 (6676) 3
*113958: obj =   1.213820503e+01 inf =   6.862e-02 (6696) 3
*114266: obj =   1.213805858e+01 inf =   6.761e-02 (6555) 3
*114556: obj =   1.213793987e+01 inf =   6.728e-02 (6590) 3
*114872: obj =   1.213787840e+01 inf =   6.709e-02 (6494) 3
*115177: obj =   1.213776297e+01 inf =   6.701e-02 (6399) 3
*115471: obj =   1.213768130e+01 inf =   6.698e-02 (6413) 3
*115730: obj =   1.213757022e+01 inf =   6.813e-02 (6351) 3
*115987: obj =   1.213749180e+01 inf =   6.949e-02 (6290) 2
*116242: obj =   1.213742812e+01 inf =   7.008e-02 (6247) 3
*116512: obj =   1.213738294e+01 inf =   7.063e-02 (6271) 2
*116770: obj =   1.213733461e+01 inf =   7.027e-02 (6292) 3
*117021: obj =   1.213719046e+01 inf =   7.223e-02 (6329) 3
*117278: obj =   1.213711342e+01 inf =   7.433e-02 (6206) 2
*117540: obj =   1.213706750e+01 inf =   7.445e-02 (6212) 3
*117795: obj =   1.213706075e+01 inf =   7.397e-02 (6254) 2
*118082: obj =   1.213701014e+01 inf =   7.356e-02 (6295) 3
*118380: obj =   1.213693036e+01 inf =   7.343e-02 (6209) 3
*118654: obj =   1.213687127e+01 inf =   7.315e-02 (6210) 3
*118944: obj =   1.213685108e+01 inf =   7.293e-02 (6113) 3
*119273: obj =   1.213681124e+01 inf =   7.293e-02 (6168) 3
*119535: obj =   1.213672841e+01 inf =   7.289e-02 (6174) 2
*119792: obj =   1.213664714e+01 inf =   7.400e-02 (6000) 3
*120152: obj =   1.213662219e+01 inf =   7.452e-02 (5975) 4
*120465: obj =   1.213655662e+01 inf =   7.400e-02 (6021) 3
*120764: obj =   1.213652005e+01 inf =   7.410e-02 (6013) 3
*121091: obj =   1.213650684e+01 inf =   7.355e-02 (6097) 3
*121430: obj =   1.213647366e+01 inf =   7.233e-02 (6034) 3
*121765: obj =   1.213644231e+01 inf =   7.162e-02 (6035) 3
*122074: obj =   1.213636309e+01 inf =   7.039e-02 (5859) 3
*122402: obj =   1.213632593e+01 inf =   6.942e-02 (5956) 4
*122675: obj =   1.213625866e+01 inf =   6.914e-02 (5918) 2
*123000: obj =   1.213623436e+01 inf =   6.833e-02 (5872) 4
*123173: obj =   1.213616725e+01 inf =   6.825e-02 (5898) 1
*123400: obj =   1.213612609e+01 inf =   6.723e-02 (5956) 3
*123674: obj =   1.213606714e+01 inf =   6.695e-02 (5863) 2
*123971: obj =   1.213603468e+01 inf =   6.698e-02 (5760) 3
*124216: obj =   1.213595018e+01 inf =   6.598e-02 (5693) 3
*124497: obj =   1.213587314e+01 inf =   6.536e-02 (5841) 2
*124763: obj =   1.213584213e+01 inf =   6.543e-02 (5866) 3
*125035: obj =   1.213579569e+01 inf =   6.458e-02 (5735) 3
*125360: obj =   1.213575564e+01 inf =   6.264e-02 (5767) 3
*125614: obj =   1.213569993e+01 inf =   6.199e-02 (5688) 3
*125913: obj =   1.213564725e+01 inf =   6.168e-02 (5638) 2
*126158: obj =   1.213561324e+01 inf =   6.174e-02 (5618) 3
*126422: obj =   1.213557190e+01 inf =   6.150e-02 (5696) 2
*126674: obj =   1.213555806e+01 inf =   6.153e-02 (5593) 3
*126929: obj =   1.213553626e+01 inf =   6.081e-02 (5600) 3
*127197: obj =   1.213547825e+01 inf =   6.086e-02 (5459) 2
*127509: obj =   1.213540042e+01 inf =   6.064e-02 (5554) 3
*127799: obj =   1.213534625e+01 inf =   6.096e-02 (5323) 3
*128050: obj =   1.213531116e+01 inf =   6.146e-02 (5332) 3
*128325: obj =   1.213527106e+01 inf =   6.190e-02 (5323) 2
*128585: obj =   1.213522193e+01 inf =   6.291e-02 (5376) 3
*128887: obj =   1.213521204e+01 inf =   6.221e-02 (5286) 3
*129177: obj =   1.213514048e+01 inf =   6.193e-02 (5327) 3
*129449: obj =   1.213511370e+01 inf =   6.215e-02 (5238) 2
*129700: obj =   1.213509405e+01 inf =   6.247e-02 (5212) 3
*129953: obj =   1.213504798e+01 inf =   6.228e-02 (5198) 2
*130198: obj =   1.213504284e+01 inf =   6.224e-02 (5101) 3
*130460: obj =   1.213502420e+01 inf =   6.239e-02 (5164) 2
*130732: obj =   1.213500646e+01 inf =   6.218e-02 (5081) 3
*131035: obj =   1.147190991e+01 inf =   6.276e-02 (150314) 3
*131369: obj =   1.147186815e+01 inf =   6.249e-02 (150394) 3
*131638: obj =   1.147171678e+01 inf =   6.374e-02 (150541) 3
*131896: obj =   1.147150629e+01 inf =   6.661e-02 (150647) 3
*132153: obj =   1.147138925e+01 inf =   6.803e-02 (150750) 2
*132411: obj =   1.147122928e+01 inf =   6.999e-02 (150771) 3
*132669: obj =   1.147108006e+01 inf =   7.225e-02 (150852) 2
*132916: obj =   1.147107980e+01 inf =   7.138e-02 (150918) 3
*133167: obj =   1.147079986e+01 inf =   7.476e-02 (150967) 2
*133418: obj =   1.147053005e+01 inf =   7.818e-02 (151055) 3
*133669: obj =   1.147042359e+01 inf =   7.841e-02 (151064) 2
*133914: obj =   1.147031436e+01 inf =   7.877e-02 (151150) 3
*134162: obj =   1.146992485e+01 inf =   8.344e-02 (151217) 2
*134409: obj =   1.146966366e+01 inf =   8.627e-02 (151216) 3
*134659: obj =   1.146935466e+01 inf =   9.005e-02 (151251) 2
*134905: obj =   1.146923377e+01 inf =   9.007e-02 (151347) 2
*135144: obj =   1.146915566e+01 inf =   8.940e-02 (151395) 3
*135392: obj =   1.146915509e+01 inf =   8.770e-02 (151446) 2
*135637: obj =   1.146875067e+01 inf =   9.092e-02 (151430) 3
*135882: obj =   1.146853261e+01 inf =   9.179e-02 (151517) 2
*136126: obj =   1.146808037e+01 inf =   9.504e-02 (151569) 3
*136375: obj =   1.146770941e+01 inf =   9.847e-02 (151561) 2
*136619: obj =   1.146762547e+01 inf =   9.747e-02 (151588) 2
*136859: obj =   1.146743990e+01 inf =   9.741e-02 (151617) 3
*137101: obj =   1.146716455e+01 inf =   9.814e-02 (151642) 2
*137344: obj =   1.146666187e+01 inf =   1.017e-01 (151635) 3
*137589: obj =   1.146641572e+01 inf =   1.023e-01 (151658) 2
*137831: obj =   1.146609349e+01 inf =   1.031e-01 (151653) 2
*138069: obj =   1.146558944e+01 inf =   1.067e-01 (151660) 3
*138311: obj =   1.146528840e+01 inf =   1.082e-01 (151677) 2
*138552: obj =   1.146485539e+01 inf =   1.106e-01 (151678) 3
*138793: obj =   1.146461213e+01 inf =   1.103e-01 (151673) 2
*139032: obj =   1.146434683e+01 inf =   1.104e-01 (151723) 2
*139269: obj =   1.146389944e+01 inf =   1.113e-01 (151764) 3
*139513: obj =   1.146380731e+01 inf =   1.092e-01 (151777) 2
*139755: obj =   1.146349833e+01 inf =   1.100e-01 (151828) 2
*139991: obj =   1.146312475e+01 inf =   1.105e-01 (151832) 3
*140230: obj =   1.146266865e+01 inf =   1.125e-01 (151852) 2
*140472: obj =   1.146241543e+01 inf =   1.122e-01 (151800) 3
*140715: obj =   1.146201805e+01 inf =   1.139e-01 (151796) 2
*140957: obj =   1.146164242e+01 inf =   1.143e-01 (151784) 2
*141191: obj =   1.146156964e+01 inf =   1.112e-01 (151814) 3
*141436: obj =   1.146138506e+01 inf =   1.094e-01 (151790) 2
*141680: obj =   1.146110338e+01 inf =   1.079e-01 (151798) 2
*141919: obj =   1.146066456e+01 inf =   1.077e-01 (151802) 3
*142159: obj =   1.146049798e+01 inf =   1.040e-01 (151802) 2
*142397: obj =   1.146044691e+01 inf =   9.814e-02 (151805) 3
*142639: obj =   1.146028469e+01 inf =   9.382e-02 (151792) 2
*142879: obj =   1.146003186e+01 inf =   8.942e-02 (151769) 2
*143106: obj =   1.145980460e+01 inf =   8.803e-02 (18211) 3
*143329: obj =   1.145975096e+01 inf =   8.742e-02 (18206) 2
*143552: obj =   1.145964350e+01 inf =   8.512e-02 (18144) 2
*143768: obj =   1.145953438e+01 inf =   8.231e-02 (18175) 2
*143976: obj =   1.145945424e+01 inf =   8.142e-02 (151701) 2
*144195: obj =   1.145934381e+01 inf =   8.085e-02 (151696) 2
*144418: obj =   1.145916248e+01 inf =   8.036e-02 (17929) 2
*144640: obj =   1.145897415e+01 inf =   8.003e-02 (151652) 2
*144859: obj =   1.145885300e+01 inf =   7.912e-02 (151668) 2
*145075: obj =   1.145872091e+01 inf =   7.810e-02 (17507) 2
*145298: obj =   1.145836061e+01 inf =   7.794e-02 (17432) 3
*145524: obj =   1.145824196e+01 inf =   7.784e-02 (17510) 2
*145742: obj =   1.145814940e+01 inf =   7.733e-02 (151989) 2
*145969: obj =   1.145784275e+01 inf =   7.668e-02 (17377) 2
*146194: obj =   1.145745930e+01 inf =   7.586e-02 (17294) 2
*146417: obj =   1.145711451e+01 inf =   7.500e-02 (151937) 2
*146637: obj =   1.145691426e+01 inf =   7.423e-02 (17281) 2
*146856: obj =   1.145655828e+01 inf =   7.436e-02 (17256) 3
*147081: obj =   1.145615769e+01 inf =   7.448e-02 (17160) 2
*147300: obj =   1.145584080e+01 inf =   7.398e-02 (151197) 2
*147518: obj =   1.145570762e+01 inf =   7.315e-02 (152192) 2
*147738: obj =   1.145553608e+01 inf =   7.219e-02 (17071) 2
*147962: obj =   1.145518927e+01 inf =   7.151e-02 (16906) 2
*148193: obj =   1.145478772e+01 inf =   7.151e-02 (16870) 2
*148422: obj =   1.145459577e+01 inf =   7.098e-02 (16795) 3
*148652: obj =   1.145428517e+01 inf =   7.103e-02 (16722) 2
*148870: obj =   1.145426524e+01 inf =   7.015e-02 (152182) 2
*149100: obj =   1.145406109e+01 inf =   6.943e-02 (16636) 2
*149336: obj =   1.145358034e+01 inf =   6.857e-02 (16641) 3
*149579: obj =   1.145332008e+01 inf =   6.902e-02 (16583) 2
*149817: obj =   1.145310176e+01 inf =   6.854e-02 (16487) 2
*150055: obj =   1.145282260e+01 inf =   6.849e-02 (152377) 2
*150282: obj =   1.145260140e+01 inf =   6.767e-02 (16424) 2
*150522: obj =   1.145234932e+01 inf =   6.736e-02 (16355) 3
*150765: obj =   1.145199161e+01 inf =   6.675e-02 (16309) 2
*151007: obj =   1.145169560e+01 inf =   6.702e-02 (16258) 2
*151244: obj =   1.145122872e+01 inf =   6.706e-02 (16136) 3
*151492: obj =   1.145097508e+01 inf =   6.741e-02 (16038) 2
*151736: obj =   1.145072349e+01 inf =   6.750e-02 (15996) 2
*151973: obj =   1.145046648e+01 inf =   6.808e-02 (15966) 3
*152213: obj =   1.145020946e+01 inf =   6.874e-02 (15905) 2
*152457: obj =   1.144990766e+01 inf =   6.971e-02 (15843) 2
*152694: obj =   1.144967786e+01 inf =   7.064e-02 (15768) 3
*152901: obj =   1.144965783e+01 inf =   7.067e-02 (15359) 2
*153113: obj =   1.144959357e+01 inf =   7.054e-02 (16203) 2
*153340: obj =   1.144943202e+01 inf =   7.017e-02 (15792) 2
*153556: obj =   1.144929255e+01 inf =   7.036e-02 (150863) 2
*153754: obj =   1.144917465e+01 inf =   7.109e-02 (150884) 2
*153964: obj =   1.144901646e+01 inf =   7.179e-02 (150998) 2
*154165: obj =   1.144886292e+01 inf =   7.243e-02 (151009) 2
*154354: obj =   1.144874976e+01 inf =   7.300e-02 (15167) 2
*154568: obj =   1.144866901e+01 inf =   7.247e-02 (151171) 2
*154788: obj =   1.144859776e+01 inf =   7.234e-02 (151193) 2
*154991: obj =   1.144844606e+01 inf =   7.284e-02 (151400) 2
*155205: obj =   1.144823761e+01 inf =   7.356e-02 (151355) 2
*155403: obj =   1.144810317e+01 inf =   7.409e-02 (15368) 2
*155623: obj =   1.144803862e+01 inf =   7.467e-02 (151306) 2
*155821: obj =   1.144786030e+01 inf =   7.526e-02 (16779) 2
*156039: obj =   1.144767238e+01 inf =   7.656e-02 (151308) 2
*156256: obj =   1.144756014e+01 inf =   7.708e-02 (14924) 2
*156446: obj =   1.144750195e+01 inf =   7.734e-02 (14825) 2
*156669: obj =   1.144747812e+01 inf =   7.757e-02 (14887) 2
*156861: obj =   1.144739876e+01 inf =   7.813e-02 (14792) 2
*157084: obj =   1.144732997e+01 inf =   7.841e-02 (151039) 2
*157290: obj =   1.144724968e+01 inf =   7.904e-02 (14528) 2
*157488: obj =   1.144719903e+01 inf =   7.856e-02 (14555) 2
*157700: obj =   1.144715676e+01 inf =   7.816e-02 (14993) 2
*157925: obj =   1.144709873e+01 inf =   7.760e-02 (14947) 2
*158149: obj =   1.144698255e+01 inf =   7.709e-02 (14932) 2
*158345: obj =   1.144688790e+01 inf =   7.720e-02 (14404) 2
*158541: obj =   1.144681990e+01 inf =   7.731e-02 (14378) 2
*158767: obj =   1.144672550e+01 inf =   7.685e-02 (151320) 2
*158971: obj =   1.144663138e+01 inf =   7.654e-02 (151338) 2
*159192: obj =   1.144643775e+01 inf =   7.689e-02 (151396) 2
*159390: obj =   1.144639384e+01 inf =   7.667e-02 (14154) 2
*159587: obj =   1.144633099e+01 inf =   7.709e-02 (151499) 2
*159806: obj =   1.144627620e+01 inf =   7.716e-02 (151285) 2
*160028: obj =   1.144619921e+01 inf =   7.700e-02 (151250) 2
*160254: obj =   1.144619901e+01 inf =   7.595e-02 (151231) 2
*160465: obj =   1.144613950e+01 inf =   7.534e-02 (14221) 2
*160681: obj =   1.144601403e+01 inf =   7.492e-02 (14203) 3
*160901: obj =   1.144591165e+01 inf =   7.496e-02 (14125) 2
*161119: obj =   1.144588705e+01 inf =   7.385e-02 (14083) 2
*161342: obj =   1.144581329e+01 inf =   7.264e-02 (14004) 2
*161565: obj =   1.144572820e+01 inf =   7.267e-02 (14136) 2
*161788: obj =   1.144559779e+01 inf =   7.301e-02 (14048) 2
*161996: obj =   1.144549320e+01 inf =   7.339e-02 (14057) 2
*162202: obj =   1.144542524e+01 inf =   7.328e-02 (14175) 2
*162412: obj =   1.144537361e+01 inf =   7.316e-02 (13743) 2
*162630: obj =   1.144532747e+01 inf =   7.255e-02 (13988) 2
*162848: obj =   1.144523433e+01 inf =   7.193e-02 (13915) 2
*163038: obj =   1.144520706e+01 inf =   7.189e-02 (13405) 2
*163229: obj =   1.144518504e+01 inf =   7.157e-02 (13434) 2
*163444: obj =   1.144518101e+01 inf =   7.034e-02 (13561) 2
*163657: obj =   1.144517564e+01 inf =   6.793e-02 (13477) 2
*163871: obj =   1.144512325e+01 inf =   6.469e-02 (13359) 2
*164075: obj =   1.144506949e+01 inf =   6.421e-02 (13351) 2
*164263: obj =   1.144501274e+01 inf =   6.405e-02 (13249) 2
*164474: obj =   1.144494328e+01 inf =   6.370e-02 (13564) 2
*164679: obj =   1.144486951e+01 inf =   6.326e-02 (13156) 2
*164889: obj =   1.144479540e+01 inf =   6.269e-02 (151525) 2
*165111: obj =   1.144476423e+01 inf =   6.195e-02 (13089) 2
*165337: obj =   1.144468253e+01 inf =   6.131e-02 (150452) 2
*165545: obj =   1.144465943e+01 inf =   6.118e-02 (12968) 2
*165775: obj =   1.144452473e+01 inf =   6.081e-02 (12911) 2
*166003: obj =   1.144448918e+01 inf =   6.061e-02 (12915) 2
*166223: obj =   1.144442831e+01 inf =   6.032e-02 (12901) 3
*166465: obj =   1.144436483e+01 inf =   6.059e-02 (12864) 2
*166708: obj =   1.144425605e+01 inf =   6.043e-02 (12885) 2
*166945: obj =   1.144414500e+01 inf =   6.092e-02 (12855) 3
*167171: obj =   1.144407106e+01 inf =   6.081e-02 (13240) 2
*167387: obj =   1.144405029e+01 inf =   6.020e-02 (12817) 2
*167610: obj =   1.144399034e+01 inf =   6.002e-02 (13022) 2
*167831: obj =   1.144389691e+01 inf =   6.008e-02 (13001) 2
*168050: obj =   1.144382398e+01 inf =   6.012e-02 (12823) 2
*168248: obj =   1.144380409e+01 inf =   5.982e-02 (12733) 2
*168451: obj =   1.144377147e+01 inf =   5.980e-02 (12782) 2
*168683: obj =   1.144372733e+01 inf =   5.959e-02 (12799) 2
*168913: obj =   1.144365641e+01 inf =   5.950e-02 (12800) 3
*169147: obj =   1.144364582e+01 inf =   5.914e-02 (12824) 2
*169373: obj =   1.144356890e+01 inf =   5.851e-02 (12533) 2
*169598: obj =   1.144349023e+01 inf =   5.872e-02 (12480) 2
*169821: obj =   1.144340152e+01 inf =   5.895e-02 (12362) 2
*170043: obj =   1.144335743e+01 inf =   5.883e-02 (12333) 2
*170265: obj =   1.144325871e+01 inf =   5.908e-02 (12272) 2
*170491: obj =   1.144320060e+01 inf =   5.931e-02 (12264) 3
*170724: obj =   1.144314840e+01 inf =   5.941e-02 (12510) 2
*170948: obj =   1.144309226e+01 inf =   5.992e-02 (12505) 2
*171168: obj =   1.144307422e+01 inf =   5.974e-02 (12403) 2
*171397: obj =   1.144303666e+01 inf =   5.867e-02 (12316) 2
*171634: obj =   1.144293827e+01 inf =   5.910e-02 (12271) 2
*171842: obj =   1.144291545e+01 inf =   5.925e-02 (12763) 3
*172070: obj =   1.144289848e+01 inf =   5.875e-02 (12465) 2
*172300: obj =   1.144280129e+01 inf =   5.909e-02 (12464) 2
*172524: obj =   1.144277198e+01 inf =   5.904e-02 (12270) 2
*172749: obj =   1.144268580e+01 inf =   5.906e-02 (12222) 2
*172953: obj =   1.144268151e+01 inf =   6.152e-02 (12017) 2
*173122: obj =   1.144264291e+01 inf =   6.142e-02 (150361) 2
*173305: obj =   1.144258833e+01 inf =   6.145e-02 (11872) 2
*173497: obj =   1.144252499e+01 inf =   6.139e-02 (150579) 1
*173666: obj =   1.144242628e+01 inf =   6.168e-02 (12263) 2
*173848: obj =   1.144236153e+01 inf =   6.241e-02 (14687) 2
*174016: obj =   1.144226862e+01 inf =   6.282e-02 (150802) 2
*174209: obj =   1.144225306e+01 inf =   6.310e-02 (150772) 1
*174404: obj =   1.144220400e+01 inf =   6.326e-02 (12006) 2
*174621: obj =   1.144219800e+01 inf =   6.324e-02 (11877) 2
*174834: obj =   1.144218520e+01 inf =   6.286e-02 (151494) 2
*175011: obj =   1.144218104e+01 inf =   6.264e-02 (11974) 2
*175232: obj =   1.144215179e+01 inf =   6.245e-02 (12008) 2
*175453: obj =   1.144208569e+01 inf =   6.175e-02 (11664) 2
*175672: obj =   1.144201064e+01 inf =   6.116e-02 (11577) 2
*175886: obj =   1.144194863e+01 inf =   6.166e-02 (11570) 2
*176101: obj =   1.144190148e+01 inf =   6.134e-02 (12245) 3
*176310: obj =   1.144184581e+01 inf =   6.103e-02 (150368) 2
*176529: obj =   1.144178644e+01 inf =   6.053e-02 (11571) 2
*176750: obj =   1.144170164e+01 inf =   6.032e-02 (11542) 2
*176971: obj =   1.144163546e+01 inf =   6.004e-02 (11507) 2
*177187: obj =   1.144159889e+01 inf =   5.970e-02 (150399) 2
*177405: obj =   1.144156689e+01 inf =   5.944e-02 (11372) 2
*177625: obj =   1.144154552e+01 inf =   5.953e-02 (11375) 2
*177851: obj =   1.144149196e+01 inf =   5.897e-02 (11820) 2
*178059: obj =   1.144142226e+01 inf =   5.821e-02 (11635) 2
*178254: obj =   1.144139835e+01 inf =   5.758e-02 (11669) 2
*178462: obj =   1.144137152e+01 inf =   5.757e-02 (11424) 2
*178673: obj =   1.144130659e+01 inf =   5.746e-02 (11324) 2
*178889: obj =   1.144124076e+01 inf =   5.720e-02 (11302) 2
*179102: obj =   1.144115967e+01 inf =   5.810e-02 (11254) 2
*179319: obj =   1.144112974e+01 inf =   5.828e-02 (150424) 2
*179523: obj =   1.144107783e+01 inf =   5.785e-02 (11018) 2
*179745: obj =   1.144099308e+01 inf =   5.809e-02 (11066) 2
*179968: obj =   1.144089181e+01 inf =   5.833e-02 (11040) 3
*180191: obj =   1.144073961e+01 inf =   5.962e-02 (11003) 2
*180413: obj =   1.144064606e+01 inf =   6.058e-02 (10927) 2
*180637: obj =   1.144056917e+01 inf =   6.181e-02 (10904) 2
*180859: obj =   1.144054125e+01 inf =   6.210e-02 (10952) 2
*181084: obj =   1.144049661e+01 inf =   6.237e-02 (10869) 2
*181324: obj =   1.144043683e+01 inf =   6.267e-02 (11120) 2
*181565: obj =   1.144038892e+01 inf =   6.253e-02 (11134) 3
*181807: obj =   1.144031700e+01 inf =   6.288e-02 (11151) 2
*182032: obj =   1.144030587e+01 inf =   6.298e-02 (11074) 2
*182255: obj =   1.144025183e+01 inf =   6.243e-02 (11362) 2
*182460: obj =   1.144023904e+01 inf =   6.206e-02 (10789) 2
*182684: obj =   1.144020477e+01 inf =   6.173e-02 (10756) 2
*182908: obj =   1.144014650e+01 inf =   6.215e-02 (10770) 2
*183132: obj =   1.144008063e+01 inf =   6.250e-02 (10685) 2
*183341: obj =   1.144001017e+01 inf =   6.340e-02 (10897) 3
*183550: obj =   1.144000027e+01 inf =   6.420e-02 (10643) 2
*183766: obj =   1.143993926e+01 inf =   6.501e-02 (10682) 2
*183979: obj =   1.143988399e+01 inf =   6.621e-02 (10609) 2
*184184: obj =   1.143985612e+01 inf =   6.657e-02 (10870) 2
*184397: obj =   1.143984857e+01 inf =   6.628e-02 (10871) 2
*184611: obj =   1.143983548e+01 inf =   6.649e-02 (10886) 2
*184826: obj =   1.143979795e+01 inf =   6.601e-02 (10419) 2
*185055: obj =   1.143977336e+01 inf =   6.561e-02 (10398) 2
*185281: obj =   1.143971298e+01 inf =   6.530e-02 (11092) 2
*185473: obj =   1.143968524e+01 inf =   6.562e-02 (10363) 2
*185688: obj =   1.143964654e+01 inf =   6.518e-02 (10307) 2
*185900: obj =   1.143961771e+01 inf =   6.400e-02 (10228) 2
*186128: obj =   1.143957470e+01 inf =   6.390e-02 (10139) 2
*186349: obj =   1.143954549e+01 inf =   6.342e-02 (10697) 2
*186572: obj =   1.143951042e+01 inf =   6.318e-02 (10359) 2
*186795: obj =   1.143947663e+01 inf =   6.293e-02 (10316) 2
*187012: obj =   1.143943450e+01 inf =   6.270e-02 (9954) 3
*187230: obj =   1.143941798e+01 inf =   6.258e-02 (9934) 2
*187443: obj =   1.143941175e+01 inf =   6.330e-02 (9937) 2
*187665: obj =   1.143938458e+01 inf =   6.386e-02 (9924) 2
*187882: obj =   1.143936010e+01 inf =   6.396e-02 (10208) 2
*188111: obj =   1.143929431e+01 inf =   6.342e-02 (10213) 2
*188341: obj =   1.143926125e+01 inf =   6.278e-02 (9966) 2
*188553: obj =   1.143925056e+01 inf =   6.388e-02 (9938) 2
*188773: obj =   1.143923939e+01 inf =   6.382e-02 (10222) 2
*188998: obj =   1.143917057e+01 inf =   6.318e-02 (9864) 2
*189206: obj =   1.143915602e+01 inf =   6.371e-02 (10165) 2
*189417: obj =   1.143914510e+01 inf =   6.371e-02 (9979) 2
*189632: obj =   1.143910799e+01 inf =   6.274e-02 (9905) 2
*189845: obj =   1.143908261e+01 inf =   6.242e-02 (9746) 2
*190053: obj =   1.143906052e+01 inf =   6.293e-02 (9656) 2
*190238: obj =   1.143902281e+01 inf =   6.331e-02 (9689) 2
*190430: obj =   1.143898632e+01 inf =   6.359e-02 (9939) 2
*190622: obj =   1.143894780e+01 inf =   6.402e-02 (9949) 2
*190808: obj =   1.143892267e+01 inf =   6.484e-02 (10006) 2
*190996: obj =   1.143887650e+01 inf =   6.454e-02 (9575) 2
*191196: obj =   1.143883833e+01 inf =   6.470e-02 (10038) 2
*191404: obj =   1.143880494e+01 inf =   6.522e-02 (9810) 2
*191609: obj =   1.143876347e+01 inf =   6.491e-02 (9977) 2
*191826: obj =   1.143873104e+01 inf =   6.467e-02 (9618) 2
*192038: obj =   1.143868825e+01 inf =   6.516e-02 (9618) 2
*192248: obj =   1.143864501e+01 inf =   6.539e-02 (9554) 2
*192456: obj =   1.143862258e+01 inf =   6.591e-02 (9759) 2
*192673: obj =   1.143858368e+01 inf =   6.577e-02 (9526) 2
*192892: obj =   1.143855916e+01 inf =   6.569e-02 (9938) 2
*193111: obj =   1.143852152e+01 inf =   6.561e-02 (9477) 2
*193328: obj =   1.143847664e+01 inf =   6.499e-02 (9368) 2
*193543: obj =   1.143844405e+01 inf =   6.526e-02 (9362) 2
*193740: obj =   1.143842086e+01 inf =   6.599e-02 (9322) 2
*193871: obj =   1.143840772e+01 inf =   6.602e-02 (9334) 1
*194031: obj =   1.143838698e+01 inf =   6.565e-02 (9629) 2
*194204: obj =   1.143837687e+01 inf =   6.669e-02 (9236) 1
*194358: obj =   1.143834577e+01 inf =   6.629e-02 (9603) 2
*194540: obj =   1.143832256e+01 inf =   6.659e-02 (9532) 2
*194748: obj =   1.143829538e+01 inf =   6.679e-02 (9145) 2
*194960: obj =   1.143825045e+01 inf =   6.653e-02 (9146) 2
*195161: obj =   1.143822826e+01 inf =   6.628e-02 (9405) 2
*195377: obj =   1.143820399e+01 inf =   6.601e-02 (9056) 2
*195590: obj =   1.143817370e+01 inf =   6.551e-02 (9010) 2
*195805: obj =   1.143815010e+01 inf =   6.647e-02 (8937) 2
*196003: obj =   1.143813759e+01 inf =   6.653e-02 (9255) 2
*196212: obj =   1.143810769e+01 inf =   6.679e-02 (9220) 2
*196423: obj =   1.143807362e+01 inf =   6.666e-02 (8814) 1
*196633: obj =   1.143804148e+01 inf =   6.752e-02 (8785) 3
*196847: obj =   1.143802373e+01 inf =   6.765e-02 (9329) 2
*197060: obj =   1.143798370e+01 inf =   6.697e-02 (149609) 2
*197285: obj =   1.143795177e+01 inf =   6.686e-02 (8855) 2
*197485: obj =   1.143790768e+01 inf =   6.640e-02 (8918) 2
*197706: obj =   1.143785769e+01 inf =   6.627e-02 (8856) 2
*197933: obj =   1.143784663e+01 inf =   6.686e-02 (8758) 2
*198139: obj =   1.143782428e+01 inf =   6.737e-02 (8754) 2
*198322: obj =   1.143778952e+01 inf =   6.711e-02 (8945) 2
*198529: obj =   1.143777702e+01 inf =   6.679e-02 (149684) 2
*198743: obj =   1.143775371e+01 inf =   6.613e-02 (149741) 2
*198958: obj =   1.143771151e+01 inf =   6.621e-02 (149733) 2
*199184: obj =   1.143767979e+01 inf =   6.648e-02 (8633) 2
*199401: obj =   1.143764250e+01 inf =   6.640e-02 (8598) 2
*199620: obj =   1.143761824e+01 inf =   6.643e-02 (8546) 2
*199836: obj =   1.143759510e+01 inf =   6.696e-02 (8572) 2
*200056: obj =   1.143755381e+01 inf =   6.735e-02 (8551) 2
*200271: obj =   1.143750816e+01 inf =   6.805e-02 (8469) 2
*200488: obj =   1.143746711e+01 inf =   6.848e-02 (8418) 3
*200721: obj =   1.143743273e+01 inf =   6.978e-02 (8360) 2
*200942: obj =   1.143739718e+01 inf =   7.074e-02 (8370) 2
*201165: obj =   1.143735906e+01 inf =   7.203e-02 (8363) 2
*201385: obj =   1.143733138e+01 inf =   7.272e-02 (8495) 2
*201617: obj =   1.143731681e+01 inf =   7.320e-02 (8456) 2
*201833: obj =   1.143731613e+01 inf =   7.311e-02 (8337) 2
*202034: obj =   1.143730859e+01 inf =   7.308e-02 (8532) 2
*202262: obj =   1.143728633e+01 inf =   7.298e-02 (8453) 2
*202472: obj =   1.143726176e+01 inf =   7.275e-02 (8455) 2
*202690: obj =   1.143725449e+01 inf =   7.257e-02 (8270) 3
*202894: obj =   1.143722316e+01 inf =   7.262e-02 (8236) 2
*203096: obj =   1.143719091e+01 inf =   7.304e-02 (8166) 2
*203296: obj =   1.143717576e+01 inf =   7.319e-02 (8083) 2
*203512: obj =   1.143716092e+01 inf =   7.343e-02 (8063) 2
*203729: obj =   1.143714976e+01 inf =   7.330e-02 (8126) 2
*203919: obj =   1.143713143e+01 inf =   7.321e-02 (8131) 2
*204118: obj =   1.143709381e+01 inf =   7.351e-02 (8063) 2
*204239: obj =   1.143708178e+01 inf =   7.356e-02 (8030) 1
*204371: obj =   1.143705168e+01 inf =   7.424e-02 (7985) 1
*204511: obj =   1.143704745e+01 inf =   7.423e-02 (7976) 1
*204691: obj =   1.143702905e+01 inf =   7.473e-02 (8264) 2
*204918: obj =   1.143701419e+01 inf =   7.534e-02 (8084) 2
*205141: obj =   1.143700206e+01 inf =   7.613e-02 (7984) 2
*205359: obj =   1.143698706e+01 inf =   7.625e-02 (7742) 3
*205582: obj =   1.143698575e+01 inf =   7.615e-02 (7735) 2
*205802: obj =   1.143698493e+01 inf =   7.523e-02 (149481) 2
*206005: obj =   1.143697258e+01 inf =   7.463e-02 (7773) 2
*206209: obj =   1.143692198e+01 inf =   7.381e-02 (7708) 2
*206416: obj =   1.143690632e+01 inf =   7.307e-02 (7580) 2
*206628: obj =   1.143688933e+01 inf =   7.313e-02 (149695) 2
*206829: obj =   1.143686332e+01 inf =   7.302e-02 (7893) 2
*207035: obj =   1.143685728e+01 inf =   7.314e-02 (7842) 2
*207234: obj =   1.143683025e+01 inf =   7.265e-02 (7716) 2
*207440: obj =   1.143680326e+01 inf =   7.250e-02 (7534) 2
*207647: obj =   1.143677342e+01 inf =   7.228e-02 (7496) 2
*207847: obj =   1.143675880e+01 inf =   7.215e-02 (7440) 2
*208044: obj =   1.143674119e+01 inf =   7.211e-02 (7527) 2
*208242: obj =   1.143671325e+01 inf =   7.204e-02 (7415) 2
*208506: obj =   1.143640738e+01 inf =   6.947e-02 (20766) 2
*208753: obj =   1.143531407e+01 inf =   6.778e-02 (20711) 3
*208997: obj =   1.143320371e+01 inf =   6.779e-02 (20736) 2
*209236: obj =   1.143271878e+01 inf =   6.705e-02 (20730) 2
*209476: obj =   1.143051329e+01 inf =   6.763e-02 (20775) 3
*209718: obj =   1.142940757e+01 inf =   6.838e-02 (20734) 2
*209954: obj =   1.142729147e+01 inf =   7.025e-02 (20685) 3
*210198: obj =   1.142531570e+01 inf =   7.349e-02 (20672) 2
*210443: obj =   1.142360527e+01 inf =   7.644e-02 (20666) 2
*210683: obj =   1.142104943e+01 inf =   8.214e-02 (20626) 3
*210921: obj =   1.142064736e+01 inf =   8.292e-02 (20539) 2
*211155: obj =   1.142064307e+01 inf =   8.132e-02 (20480) 2
*211386: obj =   1.141995722e+01 inf =   8.043e-02 (20446) 3
*211625: obj =   1.141820912e+01 inf =   8.373e-02 (20387) 2
*211862: obj =   1.141716969e+01 inf =   8.567e-02 (20348) 2
*212091: obj =   1.141662498e+01 inf =   8.585e-02 (20340) 3
*212325: obj =   1.141477369e+01 inf =   8.990e-02 (20274) 2
*212563: obj =   1.141335052e+01 inf =   9.308e-02 (20249) 2
*212793: obj =   1.141287808e+01 inf =   9.427e-02 (20170) 3
*213026: obj =   1.141229281e+01 inf =   9.430e-02 (20094) 2
*213259: obj =   1.141089285e+01 inf =   9.759e-02 (20030) 2
*213497: obj =   1.140965108e+01 inf =   1.005e-01 (20015) 3
*213741: obj =   1.140792015e+01 inf =   1.054e-01 (19944) 2
*213979: obj =   1.140644695e+01 inf =   1.097e-01 (19836) 2
*214209: obj =   1.140515352e+01 inf =   1.127e-01 (19741) 3
*214446: obj =   1.140474093e+01 inf =   1.110e-01 (19733) 2
*214683: obj =   1.140275510e+01 inf =   1.165e-01 (19721) 2
*214914: obj =   1.140162352e+01 inf =   1.199e-01 (19658) 3
*215147: obj =   1.140055087e+01 inf =   1.223e-01 (19608) 2
*215381: obj =   1.139879037e+01 inf =   1.269e-01 (19608) 2
*215613: obj =   1.139808366e+01 inf =   1.275e-01 (19560) 3
*215844: obj =   1.139757487e+01 inf =   1.275e-01 (19496) 2
*216074: obj =   1.139625514e+01 inf =   1.294e-01 (19460) 2
*216302: obj =   1.139564712e+01 inf =   1.284e-01 (19413) 2
*216531: obj =   1.139490673e+01 inf =   1.279e-01 (19298) 3
*216762: obj =   1.139424581e+01 inf =   1.272e-01 (19130) 2
*216992: obj =   1.139402900e+01 inf =   1.244e-01 (19017) 2
*217220: obj =   1.139398448e+01 inf =   1.207e-01 (18926) 2
*217450: obj =   1.139327136e+01 inf =   1.200e-01 (18871) 3
*217683: obj =   1.139281917e+01 inf =   1.177e-01 (18841) 2
*217914: obj =   1.139238136e+01 inf =   1.157e-01 (18807) 2
*218140: obj =   1.139071544e+01 inf =   1.165e-01 (18693) 3
*218372: obj =   1.138912680e+01 inf =   1.181e-01 (18598) 2
*218610: obj =   1.138783235e+01 inf =   1.199e-01 (18619) 2
*218842: obj =   1.138707234e+01 inf =   1.202e-01 (18585) 3
*219072: obj =   1.138684229e+01 inf =   1.186e-01 (18464) 2
*219301: obj =   1.138603899e+01 inf =   1.180e-01 (18439) 2
*219538: obj =   1.138511904e+01 inf =   1.174e-01 (18401) 2
*219766: obj =   1.138463713e+01 inf =   1.161e-01 (18287) 3
*219998: obj =   1.138445351e+01 inf =   1.122e-01 (18145) 2
*220227: obj =   1.138445351e+01 inf =   1.090e-01 (18086) 2
*220461: obj =   1.138427512e+01 inf =   1.050e-01 (18051) 2
*220690: obj =   1.138338902e+01 inf =   1.023e-01 (18021) 3
*220919: obj =   1.138318493e+01 inf =   1.020e-01 (17982) 2
*221147: obj =   1.138213624e+01 inf =   1.019e-01 (17898) 2
*221374: obj =   1.138106502e+01 inf =   1.023e-01 (17939) 3
*221608: obj =   1.137983981e+01 inf =   1.023e-01 (17836) 2
*221839: obj =   1.137915589e+01 inf =   1.025e-01 (17793) 2
*222066: obj =   1.137877150e+01 inf =   1.019e-01 (17695) 2
*222290: obj =   1.137754957e+01 inf =   1.024e-01 (17648) 3
*222529: obj =   1.137661633e+01 inf =   1.036e-01 (17577) 2
*222765: obj =   1.137519483e+01 inf =   1.052e-01 (17511) 2
*222994: obj =   1.137468705e+01 inf =   1.059e-01 (17464) 3
*223226: obj =   1.137375680e+01 inf =   1.063e-01 (17380) 2
*223464: obj =   1.137264980e+01 inf =   1.084e-01 (17336) 2
*223697: obj =   1.137160457e+01 inf =   1.104e-01 (17333) 3
*223931: obj =   1.137086088e+01 inf =   1.116e-01 (17302) 2
*224163: obj =   1.137035686e+01 inf =   1.126e-01 (17234) 2
*224396: obj =   1.136994426e+01 inf =   1.121e-01 (17144) 2
*224627: obj =   1.136925748e+01 inf =   1.128e-01 (17090) 3
*224861: obj =   1.136792744e+01 inf =   1.155e-01 (17017) 2
*225090: obj =   1.136770219e+01 inf =   1.157e-01 (16953) 2
*225316: obj =   1.136714193e+01 inf =   1.150e-01 (16902) 3
*225553: obj =   1.136692075e+01 inf =   1.144e-01 (16848) 2
*225784: obj =   1.136674135e+01 inf =   1.120e-01 (16728) 2
*226013: obj =   1.136650456e+01 inf =   1.102e-01 (16620) 2
*226235: obj =   1.136650197e+01 inf =   1.069e-01 (16552) 3
*226472: obj =   1.136587556e+01 inf =   1.058e-01 (16479) 2
*226711: obj =   1.136500568e+01 inf =   1.062e-01 (16426) 2
*226944: obj =   1.136378565e+01 inf =   1.075e-01 (16435) 3
*227176: obj =   1.136329513e+01 inf =   1.073e-01 (16346) 2
*227410: obj =   1.136259943e+01 inf =   1.078e-01 (16316) 2
*227643: obj =   1.136213622e+01 inf =   1.079e-01 (16238) 3
*227880: obj =   1.136108977e+01 inf =   1.089e-01 (16158) 2
*228113: obj =   1.136009328e+01 inf =   1.106e-01 (16120) 2
*228343: obj =   1.135981262e+01 inf =   1.109e-01 (16028) 2
*228576: obj =   1.135910803e+01 inf =   1.119e-01 (16053) 3
*228809: obj =   1.135857844e+01 inf =   1.126e-01 (16027) 2
*229041: obj =   1.135786855e+01 inf =   1.135e-01 (15966) 2
*229267: obj =   1.135737232e+01 inf =   1.138e-01 (15885) 3
*229498: obj =   1.135654506e+01 inf =   1.149e-01 (15814) 2
*229666: obj =   1.135594320e+01 inf =   1.160e-01 (15797) 2
*229899: obj =   1.135525582e+01 inf =   1.173e-01 (15798) 2
*230128: obj =   1.135508245e+01 inf =   1.168e-01 (15691) 2
*230358: obj =   1.135475244e+01 inf =   1.150e-01 (15639) 2
*230590: obj =   1.135411928e+01 inf =   1.158e-01 (15563) 3
*230823: obj =   1.135353597e+01 inf =   1.164e-01 (15491) 2
*231052: obj =   1.135334843e+01 inf =   1.150e-01 (15520) 2
*231278: obj =   1.135300067e+01 inf =   1.146e-01 (15500) 3
*231511: obj =   1.135297510e+01 inf =   1.111e-01 (15366) 2
*231748: obj =   1.135217194e+01 inf =   1.116e-01 (15398) 2
*231982: obj =   1.135135987e+01 inf =   1.129e-01 (15294) 2
*232210: obj =   1.135072334e+01 inf =   1.141e-01 (15256) 3
*232445: obj =   1.135030427e+01 inf =   1.145e-01 (15178) 2
*232684: obj =   1.134991305e+01 inf =   1.146e-01 (15131) 2
*232922: obj =   1.134948098e+01 inf =   1.149e-01 (15114) 3
*233163: obj =   1.134851128e+01 inf =   1.165e-01 (15157) 2
*233400: obj =   1.134803490e+01 inf =   1.173e-01 (15141) 3
*233642: obj =   1.134721966e+01 inf =   1.197e-01 (15000) 2
*233877: obj =   1.134656326e+01 inf =   1.215e-01 (14973) 2
*234107: obj =   1.134586190e+01 inf =   1.230e-01 (14925) 3
*234341: obj =   1.134542778e+01 inf =   1.239e-01 (14849) 2
*234585: obj =   1.134452708e+01 inf =   1.266e-01 (14831) 2
*234822: obj =   1.134390102e+01 inf =   1.286e-01 (14775) 3
*235062: obj =   1.134348091e+01 inf =   1.299e-01 (14772) 2
*235297: obj =   1.134292010e+01 inf =   1.318e-01 (14731) 2
*235533: obj =   1.134221435e+01 inf =   1.342e-01 (14666) 3
*235770: obj =   1.134146562e+01 inf =   1.370e-01 (14643) 2
*236000: obj =   1.134137394e+01 inf =   1.360e-01 (14510) 2
*236225: obj =   1.134108008e+01 inf =   1.349e-01 (14447) 2
*236455: obj =   1.134060590e+01 inf =   1.361e-01 (14350) 3
*236687: obj =   1.134022455e+01 inf =   1.359e-01 (14270) 2
*236918: obj =   1.133987142e+01 inf =   1.363e-01 (14258) 2
*237144: obj =   1.133937664e+01 inf =   1.373e-01 (14250) 3
*237379: obj =   1.133861808e+01 inf =   1.395e-01 (14222) 2
*237617: obj =   1.133850424e+01 inf =   1.397e-01 (14130) 2
*237846: obj =   1.133836198e+01 inf =   1.379e-01 (14032) 3
*238076: obj =   1.133788370e+01 inf =   1.381e-01 (13973) 2
*238306: obj =   1.133733417e+01 inf =   1.390e-01 (14004) 2
*238546: obj =   1.133677059e+01 inf =   1.409e-01 (13950) 2
*238777: obj =   1.133660451e+01 inf =   1.408e-01 (13931) 3
*239008: obj =   1.133627959e+01 inf =   1.406e-01 (13929) 2
*239247: obj =   1.133557859e+01 inf =   1.419e-01 (13950) 2
*239479: obj =   1.133526207e+01 inf =   1.427e-01 (13958) 3
*239715: obj =   1.133479150e+01 inf =   1.441e-01 (13901) 2
*239946: obj =   1.133471608e+01 inf =   1.426e-01 (13813) 2
*240169: obj =   1.133461332e+01 inf =   1.387e-01 (13626) 3
*240399: obj =   1.133445393e+01 inf =   1.341e-01 (13562) 2
*240634: obj =   1.133420068e+01 inf =   1.331e-01 (13531) 2
*240866: obj =   1.133380565e+01 inf =   1.315e-01 (13437) 2
*241094: obj =   1.133317045e+01 inf =   1.312e-01 (13400) 3
*241325: obj =   1.133269421e+01 inf =   1.319e-01 (13445) 2
*241561: obj =   1.133245359e+01 inf =   1.320e-01 (13421) 2
*241789: obj =   1.133212984e+01 inf =   1.321e-01 (13490) 3
*242017: obj =   1.133205617e+01 inf =   1.285e-01 (13407) 2
*242238: obj =   1.133169564e+01 inf =   1.254e-01 (13326) 2
*242479: obj =   1.133115406e+01 inf =   1.256e-01 (13267) 2
*242716: obj =   1.133061465e+01 inf =   1.262e-01 (13217) 3
*242947: obj =   1.133030923e+01 inf =   1.266e-01 (13225) 2
*243174: obj =   1.133021420e+01 inf =   1.253e-01 (13154) 2
*243403: obj =   1.132998299e+01 inf =   1.226e-01 (13057) 2
*243631: obj =   1.132982165e+01 inf =   1.184e-01 (12979) 3
*243861: obj =   1.132976557e+01 inf =   1.126e-01 (12808) 2
*244093: obj =   1.132933806e+01 inf =   1.112e-01 (12793) 2
*244321: obj =   1.132885308e+01 inf =   1.109e-01 (12821) 3
*244562: obj =   1.132841977e+01 inf =   1.106e-01 (12840) 2
*244799: obj =   1.132797400e+01 inf =   1.109e-01 (12791) 2
*245030: obj =   1.132758794e+01 inf =   1.111e-01 (12731) 3
*245262: obj =   1.132745897e+01 inf =   1.107e-01 (12688) 2
*245499: obj =   1.132724133e+01 inf =   1.100e-01 (12648) 2
*245734: obj =   1.132687364e+01 inf =   1.103e-01 (12579) 3
*245968: obj =   1.132649805e+01 inf =   1.104e-01 (12519) 2
*246197: obj =   1.132640199e+01 inf =   1.101e-01 (12487) 2
*246432: obj =   1.132607336e+01 inf =   1.084e-01 (12526) 2
*246667: obj =   1.132560312e+01 inf =   1.082e-01 (12504) 3
*246902: obj =   1.132519706e+01 inf =   1.090e-01 (12454) 2
*247144: obj =   1.132493234e+01 inf =   1.084e-01 (12384) 3
*247422: obj =   1.132467481e+01 inf =   1.083e-01 (12365) 2
*247682: obj =   1.132419287e+01 inf =   1.080e-01 (12374) 3
*247945: obj =   1.132409014e+01 inf =   1.068e-01 (12329) 2
*248200: obj =   1.132366194e+01 inf =   1.056e-01 (12294) 3
*248457: obj =   1.132320311e+01 inf =   1.053e-01 (12221) 3
*248724: obj =   1.132288746e+01 inf =   1.052e-01 (12223) 2
*248979: obj =   1.132240036e+01 inf =   1.051e-01 (12182) 3
*249233: obj =   1.132185147e+01 inf =   1.050e-01 (12153) 2
*249493: obj =   1.132137349e+01 inf =   1.051e-01 (12143) 3
*249746: obj =   1.132114999e+01 inf =   1.050e-01 (12131) 2
*249987: obj =   1.132080104e+01 inf =   1.034e-01 (12084) 3
*250237: obj =   1.132010257e+01 inf =   1.030e-01 (12041) 2
*250487: obj =   1.131989944e+01 inf =   1.030e-01 (12043) 3
*250751: obj =   1.131955107e+01 inf =   1.029e-01 (11993) 2
*251014: obj =   1.131905138e+01 inf =   1.030e-01 (11894) 3
*251285: obj =   1.131885517e+01 inf =   1.007e-01 (11940) 2
*251554: obj =   1.131834887e+01 inf =   9.999e-02 (11887) 3
*251811: obj =   1.131795097e+01 inf =   1.001e-01 (11821) 3
*252072: obj =   1.131746502e+01 inf =   1.002e-01 (11750) 2
*252322: obj =   1.131715418e+01 inf =   1.002e-01 (11763) 3
*252589: obj =   1.131665787e+01 inf =   1.007e-01 (11689) 2
*252841: obj =   1.131622336e+01 inf =   1.011e-01 (11623) 3
*253088: obj =   1.131564869e+01 inf =   1.020e-01 (11634) 2
*253328: obj =   1.131512044e+01 inf =   1.032e-01 (11654) 3
*253584: obj =   1.131484005e+01 inf =   1.042e-01 (11657) 2
*253832: obj =   1.131443599e+01 inf =   1.050e-01 (11597) 3
*254081: obj =   1.131400466e+01 inf =   1.062e-01 (11579) 2
*254318: obj =   1.131363908e+01 inf =   1.074e-01 (11511) 3
*254566: obj =   1.131312910e+01 inf =   1.095e-01 (11526) 2
*254808: obj =   1.131284060e+01 inf =   1.111e-01 (11462) 2
*255040: obj =   1.131261626e+01 inf =   1.115e-01 (11411) 3
*255274: obj =   1.131247678e+01 inf =   1.109e-01 (11369) 2
*255521: obj =   1.131232634e+01 inf =   1.108e-01 (11433) 2
*255755: obj =   1.131190212e+01 inf =   1.115e-01 (11464) 3
*255989: obj =   1.131165863e+01 inf =   1.118e-01 (11466) 2
*256221: obj =   1.131146643e+01 inf =   1.112e-01 (11375) 2
*256452: obj =   1.131115475e+01 inf =   1.115e-01 (11328) 3
*256694: obj =   1.131070435e+01 inf =   1.124e-01 (11324) 2
*256933: obj =   1.131025018e+01 inf =   1.136e-01 (11319) 2
*257168: obj =   1.130976422e+01 inf =   1.148e-01 (11243) 3
*257408: obj =   1.130927701e+01 inf =   1.164e-01 (11195) 2
*257650: obj =   1.130891910e+01 inf =   1.175e-01 (11203) 3
*257852: obj =   1.130873684e+01 inf =   1.181e-01 (11195) 2
*258083: obj =   1.130870117e+01 inf =   1.172e-01 (11086) 2
*258312: obj =   1.130870117e+01 inf =   1.157e-01 (11071) 2
*258546: obj =   1.130866306e+01 inf =   1.141e-01 (11018) 2
*258778: obj =   1.130847740e+01 inf =   1.126e-01 (11009) 3
*259022: obj =   1.130828797e+01 inf =   1.122e-01 (10954) 2
*259258: obj =   1.130796859e+01 inf =   1.116e-01 (10973) 2
*259496: obj =   1.130754222e+01 inf =   1.123e-01 (10942) 3
*259739: obj =   1.130728232e+01 inf =   1.128e-01 (10997) 2
*259975: obj =   1.130695700e+01 inf =   1.138e-01 (10915) 3
*260207: obj =   1.130695006e+01 inf =   1.131e-01 (10872) 2
*260449: obj =   1.130661348e+01 inf =   1.136e-01 (10854) 2
*260681: obj =   1.130656816e+01 inf =   1.134e-01 (10874) 3
*260920: obj =   1.130636871e+01 inf =   1.132e-01 (10902) 2
*261157: obj =   1.130607743e+01 inf =   1.140e-01 (10828) 2
*261401: obj =   1.130582981e+01 inf =   1.143e-01 (10823) 3
*261644: obj =   1.130557858e+01 inf =   1.154e-01 (10806) 2
*261876: obj =   1.130553926e+01 inf =   1.148e-01 (10758) 2
*262102: obj =   1.130546284e+01 inf =   1.132e-01 (10693) 3
*262331: obj =   1.130540655e+01 inf =   1.113e-01 (10600) 2
*262567: obj =   1.130532177e+01 inf =   1.083e-01 (10593) 2
*262802: obj =   1.130504133e+01 inf =   1.082e-01 (10579) 3
*263037: obj =   1.130477062e+01 inf =   1.083e-01 (10545) 2
*263268: obj =   1.130462352e+01 inf =   1.072e-01 (10527) 2
*263504: obj =   1.130441316e+01 inf =   1.074e-01 (10521) 2
*263734: obj =   1.130435543e+01 inf =   1.047e-01 (10418) 3
*263965: obj =   1.130431821e+01 inf =   9.701e-02 (10375) 2
*264199: obj =   1.130403272e+01 inf =   9.686e-02 (10330) 2
*264427: obj =   1.130397857e+01 inf =   9.365e-02 (10290) 3
*264668: obj =   1.130391061e+01 inf =   8.991e-02 (10266) 2
*264916: obj =   1.130361303e+01 inf =   8.950e-02 (10248) 2
*265160: obj =   1.130324609e+01 inf =   8.925e-02 (10308) 3
*265406: obj =   1.130292406e+01 inf =   8.995e-02 (10257) 2
*265654: obj =   1.130260978e+01 inf =   9.087e-02 (10135) 3
*265899: obj =   1.130232627e+01 inf =   9.216e-02 (10193) 2
*266136: obj =   1.130215843e+01 inf =   9.211e-02 (10134) 3
*266374: obj =   1.130198197e+01 inf =   9.215e-02 (10093) 2
*266620: obj =   1.130187737e+01 inf =   9.189e-02 (10180) 2
*266865: obj =   1.130138461e+01 inf =   9.279e-02 (10185) 3
*267109: obj =   1.130105327e+01 inf =   9.367e-02 (10146) 2
*267349: obj =   1.130070422e+01 inf =   9.496e-02 (10099) 3
*267600: obj =   1.130046611e+01 inf =   9.561e-02 (10150) 2
*267846: obj =   1.130010588e+01 inf =   9.733e-02 (10112) 2
*268085: obj =   1.129988872e+01 inf =   9.811e-02 (10113) 3
*268331: obj =   1.129976605e+01 inf =   9.842e-02 (10066) 2
*268598: obj =   1.129952996e+01 inf =   9.925e-02 (10014) 3
*268872: obj =   1.129930178e+01 inf =   9.947e-02 (10067) 3
*269142: obj =   1.129899537e+01 inf =   9.971e-02 (9960) 2
*269407: obj =   1.129892329e+01 inf =   9.886e-02 (9971) 3
*269680: obj =   1.129871374e+01 inf =   9.794e-02 (9996) 3
*269843: obj =   1.129849708e+01 inf =   9.810e-02 (9948) 1
*270097: obj =   1.129819941e+01 inf =   9.886e-02 (9940) 3
*270368: obj =   1.129814697e+01 inf =   9.863e-02 (9761) 2
*270653: obj =   1.129793020e+01 inf =   9.856e-02 (9862) 3
*270924: obj =   1.129779920e+01 inf =   9.750e-02 (9866) 3
*271190: obj =   1.129747559e+01 inf =   9.741e-02 (9787) 3
*271469: obj =   1.129740286e+01 inf =   9.661e-02 (9745) 2
*271746: obj =   1.129733062e+01 inf =   9.496e-02 (9717) 3
*272002: obj =   1.129693177e+01 inf =   9.428e-02 (9616) 3
*272245: obj =   1.129681793e+01 inf =   9.420e-02 (9601) 2
*272514: obj =   1.129666672e+01 inf =   9.455e-02 (9547) 3
*272788: obj =   1.129634691e+01 inf =   9.485e-02 (9603) 2
*273027: obj =   1.129613096e+01 inf =   9.507e-02 (9557) 3
*273274: obj =   1.129585508e+01 inf =   9.592e-02 (9483) 2
*273520: obj =   1.129569306e+01 inf =   9.667e-02 (9448) 3
*273774: obj =   1.129560988e+01 inf =   9.637e-02 (9481) 2
*274017: obj =   1.129560346e+01 inf =   9.576e-02 (9492) 3
*274263: obj =   1.129530295e+01 inf =   9.611e-02 (9455) 2
*274510: obj =   1.129504278e+01 inf =   9.705e-02 (9426) 2
*274767: obj =   1.129477714e+01 inf =   9.810e-02 (9310) 3
*275048: obj =   1.129471483e+01 inf =   9.713e-02 (9292) 3
*275330: obj =   1.129470373e+01 inf =   9.618e-02 (9290) 3
*275601: obj =   1.129459149e+01 inf =   9.496e-02 (9398) 2
*275847: obj =   1.129433842e+01 inf =   9.459e-02 (9412) 3
*276094: obj =   1.129408450e+01 inf =   9.473e-02 (9371) 2
*276338: obj =   1.129380063e+01 inf =   9.517e-02 (9390) 2
*276576: obj =   1.129352076e+01 inf =   9.569e-02 (9377) 3
*276812: obj =   1.129337640e+01 inf =   9.560e-02 (9384) 2
*277048: obj =   1.129312998e+01 inf =   9.600e-02 (9403) 3
*277292: obj =   1.129299334e+01 inf =   9.620e-02 (9317) 2
*277533: obj =   1.129290613e+01 inf =   9.601e-02 (9285) 2
*277768: obj =   1.129269615e+01 inf =   9.649e-02 (9214) 3
*278008: obj =   1.129248636e+01 inf =   9.684e-02 (9252) 2
*278245: obj =   1.129234135e+01 inf =   9.697e-02 (9159) 2
*278476: obj =   1.129227758e+01 inf =   9.601e-02 (9141) 3
*278734: obj =   1.129205458e+01 inf =   9.620e-02 (9244) 2
*278976: obj =   1.129186944e+01 inf =   9.657e-02 (9317) 3
*279219: obj =   1.129166373e+01 inf =   9.723e-02 (9291) 2
*279457: obj =   1.129147770e+01 inf =   9.742e-02 (9254) 2
*279699: obj =   1.129124733e+01 inf =   9.818e-02 (9245) 3
*279937: obj =   1.129114224e+01 inf =   9.844e-02 (9216) 2
*280174: obj =   1.129096738e+01 inf =   9.896e-02 (9154) 2
*280409: obj =   1.129087245e+01 inf =   9.915e-02 (9158) 3
*280654: obj =   1.129064573e+01 inf =   1.001e-01 (9129) 2
*280895: obj =   1.129042731e+01 inf =   1.012e-01 (9024) 3
*281145: obj =   1.129024451e+01 inf =   1.023e-01 (9055) 2
*281389: obj =   1.129014566e+01 inf =   1.026e-01 (8998) 2
*281651: obj =   1.129007179e+01 inf =   1.021e-01 (8967) 3
*281913: obj =   1.128984696e+01 inf =   1.022e-01 (8925) 3
*282171: obj =   1.128953530e+01 inf =   1.033e-01 (8949) 2
*282431: obj =   1.128945431e+01 inf =   1.032e-01 (8911) 3
*282700: obj =   1.128930644e+01 inf =   1.031e-01 (8847) 2
*283009: obj =   1.128930149e+01 inf =   9.861e-02 (8627) 4
*283307: obj =   1.128919925e+01 inf =   9.306e-02 (8532) 2
*283619: obj =   1.128893648e+01 inf =   8.800e-02 (8627) 4
*283918: obj =   1.128879838e+01 inf =   8.277e-02 (8463) 3
*284211: obj =   1.128857474e+01 inf =   8.027e-02 (8484) 2
*284504: obj =   1.128837520e+01 inf =   7.851e-02 (8462) 3
*284798: obj =   1.128821146e+01 inf =   7.640e-02 (8361) 3
*285086: obj =   1.128802465e+01 inf =   7.450e-02 (8398) 3
*285378: obj =   1.128784724e+01 inf =   7.285e-02 (8356) 3
*285654: obj =   1.128765556e+01 inf =   7.219e-02 (8346) 3
*285928: obj =   1.128742932e+01 inf =   7.220e-02 (8307) 2
*286201: obj =   1.128723025e+01 inf =   7.201e-02 (8287) 3
*286460: obj =   1.128703127e+01 inf =   7.189e-02 (8303) 3
*286724: obj =   1.128685005e+01 inf =   7.244e-02 (8301) 2
*286977: obj =   1.128663750e+01 inf =   7.352e-02 (8278) 3
*287222: obj =   1.128646250e+01 inf =   7.482e-02 (8316) 2
*287466: obj =   1.128625936e+01 inf =   7.632e-02 (8389) 3
*287712: obj =   1.128621096e+01 inf =   7.636e-02 (8355) 2
*287960: obj =   1.128603815e+01 inf =   7.699e-02 (8343) 2
*288202: obj =   1.128591455e+01 inf =   7.796e-02 (8256) 3
*288446: obj =   1.128585138e+01 inf =   7.795e-02 (8244) 2
*288697: obj =   1.128567133e+01 inf =   7.882e-02 (8263) 3
*288945: obj =   1.128549874e+01 inf =   8.063e-02 (8196) 2
*289187: obj =   1.128543595e+01 inf =   8.152e-02 (8152) 3
*289471: obj =   1.128534134e+01 inf =   8.210e-02 (8147) 2
*289729: obj =   1.128513837e+01 inf =   8.326e-02 (8232) 3
*289996: obj =   1.128509751e+01 inf =   8.285e-02 (8167) 3
*290286: obj =   1.128507709e+01 inf =   8.010e-02 (8007) 3
*290556: obj =   1.128495071e+01 inf =   7.826e-02 (7886) 2
*290793: obj =   1.128481582e+01 inf =   7.847e-02 (8016) 3
*291034: obj =   1.128459540e+01 inf =   7.861e-02 (8023) 2
*291275: obj =   1.128433037e+01 inf =   7.939e-02 (8085) 2
*291513: obj =   1.128419570e+01 inf =   8.011e-02 (8104) 3
*291751: obj =   1.128411106e+01 inf =   8.013e-02 (8046) 2
*291990: obj =   1.128393933e+01 inf =   8.078e-02 (8040) 2
*292226: obj =   1.128387780e+01 inf =   8.108e-02 (8024) 3
*292469: obj =   1.128378781e+01 inf =   8.078e-02 (7935) 2
*292710: obj =   1.128365730e+01 inf =   8.132e-02 (7944) 3
*292951: obj =   1.128351924e+01 inf =   8.219e-02 (7861) 2
*293239: obj =   1.128348829e+01 inf =   8.082e-02 (7755) 3
*293533: obj =   1.128340732e+01 inf =   7.884e-02 (7803) 3
*293821: obj =   1.128340732e+01 inf =   7.341e-02 (7830) 3
*294084: obj =   1.128324084e+01 inf =   7.269e-02 (7938) 2
*294331: obj =   1.128304188e+01 inf =   7.279e-02 (7951) 3
*294597: obj =   1.128293749e+01 inf =   7.280e-02 (7807) 2
*294858: obj =   1.128282401e+01 inf =   7.248e-02 (7796) 3
*295121: obj =   1.128276718e+01 inf =   7.157e-02 (7770) 2
*295388: obj =   1.128275334e+01 inf =   6.726e-02 (7609) 3
*295653: obj =   1.128267535e+01 inf =   6.495e-02 (7710) 3
*295913: obj =   1.128256116e+01 inf =   6.437e-02 (7616) 2
*296187: obj =   1.128250831e+01 inf =   5.848e-02 (7569) 3
*296438: obj =   1.128247937e+01 inf =   5.809e-02 (7608) 2
*296683: obj =   1.128240018e+01 inf =   5.636e-02 (7694) 3
*296930: obj =   1.128221168e+01 inf =   5.604e-02 (7592) 2
*297176: obj =   1.128210438e+01 inf =   5.603e-02 (7569) 3
*297416: obj =   1.128184388e+01 inf =   5.586e-02 (7544) 2
*297673: obj =   1.128168933e+01 inf =   5.524e-02 (7716) 3
*297922: obj =   1.128142388e+01 inf =   5.575e-02 (7722) 2
*298164: obj =   1.128124354e+01 inf =   5.643e-02 (7715) 2
*298399: obj =   1.128110769e+01 inf =   5.721e-02 (7666) 3
*298640: obj =   1.128104413e+01 inf =   5.700e-02 (7716) 2
*298875: obj =   1.128101416e+01 inf =   5.581e-02 (7545) 2
*299106: obj =   1.128081028e+01 inf =   5.443e-02 (7529) 3
*299339: obj =   1.128074891e+01 inf =   5.406e-02 (7610) 2
*299576: obj =   1.128063395e+01 inf =   5.324e-02 (7575) 2
*299809: obj =   1.128043907e+01 inf =   5.292e-02 (7512) 3
*299993: obj =   1.128025730e+01 inf =   5.218e-02 (7507) 2
*300128: obj =   1.128020598e+01 inf =   5.218e-02 (7530) 1
*300304: obj =   1.128011828e+01 inf =   5.173e-02 (7479) 2
*300541: obj =   1.128000380e+01 inf =   5.112e-02 (7510) 2
*300778: obj =   1.127985338e+01 inf =   5.089e-02 (7481) 2
*301012: obj =   1.127959520e+01 inf =   5.113e-02 (7423) 3
*301246: obj =   1.127947588e+01 inf =   5.022e-02 (7512) 2
*301481: obj =   1.127937246e+01 inf =   5.011e-02 (7448) 2
*301715: obj =   1.127930405e+01 inf =   4.982e-02 (7485) 3
*301952: obj =   1.127908537e+01 inf =   4.860e-02 (7326) 2
*302186: obj =   1.127890673e+01 inf =   4.721e-02 (7231) 2
*302415: obj =   1.127883319e+01 inf =   4.663e-02 (7250) 3
*302659: obj =   1.127872417e+01 inf =   4.600e-02 (7250) 2
*302896: obj =   1.127856451e+01 inf =   4.592e-02 (7194) 2
*303128: obj =   1.127842793e+01 inf =   4.514e-02 (7283) 3
*303361: obj =   1.127838798e+01 inf =   4.578e-02 (7202) 2
*303600: obj =   1.127830175e+01 inf =   4.519e-02 (7215) 2
*303832: obj =   1.127820139e+01 inf =   4.448e-02 (7004) 3
*304067: obj =   1.127811963e+01 inf =   4.352e-02 (7043) 2
*304302: obj =   1.127791289e+01 inf =   4.367e-02 (6947) 2
*304544: obj =   1.127768333e+01 inf =   4.292e-02 (7179) 3
*304793: obj =   1.127752429e+01 inf =   4.323e-02 (7231) 2
*305035: obj =   1.127733169e+01 inf =   4.405e-02 (7150) 2
*305266: obj =   1.127723507e+01 inf =   4.411e-02 (6988) 3
*305503: obj =   1.127714000e+01 inf =   4.437e-02 (6975) 2
*305744: obj =   1.127696195e+01 inf =   4.401e-02 (6929) 2
*305977: obj =   1.127685863e+01 inf =   4.401e-02 (6884) 3
*306212: obj =   1.127678784e+01 inf =   4.423e-02 (6845) 2
*306450: obj =   1.127666214e+01 inf =   4.400e-02 (6814) 2
*306688: obj =   1.127656245e+01 inf =   4.389e-02 (6898) 3
*306927: obj =   1.127645157e+01 inf =   4.364e-02 (6686) 2
*307163: obj =   1.127630070e+01 inf =   4.319e-02 (6600) 3
*307397: obj =   1.127624399e+01 inf =   4.289e-02 (6559) 2
*307640: obj =   1.127617713e+01 inf =   4.212e-02 (6721) 2
*307875: obj =   1.127607945e+01 inf =   4.214e-02 (6693) 3
*308114: obj =   1.127601122e+01 inf =   4.218e-02 (6664) 2
*308348: obj =   1.127596663e+01 inf =   4.220e-02 (6582) 2
*308600: obj =   1.127590575e+01 inf =   4.174e-02 (6570) 3
*308864: obj =   1.127576493e+01 inf =   4.227e-02 (6607) 2
*309113: obj =   1.127569936e+01 inf =   4.270e-02 (6614) 3
*309361: obj =   1.127556648e+01 inf =   4.396e-02 (6442) 2
*309614: obj =   1.127549737e+01 inf =   4.415e-02 (6487) 3
*309868: obj =   1.127541307e+01 inf =   4.535e-02 (6465) 2
*310116: obj =   1.127531004e+01 inf =   4.767e-02 (6428) 3
*310367: obj =   1.127523698e+01 inf =   4.875e-02 (6406) 2
*310628: obj =   1.127519165e+01 inf =   4.871e-02 (6422) 3
*310881: obj =   1.127506877e+01 inf =   5.006e-02 (6409) 2
*311122: obj =   1.127501699e+01 inf =   5.067e-02 (6373) 3
*311372: obj =   1.127499417e+01 inf =   5.037e-02 (6386) 2
*311629: obj =   1.127493136e+01 inf =   5.073e-02 (6279) 3
*311906: obj =   1.127490019e+01 inf =   5.011e-02 (6235) 2
*312099: obj =   1.127484309e+01 inf =   4.914e-02 (6419) 2
*312332: obj =   1.127475690e+01 inf =   4.967e-02 (6314) 3
*312579: obj =   1.127470648e+01 inf =   4.845e-02 (6344) 2
*312820: obj =   1.127465990e+01 inf =   4.829e-02 (6404) 2
*313056: obj =   1.127458772e+01 inf =   4.782e-02 (6322) 3
*313291: obj =   1.127457232e+01 inf =   4.505e-02 (6182) 2
*313531: obj =   1.127454096e+01 inf =   4.012e-02 (6393) 3
*313774: obj =   1.127446958e+01 inf =   3.944e-02 (6422) 2
*314014: obj =   1.127439648e+01 inf =   3.960e-02 (6263) 2
*314247: obj =   1.127426839e+01 inf =   3.970e-02 (6341) 3
*314493: obj =   1.127418012e+01 inf =   4.019e-02 (6229) 2
*314747: obj =   1.127411106e+01 inf =   4.036e-02 (6139) 3
*315007: obj =   1.127405130e+01 inf =   4.007e-02 (6152) 2
*315261: obj =   1.127397501e+01 inf =   3.980e-02 (6119) 3
*315521: obj =   1.127386918e+01 inf =   3.975e-02 (6157) 2
*315770: obj =   1.127380330e+01 inf =   3.919e-02 (6119) 3
*316010: obj =   1.127376547e+01 inf =   3.791e-02 (6062) 2
*316250: obj =   1.127370420e+01 inf =   3.807e-02 (6082) 2
*316496: obj =   1.127363376e+01 inf =   3.827e-02 (5941) 3
*316739: obj =   1.127359789e+01 inf =   3.789e-02 (5999) 2
*316977: obj =   1.127352185e+01 inf =   3.782e-02 (5985) 3
*317218: obj =   1.127344497e+01 inf =   3.813e-02 (6036) 2
*317467: obj =   1.127335550e+01 inf =   3.868e-02 (5974) 2
*317705: obj =   1.127334568e+01 inf =   3.831e-02 (5924) 3
*317943: obj =   1.127331139e+01 inf =   3.730e-02 (5814) 2
*318182: obj =   1.127326244e+01 inf =   3.566e-02 (5707) 3
*318422: obj =   1.127316028e+01 inf =   3.482e-02 (5678) 2
*318665: obj =   1.127310089e+01 inf =   3.399e-02 (5782) 2
*318899: obj =   1.127306369e+01 inf =   3.356e-02 (5746) 3
*319138: obj =   1.127298773e+01 inf =   3.318e-02 (5593) 2
*319383: obj =   1.127288161e+01 inf =   3.161e-02 (5617) 2
*319638: obj =   1.127281165e+01 inf =   3.104e-02 (5798) 3
*319888: obj =   1.127273304e+01 inf =   3.106e-02 (5774) 2
*320137: obj =   1.127264976e+01 inf =   3.189e-02 (5739) 3
*320382: obj =   1.127261399e+01 inf =   3.234e-02 (5742) 2
*320636: obj =   1.127254486e+01 inf =   3.290e-02 (5649) 3
*320876: obj =   1.127251862e+01 inf =   3.264e-02 (5715) 2
*321133: obj =   1.127246845e+01 inf =   3.239e-02 (5623) 3
*321439: obj =   1.127242836e+01 inf =   3.185e-02 (5676) 3
*321715: obj =   1.127236158e+01 inf =   3.145e-02 (5713) 2
*321965: obj =   1.127226064e+01 inf =   3.191e-02 (5584) 3
*322216: obj =   1.127221601e+01 inf =   3.227e-02 (5630) 2
*322523: obj =   1.127214952e+01 inf =   3.270e-02 (5519) 3
*322766: obj =   1.127213802e+01 inf =   3.285e-02 (5666) 3
*323002: obj =   1.127211501e+01 inf =   3.250e-02 (5731) 2
*323236: obj =   1.127205045e+01 inf =   3.176e-02 (5580) 2
*323467: obj =   1.127197579e+01 inf =   3.185e-02 (5497) 3
*323706: obj =   1.127192248e+01 inf =   3.141e-02 (5494) 2
*323935: obj =   1.127189113e+01 inf =   3.111e-02 (5530) 2
*324169: obj =   1.127182291e+01 inf =   3.122e-02 (5318) 3
*324429: obj =   1.072202809e+01 inf =   3.149e-02 (22327) 2
*324703: obj =   1.072189939e+01 inf =   3.159e-02 (22446) 3
*324955: obj =   1.072162227e+01 inf =   3.272e-02 (22441) 2
*325197: obj =   1.072139199e+01 inf =   3.425e-02 (22448) 3
*325437: obj =   1.072139171e+01 inf =   3.412e-02 (22486) 2
*325685: obj =   1.072096914e+01 inf =   3.560e-02 (22472) 3
*325930: obj =   1.072059565e+01 inf =   3.825e-02 (22418) 2
*326168: obj =   1.072033333e+01 inf =   4.024e-02 (22402) 3
*326405: obj =   1.072033238e+01 inf =   4.017e-02 (22343) 2
*326648: obj =   1.072006868e+01 inf =   4.144e-02 (22250) 2
*326883: obj =   1.071973519e+01 inf =   4.387e-02 (22209) 3
*327119: obj =   1.071955775e+01 inf =   4.526e-02 (22188) 2
*327357: obj =   1.071913026e+01 inf =   4.858e-02 (22112) 2
*327596: obj =   1.071878864e+01 inf =   5.166e-02 (22075) 3
*327835: obj =   1.071868099e+01 inf =   5.246e-02 (21984) 2
*328069: obj =   1.071868099e+01 inf =   5.098e-02 (21885) 2
*328300: obj =   1.071836865e+01 inf =   5.293e-02 (21798) 3
*328536: obj =   1.071821593e+01 inf =   5.277e-02 (21714) 2
*328776: obj =   1.071784698e+01 inf =   5.535e-02 (21619) 2
*329007: obj =   1.071755903e+01 inf =   5.776e-02 (21491) 3
*329240: obj =   1.071719349e+01 inf =   6.101e-02 (21444) 2
*329473: obj =   1.071690124e+01 inf =   6.344e-02 (21367) 2
*329706: obj =   1.071655326e+01 inf =   6.703e-02 (21344) 3
*329940: obj =   1.071633480e+01 inf =   6.922e-02 (21220) 2
*330173: obj =   1.071589575e+01 inf =   7.411e-02 (21208) 2
*330402: obj =   1.071573740e+01 inf =   7.502e-02 (21122) 2
*330635: obj =   1.071539779e+01 inf =   7.825e-02 (21069) 3
*330869: obj =   1.071515197e+01 inf =   8.031e-02 (21039) 2
*331099: obj =   1.071494449e+01 inf =   8.119e-02 (20947) 2
*331323: obj =   1.071483568e+01 inf =   7.972e-02 (20836) 3
*331555: obj =   1.071465227e+01 inf =   7.833e-02 (20744) 2
*331788: obj =   1.071436363e+01 inf =   8.043e-02 (20701) 2
*332019: obj =   1.071402129e+01 inf =   8.373e-02 (20596) 2
*332243: obj =   1.071378682e+01 inf =   8.545e-02 (20556) 3
*332470: obj =   1.071378682e+01 inf =   8.211e-02 (20479) 2
*332702: obj =   1.071370921e+01 inf =   7.973e-02 (20350) 2
*332935: obj =   1.071329375e+01 inf =   8.235e-02 (20256) 3
*333166: obj =   1.071303699e+01 inf =   8.423e-02 (20218) 2
*333395: obj =   1.071267750e+01 inf =   8.640e-02 (20139) 2
*333631: obj =   1.071235182e+01 inf =   8.842e-02 (20075) 2
*333859: obj =   1.071193954e+01 inf =   9.165e-02 (20011) 3
*334089: obj =   1.071167730e+01 inf =   9.335e-02 (19899) 2
*334319: obj =   1.071128443e+01 inf =   9.647e-02 (19804) 2
*334551: obj =   1.071100852e+01 inf =   9.828e-02 (19701) 3
*334780: obj =   1.071100692e+01 inf =   9.555e-02 (19589) 2
*335007: obj =   1.071092173e+01 inf =   9.189e-02 (19521) 2
*335232: obj =   1.071084482e+01 inf =   8.799e-02 (19395) 2
*335459: obj =   1.071072421e+01 inf =   8.567e-02 (19296) 2
*335686: obj =   1.071072327e+01 inf =   8.188e-02 (19173) 3
*335918: obj =   1.071047443e+01 inf =   7.933e-02 (19049) 2
*336145: obj =   1.071046831e+01 inf =   7.693e-02 (18979) 2
*336369: obj =   1.071046831e+01 inf =   7.309e-02 (18892) 3
*336602: obj =   1.071028241e+01 inf =   7.173e-02 (18813) 2
*336834: obj =   1.070999684e+01 inf =   7.102e-02 (18726) 2
*337062: obj =   1.070983119e+01 inf =   7.050e-02 (18552) 2
*337286: obj =   1.070951052e+01 inf =   6.980e-02 (18513) 3
*337517: obj =   1.070922468e+01 inf =   6.958e-02 (18477) 2
*337750: obj =   1.070886758e+01 inf =   6.990e-02 (18378) 2
*337980: obj =   1.070857588e+01 inf =   7.055e-02 (18353) 2
*338203: obj =   1.070853396e+01 inf =   7.012e-02 (18329) 3
*338427: obj =   1.070853396e+01 inf =   6.796e-02 (18207) 2
*338659: obj =   1.070845832e+01 inf =   6.373e-02 (18059) 2
*338887: obj =   1.070842454e+01 inf =   6.055e-02 (17974) 2
*339112: obj =   1.070819440e+01 inf =   5.905e-02 (17849) 3
*339341: obj =   1.070786642e+01 inf =   5.837e-02 (17821) 2
*339575: obj =   1.070769259e+01 inf =   5.818e-02 (17731) 2
*339804: obj =   1.070755564e+01 inf =   5.681e-02 (17606) 3
*340036: obj =   1.070725845e+01 inf =   5.658e-02 (17501) 2
*340264: obj =   1.070698937e+01 inf =   5.585e-02 (17440) 2
*340494: obj =   1.070672911e+01 inf =   5.552e-02 (17326) 2
*340722: obj =   1.070659888e+01 inf =   5.514e-02 (17265) 3
*340952: obj =   1.070645853e+01 inf =   5.565e-02 (17191) 2
*341183: obj =   1.070613797e+01 inf =   5.515e-02 (17092) 2
*341412: obj =   1.070570805e+01 inf =   5.446e-02 (17000) 2
*341627: obj =   1.070554016e+01 inf =   5.385e-02 (17137) 3
*341825: obj =   1.070548884e+01 inf =   5.321e-02 (17150) 2
*342030: obj =   1.070544399e+01 inf =   5.340e-02 (151458) 2
*342240: obj =   1.070535777e+01 inf =   5.366e-02 (16959) 2
*342448: obj =   1.070507917e+01 inf =   5.310e-02 (17934) 2
*342647: obj =   1.070491781e+01 inf =   5.310e-02 (16927) 1
*342835: obj =   1.070468247e+01 inf =   5.332e-02 (151981) 2
*343022: obj =   1.070450916e+01 inf =   5.373e-02 (151974) 2
*343209: obj =   1.070427381e+01 inf =   5.393e-02 (16688) 2
*343387: obj =   1.070393505e+01 inf =   5.386e-02 (16588) 2
*343570: obj =   1.070380513e+01 inf =   5.435e-02 (17019) 2
*343777: obj =   1.070371196e+01 inf =   5.438e-02 (16669) 2
*343982: obj =   1.070364023e+01 inf =   5.440e-02 (152204) 1
*344169: obj =   1.070330096e+01 inf =   5.377e-02 (16499) 2
*344341: obj =   1.070302993e+01 inf =   5.341e-02 (16420) 2
*344515: obj =   1.070282085e+01 inf =   5.337e-02 (152072) 2
*344702: obj =   1.070278282e+01 inf =   5.385e-02 (16473) 2
*344898: obj =   1.070248330e+01 inf =   5.353e-02 (16415) 2
*345093: obj =   1.070222685e+01 inf =   5.373e-02 (16346) 1
*345260: obj =   1.070205324e+01 inf =   5.363e-02 (16353) 2
*345459: obj =   1.070205102e+01 inf =   5.425e-02 (152341) 2
*345627: obj =   1.070189146e+01 inf =   5.376e-02 (16464) 2
*345829: obj =   1.070176297e+01 inf =   5.367e-02 (16311) 2
*346022: obj =   1.070154475e+01 inf =   5.326e-02 (16252) 1
*346187: obj =   1.070131256e+01 inf =   5.280e-02 (16197) 2
*346363: obj =   1.070116718e+01 inf =   5.331e-02 (152384) 2
*346544: obj =   1.070108495e+01 inf =   5.365e-02 (16093) 2
*346731: obj =   1.070101546e+01 inf =   5.346e-02 (16047) 1
*346893: obj =   1.070079842e+01 inf =   5.295e-02 (16045) 2
*347054: obj =   1.070071163e+01 inf =   5.328e-02 (16058) 2
*347244: obj =   1.070041144e+01 inf =   5.274e-02 (15955) 1
*347405: obj =   1.070020015e+01 inf =   5.255e-02 (15923) 2
*347577: obj =   1.070009260e+01 inf =   5.222e-02 (151462) 2
*347766: obj =   1.069995394e+01 inf =   5.144e-02 (151503) 2
*347959: obj =   1.069987584e+01 inf =   5.148e-02 (15975) 1
*348124: obj =   1.069963443e+01 inf =   5.113e-02 (15943) 2
*348289: obj =   1.069951570e+01 inf =   5.130e-02 (15950) 2
*348473: obj =   1.069928106e+01 inf =   5.102e-02 (15965) 2
*348676: obj =   1.069919465e+01 inf =   5.092e-02 (16021) 1
*348843: obj =   1.069904447e+01 inf =   5.094e-02 (15925) 2
*349009: obj =   1.069887807e+01 inf =   5.091e-02 (15921) 2
*349182: obj =   1.069865621e+01 inf =   5.101e-02 (15839) 2
*349373: obj =   1.069846312e+01 inf =   5.090e-02 (15757) 1
*349543: obj =   1.069827990e+01 inf =   5.077e-02 (15691) 2
*349714: obj =   1.069816940e+01 inf =   5.123e-02 (15629) 2
*349893: obj =   1.069796098e+01 inf =   5.132e-02 (15636) 2
*350088: obj =   1.069771944e+01 inf =   5.120e-02 (15633) 1
*350256: obj =   1.069748897e+01 inf =   5.139e-02 (15576) 2
*350424: obj =   1.069728558e+01 inf =   5.171e-02 (15520) 2
*350604: obj =   1.069726590e+01 inf =   5.199e-02 (15471) 2
*350797: obj =   1.069713635e+01 inf =   5.219e-02 (15410) 1
*350964: obj =   1.069695747e+01 inf =   5.217e-02 (15351) 2
*351130: obj =   1.069674864e+01 inf =   5.253e-02 (15320) 2
*351312: obj =   1.069661466e+01 inf =   5.273e-02 (15270) 2
*351533: obj =   1.069653191e+01 inf =   5.263e-02 (16404) 2
*351747: obj =   1.069634368e+01 inf =   5.299e-02 (15219) 2
*351965: obj =   1.069620915e+01 inf =   5.362e-02 (15145) 2
*352183: obj =   1.069610068e+01 inf =   5.446e-02 (15069) 2
*352403: obj =   1.069579763e+01 inf =   5.479e-02 (14983) 2
*352601: obj =   1.069570042e+01 inf =   5.528e-02 (14835) 2
*352793: obj =   1.069556902e+01 inf =   5.570e-02 (152106) 2
*352996: obj =   1.069555601e+01 inf =   5.538e-02 (152125) 2
*353189: obj =   1.069545341e+01 inf =   5.513e-02 (14670) 2
*353383: obj =   1.069541083e+01 inf =   5.592e-02 (152082) 1
*353576: obj =   1.069536797e+01 inf =   5.590e-02 (15417) 2
*353767: obj =   1.069525876e+01 inf =   5.510e-02 (14657) 2
*353951: obj =   1.069515691e+01 inf =   5.445e-02 (152263) 2
*354174: obj =   1.069508478e+01 inf =   5.066e-02 (14630) 2
*354401: obj =   1.069484020e+01 inf =   5.011e-02 (14537) 2
*354622: obj =   1.069465745e+01 inf =   4.977e-02 (14449) 2
*354838: obj =   1.069465323e+01 inf =   4.906e-02 (14398) 2
*355053: obj =   1.069449279e+01 inf =   4.774e-02 (152787) 2
*355266: obj =   1.069430437e+01 inf =   4.701e-02 (152955) 2
*355465: obj =   1.069421271e+01 inf =   4.655e-02 (14776) 2
*355673: obj =   1.069416327e+01 inf =   4.589e-02 (151795) 2
*355889: obj =   1.069404367e+01 inf =   4.551e-02 (151732) 2
*356107: obj =   1.069391597e+01 inf =   4.448e-02 (14260) 2
*356318: obj =   1.069381353e+01 inf =   4.372e-02 (14218) 2
*356531: obj =   1.069364563e+01 inf =   4.294e-02 (14772) 2
*356735: obj =   1.069355326e+01 inf =   4.205e-02 (14227) 2
*356950: obj =   1.069345034e+01 inf =   4.148e-02 (14110) 3
*357168: obj =   1.069323942e+01 inf =   4.108e-02 (151749) 2
*357377: obj =   1.069317776e+01 inf =   4.067e-02 (14106) 2
*357588: obj =   1.069306114e+01 inf =   3.980e-02 (14110) 2
*357800: obj =   1.069295768e+01 inf =   3.970e-02 (151417) 2
*358019: obj =   1.069283549e+01 inf =   3.930e-02 (13966) 2
*358238: obj =   1.069277219e+01 inf =   3.896e-02 (13951) 2
*358456: obj =   1.069260922e+01 inf =   3.879e-02 (151572) 2
*358650: obj =   1.069250152e+01 inf =   3.818e-02 (13787) 2
*358874: obj =   1.069232264e+01 inf =   3.791e-02 (13822) 2
*359098: obj =   1.069217722e+01 inf =   3.808e-02 (151447) 2
*359310: obj =   1.069213270e+01 inf =   3.793e-02 (13727) 2
*359533: obj =   1.069194125e+01 inf =   3.758e-02 (13765) 2
*359749: obj =   1.069185727e+01 inf =   3.748e-02 (13692) 2
*359967: obj =   1.069159684e+01 inf =   3.758e-02 (13704) 2
*360170: obj =   1.069158800e+01 inf =   3.735e-02 (151232) 2
*360386: obj =   1.069147233e+01 inf =   3.679e-02 (13528) 2
*360614: obj =   1.069134743e+01 inf =   3.688e-02 (13441) 2
*360841: obj =   1.069123038e+01 inf =   3.653e-02 (13347) 3
*361048: obj =   1.069120344e+01 inf =   3.653e-02 (151056) 2
*361259: obj =   1.069113000e+01 inf =   3.589e-02 (13356) 2
*361482: obj =   1.069098371e+01 inf =   3.600e-02 (13302) 2
*361691: obj =   1.069094964e+01 inf =   3.586e-02 (13305) 2
*361909: obj =   1.069077502e+01 inf =   3.583e-02 (13207) 2
*362125: obj =   1.069070662e+01 inf =   3.553e-02 (13198) 2
*362341: obj =   1.069053552e+01 inf =   3.467e-02 (13127) 2
*362562: obj =   1.069036743e+01 inf =   3.436e-02 (13044) 2
*362790: obj =   1.069023720e+01 inf =   3.459e-02 (13033) 2
*363008: obj =   1.069010073e+01 inf =   3.484e-02 (13068) 2
*363226: obj =   1.068994890e+01 inf =   3.498e-02 (12989) 2
*363440: obj =   1.068987251e+01 inf =   3.498e-02 (13012) 2
*363667: obj =   1.068972683e+01 inf =   3.525e-02 (12834) 2
*363887: obj =   1.068967311e+01 inf =   3.525e-02 (151149) 2
*364096: obj =   1.068962737e+01 inf =   3.494e-02 (12798) 3
*364316: obj =   1.068947631e+01 inf =   3.490e-02 (12799) 2
*364541: obj =   1.068936688e+01 inf =   3.494e-02 (12739) 2
*364775: obj =   1.068927407e+01 inf =   3.563e-02 (12895) 2
*365002: obj =   1.068918392e+01 inf =   3.532e-02 (12865) 2
*365227: obj =   1.068910596e+01 inf =   3.500e-02 (12806) 2
*365452: obj =   1.068890285e+01 inf =   3.545e-02 (12783) 2
*365688: obj =   1.068879968e+01 inf =   3.622e-02 (12820) 3
*365926: obj =   1.068865573e+01 inf =   3.674e-02 (12812) 2
*366162: obj =   1.068847598e+01 inf =   3.788e-02 (12768) 2
*366391: obj =   1.068836354e+01 inf =   3.844e-02 (13413) 2
*366603: obj =   1.068835821e+01 inf =   3.829e-02 (12507) 2
*366829: obj =   1.068834934e+01 inf =   3.806e-02 (151280) 2
*367050: obj =   1.068827087e+01 inf =   3.788e-02 (12501) 3
*367274: obj =   1.068824790e+01 inf =   3.806e-02 (151110) 2
*367492: obj =   1.068819289e+01 inf =   3.794e-02 (12385) 2
*367704: obj =   1.068815460e+01 inf =   3.747e-02 (12344) 2
*367919: obj =   1.068811690e+01 inf =   3.676e-02 (151137) 2
*368141: obj =   1.068803820e+01 inf =   3.625e-02 (12339) 2
*368367: obj =   1.068795476e+01 inf =   3.589e-02 (12318) 2
*368591: obj =   1.068785945e+01 inf =   3.556e-02 (12265) 2
*368814: obj =   1.068777184e+01 inf =   3.510e-02 (12179) 2
*369017: obj =   1.068776259e+01 inf =   3.497e-02 (150861) 2
*369195: obj =   1.068773421e+01 inf =   3.432e-02 (12231) 2
*369383: obj =   1.068766308e+01 inf =   3.323e-02 (12191) 1
*369566: obj =   1.068757888e+01 inf =   3.270e-02 (12166) 2
*369760: obj =   1.068750868e+01 inf =   3.219e-02 (151039) 2
*369923: obj =   1.068745829e+01 inf =   3.134e-02 (12199) 2
*370129: obj =   1.068740846e+01 inf =   3.075e-02 (151057) 1
*370321: obj =   1.068734477e+01 inf =   2.953e-02 (12230) 2
*370537: obj =   1.068724199e+01 inf =   2.896e-02 (12064) 2
*370746: obj =   1.068720974e+01 inf =   2.917e-02 (12428) 2
*370937: obj =   1.068715333e+01 inf =   2.883e-02 (11981) 2
*371156: obj =   1.068703042e+01 inf =   2.858e-02 (11899) 2
*371364: obj =   1.068701127e+01 inf =   2.864e-02 (151149) 2
*371568: obj =   1.068692901e+01 inf =   2.840e-02 (12012) 2
*371772: obj =   1.068686664e+01 inf =   2.802e-02 (11974) 2
*371973: obj =   1.068684224e+01 inf =   2.795e-02 (12060) 2
*372177: obj =   1.068675101e+01 inf =   2.777e-02 (12098) 2
*372379: obj =   1.068661951e+01 inf =   2.821e-02 (12042) 2
*372548: obj =   1.068658427e+01 inf =   2.839e-02 (11651) 2
*372760: obj =   1.068654254e+01 inf =   2.777e-02 (150400) 2
*372954: obj =   1.068645438e+01 inf =   2.802e-02 (150676) 1
*373157: obj =   1.068641777e+01 inf =   2.801e-02 (150610) 2
*373341: obj =   1.068626894e+01 inf =   2.776e-02 (150624) 2
*373525: obj =   1.068621456e+01 inf =   2.803e-02 (150499) 2
*373729: obj =   1.068615436e+01 inf =   2.820e-02 (150349) 2
*373921: obj =   1.068609708e+01 inf =   2.824e-02 (12049) 2
*374110: obj =   1.068598662e+01 inf =   2.844e-02 (150312) 1
*374306: obj =   1.068585379e+01 inf =   2.906e-02 (150372) 2
*374486: obj =   1.068576554e+01 inf =   2.959e-02 (11506) 2
*374643: obj =   1.068572652e+01 inf =   2.942e-02 (11568) 2
*374846: obj =   1.068564859e+01 inf =   2.976e-02 (11721) 2
*375047: obj =   1.068558328e+01 inf =   3.026e-02 (11579) 1
*375203: obj =   1.068550030e+01 inf =   3.088e-02 (11547) 2
*375376: obj =   1.068542660e+01 inf =   3.126e-02 (11515) 2
*375556: obj =   1.068535218e+01 inf =   3.191e-02 (11381) 1
*375716: obj =   1.068528230e+01 inf =   3.271e-02 (11312) 2
*375871: obj =   1.068521003e+01 inf =   3.320e-02 (11484) 2
*376060: obj =   1.068514094e+01 inf =   3.424e-02 (11428) 1
*376218: obj =   1.068507628e+01 inf =   3.516e-02 (11405) 2
*376373: obj =   1.068499046e+01 inf =   3.602e-02 (11404) 2
*376559: obj =   1.068491044e+01 inf =   3.641e-02 (11385) 1
*376741: obj =   1.068487699e+01 inf =   3.665e-02 (11337) 2
*376902: obj =   1.068484758e+01 inf =   3.686e-02 (11421) 2
*377080: obj =   1.068479625e+01 inf =   3.722e-02 (150840) 2
*377268: obj =   1.068476094e+01 inf =   3.694e-02 (11488) 1
*377429: obj =   1.068469938e+01 inf =   3.693e-02 (11884) 2
*377591: obj =   1.068467734e+01 inf =   3.701e-02 (11399) 2
*377773: obj =   1.068462541e+01 inf =   3.707e-02 (11235) 1
*377943: obj =   1.068456430e+01 inf =   3.733e-02 (10957) 2
*378103: obj =   1.068453057e+01 inf =   3.717e-02 (10982) 2
*378299: obj =   1.068450272e+01 inf =   3.661e-02 (11020) 1
*378473: obj =   1.068444052e+01 inf =   3.654e-02 (11331) 2
*378656: obj =   1.068442467e+01 inf =   3.620e-02 (10906) 2
*378817: obj =   1.068437365e+01 inf =   3.581e-02 (10942) 2
*379006: obj =   1.068432821e+01 inf =   3.592e-02 (150447) 1
*379200: obj =   1.068427136e+01 inf =   3.584e-02 (150611) 2
*379364: obj =   1.068423581e+01 inf =   3.604e-02 (11514) 2
*379540: obj =   1.068417635e+01 inf =   3.600e-02 (11481) 2
*379744: obj =   1.068412973e+01 inf =   3.648e-02 (150416) 2
*379929: obj =   1.068403160e+01 inf =   3.708e-02 (150454) 1
*380092: obj =   1.068399696e+01 inf =   3.713e-02 (11147) 2
*380265: obj =   1.068393641e+01 inf =   3.744e-02 (11015) 2
*380455: obj =   1.068389902e+01 inf =   3.797e-02 (11008) 1
*380615: obj =   1.068384126e+01 inf =   3.824e-02 (11146) 2
*380779: obj =   1.068381223e+01 inf =   3.846e-02 (11015) 2
*380965: obj =   1.068381088e+01 inf =   3.848e-02 (11284) 2
*381165: obj =   1.068378210e+01 inf =   3.789e-02 (11329) 1
*381325: obj =   1.068370136e+01 inf =   3.798e-02 (11213) 2
*381515: obj =   1.068362780e+01 inf =   3.838e-02 (10559) 2
*381687: obj =   1.068361757e+01 inf =   3.829e-02 (10536) 2
*381877: obj =   1.068356497e+01 inf =   3.859e-02 (10491) 1
*382052: obj =   1.068351854e+01 inf =   3.879e-02 (10413) 2
*382211: obj =   1.068348028e+01 inf =   3.891e-02 (10342) 2
*382398: obj =   1.068341512e+01 inf =   3.996e-02 (10298) 2
*382596: obj =   1.068339083e+01 inf =   4.019e-02 (150396) 1
*382778: obj =   1.068334992e+01 inf =   4.033e-02 (10196) 2
*382961: obj =   1.068329886e+01 inf =   4.075e-02 (10266) 2
*383121: obj =   1.068326672e+01 inf =   4.102e-02 (10080) 2
*383315: obj =   1.068322323e+01 inf =   4.170e-02 (10020) 1
*383482: obj =   1.068316751e+01 inf =   4.292e-02 (10016) 2
*383649: obj =   1.068313634e+01 inf =   4.324e-02 (9906) 2
*383825: obj =   1.068310744e+01 inf =   4.432e-02 (10146) 2
*384021: obj =   1.068309157e+01 inf =   4.416e-02 (10065) 1
*384189: obj =   1.068306279e+01 inf =   4.475e-02 (9964) 2
*384358: obj =   1.068301372e+01 inf =   4.585e-02 (9982) 2
*384533: obj =   1.068297392e+01 inf =   4.693e-02 (9959) 2
*384735: obj =   1.068296481e+01 inf =   4.617e-02 (10231) 1
*384920: obj =   1.068295298e+01 inf =   4.573e-02 (149904) 2
*385087: obj =   1.068293294e+01 inf =   4.576e-02 (10087) 2
*385255: obj =   1.068293241e+01 inf =   4.435e-02 (10072) 2
*385450: obj =   1.068287508e+01 inf =   4.407e-02 (10004) 1
*385621: obj =   1.068285908e+01 inf =   4.374e-02 (9871) 2
*385786: obj =   1.068282102e+01 inf =   4.352e-02 (9883) 2
*385969: obj =   1.068280388e+01 inf =   4.387e-02 (150851) 2
*386166: obj =   1.068278843e+01 inf =   4.334e-02 (151284) 2
*386389: obj =   1.068274551e+01 inf =   4.354e-02 (150375) 2
*386579: obj =   1.068268996e+01 inf =   4.313e-02 (150300) 2
*386780: obj =   1.068265046e+01 inf =   4.196e-02 (10008) 1
*387012: obj =   1.068259805e+01 inf =   4.175e-02 (150441) 3
*387221: obj =   1.068248357e+01 inf =   4.185e-02 (10610) 2
*387441: obj =   1.068240888e+01 inf =   4.330e-02 (10542) 2
*387649: obj =   1.068239678e+01 inf =   4.331e-02 (9985) 2
*387865: obj =   1.068239330e+01 inf =   4.319e-02 (150493) 2
*388080: obj =   1.068237528e+01 inf =   4.305e-02 (9897) 2
*388294: obj =   1.068235157e+01 inf =   4.251e-02 (151108) 2
*388518: obj =   1.068229133e+01 inf =   4.216e-02 (9695) 2
*388725: obj =   1.068225401e+01 inf =   4.253e-02 (10545) 2
*388963: obj =   1.068221863e+01 inf =   4.179e-02 (150477) 2
*389194: obj =   1.068216737e+01 inf =   4.090e-02 (150217) 3
*389421: obj =   1.068208980e+01 inf =   4.013e-02 (10151) 2
*389618: obj =   1.068205035e+01 inf =   3.952e-02 (150187) 2
*389849: obj =   1.068202197e+01 inf =   3.932e-02 (10086) 2
*390071: obj =   1.068193485e+01 inf =   3.888e-02 (10036) 2
*390293: obj =   1.068186486e+01 inf =   3.878e-02 (10056) 2
*390520: obj =   1.068183517e+01 inf =   3.881e-02 (9486) 2
*390739: obj =   1.068178397e+01 inf =   3.859e-02 (9729) 2
*390965: obj =   1.068173468e+01 inf =   3.862e-02 (9617) 2
*391186: obj =   1.068168117e+01 inf =   3.844e-02 (9630) 2
*391407: obj =   1.068165984e+01 inf =   3.864e-02 (9580) 3
*391616: obj =   1.068159205e+01 inf =   3.873e-02 (9528) 2
*391836: obj =   1.068155249e+01 inf =   3.917e-02 (150145) 2
*392050: obj =   1.068148243e+01 inf =   3.954e-02 (9301) 2
*392266: obj =   1.068142340e+01 inf =   4.004e-02 (9327) 2
*392488: obj =   1.068142287e+01 inf =   3.997e-02 (9341) 2
*392695: obj =   1.068137672e+01 inf =   3.974e-02 (9309) 2
*392911: obj =   1.068133202e+01 inf =   3.980e-02 (9290) 2
*393130: obj =   1.068130984e+01 inf =   4.032e-02 (150087) 2
*393351: obj =   1.068127871e+01 inf =   4.024e-02 (150061) 2
*393563: obj =   1.068125195e+01 inf =   3.965e-02 (9230) 2
*393767: obj =   1.068121508e+01 inf =   3.930e-02 (149877) 2
*393980: obj =   1.068116269e+01 inf =   3.907e-02 (9159) 2
*394193: obj =   1.068113130e+01 inf =   3.922e-02 (9017) 2
*394404: obj =   1.068109258e+01 inf =   3.914e-02 (150185) 2
*394620: obj =   1.068107213e+01 inf =   3.929e-02 (9002) 2
*394807: obj =   1.068104219e+01 inf =   3.892e-02 (9009) 2
*394978: obj =   1.068101477e+01 inf =   3.877e-02 (9015) 1
*395186: obj =   1.068097916e+01 inf =   3.915e-02 (8918) 3
*395392: obj =   1.068096136e+01 inf =   3.938e-02 (8994) 2
*395606: obj =   1.068094291e+01 inf =   3.939e-02 (8878) 2
*395827: obj =   1.068091131e+01 inf =   3.922e-02 (8999) 2
*396041: obj =   1.068086908e+01 inf =   3.924e-02 (8965) 2
*396261: obj =   1.068084651e+01 inf =   3.953e-02 (8875) 2
*396477: obj =   1.068081080e+01 inf =   3.973e-02 (8893) 2
*396669: obj =   1.068081053e+01 inf =   3.946e-02 (9380) 2
*396887: obj =   1.068079889e+01 inf =   3.895e-02 (8830) 2
*397108: obj =   1.068077283e+01 inf =   3.844e-02 (8971) 2
*397313: obj =   1.068070317e+01 inf =   3.836e-02 (149873) 2
*397516: obj =   1.068065035e+01 inf =   3.918e-02 (8758) 2
*397714: obj =   1.068061269e+01 inf =   3.908e-02 (8681) 2
*397923: obj =   1.068057346e+01 inf =   3.985e-02 (8568) 2
*398137: obj =   1.068053813e+01 inf =   3.999e-02 (8579) 2
*398349: obj =   1.068049022e+01 inf =   4.011e-02 (8565) 2
*398550: obj =   1.068045417e+01 inf =   4.050e-02 (8539) 2
*398751: obj =   1.068042112e+01 inf =   4.107e-02 (8594) 2
*398971: obj =   1.068042083e+01 inf =   4.089e-02 (8681) 2
*399183: obj =   1.068038656e+01 inf =   4.121e-02 (149584) 2
*399404: obj =   1.068038640e+01 inf =   4.111e-02 (8527) 2
*399622: obj =   1.068037778e+01 inf =   4.028e-02 (149831) 2
*399818: obj =   1.068034523e+01 inf =   4.003e-02 (8465) 2
*400024: obj =   1.068031209e+01 inf =   4.048e-02 (8408) 2
*400236: obj =   1.068028781e+01 inf =   4.041e-02 (8488) 2
*400434: obj =   1.068024751e+01 inf =   4.057e-02 (8391) 2
*400648: obj =   1.068021886e+01 inf =   4.032e-02 (8346) 2
*400845: obj =   1.068018509e+01 inf =   4.083e-02 (8618) 2
*401062: obj =   1.068016085e+01 inf =   4.085e-02 (8587) 2
*401285: obj =   1.068016085e+01 inf =   4.014e-02 (8568) 2
*401511: obj =   1.068013560e+01 inf =   4.029e-02 (9547) 2
*401740: obj =   1.068011275e+01 inf =   3.955e-02 (8513) 2
*401964: obj =   1.068008394e+01 inf =   3.950e-02 (8476) 2
*402187: obj =   1.068003879e+01 inf =   4.031e-02 (8382) 2
*402399: obj =   1.068001317e+01 inf =   4.144e-02 (150057) 2
*402567: obj =   1.067998942e+01 inf =   4.183e-02 (149847) 2
*402787: obj =   1.067996059e+01 inf =   4.183e-02 (8632) 2
*403012: obj =   1.067992032e+01 inf =   4.203e-02 (8660) 2
*403234: obj =   1.067987501e+01 inf =   4.197e-02 (8585) 2
*403445: obj =   1.067982842e+01 inf =   4.204e-02 (150302) 2
*403649: obj =   1.067981378e+01 inf =   4.309e-02 (8452) 2
*403834: obj =   1.067979570e+01 inf =   4.359e-02 (9566) 2
*404003: obj =   1.067977436e+01 inf =   4.416e-02 (149819) 1
*404112: obj =   1.067975966e+01 inf =   4.440e-02 (149983) 2
*404232: obj =   1.067972058e+01 inf =   4.487e-02 (10549) 1
*404407: obj =   1.067969553e+01 inf =   4.465e-02 (149809) 1
*404580: obj =   1.067966422e+01 inf =   4.444e-02 (149981) 2
*404752: obj =   1.067962928e+01 inf =   4.448e-02 (150041) 2
*404929: obj =   1.067959608e+01 inf =   4.428e-02 (150149) 2
*405100: obj =   1.067958807e+01 inf =   4.383e-02 (150025) 1
*405262: obj =   1.067958789e+01 inf =   4.385e-02 (150085) 2
*405435: obj =   1.067954527e+01 inf =   4.369e-02 (150334) 2
*405642: obj =   1.067952671e+01 inf =   4.409e-02 (7954) 2
*405848: obj =   1.067950062e+01 inf =   4.349e-02 (7855) 2
*406056: obj =   1.067948000e+01 inf =   4.400e-02 (8611) 2
*406257: obj =   1.067945450e+01 inf =   4.393e-02 (7812) 1
*406474: obj =   1.067941119e+01 inf =   4.382e-02 (7769) 2
*406677: obj =   1.067940916e+01 inf =   4.388e-02 (8231) 2
*406884: obj =   1.067940430e+01 inf =   4.282e-02 (8434) 2
*407079: obj =   1.067938778e+01 inf =   4.195e-02 (7810) 2
*407275: obj =   1.067935514e+01 inf =   4.165e-02 (7827) 2
*407470: obj =   1.067932857e+01 inf =   4.227e-02 (7798) 2
*407661: obj =   1.067932399e+01 inf =   4.220e-02 (8234) 2
*407884: obj =   1.067930618e+01 inf =   4.206e-02 (8543) 2
*408092: obj =   1.067928269e+01 inf =   4.235e-02 (7772) 2
*408301: obj =   1.067925649e+01 inf =   4.229e-02 (8194) 2
*408507: obj =   1.067923832e+01 inf =   4.237e-02 (8220) 2
*408714: obj =   1.067922470e+01 inf =   4.171e-02 (8085) 2
*408924: obj =   1.067920345e+01 inf =   4.234e-02 (8009) 2
*409142: obj =   1.067918306e+01 inf =   4.197e-02 (8110) 2
*409354: obj =   1.067917189e+01 inf =   4.186e-02 (8106) 2
*409559: obj =   1.067914705e+01 inf =   4.171e-02 (7742) 2
*409761: obj =   1.067914042e+01 inf =   4.164e-02 (7984) 2
*409980: obj =   1.067911512e+01 inf =   4.140e-02 (7855) 2
*410204: obj =   1.067910454e+01 inf =   4.153e-02 (8008) 2
*410413: obj =   1.067908291e+01 inf =   4.131e-02 (7745) 2
*410633: obj =   1.067906379e+01 inf =   4.143e-02 (7978) 2
*410851: obj =   1.067903927e+01 inf =   4.146e-02 (7551) 2
*411066: obj =   1.067902515e+01 inf =   4.161e-02 (7869) 2
*411271: obj =   1.067901388e+01 inf =   4.147e-02 (7538) 2
*411412: obj =   1.067900863e+01 inf =   4.166e-02 (7476) 2
*411619: obj =   1.067898656e+01 inf =   4.125e-02 (7532) 2
*411826: obj =   1.067896595e+01 inf =   4.076e-02 (7464) 2
*412038: obj =   1.067894387e+01 inf =   4.057e-02 (7782) 2
*412304: obj =   1.067891219e+01 inf =   3.816e-02 (20523) 2
*412566: obj =   1.067875458e+01 inf =   3.672e-02 (20507) 3
*412801: obj =   1.067827372e+01 inf =   3.602e-02 (20539) 2
*413033: obj =   1.067690719e+01 inf =   3.590e-02 (20532) 2
*413258: obj =   1.067595941e+01 inf =   3.580e-02 (20566) 3
*413486: obj =   1.067451410e+01 inf =   3.569e-02 (20614) 2
*413719: obj =   1.067310684e+01 inf =   3.586e-02 (20549) 2
*413951: obj =   1.067112066e+01 inf =   3.624e-02 (20510) 3
*414181: obj =   1.066945104e+01 inf =   3.691e-02 (20467) 2
*414408: obj =   1.066801679e+01 inf =   3.741e-02 (20416) 2
*414640: obj =   1.066733301e+01 inf =   3.769e-02 (20451) 2
*414866: obj =   1.066624715e+01 inf =   3.773e-02 (20381) 3
*415073: obj =   1.066612611e+01 inf =   3.707e-02 (20358) 2
*415300: obj =   1.066496914e+01 inf =   3.754e-02 (20228) 2
*415528: obj =   1.066339338e+01 inf =   3.770e-02 (20199) 2
*415762: obj =   1.066122525e+01 inf =   3.774e-02 (20226) 2
*415987: obj =   1.065997729e+01 inf =   3.837e-02 (20109) 3
*416214: obj =   1.065922846e+01 inf =   3.874e-02 (19976) 2
*416441: obj =   1.065735954e+01 inf =   3.918e-02 (19982) 2
*416674: obj =   1.065582797e+01 inf =   3.967e-02 (20003) 2
*416902: obj =   1.065358460e+01 inf =   4.096e-02 (19983) 3
*417131: obj =   1.065213613e+01 inf =   4.213e-02 (19870) 2
*417359: obj =   1.065080626e+01 inf =   4.321e-02 (19837) 2
*417573: obj =   1.065004323e+01 inf =   4.384e-02 (19712) 2
*417800: obj =   1.064909177e+01 inf =   4.468e-02 (19645) 3
*418030: obj =   1.064770787e+01 inf =   4.583e-02 (19670) 2
*418258: obj =   1.064692901e+01 inf =   4.680e-02 (19617) 2
*418485: obj =   1.064553215e+01 inf =   4.828e-02 (19546) 2
*418694: obj =   1.064517894e+01 inf =   4.800e-02 (19491) 2
*418868: obj =   1.064438451e+01 inf =   4.868e-02 (19410) 2
*419094: obj =   1.064438204e+01 inf =   4.778e-02 (19312) 2
*419315: obj =   1.064437725e+01 inf =   4.697e-02 (19325) 3
*419541: obj =   1.064361993e+01 inf =   4.658e-02 (19271) 2
*419774: obj =   1.064304439e+01 inf =   4.661e-02 (19103) 2
*420004: obj =   1.064241905e+01 inf =   4.587e-02 (19014) 2
*420228: obj =   1.064130585e+01 inf =   4.617e-02 (18907) 3
*420455: obj =   1.063982409e+01 inf =   4.638e-02 (18822) 2
*420643: obj =   1.063900478e+01 inf =   4.670e-02 (18762) 2
*420800: obj =   1.063847907e+01 inf =   4.662e-02 (18744) 1
*421003: obj =   1.063764365e+01 inf =   4.713e-02 (18646) 2
*421226: obj =   1.063639357e+01 inf =   4.752e-02 (18598) 3
*421453: obj =   1.063577461e+01 inf =   4.796e-02 (18547) 2
*421686: obj =   1.063514189e+01 inf =   4.777e-02 (18512) 2
*421916: obj =   1.063431485e+01 inf =   4.800e-02 (18453) 2
*422141: obj =   1.063310194e+01 inf =   4.799e-02 (18404) 3
*422369: obj =   1.063119637e+01 inf =   4.873e-02 (18370) 2
*422599: obj =   1.062992903e+01 inf =   4.961e-02 (18278) 2
*422830: obj =   1.062918659e+01 inf =   5.016e-02 (18229) 2
*423055: obj =   1.062795875e+01 inf =   5.109e-02 (18181) 3
*423281: obj =   1.062722848e+01 inf =   5.187e-02 (18134) 2
*423506: obj =   1.062658591e+01 inf =   5.211e-02 (17976) 2
*423738: obj =   1.062597497e+01 inf =   5.268e-02 (17933) 2
*423962: obj =   1.062525323e+01 inf =   5.344e-02 (17790) 3
*424190: obj =   1.062405341e+01 inf =   5.465e-02 (17772) 2
*424416: obj =   1.062325149e+01 inf =   5.575e-02 (17633) 2
*424598: obj =   1.062267958e+01 inf =   5.633e-02 (17619) 2
*424828: obj =   1.062170943e+01 inf =   5.778e-02 (17475) 2
*425056: obj =   1.062124027e+01 inf =   5.834e-02 (17467) 2
*425280: obj =   1.062015858e+01 inf =   5.971e-02 (17382) 3
*425508: obj =   1.061886579e+01 inf =   6.186e-02 (17417) 2
*425742: obj =   1.061756436e+01 inf =   6.422e-02 (17323) 2
*425971: obj =   1.061639865e+01 inf =   6.712e-02 (17258) 3
*426200: obj =   1.061524440e+01 inf =   7.006e-02 (17209) 2
*426428: obj =   1.061381992e+01 inf =   7.406e-02 (17130) 2
*426658: obj =   1.061337913e+01 inf =   7.492e-02 (17056) 2
*426884: obj =   1.061272919e+01 inf =   7.652e-02 (16969) 3
*427113: obj =   1.061152853e+01 inf =   7.995e-02 (16913) 2
*427340: obj =   1.061086820e+01 inf =   8.187e-02 (16857) 2
*427570: obj =   1.060970622e+01 inf =   8.573e-02 (16788) 2
*427799: obj =   1.060884906e+01 inf =   8.887e-02 (16720) 3
*428031: obj =   1.060743276e+01 inf =   9.381e-02 (16762) 2
*428260: obj =   1.060632730e+01 inf =   9.831e-02 (16711) 2
*428489: obj =   1.060523251e+01 inf =   1.029e-01 (16660) 2
*428720: obj =   1.060397580e+01 inf =   1.087e-01 (16601) 3
*428952: obj =   1.060373226e+01 inf =   1.095e-01 (16551) 2
*429182: obj =   1.060289852e+01 inf =   1.115e-01 (16468) 2
*429406: obj =   1.060268765e+01 inf =   1.122e-01 (16389) 3
*429638: obj =   1.060236062e+01 inf =   1.116e-01 (16366) 2
*429873: obj =   1.060106931e+01 inf =   1.159e-01 (16333) 2
*430103: obj =   1.060064747e+01 inf =   1.177e-01 (16254) 2
*430328: obj =   1.059958290e+01 inf =   1.218e-01 (16261) 3
*430560: obj =   1.059875843e+01 inf =   1.242e-01 (16181) 2
*430797: obj =   1.059778663e+01 inf =   1.285e-01 (16098) 2
*431024: obj =   1.059777237e+01 inf =   1.264e-01 (16046) 3
*431256: obj =   1.059716380e+01 inf =   1.272e-01 (15987) 2
*431490: obj =   1.059608431e+01 inf =   1.309e-01 (15912) 2
*431729: obj =   1.059529229e+01 inf =   1.344e-01 (15771) 3
*431965: obj =   1.059485311e+01 inf =   1.364e-01 (15732) 2
*432197: obj =   1.059467928e+01 inf =   1.352e-01 (15653) 2
*432432: obj =   1.059367637e+01 inf =   1.382e-01 (15586) 2
*432669: obj =   1.059287686e+01 inf =   1.416e-01 (15464) 3
*432913: obj =   1.059218831e+01 inf =   1.445e-01 (15398) 2
*433151: obj =   1.059149241e+01 inf =   1.478e-01 (15335) 3
*433390: obj =   1.059120860e+01 inf =   1.482e-01 (15249) 2
*433635: obj =   1.059038698e+01 inf =   1.514e-01 (15155) 2
*433875: obj =   1.058987525e+01 inf =   1.539e-01 (15086) 3
*434118: obj =   1.058908312e+01 inf =   1.572e-01 (15010) 2
*434358: obj =   1.058824644e+01 inf =   1.616e-01 (14957) 3
*434601: obj =   1.058783532e+01 inf =   1.633e-01 (14770) 2
*434861: obj =   1.058711773e+01 inf =   1.662e-01 (14787) 2
*435111: obj =   1.058670078e+01 inf =   1.676e-01 (14768) 3
*435366: obj =   1.058641174e+01 inf =   1.665e-01 (14659) 2
*435621: obj =   1.058576273e+01 inf =   1.676e-01 (14579) 3
*435882: obj =   1.058474495e+01 inf =   1.701e-01 (14461) 3
*436144: obj =   1.058424345e+01 inf =   1.717e-01 (14417) 2
*436406: obj =   1.058344202e+01 inf =   1.740e-01 (14335) 3
*436676: obj =   1.058275381e+01 inf =   1.757e-01 (14245) 2
*436947: obj =   1.058215626e+01 inf =   1.778e-01 (14134) 3
*437214: obj =   1.058176085e+01 inf =   1.792e-01 (14036) 3
*437486: obj =   1.058119471e+01 inf =   1.809e-01 (13966) 2
*437759: obj =   1.058089281e+01 inf =   1.813e-01 (13920) 3
*438036: obj =   1.058050767e+01 inf =   1.814e-01 (13853) 3
*438297: obj =   1.058025243e+01 inf =   1.798e-01 (13975) 2
*438540: obj =   1.057940578e+01 inf =   1.815e-01 (13991) 3
*438789: obj =   1.057866158e+01 inf =   1.831e-01 (14000) 2
*439027: obj =   1.057799049e+01 inf =   1.851e-01 (13970) 3
*439264: obj =   1.057708339e+01 inf =   1.873e-01 (13921) 2
*439497: obj =   1.057680369e+01 inf =   1.875e-01 (13893) 2
*439732: obj =   1.057571970e+01 inf =   1.911e-01 (13853) 3
*439969: obj =   1.057489986e+01 inf =   1.940e-01 (13852) 2
*440159: obj =   1.057421171e+01 inf =   1.963e-01 (13779) 2
*440323: obj =   1.057365190e+01 inf =   1.981e-01 (13793) 1
*440547: obj =   1.057326653e+01 inf =   1.980e-01 (13712) 3
*440781: obj =   1.057295779e+01 inf =   1.958e-01 (13674) 2
*441012: obj =   1.057257384e+01 inf =   1.937e-01 (13563) 2
*441241: obj =   1.057200447e+01 inf =   1.918e-01 (13582) 2
*441464: obj =   1.057169661e+01 inf =   1.899e-01 (13532) 3
*441695: obj =   1.057152695e+01 inf =   1.852e-01 (13506) 2
*441924: obj =   1.057132369e+01 inf =   1.817e-01 (13414) 2
*442154: obj =   1.057065050e+01 inf =   1.807e-01 (13329) 2
*442377: obj =   1.057031556e+01 inf =   1.782e-01 (13303) 3
*442607: obj =   1.056977791e+01 inf =   1.754e-01 (13283) 2
*442839: obj =   1.056898981e+01 inf =   1.754e-01 (13251) 2
*443068: obj =   1.056855494e+01 inf =   1.745e-01 (13212) 2
*443293: obj =   1.056798614e+01 inf =   1.728e-01 (13078) 3
*443517: obj =   1.056787096e+01 inf =   1.677e-01 (13018) 2
*443748: obj =   1.056763859e+01 inf =   1.636e-01 (12994) 2
*443978: obj =   1.056724983e+01 inf =   1.620e-01 (12898) 2
*444201: obj =   1.056704219e+01 inf =   1.576e-01 (12834) 3
*444426: obj =   1.056679790e+01 inf =   1.535e-01 (12809) 2
*444656: obj =   1.056654815e+01 inf =   1.491e-01 (12763) 2
*444889: obj =   1.056593634e+01 inf =   1.475e-01 (12811) 2
*445115: obj =   1.056531033e+01 inf =   1.465e-01 (12832) 3
*445343: obj =   1.056488682e+01 inf =   1.453e-01 (12865) 2
*445571: obj =   1.056440709e+01 inf =   1.435e-01 (12818) 2
*445803: obj =   1.056402191e+01 inf =   1.416e-01 (12779) 2
*446028: obj =   1.056374146e+01 inf =   1.392e-01 (12725) 3
*446255: obj =   1.056345403e+01 inf =   1.339e-01 (12640) 2
*446484: obj =   1.056285662e+01 inf =   1.327e-01 (12622) 2
*446718: obj =   1.056230012e+01 inf =   1.315e-01 (12537) 2
*446945: obj =   1.056195459e+01 inf =   1.306e-01 (12531) 3
*447176: obj =   1.056130303e+01 inf =   1.297e-01 (12515) 2
*447401: obj =   1.056122614e+01 inf =   1.276e-01 (12465) 2
*447628: obj =   1.056120371e+01 inf =   1.201e-01 (12316) 2
*447855: obj =   1.056088781e+01 inf =   1.175e-01 (12213) 3
*448086: obj =   1.056036179e+01 inf =   1.154e-01 (12199) 2
*448313: obj =   1.056004407e+01 inf =   1.139e-01 (12141) 2
*448542: obj =   1.055944192e+01 inf =   1.124e-01 (12068) 2
*448771: obj =   1.055923039e+01 inf =   1.113e-01 (12135) 3
*449003: obj =   1.055855863e+01 inf =   1.096e-01 (12147) 2
*449231: obj =   1.055826466e+01 inf =   1.087e-01 (12037) 2
*449459: obj =   1.055779118e+01 inf =   1.075e-01 (11950) 2
*449684: obj =   1.055775273e+01 inf =   1.038e-01 (11875) 3
*449914: obj =   1.055765286e+01 inf =   9.910e-02 (11759) 2
*450145: obj =   1.055720827e+01 inf =   9.678e-02 (11832) 2
*450374: obj =   1.055690686e+01 inf =   9.608e-02 (11747) 3
*450606: obj =   1.055645362e+01 inf =   9.455e-02 (11741) 2
*450841: obj =   1.055608196e+01 inf =   9.377e-02 (11688) 2
*451071: obj =   1.055576749e+01 inf =   9.295e-02 (11625) 2
*451297: obj =   1.055534580e+01 inf =   9.251e-02 (11628) 3
*451522: obj =   1.055520181e+01 inf =   9.243e-02 (11673) 2
*451755: obj =   1.055481745e+01 inf =   9.109e-02 (11576) 2
*451984: obj =   1.055460017e+01 inf =   9.095e-02 (11574) 2
*452209: obj =   1.055420560e+01 inf =   9.048e-02 (11521) 3
*452436: obj =   1.055394346e+01 inf =   9.013e-02 (11561) 2
*452669: obj =   1.055352128e+01 inf =   8.938e-02 (11506) 2
*452899: obj =   1.055314166e+01 inf =   8.912e-02 (11498) 3
*453128: obj =   1.055292024e+01 inf =   8.884e-02 (11518) 2
*453356: obj =   1.055254099e+01 inf =   8.817e-02 (11528) 2
*453585: obj =   1.055220848e+01 inf =   8.805e-02 (11492) 2
*453812: obj =   1.055203888e+01 inf =   8.768e-02 (11416) 3
*454041: obj =   1.055173115e+01 inf =   8.662e-02 (11392) 2
*454269: obj =   1.055142181e+01 inf =   8.668e-02 (11312) 2
*454496: obj =   1.055109601e+01 inf =   8.660e-02 (11292) 2
*454724: obj =   1.055090501e+01 inf =   8.604e-02 (11200) 3
*454955: obj =   1.055067416e+01 inf =   8.548e-02 (11132) 2
*455114: obj =   1.055045258e+01 inf =   8.469e-02 (11113) 1
*455336: obj =   1.055026405e+01 inf =   8.335e-02 (11057) 3
*455529: obj =   1.055001467e+01 inf =   8.262e-02 (11064) 2
*455708: obj =   1.054974759e+01 inf =   8.228e-02 (11044) 1
*455917: obj =   1.054972849e+01 inf =   8.088e-02 (11051) 2
*456137: obj =   1.054972702e+01 inf =   7.639e-02 (10915) 3
*456359: obj =   1.054972590e+01 inf =   6.791e-02 (10881) 2
*456586: obj =   1.054946536e+01 inf =   6.546e-02 (10804) 2
*456819: obj =   1.054921797e+01 inf =   6.451e-02 (10708) 2
*457049: obj =   1.054891805e+01 inf =   6.334e-02 (10721) 2
*457271: obj =   1.054870304e+01 inf =   6.258e-02 (10660) 3
*457496: obj =   1.054854605e+01 inf =   6.137e-02 (10589) 2
*457730: obj =   1.054838833e+01 inf =   6.117e-02 (10486) 2
*457959: obj =   1.054805284e+01 inf =   6.063e-02 (10467) 3
*458189: obj =   1.054775124e+01 inf =   6.053e-02 (10434) 2
*458417: obj =   1.054737919e+01 inf =   6.034e-02 (10528) 2
*458646: obj =   1.054736194e+01 inf =   5.963e-02 (10471) 2
*458875: obj =   1.054702907e+01 inf =   5.889e-02 (10395) 3
*459105: obj =   1.054674761e+01 inf =   5.925e-02 (10341) 2
*459335: obj =   1.054644271e+01 inf =   5.911e-02 (10346) 2
*459562: obj =   1.054635748e+01 inf =   5.936e-02 (10330) 2
*459794: obj =   1.054601336e+01 inf =   5.916e-02 (10331) 3
*460026: obj =   1.054571387e+01 inf =   5.959e-02 (10302) 2
*460256: obj =   1.054533249e+01 inf =   6.018e-02 (10327) 2
*460482: obj =   1.054517065e+01 inf =   6.053e-02 (10237) 2
*460710: obj =   1.054482777e+01 inf =   6.094e-02 (10254) 3
*460943: obj =   1.054447275e+01 inf =   6.172e-02 (10240) 2
*461172: obj =   1.054428927e+01 inf =   6.206e-02 (10231) 2
*461396: obj =   1.054402455e+01 inf =   6.293e-02 (10167) 3
*461625: obj =   1.054375100e+01 inf =   6.379e-02 (10109) 2
*461857: obj =   1.054356027e+01 inf =   6.477e-02 (10028) 2
*462083: obj =   1.054356027e+01 inf =   6.388e-02 (10052) 2
*462304: obj =   1.054355976e+01 inf =   6.238e-02 (10080) 3
*462529: obj =   1.054352206e+01 inf =   6.082e-02 (9981) 2
*462763: obj =   1.054332318e+01 inf =   6.053e-02 (9919) 2
*462995: obj =   1.054301659e+01 inf =   6.003e-02 (9823) 2
*463217: obj =   1.054301562e+01 inf =   5.986e-02 (9828) 3
*463443: obj =   1.054289564e+01 inf =   5.894e-02 (9788) 2
*463675: obj =   1.054268669e+01 inf =   5.876e-02 (9743) 2
*463914: obj =   1.054245595e+01 inf =   5.877e-02 (9856) 2
*464143: obj =   1.054208960e+01 inf =   5.928e-02 (9847) 3
*464373: obj =   1.054183766e+01 inf =   5.931e-02 (9810) 2
*464604: obj =   1.054156287e+01 inf =   5.972e-02 (9866) 2
*464834: obj =   1.054127136e+01 inf =   6.010e-02 (9756) 3
*465064: obj =   1.054114674e+01 inf =   6.048e-02 (9712) 2
*465293: obj =   1.054096783e+01 inf =   6.016e-02 (9807) 2
*465523: obj =   1.054064613e+01 inf =   6.074e-02 (9734) 2
*465752: obj =   1.054053658e+01 inf =   6.063e-02 (9624) 3
*465984: obj =   1.054027616e+01 inf =   6.056e-02 (9603) 2
*466215: obj =   1.053998966e+01 inf =   6.131e-02 (9612) 2
*466446: obj =   1.053978730e+01 inf =   6.160e-02 (9521) 2
*466677: obj =   1.053950615e+01 inf =   6.249e-02 (9522) 3
*466911: obj =   1.053936300e+01 inf =   6.280e-02 (9531) 2
*467140: obj =   1.053936300e+01 inf =   6.204e-02 (9546) 2
*467370: obj =   1.053907427e+01 inf =   6.202e-02 (9474) 3
*467606: obj =   1.053881311e+01 inf =   6.267e-02 (9467) 2
*467850: obj =   1.053850901e+01 inf =   6.337e-02 (9419) 2
*468082: obj =   1.053831019e+01 inf =   6.407e-02 (9296) 3
*468315: obj =   1.053820437e+01 inf =   6.447e-02 (9255) 2
*468548: obj =   1.053810586e+01 inf =   6.436e-02 (9223) 2
*468784: obj =   1.053786857e+01 inf =   6.470e-02 (9193) 3
*469016: obj =   1.053776279e+01 inf =   6.492e-02 (9269) 2
*469249: obj =   1.053744042e+01 inf =   6.560e-02 (9215) 2
*469478: obj =   1.053730027e+01 inf =   6.629e-02 (9192) 3
*469716: obj =   1.053711353e+01 inf =   6.671e-02 (9172) 2
*469953: obj =   1.053700629e+01 inf =   6.713e-02 (9139) 2
*470186: obj =   1.053684325e+01 inf =   6.763e-02 (9102) 3
*470418: obj =   1.053670951e+01 inf =   6.773e-02 (9092) 2
*470658: obj =   1.053651431e+01 inf =   6.823e-02 (9038) 2
*470894: obj =   1.053632094e+01 inf =   6.912e-02 (9079) 3
*471128: obj =   1.053616102e+01 inf =   6.978e-02 (9065) 2
*471364: obj =   1.053596711e+01 inf =   7.055e-02 (9033) 2
*471598: obj =   1.053592649e+01 inf =   7.036e-02 (8936) 2
*471836: obj =   1.053592601e+01 inf =   6.959e-02 (8970) 3
*472078: obj =   1.053567928e+01 inf =   6.966e-02 (9027) 2
*472313: obj =   1.053547683e+01 inf =   7.008e-02 (8989) 3
*472550: obj =   1.053530986e+01 inf =   7.064e-02 (8916) 2
*472800: obj =   1.053510518e+01 inf =   7.105e-02 (8933) 2
*473042: obj =   1.053493776e+01 inf =   7.163e-02 (8934) 3
*473283: obj =   1.053487190e+01 inf =   7.143e-02 (8901) 2
*473525: obj =   1.053468678e+01 inf =   7.203e-02 (8784) 3
*473779: obj =   1.053449355e+01 inf =   7.263e-02 (8690) 2
*474030: obj =   1.053427069e+01 inf =   7.316e-02 (8655) 3
*474276: obj =   1.053403892e+01 inf =   7.390e-02 (8705) 2
*474516: obj =   1.053385315e+01 inf =   7.461e-02 (8634) 2
*474760: obj =   1.053382979e+01 inf =   7.467e-02 (8626) 3
*475007: obj =   1.053367815e+01 inf =   7.491e-02 (8599) 2
*475237: obj =   1.053355971e+01 inf =   7.508e-02 (8592) 3
*475472: obj =   1.053341183e+01 inf =   7.504e-02 (8600) 2
*475712: obj =   1.053314849e+01 inf =   7.588e-02 (8637) 2
*475946: obj =   1.053300079e+01 inf =   7.640e-02 (8699) 3
*476185: obj =   1.053276357e+01 inf =   7.723e-02 (8609) 2
*476421: obj =   1.053265233e+01 inf =   7.761e-02 (8608) 2
*476657: obj =   1.053257207e+01 inf =   7.765e-02 (8505) 3
*476902: obj =   1.053238354e+01 inf =   7.817e-02 (8540) 2
*477139: obj =   1.053232770e+01 inf =   7.840e-02 (8445) 2
*477372: obj =   1.053221006e+01 inf =   7.888e-02 (8481) 3
*477613: obj =   1.053207218e+01 inf =   7.915e-02 (8395) 2
*477865: obj =   1.053195878e+01 inf =   7.928e-02 (8416) 3
*478124: obj =   1.053186277e+01 inf =   7.882e-02 (8400) 2
*478374: obj =   1.053164974e+01 inf =   7.841e-02 (8343) 3
*478613: obj =   1.053152607e+01 inf =   7.874e-02 (8311) 2
*478858: obj =   1.053128344e+01 inf =   7.925e-02 (8304) 2
*479089: obj =   1.053110624e+01 inf =   7.960e-02 (8429) 3
*479323: obj =   1.053090362e+01 inf =   7.992e-02 (8433) 2
*479553: obj =   1.053086227e+01 inf =   7.958e-02 (8431) 2
*479786: obj =   1.053073024e+01 inf =   7.944e-02 (8446) 3
*480022: obj =   1.053054143e+01 inf =   7.977e-02 (8424) 2
*480257: obj =   1.053035523e+01 inf =   8.061e-02 (8452) 2
*480489: obj =   1.053022145e+01 inf =   8.123e-02 (8369) 2
*480719: obj =   1.053013479e+01 inf =   8.108e-02 (8192) 3
*480950: obj =   1.053011709e+01 inf =   7.859e-02 (8170) 2
*481181: obj =   1.053005906e+01 inf =   7.670e-02 (8246) 2
*481406: obj =   1.052989689e+01 inf =   7.671e-02 (8251) 3
*481638: obj =   1.052982902e+01 inf =   7.667e-02 (8314) 2
*481875: obj =   1.052969024e+01 inf =   7.675e-02 (8223) 2
*482107: obj =   1.052953602e+01 inf =   7.698e-02 (8196) 3
*482340: obj =   1.052934818e+01 inf =   7.764e-02 (8166) 2
*482570: obj =   1.052924138e+01 inf =   7.797e-02 (8131) 2
*482813: obj =   1.052905207e+01 inf =   7.815e-02 (8096) 2
*483055: obj =   1.052885382e+01 inf =   7.916e-02 (8063) 3
*483295: obj =   1.052874442e+01 inf =   7.909e-02 (8126) 2
*483530: obj =   1.052860743e+01 inf =   7.977e-02 (7958) 3
*483777: obj =   1.052841418e+01 inf =   8.085e-02 (8017) 2
*484023: obj =   1.052828967e+01 inf =   8.173e-02 (7985) 2
*484252: obj =   1.052827581e+01 inf =   8.175e-02 (7900) 3
*484481: obj =   1.052815756e+01 inf =   8.170e-02 (7883) 2
*484717: obj =   1.052806487e+01 inf =   8.175e-02 (7794) 2
*484949: obj =   1.052795391e+01 inf =   8.164e-02 (7916) 3
*485183: obj =   1.052780644e+01 inf =   8.215e-02 (7859) 2
*485414: obj =   1.052769046e+01 inf =   8.303e-02 (7860) 2
*485646: obj =   1.052758082e+01 inf =   8.356e-02 (7756) 3
*485880: obj =   1.052757327e+01 inf =   8.258e-02 (7803) 2
*486108: obj =   1.052753534e+01 inf =   8.017e-02 (7728) 2
*486333: obj =   1.052752743e+01 inf =   7.450e-02 (7703) 2
*486555: obj =   1.052751823e+01 inf =   6.877e-02 (7611) 3
*486787: obj =   1.052747495e+01 inf =   6.599e-02 (7548) 2
*487017: obj =   1.052744223e+01 inf =   6.329e-02 (7502) 2
*487245: obj =   1.052739886e+01 inf =   5.895e-02 (7539) 2
*487469: obj =   1.052735586e+01 inf =   5.792e-02 (7449) 3
*487731: obj =   1.052731212e+01 inf =   5.659e-02 (7346) 2
*488024: obj =   1.052726442e+01 inf =   5.440e-02 (7411) 3
*488281: obj =   1.052720863e+01 inf =   5.401e-02 (7353) 3
*488516: obj =   1.052703176e+01 inf =   5.390e-02 (7438) 2
*488762: obj =   1.052689291e+01 inf =   5.396e-02 (7436) 2
*489002: obj =   1.052670866e+01 inf =   5.445e-02 (7428) 3
*489245: obj =   1.052650803e+01 inf =   5.527e-02 (7425) 2
*489478: obj =   1.052645033e+01 inf =   5.550e-02 (7363) 2
*489711: obj =   1.052639270e+01 inf =   5.511e-02 (7403) 3
*489951: obj =   1.052625532e+01 inf =   5.569e-02 (7384) 2
*490185: obj =   1.052618625e+01 inf =   5.593e-02 (7374) 2
*490415: obj =   1.052613365e+01 inf =   5.573e-02 (7322) 3
*490658: obj =   1.052603967e+01 inf =   5.586e-02 (7336) 2
*490901: obj =   1.052599070e+01 inf =   5.617e-02 (7306) 3
*491133: obj =   1.052596591e+01 inf =   5.564e-02 (7294) 2
*491368: obj =   1.052582404e+01 inf =   5.545e-02 (7239) 2
*491605: obj =   1.052567496e+01 inf =   5.588e-02 (7318) 2
*491859: obj =   1.052558600e+01 inf =   5.612e-02 (7277) 3
*492106: obj =   1.052549438e+01 inf =   5.638e-02 (7122) 2
*492332: obj =   1.052548642e+01 inf =   5.527e-02 (7094) 3
*492560: obj =   1.052544768e+01 inf =   5.341e-02 (7054) 2
*492796: obj =   1.052530022e+01 inf =   5.239e-02 (7157) 2
*493027: obj =   1.052521037e+01 inf =   5.136e-02 (7179) 3
*493258: obj =   1.052505610e+01 inf =   5.018e-02 (7058) 2
*493487: obj =   1.052491623e+01 inf =   4.941e-02 (7081) 2
*493721: obj =   1.052476390e+01 inf =   4.806e-02 (7134) 2
*493952: obj =   1.052465297e+01 inf =   4.781e-02 (7202) 3
*494184: obj =   1.052453227e+01 inf =   4.704e-02 (7060) 2
*494416: obj =   1.052441988e+01 inf =   4.694e-02 (7074) 2
*494641: obj =   1.052439650e+01 inf =   4.621e-02 (7081) 3
*494876: obj =   1.052430767e+01 inf =   4.484e-02 (7040) 2
*495107: obj =   1.052424416e+01 inf =   4.308e-02 (6964) 2
*495355: obj =   1.052415516e+01 inf =   4.276e-02 (6989) 3
*495622: obj =   1.052406642e+01 inf =   4.180e-02 (6985) 2
*495862: obj =   1.052394538e+01 inf =   4.155e-02 (7081) 3
*496095: obj =   1.052390123e+01 inf =   4.170e-02 (7048) 2
*496328: obj =   1.052382091e+01 inf =   4.170e-02 (6984) 2
*496559: obj =   1.052367444e+01 inf =   4.204e-02 (6831) 3
*496800: obj =   1.052357058e+01 inf =   4.112e-02 (7162) 2
*497038: obj =   1.052343921e+01 inf =   4.159e-02 (7052) 2
*497271: obj =   1.052331794e+01 inf =   4.196e-02 (7059) 3
*497505: obj =   1.052320674e+01 inf =   4.207e-02 (6877) 2
*497753: obj =   1.052312063e+01 inf =   4.130e-02 (6880) 2
*497997: obj =   1.052301473e+01 inf =   4.170e-02 (6939) 3
*498243: obj =   1.052292126e+01 inf =   4.267e-02 (7047) 2
*498479: obj =   1.052284825e+01 inf =   4.279e-02 (7002) 3
*498723: obj =   1.052276023e+01 inf =   4.316e-02 (6903) 2
*498963: obj =   1.052264551e+01 inf =   4.376e-02 (6940) 2
*499199: obj =   1.052258820e+01 inf =   4.377e-02 (6961) 3
*499434: obj =   1.052255869e+01 inf =   4.358e-02 (6835) 2
*499668: obj =   1.052251687e+01 inf =   4.222e-02 (6856) 2
*499898: obj =   1.052245292e+01 inf =   4.176e-02 (6869) 3
*500128: obj =   1.052242161e+01 inf =   4.094e-02 (6810) 2
*500357: obj =   1.052236832e+01 inf =   3.996e-02 (6701) 2
*500588: obj =   1.052230580e+01 inf =   3.938e-02 (6567) 2
*500821: obj =   1.052223035e+01 inf =   3.834e-02 (6606) 3
*501056: obj =   1.052215975e+01 inf =   3.809e-02 (6600) 2
*501285: obj =   1.052214453e+01 inf =   3.797e-02 (6429) 2
*501513: obj =   1.052208351e+01 inf =   3.772e-02 (6437) 3
*501746: obj =   1.052205036e+01 inf =   3.710e-02 (6494) 2
*501941: obj =   1.052200547e+01 inf =   3.733e-02 (6428) 2
*502075: obj =   1.052197825e+01 inf =   3.662e-02 (6438) 1
*502219: obj =   1.052193565e+01 inf =   3.634e-02 (6424) 1
*502445: obj =   1.052188849e+01 inf =   3.637e-02 (6421) 3
*502683: obj =   1.052184663e+01 inf =   3.596e-02 (6418) 2
*502921: obj =   1.052175702e+01 inf =   3.610e-02 (6590) 2
*503153: obj =   1.052166473e+01 inf =   3.675e-02 (6576) 3
*503388: obj =   1.052162131e+01 inf =   3.738e-02 (6483) 2
*503623: obj =   1.052155016e+01 inf =   3.701e-02 (6263) 2
*503868: obj =   1.052144879e+01 inf =   3.701e-02 (6394) 3
*504110: obj =   1.052138669e+01 inf =   3.733e-02 (6401) 2
*504346: obj =   1.052128918e+01 inf =   3.805e-02 (6426) 3
*504583: obj =   1.052121370e+01 inf =   3.865e-02 (6289) 2
*504829: obj =   1.052110484e+01 inf =   4.017e-02 (6430) 2
*505066: obj =   1.052100372e+01 inf =   4.219e-02 (6329) 3
*505309: obj =   1.052095102e+01 inf =   4.337e-02 (6215) 2
*505553: obj =   1.052092550e+01 inf =   4.333e-02 (6181) 3
*505802: obj =   1.052090769e+01 inf =   4.289e-02 (6144) 2
*506041: obj =   1.052081460e+01 inf =   4.308e-02 (6074) 2
*506271: obj =   1.052077389e+01 inf =   4.306e-02 (6049) 3
*506506: obj =   1.052071248e+01 inf =   4.351e-02 (6024) 2
*506744: obj =   1.052063163e+01 inf =   4.433e-02 (6004) 2
*506976: obj =   1.052058878e+01 inf =   4.458e-02 (5963) 3
*507230: obj =   1.052052697e+01 inf =   4.454e-02 (6019) 2
*507475: obj =   1.052041793e+01 inf =   4.573e-02 (5987) 3
*507719: obj =   1.052035390e+01 inf =   4.627e-02 (5984) 2
*507957: obj =   1.052025968e+01 inf =   4.684e-02 (5970) 2
*508187: obj =   1.052020530e+01 inf =   4.695e-02 (6048) 3
*508421: obj =   1.052012431e+01 inf =   4.718e-02 (5956) 2
*508658: obj =   1.052005486e+01 inf =   4.750e-02 (5945) 2
*508892: obj =   1.052002654e+01 inf =   4.799e-02 (5964) 3
*509139: obj =   1.051998256e+01 inf =   4.830e-02 (5901) 2
*509395: obj =   1.051995166e+01 inf =   4.750e-02 (5916) 2
*509636: obj =   1.051992401e+01 inf =   4.653e-02 (5894) 3
*509881: obj =   1.051985741e+01 inf =   4.629e-02 (5850) 2
*510113: obj =   1.051982161e+01 inf =   4.591e-02 (5871) 3
*510346: obj =   1.051978625e+01 inf =   4.541e-02 (5945) 2
*510578: obj =   1.051976600e+01 inf =   4.391e-02 (5895) 2
*510817: obj =   1.051970022e+01 inf =   4.380e-02 (5974) 3
*511057: obj =   1.051963184e+01 inf =   4.392e-02 (5890) 2
*511299: obj =   1.051956429e+01 inf =   4.453e-02 (5809) 2
*511537: obj =   1.051951471e+01 inf =   4.477e-02 (5772) 3
*511780: obj =   1.051946691e+01 inf =   4.484e-02 (5820) 2
*511978: obj =   1.051938994e+01 inf =   4.510e-02 (5804) 2
*512215: obj =   1.051932624e+01 inf =   4.568e-02 (5683) 2
*512443: obj =   1.051931637e+01 inf =   4.485e-02 (5654) 3
*512676: obj =   1.051930674e+01 inf =   4.281e-02 (5592) 2
*512913: obj =   1.051928030e+01 inf =   4.193e-02 (5690) 2
*513148: obj =   1.051920617e+01 inf =   4.168e-02 (5655) 3
*513382: obj =   1.051917833e+01 inf =   4.123e-02 (5555) 2
*513614: obj =   1.051916705e+01 inf =   3.969e-02 (5489) 2
*513873: obj =   1.051913416e+01 inf =   3.869e-02 (5605) 3
*514120: obj =   1.051905359e+01 inf =   3.878e-02 (5566) 2
*514355: obj =   1.051900177e+01 inf =   3.910e-02 (5502) 3
*514590: obj =   1.051897419e+01 inf =   3.887e-02 (5476) 2
*514833: obj =   1.051891408e+01 inf =   3.878e-02 (5552) 2
*515070: obj =   1.051886763e+01 inf =   3.875e-02 (5520) 3
*515304: obj =   1.051884764e+01 inf =   3.841e-02 (5453) 2
*515539: obj =   1.051882385e+01 inf =   3.750e-02 (5365) 2
*515783: obj =   1.051871809e+01 inf =   3.662e-02 (5464) 3
*516023: obj =   1.051870735e+01 inf =   3.630e-02 (5457) 2
*516271: obj =   1.051864832e+01 inf =   3.639e-02 (5407) 2
*516522: obj =   1.051861644e+01 inf =   3.654e-02 (5372) 3
*516780: obj =   1.051858378e+01 inf =   3.659e-02 (5507) 3
*517036: obj =   1.051851781e+01 inf =   3.687e-02 (5511) 2
*517276: obj =   1.051844533e+01 inf =   3.730e-02 (5466) 2
*517478: obj =   1.051842347e+01 inf =   3.708e-02 (5455) 2
*517656: obj =   1.051838942e+01 inf =   3.748e-02 (5356) 2
*517905: obj =   1.051834487e+01 inf =   3.826e-02 (5294) 3
*518142: obj =   1.051831987e+01 inf =   3.831e-02 (5255) 2
*518376: obj =   1.051827865e+01 inf =   3.835e-02 (5265) 2
*518606: obj =   1.051824418e+01 inf =   3.845e-02 (5115) 3
*518848: obj =   1.051821453e+01 inf =   3.837e-02 (5036) 2
*519084: obj =   1.051817586e+01 inf =   3.831e-02 (5159) 2
*519366: obj =   9.976490188e+00 inf =   3.796e-02 (22162) 3
*519631: obj =   9.976453313e+00 inf =   3.718e-02 (22164) 3
*519872: obj =   9.976266613e+00 inf =   3.760e-02 (22216) 2
*520105: obj =   9.976048094e+00 inf =   3.837e-02 (22241) 2
*520330: obj =   9.975863782e+00 inf =   3.940e-02 (22249) 3
*520559: obj =   9.975516572e+00 inf =   4.033e-02 (22235) 2
*520793: obj =   9.975105407e+00 inf =   4.181e-02 (22233) 2
*521024: obj =   9.974794574e+00 inf =   4.305e-02 (22218) 3
*521254: obj =   9.974399240e+00 inf =   4.541e-02 (22160) 2
*521481: obj =   9.974185717e+00 inf =   4.646e-02 (22185) 2
*521714: obj =   9.973657655e+00 inf =   4.931e-02 (22147) 2
*521943: obj =   9.973537975e+00 inf =   5.059e-02 (22100) 3
*522174: obj =   9.973291532e+00 inf =   5.187e-02 (22058) 2
*522405: obj =   9.972824463e+00 inf =   5.453e-02 (22039) 2
*522635: obj =   9.972367391e+00 inf =   5.741e-02 (21987) 2
*522866: obj =   9.971965035e+00 inf =   6.054e-02 (21920) 3
*523094: obj =   9.971939621e+00 inf =   5.991e-02 (21777) 2
*523324: obj =   9.971597868e+00 inf =   6.219e-02 (21772) 2
*523549: obj =   9.971551450e+00 inf =   6.111e-02 (21650) 3
*523780: obj =   9.971497189e+00 inf =   5.979e-02 (21589) 2
*524012: obj =   9.971248441e+00 inf =   6.002e-02 (21590) 2
*524243: obj =   9.970862522e+00 inf =   6.154e-02 (21523) 2
*524470: obj =   9.970476627e+00 inf =   6.353e-02 (21465) 3
*524702: obj =   9.970154179e+00 inf =   6.541e-02 (21329) 2
*524934: obj =   9.969791130e+00 inf =   6.761e-02 (21310) 2
*525165: obj =   9.969485887e+00 inf =   6.990e-02 (21253) 2
*525390: obj =   9.969034764e+00 inf =   7.293e-02 (21194) 3
*525616: obj =   9.968767139e+00 inf =   7.474e-02 (21100) 2
*525849: obj =   9.968525449e+00 inf =   7.630e-02 (21069) 2
*526075: obj =   9.968181525e+00 inf =   7.826e-02 (20975) 3
*526301: obj =   9.968074421e+00 inf =   7.822e-02 (20899) 2
*526525: obj =   9.968074421e+00 inf =   7.566e-02 (20821) 2
*526752: obj =   9.968074421e+00 inf =   7.290e-02 (20652) 2
*526983: obj =   9.967625592e+00 inf =   7.347e-02 (20579) 2
*527206: obj =   9.967546104e+00 inf =   7.400e-02 (20533) 3
*527429: obj =   9.967546104e+00 inf =   7.085e-02 (20392) 2
*527654: obj =   9.967546104e+00 inf =   6.819e-02 (20300) 2
*527885: obj =   9.967222780e+00 inf =   6.759e-02 (20255) 2
*528112: obj =   9.966859970e+00 inf =   6.806e-02 (20176) 3
*528341: obj =   9.966418138e+00 inf =   6.941e-02 (20139) 2
*528505: obj =   9.966194023e+00 inf =   7.034e-02 (20021) 2
*528737: obj =   9.965898484e+00 inf =   7.096e-02 (19993) 2
*528971: obj =   9.965640446e+00 inf =   7.229e-02 (19964) 2
*529201: obj =   9.965437906e+00 inf =   7.292e-02 (19808) 2
*529425: obj =   9.965053886e+00 inf =   7.488e-02 (19744) 3
*529650: obj =   9.965053189e+00 inf =   7.410e-02 (19719) 2
*529883: obj =   9.964790640e+00 inf =   7.513e-02 (19665) 2
*530110: obj =   9.964639189e+00 inf =   7.498e-02 (19613) 2
*530333: obj =   9.964396685e+00 inf =   7.439e-02 (19512) 3
*530560: obj =   9.964258203e+00 inf =   7.436e-02 (19452) 2
*530793: obj =   9.963850549e+00 inf =   7.515e-02 (19292) 2
*531023: obj =   9.963539427e+00 inf =   7.614e-02 (19256) 2
*531245: obj =   9.963376421e+00 inf =   7.650e-02 (19143) 3
*531472: obj =   9.962890067e+00 inf =   7.802e-02 (19051) 2
*531701: obj =   9.962501971e+00 inf =   7.921e-02 (18953) 2
*531932: obj =   9.962242543e+00 inf =   8.030e-02 (18912) 2
*532155: obj =   9.961954675e+00 inf =   8.212e-02 (18810) 3
*532379: obj =   9.961847249e+00 inf =   8.217e-02 (18716) 2
*532602: obj =   9.961541427e+00 inf =   8.364e-02 (18632) 2
*532831: obj =   9.961541085e+00 inf =   8.206e-02 (18525) 2
*533054: obj =   9.961388139e+00 inf =   7.952e-02 (18411) 3
*533279: obj =   9.961240547e+00 inf =   7.892e-02 (18414) 2
*533504: obj =   9.960850862e+00 inf =   7.834e-02 (18292) 2
*533732: obj =   9.960620796e+00 inf =   7.905e-02 (18223) 2
*533958: obj =   9.960203468e+00 inf =   7.986e-02 (18143) 3
*534186: obj =   9.959824497e+00 inf =   8.109e-02 (18079) 2
*534412: obj =   9.959590473e+00 inf =   8.202e-02 (18035) 2
*534637: obj =   9.959392643e+00 inf =   8.266e-02 (17904) 2
*534865: obj =   9.959202252e+00 inf =   8.300e-02 (17823) 3
*535017: obj =   9.959202252e+00 inf =   8.091e-02 (17760) 1
*535146: obj =   9.959202252e+00 inf =   7.810e-02 (17700) 1
*535313: obj =   9.959202252e+00 inf =   7.410e-02 (17625) 2
*535535: obj =   9.959202252e+00 inf =   6.916e-02 (17556) 2
*535763: obj =   9.959037921e+00 inf =   6.540e-02 (17334) 2
*535989: obj =   9.958625684e+00 inf =   6.468e-02 (17311) 3
*536217: obj =   9.958242515e+00 inf =   6.430e-02 (17163) 2
*536442: obj =   9.958095875e+00 inf =   6.449e-02 (17120) 2
*536664: obj =   9.957848226e+00 inf =   6.473e-02 (17009) 2
*536862: obj =   9.957818054e+00 inf =   6.412e-02 (17085) 2
*537056: obj =   9.957737414e+00 inf =   6.369e-02 (17651) 2
*537273: obj =   9.957534892e+00 inf =   6.386e-02 (17644) 2
*537488: obj =   9.957373761e+00 inf =   6.321e-02 (17612) 2
*537707: obj =   9.957139659e+00 inf =   6.242e-02 (17534) 2
*537926: obj =   9.956957482e+00 inf =   6.166e-02 (16564) 3
*538141: obj =   9.956862447e+00 inf =   6.273e-02 (16573) 2
*538358: obj =   9.956629344e+00 inf =   6.277e-02 (17685) 2
*538577: obj =   9.956341378e+00 inf =   6.224e-02 (17640) 2
*538797: obj =   9.956136494e+00 inf =   6.209e-02 (16507) 2
*539009: obj =   9.956059466e+00 inf =   6.331e-02 (17547) 2
*539227: obj =   9.955829674e+00 inf =   6.192e-02 (17455) 2
*539446: obj =   9.955413666e+00 inf =   6.106e-02 (17381) 2
*539659: obj =   9.955173268e+00 inf =   6.142e-02 (16423) 2
*539845: obj =   9.955127322e+00 inf =   6.150e-02 (151700) 2
*540054: obj =   9.955053223e+00 inf =   6.173e-02 (151686) 2
*540233: obj =   9.954922335e+00 inf =   6.133e-02 (152017) 2
*540433: obj =   9.954554701e+00 inf =   6.049e-02 (152013) 2
*540634: obj =   9.954458545e+00 inf =   6.112e-02 (152046) 2
*540832: obj =   9.954251043e+00 inf =   6.077e-02 (15909) 2
*541036: obj =   9.954068347e+00 inf =   6.062e-02 (15943) 2
*541240: obj =   9.953815915e+00 inf =   6.049e-02 (15904) 2
*541438: obj =   9.953661075e+00 inf =   6.012e-02 (151914) 1
*541640: obj =   9.953544548e+00 inf =   6.045e-02 (15843) 2
*541811: obj =   9.953459423e+00 inf =   6.070e-02 (15781) 2
*542001: obj =   9.953258259e+00 inf =   6.014e-02 (15729) 2
*542192: obj =   9.953110579e+00 inf =   6.011e-02 (15591) 2
*542399: obj =   9.952834399e+00 inf =   5.959e-02 (151847) 2
*542589: obj =   9.952698124e+00 inf =   5.998e-02 (15606) 2
*542785: obj =   9.952510513e+00 inf =   5.955e-02 (151895) 2
*542995: obj =   9.952346522e+00 inf =   5.919e-02 (151684) 2
*543197: obj =   9.952116650e+00 inf =   5.860e-02 (15421) 1
*543389: obj =   9.951988333e+00 inf =   5.905e-02 (15962) 2
*543586: obj =   9.951890740e+00 inf =   5.954e-02 (152006) 2
*543788: obj =   9.951689324e+00 inf =   5.901e-02 (15380) 2
*543977: obj =   9.951556283e+00 inf =   5.898e-02 (15297) 2
*544164: obj =   9.951355361e+00 inf =   5.866e-02 (15217) 2
*544352: obj =   9.951264062e+00 inf =   5.953e-02 (15186) 2
*544538: obj =   9.951056744e+00 inf =   5.905e-02 (15140) 2
*544731: obj =   9.950861774e+00 inf =   5.937e-02 (151864) 1
*544918: obj =   9.950720445e+00 inf =   5.955e-02 (151895) 2
*545108: obj =   9.950559697e+00 inf =   5.936e-02 (15057) 2
*545297: obj =   9.950472664e+00 inf =   5.957e-02 (151838) 2
*545485: obj =   9.950343546e+00 inf =   5.916e-02 (15119) 2
*545667: obj =   9.950061800e+00 inf =   5.837e-02 (15025) 2
*545872: obj =   9.949901450e+00 inf =   5.857e-02 (151814) 2
*546071: obj =   9.949712161e+00 inf =   5.828e-02 (14918) 1
*546260: obj =   9.949645570e+00 inf =   5.855e-02 (151790) 2
*546463: obj =   9.949552459e+00 inf =   5.935e-02 (14837) 2
*546650: obj =   9.949383409e+00 inf =   5.880e-02 (14677) 2
*546851: obj =   9.949225842e+00 inf =   5.853e-02 (151540) 2
*547054: obj =   9.949102987e+00 inf =   5.849e-02 (151552) 2
*547232: obj =   9.949017236e+00 inf =   5.820e-02 (14788) 2
*547417: obj =   9.948742424e+00 inf =   5.738e-02 (14723) 2
*547623: obj =   9.948715857e+00 inf =   5.850e-02 (151572) 2
*547827: obj =   9.948551450e+00 inf =   5.750e-02 (14657) 1
*548017: obj =   9.948482759e+00 inf =   5.812e-02 (151552) 2
*548208: obj =   9.948351179e+00 inf =   5.795e-02 (14452) 2
*548383: obj =   9.948211499e+00 inf =   5.750e-02 (14543) 2
*548567: obj =   9.948164401e+00 inf =   5.813e-02 (152147) 2
*548770: obj =   9.948060838e+00 inf =   5.849e-02 (14513) 2
*548975: obj =   9.947972524e+00 inf =   5.828e-02 (14588) 2
*549175: obj =   9.947792782e+00 inf =   5.832e-02 (14688) 1
*549368: obj =   9.947637510e+00 inf =   5.841e-02 (14658) 2
*549546: obj =   9.947489361e+00 inf =   5.871e-02 (151869) 2
*549743: obj =   9.947326518e+00 inf =   5.852e-02 (14285) 2
*549935: obj =   9.947287319e+00 inf =   5.912e-02 (14249) 2
*550130: obj =   9.947181640e+00 inf =   5.945e-02 (151680) 2
*550319: obj =   9.947075990e+00 inf =   5.957e-02 (14229) 2
*550512: obj =   9.946879385e+00 inf =   5.884e-02 (14175) 2
*550718: obj =   9.946811810e+00 inf =   5.891e-02 (13992) 2
*550921: obj =   9.946728111e+00 inf =   5.885e-02 (151533) 2
*551130: obj =   9.946618811e+00 inf =   5.869e-02 (13917) 2
*551332: obj =   9.946457762e+00 inf =   5.842e-02 (13879) 2
*551536: obj =   9.946415909e+00 inf =   5.901e-02 (151479) 2
*551746: obj =   9.946323915e+00 inf =   5.884e-02 (151414) 1
*551947: obj =   9.946246162e+00 inf =   5.854e-02 (13711) 2
*552129: obj =   9.946168965e+00 inf =   5.857e-02 (13731) 2
*552321: obj =   9.946069931e+00 inf =   5.872e-02 (151320) 2
*552524: obj =   9.945906081e+00 inf =   5.878e-02 (151324) 2
*552705: obj =   9.945868021e+00 inf =   5.881e-02 (13598) 2
*552895: obj =   9.945797983e+00 inf =   5.887e-02 (13597) 2
*553091: obj =   9.945729445e+00 inf =   5.855e-02 (13540) 2
*553297: obj =   9.945640096e+00 inf =   5.851e-02 (151203) 2
*553504: obj =   9.945371494e+00 inf =   5.771e-02 (151177) 2
*553707: obj =   9.945333125e+00 inf =   5.789e-02 (13389) 2
*553917: obj =   9.945297933e+00 inf =   5.823e-02 (151047) 2
*554119: obj =   9.945176763e+00 inf =   5.765e-02 (13278) 2
*554325: obj =   9.945040373e+00 inf =   5.742e-02 (151193) 2
*554528: obj =   9.944948287e+00 inf =   5.720e-02 (13164) 1
*554711: obj =   9.944812832e+00 inf =   5.708e-02 (13144) 2
*554904: obj =   9.944766551e+00 inf =   5.732e-02 (13207) 2
*555108: obj =   9.944724803e+00 inf =   5.786e-02 (151244) 2
*555300: obj =   9.944679682e+00 inf =   5.774e-02 (13202) 2
*555481: obj =   9.944564294e+00 inf =   5.720e-02 (13177) 2
*555686: obj =   9.944502364e+00 inf =   5.785e-02 (151237) 2
*555876: obj =   9.944472183e+00 inf =   5.761e-02 (13044) 2
*556082: obj =   9.944385414e+00 inf =   5.723e-02 (151088) 2
*556281: obj =   9.944265254e+00 inf =   5.700e-02 (13021) 2
*556483: obj =   9.944237647e+00 inf =   5.695e-02 (13029) 2
*556691: obj =   9.944110555e+00 inf =   5.675e-02 (12910) 2
*556896: obj =   9.944033531e+00 inf =   5.661e-02 (12781) 2
*557099: obj =   9.943926298e+00 inf =   5.672e-02 (150822) 2
*557307: obj =   9.943844886e+00 inf =   5.707e-02 (150804) 2
*557515: obj =   9.943745930e+00 inf =   5.716e-02 (12562) 2
*557717: obj =   9.943741100e+00 inf =   5.726e-02 (12443) 2
*557920: obj =   9.943672143e+00 inf =   5.705e-02 (12405) 2
*558131: obj =   9.943597632e+00 inf =   5.732e-02 (12853) 2
*558376: obj =   9.943527012e+00 inf =   5.746e-02 (12839) 2
*558616: obj =   9.943482191e+00 inf =   5.726e-02 (151356) 2
*558852: obj =   9.943391908e+00 inf =   5.681e-02 (12751) 2
*559089: obj =   9.943362335e+00 inf =   5.712e-02 (15548) 3
*559308: obj =   9.943273457e+00 inf =   5.698e-02 (150898) 2
*559536: obj =   9.943191404e+00 inf =   5.686e-02 (150942) 2
*559761: obj =   9.943136442e+00 inf =   5.687e-02 (151004) 2
*559986: obj =   9.943063377e+00 inf =   5.684e-02 (151011) 2
*560232: obj =   9.943034327e+00 inf =   5.719e-02 (152312) 2
*560469: obj =   9.942909440e+00 inf =   5.692e-02 (25192) 3
*560699: obj =   9.942808285e+00 inf =   5.681e-02 (11805) 2
*560935: obj =   9.942759856e+00 inf =   5.688e-02 (151600) 2
*561164: obj =   9.942712386e+00 inf =   5.664e-02 (11709) 2
*561393: obj =   9.942648705e+00 inf =   5.693e-02 (11670) 3
*561617: obj =   9.942550370e+00 inf =   5.682e-02 (11878) 2
*561846: obj =   9.942475062e+00 inf =   5.717e-02 (11675) 2
*562077: obj =   9.942419930e+00 inf =   5.684e-02 (11455) 2
*562314: obj =   9.942347788e+00 inf =   5.724e-02 (11380) 2
*562550: obj =   9.942318324e+00 inf =   5.724e-02 (11322) 3
*562775: obj =   9.942248303e+00 inf =   5.686e-02 (11280) 2
*563009: obj =   9.942197269e+00 inf =   5.667e-02 (11248) 2
*563234: obj =   9.942120291e+00 inf =   5.675e-02 (11340) 2
*563466: obj =   9.942078203e+00 inf =   5.729e-02 (11224) 2
*563697: obj =   9.942009618e+00 inf =   5.753e-02 (11199) 3
*563923: obj =   9.941954597e+00 inf =   5.756e-02 (11167) 2
*564163: obj =   9.941904073e+00 inf =   5.797e-02 (11097) 2
*564385: obj =   9.941898715e+00 inf =   5.739e-02 (11204) 2
*564590: obj =   9.941882662e+00 inf =   5.643e-02 (11268) 2
*564794: obj =   9.941851251e+00 inf =   5.533e-02 (10992) 2
*564994: obj =   9.941802067e+00 inf =   5.478e-02 (151269) 2
*565185: obj =   9.941746169e+00 inf =   5.447e-02 (150952) 2
*565396: obj =   9.941718667e+00 inf =   5.337e-02 (150952) 2
*565589: obj =   9.941661412e+00 inf =   5.282e-02 (150945) 2
*565800: obj =   9.941635627e+00 inf =   5.205e-02 (150502) 2
*566013: obj =   9.941560812e+00 inf =   5.163e-02 (11922) 2
*566226: obj =   9.941486274e+00 inf =   5.105e-02 (11929) 2
*566440: obj =   9.941484008e+00 inf =   4.975e-02 (11945) 2
*566636: obj =   9.941410397e+00 inf =   4.937e-02 (11931) 2
*566855: obj =   9.941368121e+00 inf =   4.899e-02 (11497) 2
*567063: obj =   9.941311886e+00 inf =   4.843e-02 (12131) 2
*567283: obj =   9.941179816e+00 inf =   4.816e-02 (11683) 2
*567500: obj =   9.941075931e+00 inf =   4.789e-02 (11689) 2
*567694: obj =   9.940983746e+00 inf =   4.826e-02 (11105) 2
*567915: obj =   9.940977173e+00 inf =   4.722e-02 (11089) 2
*568136: obj =   9.940890406e+00 inf =   4.655e-02 (11102) 1
*568342: obj =   9.940809139e+00 inf =   4.626e-02 (11117) 2
*568548: obj =   9.940737688e+00 inf =   4.589e-02 (11070) 2
*568764: obj =   9.940665038e+00 inf =   4.501e-02 (11487) 2
*568983: obj =   9.940641897e+00 inf =   4.447e-02 (11231) 2
*569201: obj =   9.940520500e+00 inf =   4.398e-02 (11177) 2
*569417: obj =   9.940363406e+00 inf =   4.441e-02 (11136) 2
*569632: obj =   9.940217471e+00 inf =   4.455e-02 (11154) 2
*569857: obj =   9.940197722e+00 inf =   4.233e-02 (11109) 2
*570056: obj =   9.940190817e+00 inf =   4.130e-02 (11148) 2
*570269: obj =   9.940113800e+00 inf =   4.121e-02 (11109) 2
*570482: obj =   9.940113722e+00 inf =   3.851e-02 (11124) 2
*570697: obj =   9.939997542e+00 inf =   3.726e-02 (11089) 2
*570896: obj =   9.939897843e+00 inf =   3.700e-02 (12088) 2
*571106: obj =   9.939760094e+00 inf =   3.743e-02 (10979) 2
*571315: obj =   9.939639445e+00 inf =   3.771e-02 (10959) 2
*571511: obj =   9.939590112e+00 inf =   3.755e-02 (10929) 2
*571709: obj =   9.939477973e+00 inf =   3.728e-02 (10883) 1
*571906: obj =   9.939409609e+00 inf =   3.718e-02 (10932) 2
*572096: obj =   9.939349979e+00 inf =   3.695e-02 (10975) 2
*572309: obj =   9.939273062e+00 inf =   3.641e-02 (12110) 2
*572495: obj =   9.939193008e+00 inf =   3.592e-02 (11052) 2
*572624: obj =   9.939115495e+00 inf =   3.602e-02 (11068) 1
*572745: obj =   9.939027996e+00 inf =   3.608e-02 (11058) 1
*572861: obj =   9.939015951e+00 inf =   3.583e-02 (11070) 1
*573008: obj =   9.938933156e+00 inf =   3.579e-02 (10971) 2
*573200: obj =   9.938819031e+00 inf =   3.588e-02 (10936) 1
*573383: obj =   9.938720146e+00 inf =   3.588e-02 (11846) 2
*573550: obj =   9.938665804e+00 inf =   3.605e-02 (11824) 2
*573736: obj =   9.938512760e+00 inf =   3.623e-02 (10710) 2
*573941: obj =   9.938453738e+00 inf =   3.609e-02 (10754) 1
*574101: obj =   9.938365912e+00 inf =   3.645e-02 (11529) 2
*574278: obj =   9.938239854e+00 inf =   3.691e-02 (10699) 2
*574471: obj =   9.938182587e+00 inf =   3.724e-02 (11363) 2
*574655: obj =   9.938043775e+00 inf =   3.821e-02 (10622) 1
*574814: obj =   9.937988303e+00 inf =   3.880e-02 (11329) 2
*574990: obj =   9.937950637e+00 inf =   3.831e-02 (10537) 2
*575173: obj =   9.937848627e+00 inf =   3.849e-02 (10568) 1
*575346: obj =   9.937742561e+00 inf =   3.876e-02 (11263) 2
*575516: obj =   9.937697591e+00 inf =   3.875e-02 (10515) 2
*575705: obj =   9.937697052e+00 inf =   3.846e-02 (10465) 2
*575892: obj =   9.937649000e+00 inf =   3.810e-02 (11241) 1
*576027: obj =   9.937562758e+00 inf =   3.822e-02 (11234) 2
*576130: obj =   9.937502370e+00 inf =   3.838e-02 (10443) 1
*576233: obj =   9.937465099e+00 inf =   3.850e-02 (11088) 1
*576389: obj =   9.937399911e+00 inf =   3.883e-02 (10459) 1
*576558: obj =   9.937377089e+00 inf =   3.851e-02 (10448) 2
*576737: obj =   9.937304608e+00 inf =   3.873e-02 (10531) 1
*576916: obj =   9.937298705e+00 inf =   3.785e-02 (11035) 2
*577097: obj =   9.937279961e+00 inf =   3.732e-02 (10426) 2
*577267: obj =   9.937209356e+00 inf =   3.733e-02 (11017) 2
*577455: obj =   9.937179735e+00 inf =   3.689e-02 (10957) 1
*577605: obj =   9.937106056e+00 inf =   3.691e-02 (11046) 2
*577781: obj =   9.937079637e+00 inf =   3.692e-02 (10960) 2
*577974: obj =   9.937058514e+00 inf =   3.614e-02 (11110) 1
*578135: obj =   9.936998331e+00 inf =   3.574e-02 (11016) 2
*578288: obj =   9.936913615e+00 inf =   3.577e-02 (11051) 2
*578468: obj =   9.936836686e+00 inf =   3.600e-02 (10316) 1
*578644: obj =   9.936804528e+00 inf =   3.595e-02 (11476) 2
*578817: obj =   9.936777857e+00 inf =   3.564e-02 (11114) 2
*578999: obj =   9.936711336e+00 inf =   3.601e-02 (10971) 1
*579159: obj =   9.936662139e+00 inf =   3.606e-02 (10957) 2
*579322: obj =   9.936643805e+00 inf =   3.581e-02 (10919) 2
*579504: obj =   9.936535379e+00 inf =   3.610e-02 (10985) 1
*579667: obj =   9.936455073e+00 inf =   3.620e-02 (10325) 2
*579841: obj =   9.936400921e+00 inf =   3.645e-02 (10615) 2
*580028: obj =   9.936346744e+00 inf =   3.687e-02 (10487) 1
*580187: obj =   9.936292842e+00 inf =   3.693e-02 (10556) 2
*580349: obj =   9.936283711e+00 inf =   3.696e-02 (10558) 2
*580533: obj =   9.936223591e+00 inf =   3.641e-02 (150449) 1
*580687: obj =   9.936188500e+00 inf =   3.638e-02 (10698) 2
*580853: obj =   9.936116106e+00 inf =   3.654e-02 (10529) 2
*581037: obj =   9.936090760e+00 inf =   3.649e-02 (10479) 1
*581196: obj =   9.936056172e+00 inf =   3.640e-02 (10402) 2
*581360: obj =   9.936013719e+00 inf =   3.614e-02 (10494) 2
*581554: obj =   9.935955072e+00 inf =   3.564e-02 (10476) 1
*581708: obj =   9.935905855e+00 inf =   3.541e-02 (10311) 2
*581873: obj =   9.935869622e+00 inf =   3.521e-02 (10410) 2
*582067: obj =   9.935832273e+00 inf =   3.531e-02 (10293) 1
*582227: obj =   9.935787611e+00 inf =   3.511e-02 (10335) 2
*582383: obj =   9.935755360e+00 inf =   3.490e-02 (10301) 2
*582585: obj =   9.935720705e+00 inf =   3.462e-02 (10371) 1
*582746: obj =   9.935675133e+00 inf =   3.425e-02 (10308) 2
*582909: obj =   9.935641233e+00 inf =   3.414e-02 (10229) 2
*583092: obj =   9.935560287e+00 inf =   3.448e-02 (10401) 1
*583285: obj =   9.935502425e+00 inf =   3.479e-02 (10332) 2
*583450: obj =   9.935466378e+00 inf =   3.482e-02 (10281) 2
*583612: obj =   9.935435159e+00 inf =   3.473e-02 (10189) 2
*583808: obj =   9.935393657e+00 inf =   3.446e-02 (10200) 1
*583983: obj =   9.935343415e+00 inf =   3.469e-02 (10117) 2
*584141: obj =   9.935292833e+00 inf =   3.469e-02 (10236) 2
*584322: obj =   9.935260724e+00 inf =   3.489e-02 (10070) 2
*584508: obj =   9.935227794e+00 inf =   3.520e-02 (10080) 1
*584666: obj =   9.935188001e+00 inf =   3.530e-02 (10061) 2
*584850: obj =   9.935177469e+00 inf =   3.493e-02 (9755) 2
*585034: obj =   9.935138824e+00 inf =   3.485e-02 (9718) 2
*585225: obj =   9.935078036e+00 inf =   3.497e-02 (9802) 1
*585389: obj =   9.935054040e+00 inf =   3.537e-02 (9739) 2
*585540: obj =   9.935010068e+00 inf =   3.568e-02 (9661) 2
*585729: obj =   9.934962670e+00 inf =   3.597e-02 (9554) 1
*585910: obj =   9.934945901e+00 inf =   3.611e-02 (9638) 2
*586080: obj =   9.934945333e+00 inf =   3.591e-02 (9657) 2
*586251: obj =   9.934902779e+00 inf =   3.570e-02 (9513) 2
*586438: obj =   9.934847178e+00 inf =   3.590e-02 (9561) 1
*586602: obj =   9.934798413e+00 inf =   3.629e-02 (9356) 2
*586768: obj =   9.934758064e+00 inf =   3.688e-02 (149579) 2
*586959: obj =   9.934723081e+00 inf =   3.704e-02 (9333) 1
*587125: obj =   9.934702707e+00 inf =   3.695e-02 (9148) 2
*587293: obj =   9.934693121e+00 inf =   3.640e-02 (9121) 2
*587465: obj =   9.934650080e+00 inf =   3.682e-02 (9111) 2
*587659: obj =   9.934621180e+00 inf =   3.690e-02 (9112) 1
*587832: obj =   9.934615479e+00 inf =   3.659e-02 (9059) 2
*588002: obj =   9.934597884e+00 inf =   3.614e-02 (9028) 2
*588172: obj =   9.934543152e+00 inf =   3.627e-02 (9052) 2
*588361: obj =   9.934498914e+00 inf =   3.674e-02 (9027) 1
*588527: obj =   9.934482713e+00 inf =   3.689e-02 (9011) 2
*588689: obj =   9.934443445e+00 inf =   3.703e-02 (8984) 2
*588881: obj =   9.934407803e+00 inf =   3.732e-02 (8987) 2
*589067: obj =   9.934361016e+00 inf =   3.736e-02 (9074) 1
*589233: obj =   9.934327542e+00 inf =   3.790e-02 (9038) 2
*589396: obj =   9.934290671e+00 inf =   3.850e-02 (8944) 2
*589589: obj =   9.934276428e+00 inf =   3.866e-02 (8850) 2
*589791: obj =   9.934252127e+00 inf =   3.880e-02 (8730) 1
*589957: obj =   9.934203652e+00 inf =   3.934e-02 (8718) 2
*590124: obj =   9.934173200e+00 inf =   3.939e-02 (150271) 2
*590301: obj =   9.934132294e+00 inf =   3.969e-02 (8713) 2
*590497: obj =   9.934118563e+00 inf =   3.939e-02 (8612) 1
*590665: obj =   9.934077487e+00 inf =   3.922e-02 (8560) 2
*590839: obj =   9.934054867e+00 inf =   3.940e-02 (8656) 2
*591012: obj =   9.934028623e+00 inf =   3.912e-02 (8773) 2
*591210: obj =   9.933984433e+00 inf =   3.886e-02 (8801) 1
*591377: obj =   9.933935378e+00 inf =   3.861e-02 (8726) 2
*591547: obj =   9.933897110e+00 inf =   3.871e-02 (8701) 2
*591718: obj =   9.933862560e+00 inf =   3.859e-02 (8689) 2
*591911: obj =   9.933842493e+00 inf =   3.780e-02 (8618) 1
*592099: obj =   9.933831450e+00 inf =   3.763e-02 (8691) 2
*592226: obj =   9.933805300e+00 inf =   3.718e-02 (8752) 2
*592417: obj =   9.933746783e+00 inf =   3.734e-02 (8719) 1
*592583: obj =   9.933704062e+00 inf =   3.714e-02 (8635) 2
*592754: obj =   9.933673864e+00 inf =   3.711e-02 (8530) 2
*592932: obj =   9.933668539e+00 inf =   3.732e-02 (8557) 2
*593131: obj =   9.933625885e+00 inf =   3.730e-02 (8482) 1
*593302: obj =   9.933615129e+00 inf =   3.713e-02 (8506) 2
*593470: obj =   9.933581702e+00 inf =   3.667e-02 (8376) 2
*593640: obj =   9.933528355e+00 inf =   3.662e-02 (8282) 2
*593836: obj =   9.933502037e+00 inf =   3.685e-02 (8299) 1
*594009: obj =   9.933464337e+00 inf =   3.704e-02 (8174) 2
*594182: obj =   9.933441583e+00 inf =   3.732e-02 (8105) 2
*594352: obj =   9.933408605e+00 inf =   3.779e-02 (8147) 2
*594546: obj =   9.933391430e+00 inf =   3.807e-02 (8083) 1
*594717: obj =   9.933374541e+00 inf =   3.757e-02 (8038) 2
*594890: obj =   9.933348508e+00 inf =   3.760e-02 (8075) 2
*595061: obj =   9.933325161e+00 inf =   3.814e-02 (8045) 2
*595255: obj =   9.933288314e+00 inf =   3.874e-02 (8036) 2
*595451: obj =   9.933280447e+00 inf =   3.902e-02 (7988) 1
*595623: obj =   9.933278479e+00 inf =   3.780e-02 (7927) 2
*595827: obj =   9.933060961e+00 inf =   3.708e-02 (20764) 2
*596061: obj =   9.931443209e+00 inf =   3.728e-02 (20829) 2
*596290: obj =   9.930229623e+00 inf =   3.733e-02 (20870) 3
*596522: obj =   9.928775799e+00 inf =   3.797e-02 (20889) 2
*596754: obj =   9.927202402e+00 inf =   3.897e-02 (20805) 2
*596985: obj =   9.926065239e+00 inf =   3.956e-02 (20755) 3
*597217: obj =   9.925478586e+00 inf =   3.924e-02 (20751) 2
*597450: obj =   9.924027383e+00 inf =   4.031e-02 (20744) 2
*597679: obj =   9.922253184e+00 inf =   4.158e-02 (20616) 3
*597920: obj =   9.920953960e+00 inf =   4.258e-02 (20574) 2
*598153: obj =   9.920509800e+00 inf =   4.232e-02 (20608) 2
*598385: obj =   9.918889370e+00 inf =   4.351e-02 (20533) 2
*598611: obj =   9.917443926e+00 inf =   4.503e-02 (20432) 3
*598846: obj =   9.915484511e+00 inf =   4.745e-02 (20408) 2
*599081: obj =   9.913924176e+00 inf =   5.006e-02 (20360) 2
*599310: obj =   9.912188545e+00 inf =   5.203e-02 (20258) 3
*599535: obj =   9.911162497e+00 inf =   5.298e-02 (20176) 2
*599763: obj =   9.909916400e+00 inf =   5.395e-02 (20180) 2
*599995: obj =   9.908181526e+00 inf =   5.550e-02 (20104) 2
*600220: obj =   9.907060405e+00 inf =   5.597e-02 (20044) 3
*600447: obj =   9.905782860e+00 inf =   5.563e-02 (20073) 2
*600669: obj =   9.903599293e+00 inf =   5.714e-02 (20014) 2
*600900: obj =   9.901910574e+00 inf =   5.838e-02 (19935) 2
*601124: obj =   9.899944733e+00 inf =   6.032e-02 (19862) 3
*601351: obj =   9.898074447e+00 inf =   6.242e-02 (19760) 2
*601579: obj =   9.895863745e+00 inf =   6.486e-02 (19744) 2
*601808: obj =   9.893850457e+00 inf =   6.725e-02 (19723) 2
*602030: obj =   9.893151265e+00 inf =   6.675e-02 (19649) 3
*602254: obj =   9.892213744e+00 inf =   6.546e-02 (19564) 2
*602477: obj =   9.890576566e+00 inf =   6.627e-02 (19542) 2
*602699: obj =   9.889162060e+00 inf =   6.638e-02 (19452) 2
*602929: obj =   9.888125721e+00 inf =   6.684e-02 (19398) 2
*603151: obj =   9.886867755e+00 inf =   6.564e-02 (19219) 3
*603377: obj =   9.884744610e+00 inf =   6.393e-02 (19151) 2
*603599: obj =   9.884687832e+00 inf =   6.196e-02 (19039) 2
*603828: obj =   9.883736979e+00 inf =   6.111e-02 (18951) 2
*604051: obj =   9.882506431e+00 inf =   6.023e-02 (18996) 3
*604276: obj =   9.881013685e+00 inf =   5.918e-02 (18872) 2
*604499: obj =   9.879658976e+00 inf =   5.828e-02 (18783) 2
*604723: obj =   9.878203849e+00 inf =   5.776e-02 (18674) 2
*604951: obj =   9.877156037e+00 inf =   5.688e-02 (18578) 2
*605172: obj =   9.875982227e+00 inf =   5.604e-02 (18499) 3
*605396: obj =   9.874926907e+00 inf =   5.544e-02 (18423) 2
*605616: obj =   9.874636480e+00 inf =   5.502e-02 (18320) 2
*605842: obj =   9.873811051e+00 inf =   5.424e-02 (18346) 2
*606065: obj =   9.872726803e+00 inf =   5.343e-02 (18252) 3
*606289: obj =   9.871765950e+00 inf =   5.292e-02 (18122) 2
*606512: obj =   9.870622128e+00 inf =   5.237e-02 (18105) 2
*606736: obj =   9.869317346e+00 inf =   5.197e-02 (18080) 2
*606964: obj =   9.868407953e+00 inf =   5.186e-02 (18008) 2
*607185: obj =   9.868103695e+00 inf =   5.210e-02 (17869) 3
*607408: obj =   9.867063635e+00 inf =   5.137e-02 (17890) 2
*607630: obj =   9.865722190e+00 inf =   5.102e-02 (17797) 2
*607859: obj =   9.864855364e+00 inf =   5.128e-02 (17733) 2
*608086: obj =   9.863772322e+00 inf =   5.133e-02 (17643) 3
*608312: obj =   9.862596101e+00 inf =   5.165e-02 (17572) 2
*608537: obj =   9.861630271e+00 inf =   5.254e-02 (17489) 2
*608762: obj =   9.860616303e+00 inf =   5.362e-02 (17462) 2
*608992: obj =   9.859474674e+00 inf =   5.439e-02 (17290) 2
*609215: obj =   9.858446916e+00 inf =   5.556e-02 (17199) 3
*609442: obj =   9.857033462e+00 inf =   5.724e-02 (17103) 2
*609667: obj =   9.856225178e+00 inf =   5.865e-02 (17009) 2
*609898: obj =   9.855253843e+00 inf =   6.018e-02 (16929) 2
*610123: obj =   9.854436887e+00 inf =   6.141e-02 (16896) 3
*610351: obj =   9.853058664e+00 inf =   6.394e-02 (16867) 2
*610576: obj =   9.852564173e+00 inf =   6.506e-02 (16838) 2
*610803: obj =   9.851811399e+00 inf =   6.641e-02 (16775) 2
*611029: obj =   9.850600671e+00 inf =   6.893e-02 (16690) 3
*611258: obj =   9.849176520e+00 inf =   7.291e-02 (16603) 2
*611484: obj =   9.848376516e+00 inf =   7.523e-02 (16526) 2
*611707: obj =   9.847926369e+00 inf =   7.624e-02 (16498) 2
*611935: obj =   9.846607295e+00 inf =   8.007e-02 (16384) 3
*612166: obj =   9.845439832e+00 inf =   8.427e-02 (16334) 2
*612391: obj =   9.845320723e+00 inf =   8.494e-02 (16242) 2
*612617: obj =   9.844345069e+00 inf =   8.823e-02 (16152) 2
*612846: obj =   9.843382099e+00 inf =   9.210e-02 (16076) 3
*613080: obj =   9.842335767e+00 inf =   9.687e-02 (16039) 2
*613312: obj =   9.841681614e+00 inf =   9.993e-02 (15975) 2
*613540: obj =   9.840991754e+00 inf =   1.029e-01 (15814) 3
*613774: obj =   9.839482702e+00 inf =   1.100e-01 (15751) 2
*614014: obj =   9.838452706e+00 inf =   1.157e-01 (15705) 2
*614248: obj =   9.838259832e+00 inf =   1.167e-01 (15691) 3
*614478: obj =   9.838259832e+00 inf =   1.160e-01 (15650) 2
*614707: obj =   9.838259832e+00 inf =   1.150e-01 (15603) 2
*614948: obj =   9.837493824e+00 inf =   1.176e-01 (15458) 2
*615184: obj =   9.836895466e+00 inf =   1.201e-01 (15323) 3
*615425: obj =   9.835977963e+00 inf =   1.240e-01 (15244) 2
*615665: obj =   9.835026565e+00 inf =   1.291e-01 (15140) 3
*615918: obj =   9.834297943e+00 inf =   1.332e-01 (15081) 2
*616170: obj =   9.833618139e+00 inf =   1.373e-01 (15005) 2
*616420: obj =   9.832896692e+00 inf =   1.419e-01 (14897) 3
*616683: obj =   9.832308475e+00 inf =   1.456e-01 (14732) 3
*616970: obj =   9.832061274e+00 inf =   1.460e-01 (14607) 2
*617249: obj =   9.831750875e+00 inf =   1.474e-01 (14487) 3
*617518: obj =   9.831746311e+00 inf =   1.453e-01 (14404) 3
*617792: obj =   9.831331106e+00 inf =   1.456e-01 (14305) 3
*618080: obj =   9.831127682e+00 inf =   1.443e-01 (14173) 2
*618367: obj =   9.830676763e+00 inf =   1.448e-01 (14128) 3
*618654: obj =   9.830477652e+00 inf =   1.442e-01 (13987) 3
*618951: obj =   9.830184928e+00 inf =   1.430e-01 (13931) 3
*619246: obj =   9.829926260e+00 inf =   1.420e-01 (13787) 3
*619550: obj =   9.829525592e+00 inf =   1.423e-01 (13668) 3
*619838: obj =   9.829281210e+00 inf =   1.416e-01 (13758) 3
*620105: obj =   9.828821324e+00 inf =   1.416e-01 (13782) 2
*620353: obj =   9.828083967e+00 inf =   1.430e-01 (13857) 3
*620596: obj =   9.827822484e+00 inf =   1.431e-01 (13862) 2
*620841: obj =   9.827257664e+00 inf =   1.439e-01 (13785) 3
*621085: obj =   9.826756826e+00 inf =   1.444e-01 (13735) 2
*621327: obj =   9.825855535e+00 inf =   1.463e-01 (13747) 2
*621561: obj =   9.824885760e+00 inf =   1.490e-01 (13705) 3
*621798: obj =   9.824099852e+00 inf =   1.512e-01 (13730) 2
*622039: obj =   9.823072161e+00 inf =   1.549e-01 (13666) 2
*622269: obj =   9.822680091e+00 inf =   1.552e-01 (13610) 3
*622503: obj =   9.821638236e+00 inf =   1.590e-01 (13629) 2
*622732: obj =   9.821390350e+00 inf =   1.584e-01 (13583) 2
*622968: obj =   9.820784419e+00 inf =   1.587e-01 (13500) 2
*623196: obj =   9.820028672e+00 inf =   1.608e-01 (13517) 3
*623427: obj =   9.819178492e+00 inf =   1.631e-01 (13443) 2
*623654: obj =   9.818990124e+00 inf =   1.598e-01 (13523) 2
*623887: obj =   9.818358050e+00 inf =   1.595e-01 (13532) 2
*624116: obj =   9.817460295e+00 inf =   1.623e-01 (13520) 3
*624345: obj =   9.817360908e+00 inf =   1.597e-01 (13426) 2
*624573: obj =   9.817359464e+00 inf =   1.552e-01 (13327) 2
*624800: obj =   9.816881487e+00 inf =   1.533e-01 (13326) 3
*625036: obj =   9.816332863e+00 inf =   1.535e-01 (13249) 2
*625267: obj =   9.816282521e+00 inf =   1.489e-01 (13176) 2
*625499: obj =   9.815891555e+00 inf =   1.466e-01 (13102) 2
*625725: obj =   9.815451618e+00 inf =   1.445e-01 (13095) 3
*625964: obj =   9.814805646e+00 inf =   1.451e-01 (13018) 2
*626195: obj =   9.814534317e+00 inf =   1.441e-01 (12931) 2
*626424: obj =   9.814451627e+00 inf =   1.395e-01 (12835) 2
*626649: obj =   9.813827430e+00 inf =   1.375e-01 (12787) 3
*626882: obj =   9.813239906e+00 inf =   1.375e-01 (12725) 2
*627113: obj =   9.812997389e+00 inf =   1.359e-01 (12721) 2
*627341: obj =   9.812900657e+00 inf =   1.313e-01 (12655) 2
*627563: obj =   9.812899089e+00 inf =   1.263e-01 (12580) 3
*627794: obj =   9.812656053e+00 inf =   1.226e-01 (12521) 2
*628031: obj =   9.812140028e+00 inf =   1.216e-01 (12546) 2
*628259: obj =   9.811992959e+00 inf =   1.203e-01 (12428) 3
*628488: obj =   9.811451989e+00 inf =   1.193e-01 (12444) 2
*628715: obj =   9.810894942e+00 inf =   1.185e-01 (12410) 2
*628949: obj =   9.810370234e+00 inf =   1.181e-01 (12360) 2
*629174: obj =   9.809897686e+00 inf =   1.180e-01 (12328) 3
*629401: obj =   9.809599737e+00 inf =   1.174e-01 (12314) 2
*629626: obj =   9.809414458e+00 inf =   1.162e-01 (12264) 2
*629857: obj =   9.808896591e+00 inf =   1.155e-01 (12191) 2
*630080: obj =   9.808779313e+00 inf =   1.141e-01 (12048) 3
*630308: obj =   9.808357995e+00 inf =   1.130e-01 (12045) 2
*630536: obj =   9.808006095e+00 inf =   1.127e-01 (12080) 2
*630763: obj =   9.807660091e+00 inf =   1.117e-01 (11941) 2
*630989: obj =   9.807596299e+00 inf =   1.079e-01 (11849) 3
*631218: obj =   9.807211657e+00 inf =   1.064e-01 (11876) 2
*631445: obj =   9.806881950e+00 inf =   1.062e-01 (11820) 2
*631670: obj =   9.806637083e+00 inf =   1.053e-01 (11779) 2
*631898: obj =   9.806232750e+00 inf =   1.050e-01 (11770) 3
*632128: obj =   9.805888994e+00 inf =   1.048e-01 (11697) 2
*632354: obj =   9.805723674e+00 inf =   1.034e-01 (11657) 2
*632577: obj =   9.805685520e+00 inf =   9.689e-02 (11571) 2
*632804: obj =   9.805534551e+00 inf =   9.160e-02 (11554) 2
*633031: obj =   9.805242691e+00 inf =   9.120e-02 (11458) 3
*633259: obj =   9.805018585e+00 inf =   9.016e-02 (11454) 2
*633488: obj =   9.804690179e+00 inf =   8.963e-02 (11491) 2
*633715: obj =   9.804373380e+00 inf =   8.924e-02 (11445) 2
*633944: obj =   9.804109258e+00 inf =   8.936e-02 (11368) 3
*634175: obj =   9.803757243e+00 inf =   8.964e-02 (11313) 2
*634402: obj =   9.803656666e+00 inf =   8.956e-02 (11265) 2
*634626: obj =   9.803554569e+00 inf =   8.842e-02 (11281) 3
*634856: obj =   9.803331869e+00 inf =   8.804e-02 (11215) 2
*635086: obj =   9.803089359e+00 inf =   8.759e-02 (11179) 2
*635312: obj =   9.802967368e+00 inf =   8.711e-02 (11198) 2
*635535: obj =   9.802895155e+00 inf =   8.444e-02 (11158) 3
*635762: obj =   9.802567247e+00 inf =   8.399e-02 (11183) 2
*635992: obj =   9.802415773e+00 inf =   8.379e-02 (11135) 2
*636219: obj =   9.802239050e+00 inf =   8.315e-02 (11210) 2
*636444: obj =   9.802077892e+00 inf =   8.227e-02 (11160) 2
*636665: obj =   9.801808256e+00 inf =   8.113e-02 (11115) 3
*636896: obj =   9.801623510e+00 inf =   8.098e-02 (11058) 2
*637126: obj =   9.801330965e+00 inf =   8.097e-02 (11056) 2
*637354: obj =   9.801018847e+00 inf =   8.086e-02 (10929) 3
*637579: obj =   9.800856297e+00 inf =   8.083e-02 (10909) 2
*637808: obj =   9.800565578e+00 inf =   8.061e-02 (10894) 2
*638041: obj =   9.800322557e+00 inf =   8.084e-02 (10934) 2
*638267: obj =   9.799997257e+00 inf =   8.154e-02 (10951) 3
*638495: obj =   9.799812668e+00 inf =   8.221e-02 (10944) 2
*638719: obj =   9.799736710e+00 inf =   8.219e-02 (10854) 2
*638948: obj =   9.799735090e+00 inf =   8.075e-02 (10844) 2
*639176: obj =   9.799323988e+00 inf =   8.058e-02 (10860) 3
*639406: obj =   9.799029860e+00 inf =   8.071e-02 (10741) 2
*639633: obj =   9.798774674e+00 inf =   8.109e-02 (10643) 2
*639861: obj =   9.798715974e+00 inf =   8.055e-02 (10593) 2
*640087: obj =   9.798443413e+00 inf =   8.086e-02 (10564) 3
*640315: obj =   9.798200356e+00 inf =   8.142e-02 (10543) 2
*640541: obj =   9.798011799e+00 inf =   8.209e-02 (10633) 2
*640763: obj =   9.798011799e+00 inf =   8.131e-02 (10635) 2
*640990: obj =   9.797847850e+00 inf =   8.066e-02 (10626) 3
*641219: obj =   9.797610004e+00 inf =   8.094e-02 (10646) 2
*641445: obj =   9.797427383e+00 inf =   8.147e-02 (10585) 2
*641672: obj =   9.797227039e+00 inf =   8.168e-02 (10475) 2
*641900: obj =   9.796995421e+00 inf =   8.188e-02 (10519) 3
*642129: obj =   9.796844715e+00 inf =   8.243e-02 (10504) 2
*642355: obj =   9.796714801e+00 inf =   8.204e-02 (10417) 2
*642578: obj =   9.796628519e+00 inf =   8.021e-02 (10317) 2
*642807: obj =   9.796627330e+00 inf =   7.269e-02 (10245) 2
*643071: obj =   9.796511367e+00 inf =   7.010e-02 (10320) 3
*643301: obj =   9.796202694e+00 inf =   6.950e-02 (10366) 2
*643525: obj =   9.795881978e+00 inf =   6.929e-02 (10351) 3
*643751: obj =   9.795694233e+00 inf =   6.910e-02 (10323) 2
*643984: obj =   9.795461670e+00 inf =   6.921e-02 (10291) 2
*644211: obj =   9.795325925e+00 inf =   6.881e-02 (10254) 2
*644433: obj =   9.795135249e+00 inf =   6.893e-02 (10259) 3
*644657: obj =   9.795062072e+00 inf =   6.869e-02 (10262) 2
*644888: obj =   9.794911248e+00 inf =   6.845e-02 (10132) 2
*645118: obj =   9.794729545e+00 inf =   6.804e-02 (10069) 2
*645342: obj =   9.794539658e+00 inf =   6.836e-02 (9999) 3
*645568: obj =   9.794350127e+00 inf =   6.793e-02 (9942) 2
*645798: obj =   9.794031398e+00 inf =   6.800e-02 (9866) 2
*646030: obj =   9.793826707e+00 inf =   6.835e-02 (9831) 2
*646256: obj =   9.793576182e+00 inf =   6.910e-02 (9844) 3
*646483: obj =   9.793473319e+00 inf =   6.927e-02 (9754) 2
*646710: obj =   9.793306344e+00 inf =   6.962e-02 (9782) 2
*646944: obj =   9.793149987e+00 inf =   7.011e-02 (9821) 2
*647170: obj =   9.793011402e+00 inf =   7.067e-02 (9732) 3
*647413: obj =   9.792853728e+00 inf =   7.126e-02 (9717) 2
*647651: obj =   9.792706639e+00 inf =   7.191e-02 (9745) 2
*647884: obj =   9.792600231e+00 inf =   7.119e-02 (9675) 3
*648122: obj =   9.792360211e+00 inf =   7.156e-02 (9673) 2
*648358: obj =   9.792103212e+00 inf =   7.201e-02 (9598) 2
*648584: obj =   9.791990033e+00 inf =   7.209e-02 (9627) 3
*648816: obj =   9.791600453e+00 inf =   7.289e-02 (9546) 2
*649049: obj =   9.791321445e+00 inf =   7.354e-02 (9635) 2
*649277: obj =   9.791102126e+00 inf =   7.410e-02 (9479) 3
*649503: obj =   9.790969689e+00 inf =   7.443e-02 (9521) 2
*649727: obj =   9.790947110e+00 inf =   7.323e-02 (9456) 2
*649961: obj =   9.790738597e+00 inf =   7.289e-02 (9572) 2
*650190: obj =   9.790326003e+00 inf =   7.339e-02 (9522) 3
*650420: obj =   9.790182392e+00 inf =   7.390e-02 (9559) 2
*650650: obj =   9.789861082e+00 inf =   7.470e-02 (9496) 2
*650881: obj =   9.789681534e+00 inf =   7.495e-02 (9424) 2
*651108: obj =   9.789430514e+00 inf =   7.559e-02 (9434) 3
*651339: obj =   9.789255941e+00 inf =   7.593e-02 (9440) 2
*651569: obj =   9.788912934e+00 inf =   7.715e-02 (9377) 2
*651796: obj =   9.788860685e+00 inf =   7.693e-02 (9366) 2
*652026: obj =   9.788590934e+00 inf =   7.762e-02 (9400) 3
*652255: obj =   9.788446612e+00 inf =   7.743e-02 (9395) 2
*652487: obj =   9.788124527e+00 inf =   7.879e-02 (9413) 2
*652713: obj =   9.787942074e+00 inf =   7.952e-02 (9384) 3
*652951: obj =   9.787697236e+00 inf =   8.071e-02 (9300) 2
*653188: obj =   9.787551351e+00 inf =   8.143e-02 (9240) 2
*653420: obj =   9.787355344e+00 inf =   8.203e-02 (9283) 3
*653651: obj =   9.787239210e+00 inf =   8.228e-02 (9282) 2
*653887: obj =   9.787031424e+00 inf =   8.316e-02 (9161) 2
*654120: obj =   9.786945727e+00 inf =   8.316e-02 (9141) 2
*654349: obj =   9.786787326e+00 inf =   8.389e-02 (9051) 3
*654584: obj =   9.786694955e+00 inf =   8.478e-02 (9055) 2
*654824: obj =   9.786553010e+00 inf =   8.585e-02 (8964) 2
*655061: obj =   9.786405707e+00 inf =   8.697e-02 (8986) 3
*655294: obj =   9.786375986e+00 inf =   8.578e-02 (8949) 2
*655526: obj =   9.786366939e+00 inf =   8.286e-02 (8948) 2
*655754: obj =   9.786294868e+00 inf =   7.839e-02 (8866) 3
*656008: obj =   9.786159926e+00 inf =   7.640e-02 (8871) 2
*656251: obj =   9.786027097e+00 inf =   7.654e-02 (8818) 3
*656505: obj =   9.785892595e+00 inf =   7.634e-02 (8796) 2
*656755: obj =   9.785736584e+00 inf =   7.691e-02 (8774) 3
*657012: obj =   9.785583049e+00 inf =   7.698e-02 (8783) 2
*657257: obj =   9.785395286e+00 inf =   7.723e-02 (8874) 2
*657485: obj =   9.785226484e+00 inf =   7.742e-02 (8897) 3
*657717: obj =   9.785034654e+00 inf =   7.743e-02 (8849) 2
*657962: obj =   9.784859611e+00 inf =   7.759e-02 (8797) 2
*658200: obj =   9.784677942e+00 inf =   7.803e-02 (8786) 3
*658438: obj =   9.784524398e+00 inf =   7.782e-02 (8801) 2
*658674: obj =   9.784304555e+00 inf =   7.796e-02 (8742) 3
*658916: obj =   9.784220753e+00 inf =   7.795e-02 (8717) 2
*659157: obj =   9.783986646e+00 inf =   7.825e-02 (8635) 2
*659409: obj =   9.783833375e+00 inf =   7.819e-02 (8694) 3
*659669: obj =   9.783831900e+00 inf =   7.665e-02 (8685) 2
*659932: obj =   9.783698519e+00 inf =   7.430e-02 (8650) 3
*660190: obj =   9.783657924e+00 inf =   7.237e-02 (8519) 3
*660454: obj =   9.783578929e+00 inf =   6.668e-02 (8409) 2
*660710: obj =   9.783461429e+00 inf =   6.323e-02 (8377) 3
*660981: obj =   9.783271628e+00 inf =   6.264e-02 (8379) 2
*661225: obj =   9.783060530e+00 inf =   6.214e-02 (8423) 3
*661470: obj =   9.782880779e+00 inf =   6.231e-02 (8435) 2
*661706: obj =   9.782847027e+00 inf =   6.189e-02 (8447) 3
*661962: obj =   9.782824698e+00 inf =   6.174e-02 (8502) 2
*662211: obj =   9.782671578e+00 inf =   6.013e-02 (8501) 3
*662466: obj =   9.782578296e+00 inf =   5.934e-02 (8476) 2
*662720: obj =   9.782372020e+00 inf =   5.869e-02 (8473) 3
*662993: obj =   9.782239909e+00 inf =   5.857e-02 (8412) 2
*663245: obj =   9.782088214e+00 inf =   5.798e-02 (8469) 3
*663499: obj =   9.781827095e+00 inf =   5.764e-02 (8462) 2
*663748: obj =   9.781645395e+00 inf =   5.764e-02 (8391) 3
*664005: obj =   9.781519886e+00 inf =   5.747e-02 (8457) 2
*664243: obj =   9.781381879e+00 inf =   5.743e-02 (8363) 3
*664482: obj =   9.781196280e+00 inf =   5.790e-02 (8314) 2
*664727: obj =   9.781096347e+00 inf =   5.798e-02 (8299) 2
*664975: obj =   9.780926619e+00 inf =   5.833e-02 (8288) 3
*665222: obj =   9.780838273e+00 inf =   5.861e-02 (8187) 2
*665463: obj =   9.780741510e+00 inf =   5.854e-02 (8125) 3
*665711: obj =   9.780616585e+00 inf =   5.888e-02 (8022) 2
*665948: obj =   9.780555728e+00 inf =   5.910e-02 (7988) 2
*666171: obj =   9.780554811e+00 inf =   5.829e-02 (7973) 3
*666398: obj =   9.780449113e+00 inf =   5.760e-02 (8103) 2
*666624: obj =   9.780350740e+00 inf =   5.705e-02 (8119) 2
*666853: obj =   9.780265551e+00 inf =   5.695e-02 (8125) 2
*667077: obj =   9.780232761e+00 inf =   5.656e-02 (8061) 3
*667303: obj =   9.780207865e+00 inf =   5.498e-02 (8118) 2
*667534: obj =   9.780046140e+00 inf =   5.454e-02 (8140) 2
*667763: obj =   9.779959271e+00 inf =   5.439e-02 (8039) 2
*667995: obj =   9.779846737e+00 inf =   5.434e-02 (8026) 3
*668225: obj =   9.779770753e+00 inf =   5.420e-02 (8051) 2
*668456: obj =   9.779629362e+00 inf =   5.446e-02 (8003) 2
*668681: obj =   9.779524231e+00 inf =   5.478e-02 (7914) 3
*668922: obj =   9.779431342e+00 inf =   5.492e-02 (7883) 2
*669164: obj =   9.779255850e+00 inf =   5.559e-02 (7947) 2
*669393: obj =   9.779164949e+00 inf =   5.590e-02 (7994) 3
*669623: obj =   9.778992470e+00 inf =   5.625e-02 (8002) 2
*669856: obj =   9.778853912e+00 inf =   5.635e-02 (7928) 2
*670089: obj =   9.778668085e+00 inf =   5.691e-02 (7899) 2
*670316: obj =   9.778528133e+00 inf =   5.743e-02 (7926) 3
*670546: obj =   9.778328604e+00 inf =   5.846e-02 (7852) 2
*670774: obj =   9.778235681e+00 inf =   5.894e-02 (7810) 2
*671003: obj =   9.778114488e+00 inf =   5.921e-02 (7864) 3
*671238: obj =   9.777936931e+00 inf =   6.044e-02 (7834) 2
*671471: obj =   9.777830243e+00 inf =   6.139e-02 (7797) 2
*671705: obj =   9.777710496e+00 inf =   6.242e-02 (7716) 2
*671939: obj =   9.777610434e+00 inf =   6.298e-02 (7727) 3
*672177: obj =   9.777503776e+00 inf =   6.372e-02 (7676) 2
*672411: obj =   9.777402694e+00 inf =   6.387e-02 (7736) 2
*672636: obj =   9.777359582e+00 inf =   6.345e-02 (7647) 3
*672876: obj =   9.777308764e+00 inf =   6.275e-02 (7581) 2
*673116: obj =   9.777210155e+00 inf =   6.289e-02 (7590) 2
*673353: obj =   9.777109672e+00 inf =   6.239e-02 (7548) 3
*673590: obj =   9.776976676e+00 inf =   6.294e-02 (7493) 2
*673827: obj =   9.776860463e+00 inf =   6.333e-02 (7393) 2
*674063: obj =   9.776788682e+00 inf =   6.389e-02 (7395) 3
*674305: obj =   9.776681691e+00 inf =   6.505e-02 (7350) 2
*674545: obj =   9.776623629e+00 inf =   6.509e-02 (7342) 3
*674791: obj =   9.776577840e+00 inf =   6.354e-02 (7219) 2
*675041: obj =   9.776450537e+00 inf =   6.330e-02 (7306) 2
*675279: obj =   9.776384984e+00 inf =   6.331e-02 (7333) 3
*675525: obj =   9.776251662e+00 inf =   6.413e-02 (7282) 2
*675761: obj =   9.776158263e+00 inf =   6.500e-02 (7170) 3
*676011: obj =   9.776044414e+00 inf =   6.545e-02 (7268) 2
*676251: obj =   9.775871530e+00 inf =   6.603e-02 (7159) 2
*676481: obj =   9.775793739e+00 inf =   6.619e-02 (7157) 3
*676716: obj =   9.775667118e+00 inf =   6.697e-02 (7076) 2
*676952: obj =   9.775636484e+00 inf =   6.674e-02 (7147) 2
*677191: obj =   9.775493664e+00 inf =   6.717e-02 (7180) 3
*677427: obj =   9.775409487e+00 inf =   6.777e-02 (7070) 2
*677660: obj =   9.775299811e+00 inf =   6.847e-02 (7096) 2
*677887: obj =   9.775264319e+00 inf =   6.837e-02 (6917) 3
*678117: obj =   9.775221733e+00 inf =   6.759e-02 (6991) 2
*678343: obj =   9.775221694e+00 inf =   6.597e-02 (6982) 2
*678568: obj =   9.775184327e+00 inf =   6.336e-02 (6943) 2
*678792: obj =   9.775124516e+00 inf =   6.166e-02 (6901) 3
*679030: obj =   9.774985627e+00 inf =   6.071e-02 (6933) 2
*679265: obj =   9.774918520e+00 inf =   6.053e-02 (6958) 2
*679493: obj =   9.774845632e+00 inf =   6.013e-02 (6925) 3
*679724: obj =   9.774699256e+00 inf =   6.006e-02 (6780) 2
*679959: obj =   9.774661725e+00 inf =   5.973e-02 (6784) 2
*680195: obj =   9.774585258e+00 inf =   5.919e-02 (6744) 2
*680426: obj =   9.774530666e+00 inf =   5.925e-02 (6719) 3
*680659: obj =   9.774452006e+00 inf =   5.905e-02 (6568) 2
*680898: obj =   9.774385287e+00 inf =   5.900e-02 (6587) 2
*681133: obj =   9.774262607e+00 inf =   5.944e-02 (6665) 3
*681369: obj =   9.774186814e+00 inf =   5.962e-02 (6686) 2
*681606: obj =   9.774059764e+00 inf =   6.011e-02 (6644) 2
*681838: obj =   9.773983525e+00 inf =   6.095e-02 (6603) 3
*682084: obj =   9.773918443e+00 inf =   6.168e-02 (6659) 2
*682323: obj =   9.773829400e+00 inf =   6.230e-02 (6641) 3
*682561: obj =   9.773770167e+00 inf =   6.268e-02 (6582) 2
*682796: obj =   9.773734252e+00 inf =   6.228e-02 (6544) 2
*683036: obj =   9.773654190e+00 inf =   6.289e-02 (6636) 3
*683274: obj =   9.773604475e+00 inf =   6.301e-02 (6696) 2
*683531: obj =   9.773428350e+00 inf =   6.294e-02 (6564) 2
*683810: obj =   9.773396707e+00 inf =   6.158e-02 (6573) 3
*684068: obj =   9.773321713e+00 inf =   6.028e-02 (6660) 3
*684311: obj =   9.773215100e+00 inf =   6.016e-02 (6704) 2
*684553: obj =   9.773132185e+00 inf =   6.022e-02 (6607) 3
*684797: obj =   9.773079678e+00 inf =   6.018e-02 (6461) 2
*685043: obj =   9.772997477e+00 inf =   5.995e-02 (6469) 2
*685281: obj =   9.772920085e+00 inf =   6.011e-02 (6516) 3
*685524: obj =   9.772850467e+00 inf =   6.035e-02 (6432) 2
*685767: obj =   9.772778361e+00 inf =   6.094e-02 (6334) 3
*686022: obj =   9.772714231e+00 inf =   6.126e-02 (6384) 2
*686281: obj =   9.772623380e+00 inf =   6.156e-02 (6318) 3
*686525: obj =   9.772543335e+00 inf =   6.219e-02 (6317) 2
*686772: obj =   9.772479316e+00 inf =   6.256e-02 (6172) 2
*687022: obj =   9.772423661e+00 inf =   6.275e-02 (6235) 3
*687259: obj =   9.772359520e+00 inf =   6.298e-02 (6139) 2
*687492: obj =   9.772288378e+00 inf =   6.358e-02 (6084) 3
*687736: obj =   9.772247992e+00 inf =   6.378e-02 (6075) 2
*687988: obj =   9.772186633e+00 inf =   6.389e-02 (6071) 3
*688233: obj =   9.772153893e+00 inf =   6.398e-02 (6026) 2
*688469: obj =   9.772117513e+00 inf =   6.363e-02 (6124) 2
*688697: obj =   9.772117109e+00 inf =   6.014e-02 (5963) 2
*688926: obj =   9.772089328e+00 inf =   5.824e-02 (6032) 3
*689159: obj =   9.772049396e+00 inf =   5.762e-02 (6009) 2
*689389: obj =   9.772014451e+00 inf =   5.603e-02 (5954) 2
*689618: obj =   9.771962075e+00 inf =   5.577e-02 (5953) 3
*689867: obj =   9.771914331e+00 inf =   5.541e-02 (5917) 2
*690123: obj =   9.771835569e+00 inf =   5.539e-02 (6011) 3
*690359: obj =   9.771767605e+00 inf =   5.578e-02 (5949) 2
*690594: obj =   9.771682365e+00 inf =   5.644e-02 (6105) 2
*690827: obj =   9.771638201e+00 inf =   5.648e-02 (5855) 3
*691076: obj =   9.771579715e+00 inf =   5.646e-02 (5916) 2
*691323: obj =   9.771518989e+00 inf =   5.658e-02 (5828) 2
*691566: obj =   9.771471963e+00 inf =   5.609e-02 (5846) 3
*691828: obj =   9.771438836e+00 inf =   5.561e-02 (5852) 2
*692075: obj =   9.771396295e+00 inf =   5.472e-02 (5838) 3
*692305: obj =   9.771377190e+00 inf =   5.398e-02 (5768) 2
*692538: obj =   9.771305422e+00 inf =   5.364e-02 (5803) 2
*692781: obj =   9.771261899e+00 inf =   5.379e-02 (5850) 3
*693032: obj =   9.771189104e+00 inf =   5.320e-02 (5791) 2
*693276: obj =   9.771152561e+00 inf =   5.346e-02 (5782) 3
*693517: obj =   9.771128856e+00 inf =   4.860e-02 (5746) 2
*693754: obj =   9.771094036e+00 inf =   4.772e-02 (5712) 2
*693991: obj =   9.771054113e+00 inf =   4.595e-02 (5741) 3
*694230: obj =   9.771024020e+00 inf =   4.421e-02 (5723) 2
*694461: obj =   9.770989817e+00 inf =   4.385e-02 (5694) 2
*694687: obj =   9.770978052e+00 inf =   4.143e-02 (5642) 3
*694919: obj =   9.770950232e+00 inf =   3.860e-02 (5692) 2
*695154: obj =   9.770919835e+00 inf =   3.837e-02 (5679) 2
*695382: obj =   9.770869471e+00 inf =   3.778e-02 (5544) 3
*695650: obj =   9.770808730e+00 inf =   3.721e-02 (5571) 2
*695938: obj =   9.770759936e+00 inf =   3.651e-02 (5706) 3
*696199: obj =   9.770693604e+00 inf =   3.661e-02 (5658) 3
*696472: obj =   9.770650854e+00 inf =   3.646e-02 (5562) 2
*696745: obj =   9.770628527e+00 inf =   3.631e-02 (5486) 3
*697015: obj =   9.770577020e+00 inf =   3.537e-02 (5704) 3
*697274: obj =   9.770525674e+00 inf =   3.542e-02 (5575) 2
*697533: obj =   9.770495174e+00 inf =   3.535e-02 (5623) 3
*697820: obj =   9.770397134e+00 inf =   3.436e-02 (5672) 3
*698126: obj =   9.770337304e+00 inf =   3.378e-02 (5624) 3
*698445: obj =   9.770234014e+00 inf =   3.300e-02 (5489) 3
*698756: obj =   9.770207816e+00 inf =   3.141e-02 (5669) 3
*699024: obj =   9.770163415e+00 inf =   3.086e-02 (5845) 3
*699257: obj =   9.770114942e+00 inf =   3.089e-02 (5777) 2
*699488: obj =   9.769946081e+00 inf =   3.067e-02 (5669) 2
*699718: obj =   9.769721216e+00 inf =   3.134e-02 (5622) 2
*699949: obj =   9.769520512e+00 inf =   3.109e-02 (5623) 3
*700181: obj =   9.769378720e+00 inf =   3.162e-02 (5571) 2
*700414: obj =   9.769234126e+00 inf =   3.152e-02 (5621) 2
*700637: obj =   9.769216749e+00 inf =   3.095e-02 (5544) 3
*700869: obj =   9.769130672e+00 inf =   3.092e-02 (5694) 2
*701121: obj =   9.769031205e+00 inf =   3.095e-02 (5678) 2
*701348: obj =   9.768973694e+00 inf =   3.110e-02 (5591) 3
*701579: obj =   9.768889877e+00 inf =   3.156e-02 (5534) 2
*701810: obj =   9.768787952e+00 inf =   3.153e-02 (5558) 2
*702044: obj =   9.768731526e+00 inf =   3.139e-02 (5507) 2
*702271: obj =   9.768683578e+00 inf =   3.196e-02 (5479) 3
*702503: obj =   9.768611776e+00 inf =   3.220e-02 (5311) 2
*702736: obj =   9.768539992e+00 inf =   3.223e-02 (5262) 2
*702969: obj =   9.768508602e+00 inf =   3.188e-02 (5286) 3
*703214: obj =   9.768467246e+00 inf =   3.153e-02 (5327) 2
*703462: obj =   9.768420907e+00 inf =   3.212e-02 (5265) 2
*703706: obj =   9.241552839e+00 inf =   3.223e-02 (22461) 3
*703949: obj =   9.241391430e+00 inf =   3.277e-02 (22493) 2
*704183: obj =   9.241187682e+00 inf =   3.324e-02 (22574) 3
*704421: obj =   9.240876503e+00 inf =   3.377e-02 (22620) 2
*704656: obj =   9.240499006e+00 inf =   3.485e-02 (22608) 2
*704889: obj =   9.240086925e+00 inf =   3.601e-02 (22572) 3
*705125: obj =   9.239873503e+00 inf =   3.694e-02 (22506) 2
*705358: obj =   9.239540317e+00 inf =   3.823e-02 (22544) 2
*705590: obj =   9.239078669e+00 inf =   3.989e-02 (22504) 2
*705818: obj =   9.238680983e+00 inf =   4.169e-02 (22482) 3
*706056: obj =   9.238252139e+00 inf =   4.359e-02 (22433) 2
*706292: obj =   9.237736630e+00 inf =   4.630e-02 (22347) 2
*706522: obj =   9.237315401e+00 inf =   4.928e-02 (22283) 3
*706751: obj =   9.237072595e+00 inf =   5.002e-02 (22269) 2
*706986: obj =   9.236666544e+00 inf =   5.274e-02 (22223) 2
*707214: obj =   9.236304839e+00 inf =   5.490e-02 (22169) 3
*707445: obj =   9.235801771e+00 inf =   5.816e-02 (22106) 2
*707672: obj =   9.235559447e+00 inf =   6.004e-02 (22063) 2
*707902: obj =   9.235279390e+00 inf =   6.125e-02 (21979) 2
*708129: obj =   9.234976974e+00 inf =   6.305e-02 (21949) 3
*708358: obj =   9.234763649e+00 inf =   6.368e-02 (21888) 2
*708585: obj =   9.234601549e+00 inf =   6.332e-02 (21837) 2
*708813: obj =   9.234078400e+00 inf =   6.654e-02 (21796) 2
*709043: obj =   9.233716400e+00 inf =   6.906e-02 (21733) 3
*709275: obj =   9.233256707e+00 inf =   7.273e-02 (21691) 2
*709504: obj =   9.233060176e+00 inf =   7.455e-02 (21580) 2
*709728: obj =   9.233056070e+00 inf =   7.310e-02 (21515) 2
*709955: obj =   9.232774841e+00 inf =   7.375e-02 (21407) 3
*710186: obj =   9.232548257e+00 inf =   7.507e-02 (21334) 2
*710414: obj =   9.232132384e+00 inf =   7.698e-02 (21217) 2
*710641: obj =   9.231724652e+00 inf =   7.948e-02 (21105) 2
*710866: obj =   9.231429223e+00 inf =   8.167e-02 (21049) 3
*711099: obj =   9.230939933e+00 inf =   8.475e-02 (20950) 2
*711330: obj =   9.230602670e+00 inf =   8.732e-02 (20799) 2
*711555: obj =   9.230198857e+00 inf =   9.033e-02 (20744) 3
*711782: obj =   9.229940623e+00 inf =   9.265e-02 (20702) 2
*712017: obj =   9.229486902e+00 inf =   9.638e-02 (20662) 2
*712249: obj =   9.229159901e+00 inf =   9.918e-02 (20517) 2
*712476: obj =   9.228799585e+00 inf =   1.024e-01 (20512) 3
*712704: obj =   9.228748843e+00 inf =   1.019e-01 (20431) 2
*712937: obj =   9.228621508e+00 inf =   9.897e-02 (20352) 2
*713167: obj =   9.228310755e+00 inf =   1.008e-01 (20230) 3
*713400: obj =   9.227886082e+00 inf =   1.040e-01 (20166) 2
*713633: obj =   9.227320532e+00 inf =   1.080e-01 (20036) 2
*713867: obj =   9.227059764e+00 inf =   1.102e-01 (19936) 2
*714101: obj =   9.226893965e+00 inf =   1.114e-01 (19819) 3
*714339: obj =   9.226468649e+00 inf =   1.147e-01 (19689) 2
*714574: obj =   9.226081290e+00 inf =   1.176e-01 (19658) 2
*714802: obj =   9.225876894e+00 inf =   1.197e-01 (19591) 3
*715044: obj =   9.225533367e+00 inf =   1.219e-01 (19530) 2
*715293: obj =   9.225265193e+00 inf =   1.226e-01 (19451) 2
*715527: obj =   9.225219244e+00 inf =   1.195e-01 (19379) 3
*715763: obj =   9.225160755e+00 inf =   1.142e-01 (19333) 2
*716006: obj =   9.224751344e+00 inf =   1.159e-01 (19237) 3
*716246: obj =   9.224557846e+00 inf =   1.141e-01 (19176) 2
*716484: obj =   9.224241215e+00 inf =   1.151e-01 (19168) 2
*716714: obj =   9.224240864e+00 inf =   1.099e-01 (19131) 2
*716946: obj =   9.223976017e+00 inf =   1.079e-01 (19056) 3
*717183: obj =   9.223490703e+00 inf =   1.098e-01 (18925) 2
*717415: obj =   9.223264752e+00 inf =   1.105e-01 (18802) 2
*717639: obj =   9.223264226e+00 inf =   1.066e-01 (18740) 3
*717870: obj =   9.222982236e+00 inf =   1.053e-01 (18689) 2
*718105: obj =   9.222643132e+00 inf =   1.056e-01 (18609) 2
*718335: obj =   9.222344886e+00 inf =   1.041e-01 (18514) 2
*718559: obj =   9.222110940e+00 inf =   1.038e-01 (18416) 3
*718784: obj =   9.222002785e+00 inf =   1.001e-01 (18363) 2
*719016: obj =   9.221771088e+00 inf =   9.801e-02 (18300) 2
*719246: obj =   9.221370231e+00 inf =   9.881e-02 (18233) 3
*719472: obj =   9.221265773e+00 inf =   9.582e-02 (18156) 2
*719697: obj =   9.221054373e+00 inf =   9.356e-02 (18097) 2
*719928: obj =   9.220590725e+00 inf =   9.433e-02 (17995) 2
*720145: obj =   9.220436476e+00 inf =   9.395e-02 (17737) 2
*720343: obj =   9.220380682e+00 inf =   9.303e-02 (17790) 2
*720538: obj =   9.220337312e+00 inf =   9.120e-02 (17773) 2
*720739: obj =   9.220271373e+00 inf =   8.858e-02 (17759) 2
*720953: obj =   9.220133418e+00 inf =   8.702e-02 (17764) 2
*721172: obj =   9.219879386e+00 inf =   8.538e-02 (17736) 2
*721388: obj =   9.219692418e+00 inf =   8.444e-02 (17659) 2
*721581: obj =   9.219674635e+00 inf =   8.428e-02 (17096) 2
*721776: obj =   9.219657701e+00 inf =   8.454e-02 (18613) 2
*721973: obj =   9.219490956e+00 inf =   8.284e-02 (17044) 2
*722163: obj =   9.219383695e+00 inf =   8.224e-02 (151212) 2
*722360: obj =   9.219032480e+00 inf =   8.005e-02 (16984) 1
*722546: obj =   9.218820531e+00 inf =   7.939e-02 (16973) 2
*722729: obj =   9.218583420e+00 inf =   7.870e-02 (151618) 2
*722924: obj =   9.218397325e+00 inf =   7.801e-02 (151618) 2
*723114: obj =   9.218121211e+00 inf =   7.745e-02 (151679) 2
*723300: obj =   9.217882304e+00 inf =   7.697e-02 (151711) 2
*723500: obj =   9.217836131e+00 inf =   7.665e-02 (151668) 2
*723706: obj =   9.217662306e+00 inf =   7.564e-02 (151657) 1
*723876: obj =   9.217391446e+00 inf =   7.457e-02 (151743) 2
*724063: obj =   9.217198251e+00 inf =   7.398e-02 (151775) 2
*724260: obj =   9.216957810e+00 inf =   7.344e-02 (151798) 2
*724457: obj =   9.216744966e+00 inf =   7.272e-02 (151775) 2
*724629: obj =   9.216460981e+00 inf =   7.185e-02 (16701) 2
*724832: obj =   9.216263511e+00 inf =   7.094e-02 (16748) 1
*725010: obj =   9.216109668e+00 inf =   7.039e-02 (151808) 2
*725186: obj =   9.215887026e+00 inf =   6.950e-02 (151877) 2
*725380: obj =   9.215700813e+00 inf =   6.886e-02 (151939) 2
*725576: obj =   9.215516849e+00 inf =   6.829e-02 (151907) 2
*725758: obj =   9.215269113e+00 inf =   6.675e-02 (16456) 2
*725957: obj =   9.215131703e+00 inf =   6.636e-02 (151986) 1
*726142: obj =   9.214872081e+00 inf =   6.562e-02 (16425) 2
*726338: obj =   9.214774909e+00 inf =   6.540e-02 (16425) 2
*726521: obj =   9.214593129e+00 inf =   6.486e-02 (152055) 2
*726702: obj =   9.214300449e+00 inf =   6.402e-02 (152121) 2
*726890: obj =   9.214049775e+00 inf =   6.345e-02 (19486) 1
*727075: obj =   9.213860047e+00 inf =   6.287e-02 (152012) 2
*727271: obj =   9.213697704e+00 inf =   6.234e-02 (151968) 2
*727468: obj =   9.213618955e+00 inf =   6.209e-02 (16544) 2
*727668: obj =   9.213361654e+00 inf =   6.163e-02 (152125) 2
*727870: obj =   9.213271894e+00 inf =   6.094e-02 (152084) 2
*728042: obj =   9.213135718e+00 inf =   6.014e-02 (18292) 2
*728230: obj =   9.212938884e+00 inf =   5.937e-02 (152052) 2
*728432: obj =   9.212667687e+00 inf =   5.859e-02 (17293) 1
*728634: obj =   9.212473171e+00 inf =   5.763e-02 (18613) 2
*728827: obj =   9.212155493e+00 inf =   5.706e-02 (19017) 2
*729018: obj =   9.212015448e+00 inf =   5.678e-02 (151783) 2
*729204: obj =   9.211817817e+00 inf =   5.655e-02 (152240) 2
*729390: obj =   9.211714486e+00 inf =   5.661e-02 (22203) 2
*729579: obj =   9.211666713e+00 inf =   5.622e-02 (20380) 2
*729781: obj =   9.211552468e+00 inf =   5.572e-02 (152367) 2
*729974: obj =   9.211424827e+00 inf =   5.496e-02 (151970) 1
*730161: obj =   9.211296785e+00 inf =   5.475e-02 (152260) 2
*730334: obj =   9.211111022e+00 inf =   5.426e-02 (152029) 2
*730523: obj =   9.210934429e+00 inf =   5.381e-02 (22223) 2
*730729: obj =   9.210749359e+00 inf =   5.334e-02 (21921) 2
*730934: obj =   9.210606605e+00 inf =   5.289e-02 (19330) 2
*731133: obj =   9.210520003e+00 inf =   5.262e-02 (151694) 2
*731339: obj =   9.210326770e+00 inf =   5.233e-02 (151679) 2
*731533: obj =   9.210251143e+00 inf =   5.232e-02 (151514) 2
*731725: obj =   9.210179526e+00 inf =   5.189e-02 (151721) 1
*731892: obj =   9.210024260e+00 inf =   5.104e-02 (16986) 2
*732076: obj =   9.209914087e+00 inf =   5.080e-02 (151564) 2
*732253: obj =   9.209770208e+00 inf =   5.046e-02 (15442) 2
*732457: obj =   9.209646119e+00 inf =   4.951e-02 (16393) 1
*732640: obj =   9.209517515e+00 inf =   4.914e-02 (151741) 2
*732825: obj =   9.209392274e+00 inf =   4.894e-02 (151627) 2
*733008: obj =   9.209332994e+00 inf =   4.794e-02 (151678) 2
*733183: obj =   9.209242714e+00 inf =   4.695e-02 (15230) 2
*733388: obj =   9.209183713e+00 inf =   4.532e-02 (151730) 2
*733578: obj =   9.209097235e+00 inf =   4.358e-02 (15190) 1
*733747: obj =   9.208882283e+00 inf =   4.288e-02 (15143) 2
*733933: obj =   9.208842535e+00 inf =   4.241e-02 (14932) 2
*734115: obj =   9.208781245e+00 inf =   4.225e-02 (14891) 2
*734307: obj =   9.208629450e+00 inf =   4.070e-02 (151606) 1
*734501: obj =   9.208490168e+00 inf =   3.934e-02 (151895) 2
*734660: obj =   9.208380066e+00 inf =   3.870e-02 (151982) 2
*734826: obj =   9.208275499e+00 inf =   3.794e-02 (14991) 2
*735015: obj =   9.208224901e+00 inf =   3.780e-02 (14716) 1
*735191: obj =   9.208053277e+00 inf =   3.682e-02 (14742) 2
*735363: obj =   9.207941992e+00 inf =   3.652e-02 (151721) 2
*735546: obj =   9.207799887e+00 inf =   3.615e-02 (14722) 1
*735705: obj =   9.207719980e+00 inf =   3.617e-02 (151835) 2
*735877: obj =   9.207540028e+00 inf =   3.592e-02 (14684) 2
*736056: obj =   9.207483497e+00 inf =   3.548e-02 (14756) 2
*736244: obj =   9.207433894e+00 inf =   3.505e-02 (151644) 1
*736421: obj =   9.207273599e+00 inf =   3.444e-02 (14531) 2
*736582: obj =   9.207205221e+00 inf =   3.458e-02 (14621) 2
*736771: obj =   9.207001995e+00 inf =   3.405e-02 (151981) 2
*736949: obj =   9.206857992e+00 inf =   3.386e-02 (151712) 1
*737123: obj =   9.206770584e+00 inf =   3.396e-02 (14263) 2
*737297: obj =   9.206682463e+00 inf =   3.423e-02 (14203) 2
*737484: obj =   9.206644220e+00 inf =   3.423e-02 (14360) 1
*737642: obj =   9.206535224e+00 inf =   3.405e-02 (151967) 2
*737812: obj =   9.206421029e+00 inf =   3.363e-02 (14289) 2
*737995: obj =   9.206327826e+00 inf =   3.322e-02 (14391) 1
*738174: obj =   9.206231663e+00 inf =   3.337e-02 (14446) 2
*738330: obj =   9.206100016e+00 inf =   3.287e-02 (14390) 2
*738513: obj =   9.205943080e+00 inf =   3.272e-02 (14276) 2
*738693: obj =   9.205809291e+00 inf =   3.308e-02 (152203) 1
*738847: obj =   9.205725322e+00 inf =   3.335e-02 (151554) 2
*739019: obj =   9.205682694e+00 inf =   3.343e-02 (14085) 2
*739201: obj =   9.205563142e+00 inf =   3.337e-02 (14129) 1
*739353: obj =   9.205466017e+00 inf =   3.334e-02 (14157) 2
*739526: obj =   9.205331405e+00 inf =   3.352e-02 (13994) 2
*739710: obj =   9.205275751e+00 inf =   3.368e-02 (13943) 1
*739867: obj =   9.205274921e+00 inf =   3.375e-02 (13972) 2
*740038: obj =   9.205179091e+00 inf =   3.333e-02 (151958) 2
*740217: obj =   9.205080925e+00 inf =   3.329e-02 (13735) 1
*740370: obj =   9.205004178e+00 inf =   3.328e-02 (13668) 2
*740540: obj =   9.204878765e+00 inf =   3.346e-02 (152072) 2
*740721: obj =   9.204815897e+00 inf =   3.355e-02 (13581) 1
*740890: obj =   9.204702663e+00 inf =   3.373e-02 (13559) 2
*741049: obj =   9.204603312e+00 inf =   3.431e-02 (13499) 2
*741234: obj =   9.204487336e+00 inf =   3.503e-02 (13427) 1
*741392: obj =   9.204447152e+00 inf =   3.527e-02 (152003) 2
*741561: obj =   9.204391245e+00 inf =   3.514e-02 (13422) 2
*741745: obj =   9.204390967e+00 inf =   3.458e-02 (13380) 1
*741899: obj =   9.204366185e+00 inf =   3.351e-02 (13352) 2
*742068: obj =   9.204296251e+00 inf =   3.300e-02 (13376) 2
*742256: obj =   9.204185280e+00 inf =   3.327e-02 (13291) 1
*742413: obj =   9.204110256e+00 inf =   3.340e-02 (13287) 2
*742572: obj =   9.204053657e+00 inf =   3.371e-02 (13243) 2
*742753: obj =   9.204000846e+00 inf =   3.344e-02 (13195) 1
*742908: obj =   9.203943493e+00 inf =   3.345e-02 (13097) 2
*743077: obj =   9.203876389e+00 inf =   3.379e-02 (13035) 2
*743267: obj =   9.203791882e+00 inf =   3.399e-02 (12991) 1
*743430: obj =   9.203730651e+00 inf =   3.426e-02 (12934) 2
*743586: obj =   9.203678901e+00 inf =   3.449e-02 (12922) 2
*743772: obj =   9.203605863e+00 inf =   3.474e-02 (12898) 1
*743938: obj =   9.203581668e+00 inf =   3.404e-02 (12809) 2
*744095: obj =   9.203565830e+00 inf =   3.346e-02 (12776) 2
*744281: obj =   9.203484063e+00 inf =   3.303e-02 (151977) 1
*744440: obj =   9.203415992e+00 inf =   3.326e-02 (12730) 2
*744600: obj =   9.203349363e+00 inf =   3.344e-02 (12692) 2
*744787: obj =   9.203213298e+00 inf =   3.363e-02 (12641) 1
*744968: obj =   9.203194006e+00 inf =   3.329e-02 (13214) 2
*745167: obj =   9.203146765e+00 inf =   3.360e-02 (150703) 2
*745380: obj =   9.203082847e+00 inf =   3.341e-02 (150926) 2
*745581: obj =   9.202981135e+00 inf =   3.326e-02 (151094) 2
*745783: obj =   9.202866375e+00 inf =   3.368e-02 (151242) 2
*745990: obj =   9.202849876e+00 inf =   3.366e-02 (151360) 2
*746173: obj =   9.202811101e+00 inf =   3.328e-02 (151239) 2
*746377: obj =   9.202740923e+00 inf =   3.246e-02 (12556) 2
*746573: obj =   9.202720398e+00 inf =   3.185e-02 (151283) 2
*746766: obj =   9.202665238e+00 inf =   3.094e-02 (12526) 2
*746975: obj =   9.202569308e+00 inf =   3.070e-02 (12413) 2
*747189: obj =   9.202427571e+00 inf =   3.008e-02 (12483) 2
*747389: obj =   9.202383540e+00 inf =   3.051e-02 (151307) 1
*747586: obj =   9.202316524e+00 inf =   3.064e-02 (12469) 2
*747795: obj =   9.202186113e+00 inf =   3.033e-02 (12397) 2
*747995: obj =   9.202088687e+00 inf =   3.074e-02 (12342) 2
*748199: obj =   9.202012274e+00 inf =   3.135e-02 (151007) 2
*748393: obj =   9.201916259e+00 inf =   3.174e-02 (12254) 2
*748599: obj =   9.201842934e+00 inf =   3.174e-02 (151209) 2
*748791: obj =   9.201750376e+00 inf =   3.165e-02 (12225) 2
*749002: obj =   9.201724002e+00 inf =   3.112e-02 (12196) 2
*749201: obj =   9.201648921e+00 inf =   3.124e-02 (12125) 2
*749416: obj =   9.201503295e+00 inf =   3.084e-02 (12142) 2
*749612: obj =   9.201432625e+00 inf =   3.094e-02 (12160) 2
*749826: obj =   9.201333796e+00 inf =   3.090e-02 (12056) 2
*750041: obj =   9.201216518e+00 inf =   3.067e-02 (12117) 2
*750238: obj =   9.201162421e+00 inf =   3.050e-02 (12072) 2
*750455: obj =   9.201009476e+00 inf =   3.067e-02 (12093) 2
*750671: obj =   9.200953727e+00 inf =   3.135e-02 (12074) 2
*750889: obj =   9.200808387e+00 inf =   3.117e-02 (12086) 2
*751116: obj =   9.200731204e+00 inf =   3.136e-02 (11928) 2
*751341: obj =   9.200624543e+00 inf =   3.149e-02 (11912) 2
*751541: obj =   9.200570959e+00 inf =   3.147e-02 (11828) 2
*751756: obj =   9.200433596e+00 inf =   3.139e-02 (11783) 2
*751977: obj =   9.200346681e+00 inf =   3.163e-02 (11745) 2
*752203: obj =   9.200228188e+00 inf =   3.207e-02 (11738) 2
*752421: obj =   9.200150376e+00 inf =   3.260e-02 (11708) 3
*752644: obj =   9.200034598e+00 inf =   3.297e-02 (11687) 2
*752868: obj =   9.199944182e+00 inf =   3.361e-02 (11602) 2
*753096: obj =   9.199835517e+00 inf =   3.422e-02 (11570) 2
*753322: obj =   9.199758103e+00 inf =   3.547e-02 (11490) 2
*753548: obj =   9.199637714e+00 inf =   3.620e-02 (11524) 2
*753772: obj =   9.199591197e+00 inf =   3.732e-02 (11431) 2
*753993: obj =   9.199532906e+00 inf =   3.762e-02 (11392) 3
*754219: obj =   9.199442351e+00 inf =   3.845e-02 (11386) 2
*754442: obj =   9.199367142e+00 inf =   3.925e-02 (150898) 2
*754641: obj =   9.199354621e+00 inf =   3.871e-02 (11312) 2
*754859: obj =   9.199251935e+00 inf =   3.885e-02 (11265) 2
*755060: obj =   9.199200828e+00 inf =   3.857e-02 (11246) 2
*755277: obj =   9.199173689e+00 inf =   3.869e-02 (11166) 2
*755474: obj =   9.199155338e+00 inf =   3.821e-02 (11137) 2
*755693: obj =   9.199056025e+00 inf =   3.782e-02 (11128) 2
*755914: obj =   9.198939532e+00 inf =   3.760e-02 (11069) 2
*756143: obj =   9.198850880e+00 inf =   3.767e-02 (10980) 2
*756372: obj =   9.198752720e+00 inf =   3.839e-02 (10918) 2
*756594: obj =   9.198710139e+00 inf =   3.868e-02 (10830) 3
*756822: obj =   9.198626397e+00 inf =   3.939e-02 (10790) 2
*757043: obj =   9.198533229e+00 inf =   3.961e-02 (10882) 2
*757267: obj =   9.198489790e+00 inf =   3.989e-02 (10883) 2
*757488: obj =   9.198412961e+00 inf =   3.965e-02 (10812) 2
*757708: obj =   9.198362547e+00 inf =   4.003e-02 (10821) 2
*757913: obj =   9.198343821e+00 inf =   3.946e-02 (10923) 2
*758121: obj =   9.198284869e+00 inf =   3.876e-02 (151117) 2
*758343: obj =   9.198224183e+00 inf =   3.792e-02 (10707) 2
*758565: obj =   9.198128502e+00 inf =   3.796e-02 (10680) 2
*758787: obj =   9.198048712e+00 inf =   3.798e-02 (10654) 2
*759002: obj =   9.197981284e+00 inf =   3.800e-02 (10836) 3
*759222: obj =   9.197921948e+00 inf =   3.799e-02 (10812) 2
*759442: obj =   9.197856550e+00 inf =   3.856e-02 (10743) 2
*759666: obj =   9.197798436e+00 inf =   3.865e-02 (10787) 2
*759883: obj =   9.197744049e+00 inf =   3.874e-02 (10513) 2
*760085: obj =   9.197736158e+00 inf =   3.861e-02 (10444) 2
*760301: obj =   9.197714190e+00 inf =   3.831e-02 (11032) 2
*760521: obj =   9.197688311e+00 inf =   3.755e-02 (11040) 2
*760742: obj =   9.197612646e+00 inf =   3.681e-02 (11018) 2
*760971: obj =   9.197512705e+00 inf =   3.651e-02 (10959) 2
*761192: obj =   9.197481094e+00 inf =   3.682e-02 (10303) 2
*761403: obj =   9.197421864e+00 inf =   3.633e-02 (11159) 2
*761618: obj =   9.197371766e+00 inf =   3.649e-02 (11193) 3
*761824: obj =   9.197311528e+00 inf =   3.644e-02 (10577) 2
*762035: obj =   9.197281662e+00 inf =   3.625e-02 (10160) 2
*762253: obj =   9.197200428e+00 inf =   3.612e-02 (11279) 2
*762459: obj =   9.197160400e+00 inf =   3.625e-02 (10166) 2
*762670: obj =   9.197093250e+00 inf =   3.600e-02 (11179) 2
*762884: obj =   9.197048531e+00 inf =   3.629e-02 (10753) 2
*763101: obj =   9.197004689e+00 inf =   3.658e-02 (11121) 2
*763318: obj =   9.196956043e+00 inf =   3.671e-02 (11264) 2
*763525: obj =   9.196888530e+00 inf =   3.700e-02 (10927) 2
*763732: obj =   9.196850953e+00 inf =   3.725e-02 (150630) 2
*763942: obj =   9.196836168e+00 inf =   3.627e-02 (10042) 2
*764127: obj =   9.196801129e+00 inf =   3.608e-02 (10049) 2
*764313: obj =   9.196800404e+00 inf =   3.472e-02 (9997) 2
*764515: obj =   9.196749160e+00 inf =   3.414e-02 (9971) 2
*764717: obj =   9.196693357e+00 inf =   3.390e-02 (9923) 2
*764920: obj =   9.196663141e+00 inf =   3.375e-02 (9718) 2
*765122: obj =   9.196636974e+00 inf =   3.354e-02 (9800) 2
*765324: obj =   9.196586951e+00 inf =   3.374e-02 (9759) 2
*765542: obj =   9.196565913e+00 inf =   3.252e-02 (9834) 2
*765775: obj =   9.196539443e+00 inf =   3.165e-02 (10138) 2
*765992: obj =   9.196494699e+00 inf =   3.107e-02 (10245) 2
*766216: obj =   9.196456957e+00 inf =   3.045e-02 (10819) 2
*766437: obj =   9.196409953e+00 inf =   2.987e-02 (10812) 2
*766655: obj =   9.196335779e+00 inf =   3.010e-02 (150084) 2
*766875: obj =   9.196301068e+00 inf =   2.978e-02 (9661) 2
*767062: obj =   9.196288101e+00 inf =   2.837e-02 (10242) 2
*767243: obj =   9.196235327e+00 inf =   2.773e-02 (10275) 2
*767438: obj =   9.196188023e+00 inf =   2.751e-02 (149992) 2
*767628: obj =   9.196142033e+00 inf =   2.714e-02 (10686) 1
*767811: obj =   9.196129578e+00 inf =   2.681e-02 (10411) 2
*767997: obj =   9.196111427e+00 inf =   2.551e-02 (10552) 2
*768172: obj =   9.196071910e+00 inf =   2.467e-02 (10335) 2
*768367: obj =   9.196020885e+00 inf =   2.407e-02 (10182) 2
*768556: obj =   9.195945923e+00 inf =   2.316e-02 (10297) 1
*768735: obj =   9.195906282e+00 inf =   2.309e-02 (10203) 2
*768911: obj =   9.195905971e+00 inf =   2.301e-02 (10212) 2
*769085: obj =   9.195853694e+00 inf =   2.264e-02 (10229) 2
*769279: obj =   9.195793964e+00 inf =   2.240e-02 (10213) 1
*769452: obj =   9.195738709e+00 inf =   2.238e-02 (10378) 2
*769618: obj =   9.195686861e+00 inf =   2.210e-02 (10101) 2
*769802: obj =   9.195628653e+00 inf =   2.224e-02 (10246) 2
*770009: obj =   9.195592754e+00 inf =   2.122e-02 (10367) 1
*770191: obj =   9.195536856e+00 inf =   2.079e-02 (10014) 2
*770361: obj =   9.195473541e+00 inf =   2.059e-02 (10330) 2
*770538: obj =   9.195389938e+00 inf =   2.070e-02 (10023) 2
*770726: obj =   9.195304929e+00 inf =   2.116e-02 (10311) 1
*770904: obj =   9.195268390e+00 inf =   2.158e-02 (10193) 2
*771077: obj =   9.195227574e+00 inf =   2.167e-02 (9855) 2
*771246: obj =   9.195196161e+00 inf =   2.167e-02 (9920) 2
*771435: obj =   9.195163218e+00 inf =   2.200e-02 (9873) 1
*771581: obj =   9.195146429e+00 inf =   2.200e-02 (9861) 2
*771730: obj =   9.195111360e+00 inf =   2.186e-02 (9959) 1
*771864: obj =   9.195057427e+00 inf =   2.215e-02 (10012) 2
*772044: obj =   9.195038405e+00 inf =   2.188e-02 (10189) 1
*772229: obj =   9.195005776e+00 inf =   2.171e-02 (9943) 2
*772397: obj =   9.194950336e+00 inf =   2.170e-02 (10458) 2
*772581: obj =   9.194889860e+00 inf =   2.184e-02 (9702) 2
*772778: obj =   9.194885559e+00 inf =   2.171e-02 (9625) 1
*772941: obj =   9.194838122e+00 inf =   2.154e-02 (9594) 2
*773115: obj =   9.194818354e+00 inf =   2.132e-02 (9735) 2
*773298: obj =   9.194782417e+00 inf =   2.110e-02 (9600) 2
*773485: obj =   9.194742229e+00 inf =   2.098e-02 (9494) 1
*773649: obj =   9.194663666e+00 inf =   2.087e-02 (9505) 2
*773809: obj =   9.194588096e+00 inf =   2.109e-02 (9503) 2
*774006: obj =   9.194577891e+00 inf =   2.146e-02 (9451) 1
*774174: obj =   9.194518089e+00 inf =   2.150e-02 (150597) 2
*774339: obj =   9.194467926e+00 inf =   2.146e-02 (9366) 2
*774516: obj =   9.194443395e+00 inf =   2.157e-02 (9287) 2
*774700: obj =   9.194371059e+00 inf =   2.144e-02 (150481) 1
*774861: obj =   9.194311373e+00 inf =   2.172e-02 (9301) 2
*775027: obj =   9.194258334e+00 inf =   2.184e-02 (9299) 2
*775224: obj =   9.194191777e+00 inf =   2.232e-02 (9253) 1
*775394: obj =   9.194160946e+00 inf =   2.262e-02 (10108) 2
*775560: obj =   9.194098224e+00 inf =   2.275e-02 (10150) 2
*775744: obj =   9.194070405e+00 inf =   2.277e-02 (9911) 2
*775928: obj =   9.194052107e+00 inf =   2.232e-02 (9433) 1
*776097: obj =   9.194002079e+00 inf =   2.225e-02 (10286) 2
*776270: obj =   9.193963714e+00 inf =   2.214e-02 (10185) 2
*776453: obj =   9.193906690e+00 inf =   2.235e-02 (9612) 2
*776640: obj =   9.193849454e+00 inf =   2.260e-02 (9478) 1
*776816: obj =   9.193800112e+00 inf =   2.292e-02 (9452) 2
*776981: obj =   9.193788340e+00 inf =   2.254e-02 (9909) 2
*777164: obj =   9.193762046e+00 inf =   2.253e-02 (9153) 2
*777354: obj =   9.193720619e+00 inf =   2.231e-02 (9155) 1
*777513: obj =   9.193651781e+00 inf =   2.218e-02 (9192) 2
*777676: obj =   9.193614772e+00 inf =   2.234e-02 (9073) 2
*777873: obj =   9.193613679e+00 inf =   2.230e-02 (8993) 2
*778071: obj =   9.193573963e+00 inf =   2.226e-02 (9021) 1
*778241: obj =   9.193524918e+00 inf =   2.227e-02 (9087) 2
*778414: obj =   9.193515386e+00 inf =   2.231e-02 (9054) 2
*778597: obj =   9.193487661e+00 inf =   2.204e-02 (9025) 2
*778784: obj =   9.193424390e+00 inf =   2.181e-02 (8985) 1
*778956: obj =   9.193379466e+00 inf =   2.183e-02 (8940) 2
*779131: obj =   9.193369690e+00 inf =   2.179e-02 (8896) 2
*779303: obj =   9.193336774e+00 inf =   2.190e-02 (8959) 2
*779496: obj =   9.193292315e+00 inf =   2.209e-02 (8948) 1
*779664: obj =   9.193262027e+00 inf =   2.244e-02 (8868) 2
*779828: obj =   9.193231743e+00 inf =   2.257e-02 (8767) 2
*780005: obj =   9.193195697e+00 inf =   2.312e-02 (8746) 2
*780202: obj =   9.193157020e+00 inf =   2.384e-02 (8619) 1
*780372: obj =   9.193128937e+00 inf =   2.410e-02 (8705) 2
*780542: obj =   9.193104934e+00 inf =   2.427e-02 (8687) 2
*780714: obj =   9.193071804e+00 inf =   2.497e-02 (8624) 2
*780908: obj =   9.193052086e+00 inf =   2.521e-02 (8672) 1
*781086: obj =   9.193046028e+00 inf =   2.470e-02 (8657) 2
*781253: obj =   9.193002469e+00 inf =   2.489e-02 (8631) 2
*781427: obj =   9.192983808e+00 inf =   2.521e-02 (8542) 2
*781621: obj =   9.192949266e+00 inf =   2.559e-02 (8491) 1
*781797: obj =   9.192908483e+00 inf =   2.632e-02 (8501) 2
*781974: obj =   9.192896182e+00 inf =   2.648e-02 (8487) 2
*782140: obj =   9.192870510e+00 inf =   2.693e-02 (8407) 2
*782336: obj =   9.192845732e+00 inf =   2.733e-02 (8425) 1
*782507: obj =   9.192817268e+00 inf =   2.775e-02 (8363) 2
*782677: obj =   9.192791480e+00 inf =   2.784e-02 (8297) 2
*782848: obj =   9.192773494e+00 inf =   2.802e-02 (8199) 2
*783044: obj =   9.192745457e+00 inf =   2.875e-02 (9891) 1
*783223: obj =   9.192729134e+00 inf =   2.899e-02 (8091) 2
*783393: obj =   9.192712237e+00 inf =   2.902e-02 (8130) 2
*783563: obj =   9.192683674e+00 inf =   2.979e-02 (8141) 2
*783755: obj =   9.192676555e+00 inf =   2.984e-02 (8094) 2
*783954: obj =   9.192651305e+00 inf =   3.033e-02 (8152) 1
*784128: obj =   9.192631160e+00 inf =   3.059e-02 (8168) 2
*784300: obj =   9.192605016e+00 inf =   3.090e-02 (8179) 2
*784470: obj =   9.192590322e+00 inf =   3.113e-02 (8184) 2
*784661: obj =   9.192586882e+00 inf =   3.092e-02 (8140) 1
*784829: obj =   9.192567376e+00 inf =   3.053e-02 (150170) 2
*785006: obj =   9.192561064e+00 inf =   3.017e-02 (8127) 2
*785186: obj =   9.192529884e+00 inf =   3.013e-02 (8081) 2
*785378: obj =   9.192513834e+00 inf =   2.999e-02 (8119) 1
*785549: obj =   9.192489162e+00 inf =   2.985e-02 (8118) 2
*785721: obj =   9.192481245e+00 inf =   2.968e-02 (8036) 2
*785894: obj =   9.192463863e+00 inf =   2.947e-02 (9605) 2
*786091: obj =   9.192437204e+00 inf =   2.954e-02 (7892) 1
*786263: obj =   9.192413716e+00 inf =   2.961e-02 (7870) 2
*786437: obj =   9.192390443e+00 inf =   2.968e-02 (7844) 2
*786617: obj =   9.192368449e+00 inf =   2.956e-02 (7885) 2
*786804: obj =   9.192336262e+00 inf =   2.948e-02 (149917) 2
*786990: obj =   9.192318991e+00 inf =   2.933e-02 (7826) 1
*787162: obj =   9.192299189e+00 inf =   2.916e-02 (7812) 2
*787334: obj =   9.192279686e+00 inf =   2.906e-02 (149839) 2
*787514: obj =   9.192269652e+00 inf =   2.878e-02 (7824) 2
*787710: obj =   9.192259044e+00 inf =   2.868e-02 (7930) 1
*787880: obj =   9.192231809e+00 inf =   2.834e-02 (7803) 2
*788069: obj =   9.192215222e+00 inf =   2.777e-02 (8015) 2
*788269: obj =   9.192212443e+00 inf =   2.701e-02 (8920) 2
*788454: obj =   9.192194660e+00 inf =   2.658e-02 (8130) 2
*788646: obj =   9.192169299e+00 inf =   2.623e-02 (8086) 2
*788844: obj =   9.192154488e+00 inf =   2.619e-02 (8649) 2
*789051: obj =   9.192147396e+00 inf =   2.558e-02 (8604) 1
*789256: obj =   9.192133594e+00 inf =   2.497e-02 (8393) 2
*789469: obj =   9.192118450e+00 inf =   2.447e-02 (9158) 2
*789641: obj =   9.192107555e+00 inf =   2.393e-02 (7626) 2
*789842: obj =   9.192081127e+00 inf =   2.322e-02 (8021) 2
*790056: obj =   9.192051033e+00 inf =   2.265e-02 (7961) 2
*790246: obj =   9.192027591e+00 inf =   2.237e-02 (8130) 2
*790456: obj =   9.192022618e+00 inf =   2.229e-02 (8699) 2
*790655: obj =   9.192007474e+00 inf =   2.172e-02 (8695) 2
*790844: obj =   9.191983424e+00 inf =   2.143e-02 (7981) 2
*791042: obj =   9.191978639e+00 inf =   2.150e-02 (7712) 2
*791243: obj =   9.191957621e+00 inf =   2.116e-02 (8152) 2
*791443: obj =   9.191949287e+00 inf =   2.082e-02 (8306) 2
*791635: obj =   9.191923588e+00 inf =   2.020e-02 (7376) 1
*791809: obj =   9.191908970e+00 inf =   2.002e-02 (8108) 2
*791993: obj =   9.191888393e+00 inf =   1.983e-02 (7474) 2
*792198: obj =   9.191885148e+00 inf =   1.962e-02 (8544) 2
*792393: obj =   9.191865265e+00 inf =   1.938e-02 (8018) 2
*792583: obj =   9.191846357e+00 inf =   1.925e-02 (7430) 2
*792777: obj =   9.191808417e+00 inf =   1.948e-02 (12135) 2
*792984: obj =   9.191788117e+00 inf =   1.936e-02 (7759) 2
*793184: obj =   9.191778328e+00 inf =   1.946e-02 (7387) 2
*793389: obj =   9.191765049e+00 inf =   1.965e-02 (7469) 2
*793591: obj =   9.191749127e+00 inf =   1.947e-02 (8610) 1
*793785: obj =   9.191728415e+00 inf =   1.890e-02 (7623) 2
*793968: obj =   9.191709679e+00 inf =   1.883e-02 (7420) 2
*794172: obj =   9.191698367e+00 inf =   1.893e-02 (8289) 2
*794365: obj =   9.191692982e+00 inf =   1.850e-02 (8638) 2
*794555: obj =   9.191674866e+00 inf =   1.834e-02 (7791) 2
*794735: obj =   9.191661818e+00 inf =   1.854e-02 (7778) 2
*794958: obj =   9.191533928e+00 inf =   1.874e-02 (19864) 2
*795188: obj =   9.191351102e+00 inf =   1.803e-02 (19930) 2
*795416: obj =   9.190024002e+00 inf =   1.848e-02 (19988) 2
*795639: obj =   9.189059211e+00 inf =   1.877e-02 (20007) 3
*795864: obj =   9.188953933e+00 inf =   1.846e-02 (20031) 2
*796098: obj =   9.187919915e+00 inf =   1.817e-02 (20042) 2
*796328: obj =   9.186402495e+00 inf =   1.810e-02 (20020) 2
*796551: obj =   9.185260012e+00 inf =   1.845e-02 (19978) 3
*796776: obj =   9.183659897e+00 inf =   1.870e-02 (19914) 2
*797005: obj =   9.182307199e+00 inf =   1.911e-02 (19920) 2
*797233: obj =   9.181449303e+00 inf =   1.939e-02 (19891) 2
*797456: obj =   9.179982858e+00 inf =   1.957e-02 (19869) 3
*797680: obj =   9.179153016e+00 inf =   1.970e-02 (19817) 2
*797902: obj =   9.177845767e+00 inf =   2.004e-02 (19739) 2
*798131: obj =   9.177138783e+00 inf =   1.962e-02 (19687) 2
*798358: obj =   9.175935092e+00 inf =   1.983e-02 (19640) 2
*798578: obj =   9.174960022e+00 inf =   1.996e-02 (19622) 3
*798803: obj =   9.173418788e+00 inf =   2.045e-02 (19548) 2
*799032: obj =   9.172145506e+00 inf =   2.072e-02 (19507) 2
*799260: obj =   9.170984601e+00 inf =   2.130e-02 (19460) 2
*799480: obj =   9.169784294e+00 inf =   2.196e-02 (19394) 3
*799705: obj =   9.168502173e+00 inf =   2.271e-02 (19394) 2
*799929: obj =   9.167768318e+00 inf =   2.344e-02 (19265) 2
*800157: obj =   9.166647733e+00 inf =   2.435e-02 (19184) 2
*800382: obj =   9.165643122e+00 inf =   2.501e-02 (19100) 2
*800600: obj =   9.165143458e+00 inf =   2.490e-02 (19054) 3
*800822: obj =   9.163934151e+00 inf =   2.554e-02 (18953) 2
*801039: obj =   9.162818556e+00 inf =   2.659e-02 (18885) 2
*801266: obj =   9.161377604e+00 inf =   2.758e-02 (18864) 2
*801490: obj =   9.160378662e+00 inf =   2.837e-02 (18824) 2
*801708: obj =   9.159218746e+00 inf =   2.933e-02 (18806) 3
*801930: obj =   9.158769034e+00 inf =   2.938e-02 (18714) 2
*802157: obj =   9.157724730e+00 inf =   2.965e-02 (18640) 2
*802382: obj =   9.155839334e+00 inf =   3.046e-02 (18565) 2
*802605: obj =   9.152908539e+00 inf =   3.111e-02 (18471) 3
*802827: obj =   9.152030350e+00 inf =   3.175e-02 (18454) 2
*803055: obj =   9.149921503e+00 inf =   3.259e-02 (18430) 2
*803282: obj =   9.147164491e+00 inf =   3.280e-02 (18404) 2
*803506: obj =   9.145976046e+00 inf =   3.420e-02 (18357) 2
*803726: obj =   9.145019139e+00 inf =   3.557e-02 (18294) 3
*803952: obj =   9.143391456e+00 inf =   3.705e-02 (18193) 2
*804180: obj =   9.141863594e+00 inf =   3.756e-02 (18151) 2
*804406: obj =   9.140630525e+00 inf =   3.941e-02 (18130) 2
*804627: obj =   9.139466533e+00 inf =   4.156e-02 (18082) 3
*804851: obj =   9.138456694e+00 inf =   4.350e-02 (17946) 2
*805081: obj =   9.137221362e+00 inf =   4.520e-02 (17882) 2
*805309: obj =   9.136489956e+00 inf =   4.544e-02 (17844) 2
*805534: obj =   9.135697803e+00 inf =   4.612e-02 (17773) 2
*805753: obj =   9.134815116e+00 inf =   4.719e-02 (17784) 3
*805980: obj =   9.133584358e+00 inf =   5.000e-02 (17727) 2
*806208: obj =   9.132802109e+00 inf =   5.207e-02 (17655) 2
*806435: obj =   9.131686347e+00 inf =   5.472e-02 (17631) 2
*806655: obj =   9.131069381e+00 inf =   5.661e-02 (17549) 3
*806877: obj =   9.129708343e+00 inf =   6.077e-02 (17507) 2
*807106: obj =   9.129033149e+00 inf =   6.328e-02 (17449) 2
*807330: obj =   9.128882816e+00 inf =   6.328e-02 (17379) 2
*807553: obj =   9.128138475e+00 inf =   6.567e-02 (17312) 2
*807771: obj =   9.127338520e+00 inf =   6.829e-02 (17199) 3
*807997: obj =   9.126671090e+00 inf =   6.952e-02 (17103) 2
*808226: obj =   9.125639863e+00 inf =   7.263e-02 (17086) 2
*808449: obj =   9.125127558e+00 inf =   7.352e-02 (17043) 2
*808669: obj =   9.124381693e+00 inf =   7.560e-02 (16970) 3
*808890: obj =   9.124377774e+00 inf =   7.473e-02 (16865) 2
*809118: obj =   9.123860762e+00 inf =   7.563e-02 (16772) 2
*809345: obj =   9.122917229e+00 inf =   7.725e-02 (16718) 2
*809568: obj =   9.122334313e+00 inf =   7.801e-02 (16670) 2
*809785: obj =   9.121577603e+00 inf =   7.783e-02 (16568) 3
*810010: obj =   9.120920859e+00 inf =   7.858e-02 (16562) 2
*810238: obj =   9.120130141e+00 inf =   7.975e-02 (16507) 2
*810462: obj =   9.119338782e+00 inf =   8.097e-02 (16568) 2
*810684: obj =   9.118500333e+00 inf =   8.264e-02 (16539) 2
*810898: obj =   9.118317234e+00 inf =   8.147e-02 (16341) 3
*811125: obj =   9.118149328e+00 inf =   8.039e-02 (16216) 2
*811353: obj =   9.117803348e+00 inf =   8.013e-02 (16172) 2
*811579: obj =   9.116863292e+00 inf =   8.127e-02 (16115) 2
*811801: obj =   9.116123977e+00 inf =   8.243e-02 (16015) 3
*812029: obj =   9.115153128e+00 inf =   8.417e-02 (15997) 2
*812258: obj =   9.114177075e+00 inf =   8.652e-02 (15912) 2
*812484: obj =   9.113326126e+00 inf =   8.837e-02 (15863) 2
*812707: obj =   9.112675183e+00 inf =   9.018e-02 (15864) 2
*812927: obj =   9.111969148e+00 inf =   9.223e-02 (15839) 3
*813157: obj =   9.111394242e+00 inf =   9.397e-02 (15741) 2
*813387: obj =   9.110560438e+00 inf =   9.725e-02 (15671) 2
*813613: obj =   9.110100958e+00 inf =   9.912e-02 (15577) 2
*813835: obj =   9.109240108e+00 inf =   1.026e-01 (15551) 3
*814068: obj =   9.108550088e+00 inf =   1.058e-01 (15448) 2
*814302: obj =   9.107438254e+00 inf =   1.110e-01 (15392) 2
*814530: obj =   9.106573315e+00 inf =   1.158e-01 (15400) 3
*814762: obj =   9.106065332e+00 inf =   1.186e-01 (15291) 2
*815003: obj =   9.105486145e+00 inf =   1.214e-01 (15137) 2
*815255: obj =   9.104879466e+00 inf =   1.240e-01 (14978) 3
*815511: obj =   9.104076396e+00 inf =   1.278e-01 (14942) 2
*815779: obj =   9.103752850e+00 inf =   1.286e-01 (15003) 3
*816038: obj =   9.103436565e+00 inf =   1.292e-01 (15027) 2
*816287: obj =   9.103145213e+00 inf =   1.286e-01 (14989) 3
*816533: obj =   9.102413043e+00 inf =   1.306e-01 (14969) 2
*816769: obj =   9.101542492e+00 inf =   1.335e-01 (14976) 3
*817008: obj =   9.101109890e+00 inf =   1.345e-01 (14921) 2
*817251: obj =   9.100733401e+00 inf =   1.336e-01 (14830) 2
*817487: obj =   9.100089166e+00 inf =   1.356e-01 (14790) 3
*817720: obj =   9.099624980e+00 inf =   1.366e-01 (14793) 2
*817955: obj =   9.098895804e+00 inf =   1.379e-01 (14802) 2
*818189: obj =   9.098272243e+00 inf =   1.397e-01 (14780) 3
*818423: obj =   9.097412032e+00 inf =   1.428e-01 (14725) 2
*818655: obj =   9.096473696e+00 inf =   1.466e-01 (14635) 2
*818881: obj =   9.096007992e+00 inf =   1.480e-01 (14546) 3
*819119: obj =   9.095236303e+00 inf =   1.510e-01 (14469) 2
*819350: obj =   9.094827523e+00 inf =   1.515e-01 (14411) 2
*819578: obj =   9.094184039e+00 inf =   1.532e-01 (14461) 2
*819799: obj =   9.093743965e+00 inf =   1.521e-01 (14332) 3
*820029: obj =   9.092920442e+00 inf =   1.556e-01 (14219) 2
*820260: obj =   9.092379107e+00 inf =   1.571e-01 (14208) 2
*820487: obj =   9.092153078e+00 inf =   1.545e-01 (14085) 2
*820707: obj =   9.092152452e+00 inf =   1.506e-01 (13977) 3
*820932: obj =   9.091801194e+00 inf =   1.484e-01 (13940) 2
*821163: obj =   9.091259900e+00 inf =   1.474e-01 (13889) 2
*821392: obj =   9.090736486e+00 inf =   1.469e-01 (13857) 2
*821611: obj =   9.090625327e+00 inf =   1.426e-01 (13796) 3
*821835: obj =   9.090352006e+00 inf =   1.392e-01 (13733) 2
*822065: obj =   9.089731639e+00 inf =   1.401e-01 (13607) 2
*822293: obj =   9.089428754e+00 inf =   1.394e-01 (13599) 2
*822520: obj =   9.089000292e+00 inf =   1.374e-01 (13586) 3
*822747: obj =   9.088480521e+00 inf =   1.379e-01 (13553) 2
*822973: obj =   9.088355278e+00 inf =   1.332e-01 (13448) 2
*823203: obj =   9.087962406e+00 inf =   1.320e-01 (13323) 2
*823427: obj =   9.087961264e+00 inf =   1.262e-01 (13221) 2
*823645: obj =   9.087959852e+00 inf =   1.218e-01 (13221) 3
*823869: obj =   9.087593041e+00 inf =   1.199e-01 (13225) 2
*824097: obj =   9.087436770e+00 inf =   1.146e-01 (13077) 2
*824324: obj =   9.087239414e+00 inf =   1.111e-01 (13034) 2
*824551: obj =   9.086839949e+00 inf =   1.099e-01 (13045) 3
*824774: obj =   9.086681924e+00 inf =   1.063e-01 (12959) 2
*825004: obj =   9.086129352e+00 inf =   1.048e-01 (12908) 2
*825234: obj =   9.085737006e+00 inf =   1.045e-01 (12867) 2
*825461: obj =   9.085209232e+00 inf =   1.034e-01 (12844) 3
*825687: obj =   9.084715629e+00 inf =   1.034e-01 (12790) 2
*825909: obj =   9.084590607e+00 inf =   1.028e-01 (12788) 2
*826140: obj =   9.084269619e+00 inf =   1.014e-01 (12749) 2
*826365: obj =   9.084201018e+00 inf =   9.968e-02 (12717) 2
*826582: obj =   9.084198779e+00 inf =   9.468e-02 (12574) 3
*826806: obj =   9.083778057e+00 inf =   9.213e-02 (12594) 2
*827032: obj =   9.083647301e+00 inf =   9.092e-02 (12502) 2
*827257: obj =   9.083612409e+00 inf =   8.579e-02 (12344) 2
*827484: obj =   9.083185963e+00 inf =   8.423e-02 (12342) 3
*827710: obj =   9.082797767e+00 inf =   8.319e-02 (12369) 2
*827933: obj =   9.082610702e+00 inf =   8.215e-02 (12384) 2
*828166: obj =   9.082325452e+00 inf =   8.115e-02 (12348) 2
*828393: obj =   9.082068643e+00 inf =   8.051e-02 (12282) 3
*828622: obj =   9.081567491e+00 inf =   7.918e-02 (12207) 2
*828847: obj =   9.081211812e+00 inf =   7.947e-02 (12115) 2
*829076: obj =   9.080973166e+00 inf =   7.864e-02 (12073) 2
*829302: obj =   9.080593882e+00 inf =   7.839e-02 (12071) 3
*829526: obj =   9.080440123e+00 inf =   7.789e-02 (12060) 2
*829746: obj =   9.080439584e+00 inf =   7.531e-02 (12021) 2
*829972: obj =   9.080053995e+00 inf =   7.335e-02 (11899) 2
*830208: obj =   9.079558171e+00 inf =   7.289e-02 (11975) 2
*830434: obj =   9.079345909e+00 inf =   7.309e-02 (11901) 3
*830665: obj =   9.078940079e+00 inf =   7.210e-02 (11871) 2
*830896: obj =   9.078465638e+00 inf =   7.169e-02 (11799) 2
*831129: obj =   9.077966621e+00 inf =   7.171e-02 (11773) 3
*831359: obj =   9.077648088e+00 inf =   7.193e-02 (11795) 2
*831585: obj =   9.077463107e+00 inf =   7.150e-02 (11699) 2
*831810: obj =   9.077285374e+00 inf =   7.103e-02 (11709) 2
*832037: obj =   9.076963587e+00 inf =   7.092e-02 (11674) 3
*832272: obj =   9.076480166e+00 inf =   7.095e-02 (11639) 2
*832503: obj =   9.076240232e+00 inf =   7.127e-02 (11609) 2
*832730: obj =   9.076058687e+00 inf =   7.135e-02 (11573) 2
*832954: obj =   9.075653496e+00 inf =   7.134e-02 (11543) 3
*833135: obj =   9.075479979e+00 inf =   7.150e-02 (11416) 1
*833327: obj =   9.075127451e+00 inf =   7.166e-02 (11411) 2
*833547: obj =   9.074988236e+00 inf =   7.160e-02 (11422) 3
*833772: obj =   9.074568599e+00 inf =   7.170e-02 (11350) 2
*833998: obj =   9.074399919e+00 inf =   7.125e-02 (11323) 2
*834231: obj =   9.073969698e+00 inf =   7.197e-02 (11331) 2
*834456: obj =   9.073749881e+00 inf =   7.203e-02 (11341) 3
*834685: obj =   9.073360921e+00 inf =   7.224e-02 (11302) 2
*834913: obj =   9.073040460e+00 inf =   7.260e-02 (11244) 2
*835148: obj =   9.072642576e+00 inf =   7.287e-02 (11209) 2
*835375: obj =   9.072239148e+00 inf =   7.362e-02 (11054) 3
*835604: obj =   9.072065947e+00 inf =   7.413e-02 (11061) 2
*835831: obj =   9.071657422e+00 inf =   7.493e-02 (11058) 2
*836061: obj =   9.071381411e+00 inf =   7.588e-02 (11010) 2
*836288: obj =   9.071062802e+00 inf =   7.735e-02 (10918) 3
*836517: obj =   9.070783387e+00 inf =   7.850e-02 (10924) 2
*836743: obj =   9.070640100e+00 inf =   7.908e-02 (10934) 2
*836969: obj =   9.070541618e+00 inf =   7.837e-02 (10946) 2
*837195: obj =   9.070503209e+00 inf =   7.715e-02 (10893) 3
*837425: obj =   9.070251210e+00 inf =   7.711e-02 (10828) 2
*837654: obj =   9.069984381e+00 inf =   7.774e-02 (10722) 2
*837879: obj =   9.069821670e+00 inf =   7.816e-02 (10705) 2
*838110: obj =   9.069574095e+00 inf =   7.910e-02 (10713) 3
*838340: obj =   9.069413277e+00 inf =   7.955e-02 (10643) 2
*838567: obj =   9.069234571e+00 inf =   7.989e-02 (10691) 2
*838795: obj =   9.068952486e+00 inf =   8.079e-02 (10689) 2
*839021: obj =   9.068766318e+00 inf =   8.129e-02 (10635) 3
*839253: obj =   9.068464346e+00 inf =   8.187e-02 (10647) 2
*839482: obj =   9.068183024e+00 inf =   8.308e-02 (10605) 2
*839709: obj =   9.068081198e+00 inf =   8.329e-02 (10529) 3
*839937: obj =   9.067877963e+00 inf =   8.351e-02 (10503) 2
*840173: obj =   9.067626760e+00 inf =   8.415e-02 (10481) 2
*840405: obj =   9.067576295e+00 inf =   8.374e-02 (10435) 2
*840628: obj =   9.067525811e+00 inf =   8.146e-02 (10394) 3
*840861: obj =   9.067229115e+00 inf =   8.198e-02 (10387) 2
*841100: obj =   9.067014064e+00 inf =   8.230e-02 (10343) 2
*841333: obj =   9.066735688e+00 inf =   8.284e-02 (10304) 3
*841566: obj =   9.066735051e+00 inf =   8.229e-02 (10244) 2
*841802: obj =   9.066563423e+00 inf =   8.059e-02 (10170) 2
*842048: obj =   9.066384407e+00 inf =   8.063e-02 (10226) 3
*842292: obj =   9.066152384e+00 inf =   8.107e-02 (10232) 2
*842534: obj =   9.065877993e+00 inf =   8.147e-02 (10255) 2
*842769: obj =   9.065717618e+00 inf =   8.170e-02 (10232) 3
*843010: obj =   9.065476163e+00 inf =   8.219e-02 (10259) 2
*843251: obj =   9.065203124e+00 inf =   8.249e-02 (10225) 3
*843492: obj =   9.065044333e+00 inf =   8.248e-02 (10274) 2
*843725: obj =   9.064726250e+00 inf =   8.335e-02 (10273) 2
*843955: obj =   9.064531785e+00 inf =   8.386e-02 (10318) 3
*844203: obj =   9.064434228e+00 inf =   8.400e-02 (10220) 2
*844444: obj =   9.064294659e+00 inf =   8.309e-02 (10187) 2
*844678: obj =   9.063972772e+00 inf =   8.310e-02 (10228) 3
*844929: obj =   9.063628995e+00 inf =   8.294e-02 (10211) 2
*845184: obj =   9.063409516e+00 inf =   8.282e-02 (10241) 3
*845335: obj =   9.063303065e+00 inf =   8.292e-02 (10245) 1
*845488: obj =   9.063115370e+00 inf =   8.277e-02 (10193) 2
*845684: obj =   9.062826191e+00 inf =   8.295e-02 (10198) 2
*845925: obj =   9.062626479e+00 inf =   8.299e-02 (10266) 2
*846169: obj =   9.062254318e+00 inf =   8.320e-02 (10226) 2
*846404: obj =   9.061893621e+00 inf =   8.415e-02 (10228) 3
*846646: obj =   9.061652933e+00 inf =   8.458e-02 (10082) 2
*846884: obj =   9.061297400e+00 inf =   8.586e-02 (10091) 3
*847128: obj =   9.061042679e+00 inf =   8.697e-02 (9994) 2
*847366: obj =   9.060969602e+00 inf =   8.656e-02 (9989) 2
*847594: obj =   9.060969351e+00 inf =   8.526e-02 (9959) 3
*847829: obj =   9.060632969e+00 inf =   8.477e-02 (9893) 2
*848067: obj =   9.060405688e+00 inf =   8.516e-02 (9853) 2
*848299: obj =   9.060298709e+00 inf =   8.537e-02 (9855) 3
*848537: obj =   9.060005411e+00 inf =   8.629e-02 (9775) 2
*848772: obj =   9.059822430e+00 inf =   8.723e-02 (9709) 2
*849005: obj =   9.059806668e+00 inf =   8.676e-02 (9698) 2
*849242: obj =   9.059806146e+00 inf =   8.381e-02 (9706) 3
*849477: obj =   9.059702813e+00 inf =   8.161e-02 (9659) 2
*849714: obj =   9.059394785e+00 inf =   8.177e-02 (9641) 3
*849948: obj =   9.059210493e+00 inf =   8.225e-02 (9622) 2
*850188: obj =   9.058969994e+00 inf =   8.269e-02 (9634) 2
*850418: obj =   9.058815686e+00 inf =   8.324e-02 (9727) 2
*850641: obj =   9.058701624e+00 inf =   8.281e-02 (9635) 3
*850867: obj =   9.058558104e+00 inf =   8.259e-02 (9639) 2
*851098: obj =   9.058530166e+00 inf =   8.189e-02 (9582) 2
*851331: obj =   9.058238339e+00 inf =   8.199e-02 (9580) 2
*851553: obj =   9.057962226e+00 inf =   8.196e-02 (9550) 3
*851775: obj =   9.057883215e+00 inf =   8.148e-02 (9492) 2
*851999: obj =   9.057770937e+00 inf =   7.927e-02 (9479) 2
*852226: obj =   9.057718798e+00 inf =   7.414e-02 (9432) 2
*852447: obj =   9.057525483e+00 inf =   7.292e-02 (9369) 3
*852673: obj =   9.057250030e+00 inf =   7.248e-02 (9403) 2
*852897: obj =   9.057007941e+00 inf =   7.204e-02 (9342) 2
*853131: obj =   9.056752820e+00 inf =   7.183e-02 (9291) 2
*853359: obj =   9.056728545e+00 inf =   7.157e-02 (9303) 3
*853590: obj =   9.056549252e+00 inf =   7.058e-02 (9198) 2
*853820: obj =   9.056320811e+00 inf =   7.047e-02 (9200) 2
*854056: obj =   9.056114432e+00 inf =   7.038e-02 (9171) 2
*854289: obj =   9.055881281e+00 inf =   7.050e-02 (9167) 3
*854520: obj =   9.055792617e+00 inf =   7.035e-02 (9211) 2
*854751: obj =   9.055631113e+00 inf =   7.035e-02 (9125) 2
*854976: obj =   9.055573888e+00 inf =   6.956e-02 (9238) 3
*855212: obj =   9.055385146e+00 inf =   6.912e-02 (9184) 2
*855448: obj =   9.055205328e+00 inf =   6.927e-02 (9131) 2
*855680: obj =   9.054885001e+00 inf =   6.967e-02 (9160) 3
*855912: obj =   9.054690077e+00 inf =   7.008e-02 (9088) 2
*856147: obj =   9.054525880e+00 inf =   7.025e-02 (9228) 2
*856381: obj =   9.054227347e+00 inf =   7.036e-02 (9134) 2
*856605: obj =   9.054069526e+00 inf =   7.063e-02 (9120) 3
*856833: obj =   9.053830285e+00 inf =   7.087e-02 (9073) 2
*857061: obj =   9.053670143e+00 inf =   7.081e-02 (8985) 2
*857290: obj =   9.053570514e+00 inf =   7.089e-02 (8965) 2
*857514: obj =   9.053376862e+00 inf =   7.096e-02 (8959) 3
*857745: obj =   9.053167611e+00 inf =   7.136e-02 (8949) 2
*857977: obj =   9.052956516e+00 inf =   7.157e-02 (8936) 2
*858210: obj =   9.052749476e+00 inf =   7.184e-02 (8846) 3
*858441: obj =   9.052570472e+00 inf =   7.211e-02 (8820) 2
*858671: obj =   9.052471255e+00 inf =   7.186e-02 (8789) 2
*858901: obj =   9.052259376e+00 inf =   7.221e-02 (8796) 2
*859131: obj =   9.052085106e+00 inf =   7.266e-02 (8800) 3
*859364: obj =   9.051918804e+00 inf =   7.265e-02 (8772) 2
*859599: obj =   9.051695263e+00 inf =   7.363e-02 (8690) 2
*859827: obj =   9.051490439e+00 inf =   7.483e-02 (8679) 3
*860063: obj =   9.051353459e+00 inf =   7.548e-02 (8607) 2
*860296: obj =   9.051212807e+00 inf =   7.601e-02 (8517) 2
*860523: obj =   9.051172763e+00 inf =   7.622e-02 (8440) 2
*860743: obj =   9.051109305e+00 inf =   7.497e-02 (8469) 3
*860969: obj =   9.051014589e+00 inf =   7.452e-02 (8407) 2
*861197: obj =   9.051004935e+00 inf =   7.091e-02 (8273) 2
*861427: obj =   9.050859026e+00 inf =   7.010e-02 (8298) 2
*861650: obj =   9.050755660e+00 inf =   6.938e-02 (8253) 3
*861874: obj =   9.050743093e+00 inf =   6.645e-02 (8270) 2
*862107: obj =   9.050655863e+00 inf =   6.434e-02 (8231) 2
*862342: obj =   9.050498979e+00 inf =   6.427e-02 (8188) 2
*862568: obj =   9.050381340e+00 inf =   6.351e-02 (8184) 3
*862797: obj =   9.050244495e+00 inf =   6.179e-02 (8130) 2
*863029: obj =   9.050096445e+00 inf =   6.110e-02 (8050) 2
*863262: obj =   9.049930775e+00 inf =   6.064e-02 (8133) 3
*863495: obj =   9.049741152e+00 inf =   6.046e-02 (8021) 2
*863727: obj =   9.049557467e+00 inf =   6.049e-02 (8067) 2
*863955: obj =   9.049443657e+00 inf =   6.046e-02 (7988) 2
*864186: obj =   9.049297092e+00 inf =   5.967e-02 (7918) 3
*864421: obj =   9.049112184e+00 inf =   5.942e-02 (7844) 2
*864650: obj =   9.049087684e+00 inf =   5.941e-02 (7853) 2
*864876: obj =   9.049087684e+00 inf =   5.731e-02 (7844) 2
*865107: obj =   9.048987604e+00 inf =   5.667e-02 (7817) 3
*865344: obj =   9.048836339e+00 inf =   5.591e-02 (7886) 2
*865579: obj =   9.048652619e+00 inf =   5.552e-02 (7780) 2
*865807: obj =   9.048568355e+00 inf =   5.536e-02 (7718) 3
*866042: obj =   9.048401357e+00 inf =   5.481e-02 (7649) 2
*866281: obj =   9.048235796e+00 inf =   5.438e-02 (7664) 2
*866513: obj =   9.048032067e+00 inf =   5.465e-02 (7635) 3
*866746: obj =   9.047932995e+00 inf =   5.462e-02 (7578) 2
*866982: obj =   9.047798921e+00 inf =   5.466e-02 (7539) 2
*867220: obj =   9.047662168e+00 inf =   5.486e-02 (7508) 3
*867456: obj =   9.047568258e+00 inf =   5.532e-02 (7546) 2
*867692: obj =   9.047441950e+00 inf =   5.625e-02 (7412) 2
*867921: obj =   9.047350789e+00 inf =   5.700e-02 (7363) 3
*868163: obj =   9.047255347e+00 inf =   5.747e-02 (7374) 2
*868398: obj =   9.047233794e+00 inf =   5.733e-02 (7398) 2
*868630: obj =   9.047119727e+00 inf =   5.748e-02 (7387) 3
*868862: obj =   9.047063405e+00 inf =   5.776e-02 (7296) 2
*869008: obj =   9.046970667e+00 inf =   5.833e-02 (7323) 1
*869224: obj =   9.046863612e+00 inf =   5.897e-02 (7282) 3
*869412: obj =   9.046794919e+00 inf =   5.951e-02 (7213) 1
*869620: obj =   9.046780195e+00 inf =   5.942e-02 (7245) 2
*869873: obj =   9.046702275e+00 inf =   5.850e-02 (7229) 3
*870130: obj =   9.046551658e+00 inf =   5.767e-02 (7189) 2
*870371: obj =   9.046485346e+00 inf =   5.670e-02 (7264) 3
*870610: obj =   9.046349181e+00 inf =   5.597e-02 (7295) 2
*870840: obj =   9.046332623e+00 inf =   5.506e-02 (7216) 3
*871077: obj =   9.046175800e+00 inf =   5.514e-02 (7163) 2
*871312: obj =   9.045978508e+00 inf =   5.586e-02 (7155) 2
*871543: obj =   9.045887799e+00 inf =   5.552e-02 (7146) 2
*871765: obj =   9.045870374e+00 inf =   5.374e-02 (7175) 3
*871989: obj =   9.045859194e+00 inf =   5.081e-02 (7258) 2
*872218: obj =   9.045777525e+00 inf =   5.010e-02 (7172) 2
*872442: obj =   9.045768741e+00 inf =   4.638e-02 (7104) 2
*872664: obj =   9.045754562e+00 inf =   4.314e-02 (7138) 3
*872888: obj =   9.045686261e+00 inf =   4.000e-02 (7122) 2
*873119: obj =   9.045547720e+00 inf =   3.895e-02 (7021) 2
*873350: obj =   9.045428535e+00 inf =   3.846e-02 (6988) 2
*873574: obj =   9.045373824e+00 inf =   3.826e-02 (6951) 3
*873801: obj =   9.045266356e+00 inf =   3.786e-02 (6882) 2
*874030: obj =   9.045148348e+00 inf =   3.793e-02 (6939) 2
*874262: obj =   9.045042028e+00 inf =   3.804e-02 (6913) 2
*874488: obj =   9.044921109e+00 inf =   3.827e-02 (6895) 3
*874714: obj =   9.044875894e+00 inf =   3.833e-02 (6878) 2
*874938: obj =   9.044868510e+00 inf =   3.693e-02 (6888) 2
*875146: obj =   9.044829383e+00 inf =   3.423e-02 (6890) 2
*875372: obj =   9.044784889e+00 inf =   3.266e-02 (6935) 2
*875598: obj =   9.044715355e+00 inf =   3.232e-02 (6881) 3
*875826: obj =   9.044614188e+00 inf =   3.199e-02 (6782) 2
*876059: obj =   9.044570751e+00 inf =   3.176e-02 (6680) 2
*876297: obj =   9.044410286e+00 inf =   3.217e-02 (6691) 2
*876533: obj =   9.044347342e+00 inf =   3.239e-02 (6718) 3
*876770: obj =   9.044221822e+00 inf =   3.262e-02 (6721) 2
*877005: obj =   9.044110852e+00 inf =   3.294e-02 (6635) 2
*877239: obj =   9.043991470e+00 inf =   3.382e-02 (6604) 3
*877474: obj =   9.043905754e+00 inf =   3.448e-02 (6570) 2
*877703: obj =   9.043842822e+00 inf =   3.489e-02 (6515) 2
*877928: obj =   9.043780556e+00 inf =   3.497e-02 (6328) 3
*878164: obj =   9.043703063e+00 inf =   3.532e-02 (6447) 2
*878395: obj =   9.043592648e+00 inf =   3.591e-02 (6539) 2
*878623: obj =   9.043548529e+00 inf =   3.617e-02 (6493) 2
*878844: obj =   9.043501621e+00 inf =   3.574e-02 (6480) 3
*879075: obj =   9.043429643e+00 inf =   3.615e-02 (6434) 2
*879306: obj =   9.043386588e+00 inf =   3.621e-02 (6470) 2
*879539: obj =   9.043304722e+00 inf =   3.701e-02 (6500) 2
*879766: obj =   9.043229974e+00 inf =   3.746e-02 (6484) 3
*879999: obj =   9.043098628e+00 inf =   3.821e-02 (6461) 2
*880234: obj =   9.043024282e+00 inf =   3.892e-02 (6597) 2
*880462: obj =   9.042963959e+00 inf =   3.977e-02 (6524) 3
*880693: obj =   9.042869632e+00 inf =   4.058e-02 (6492) 2
*880921: obj =   9.042804783e+00 inf =   4.137e-02 (6460) 2
*881153: obj =   9.042769657e+00 inf =   4.129e-02 (6387) 2
*881382: obj =   9.042718741e+00 inf =   4.167e-02 (6354) 3
*881607: obj =   9.042649629e+00 inf =   4.179e-02 (6425) 2
*881841: obj =   9.042598327e+00 inf =   4.201e-02 (6467) 2
*882074: obj =   9.042522018e+00 inf =   4.185e-02 (6457) 3
*882313: obj =   9.042459901e+00 inf =   4.213e-02 (6383) 2
*882549: obj =   9.042369480e+00 inf =   4.227e-02 (6386) 2
*882779: obj =   9.042293931e+00 inf =   4.271e-02 (6394) 3
*883011: obj =   9.042225265e+00 inf =   4.275e-02 (6368) 2
*883244: obj =   9.042191958e+00 inf =   4.263e-02 (6349) 2
*883478: obj =   9.042119520e+00 inf =   4.291e-02 (6371) 2
*883721: obj =   9.042044904e+00 inf =   4.316e-02 (6313) 3
*883968: obj =   9.041931911e+00 inf =   4.376e-02 (6218) 2
*884215: obj =   9.041906831e+00 inf =   4.357e-02 (6343) 3
*884453: obj =   9.041854066e+00 inf =   4.389e-02 (6454) 2
*884694: obj =   9.041815552e+00 inf =   4.354e-02 (6348) 2
*884947: obj =   9.041719343e+00 inf =   4.328e-02 (6379) 3
*885192: obj =   9.041628509e+00 inf =   4.304e-02 (6516) 2
*885429: obj =   9.041514688e+00 inf =   4.336e-02 (6449) 3
*885668: obj =   9.041401176e+00 inf =   4.401e-02 (6414) 2
*885902: obj =   9.041326502e+00 inf =   4.469e-02 (6354) 2
*886139: obj =   9.041255769e+00 inf =   4.521e-02 (6362) 3
*886377: obj =   9.041162983e+00 inf =   4.645e-02 (6310) 2
*886609: obj =   9.041160963e+00 inf =   4.643e-02 (6335) 2
*886837: obj =   9.041121093e+00 inf =   4.575e-02 (6305) 3
*887072: obj =   9.041073231e+00 inf =   4.591e-02 (6175) 2
*887308: obj =   9.041013535e+00 inf =   4.580e-02 (6166) 2
*887538: obj =   9.040935458e+00 inf =   4.615e-02 (6154) 3
*887775: obj =   9.040878205e+00 inf =   4.647e-02 (6077) 2
*888006: obj =   9.040859720e+00 inf =   4.637e-02 (6035) 2
*888236: obj =   9.040834271e+00 inf =   4.621e-02 (6090) 3
*888469: obj =   9.040773063e+00 inf =   4.596e-02 (6068) 2
*888699: obj =   9.040743067e+00 inf =   4.548e-02 (6001) 2
*888927: obj =   9.040678450e+00 inf =   4.405e-02 (5954) 2
*889158: obj =   9.040618763e+00 inf =   4.340e-02 (5987) 3
*889391: obj =   9.040542130e+00 inf =   4.328e-02 (6067) 2
*889619: obj =   9.040514637e+00 inf =   4.310e-02 (5980) 2
*889847: obj =   9.040452478e+00 inf =   4.314e-02 (5953) 3
*890081: obj =   9.040401161e+00 inf =   4.270e-02 (6034) 2
*890322: obj =   9.040338401e+00 inf =   4.249e-02 (5908) 2
*890554: obj =   9.040288384e+00 inf =   4.286e-02 (5824) 3
*890785: obj =   9.040259320e+00 inf =   4.284e-02 (5856) 2
*891017: obj =   9.040227089e+00 inf =   4.322e-02 (5703) 2
*891254: obj =   9.040139612e+00 inf =   4.415e-02 (5763) 2
*891482: obj =   9.040096074e+00 inf =   4.440e-02 (5730) 3
*891717: obj =   9.040037837e+00 inf =   4.462e-02 (5743) 2
*891948: obj =   9.039952921e+00 inf =   4.490e-02 (5706) 2
*892181: obj =   9.039890727e+00 inf =   4.500e-02 (5718) 3
*892418: obj =   9.039835355e+00 inf =   4.580e-02 (5691) 2
*892648: obj =   9.039803077e+00 inf =   4.585e-02 (5587) 2
*892879: obj =   9.039756018e+00 inf =   4.632e-02 (5514) 3
*893119: obj =   9.039692904e+00 inf =   4.626e-02 (5603) 2
*893349: obj =   9.039688998e+00 inf =   4.563e-02 (5660) 2
*893578: obj =   9.039675289e+00 inf =   4.471e-02 (5680) 2
*893806: obj =   9.039631595e+00 inf =   4.370e-02 (5696) 3
*894040: obj =   9.039577663e+00 inf =   4.331e-02 (5669) 2
*894281: obj =   9.039512494e+00 inf =   4.321e-02 (5619) 2
*894517: obj =   9.039465667e+00 inf =   4.345e-02 (5537) 3
*894759: obj =   9.039424411e+00 inf =   4.384e-02 (5383) 2
*894994: obj =   9.039374048e+00 inf =   4.496e-02 (5351) 2
*895235: obj =   9.039351712e+00 inf =   4.533e-02 (5448) 3
*895478: obj =   9.039284030e+00 inf =   4.649e-02 (5409) 2
*895697: obj =   9.039275326e+00 inf =   4.617e-02 (5438) 2
*895944: obj =   9.039229765e+00 inf =   4.572e-02 (5444) 3
*896183: obj =   9.039165792e+00 inf =   4.541e-02 (5523) 2
*896418: obj =   9.039131119e+00 inf =   4.487e-02 (5349) 3
*896648: obj =   9.039102144e+00 inf =   4.440e-02 (5257) 2
*896880: obj =   9.039096543e+00 inf =   4.255e-02 (5219) 2
*897126: obj =   9.039083991e+00 inf =   4.056e-02 (5243) 2
*897370: obj =   9.038995501e+00 inf =   4.020e-02 (5362) 3
*897609: obj =   9.038938983e+00 inf =   4.038e-02 (5295) 2
*897838: obj =   9.038913911e+00 inf =   4.032e-02 (5226) 3
*898079: obj =   9.038886440e+00 inf =   4.041e-02 (5171) 2
*898328: obj =   9.038822189e+00 inf =   4.075e-02 (5129) 2
*898560: obj =   9.038785551e+00 inf =   4.087e-02 (5138) 3
*898744: obj =   9.038757095e+00 inf =   4.094e-02 (5051) 2
*898931: obj =   9.038757021e+00 inf =   4.028e-02 (5101) 1
*899172: obj =   9.038727330e+00 inf =   3.966e-02 (5107) 3
*899428: obj =   9.038689598e+00 inf =   3.961e-02 (5061) 2
*899661: obj =   9.038660552e+00 inf =   3.920e-02 (5082) 3
*899897: obj =   9.038607141e+00 inf =   3.896e-02 (5010) 2
*900135: obj =   9.038583304e+00 inf =   3.885e-02 (4993) 2
*900368: obj =   9.038538263e+00 inf =   3.887e-02 (5029) 3
*900609: obj =   9.038489173e+00 inf =   3.938e-02 (4990) 2
*900847: obj =   9.038459332e+00 inf =   3.996e-02 (5049) 2
*901080: obj =   9.038410480e+00 inf =   4.040e-02 (4937) 3
*901319: obj =   9.038362467e+00 inf =   4.145e-02 (4881) 2
*901600: obj =   8.499899615e+00 inf =   4.108e-02 (22144) 3
*901843: obj =   8.499831147e+00 inf =   4.120e-02 (22153) 2
*902083: obj =   8.499785824e+00 inf =   4.116e-02 (22122) 3
*902333: obj =   8.499477117e+00 inf =   4.111e-02 (22158) 2
*902579: obj =   8.499272754e+00 inf =   4.158e-02 (22226) 2
*902815: obj =   8.499272235e+00 inf =   4.073e-02 (22201) 3
*903060: obj =   8.499062811e+00 inf =   3.938e-02 (22220) 2
*903308: obj =   8.498573829e+00 inf =   3.865e-02 (22199) 3
*903554: obj =   8.498138963e+00 inf =   3.840e-02 (22169) 2
*903792: obj =   8.497765072e+00 inf =   3.843e-02 (22098) 2
*904019: obj =   8.497710668e+00 inf =   3.827e-02 (22091) 3
*904264: obj =   8.497132830e+00 inf =   3.782e-02 (22053) 2
*904505: obj =   8.496661514e+00 inf =   3.843e-02 (21980) 2
*904736: obj =   8.496362437e+00 inf =   3.882e-02 (21907) 3
*904970: obj =   8.495987524e+00 inf =   3.930e-02 (21853) 2
*905208: obj =   8.495645912e+00 inf =   4.000e-02 (21835) 2
*905442: obj =   8.495104484e+00 inf =   4.139e-02 (21718) 3
*905677: obj =   8.494719456e+00 inf =   4.279e-02 (21678) 2
*905909: obj =   8.494177545e+00 inf =   4.509e-02 (21594) 2
*906140: obj =   8.493933213e+00 inf =   4.597e-02 (21559) 3
*906377: obj =   8.493405149e+00 inf =   4.868e-02 (21524) 2
*906609: obj =   8.493302008e+00 inf =   4.894e-02 (21482) 2
*906832: obj =   8.493302008e+00 inf =   4.779e-02 (21413) 3
*907061: obj =   8.493302008e+00 inf =   4.652e-02 (21325) 2
*907293: obj =   8.493302008e+00 inf =   4.499e-02 (21251) 2
*907522: obj =   8.493211861e+00 inf =   4.342e-02 (21191) 2
*907749: obj =   8.492723269e+00 inf =   4.340e-02 (21147) 3
*907979: obj =   8.492333177e+00 inf =   4.387e-02 (21098) 2
*908215: obj =   8.492070420e+00 inf =   4.420e-02 (21035) 2
*908446: obj =   8.491716088e+00 inf =   4.493e-02 (20950) 3
*908679: obj =   8.491187767e+00 inf =   4.664e-02 (20896) 2
*908908: obj =   8.490870334e+00 inf =   4.794e-02 (20826) 2
*909138: obj =   8.490869921e+00 inf =   4.745e-02 (20751) 2
*909367: obj =   8.490606711e+00 inf =   4.741e-02 (20668) 3
*909599: obj =   8.490168717e+00 inf =   4.868e-02 (20645) 2
*909826: obj =   8.489985191e+00 inf =   4.949e-02 (20529) 2
*910056: obj =   8.489546562e+00 inf =   5.097e-02 (20460) 2
*910284: obj =   8.489220587e+00 inf =   5.203e-02 (20403) 3
*910516: obj =   8.488819802e+00 inf =   5.359e-02 (20341) 2
*910742: obj =   8.488582323e+00 inf =   5.446e-02 (20294) 2
*910966: obj =   8.488360925e+00 inf =   5.526e-02 (20177) 2
*911190: obj =   8.488331392e+00 inf =   5.457e-02 (20105) 3
*911417: obj =   8.488331392e+00 inf =   5.329e-02 (19973) 2
*911644: obj =   8.488051629e+00 inf =   5.262e-02 (19892) 2
*911871: obj =   8.487559712e+00 inf =   5.358e-02 (19790) 2
*912094: obj =   8.487326230e+00 inf =   5.407e-02 (19758) 3
*912326: obj =   8.487023247e+00 inf =   5.511e-02 (19718) 2
*912555: obj =   8.486856030e+00 inf =   5.582e-02 (19614) 2
*912783: obj =   8.486512526e+00 inf =   5.686e-02 (19565) 2
*913007: obj =   8.486107966e+00 inf =   5.835e-02 (19440) 3
*913242: obj =   8.485840198e+00 inf =   5.939e-02 (19410) 2
*913473: obj =   8.485542969e+00 inf =   6.104e-02 (19263) 2
*913700: obj =   8.485037924e+00 inf =   6.373e-02 (19183) 3
*913929: obj =   8.484539819e+00 inf =   6.651e-02 (19017) 2
*914163: obj =   8.484186290e+00 inf =   6.858e-02 (18956) 2
*914395: obj =   8.484024501e+00 inf =   6.975e-02 (18862) 2
*914619: obj =   8.483752600e+00 inf =   7.144e-02 (18783) 3
*914848: obj =   8.483437663e+00 inf =   7.326e-02 (18697) 2
*915076: obj =   8.483349155e+00 inf =   7.254e-02 (18714) 2
*915311: obj =   8.482954336e+00 inf =   7.456e-02 (18610) 2
*915538: obj =   8.482592279e+00 inf =   7.714e-02 (18530) 3
*915769: obj =   8.482186980e+00 inf =   7.969e-02 (18430) 2
*915999: obj =   8.481765145e+00 inf =   8.266e-02 (18323) 2
*916233: obj =   8.481248122e+00 inf =   8.675e-02 (18200) 3
*916468: obj =   8.480879423e+00 inf =   8.970e-02 (18153) 2
*916696: obj =   8.480747506e+00 inf =   8.957e-02 (18123) 2
*916922: obj =   8.480482494e+00 inf =   9.131e-02 (18034) 2
*917145: obj =   8.480444410e+00 inf =   8.871e-02 (17941) 3
*917373: obj =   8.480444410e+00 inf =   8.554e-02 (17854) 2
*917599: obj =   8.480444254e+00 inf =   8.094e-02 (17724) 2
*917826: obj =   8.480182796e+00 inf =   7.918e-02 (17704) 2
*918048: obj =   8.480096158e+00 inf =   7.733e-02 (17584) 3
*918280: obj =   8.479877030e+00 inf =   7.481e-02 (17511) 2
*918510: obj =   8.479542868e+00 inf =   7.536e-02 (17441) 2
*918733: obj =   8.479539578e+00 inf =   7.196e-02 (17337) 2
*918956: obj =   8.479462829e+00 inf =   6.753e-02 (17251) 2
*919168: obj =   8.479368737e+00 inf =   6.677e-02 (17068) 3
*919382: obj =   8.479327054e+00 inf =   6.685e-02 (17054) 1
*919568: obj =   8.479260074e+00 inf =   6.626e-02 (17688) 2
*919749: obj =   8.479225830e+00 inf =   6.419e-02 (17645) 2
*919932: obj =   8.479096674e+00 inf =   6.401e-02 (17850) 2
*920113: obj =   8.479059364e+00 inf =   6.339e-02 (16736) 2
*920308: obj =   8.478865233e+00 inf =   6.294e-02 (17803) 1
*920484: obj =   8.478675904e+00 inf =   6.203e-02 (16656) 2
*920660: obj =   8.478491203e+00 inf =   6.073e-02 (151187) 2
*920852: obj =   8.478371455e+00 inf =   6.100e-02 (16584) 2
*921048: obj =   8.478279185e+00 inf =   6.119e-02 (151367) 2
*921248: obj =   8.478216781e+00 inf =   6.120e-02 (151316) 2
*921439: obj =   8.477988512e+00 inf =   6.007e-02 (16437) 1
*921619: obj =   8.477812101e+00 inf =   5.941e-02 (151348) 2
*921819: obj =   8.477737282e+00 inf =   5.969e-02 (16409) 2
*922004: obj =   8.477553616e+00 inf =   5.956e-02 (151393) 2
*922206: obj =   8.477384459e+00 inf =   5.933e-02 (151459) 2
*922388: obj =   8.477294877e+00 inf =   5.866e-02 (151489) 2
*922592: obj =   8.477089322e+00 inf =   5.779e-02 (16222) 1
*922793: obj =   8.476879901e+00 inf =   5.753e-02 (16165) 2
*922979: obj =   8.476794290e+00 inf =   5.759e-02 (151499) 2
*923160: obj =   8.476676305e+00 inf =   5.680e-02 (151102) 2
*923337: obj =   8.476597542e+00 inf =   5.693e-02 (151475) 2
*923515: obj =   8.476382635e+00 inf =   5.583e-02 (16015) 2
*923698: obj =   8.476252434e+00 inf =   5.559e-02 (15988) 1
*923861: obj =   8.476067094e+00 inf =   5.495e-02 (15993) 2
*924038: obj =   8.475918160e+00 inf =   5.438e-02 (15947) 2
*924232: obj =   8.475760877e+00 inf =   5.392e-02 (151467) 2
*924426: obj =   8.475531265e+00 inf =   5.355e-02 (15809) 1
*924606: obj =   8.475390566e+00 inf =   5.331e-02 (151507) 2
*924767: obj =   8.475202210e+00 inf =   5.290e-02 (15754) 2
*924938: obj =   8.474970694e+00 inf =   5.247e-02 (151130) 2
*925138: obj =   8.474939668e+00 inf =   5.270e-02 (151106) 1
*925322: obj =   8.474666919e+00 inf =   5.203e-02 (151259) 2
*925500: obj =   8.474539654e+00 inf =   5.179e-02 (15497) 2
*925687: obj =   8.474477461e+00 inf =   5.232e-02 (15558) 2
*925862: obj =   8.474200850e+00 inf =   5.141e-02 (151349) 2
*926065: obj =   8.474022154e+00 inf =   5.105e-02 (15390) 1
*926246: obj =   8.473870372e+00 inf =   5.058e-02 (15301) 2
*926406: obj =   8.473786680e+00 inf =   5.062e-02 (15258) 2
*926581: obj =   8.473610642e+00 inf =   5.038e-02 (151233) 2
*926780: obj =   8.473447664e+00 inf =   5.013e-02 (151257) 1
*926972: obj =   8.473414175e+00 inf =   5.056e-02 (15111) 2
*927168: obj =   8.473280385e+00 inf =   5.020e-02 (15058) 2
*927338: obj =   8.473078896e+00 inf =   4.935e-02 (14964) 2
*927528: obj =   8.473016527e+00 inf =   4.977e-02 (151324) 2
*927713: obj =   8.472825755e+00 inf =   4.929e-02 (14894) 2
*927901: obj =   8.472718488e+00 inf =   4.952e-02 (14823) 1
*928100: obj =   8.472613922e+00 inf =   4.937e-02 (151126) 2
*928284: obj =   8.472480447e+00 inf =   4.917e-02 (151148) 2
*928479: obj =   8.472378105e+00 inf =   4.936e-02 (151118) 2
*928677: obj =   8.472312849e+00 inf =   4.915e-02 (151128) 2
*928850: obj =   8.472154536e+00 inf =   4.845e-02 (14561) 2
*929051: obj =   8.472045694e+00 inf =   4.827e-02 (14541) 1
*929249: obj =   8.471948771e+00 inf =   4.818e-02 (14518) 2
*929436: obj =   8.471809621e+00 inf =   4.806e-02 (14452) 2
*929624: obj =   8.471668302e+00 inf =   4.798e-02 (15023) 2
*929826: obj =   8.471563064e+00 inf =   4.789e-02 (14358) 2
*930023: obj =   8.471438976e+00 inf =   4.779e-02 (151150) 2
*930206: obj =   8.471247179e+00 inf =   4.769e-02 (14258) 2
*930411: obj =   8.471133042e+00 inf =   4.782e-02 (14130) 2
*930610: obj =   8.470957124e+00 inf =   4.777e-02 (14158) 2
*930814: obj =   8.470813250e+00 inf =   4.836e-02 (14123) 1
*930992: obj =   8.470643052e+00 inf =   4.904e-02 (14052) 2
*931179: obj =   8.470508135e+00 inf =   4.988e-02 (150828) 2
*931384: obj =   8.470457404e+00 inf =   5.019e-02 (13904) 2
*931573: obj =   8.470292076e+00 inf =   5.065e-02 (150964) 2
*931760: obj =   8.470211583e+00 inf =   5.113e-02 (151138) 2
*931955: obj =   8.470074478e+00 inf =   5.167e-02 (151038) 2
*932159: obj =   8.470018749e+00 inf =   5.172e-02 (13694) 2
*932370: obj =   8.469980731e+00 inf =   5.165e-02 (13588) 2
*932573: obj =   8.469837978e+00 inf =   5.208e-02 (13519) 1
*932784: obj =   8.469740397e+00 inf =   5.239e-02 (150865) 3
*932998: obj =   8.469624166e+00 inf =   5.273e-02 (13442) 2
*933212: obj =   8.469577073e+00 inf =   5.297e-02 (13392) 2
*933429: obj =   8.469555255e+00 inf =   5.308e-02 (13390) 2
*933628: obj =   8.469390082e+00 inf =   5.315e-02 (13312) 2
*933841: obj =   8.469288071e+00 inf =   5.366e-02 (13315) 2
*934048: obj =   8.469165606e+00 inf =   5.429e-02 (13167) 2
*934259: obj =   8.469068824e+00 inf =   5.501e-02 (13191) 2
*934487: obj =   8.469010876e+00 inf =   5.535e-02 (13689) 2
*934715: obj =   8.468966755e+00 inf =   5.541e-02 (13021) 2
*934937: obj =   8.468943561e+00 inf =   5.577e-02 (12942) 2
*935163: obj =   8.468884986e+00 inf =   5.554e-02 (13584) 2
*935375: obj =   8.468801110e+00 inf =   5.542e-02 (151060) 2
*935616: obj =   8.468701952e+00 inf =   5.397e-02 (150909) 3
*935856: obj =   8.468651790e+00 inf =   5.292e-02 (150883) 2
*936073: obj =   8.468581528e+00 inf =   5.246e-02 (13257) 2
*936283: obj =   8.468430190e+00 inf =   5.171e-02 (13655) 2
*936470: obj =   8.468236267e+00 inf =   5.216e-02 (150761) 2
*936680: obj =   8.468197044e+00 inf =   5.187e-02 (150776) 2
*936888: obj =   8.468049810e+00 inf =   5.163e-02 (150845) 1
*937090: obj =   8.467916050e+00 inf =   5.169e-02 (13362) 2
*937291: obj =   8.467873679e+00 inf =   5.083e-02 (150757) 2
*937497: obj =   8.467683467e+00 inf =   5.123e-02 (150821) 2
*937713: obj =   8.467557169e+00 inf =   5.133e-02 (150751) 2
*937930: obj =   8.467456078e+00 inf =   5.115e-02 (150759) 2
*938141: obj =   8.467304087e+00 inf =   5.122e-02 (13483) 2
*938340: obj =   8.467238304e+00 inf =   5.110e-02 (150494) 2
*938546: obj =   8.467037032e+00 inf =   5.135e-02 (150901) 2
*938759: obj =   8.466943722e+00 inf =   5.132e-02 (150975) 2
*938977: obj =   8.466942007e+00 inf =   4.965e-02 (151050) 2
*939185: obj =   8.466842807e+00 inf =   4.853e-02 (13685) 2
*939389: obj =   8.466719887e+00 inf =   4.831e-02 (150931) 2
*939601: obj =   8.466536946e+00 inf =   4.843e-02 (150918) 2
*939819: obj =   8.466314471e+00 inf =   4.907e-02 (151220) 2
*940041: obj =   8.466230211e+00 inf =   4.948e-02 (151103) 2
*940246: obj =   8.466197026e+00 inf =   4.887e-02 (13529) 2
*940461: obj =   8.466116448e+00 inf =   4.880e-02 (12969) 2
*940675: obj =   8.466083631e+00 inf =   4.707e-02 (12949) 2
*940890: obj =   8.465958004e+00 inf =   4.616e-02 (12938) 2
*941107: obj =   8.465845843e+00 inf =   4.532e-02 (12913) 2
*941309: obj =   8.465795561e+00 inf =   4.551e-02 (12921) 2
*941527: obj =   8.465638761e+00 inf =   4.529e-02 (12941) 2
*941740: obj =   8.465617303e+00 inf =   4.407e-02 (12935) 2
*941954: obj =   8.465498959e+00 inf =   4.249e-02 (12926) 2
*942167: obj =   8.465411160e+00 inf =   4.250e-02 (13561) 2
*942380: obj =   8.465327331e+00 inf =   4.197e-02 (12840) 2
*942594: obj =   8.465167634e+00 inf =   4.092e-02 (12818) 2
*942806: obj =   8.465072545e+00 inf =   4.012e-02 (12801) 2
*943021: obj =   8.465067420e+00 inf =   3.721e-02 (12739) 1
*943237: obj =   8.464970782e+00 inf =   3.570e-02 (12640) 2
*943450: obj =   8.464832725e+00 inf =   3.583e-02 (12587) 2
*943662: obj =   8.464636812e+00 inf =   3.533e-02 (12495) 3
*943861: obj =   8.464587762e+00 inf =   3.550e-02 (13075) 1
*944032: obj =   8.464566640e+00 inf =   3.538e-02 (12655) 2
*944226: obj =   8.464457156e+00 inf =   3.498e-02 (12933) 2
*944417: obj =   8.464388124e+00 inf =   3.470e-02 (12644) 2
*944626: obj =   8.464279676e+00 inf =   3.390e-02 (12591) 2
*944834: obj =   8.464143924e+00 inf =   3.328e-02 (12531) 2
*945023: obj =   8.464137306e+00 inf =   3.277e-02 (13042) 2
*945233: obj =   8.464019899e+00 inf =   3.215e-02 (12513) 2
*945427: obj =   8.463987170e+00 inf =   3.181e-02 (12585) 1
*945612: obj =   8.463896154e+00 inf =   3.115e-02 (12716) 2
*945797: obj =   8.463735238e+00 inf =   3.073e-02 (12676) 2
*946002: obj =   8.463569868e+00 inf =   3.049e-02 (12674) 2
*946206: obj =   8.463407422e+00 inf =   3.050e-02 (12501) 2
*946390: obj =   8.463383538e+00 inf =   3.051e-02 (12671) 2
*946575: obj =   8.463292724e+00 inf =   3.039e-02 (12664) 1
*946736: obj =   8.463193593e+00 inf =   3.041e-02 (12660) 2
*946932: obj =   8.463060739e+00 inf =   3.052e-02 (12612) 2
*947107: obj =   8.462938367e+00 inf =   3.074e-02 (12611) 2
*947296: obj =   8.462885259e+00 inf =   3.077e-02 (12799) 1
*947473: obj =   8.462836984e+00 inf =   3.104e-02 (12727) 2
*947633: obj =   8.462804863e+00 inf =   3.102e-02 (12700) 2
*947819: obj =   8.462733311e+00 inf =   3.071e-02 (12528) 2
*948017: obj =   8.462593530e+00 inf =   3.023e-02 (12510) 1
*948185: obj =   8.462501533e+00 inf =   2.989e-02 (12505) 2
*948360: obj =   8.462442548e+00 inf =   2.993e-02 (12541) 2
*948543: obj =   8.462382354e+00 inf =   3.021e-02 (12316) 2
*948731: obj =   8.462379480e+00 inf =   3.006e-02 (12223) 1
*948920: obj =   8.462269457e+00 inf =   3.014e-02 (12400) 2
*949079: obj =   8.462245560e+00 inf =   3.028e-02 (12349) 2
*949264: obj =   8.462141588e+00 inf =   3.002e-02 (12651) 1
*949435: obj =   8.462043731e+00 inf =   3.009e-02 (12264) 2
*949588: obj =   8.461963867e+00 inf =   3.051e-02 (12648) 2
*949770: obj =   8.461914812e+00 inf =   3.043e-02 (12203) 1
*949926: obj =   8.461909065e+00 inf =   3.050e-02 (12222) 2
*950080: obj =   8.461828150e+00 inf =   3.074e-02 (12210) 2
*950269: obj =   8.461804524e+00 inf =   3.076e-02 (12202) 1
*950424: obj =   8.461721882e+00 inf =   3.028e-02 (12267) 2
*950587: obj =   8.461655845e+00 inf =   3.022e-02 (12256) 2
*950766: obj =   8.461583764e+00 inf =   3.049e-02 (12143) 1
*950937: obj =   8.461541469e+00 inf =   3.077e-02 (12215) 2
*951096: obj =   8.461474555e+00 inf =   3.105e-02 (12051) 2
*951281: obj =   8.461415902e+00 inf =   3.126e-02 (11947) 1
*951435: obj =   8.461360555e+00 inf =   3.152e-02 (11888) 2
*951604: obj =   8.461331754e+00 inf =   3.152e-02 (11929) 2
*951784: obj =   8.461254375e+00 inf =   3.183e-02 (11867) 1
*951932: obj =   8.461188128e+00 inf =   3.187e-02 (11868) 2
*952110: obj =   8.461130212e+00 inf =   3.205e-02 (12212) 2
*952296: obj =   8.461111508e+00 inf =   3.167e-02 (11874) 1
*952449: obj =   8.461043419e+00 inf =   3.194e-02 (11768) 2
*952618: obj =   8.460953107e+00 inf =   3.215e-02 (11946) 2
*952802: obj =   8.460915274e+00 inf =   3.221e-02 (11825) 1
*952970: obj =   8.460820569e+00 inf =   3.258e-02 (11760) 2
*953134: obj =   8.460793833e+00 inf =   3.253e-02 (11666) 2
*953315: obj =   8.460712866e+00 inf =   3.286e-02 (11547) 1
*953468: obj =   8.460673293e+00 inf =   3.294e-02 (11809) 2
*953641: obj =   8.460614830e+00 inf =   3.324e-02 (11439) 2
*953819: obj =   8.460538785e+00 inf =   3.335e-02 (11444) 1
*953969: obj =   8.460489240e+00 inf =   3.392e-02 (11499) 2
*954147: obj =   8.460417261e+00 inf =   3.435e-02 (11395) 1
*954303: obj =   8.460377192e+00 inf =   3.456e-02 (11398) 2
*954455: obj =   8.460342973e+00 inf =   3.441e-02 (11445) 2
*954650: obj =   8.460294433e+00 inf =   3.450e-02 (11349) 1
*954820: obj =   8.460245699e+00 inf =   3.426e-02 (11329) 2
*954976: obj =   8.460192343e+00 inf =   3.460e-02 (12013) 2
*955172: obj =   8.460116931e+00 inf =   3.434e-02 (11219) 1
*955329: obj =   8.460078371e+00 inf =   3.431e-02 (11192) 2
*955487: obj =   8.460036573e+00 inf =   3.427e-02 (11346) 2
*955679: obj =   8.459926791e+00 inf =   3.503e-02 (11198) 1
*955834: obj =   8.459873946e+00 inf =   3.489e-02 (11217) 2
*955995: obj =   8.459859187e+00 inf =   3.503e-02 (11181) 2
*956174: obj =   8.459795117e+00 inf =   3.527e-02 (11226) 1
*956329: obj =   8.459742313e+00 inf =   3.536e-02 (11135) 2
*956498: obj =   8.459680208e+00 inf =   3.554e-02 (11145) 2
*956679: obj =   8.459625119e+00 inf =   3.579e-02 (11049) 1
*956836: obj =   8.459562956e+00 inf =   3.606e-02 (10984) 2
*957004: obj =   8.459502039e+00 inf =   3.654e-02 (10889) 2
*957189: obj =   8.459460792e+00 inf =   3.662e-02 (10901) 1
*957348: obj =   8.459422916e+00 inf =   3.680e-02 (10813) 2
*957511: obj =   8.459365810e+00 inf =   3.700e-02 (10804) 2
*957695: obj =   8.459291260e+00 inf =   3.754e-02 (10747) 1
*957854: obj =   8.459270549e+00 inf =   3.784e-02 (10705) 2
*958016: obj =   8.459253897e+00 inf =   3.701e-02 (10720) 2
*958201: obj =   8.459204936e+00 inf =   3.642e-02 (10648) 1
*958365: obj =   8.459176653e+00 inf =   3.662e-02 (10650) 2
*958535: obj =   8.459141725e+00 inf =   3.631e-02 (10599) 2
*958717: obj =   8.459071316e+00 inf =   3.640e-02 (10629) 1
*958878: obj =   8.459037550e+00 inf =   3.659e-02 (10619) 2
*959037: obj =   8.459022788e+00 inf =   3.608e-02 (10515) 2
*959232: obj =   8.458970573e+00 inf =   3.598e-02 (10511) 2
*959420: obj =   8.458932542e+00 inf =   3.566e-02 (10518) 1
*959586: obj =   8.458867176e+00 inf =   3.572e-02 (10449) 2
*959747: obj =   8.458836920e+00 inf =   3.604e-02 (10383) 2
*959905: obj =   8.458797653e+00 inf =   3.644e-02 (150102) 1
*960073: obj =   8.458744007e+00 inf =   3.655e-02 (150216) 2
*960253: obj =   8.458720643e+00 inf =   3.633e-02 (10301) 2
*960453: obj =   8.458684966e+00 inf =   3.650e-02 (10288) 1
*960612: obj =   8.458655116e+00 inf =   3.638e-02 (10418) 2
*960775: obj =   8.458626807e+00 inf =   3.669e-02 (10436) 2
*960959: obj =   8.458553638e+00 inf =   3.687e-02 (10422) 1
*961139: obj =   8.458506601e+00 inf =   3.678e-02 (10093) 2
*961318: obj =   8.458469736e+00 inf =   3.705e-02 (10164) 2
*961528: obj =   8.458445725e+00 inf =   3.696e-02 (150358) 2
*961716: obj =   8.458366336e+00 inf =   3.658e-02 (12669) 2
*961916: obj =   8.458287790e+00 inf =   3.650e-02 (150446) 2
*962119: obj =   8.458223079e+00 inf =   3.668e-02 (10200) 1
*962332: obj =   8.458199331e+00 inf =   3.689e-02 (10171) 2
*962546: obj =   8.458168617e+00 inf =   3.612e-02 (10121) 2
*962748: obj =   8.458134078e+00 inf =   3.554e-02 (10081) 2
*962960: obj =   8.458127557e+00 inf =   3.431e-02 (10086) 2
*963179: obj =   8.458066048e+00 inf =   3.364e-02 (9946) 2
*963398: obj =   8.458037507e+00 inf =   3.330e-02 (14057) 2
*963600: obj =   8.458010696e+00 inf =   3.306e-02 (10623) 2
*963799: obj =   8.457948880e+00 inf =   3.252e-02 (150103) 2
*964020: obj =   8.457929614e+00 inf =   3.195e-02 (9849) 2
*964209: obj =   8.457886060e+00 inf =   3.155e-02 (11235) 2
*964401: obj =   8.457865040e+00 inf =   3.120e-02 (10521) 2
*964591: obj =   8.457846365e+00 inf =   3.089e-02 (11260) 2
*964776: obj =   8.457806564e+00 inf =   2.988e-02 (10663) 2
*964963: obj =   8.457768744e+00 inf =   2.944e-02 (10672) 2
*965168: obj =   8.457743891e+00 inf =   2.874e-02 (10701) 1
*965345: obj =   8.457694919e+00 inf =   2.825e-02 (10389) 2
*965529: obj =   8.457630715e+00 inf =   2.787e-02 (10438) 2
*965724: obj =   8.457596172e+00 inf =   2.810e-02 (10291) 2
*965909: obj =   8.457549817e+00 inf =   2.774e-02 (10142) 2
*966094: obj =   8.457491481e+00 inf =   2.747e-02 (10047) 2
*966296: obj =   8.457489098e+00 inf =   2.757e-02 (9922) 2
*966505: obj =   8.457450911e+00 inf =   2.692e-02 (10583) 2
*966716: obj =   8.457430566e+00 inf =   2.650e-02 (10327) 2
*966916: obj =   8.457366508e+00 inf =   2.572e-02 (10253) 1
*967097: obj =   8.457315657e+00 inf =   2.568e-02 (10239) 2
*967281: obj =   8.457279874e+00 inf =   2.563e-02 (9973) 2
*967475: obj =   8.457250451e+00 inf =   2.579e-02 (10470) 2
*967682: obj =   8.457210672e+00 inf =   2.528e-02 (10559) 2
*967858: obj =   8.457197138e+00 inf =   2.520e-02 (9899) 2
*968050: obj =   8.457172441e+00 inf =   2.527e-02 (9736) 2
*968253: obj =   8.457138671e+00 inf =   2.478e-02 (10381) 2
*968463: obj =   8.457125491e+00 inf =   2.464e-02 (9829) 2
*968659: obj =   8.457099845e+00 inf =   2.448e-02 (9848) 1
*968833: obj =   8.457038959e+00 inf =   2.376e-02 (9830) 2
*969006: obj =   8.457004128e+00 inf =   2.400e-02 (9743) 2
*969130: obj =   8.456994955e+00 inf =   2.380e-02 (10386) 1
*969266: obj =   8.456965432e+00 inf =   2.349e-02 (9516) 1
*969406: obj =   8.456943153e+00 inf =   2.354e-02 (9537) 2
*969598: obj =   8.456906957e+00 inf =   2.367e-02 (10596) 2
*969781: obj =   8.456869530e+00 inf =   2.336e-02 (9720) 1
*969946: obj =   8.456849979e+00 inf =   2.331e-02 (9698) 2
*970105: obj =   8.456828227e+00 inf =   2.362e-02 (9642) 2
*970296: obj =   8.456797627e+00 inf =   2.336e-02 (150311) 2
*970488: obj =   8.456747117e+00 inf =   2.320e-02 (9671) 1
*970641: obj =   8.456697696e+00 inf =   2.322e-02 (9587) 2
*970810: obj =   8.456654973e+00 inf =   2.355e-02 (9556) 2
*970998: obj =   8.456654544e+00 inf =   2.376e-02 (9498) 1
*971158: obj =   8.456615896e+00 inf =   2.347e-02 (10144) 2
*971342: obj =   8.456603820e+00 inf =   2.306e-02 (150499) 2
*971525: obj =   8.456560486e+00 inf =   2.303e-02 (9329) 2
*971715: obj =   8.456510848e+00 inf =   2.298e-02 (9292) 1
*971876: obj =   8.456459117e+00 inf =   2.310e-02 (9252) 2
*972040: obj =   8.456406329e+00 inf =   2.352e-02 (9255) 2
*972232: obj =   8.456367936e+00 inf =   2.377e-02 (150255) 1
*972410: obj =   8.456350008e+00 inf =   2.372e-02 (9268) 2
*972578: obj =   8.456326053e+00 inf =   2.369e-02 (9270) 2
*972741: obj =   8.456287746e+00 inf =   2.396e-02 (9207) 2
*972929: obj =   8.456254927e+00 inf =   2.449e-02 (150750) 1
*973092: obj =   8.456222480e+00 inf =   2.454e-02 (9176) 2
*973260: obj =   8.456190931e+00 inf =   2.506e-02 (9225) 2
*973448: obj =   8.456140300e+00 inf =   2.571e-02 (9223) 2
*973640: obj =   8.456064261e+00 inf =   2.706e-02 (9108) 1
*973806: obj =   8.456017968e+00 inf =   2.816e-02 (9070) 2
*973971: obj =   8.456017613e+00 inf =   2.802e-02 (9001) 2
*974155: obj =   8.456002427e+00 inf =   2.749e-02 (8999) 2
*974348: obj =   8.455981839e+00 inf =   2.740e-02 (150197) 1
*974514: obj =   8.455933557e+00 inf =   2.804e-02 (8945) 2
*974680: obj =   8.455891152e+00 inf =   2.837e-02 (8908) 2
*974863: obj =   8.455848992e+00 inf =   2.936e-02 (8852) 2
*975053: obj =   8.455806965e+00 inf =   3.020e-02 (8900) 1
*975222: obj =   8.455782243e+00 inf =   3.048e-02 (8855) 2
*975392: obj =   8.455737085e+00 inf =   3.128e-02 (8829) 2
*975571: obj =   8.455691236e+00 inf =   3.213e-02 (8830) 2
*975764: obj =   8.455640534e+00 inf =   3.367e-02 (8868) 1
*975943: obj =   8.455627024e+00 inf =   3.587e-02 (10221) 2
*976155: obj =   8.455626058e+00 inf =   3.612e-02 (9086) 2
*976359: obj =   8.455625820e+00 inf =   3.513e-02 (9017) 2
*976546: obj =   8.455615421e+00 inf =   3.434e-02 (9703) 2
*976732: obj =   8.455613319e+00 inf =   3.351e-02 (9585) 2
*976918: obj =   8.455564467e+00 inf =   3.283e-02 (9787) 2
*977104: obj =   8.455515102e+00 inf =   3.279e-02 (9777) 1
*977288: obj =   8.455479692e+00 inf =   3.226e-02 (9362) 2
*977469: obj =   8.455454560e+00 inf =   3.216e-02 (9106) 2
*977641: obj =   8.455435891e+00 inf =   3.197e-02 (9421) 2
*977843: obj =   8.455386855e+00 inf =   3.171e-02 (9421) 1
*978031: obj =   8.455374147e+00 inf =   3.197e-02 (10010) 2
*978209: obj =   8.455357253e+00 inf =   3.209e-02 (10068) 2
*978371: obj =   8.455318246e+00 inf =   3.209e-02 (10023) 2
*978562: obj =   8.455286338e+00 inf =   3.221e-02 (10014) 1
*978743: obj =   8.455264665e+00 inf =   3.220e-02 (9462) 2
*978923: obj =   8.455236873e+00 inf =   3.190e-02 (9944) 2
*979096: obj =   8.455186281e+00 inf =   3.186e-02 (9545) 2
*979283: obj =   8.455154333e+00 inf =   3.244e-02 (9769) 1
*979453: obj =   8.455119762e+00 inf =   3.295e-02 (8817) 2
*979627: obj =   8.455104014e+00 inf =   3.282e-02 (9363) 2
*979797: obj =   8.455080476e+00 inf =   3.363e-02 (9432) 2
*979995: obj =   8.455080416e+00 inf =   3.304e-02 (9345) 1
*980161: obj =   8.455036749e+00 inf =   3.312e-02 (9535) 2
*980330: obj =   8.455002864e+00 inf =   3.344e-02 (9551) 2
*980506: obj =   8.455002487e+00 inf =   3.263e-02 (9571) 2
*980699: obj =   8.454963629e+00 inf =   3.192e-02 (9627) 1
*980871: obj =   8.454934679e+00 inf =   3.149e-02 (9636) 2
*981045: obj =   8.454934323e+00 inf =   3.035e-02 (9576) 2
*981216: obj =   8.454891677e+00 inf =   2.997e-02 (9567) 2
*981407: obj =   8.454870156e+00 inf =   3.066e-02 (9641) 1
*981566: obj =   8.454818547e+00 inf =   3.071e-02 (9778) 2
*981739: obj =   8.454780332e+00 inf =   3.077e-02 (9704) 2
*981924: obj =   8.454740966e+00 inf =   3.093e-02 (9732) 1
*982095: obj =   8.454730659e+00 inf =   3.100e-02 (8510) 2
*982259: obj =   8.454708556e+00 inf =   3.156e-02 (9756) 2
*982432: obj =   8.454686757e+00 inf =   3.137e-02 (9695) 2
*982617: obj =   8.454645171e+00 inf =   3.109e-02 (9666) 1
*982788: obj =   8.454597172e+00 inf =   3.105e-02 (9612) 2
*982955: obj =   8.454564543e+00 inf =   3.114e-02 (9653) 2
*983151: obj =   8.454539879e+00 inf =   3.128e-02 (9613) 2
*983350: obj =   8.454517632e+00 inf =   3.178e-02 (9627) 1
*983523: obj =   8.454484917e+00 inf =   3.170e-02 (9667) 2
*983686: obj =   8.454437554e+00 inf =   3.173e-02 (9737) 2
*983861: obj =   8.454393169e+00 inf =   3.176e-02 (9666) 2
*984043: obj =   8.454349955e+00 inf =   3.173e-02 (9458) 1
*984206: obj =   8.454321430e+00 inf =   3.182e-02 (9415) 2
*984388: obj =   8.454298923e+00 inf =   3.202e-02 (9384) 2
*984577: obj =   8.454270392e+00 inf =   3.188e-02 (8450) 2
*984766: obj =   8.454253249e+00 inf =   3.192e-02 (8274) 1
*984931: obj =   8.454223718e+00 inf =   3.284e-02 (9495) 2
*985111: obj =   8.454192757e+00 inf =   3.299e-02 (8190) 2
*985290: obj =   8.454177257e+00 inf =   3.314e-02 (9353) 2
*985475: obj =   8.454159744e+00 inf =   3.286e-02 (8230) 1
*985642: obj =   8.454118693e+00 inf =   3.252e-02 (8300) 2
*985826: obj =   8.454065833e+00 inf =   3.321e-02 (9139) 2
*986004: obj =   8.454036302e+00 inf =   3.343e-02 (8477) 2
*986211: obj =   8.454027055e+00 inf =   3.350e-02 (8531) 1
*986423: obj =   8.454010599e+00 inf =   3.263e-02 (8391) 2
*986628: obj =   8.453995873e+00 inf =   3.222e-02 (8821) 2
*986828: obj =   8.453984530e+00 inf =   3.179e-02 (8635) 2
*987020: obj =   8.453960762e+00 inf =   3.131e-02 (8751) 2
*987213: obj =   8.453939717e+00 inf =   3.113e-02 (8147) 2
*987433: obj =   8.453913145e+00 inf =   3.105e-02 (8698) 2
*987641: obj =   8.453892484e+00 inf =   3.100e-02 (8668) 2
*987851: obj =   8.453856162e+00 inf =   3.090e-02 (8587) 2
*988026: obj =   8.453838933e+00 inf =   3.070e-02 (8599) 2
*988220: obj =   8.453825293e+00 inf =   3.081e-02 (8920) 2
*988413: obj =   8.453810166e+00 inf =   3.084e-02 (7995) 2
*988619: obj =   8.453775474e+00 inf =   3.023e-02 (8053) 2
*988815: obj =   8.453753947e+00 inf =   3.031e-02 (8726) 2
*989019: obj =   8.453712352e+00 inf =   3.032e-02 (7854) 2
*989223: obj =   8.453688770e+00 inf =   3.040e-02 (7907) 1
*989412: obj =   8.453668290e+00 inf =   3.043e-02 (7963) 2
*989605: obj =   8.453659116e+00 inf =   3.045e-02 (8650) 2
*989786: obj =   8.453634061e+00 inf =   3.031e-02 (7852) 2
*989981: obj =   8.453558223e+00 inf =   3.093e-02 (20722) 2
*990220: obj =   8.453386209e+00 inf =   3.050e-02 (20755) 2
*990451: obj =   8.452445015e+00 inf =   2.985e-02 (20718) 2
*990676: obj =   8.451621898e+00 inf =   2.980e-02 (20666) 3
*990904: obj =   8.449580604e+00 inf =   2.967e-02 (20684) 2
*991133: obj =   8.447858058e+00 inf =   2.982e-02 (20693) 2
*991364: obj =   8.446352386e+00 inf =   2.994e-02 (20651) 2
*991589: obj =   8.444050796e+00 inf =   2.990e-02 (20602) 3
*991817: obj =   8.442513679e+00 inf =   3.012e-02 (20648) 2
*992044: obj =   8.440280871e+00 inf =   3.029e-02 (20573) 2
*992278: obj =   8.437973416e+00 inf =   3.035e-02 (20541) 2
*992504: obj =   8.437079214e+00 inf =   3.052e-02 (20423) 3
*992735: obj =   8.434735175e+00 inf =   3.056e-02 (20394) 2
*992928: obj =   8.433203129e+00 inf =   3.074e-02 (20346) 2
*993159: obj =   8.431435870e+00 inf =   3.088e-02 (20326) 2
*993391: obj =   8.429243956e+00 inf =   3.123e-02 (20222) 3
*993623: obj =   8.427744876e+00 inf =   3.173e-02 (20259) 2
*993851: obj =   8.426098819e+00 inf =   3.245e-02 (20135) 2
*994076: obj =   8.424503474e+00 inf =   3.333e-02 (20081) 2
*994305: obj =   8.423105838e+00 inf =   3.365e-02 (20132) 3
*994535: obj =   8.420928403e+00 inf =   3.483e-02 (20083) 2
*994764: obj =   8.418977574e+00 inf =   3.628e-02 (19944) 2
*994990: obj =   8.417397565e+00 inf =   3.760e-02 (19830) 2
*995216: obj =   8.415513200e+00 inf =   3.903e-02 (19769) 3
*995449: obj =   8.413746896e+00 inf =   4.071e-02 (19704) 2
*995680: obj =   8.411576807e+00 inf =   4.302e-02 (19575) 2
*995909: obj =   8.410432892e+00 inf =   4.393e-02 (19548) 2
*996134: obj =   8.408483733e+00 inf =   4.616e-02 (19499) 3
*996367: obj =   8.407226794e+00 inf =   4.755e-02 (19474) 2
*996598: obj =   8.405431103e+00 inf =   4.944e-02 (19362) 2
*996825: obj =   8.403968844e+00 inf =   5.153e-02 (19368) 3
*997057: obj =   8.401720782e+00 inf =   5.463e-02 (19250) 2
*997295: obj =   8.399601402e+00 inf =   5.836e-02 (19200) 2
*997526: obj =   8.398014464e+00 inf =   6.137e-02 (19076) 2
*997749: obj =   8.396624955e+00 inf =   6.415e-02 (18978) 3
*997975: obj =   8.395113803e+00 inf =   6.773e-02 (18873) 2
*998207: obj =   8.392951788e+00 inf =   7.375e-02 (18846) 2
*998438: obj =   8.391772697e+00 inf =   7.698e-02 (18789) 2
*998662: obj =   8.390068067e+00 inf =   8.222e-02 (18676) 3
*998889: obj =   8.388610278e+00 inf =   8.655e-02 (18589) 2
*999116: obj =   8.388301789e+00 inf =   8.720e-02 (18512) 2
*999347: obj =   8.388289355e+00 inf =   8.617e-02 (18472) 2
*999575: obj =   8.386515176e+00 inf =   9.095e-02 (18449) 3
*999805: obj =   8.385635367e+00 inf =   9.372e-02 (18410) 2
*1000035: obj =   8.384183113e+00 inf =   9.811e-02 (18343) 2
*1000269: obj =   8.382423956e+00 inf =   1.041e-01 (18309) 3
*1000505: obj =   8.382122042e+00 inf =   1.053e-01 (18233) 2
*1000736: obj =   8.382122042e+00 inf =   1.043e-01 (18087) 2
*1000968: obj =   8.380846217e+00 inf =   1.069e-01 (17991) 3
*1001208: obj =   8.379686727e+00 inf =   1.104e-01 (17909) 2
*1001453: obj =   8.378092287e+00 inf =   1.159e-01 (17915) 2
*1001694: obj =   8.376554213e+00 inf =   1.218e-01 (17848) 3
*1001941: obj =   8.375274797e+00 inf =   1.276e-01 (17735) 2
*1002193: obj =   8.374176749e+00 inf =   1.322e-01 (17635) 3
*1002457: obj =   8.374012433e+00 inf =   1.323e-01 (17509) 2
*1002711: obj =   8.373030029e+00 inf =   1.357e-01 (17392) 3
*1002970: obj =   8.372611092e+00 inf =   1.366e-01 (17348) 2
*1003229: obj =   8.371447489e+00 inf =   1.405e-01 (17323) 3
*1003496: obj =   8.370869777e+00 inf =   1.428e-01 (17215) 3
*1003772: obj =   8.369707101e+00 inf =   1.472e-01 (17070) 2
*1004044: obj =   8.368681665e+00 inf =   1.518e-01 (16978) 3
*1004337: obj =   8.368121385e+00 inf =   1.540e-01 (16861) 3
*1004639: obj =   8.367639868e+00 inf =   1.549e-01 (16705) 3
*1004956: obj =   8.367500617e+00 inf =   1.522e-01 (16630) 3
*1005219: obj =   8.367123669e+00 inf =   1.526e-01 (16644) 3
*1005473: obj =   8.366576391e+00 inf =   1.543e-01 (16641) 2
*1005717: obj =   8.366575380e+00 inf =   1.525e-01 (16606) 2
*1005952: obj =   8.365956213e+00 inf =   1.522e-01 (16566) 3
*1006189: obj =   8.364501982e+00 inf =   1.558e-01 (16506) 2
*1006428: obj =   8.363118273e+00 inf =   1.600e-01 (16533) 2
*1006656: obj =   8.362272743e+00 inf =   1.628e-01 (16491) 3
*1006887: obj =   8.361381257e+00 inf =   1.657e-01 (16476) 2
*1007116: obj =   8.360654140e+00 inf =   1.679e-01 (16440) 2
*1007352: obj =   8.359498608e+00 inf =   1.719e-01 (16419) 2
*1007578: obj =   8.358128134e+00 inf =   1.776e-01 (16392) 3
*1007802: obj =   8.357899330e+00 inf =   1.780e-01 (16373) 2
*1008023: obj =   8.357884273e+00 inf =   1.753e-01 (16319) 2
*1008248: obj =   8.357793216e+00 inf =   1.719e-01 (16257) 2
*1008473: obj =   8.357326744e+00 inf =   1.713e-01 (16256) 3
*1008699: obj =   8.356320190e+00 inf =   1.730e-01 (16215) 2
*1008923: obj =   8.355197997e+00 inf =   1.763e-01 (16155) 2
*1009148: obj =   8.353874787e+00 inf =   1.808e-01 (16125) 2
*1009375: obj =   8.353092466e+00 inf =   1.832e-01 (16077) 2
*1009594: obj =   8.352209445e+00 inf =   1.856e-01 (16002) 3
*1009815: obj =   8.351716421e+00 inf =   1.850e-01 (15927) 2
*1010036: obj =   8.351032699e+00 inf =   1.841e-01 (15925) 2
*1010261: obj =   8.350492726e+00 inf =   1.844e-01 (15797) 2
*1010484: obj =   8.350200113e+00 inf =   1.810e-01 (15711) 2
*1010704: obj =   8.349215651e+00 inf =   1.826e-01 (15660) 3
*1010924: obj =   8.348976084e+00 inf =   1.799e-01 (15573) 2
*1011145: obj =   8.348702137e+00 inf =   1.772e-01 (15535) 2
*1011371: obj =   8.348042577e+00 inf =   1.765e-01 (15422) 2
*1011593: obj =   8.347993542e+00 inf =   1.720e-01 (15306) 2
*1011814: obj =   8.347679401e+00 inf =   1.700e-01 (15239) 2
*1012030: obj =   8.347224799e+00 inf =   1.676e-01 (15190) 3
*1012255: obj =   8.346683756e+00 inf =   1.672e-01 (15147) 2
*1012480: obj =   8.346073620e+00 inf =   1.672e-01 (15106) 2
*1012704: obj =   8.345207149e+00 inf =   1.678e-01 (15027) 2
*1012923: obj =   8.345185508e+00 inf =   1.635e-01 (14912) 2
*1013140: obj =   8.344579405e+00 inf =   1.628e-01 (14888) 3
*1013366: obj =   8.344060863e+00 inf =   1.624e-01 (14819) 2
*1013586: obj =   8.344057966e+00 inf =   1.565e-01 (14730) 2
*1013805: obj =   8.343873622e+00 inf =   1.515e-01 (14597) 2
*1014023: obj =   8.343696806e+00 inf =   1.470e-01 (14567) 2
*1014248: obj =   8.343195915e+00 inf =   1.463e-01 (14548) 2
*1014466: obj =   8.343009592e+00 inf =   1.436e-01 (14448) 3
*1014686: obj =   8.342874754e+00 inf =   1.385e-01 (14387) 2
*1014907: obj =   8.342382522e+00 inf =   1.367e-01 (14334) 2
*1015126: obj =   8.342003131e+00 inf =   1.348e-01 (14286) 2
*1015353: obj =   8.341354123e+00 inf =   1.338e-01 (14235) 2
*1015572: obj =   8.340843952e+00 inf =   1.336e-01 (14203) 3
*1015792: obj =   8.340697847e+00 inf =   1.325e-01 (14186) 2
*1016013: obj =   8.340194749e+00 inf =   1.319e-01 (14171) 2
*1016238: obj =   8.339866585e+00 inf =   1.308e-01 (14103) 2
*1016462: obj =   8.339522704e+00 inf =   1.293e-01 (14063) 2
*1016682: obj =   8.338904707e+00 inf =   1.289e-01 (14043) 3
*1016903: obj =   8.338483203e+00 inf =   1.288e-01 (14035) 2
*1017124: obj =   8.337924179e+00 inf =   1.286e-01 (14022) 2
*1017352: obj =   8.337330346e+00 inf =   1.286e-01 (13931) 2
*1017573: obj =   8.337287548e+00 inf =   1.262e-01 (13808) 2
*1017793: obj =   8.337126201e+00 inf =   1.226e-01 (13743) 3
*1018014: obj =   8.336892475e+00 inf =   1.184e-01 (13641) 2
*1018239: obj =   8.336480488e+00 inf =   1.170e-01 (13636) 2
*1018464: obj =   8.336010162e+00 inf =   1.163e-01 (13672) 2
*1018688: obj =   8.335494662e+00 inf =   1.158e-01 (13633) 2
*1018908: obj =   8.334865031e+00 inf =   1.154e-01 (13617) 3
*1019129: obj =   8.334603486e+00 inf =   1.153e-01 (13566) 2
*1019357: obj =   8.334369424e+00 inf =   1.142e-01 (13474) 2
*1019581: obj =   8.333989527e+00 inf =   1.130e-01 (13360) 2
*1019801: obj =   8.333926576e+00 inf =   1.105e-01 (13273) 2
*1020019: obj =   8.333407835e+00 inf =   1.093e-01 (13260) 3
*1020244: obj =   8.333133690e+00 inf =   1.091e-01 (13184) 2
*1020468: obj =   8.332905356e+00 inf =   1.077e-01 (13227) 2
*1020647: obj =   8.332514853e+00 inf =   1.074e-01 (13223) 2
*1020777: obj =   8.332359586e+00 inf =   1.069e-01 (13249) 1
*1020911: obj =   8.332213841e+00 inf =   1.062e-01 (13175) 1
*1021125: obj =   8.332213841e+00 inf =   1.002e-01 (13037) 2
*1021345: obj =   8.332158360e+00 inf =   9.412e-02 (12963) 3
*1021566: obj =   8.332002372e+00 inf =   9.004e-02 (12897) 2
*1021784: obj =   8.331908705e+00 inf =   8.609e-02 (12816) 2
*1022004: obj =   8.331592253e+00 inf =   8.498e-02 (12783) 2
*1022229: obj =   8.331234887e+00 inf =   8.402e-02 (12728) 2
*1022445: obj =   8.330855834e+00 inf =   8.322e-02 (12651) 3
*1022669: obj =   8.330479376e+00 inf =   8.288e-02 (12614) 2
*1022892: obj =   8.330194594e+00 inf =   8.252e-02 (12645) 2
*1023114: obj =   8.329781291e+00 inf =   8.235e-02 (12623) 2
*1023344: obj =   8.329280228e+00 inf =   8.287e-02 (12556) 2
*1023564: obj =   8.328982990e+00 inf =   8.342e-02 (12544) 3
*1023784: obj =   8.328934612e+00 inf =   8.275e-02 (12525) 2
*1024002: obj =   8.328874634e+00 inf =   8.169e-02 (12447) 2
*1024225: obj =   8.328597864e+00 inf =   8.064e-02 (12378) 2
*1024450: obj =   8.328394243e+00 inf =   8.058e-02 (12312) 2
*1024670: obj =   8.328040758e+00 inf =   8.026e-02 (12337) 3
*1024891: obj =   8.327809239e+00 inf =   8.018e-02 (12257) 2
*1025111: obj =   8.327624075e+00 inf =   8.015e-02 (12233) 2
*1025340: obj =   8.327303407e+00 inf =   7.973e-02 (12192) 2
*1025562: obj =   8.327198417e+00 inf =   7.920e-02 (12184) 2
*1025780: obj =   8.326841858e+00 inf =   7.934e-02 (12116) 3
*1025998: obj =   8.326841858e+00 inf =   7.834e-02 (12160) 2
*1026220: obj =   8.326709545e+00 inf =   7.632e-02 (12119) 2
*1026446: obj =   8.326366862e+00 inf =   7.579e-02 (12065) 2
*1026669: obj =   8.326122698e+00 inf =   7.533e-02 (12013) 2
*1026889: obj =   8.325956970e+00 inf =   7.472e-02 (11981) 3
*1027113: obj =   8.325482182e+00 inf =   7.417e-02 (11926) 2
*1027345: obj =   8.325202377e+00 inf =   7.367e-02 (11885) 2
*1027574: obj =   8.324883362e+00 inf =   7.415e-02 (11876) 2
*1027798: obj =   8.324599133e+00 inf =   7.446e-02 (11888) 3
*1028021: obj =   8.324598165e+00 inf =   7.402e-02 (11906) 2
*1028250: obj =   8.324334593e+00 inf =   7.357e-02 (11893) 2
*1028477: obj =   8.324062302e+00 inf =   7.351e-02 (11884) 2
*1028703: obj =   8.323710402e+00 inf =   7.352e-02 (11819) 2
*1028924: obj =   8.323261392e+00 inf =   7.389e-02 (11826) 3
*1029149: obj =   8.322794374e+00 inf =   7.490e-02 (11730) 2
*1029375: obj =   8.322657270e+00 inf =   7.520e-02 (11689) 2
*1029599: obj =   8.322491000e+00 inf =   7.542e-02 (11668) 2
*1029819: obj =   8.322090870e+00 inf =   7.580e-02 (11625) 3
*1030040: obj =   8.322049959e+00 inf =   7.567e-02 (11591) 2
*1030269: obj =   8.321783249e+00 inf =   7.556e-02 (11543) 2
*1030496: obj =   8.321516409e+00 inf =   7.560e-02 (11495) 2
*1030725: obj =   8.321204871e+00 inf =   7.595e-02 (11467) 2
*1030946: obj =   8.320941796e+00 inf =   7.612e-02 (11515) 3
*1031169: obj =   8.320774318e+00 inf =   7.591e-02 (11557) 2
*1031396: obj =   8.320612615e+00 inf =   7.557e-02 (11529) 2
*1031622: obj =   8.320136020e+00 inf =   7.584e-02 (11471) 2
*1031843: obj =   8.319723891e+00 inf =   7.625e-02 (11472) 3
*1032066: obj =   8.319352132e+00 inf =   7.649e-02 (11453) 2
*1032294: obj =   8.319003884e+00 inf =   7.681e-02 (11382) 2
*1032522: obj =   8.318520721e+00 inf =   7.763e-02 (11334) 2
*1032747: obj =   8.318266360e+00 inf =   7.830e-02 (11249) 2
*1032968: obj =   8.318097348e+00 inf =   7.841e-02 (11211) 3
*1033193: obj =   8.318097348e+00 inf =   7.753e-02 (11222) 2
*1033425: obj =   8.318016249e+00 inf =   7.567e-02 (11132) 2
*1033662: obj =   8.317595214e+00 inf =   7.556e-02 (11074) 3
*1033904: obj =   8.317213791e+00 inf =   7.561e-02 (11058) 2
*1034145: obj =   8.316914405e+00 inf =   7.571e-02 (11065) 2
*1034377: obj =   8.316637748e+00 inf =   7.592e-02 (11023) 3
*1034610: obj =   8.316387636e+00 inf =   7.604e-02 (11047) 2
*1034843: obj =   8.316092880e+00 inf =   7.658e-02 (11028) 2
*1035072: obj =   8.315894563e+00 inf =   7.656e-02 (10900) 2
*1035309: obj =   8.315503352e+00 inf =   7.725e-02 (10853) 3
*1035549: obj =   8.315360512e+00 inf =   7.750e-02 (10829) 2
*1035787: obj =   8.315055064e+00 inf =   7.788e-02 (10742) 3
*1036026: obj =   8.314651074e+00 inf =   7.917e-02 (10737) 2
*1036270: obj =   8.314432807e+00 inf =   7.986e-02 (10706) 2
*1036502: obj =   8.314340129e+00 inf =   7.969e-02 (10636) 3
*1036737: obj =   8.314139538e+00 inf =   7.954e-02 (10572) 2
*1036973: obj =   8.313776194e+00 inf =   8.071e-02 (10554) 2
*1037205: obj =   8.313662553e+00 inf =   8.083e-02 (10618) 3
*1037443: obj =   8.313408032e+00 inf =   8.158e-02 (10627) 2
*1037680: obj =   8.313142779e+00 inf =   8.258e-02 (10601) 2
*1037908: obj =   8.312839130e+00 inf =   8.349e-02 (10625) 3
*1038136: obj =   8.312651549e+00 inf =   8.444e-02 (10588) 2
*1038377: obj =   8.312401997e+00 inf =   8.442e-02 (10490) 2
*1038612: obj =   8.312124596e+00 inf =   8.481e-02 (10568) 3
*1038849: obj =   8.311814032e+00 inf =   8.592e-02 (10542) 2
*1039083: obj =   8.311612354e+00 inf =   8.593e-02 (10476) 2
*1039311: obj =   8.311310266e+00 inf =   8.656e-02 (10391) 2
*1039442: obj =   8.311097267e+00 inf =   8.718e-02 (10477) 2
*1039574: obj =   8.311095580e+00 inf =   8.710e-02 (10449) 1
*1039752: obj =   8.310847553e+00 inf =   8.819e-02 (10348) 2
*1039991: obj =   8.310576472e+00 inf =   8.921e-02 (10321) 2
*1040228: obj =   8.310311326e+00 inf =   9.022e-02 (10266) 3
*1040467: obj =   8.310002628e+00 inf =   9.125e-02 (10266) 2
*1040700: obj =   8.309859785e+00 inf =   9.142e-02 (10254) 2
*1040931: obj =   8.309648925e+00 inf =   9.179e-02 (10287) 2
*1041159: obj =   8.309377801e+00 inf =   9.215e-02 (10236) 3
*1041396: obj =   8.309262742e+00 inf =   9.189e-02 (10178) 2
*1041628: obj =   8.309261028e+00 inf =   8.938e-02 (10131) 2
*1041854: obj =   8.309160054e+00 inf =   8.712e-02 (10061) 3
*1042082: obj =   8.308973646e+00 inf =   8.717e-02 (10021) 2
*1042315: obj =   8.308788159e+00 inf =   8.652e-02 (9979) 2
*1042547: obj =   8.308592319e+00 inf =   8.670e-02 (9987) 2
*1042771: obj =   8.308518143e+00 inf =   8.637e-02 (9971) 3
*1043002: obj =   8.308284929e+00 inf =   8.517e-02 (9947) 2
*1043232: obj =   8.308118106e+00 inf =   8.514e-02 (9886) 2
*1043461: obj =   8.307892706e+00 inf =   8.552e-02 (9857) 3
*1043688: obj =   8.307731995e+00 inf =   8.568e-02 (9818) 2
*1043916: obj =   8.307586581e+00 inf =   8.582e-02 (9764) 2
*1044142: obj =   8.307490499e+00 inf =   8.534e-02 (9691) 2
*1044372: obj =   8.307333937e+00 inf =   8.468e-02 (9609) 3
*1044603: obj =   8.307102158e+00 inf =   8.470e-02 (9545) 2
*1044832: obj =   8.306872848e+00 inf =   8.487e-02 (9554) 2
*1045065: obj =   8.306666298e+00 inf =   8.528e-02 (9628) 2
*1045298: obj =   8.306534381e+00 inf =   8.546e-02 (9652) 3
*1045530: obj =   8.306488437e+00 inf =   8.506e-02 (9590) 2
*1045762: obj =   8.306293526e+00 inf =   8.537e-02 (9615) 2
*1045990: obj =   8.306032607e+00 inf =   8.613e-02 (9574) 3
*1046224: obj =   8.305934716e+00 inf =   8.653e-02 (9607) 2
*1046461: obj =   8.305778639e+00 inf =   8.686e-02 (9569) 2
*1046694: obj =   8.305506617e+00 inf =   8.782e-02 (9572) 3
*1046922: obj =   8.305486367e+00 inf =   8.758e-02 (9511) 2
*1047154: obj =   8.305308433e+00 inf =   8.783e-02 (9489) 2
*1047400: obj =   8.305076761e+00 inf =   8.839e-02 (9440) 2
*1047632: obj =   8.305002849e+00 inf =   8.805e-02 (9416) 3
*1047867: obj =   8.304771905e+00 inf =   8.851e-02 (9480) 2
*1048100: obj =   8.304514262e+00 inf =   8.912e-02 (9438) 2
*1048347: obj =   8.304256623e+00 inf =   8.994e-02 (9317) 3
*1048589: obj =   8.304169399e+00 inf =   8.994e-02 (9363) 2
*1048818: obj =   8.304169064e+00 inf =   8.838e-02 (9318) 3
*1049052: obj =   8.303940451e+00 inf =   8.741e-02 (9196) 2
*1049289: obj =   8.303680391e+00 inf =   8.718e-02 (9158) 2
*1049523: obj =   8.303597211e+00 inf =   8.695e-02 (9168) 2
*1049749: obj =   8.303464310e+00 inf =   8.640e-02 (9083) 3
*1049981: obj =   8.303380534e+00 inf =   8.594e-02 (8982) 2
*1050219: obj =   8.303222922e+00 inf =   8.584e-02 (8952) 2
*1050451: obj =   8.302989168e+00 inf =   8.614e-02 (9049) 3
*1050683: obj =   8.302854385e+00 inf =   8.635e-02 (8947) 2
*1050912: obj =   8.302770378e+00 inf =   8.598e-02 (8975) 2
*1051144: obj =   8.302538125e+00 inf =   8.627e-02 (8850) 3
*1051391: obj =   8.302466958e+00 inf =   8.646e-02 (8918) 2
*1051633: obj =   8.302253761e+00 inf =   8.654e-02 (8889) 2
*1051866: obj =   8.302140203e+00 inf =   8.697e-02 (8859) 3
*1052102: obj =   8.302036926e+00 inf =   8.654e-02 (8801) 2
*1052346: obj =   8.301922158e+00 inf =   8.661e-02 (8771) 2
*1052581: obj =   8.301700985e+00 inf =   8.647e-02 (8719) 3
*1052819: obj =   8.301473623e+00 inf =   8.656e-02 (8728) 2
*1053056: obj =   8.301296471e+00 inf =   8.661e-02 (8703) 2
*1053292: obj =   8.301097671e+00 inf =   8.661e-02 (8720) 3
*1053533: obj =   8.300942083e+00 inf =   8.648e-02 (8679) 2
*1053769: obj =   8.300630575e+00 inf =   8.743e-02 (8707) 3
*1054002: obj =   8.300568546e+00 inf =   8.758e-02 (8754) 2
*1054238: obj =   8.300399780e+00 inf =   8.736e-02 (8705) 2
*1054476: obj =   8.300191701e+00 inf =   8.793e-02 (8715) 2
*1054703: obj =   8.300107554e+00 inf =   8.789e-02 (8659) 3
*1054938: obj =   8.299971469e+00 inf =   8.801e-02 (8684) 2
*1055171: obj =   8.299897846e+00 inf =   8.643e-02 (8606) 2
*1055407: obj =   8.299737102e+00 inf =   8.632e-02 (8518) 3
*1055640: obj =   8.299538495e+00 inf =   8.688e-02 (8515) 2
*1055869: obj =   8.299422686e+00 inf =   8.714e-02 (8557) 2
*1056095: obj =   8.299288981e+00 inf =   8.725e-02 (8537) 3
*1056329: obj =   8.299192543e+00 inf =   8.447e-02 (8455) 2
*1056539: obj =   8.299021632e+00 inf =   8.486e-02 (8494) 2
*1056767: obj =   8.298929452e+00 inf =   8.417e-02 (8506) 2
*1056995: obj =   8.298850581e+00 inf =   8.151e-02 (8395) 2
*1057219: obj =   8.298799706e+00 inf =   7.804e-02 (8281) 3
*1057452: obj =   8.298590484e+00 inf =   7.790e-02 (8399) 2
*1057682: obj =   8.298360736e+00 inf =   7.804e-02 (8451) 2
*1057908: obj =   8.298276539e+00 inf =   7.765e-02 (8474) 2
*1058128: obj =   8.298197101e+00 inf =   7.399e-02 (8361) 3
*1058361: obj =   8.298076896e+00 inf =   7.376e-02 (8366) 2
*1058594: obj =   8.297935774e+00 inf =   7.355e-02 (8368) 2
*1058823: obj =   8.297754808e+00 inf =   7.359e-02 (8318) 3
*1059049: obj =   8.297677754e+00 inf =   7.381e-02 (8287) 2
*1059279: obj =   8.297630030e+00 inf =   6.951e-02 (8264) 2
*1059510: obj =   8.297495178e+00 inf =   6.732e-02 (8279) 2
*1059735: obj =   8.297297891e+00 inf =   6.690e-02 (8224) 3
*1059962: obj =   8.297131413e+00 inf =   6.701e-02 (8175) 2
*1060189: obj =   8.297014528e+00 inf =   6.704e-02 (8141) 2
*1060422: obj =   8.296850703e+00 inf =   6.690e-02 (8143) 2
*1060649: obj =   8.296633684e+00 inf =   6.750e-02 (8079) 3
*1060874: obj =   8.296631979e+00 inf =   6.710e-02 (8060) 2
*1061099: obj =   8.296536885e+00 inf =   6.629e-02 (7987) 2
*1061333: obj =   8.296393182e+00 inf =   6.658e-02 (7989) 2
*1061563: obj =   8.296205350e+00 inf =   6.694e-02 (7980) 3
*1061794: obj =   8.296071125e+00 inf =   6.735e-02 (7934) 2
*1062024: obj =   8.295989178e+00 inf =   6.754e-02 (7840) 2
*1062259: obj =   8.295934332e+00 inf =   6.733e-02 (7881) 2
*1062487: obj =   8.295792333e+00 inf =   6.781e-02 (7910) 3
*1062718: obj =   8.295673976e+00 inf =   6.760e-02 (7959) 2
*1062950: obj =   8.295498684e+00 inf =   6.776e-02 (7950) 2
*1063179: obj =   8.295408264e+00 inf =   6.754e-02 (7948) 3
*1063418: obj =   8.295276433e+00 inf =   6.750e-02 (7917) 2
*1063650: obj =   8.295160359e+00 inf =   6.727e-02 (7930) 2
*1063881: obj =   8.295021386e+00 inf =   6.751e-02 (7892) 3
*1064113: obj =   8.294920065e+00 inf =   6.759e-02 (7858) 2
*1064348: obj =   8.294797864e+00 inf =   6.719e-02 (7868) 2
*1064575: obj =   8.294747838e+00 inf =   6.697e-02 (7859) 2
*1064801: obj =   8.294574196e+00 inf =   6.703e-02 (7807) 3
*1065016: obj =   8.294535205e+00 inf =   6.703e-02 (7786) 2
*1065257: obj =   8.294409193e+00 inf =   6.701e-02 (7717) 2
*1065489: obj =   8.294277437e+00 inf =   6.711e-02 (7712) 2
*1065713: obj =   8.294161612e+00 inf =   6.732e-02 (7700) 3
*1065939: obj =   8.294047235e+00 inf =   6.729e-02 (7666) 2
*1066166: obj =   8.293927423e+00 inf =   6.727e-02 (7670) 2
*1066407: obj =   8.293818993e+00 inf =   6.773e-02 (7661) 3
*1066650: obj =   8.293609464e+00 inf =   6.833e-02 (7717) 2
*1066891: obj =   8.293431268e+00 inf =   6.882e-02 (7694) 2
*1067120: obj =   8.293312419e+00 inf =   6.939e-02 (7704) 3
*1067359: obj =   8.293159785e+00 inf =   7.017e-02 (7668) 2
*1067592: obj =   8.293045399e+00 inf =   7.056e-02 (7603) 2
*1067822: obj =   8.292937325e+00 inf =   7.113e-02 (7583) 3
*1068053: obj =   8.292823546e+00 inf =   7.171e-02 (7561) 2
*1068286: obj =   8.292764970e+00 inf =   7.145e-02 (7612) 2
*1068517: obj =   8.292593515e+00 inf =   7.215e-02 (7650) 2
*1068745: obj =   8.292493593e+00 inf =   7.197e-02 (7732) 3
*1068976: obj =   8.292346106e+00 inf =   7.267e-02 (7593) 2
*1069208: obj =   8.292234721e+00 inf =   7.253e-02 (7566) 2
*1069445: obj =   8.292089616e+00 inf =   7.302e-02 (7599) 3
*1069686: obj =   8.291990193e+00 inf =   7.298e-02 (7569) 2
*1069926: obj =   8.291839893e+00 inf =   7.327e-02 (7530) 2
*1070158: obj =   8.291705483e+00 inf =   7.319e-02 (7436) 3
*1070396: obj =   8.291620936e+00 inf =   7.304e-02 (7396) 2
*1070629: obj =   8.291482635e+00 inf =   7.270e-02 (7435) 2
*1070856: obj =   8.291482635e+00 inf =   7.145e-02 (7367) 3
*1071087: obj =   8.291369839e+00 inf =   7.090e-02 (7436) 2
*1071321: obj =   8.291279277e+00 inf =   7.102e-02 (7431) 2
*1071554: obj =   8.291139726e+00 inf =   7.158e-02 (7376) 2
*1071780: obj =   8.291026392e+00 inf =   7.195e-02 (7374) 3
*1072006: obj =   8.290979633e+00 inf =   7.184e-02 (7326) 2
*1072240: obj =   8.290862566e+00 inf =   7.221e-02 (7435) 2
*1072473: obj =   8.290715273e+00 inf =   7.280e-02 (7252) 3
*1072705: obj =   8.290655265e+00 inf =   7.254e-02 (7286) 2
*1072935: obj =   8.290575593e+00 inf =   7.246e-02 (7276) 2
*1073159: obj =   8.290567313e+00 inf =   7.095e-02 (7248) 2
*1073388: obj =   8.290468881e+00 inf =   7.057e-02 (7324) 3
*1073614: obj =   8.290411960e+00 inf =   7.004e-02 (7304) 2
*1073840: obj =   8.290335201e+00 inf =   6.840e-02 (7201) 2
*1074064: obj =   8.290234832e+00 inf =   6.151e-02 (7230) 2
*1074291: obj =   8.290192370e+00 inf =   5.353e-02 (7156) 2
*1074514: obj =   8.290156596e+00 inf =   5.251e-02 (7087) 3
*1074741: obj =   8.290106138e+00 inf =   5.132e-02 (7139) 2
*1074970: obj =   8.290010693e+00 inf =   5.092e-02 (7086) 2
*1075197: obj =   8.289944746e+00 inf =   5.053e-02 (7094) 2
*1075427: obj =   8.289895796e+00 inf =   5.074e-02 (7023) 3
*1075662: obj =   8.289778919e+00 inf =   5.047e-02 (7059) 2
*1075894: obj =   8.289714129e+00 inf =   5.064e-02 (7024) 2
*1076125: obj =   8.289651708e+00 inf =   5.059e-02 (6970) 3
*1076369: obj =   8.289580091e+00 inf =   5.025e-02 (7018) 2
*1076613: obj =   8.289539221e+00 inf =   5.068e-02 (6991) 2
*1076846: obj =   8.289539221e+00 inf =   4.860e-02 (6919) 3
*1077080: obj =   8.289493850e+00 inf =   4.274e-02 (6891) 2
*1077326: obj =   8.289413121e+00 inf =   4.232e-02 (6871) 2
*1077571: obj =   8.289302961e+00 inf =   4.181e-02 (6881) 3
*1077821: obj =   8.289218173e+00 inf =   4.123e-02 (6838) 2
*1078069: obj =   8.289146109e+00 inf =   4.122e-02 (6728) 3
*1078330: obj =   8.289034951e+00 inf =   4.122e-02 (6747) 2
*1078597: obj =   8.289007115e+00 inf =   4.100e-02 (6797) 3
*1078875: obj =   8.288914958e+00 inf =   3.983e-02 (6826) 3
*1079147: obj =   8.288789599e+00 inf =   3.940e-02 (6780) 3
*1079432: obj =   8.288698427e+00 inf =   3.803e-02 (6814) 2
*1079709: obj =   8.288590023e+00 inf =   3.750e-02 (6790) 3
*1079988: obj =   8.288457438e+00 inf =   3.658e-02 (6767) 3
*1080266: obj =   8.288347714e+00 inf =   3.545e-02 (6714) 3
*1080496: obj =   8.288266825e+00 inf =   3.463e-02 (6850) 2
*1080722: obj =   8.288174628e+00 inf =   3.379e-02 (6903) 2
*1080947: obj =   8.288059324e+00 inf =   3.285e-02 (6853) 2
*1081171: obj =   8.287507057e+00 inf =   3.356e-02 (6848) 3
*1081403: obj =   8.287112126e+00 inf =   3.278e-02 (6896) 2
*1081633: obj =   8.286889475e+00 inf =   3.249e-02 (6913) 2
*1081862: obj =   8.286423249e+00 inf =   3.260e-02 (6852) 2
*1082086: obj =   8.286139527e+00 inf =   3.223e-02 (6798) 3
*1082315: obj =   8.285986376e+00 inf =   3.191e-02 (6864) 2
*1082547: obj =   8.285735714e+00 inf =   3.180e-02 (6826) 2
*1082774: obj =   8.285601391e+00 inf =   3.217e-02 (6805) 2
*1082997: obj =   8.285481584e+00 inf =   3.180e-02 (6724) 3
*1083224: obj =   8.285353971e+00 inf =   3.153e-02 (6756) 2
*1083465: obj =   8.285250445e+00 inf =   3.093e-02 (6796) 2
*1083699: obj =   8.285143526e+00 inf =   3.050e-02 (6878) 2
*1083928: obj =   8.284999672e+00 inf =   3.105e-02 (6791) 3
*1084170: obj =   8.284951269e+00 inf =   3.134e-02 (6700) 2
*1084408: obj =   8.284890255e+00 inf =   3.134e-02 (6658) 2
*1084644: obj =   8.284771339e+00 inf =   3.171e-02 (6661) 3
*1084881: obj =   8.284624253e+00 inf =   3.278e-02 (6677) 2
*1085111: obj =   8.284569687e+00 inf =   3.324e-02 (6673) 2
*1085342: obj =   8.284456086e+00 inf =   3.399e-02 (6560) 3
*1085582: obj =   8.284349303e+00 inf =   3.463e-02 (6575) 2
*1085812: obj =   8.284295228e+00 inf =   3.497e-02 (6549) 2
*1086034: obj =   8.284237894e+00 inf =   3.443e-02 (6467) 3
*1086262: obj =   8.284182908e+00 inf =   3.336e-02 (6436) 2
*1086496: obj =   8.284096390e+00 inf =   3.314e-02 (6549) 2
*1086726: obj =   8.284009569e+00 inf =   3.295e-02 (6378) 2
*1086949: obj =   8.283957888e+00 inf =   3.312e-02 (6378) 3
*1087178: obj =   8.283864612e+00 inf =   3.335e-02 (6219) 2
*1087413: obj =   8.283820769e+00 inf =   3.359e-02 (6231) 2
*1087660: obj =   8.283738189e+00 inf =   3.373e-02 (6215) 3
*1087903: obj =   8.283638454e+00 inf =   3.353e-02 (6268) 2
*1088138: obj =   8.283504358e+00 inf =   3.367e-02 (6189) 2
*1088375: obj =   8.283400930e+00 inf =   3.444e-02 (6183) 3
*1088610: obj =   8.283308418e+00 inf =   3.461e-02 (6124) 2
*1088843: obj =   8.283239507e+00 inf =   3.516e-02 (6181) 2
*1089070: obj =   8.283187124e+00 inf =   3.576e-02 (6027) 3
*1089307: obj =   8.283077298e+00 inf =   3.582e-02 (5929) 2
*1089543: obj =   8.282984599e+00 inf =   3.663e-02 (5903) 2
*1089772: obj =   8.282910366e+00 inf =   3.765e-02 (5869) 3
*1090005: obj =   8.282869805e+00 inf =   3.786e-02 (5828) 2
*1090250: obj =   8.282791145e+00 inf =   3.827e-02 (5881) 2
*1090488: obj =   8.282748196e+00 inf =   3.828e-02 (5922) 3
*1090734: obj =   8.282671292e+00 inf =   3.901e-02 (5905) 2
*1090975: obj =   8.282584667e+00 inf =   4.003e-02 (5768) 2
*1091218: obj =   8.282528325e+00 inf =   4.086e-02 (5721) 3
*1091466: obj =   8.282443504e+00 inf =   4.215e-02 (5823) 2
*1091701: obj =   8.282376881e+00 inf =   4.360e-02 (5771) 3
*1091941: obj =   8.282258963e+00 inf =   4.564e-02 (5812) 2
*1092185: obj =   8.282140906e+00 inf =   4.730e-02 (5695) 2
*1092451: obj =   8.282089829e+00 inf =   4.785e-02 (5811) 3
*1092699: obj =   8.282056629e+00 inf =   4.772e-02 (5723) 3
*1092984: obj =   8.281987272e+00 inf =   4.623e-02 (5658) 2
*1093257: obj =   8.281899917e+00 inf =   4.561e-02 (5660) 3
*1093508: obj =   8.281828814e+00 inf =   4.480e-02 (5692) 3
*1093749: obj =   8.281781477e+00 inf =   4.445e-02 (5704) 2
*1093984: obj =   8.281699102e+00 inf =   4.381e-02 (5652) 2
*1094214: obj =   8.281662033e+00 inf =   4.349e-02 (5475) 3
*1094455: obj =   8.281571805e+00 inf =   4.342e-02 (5491) 2
*1094688: obj =   8.281525037e+00 inf =   4.290e-02 (5408) 2
*1094921: obj =   8.281448567e+00 inf =   4.303e-02 (5366) 3
*1095154: obj =   8.281378875e+00 inf =   4.333e-02 (5301) 2
*1095393: obj =   8.281305371e+00 inf =   4.387e-02 (5335) 2
*1095628: obj =   8.281263878e+00 inf =   4.405e-02 (5323) 2
*1095853: obj =   8.281258399e+00 inf =   4.181e-02 (5259) 3
*1096080: obj =   8.281213464e+00 inf =   3.944e-02 (5154) 2
*1096311: obj =   8.281193939e+00 inf =   3.772e-02 (5137) 2
*1096540: obj =   8.281179258e+00 inf =   3.482e-02 (5182) 3
*1096772: obj =   8.281133133e+00 inf =   3.385e-02 (5343) 2
*1097009: obj =   8.281041589e+00 inf =   3.357e-02 (5188) 2
*1097242: obj =   8.281040706e+00 inf =   3.231e-02 (5141) 2
*1097479: obj =   8.280990985e+00 inf =   3.191e-02 (5333) 3
*1097713: obj =   8.280953789e+00 inf =   3.186e-02 (5285) 2
*1097943: obj =   8.280896906e+00 inf =   3.161e-02 (5244) 2
*1098170: obj =   8.280858589e+00 inf =   3.181e-02 (5306) 3
*1098410: obj =   8.280810532e+00 inf =   3.192e-02 (5218) 2
*1098655: obj =   8.280765336e+00 inf =   3.219e-02 (5169) 2
*1098892: obj =   8.280737271e+00 inf =   3.204e-02 (5229) 3
*1099143: obj =   8.280691765e+00 inf =   3.200e-02 (5168) 2
*1099398: obj =   8.280640107e+00 inf =   3.183e-02 (5125) 3
*1099643: obj =   8.280584552e+00 inf =   3.215e-02 (5068) 2
*1099880: obj =   8.280541260e+00 inf =   3.246e-02 (5063) 3
*1100121: obj =   8.280486581e+00 inf =   3.207e-02 (5203) 2
*1100366: obj =   8.280443815e+00 inf =   3.239e-02 (5132) 2
*1100624: obj =   8.280407169e+00 inf =   3.263e-02 (5038) 3
*1100888: obj =   8.280357307e+00 inf =   3.270e-02 (5012) 2
*1101129: obj =   8.280318382e+00 inf =   3.306e-02 (5067) 3
*1101367: obj =   8.280264324e+00 inf =   3.296e-02 (5074) 2
*1101602: obj =   8.280210974e+00 inf =   3.321e-02 (4990) 3
*1101836: obj =   8.280168587e+00 inf =   3.362e-02 (4930) 2
*1102069: obj =   8.280137654e+00 inf =   3.382e-02 (4926) 2
*1102303: obj =   8.280107150e+00 inf =   3.345e-02 (5122) 3
*1102543: obj =   8.280071642e+00 inf =   3.380e-02 (5022) 2
*1102790: obj =   7.773018771e+00 inf =   3.451e-02 (22400) 2
*1103061: obj =   7.772909512e+00 inf =   3.456e-02 (22431) 3
*1103308: obj =   7.772810917e+00 inf =   3.472e-02 (22489) 2
*1103547: obj =   7.772471300e+00 inf =   3.564e-02 (22549) 3
*1103785: obj =   7.772171157e+00 inf =   3.695e-02 (22546) 2
*1104016: obj =   7.771997105e+00 inf =   3.781e-02 (22573) 2
*1104243: obj =   7.771624503e+00 inf =   3.843e-02 (22622) 3
*1104480: obj =   7.771192994e+00 inf =   3.977e-02 (22608) 2
*1104714: obj =   7.770791218e+00 inf =   4.163e-02 (22564) 2
*1104939: obj =   7.770494113e+00 inf =   4.296e-02 (22540) 3
*1105166: obj =   7.770256212e+00 inf =   4.382e-02 (22496) 2
*1105399: obj =   7.769958391e+00 inf =   4.444e-02 (22544) 2
*1105628: obj =   7.769957238e+00 inf =   4.429e-02 (22474) 2
*1105855: obj =   7.769405164e+00 inf =   4.612e-02 (22425) 3
*1106083: obj =   7.768999152e+00 inf =   4.780e-02 (22323) 2
*1106312: obj =   7.768728182e+00 inf =   4.879e-02 (22287) 2
*1106545: obj =   7.768317902e+00 inf =   5.106e-02 (22258) 2
*1106770: obj =   7.768174602e+00 inf =   5.216e-02 (22180) 3
*1106997: obj =   7.767681632e+00 inf =   5.485e-02 (22192) 2
*1107219: obj =   7.767680405e+00 inf =   5.485e-02 (22183) 2
*1107448: obj =   7.767350480e+00 inf =   5.638e-02 (22127) 2
*1107673: obj =   7.766797635e+00 inf =   5.938e-02 (22053) 3
*1107900: obj =   7.766546811e+00 inf =   6.098e-02 (22002) 2
*1108126: obj =   7.766212690e+00 inf =   6.317e-02 (21908) 2
*1108357: obj =   7.765860971e+00 inf =   6.560e-02 (21783) 2
*1108586: obj =   7.765306096e+00 inf =   6.963e-02 (21756) 3
*1108816: obj =   7.764878853e+00 inf =   7.344e-02 (21687) 2
*1109042: obj =   7.764772337e+00 inf =   7.459e-02 (21637) 2
*1109270: obj =   7.764658727e+00 inf =   7.471e-02 (21554) 2
*1109499: obj =   7.764201356e+00 inf =   7.799e-02 (21442) 3
*1109729: obj =   7.763739660e+00 inf =   8.184e-02 (21386) 2
*1109958: obj =   7.763278971e+00 inf =   8.584e-02 (21310) 2
*1110183: obj =   7.763119899e+00 inf =   8.734e-02 (21208) 2
*1110414: obj =   7.762716548e+00 inf =   9.033e-02 (21111) 3
*1110652: obj =   7.762366900e+00 inf =   9.282e-02 (21098) 2
*1110883: obj =   7.762244605e+00 inf =   9.282e-02 (21049) 2
*1111105: obj =   7.762241254e+00 inf =   8.866e-02 (20881) 3
*1111337: obj =   7.761880675e+00 inf =   9.015e-02 (20811) 2
*1111571: obj =   7.761623010e+00 inf =   9.217e-02 (20709) 2
*1111800: obj =   7.761622314e+00 inf =   8.933e-02 (20640) 2
*1112024: obj =   7.761450711e+00 inf =   8.736e-02 (20522) 3
*1112254: obj =   7.761123035e+00 inf =   8.884e-02 (20512) 2
*1112488: obj =   7.760854092e+00 inf =   8.952e-02 (20412) 2
*1112713: obj =   7.760436131e+00 inf =   9.163e-02 (20349) 3
*1112935: obj =   7.760370865e+00 inf =   9.044e-02 (20295) 2
*1113156: obj =   7.760370865e+00 inf =   8.572e-02 (20162) 2
*1113383: obj =   7.760369354e+00 inf =   8.158e-02 (20077) 2
*1113611: obj =   7.760033481e+00 inf =   8.053e-02 (20012) 2
*1113832: obj =   7.759658374e+00 inf =   8.132e-02 (19952) 3
*1114056: obj =   7.759393491e+00 inf =   8.232e-02 (19844) 2
*1114281: obj =   7.759158482e+00 inf =   8.232e-02 (19720) 2
*1114507: obj =   7.759125875e+00 inf =   8.063e-02 (19673) 2
*1114731: obj =   7.758958021e+00 inf =   7.754e-02 (19574) 2
*1114951: obj =   7.758504346e+00 inf =   7.844e-02 (19512) 3
*1115171: obj =   7.758369795e+00 inf =   7.856e-02 (19466) 2
*1115399: obj =   7.757989481e+00 inf =   7.924e-02 (19498) 2
*1115624: obj =   7.757634955e+00 inf =   8.053e-02 (19411) 2
*1115844: obj =   7.757412297e+00 inf =   8.102e-02 (19348) 3
*1116066: obj =   7.756990598e+00 inf =   8.247e-02 (19286) 2
*1116290: obj =   7.756626865e+00 inf =   8.420e-02 (19280) 2
*1116515: obj =   7.756446063e+00 inf =   8.405e-02 (19136) 2
*1116737: obj =   7.756277465e+00 inf =   8.357e-02 (19038) 2
*1116954: obj =   7.756236203e+00 inf =   8.010e-02 (18951) 2
*1117165: obj =   7.756154288e+00 inf =   7.504e-02 (18873) 3
*1117390: obj =   7.755906397e+00 inf =   7.505e-02 (18763) 2
*1117613: obj =   7.755538282e+00 inf =   7.578e-02 (18655) 2
*1117835: obj =   7.755299222e+00 inf =   7.593e-02 (18634) 2
*1118055: obj =   7.754923444e+00 inf =   7.655e-02 (18579) 2
*1118271: obj =   7.754826741e+00 inf =   7.549e-02 (18504) 3
*1118496: obj =   7.754600323e+00 inf =   7.173e-02 (18411) 2
*1118720: obj =   7.754239157e+00 inf =   7.260e-02 (18341) 2
*1118938: obj =   7.754108571e+00 inf =   7.103e-02 (18251) 2
*1119158: obj =   7.753727269e+00 inf =   7.155e-02 (18238) 2
*1119379: obj =   7.753691818e+00 inf =   6.868e-02 (18114) 2
*1119595: obj =   7.753691653e+00 inf =   6.257e-02 (18002) 3
*1119818: obj =   7.753414146e+00 inf =   6.070e-02 (17900) 2
*1120040: obj =   7.753083732e+00 inf =   6.073e-02 (17825) 2
*1120261: obj =   7.752913190e+00 inf =   6.038e-02 (17806) 2
*1120483: obj =   7.752895846e+00 inf =   5.481e-02 (17714) 2
*1120701: obj =   7.752682907e+00 inf =   5.150e-02 (17643) 3
*1120922: obj =   7.752373810e+00 inf =   5.089e-02 (17589) 2
*1121141: obj =   7.752110081e+00 inf =   5.047e-02 (17498) 2
*1121366: obj =   7.751779521e+00 inf =   4.994e-02 (17416) 2
*1121569: obj =   7.751683108e+00 inf =   4.976e-02 (17332) 2
*1121752: obj =   7.751650417e+00 inf =   4.959e-02 (17907) 2
*1121922: obj =   7.751491141e+00 inf =   4.861e-02 (18029) 2
*1122102: obj =   7.751363237e+00 inf =   4.859e-02 (18214) 1
*1122276: obj =   7.751132624e+00 inf =   4.813e-02 (18286) 2
*1122453: obj =   7.751000797e+00 inf =   4.870e-02 (17181) 2
*1122644: obj =   7.750889615e+00 inf =   4.902e-02 (17129) 2
*1122829: obj =   7.750768517e+00 inf =   4.933e-02 (17062) 1
*1122987: obj =   7.750630643e+00 inf =   4.908e-02 (151308) 2
*1123173: obj =   7.750438013e+00 inf =   4.973e-02 (151503) 2
*1123348: obj =   7.750297935e+00 inf =   4.974e-02 (16965) 1
*1123530: obj =   7.750080384e+00 inf =   4.930e-02 (16922) 2
*1123723: obj =   7.749773039e+00 inf =   4.965e-02 (16921) 2
*1123899: obj =   7.749694048e+00 inf =   5.019e-02 (16803) 2
*1124100: obj =   7.749361453e+00 inf =   5.017e-02 (151862) 1
*1124259: obj =   7.749331044e+00 inf =   5.018e-02 (16990) 2
*1124443: obj =   7.749159314e+00 inf =   4.961e-02 (16756) 2
*1124633: obj =   7.748967603e+00 inf =   5.012e-02 (152306) 2
*1124837: obj =   7.748738905e+00 inf =   4.980e-02 (16711) 2
*1125044: obj =   7.748478215e+00 inf =   5.009e-02 (16720) 2
*1125238: obj =   7.748386346e+00 inf =   5.038e-02 (17011) 2
*1125446: obj =   7.748240880e+00 inf =   5.007e-02 (16536) 2
*1125649: obj =   7.748087945e+00 inf =   5.036e-02 (152419) 2
*1125856: obj =   7.747759428e+00 inf =   4.981e-02 (16437) 2
*1126052: obj =   7.747609465e+00 inf =   4.998e-02 (16481) 1
*1126263: obj =   7.747304773e+00 inf =   5.008e-02 (16469) 2
*1126450: obj =   7.747186115e+00 inf =   5.032e-02 (16418) 2
*1126652: obj =   7.746943487e+00 inf =   4.958e-02 (152325) 2
*1126859: obj =   7.746716230e+00 inf =   4.975e-02 (16316) 2
*1127050: obj =   7.746617480e+00 inf =   5.016e-02 (16296) 2
*1127256: obj =   7.746337200e+00 inf =   5.054e-02 (152271) 2
*1127461: obj =   7.746141381e+00 inf =   5.073e-02 (152341) 2
*1127665: obj =   7.745950571e+00 inf =   5.048e-02 (152351) 2
*1127872: obj =   7.745656701e+00 inf =   5.022e-02 (16118) 2
*1128047: obj =   7.745512006e+00 inf =   5.033e-02 (16059) 2
*1128245: obj =   7.745359861e+00 inf =   5.014e-02 (16038) 2
*1128456: obj =   7.745248049e+00 inf =   5.093e-02 (16049) 2
*1128653: obj =   7.745122154e+00 inf =   5.002e-02 (15994) 1
*1128865: obj =   7.744921462e+00 inf =   5.002e-02 (15962) 3
*1129076: obj =   7.744781628e+00 inf =   4.986e-02 (15939) 1
*1129285: obj =   7.744590158e+00 inf =   4.967e-02 (151326) 2
*1129489: obj =   7.744455316e+00 inf =   4.913e-02 (15837) 2
*1129695: obj =   7.744258838e+00 inf =   4.878e-02 (152127) 2
*1129868: obj =   7.744119532e+00 inf =   4.860e-02 (15712) 2
*1130079: obj =   7.743879429e+00 inf =   4.860e-02 (15698) 2
*1130292: obj =   7.743627617e+00 inf =   4.821e-02 (15755) 2
*1130504: obj =   7.743512669e+00 inf =   4.856e-02 (15840) 2
*1130700: obj =   7.743471096e+00 inf =   4.854e-02 (15695) 2
*1130917: obj =   7.743160166e+00 inf =   4.830e-02 (15541) 2
*1131133: obj =   7.742857163e+00 inf =   4.791e-02 (15506) 2
*1131348: obj =   7.742694330e+00 inf =   4.808e-02 (15764) 2
*1131567: obj =   7.742411424e+00 inf =   4.817e-02 (15658) 2
*1131782: obj =   7.742356927e+00 inf =   4.899e-02 (15591) 2
*1131997: obj =   7.742126209e+00 inf =   4.852e-02 (15191) 2
*1132214: obj =   7.741846724e+00 inf =   4.847e-02 (15112) 3
*1132442: obj =   7.741778079e+00 inf =   4.895e-02 (15122) 2
*1132671: obj =   7.741503124e+00 inf =   4.909e-02 (15057) 2
*1132859: obj =   7.741440725e+00 inf =   4.867e-02 (151919) 2
*1133072: obj =   7.741311430e+00 inf =   4.841e-02 (14956) 2
*1133289: obj =   7.741120193e+00 inf =   4.817e-02 (14893) 2
*1133490: obj =   7.741033896e+00 inf =   4.820e-02 (14875) 2
*1133708: obj =   7.740784505e+00 inf =   4.794e-02 (14826) 2
*1133926: obj =   7.740543974e+00 inf =   4.800e-02 (14707) 2
*1134145: obj =   7.740459771e+00 inf =   4.863e-02 (14649) 2
*1134370: obj =   7.740336727e+00 inf =   4.855e-02 (14602) 2
*1134580: obj =   7.740290445e+00 inf =   4.791e-02 (14497) 2
*1134802: obj =   7.740158003e+00 inf =   4.743e-02 (14487) 2
*1135026: obj =   7.739982723e+00 inf =   4.765e-02 (14400) 2
*1135250: obj =   7.739834898e+00 inf =   4.788e-02 (14400) 2
*1135482: obj =   7.739634583e+00 inf =   4.785e-02 (14312) 3
*1135715: obj =   7.739387392e+00 inf =   4.786e-02 (151848) 2
*1135916: obj =   7.739292682e+00 inf =   4.738e-02 (14213) 2
*1136143: obj =   7.739066396e+00 inf =   4.807e-02 (14116) 2
*1136345: obj =   7.738906130e+00 inf =   4.832e-02 (151197) 2
*1136556: obj =   7.738864991e+00 inf =   4.862e-02 (13940) 2
*1136739: obj =   7.738832977e+00 inf =   4.903e-02 (151172) 2
*1136947: obj =   7.738713456e+00 inf =   4.862e-02 (151177) 2
*1137150: obj =   7.738571911e+00 inf =   4.875e-02 (13821) 2
*1137346: obj =   7.738499112e+00 inf =   4.867e-02 (150728) 2
*1137538: obj =   7.738376003e+00 inf =   4.875e-02 (150912) 2
*1137736: obj =   7.738178757e+00 inf =   4.881e-02 (151141) 1
*1137936: obj =   7.738068368e+00 inf =   4.917e-02 (13681) 2
*1138121: obj =   7.737979562e+00 inf =   4.913e-02 (13627) 2
*1138319: obj =   7.737869054e+00 inf =   4.952e-02 (14377) 2
*1138525: obj =   7.737779878e+00 inf =   4.944e-02 (150704) 2
*1138729: obj =   7.737592588e+00 inf =   4.971e-02 (13506) 2
*1138934: obj =   7.737431013e+00 inf =   5.008e-02 (13372) 2
*1139144: obj =   7.737373256e+00 inf =   5.030e-02 (151090) 2
*1139347: obj =   7.737237729e+00 inf =   5.031e-02 (13325) 2
*1139538: obj =   7.737110107e+00 inf =   5.036e-02 (150816) 2
*1139736: obj =   7.736988595e+00 inf =   5.060e-02 (13304) 2
*1139933: obj =   7.736869066e+00 inf =   5.090e-02 (13259) 2
*1140137: obj =   7.736714772e+00 inf =   5.135e-02 (13186) 2
*1140337: obj =   7.736544629e+00 inf =   5.160e-02 (150877) 2
*1140542: obj =   7.736480158e+00 inf =   5.173e-02 (13023) 2
*1140752: obj =   7.736368940e+00 inf =   5.212e-02 (150800) 2
*1140964: obj =   7.736303237e+00 inf =   5.277e-02 (12900) 2
*1141173: obj =   7.736195483e+00 inf =   5.288e-02 (150587) 2
*1141382: obj =   7.736110311e+00 inf =   5.277e-02 (12810) 2
*1141591: obj =   7.736069973e+00 inf =   5.310e-02 (12771) 2
*1141802: obj =   7.736040240e+00 inf =   5.340e-02 (13620) 2
*1141963: obj =   7.736040240e+00 inf =   5.329e-02 (12669) 1
*1142142: obj =   7.735932818e+00 inf =   5.292e-02 (12666) 2
*1142344: obj =   7.735848886e+00 inf =   5.283e-02 (12729) 2
*1142547: obj =   7.735746212e+00 inf =   5.262e-02 (12620) 2
*1142754: obj =   7.735630522e+00 inf =   5.286e-02 (13313) 2
*1142961: obj =   7.735516332e+00 inf =   5.251e-02 (12477) 2
*1143166: obj =   7.735428336e+00 inf =   5.265e-02 (13297) 2
*1143370: obj =   7.735342240e+00 inf =   5.265e-02 (12425) 2
*1143571: obj =   7.735266935e+00 inf =   5.284e-02 (12401) 2
*1143786: obj =   7.735230577e+00 inf =   5.289e-02 (12907) 2
*1144003: obj =   7.735154901e+00 inf =   5.323e-02 (12242) 2
*1144234: obj =   7.735154450e+00 inf =   5.292e-02 (12201) 2
*1144445: obj =   7.735077770e+00 inf =   5.256e-02 (12107) 2
*1144656: obj =   7.734974526e+00 inf =   5.236e-02 (12556) 2
*1144861: obj =   7.734856167e+00 inf =   5.246e-02 (12048) 2
*1145076: obj =   7.734750145e+00 inf =   5.254e-02 (11929) 2
*1145302: obj =   7.734695491e+00 inf =   5.266e-02 (11867) 2
*1145513: obj =   7.734645415e+00 inf =   5.296e-02 (11893) 2
*1145721: obj =   7.734602532e+00 inf =   5.293e-02 (11864) 2
*1145941: obj =   7.734553473e+00 inf =   5.303e-02 (11779) 2
*1146158: obj =   7.734488239e+00 inf =   5.286e-02 (12025) 2
*1146374: obj =   7.734415959e+00 inf =   5.303e-02 (11890) 2
*1146583: obj =   7.734342657e+00 inf =   5.271e-02 (150823) 2
*1146785: obj =   7.734286143e+00 inf =   5.187e-02 (150784) 2
*1146979: obj =   7.734237557e+00 inf =   5.130e-02 (150834) 2
*1147166: obj =   7.734182526e+00 inf =   5.068e-02 (151060) 2
*1147355: obj =   7.734056902e+00 inf =   5.048e-02 (11967) 2
*1147565: obj =   7.734009656e+00 inf =   4.976e-02 (151068) 2
*1147758: obj =   7.733915828e+00 inf =   4.932e-02 (150784) 1
*1147967: obj =   7.733844181e+00 inf =   4.884e-02 (12755) 2
*1148159: obj =   7.733690304e+00 inf =   4.893e-02 (12725) 2
*1148357: obj =   7.733633521e+00 inf =   4.858e-02 (12383) 2
*1148553: obj =   7.733613679e+00 inf =   4.796e-02 (150403) 2
*1148762: obj =   7.733551472e+00 inf =   4.714e-02 (12385) 2
*1148965: obj =   7.733504793e+00 inf =   4.614e-02 (150357) 2
*1149161: obj =   7.733444143e+00 inf =   4.498e-02 (150615) 1
*1149361: obj =   7.733315611e+00 inf =   4.499e-02 (20661) 2
*1149572: obj =   7.733226877e+00 inf =   4.490e-02 (19130) 2
*1149771: obj =   7.733131858e+00 inf =   4.480e-02 (12300) 2
*1149985: obj =   7.733022079e+00 inf =   4.454e-02 (12251) 2
*1150199: obj =   7.732872701e+00 inf =   4.471e-02 (12288) 2
*1150409: obj =   7.732763951e+00 inf =   4.512e-02 (11808) 2
*1150623: obj =   7.732707081e+00 inf =   4.444e-02 (151600) 2
*1150830: obj =   7.732603218e+00 inf =   4.395e-02 (11972) 2
*1151046: obj =   7.732602747e+00 inf =   4.286e-02 (151665) 2
*1151249: obj =   7.732539468e+00 inf =   4.137e-02 (12020) 2
*1151461: obj =   7.732438182e+00 inf =   4.120e-02 (11680) 2
*1151672: obj =   7.732352976e+00 inf =   4.039e-02 (11644) 2
*1151883: obj =   7.732281590e+00 inf =   3.927e-02 (11617) 2
*1152094: obj =   7.732161014e+00 inf =   3.842e-02 (11621) 2
*1152304: obj =   7.732021110e+00 inf =   3.855e-02 (151655) 2
*1152521: obj =   7.731975458e+00 inf =   3.826e-02 (11849) 2
*1152739: obj =   7.731824210e+00 inf =   3.811e-02 (11815) 2
*1152945: obj =   7.731736786e+00 inf =   3.768e-02 (11553) 2
*1153161: obj =   7.731569360e+00 inf =   3.839e-02 (11500) 2
*1153388: obj =   7.731555719e+00 inf =   3.790e-02 (11506) 2
*1153605: obj =   7.731428481e+00 inf =   3.774e-02 (11655) 2
*1153812: obj =   7.731367341e+00 inf =   3.789e-02 (151600) 2
*1154027: obj =   7.731236192e+00 inf =   3.707e-02 (11468) 2
*1154242: obj =   7.731150939e+00 inf =   3.681e-02 (11438) 2
*1154470: obj =   7.731085643e+00 inf =   3.584e-02 (11474) 2
*1154702: obj =   7.731052464e+00 inf =   3.378e-02 (11717) 2
*1154908: obj =   7.730991384e+00 inf =   3.356e-02 (11681) 2
*1155126: obj =   7.730842587e+00 inf =   3.329e-02 (11686) 2
*1155336: obj =   7.730761579e+00 inf =   3.286e-02 (11326) 2
*1155536: obj =   7.730698111e+00 inf =   3.265e-02 (11211) 1
*1155751: obj =   7.730553184e+00 inf =   3.263e-02 (11220) 2
*1155964: obj =   7.730519897e+00 inf =   3.171e-02 (11192) 2
*1156177: obj =   7.730401603e+00 inf =   3.165e-02 (11230) 2
*1156395: obj =   7.730271276e+00 inf =   3.208e-02 (11996) 3
*1156605: obj =   7.730240953e+00 inf =   3.033e-02 (12052) 1
*1156803: obj =   7.730189060e+00 inf =   3.004e-02 (150573) 2
*1157002: obj =   7.730125279e+00 inf =   2.953e-02 (12303) 2
*1157202: obj =   7.730082641e+00 inf =   2.880e-02 (12303) 2
*1157401: obj =   7.729978847e+00 inf =   2.817e-02 (11997) 2
*1157603: obj =   7.729908739e+00 inf =   2.778e-02 (11385) 2
*1157802: obj =   7.729822904e+00 inf =   2.742e-02 (150599) 2
*1158001: obj =   7.729779245e+00 inf =   2.731e-02 (150545) 2
*1158208: obj =   7.729748896e+00 inf =   2.659e-02 (11509) 1
*1158420: obj =   7.729654264e+00 inf =   2.617e-02 (150301) 2
*1158617: obj =   7.729578996e+00 inf =   2.603e-02 (11515) 2
*1158804: obj =   7.729563831e+00 inf =   2.578e-02 (11834) 2
*1159008: obj =   7.729419312e+00 inf =   2.544e-02 (11830) 2
*1159204: obj =   7.729394937e+00 inf =   2.548e-02 (11861) 2
*1159401: obj =   7.729333929e+00 inf =   2.498e-02 (11899) 2
*1159600: obj =   7.729230018e+00 inf =   2.475e-02 (11750) 2
*1159797: obj =   7.729185342e+00 inf =   2.466e-02 (11631) 2
*1160001: obj =   7.729120816e+00 inf =   2.451e-02 (11657) 1
*1160194: obj =   7.729039592e+00 inf =   2.392e-02 (11723) 2
*1160402: obj =   7.728952320e+00 inf =   2.369e-02 (150365) 2
*1160597: obj =   7.728920546e+00 inf =   2.347e-02 (150351) 2
*1160786: obj =   7.728877924e+00 inf =   2.304e-02 (11908) 2
*1160976: obj =   7.728776818e+00 inf =   2.245e-02 (150486) 2
*1161165: obj =   7.728730763e+00 inf =   2.232e-02 (11772) 2
*1161363: obj =   7.728653690e+00 inf =   2.222e-02 (11156) 2
*1161570: obj =   7.728587958e+00 inf =   2.176e-02 (150729) 2
*1161771: obj =   7.728553950e+00 inf =   2.150e-02 (150807) 1
*1161969: obj =   7.728503612e+00 inf =   2.125e-02 (12198) 2
*1162158: obj =   7.728411663e+00 inf =   2.079e-02 (11936) 2
*1162357: obj =   7.728339244e+00 inf =   2.076e-02 (150688) 2
*1162559: obj =   7.728298691e+00 inf =   2.090e-02 (11251) 2
*1162751: obj =   7.728246467e+00 inf =   2.067e-02 (11305) 2
*1162955: obj =   7.728198799e+00 inf =   2.081e-02 (11216) 2
*1163159: obj =   7.728135434e+00 inf =   2.073e-02 (150175) 2
*1163352: obj =   7.728106966e+00 inf =   2.053e-02 (10955) 2
*1163565: obj =   7.728041568e+00 inf =   2.020e-02 (11018) 2
*1163771: obj =   7.727953964e+00 inf =   1.991e-02 (10978) 2
*1163973: obj =   7.727867537e+00 inf =   1.973e-02 (11997) 2
*1164159: obj =   7.727820015e+00 inf =   1.980e-02 (11228) 1
*1164337: obj =   7.727751814e+00 inf =   2.018e-02 (11223) 2
*1164493: obj =   7.727707402e+00 inf =   2.027e-02 (11636) 2
*1164675: obj =   7.727665433e+00 inf =   2.036e-02 (11487) 1
*1164846: obj =   7.727635732e+00 inf =   2.028e-02 (10959) 2
*1165015: obj =   7.727575082e+00 inf =   2.005e-02 (11007) 2
*1165196: obj =   7.727503347e+00 inf =   2.003e-02 (10916) 1
*1165373: obj =   7.727453025e+00 inf =   1.971e-02 (15583) 2
*1165543: obj =   7.727402878e+00 inf =   1.955e-02 (150456) 2
*1165719: obj =   7.727343040e+00 inf =   1.963e-02 (10623) 2
*1165904: obj =   7.727262835e+00 inf =   1.991e-02 (150730) 1
*1166075: obj =   7.727199089e+00 inf =   2.012e-02 (150680) 2
*1166242: obj =   7.727122048e+00 inf =   2.008e-02 (10500) 2
*1166424: obj =   7.727098771e+00 inf =   2.035e-02 (11610) 1
*1166585: obj =   7.727021072e+00 inf =   2.049e-02 (10722) 2
*1166746: obj =   7.726953712e+00 inf =   2.034e-02 (10982) 2
*1166936: obj =   7.726898591e+00 inf =   2.055e-02 (10965) 1
*1167091: obj =   7.726825124e+00 inf =   2.065e-02 (11021) 2
*1167252: obj =   7.726766538e+00 inf =   2.072e-02 (10949) 2
*1167434: obj =   7.726686756e+00 inf =   2.076e-02 (10844) 1
*1167591: obj =   7.726635463e+00 inf =   2.087e-02 (10786) 2
*1167761: obj =   7.726569617e+00 inf =   2.146e-02 (10771) 2
*1167941: obj =   7.726501853e+00 inf =   2.190e-02 (10791) 1
*1168107: obj =   7.726483445e+00 inf =   2.226e-02 (10843) 2
*1168271: obj =   7.726422332e+00 inf =   2.247e-02 (10948) 2
*1168450: obj =   7.726383649e+00 inf =   2.251e-02 (10929) 1
*1168630: obj =   7.726329534e+00 inf =   2.284e-02 (10885) 2
*1168783: obj =   7.726294418e+00 inf =   2.298e-02 (10719) 2
*1168968: obj =   7.726224898e+00 inf =   2.312e-02 (10601) 1
*1169120: obj =   7.726187761e+00 inf =   2.306e-02 (10436) 2
*1169289: obj =   7.726150193e+00 inf =   2.392e-02 (10310) 2
*1169474: obj =   7.726102987e+00 inf =   2.385e-02 (10345) 1
*1169632: obj =   7.726052490e+00 inf =   2.416e-02 (10210) 2
*1169796: obj =   7.726013709e+00 inf =   2.442e-02 (10169) 2
*1169982: obj =   7.725961729e+00 inf =   2.487e-02 (10076) 1
*1170142: obj =   7.725905873e+00 inf =   2.536e-02 (9945) 2
*1170327: obj =   7.725870252e+00 inf =   2.589e-02 (9991) 2
*1170505: obj =   7.725858148e+00 inf =   2.574e-02 (10697) 2
*1170689: obj =   7.725797442e+00 inf =   2.662e-02 (9905) 1
*1170847: obj =   7.725735737e+00 inf =   2.716e-02 (9834) 2
*1171015: obj =   7.725707109e+00 inf =   2.742e-02 (9794) 2
*1171213: obj =   7.725659875e+00 inf =   2.803e-02 (9745) 1
*1171372: obj =   7.725601408e+00 inf =   2.898e-02 (9695) 2
*1171533: obj =   7.725562395e+00 inf =   2.965e-02 (9674) 2
*1171723: obj =   7.725552169e+00 inf =   2.974e-02 (9642) 2
*1171915: obj =   7.725550544e+00 inf =   2.865e-02 (9604) 1
*1172078: obj =   7.725532910e+00 inf =   2.809e-02 (9561) 2
*1172242: obj =   7.725500202e+00 inf =   2.794e-02 (9624) 2
*1172430: obj =   7.725474295e+00 inf =   2.797e-02 (9588) 1
*1172594: obj =   7.725439037e+00 inf =   2.829e-02 (9551) 2
*1172758: obj =   7.725413246e+00 inf =   2.830e-02 (9500) 2
*1172936: obj =   7.725370962e+00 inf =   2.850e-02 (9458) 2
*1173127: obj =   7.725348578e+00 inf =   2.828e-02 (9406) 1
*1173288: obj =   7.725308998e+00 inf =   2.846e-02 (9371) 2
*1173452: obj =   7.725272763e+00 inf =   2.861e-02 (9303) 2
*1173640: obj =   7.725213362e+00 inf =   2.936e-02 (10717) 1
*1173805: obj =   7.725167203e+00 inf =   3.034e-02 (9250) 2
*1173968: obj =   7.725150221e+00 inf =   3.073e-02 (9192) 2
*1174149: obj =   7.725120059e+00 inf =   3.114e-02 (9289) 2
*1174288: obj =   7.725082362e+00 inf =   3.167e-02 (9325) 1
*1174395: obj =   7.725059202e+00 inf =   3.194e-02 (9338) 1
*1174556: obj =   7.725033599e+00 inf =   3.226e-02 (9189) 2
*1174745: obj =   7.725001666e+00 inf =   3.271e-02 (9077) 1
*1174910: obj =   7.724975907e+00 inf =   3.296e-02 (8967) 2
*1175074: obj =   7.724964580e+00 inf =   3.252e-02 (8931) 2
*1175261: obj =   7.724933215e+00 inf =   3.236e-02 (8973) 1
*1175429: obj =   7.724915364e+00 inf =   3.220e-02 (9110) 2
*1175610: obj =   7.724877336e+00 inf =   3.250e-02 (9001) 2
*1175775: obj =   7.724852679e+00 inf =   3.271e-02 (9012) 2
*1175964: obj =   7.724809015e+00 inf =   3.321e-02 (8973) 1
*1176126: obj =   7.724808874e+00 inf =   3.235e-02 (8882) 2
*1176289: obj =   7.724780347e+00 inf =   3.207e-02 (10228) 2
*1176478: obj =   7.724755846e+00 inf =   3.209e-02 (8817) 2
*1176672: obj =   7.724742007e+00 inf =   3.186e-02 (149955) 1
*1176834: obj =   7.724692914e+00 inf =   3.175e-02 (8939) 2
*1176999: obj =   7.724661889e+00 inf =   3.202e-02 (8946) 2
*1177187: obj =   7.724611315e+00 inf =   3.244e-02 (8929) 2
*1177391: obj =   7.724561358e+00 inf =   3.309e-02 (8870) 1
*1177556: obj =   7.724525549e+00 inf =   3.376e-02 (8910) 2
*1177720: obj =   7.724504717e+00 inf =   3.382e-02 (8903) 2
*1177900: obj =   7.724465100e+00 inf =   3.406e-02 (8923) 2
*1178087: obj =   7.724423844e+00 inf =   3.449e-02 (8888) 1
*1178249: obj =   7.724416770e+00 inf =   3.431e-02 (8805) 2
*1178414: obj =   7.724380830e+00 inf =   3.439e-02 (8713) 2
*1178604: obj =   7.724332599e+00 inf =   3.515e-02 (8733) 1
*1178768: obj =   7.724307652e+00 inf =   3.544e-02 (8782) 2
*1178931: obj =   7.724297937e+00 inf =   3.542e-02 (8771) 2
*1179112: obj =   7.724270941e+00 inf =   3.553e-02 (8751) 2
*1179301: obj =   7.724242055e+00 inf =   3.577e-02 (8738) 1
*1179467: obj =   7.724208353e+00 inf =   3.577e-02 (8669) 2
*1179637: obj =   7.724181794e+00 inf =   3.615e-02 (8704) 2
*1179820: obj =   7.724140900e+00 inf =   3.671e-02 (8721) 2
*1180009: obj =   7.724105727e+00 inf =   3.731e-02 (8712) 1
*1180172: obj =   7.724093148e+00 inf =   3.731e-02 (8665) 2
*1180337: obj =   7.724066206e+00 inf =   3.786e-02 (8716) 2
*1180527: obj =   7.724030376e+00 inf =   3.893e-02 (8648) 2
*1180719: obj =   7.723993280e+00 inf =   3.962e-02 (8671) 1
*1180885: obj =   7.723993113e+00 inf =   3.902e-02 (8701) 2
*1181050: obj =   7.723942058e+00 inf =   3.932e-02 (8646) 2
*1181235: obj =   7.723921671e+00 inf =   3.941e-02 (8690) 2
*1181429: obj =   7.723902039e+00 inf =   3.902e-02 (8659) 1
*1181593: obj =   7.723881451e+00 inf =   3.926e-02 (149784) 2
*1181799: obj =   7.723873014e+00 inf =   3.769e-02 (9289) 2
*1182030: obj =   7.723862455e+00 inf =   3.686e-02 (9553) 2
*1182255: obj =   7.723832899e+00 inf =   3.586e-02 (150290) 2
*1182458: obj =   7.723820015e+00 inf =   3.487e-02 (8752) 2
*1182665: obj =   7.723803305e+00 inf =   3.376e-02 (8681) 2
*1182862: obj =   7.723773747e+00 inf =   3.257e-02 (8759) 2
*1183057: obj =   7.723732859e+00 inf =   3.172e-02 (8679) 2
*1183248: obj =   7.723692661e+00 inf =   3.105e-02 (8815) 2
*1183437: obj =   7.723686228e+00 inf =   3.109e-02 (8656) 2
*1183636: obj =   7.723662385e+00 inf =   3.050e-02 (9444) 2
*1183839: obj =   7.723647668e+00 inf =   2.913e-02 (9535) 2
*1184033: obj =   7.723612438e+00 inf =   2.857e-02 (8872) 2
*1184232: obj =   7.723597123e+00 inf =   2.851e-02 (8840) 1
*1184423: obj =   7.723592266e+00 inf =   2.831e-02 (8911) 2
*1184614: obj =   7.723561394e+00 inf =   2.771e-02 (9310) 2
*1184801: obj =   7.723536820e+00 inf =   2.745e-02 (9920) 2
*1184987: obj =   7.723506571e+00 inf =   2.716e-02 (9556) 2
*1185165: obj =   7.723477487e+00 inf =   2.670e-02 (9282) 2
*1185362: obj =   7.723455298e+00 inf =   2.623e-02 (8882) 1
*1185536: obj =   7.723443465e+00 inf =   2.599e-02 (8953) 2
*1185699: obj =   7.723431954e+00 inf =   2.577e-02 (9668) 2
*1185883: obj =   7.723386865e+00 inf =   2.532e-02 (8844) 2
*1186073: obj =   7.723340835e+00 inf =   2.503e-02 (9928) 1
*1186241: obj =   7.723310943e+00 inf =   2.529e-02 (8692) 2
*1186411: obj =   7.723294932e+00 inf =   2.521e-02 (8513) 2
*1186598: obj =   7.723281540e+00 inf =   2.508e-02 (8407) 2
*1186799: obj =   7.723245058e+00 inf =   2.493e-02 (9688) 1
*1187002: obj =   7.723237982e+00 inf =   2.481e-02 (8389) 2
*1187177: obj =   7.723199085e+00 inf =   2.487e-02 (8348) 2
*1187363: obj =   7.723171405e+00 inf =   2.517e-02 (8556) 2
*1187557: obj =   7.723168997e+00 inf =   2.474e-02 (9229) 2
*1187737: obj =   7.723151731e+00 inf =   2.456e-02 (8612) 2
*1187938: obj =   7.723139684e+00 inf =   2.411e-02 (8692) 2
*1188137: obj =   7.723111782e+00 inf =   2.397e-02 (8565) 1
*1188329: obj =   7.723091261e+00 inf =   2.385e-02 (8548) 2
*1188515: obj =   7.723063391e+00 inf =   2.349e-02 (8471) 2
*1188695: obj =   7.723045899e+00 inf =   2.324e-02 (8925) 2
*1188865: obj =   7.723015040e+00 inf =   2.299e-02 (8490) 2
*1189061: obj =   7.722993586e+00 inf =   2.293e-02 (8478) 2
*1189252: obj =   7.722976041e+00 inf =   2.303e-02 (8832) 1
*1189438: obj =   7.722949637e+00 inf =   2.299e-02 (8376) 2
*1189614: obj =   7.722928322e+00 inf =   2.308e-02 (9001) 2
*1189796: obj =   7.722907064e+00 inf =   2.288e-02 (8485) 2
*1189981: obj =   7.722877590e+00 inf =   2.277e-02 (8330) 2
*1190180: obj =   7.722856654e+00 inf =   2.407e-02 (8950) 1
*1190378: obj =   7.722839536e+00 inf =   2.392e-02 (8840) 2
*1190552: obj =   7.722827791e+00 inf =   2.334e-02 (8840) 2
*1190726: obj =   7.722823581e+00 inf =   2.327e-02 (8868) 2
*1190898: obj =   7.722802621e+00 inf =   2.246e-02 (8870) 2
*1191090: obj =   7.722774956e+00 inf =   2.264e-02 (9608) 1
*1191262: obj =   7.722758272e+00 inf =   2.254e-02 (9249) 2
*1191442: obj =   7.722738518e+00 inf =   2.243e-02 (8895) 2
*1191611: obj =   7.722711513e+00 inf =   2.235e-02 (8947) 2
*1191799: obj =   7.722658931e+00 inf =   2.308e-02 (8948) 1
*1191975: obj =   7.722645624e+00 inf =   2.311e-02 (8960) 2
*1192151: obj =   7.722632748e+00 inf =   2.289e-02 (8407) 2
*1192315: obj =   7.722622003e+00 inf =   2.262e-02 (9016) 2
*1192510: obj =   7.722602135e+00 inf =   2.265e-02 (9019) 1
*1192681: obj =   7.722585695e+00 inf =   2.251e-02 (9012) 2
*1192844: obj =   7.722555165e+00 inf =   2.245e-02 (8309) 2
*1193024: obj =   7.722534205e+00 inf =   2.274e-02 (8799) 2
*1193213: obj =   7.722513545e+00 inf =   2.313e-02 (9078) 1
*1193380: obj =   7.722473463e+00 inf =   2.431e-02 (9044) 2
*1193550: obj =   7.722444261e+00 inf =   2.455e-02 (9096) 2
*1193731: obj =   7.722415350e+00 inf =   2.399e-02 (9191) 2
*1193924: obj =   7.722388430e+00 inf =   2.419e-02 (9137) 1
*1194087: obj =   7.722354952e+00 inf =   2.505e-02 (9249) 2
*1194261: obj =   7.722341531e+00 inf =   2.509e-02 (9187) 2
*1194438: obj =   7.722314636e+00 inf =   2.452e-02 (9188) 2
*1194620: obj =   7.722279404e+00 inf =   2.459e-02 (9017) 1
*1194796: obj =   7.722276614e+00 inf =   2.458e-02 (9009) 2
*1194960: obj =   7.722225766e+00 inf =   2.457e-02 (9026) 2
*1195145: obj =   7.722194734e+00 inf =   2.456e-02 (7893) 2
*1195325: obj =   7.722164239e+00 inf =   2.530e-02 (8927) 1
*1195504: obj =   7.722140291e+00 inf =   2.565e-02 (8821) 2
*1195669: obj =   7.722118410e+00 inf =   2.583e-02 (8787) 2
*1195857: obj =   7.722098399e+00 inf =   2.624e-02 (8899) 2
*1196041: obj =   7.722063083e+00 inf =   2.631e-02 (7907) 1
*1196197: obj =   7.722021251e+00 inf =   2.638e-02 (7802) 2
*1196373: obj =   7.721999475e+00 inf =   2.666e-02 (7810) 2
*1196561: obj =   7.721985183e+00 inf =   2.643e-02 (8900) 1
*1196725: obj =   7.721967623e+00 inf =   2.675e-02 (8902) 2
*1196887: obj =   7.721957903e+00 inf =   2.641e-02 (9181) 2
*1197077: obj =   7.721933948e+00 inf =   2.567e-02 (8779) 2
*1197271: obj =   7.721903542e+00 inf =   2.558e-02 (9084) 1
*1197437: obj =   7.721877898e+00 inf =   2.502e-02 (8607) 2
*1197618: obj =   7.721870482e+00 inf =   2.472e-02 (8636) 2
*1197798: obj =   7.721844648e+00 inf =   2.489e-02 (7949) 2
*1197985: obj =   7.721825147e+00 inf =   2.499e-02 (8616) 1
*1198154: obj =   7.721806414e+00 inf =   2.518e-02 (8690) 2
*1198318: obj =   7.721773882e+00 inf =   2.529e-02 (8612) 2
*1198503: obj =   7.721755942e+00 inf =   2.496e-02 (8664) 2
*1198685: obj =   7.721723377e+00 inf =   2.524e-02 (8156) 1
*1198861: obj =   7.721698672e+00 inf =   2.570e-02 (8126) 2
*1199042: obj =   7.721679488e+00 inf =   2.533e-02 (8128) 2
*1199240: obj =   7.721637051e+00 inf =   2.548e-02 (8172) 2
*1199436: obj =   7.721622206e+00 inf =   2.518e-02 (7955) 2
*1199640: obj =   7.721599850e+00 inf =   2.522e-02 (7670) 2
*1199847: obj =   7.721578716e+00 inf =   2.522e-02 (8252) 2
*1200058: obj =   7.721565617e+00 inf =   2.507e-02 (8190) 2
*1200269: obj =   7.721542672e+00 inf =   2.497e-02 (7623) 2
*1200481: obj =   7.721534999e+00 inf =   2.484e-02 (7684) 2
*1200688: obj =   7.721523120e+00 inf =   2.487e-02 (8200) 2
*1200898: obj =   7.721497914e+00 inf =   2.489e-02 (8199) 2
*1201109: obj =   7.721479195e+00 inf =   2.468e-02 (8139) 2
*1201324: obj =   7.721461183e+00 inf =   2.446e-02 (7861) 2
*1201539: obj =   7.721437111e+00 inf =   2.402e-02 (7869) 2
*1201760: obj =   7.721427517e+00 inf =   2.431e-02 (7445) 2
*1201976: obj =   7.721413211e+00 inf =   2.448e-02 (7896) 2
*1202214: obj =   7.721401849e+00 inf =   2.280e-02 (20093) 2
*1202454: obj =   7.721140130e+00 inf =   2.230e-02 (20139) 2
*1202676: obj =   7.720092852e+00 inf =   2.195e-02 (20133) 3
*1202901: obj =   7.718170836e+00 inf =   2.187e-02 (20173) 2
*1203124: obj =   7.715988756e+00 inf =   2.219e-02 (20179) 2
*1203350: obj =   7.714036986e+00 inf =   2.157e-02 (20173) 2
*1203573: obj =   7.712606361e+00 inf =   2.154e-02 (20174) 3
*1203800: obj =   7.710064408e+00 inf =   2.157e-02 (20124) 2
*1204027: obj =   7.708577017e+00 inf =   2.178e-02 (20119) 2
*1204253: obj =   7.706486508e+00 inf =   2.164e-02 (20062) 2
*1204480: obj =   7.704799581e+00 inf =   2.181e-02 (20028) 3
*1204707: obj =   7.703056181e+00 inf =   2.214e-02 (20000) 2
*1204931: obj =   7.701739042e+00 inf =   2.202e-02 (19983) 2
*1205154: obj =   7.699724501e+00 inf =   2.208e-02 (19898) 2
*1205380: obj =   7.697440673e+00 inf =   2.223e-02 (19936) 2
*1205603: obj =   7.696322945e+00 inf =   2.196e-02 (19766) 3
*1205830: obj =   7.694437376e+00 inf =   2.217e-02 (19713) 2
*1206056: obj =   7.693686030e+00 inf =   2.252e-02 (19658) 2
*1206281: obj =   7.691406628e+00 inf =   2.239e-02 (19555) 2
*1206508: obj =   7.689733226e+00 inf =   2.233e-02 (19545) 3
*1206736: obj =   7.687363252e+00 inf =   2.279e-02 (19448) 2
*1206962: obj =   7.685941219e+00 inf =   2.326e-02 (19445) 2
*1207188: obj =   7.684222087e+00 inf =   2.392e-02 (19400) 2
*1207413: obj =   7.682418483e+00 inf =   2.485e-02 (19330) 3
*1207641: obj =   7.680915238e+00 inf =   2.575e-02 (19277) 2
*1207868: obj =   7.679669274e+00 inf =   2.639e-02 (19200) 2
*1208093: obj =   7.678630744e+00 inf =   2.699e-02 (19141) 2
*1208315: obj =   7.678139654e+00 inf =   2.740e-02 (19024) 2
*1208540: obj =   7.677086775e+00 inf =   2.738e-02 (18977) 3
*1208766: obj =   7.675498498e+00 inf =   2.798e-02 (18912) 2
*1208991: obj =   7.673853016e+00 inf =   2.895e-02 (18901) 2
*1209217: obj =   7.672205748e+00 inf =   3.041e-02 (18863) 2
*1209441: obj =   7.671556916e+00 inf =   3.090e-02 (18785) 3
*1209668: obj =   7.670341388e+00 inf =   3.201e-02 (18780) 2
*1209893: obj =   7.668588572e+00 inf =   3.387e-02 (18644) 2
*1210117: obj =   7.666733638e+00 inf =   3.619e-02 (18585) 2
*1210339: obj =   7.665407322e+00 inf =   3.841e-02 (18520) 3
*1210567: obj =   7.664301544e+00 inf =   4.032e-02 (18446) 2
*1210793: obj =   7.662799007e+00 inf =   4.309e-02 (18387) 2
*1211016: obj =   7.661798679e+00 inf =   4.503e-02 (18318) 2
*1211240: obj =   7.660590930e+00 inf =   4.724e-02 (18273) 2
*1211465: obj =   7.659383591e+00 inf =   4.979e-02 (18191) 3
*1211696: obj =   7.658067449e+00 inf =   5.283e-02 (18136) 2
*1211924: obj =   7.656920122e+00 inf =   5.594e-02 (18120) 2
*1212149: obj =   7.655741555e+00 inf =   5.910e-02 (18029) 2
*1212374: obj =   7.654018871e+00 inf =   6.464e-02 (17939) 3
*1212607: obj =   7.652881825e+00 inf =   6.852e-02 (17880) 2
*1212839: obj =   7.651845868e+00 inf =   7.226e-02 (17794) 2
*1213067: obj =   7.651147797e+00 inf =   7.482e-02 (17678) 3
*1213296: obj =   7.649806293e+00 inf =   7.998e-02 (17584) 2
*1213533: obj =   7.648762732e+00 inf =   8.418e-02 (17556) 2
*1213767: obj =   7.647637441e+00 inf =   8.912e-02 (17474) 2
*1213997: obj =   7.646685065e+00 inf =   9.298e-02 (17432) 3
*1214232: obj =   7.645451065e+00 inf =   9.854e-02 (17335) 2
*1214475: obj =   7.644156264e+00 inf =   1.049e-01 (17275) 2
*1214713: obj =   7.643325885e+00 inf =   1.092e-01 (17174) 3
*1214952: obj =   7.642767258e+00 inf =   1.120e-01 (17086) 2
*1215188: obj =   7.641795134e+00 inf =   1.163e-01 (17093) 3
*1215433: obj =   7.640860754e+00 inf =   1.207e-01 (17033) 2
*1215681: obj =   7.640194004e+00 inf =   1.238e-01 (16915) 2
*1215927: obj =   7.639123944e+00 inf =   1.291e-01 (16786) 3
*1216176: obj =   7.638539427e+00 inf =   1.323e-01 (16678) 2
*1216429: obj =   7.637623957e+00 inf =   1.362e-01 (16581) 3
*1216691: obj =   7.636438927e+00 inf =   1.420e-01 (16511) 2
*1216945: obj =   7.635893618e+00 inf =   1.449e-01 (16456) 3
*1217212: obj =   7.635088623e+00 inf =   1.488e-01 (16286) 3
*1217497: obj =   7.634221361e+00 inf =   1.531e-01 (16104) 2
*1217795: obj =   7.634060114e+00 inf =   1.526e-01 (16005) 3
*1218085: obj =   7.633765945e+00 inf =   1.511e-01 (15879) 3
*1218371: obj =   7.633550741e+00 inf =   1.494e-01 (15764) 3
*1218666: obj =   7.633330227e+00 inf =   1.480e-01 (15713) 3
*1218959: obj =   7.632584875e+00 inf =   1.473e-01 (15570) 3
*1219254: obj =   7.632168702e+00 inf =   1.476e-01 (15446) 3
*1219580: obj =   7.631802088e+00 inf =   1.455e-01 (15416) 3
*1219845: obj =   7.631280501e+00 inf =   1.461e-01 (15556) 3
*1220091: obj =   7.630794983e+00 inf =   1.465e-01 (15590) 2
*1220331: obj =   7.630077357e+00 inf =   1.479e-01 (15613) 2
*1220574: obj =   7.629439500e+00 inf =   1.498e-01 (15602) 3
*1220816: obj =   7.628414513e+00 inf =   1.530e-01 (15634) 2
*1221051: obj =   7.627377135e+00 inf =   1.565e-01 (15640) 2
*1221276: obj =   7.627107312e+00 inf =   1.560e-01 (15565) 3
*1221514: obj =   7.625964772e+00 inf =   1.600e-01 (15562) 2
*1221748: obj =   7.625416592e+00 inf =   1.618e-01 (15554) 2
*1221979: obj =   7.624408199e+00 inf =   1.647e-01 (15495) 2
*1222204: obj =   7.623190909e+00 inf =   1.693e-01 (15441) 3
*1222432: obj =   7.622753201e+00 inf =   1.703e-01 (15447) 2
*1222661: obj =   7.622348914e+00 inf =   1.700e-01 (15414) 2
*1222888: obj =   7.621160864e+00 inf =   1.740e-01 (15380) 2
*1223109: obj =   7.620276231e+00 inf =   1.770e-01 (15373) 3
*1223332: obj =   7.619540751e+00 inf =   1.782e-01 (15295) 2
*1223561: obj =   7.618524994e+00 inf =   1.811e-01 (15267) 2
*1223783: obj =   7.618523987e+00 inf =   1.775e-01 (15189) 2
*1224004: obj =   7.618218329e+00 inf =   1.753e-01 (15090) 2
*1224220: obj =   7.617790676e+00 inf =   1.736e-01 (14998) 3
*1224444: obj =   7.617191449e+00 inf =   1.733e-01 (14963) 2
*1224668: obj =   7.616614219e+00 inf =   1.720e-01 (14803) 2
*1224892: obj =   7.615808344e+00 inf =   1.736e-01 (14774) 2
*1225114: obj =   7.614881931e+00 inf =   1.753e-01 (14717) 2
*1225334: obj =   7.614525983e+00 inf =   1.728e-01 (14657) 2
*1225555: obj =   7.614480957e+00 inf =   1.688e-01 (14619) 3
*1225778: obj =   7.614316434e+00 inf =   1.646e-01 (14486) 2
*1226003: obj =   7.613172785e+00 inf =   1.660e-01 (14463) 2
*1226224: obj =   7.612571152e+00 inf =   1.671e-01 (14471) 2
*1226448: obj =   7.612344610e+00 inf =   1.660e-01 (14432) 2
*1226667: obj =   7.612060983e+00 inf =   1.632e-01 (14406) 3
*1226891: obj =   7.611209778e+00 inf =   1.639e-01 (14348) 2
*1227114: obj =   7.610526160e+00 inf =   1.644e-01 (14264) 2
*1227334: obj =   7.610276367e+00 inf =   1.600e-01 (14141) 2
*1227563: obj =   7.609681600e+00 inf =   1.598e-01 (14104) 2
*1227783: obj =   7.609079376e+00 inf =   1.605e-01 (14049) 3
*1228005: obj =   7.608666975e+00 inf =   1.588e-01 (14030) 2
*1228224: obj =   7.608665695e+00 inf =   1.539e-01 (13988) 2
*1228449: obj =   7.608292279e+00 inf =   1.505e-01 (13842) 2
*1228672: obj =   7.608284033e+00 inf =   1.467e-01 (13763) 2
*1228890: obj =   7.608151803e+00 inf =   1.428e-01 (13746) 3
*1229113: obj =   7.607477267e+00 inf =   1.417e-01 (13715) 2
*1229335: obj =   7.607101887e+00 inf =   1.406e-01 (13746) 2
*1229561: obj =   7.606829370e+00 inf =   1.382e-01 (13694) 2
*1229784: obj =   7.606521321e+00 inf =   1.338e-01 (13625) 2
*1230002: obj =   7.606301096e+00 inf =   1.310e-01 (13647) 3
*1230225: obj =   7.605835449e+00 inf =   1.302e-01 (13559) 2
*1230450: obj =   7.605528660e+00 inf =   1.281e-01 (13560) 2
*1230675: obj =   7.605170388e+00 inf =   1.264e-01 (13406) 2
*1230896: obj =   7.605055144e+00 inf =   1.212e-01 (13328) 2
*1231113: obj =   7.604743984e+00 inf =   1.195e-01 (13312) 3
*1231333: obj =   7.604341171e+00 inf =   1.165e-01 (13320) 2
*1231561: obj =   7.603899237e+00 inf =   1.153e-01 (13349) 2
*1231787: obj =   7.603199785e+00 inf =   1.140e-01 (13372) 2
*1232010: obj =   7.602768161e+00 inf =   1.134e-01 (13297) 2
*1232226: obj =   7.602420598e+00 inf =   1.131e-01 (13264) 3
*1232451: obj =   7.602116971e+00 inf =   1.122e-01 (13182) 2
*1232676: obj =   7.601754741e+00 inf =   1.121e-01 (13089) 2
*1232898: obj =   7.601442123e+00 inf =   1.105e-01 (13054) 2
*1233120: obj =   7.601038647e+00 inf =   1.101e-01 (13035) 2
*1233339: obj =   7.600873565e+00 inf =   1.083e-01 (12978) 3
*1233568: obj =   7.600387167e+00 inf =   1.074e-01 (12911) 2
*1233792: obj =   7.600139757e+00 inf =   1.074e-01 (12811) 2
*1234016: obj =   7.599649617e+00 inf =   1.073e-01 (12770) 2
*1234237: obj =   7.599337440e+00 inf =   1.074e-01 (12631) 2
*1234457: obj =   7.599047394e+00 inf =   1.070e-01 (12534) 3
*1234681: obj =   7.598830155e+00 inf =   1.064e-01 (12470) 2
*1234904: obj =   7.598452559e+00 inf =   1.055e-01 (12518) 2
*1235124: obj =   7.598259380e+00 inf =   1.042e-01 (12478) 2
*1235345: obj =   7.597952890e+00 inf =   1.035e-01 (12409) 2
*1235567: obj =   7.597668707e+00 inf =   1.030e-01 (12334) 3
*1235789: obj =   7.597375896e+00 inf =   1.021e-01 (12361) 2
*1236011: obj =   7.596996665e+00 inf =   1.018e-01 (12267) 2
*1236229: obj =   7.596900552e+00 inf =   9.883e-02 (12210) 2
*1236453: obj =   7.596615606e+00 inf =   9.724e-02 (12256) 2
*1236676: obj =   7.596300697e+00 inf =   9.683e-02 (12175) 3
*1236899: obj =   7.596070595e+00 inf =   9.699e-02 (12211) 2
*1237118: obj =   7.595971348e+00 inf =   9.587e-02 (12170) 2
*1237340: obj =   7.595546661e+00 inf =   9.551e-02 (12139) 2
*1237567: obj =   7.595176110e+00 inf =   9.536e-02 (12013) 2
*1237787: obj =   7.595111498e+00 inf =   9.429e-02 (11984) 2
*1238005: obj =   7.594792869e+00 inf =   9.371e-02 (11961) 3
*1238224: obj =   7.594573475e+00 inf =   9.344e-02 (11893) 2
*1238446: obj =   7.594489824e+00 inf =   8.769e-02 (11802) 2
*1238672: obj =   7.594166886e+00 inf =   8.774e-02 (11753) 2
*1238897: obj =   7.593858767e+00 inf =   8.753e-02 (11847) 2
*1239116: obj =   7.593541795e+00 inf =   8.741e-02 (11771) 3
*1239336: obj =   7.593368002e+00 inf =   8.769e-02 (11713) 2
*1239565: obj =   7.593172629e+00 inf =   8.705e-02 (11661) 2
*1239791: obj =   7.592867864e+00 inf =   8.723e-02 (11629) 2
*1240011: obj =   7.592729131e+00 inf =   8.736e-02 (11633) 3
*1240229: obj =   7.592669455e+00 inf =   8.673e-02 (11581) 2
*1240456: obj =   7.592398635e+00 inf =   8.628e-02 (11480) 2
*1240680: obj =   7.592293019e+00 inf =   8.524e-02 (11465) 2
*1240904: obj =   7.591958618e+00 inf =   8.468e-02 (11476) 2
*1241122: obj =   7.591670993e+00 inf =   8.469e-02 (11407) 3
*1241340: obj =   7.591583173e+00 inf =   8.363e-02 (11391) 2
*1241567: obj =   7.591386727e+00 inf =   8.313e-02 (11364) 2
*1241791: obj =   7.591144127e+00 inf =   8.277e-02 (11328) 2
*1242014: obj =   7.590887987e+00 inf =   8.240e-02 (11301) 2
*1242233: obj =   7.590678346e+00 inf =   8.177e-02 (11248) 3
*1242458: obj =   7.590452638e+00 inf =   8.135e-02 (11142) 2
*1242684: obj =   7.590258909e+00 inf =   8.063e-02 (11188) 2
*1242906: obj =   7.590066028e+00 inf =   8.023e-02 (11160) 2
*1243130: obj =   7.589771178e+00 inf =   8.027e-02 (11101) 2
*1243350: obj =   7.589405081e+00 inf =   8.064e-02 (11005) 3
*1243578: obj =   7.589228019e+00 inf =   8.108e-02 (10912) 2
*1243803: obj =   7.589067245e+00 inf =   8.120e-02 (10939) 2
*1244027: obj =   7.588832086e+00 inf =   8.170e-02 (10836) 2
*1244248: obj =   7.588713946e+00 inf =   8.135e-02 (10793) 2
*1244470: obj =   7.588643560e+00 inf =   8.094e-02 (10834) 3
*1244694: obj =   7.588643294e+00 inf =   7.827e-02 (10758) 2
*1244920: obj =   7.588368143e+00 inf =   7.685e-02 (10722) 2
*1245142: obj =   7.588263342e+00 inf =   7.684e-02 (10709) 2
*1245364: obj =   7.588086991e+00 inf =   7.229e-02 (10553) 2
*1245589: obj =   7.587947548e+00 inf =   7.185e-02 (10585) 3
*1245818: obj =   7.587593164e+00 inf =   7.146e-02 (10545) 2
*1246044: obj =   7.587253815e+00 inf =   7.147e-02 (10511) 2
*1246267: obj =   7.587125860e+00 inf =   7.157e-02 (10480) 2
*1246496: obj =   7.586794706e+00 inf =   7.136e-02 (10451) 3
*1246724: obj =   7.586637389e+00 inf =   7.172e-02 (10561) 2
*1246947: obj =   7.586631071e+00 inf =   7.187e-02 (10468) 2
*1247162: obj =   7.586384492e+00 inf =   7.168e-02 (10426) 2
*1247387: obj =   7.586177391e+00 inf =   7.159e-02 (10428) 3
*1247620: obj =   7.585960777e+00 inf =   7.183e-02 (10417) 2
*1247850: obj =   7.585849523e+00 inf =   7.198e-02 (10374) 2
*1248077: obj =   7.585534866e+00 inf =   7.189e-02 (10285) 2
*1248296: obj =   7.585440788e+00 inf =   7.219e-02 (10280) 3
*1248527: obj =   7.585131761e+00 inf =   7.213e-02 (10253) 2
*1248755: obj =   7.584949529e+00 inf =   7.236e-02 (10238) 2
*1248983: obj =   7.584618035e+00 inf =   7.285e-02 (10185) 2
*1249205: obj =   7.584506781e+00 inf =   7.241e-02 (10175) 3
*1249435: obj =   7.584251764e+00 inf =   7.255e-02 (10153) 2
*1249667: obj =   7.584011322e+00 inf =   7.300e-02 (10102) 2
*1249892: obj =   7.583922462e+00 inf =   7.283e-02 (10036) 2
*1250114: obj =   7.583821233e+00 inf =   7.314e-02 (10019) 3
*1250339: obj =   7.583671012e+00 inf =   7.254e-02 (9976) 2
*1250573: obj =   7.583435957e+00 inf =   7.289e-02 (10038) 2
*1250800: obj =   7.583410880e+00 inf =   7.289e-02 (10033) 2
*1251024: obj =   7.583192387e+00 inf =   7.335e-02 (9950) 3
*1251253: obj =   7.583049338e+00 inf =   7.364e-02 (9936) 2
*1251492: obj =   7.582918313e+00 inf =   7.383e-02 (9886) 2
*1251731: obj =   7.582744157e+00 inf =   7.405e-02 (9858) 3
*1251968: obj =   7.582433959e+00 inf =   7.484e-02 (9864) 2
*1252201: obj =   7.582413411e+00 inf =   7.517e-02 (9833) 2
*1252441: obj =   7.582194691e+00 inf =   7.525e-02 (9751) 3
*1252680: obj =   7.582030794e+00 inf =   7.561e-02 (9736) 2
*1252919: obj =   7.581737869e+00 inf =   7.588e-02 (9745) 2
*1253150: obj =   7.581543905e+00 inf =   7.653e-02 (9735) 3
*1253387: obj =   7.581253914e+00 inf =   7.774e-02 (9675) 2
*1253624: obj =   7.581120371e+00 inf =   7.813e-02 (9702) 2
*1253853: obj =   7.581011789e+00 inf =   7.839e-02 (9636) 3
*1254085: obj =   7.580780809e+00 inf =   7.889e-02 (9617) 2
*1254319: obj =   7.580546416e+00 inf =   7.973e-02 (9573) 2
*1254560: obj =   7.580288987e+00 inf =   8.101e-02 (9590) 3
*1254790: obj =   7.580223422e+00 inf =   8.099e-02 (9658) 2
*1255021: obj =   7.579965318e+00 inf =   8.192e-02 (9637) 2
*1255252: obj =   7.579720474e+00 inf =   8.317e-02 (9562) 2
*1255479: obj =   7.579660920e+00 inf =   8.318e-02 (9493) 3
*1255721: obj =   7.579431799e+00 inf =   8.405e-02 (9456) 2
*1255964: obj =   7.579263560e+00 inf =   8.472e-02 (9492) 2
*1256203: obj =   7.579068675e+00 inf =   8.523e-02 (9468) 3
*1256444: obj =   7.578932287e+00 inf =   8.428e-02 (9489) 2
*1256664: obj =   7.578790371e+00 inf =   8.434e-02 (9447) 2
*1256878: obj =   7.578451574e+00 inf =   8.495e-02 (9341) 2
*1257103: obj =   7.578077469e+00 inf =   8.595e-02 (9316) 3
*1257327: obj =   7.578036447e+00 inf =   8.568e-02 (9301) 2
*1257560: obj =   7.577803251e+00 inf =   8.598e-02 (9311) 2
*1257792: obj =   7.577610238e+00 inf =   8.654e-02 (9328) 3
*1258023: obj =   7.577412868e+00 inf =   8.672e-02 (9300) 2
*1258251: obj =   7.577241334e+00 inf =   8.676e-02 (9275) 2
*1258487: obj =   7.577048622e+00 inf =   8.692e-02 (9177) 2
*1258713: obj =   7.576866117e+00 inf =   8.711e-02 (9162) 3
*1258942: obj =   7.576597008e+00 inf =   8.722e-02 (9220) 2
*1259170: obj =   7.576442296e+00 inf =   8.779e-02 (9213) 2
*1259398: obj =   7.576352708e+00 inf =   8.663e-02 (9151) 2
*1259629: obj =   7.576196215e+00 inf =   8.671e-02 (9161) 3
*1259860: obj =   7.576038470e+00 inf =   8.676e-02 (9166) 2
*1260086: obj =   7.575968128e+00 inf =   8.658e-02 (9134) 2
*1260313: obj =   7.575874547e+00 inf =   8.489e-02 (9049) 2
*1260545: obj =   7.575745810e+00 inf =   8.459e-02 (9041) 3
*1260781: obj =   7.575559519e+00 inf =   8.475e-02 (8979) 2
*1261012: obj =   7.575420377e+00 inf =   8.506e-02 (8942) 2
*1261237: obj =   7.575338411e+00 inf =   8.496e-02 (9000) 3
*1261473: obj =   7.574872128e+00 inf =   8.546e-02 (8918) 2
*1261707: obj =   7.574758363e+00 inf =   8.582e-02 (8885) 2
*1261936: obj =   7.574671154e+00 inf =   8.516e-02 (8872) 3
*1262164: obj =   7.574607454e+00 inf =   8.374e-02 (8822) 2
*1262399: obj =   7.574488132e+00 inf =   8.105e-02 (8650) 2
*1262643: obj =   7.574412748e+00 inf =   8.096e-02 (8719) 3
*1262872: obj =   7.574153005e+00 inf =   8.095e-02 (8688) 2
*1263097: obj =   7.573962796e+00 inf =   8.081e-02 (8717) 2
*1263323: obj =   7.573755185e+00 inf =   8.078e-02 (8726) 2
*1263554: obj =   7.573529413e+00 inf =   8.079e-02 (8701) 3
*1263801: obj =   7.573400290e+00 inf =   8.094e-02 (8800) 2
*1264032: obj =   7.573210368e+00 inf =   8.130e-02 (8793) 2
*1264260: obj =   7.573077827e+00 inf =   8.209e-02 (8791) 3
*1264535: obj =   7.572974902e+00 inf =   8.078e-02 (8790) 2
*1264769: obj =   7.572811541e+00 inf =   8.048e-02 (8803) 3
*1265003: obj =   7.572600865e+00 inf =   8.068e-02 (8722) 2
*1265231: obj =   7.572525688e+00 inf =   8.026e-02 (8796) 2
*1265466: obj =   7.572344125e+00 inf =   8.019e-02 (8661) 2
*1265696: obj =   7.572183643e+00 inf =   8.027e-02 (8624) 3
*1265928: obj =   7.572028034e+00 inf =   8.046e-02 (8675) 2
*1266156: obj =   7.571937350e+00 inf =   8.024e-02 (8586) 2
*1266384: obj =   7.571758174e+00 inf =   8.040e-02 (8542) 3
*1266621: obj =   7.571664494e+00 inf =   8.050e-02 (8459) 2
*1266856: obj =   7.571532826e+00 inf =   8.087e-02 (8438) 2
*1267088: obj =   7.571442120e+00 inf =   8.083e-02 (8331) 2
*1267328: obj =   7.571262977e+00 inf =   8.101e-02 (8246) 3
*1267575: obj =   7.571117301e+00 inf =   8.104e-02 (8302) 2
*1267811: obj =   7.570988800e+00 inf =   8.116e-02 (8241) 3
*1268048: obj =   7.570797386e+00 inf =   8.182e-02 (8207) 2
*1268279: obj =   7.570680307e+00 inf =   8.210e-02 (8209) 2
*1268507: obj =   7.570549276e+00 inf =   8.195e-02 (8112) 3
*1268739: obj =   7.570353716e+00 inf =   8.223e-02 (8189) 2
*1268968: obj =   7.570263287e+00 inf =   8.240e-02 (8086) 2
*1269190: obj =   7.570263287e+00 inf =   8.146e-02 (8107) 2
*1269415: obj =   7.570251513e+00 inf =   7.841e-02 (8031) 2
*1269645: obj =   7.570164496e+00 inf =   7.586e-02 (8029) 3
*1269880: obj =   7.570086073e+00 inf =   7.551e-02 (8021) 2
*1270113: obj =   7.569969073e+00 inf =   7.492e-02 (8003) 2
*1270339: obj =   7.569885268e+00 inf =   7.441e-02 (7988) 3
*1270585: obj =   7.569740314e+00 inf =   7.355e-02 (8015) 2
*1270822: obj =   7.569673254e+00 inf =   7.278e-02 (8092) 2
*1271057: obj =   7.569624117e+00 inf =   7.193e-02 (8051) 3
*1271288: obj =   7.569623882e+00 inf =   6.559e-02 (8109) 2
*1271529: obj =   7.569450501e+00 inf =   6.453e-02 (8063) 2
*1271761: obj =   7.569326938e+00 inf =   6.393e-02 (8058) 3
*1271998: obj =   7.569229352e+00 inf =   6.370e-02 (7956) 2
*1272230: obj =   7.569116637e+00 inf =   6.297e-02 (7994) 2
*1272460: obj =   7.569024149e+00 inf =   6.264e-02 (7973) 3
*1272697: obj =   7.568868008e+00 inf =   6.268e-02 (8064) 2
*1272935: obj =   7.568660487e+00 inf =   6.302e-02 (8038) 2
*1273160: obj =   7.568586745e+00 inf =   6.333e-02 (8024) 3
*1273389: obj =   7.568475054e+00 inf =   6.313e-02 (8014) 2
*1273621: obj =   7.568381590e+00 inf =   6.304e-02 (8007) 2
*1273853: obj =   7.568232300e+00 inf =   6.364e-02 (7980) 2
*1274078: obj =   7.568148461e+00 inf =   6.384e-02 (7971) 3
*1274312: obj =   7.568008292e+00 inf =   6.404e-02 (7937) 2
*1274549: obj =   7.567887736e+00 inf =   6.438e-02 (7810) 2
*1274774: obj =   7.567874412e+00 inf =   6.330e-02 (7805) 3
*1274999: obj =   7.567822664e+00 inf =   6.118e-02 (7831) 2
*1275225: obj =   7.567666175e+00 inf =   6.091e-02 (7841) 2
*1275454: obj =   7.567590390e+00 inf =   6.005e-02 (7882) 2
*1275685: obj =   7.567378470e+00 inf =   5.998e-02 (7896) 3
*1275913: obj =   7.567304276e+00 inf =   5.983e-02 (7935) 2
*1276142: obj =   7.567132809e+00 inf =   5.986e-02 (7862) 2
*1276373: obj =   7.566976998e+00 inf =   6.056e-02 (7829) 2
*1276611: obj =   7.566878035e+00 inf =   6.098e-02 (7877) 3
*1276862: obj =   7.566844804e+00 inf =   6.085e-02 (7693) 2
*1277101: obj =   7.566774183e+00 inf =   6.035e-02 (7656) 3
*1277343: obj =   7.566637268e+00 inf =   5.892e-02 (7653) 2
*1277603: obj =   7.566554968e+00 inf =   5.910e-02 (7681) 3
*1277856: obj =   7.566383473e+00 inf =   5.854e-02 (7679) 2
*1278098: obj =   7.566230896e+00 inf =   5.683e-02 (7604) 2
*1278317: obj =   7.566221948e+00 inf =   5.276e-02 (7620) 3
*1278547: obj =   7.566070332e+00 inf =   5.242e-02 (7698) 2
*1278772: obj =   7.566045287e+00 inf =   5.181e-02 (7755) 2
*1279001: obj =   7.565878334e+00 inf =   5.200e-02 (7718) 2
*1279223: obj =   7.565788348e+00 inf =   5.211e-02 (7713) 3
*1279457: obj =   7.565659864e+00 inf =   5.224e-02 (7642) 2
*1279695: obj =   7.565517947e+00 inf =   5.275e-02 (7619) 2
*1279927: obj =   7.565412831e+00 inf =   5.301e-02 (7602) 2
*1280158: obj =   7.565291089e+00 inf =   5.372e-02 (7581) 3
*1280392: obj =   7.565149963e+00 inf =   5.352e-02 (7565) 2
*1280627: obj =   7.565013424e+00 inf =   5.438e-02 (7430) 2
*1280851: obj =   7.564962726e+00 inf =   5.449e-02 (7454) 3
*1281080: obj =   7.564895482e+00 inf =   5.456e-02 (7334) 2
*1281308: obj =   7.564758158e+00 inf =   5.490e-02 (7356) 2
*1281547: obj =   7.564687647e+00 inf =   5.478e-02 (7289) 2
*1281784: obj =   7.564587763e+00 inf =   5.480e-02 (7301) 3
*1282019: obj =   7.564485397e+00 inf =   5.512e-02 (7270) 2
*1282252: obj =   7.564345729e+00 inf =   5.552e-02 (7226) 2
*1282481: obj =   7.564257136e+00 inf =   5.627e-02 (7192) 3
*1282714: obj =   7.564255952e+00 inf =   5.585e-02 (7182) 2
*1282950: obj =   7.564189702e+00 inf =   5.541e-02 (7198) 2
*1283187: obj =   7.564111641e+00 inf =   5.540e-02 (7229) 3
*1283431: obj =   7.564056914e+00 inf =   5.461e-02 (7083) 2
*1283671: obj =   7.563978676e+00 inf =   5.433e-02 (7175) 3
*1283909: obj =   7.563850694e+00 inf =   5.447e-02 (7171) 2
*1284141: obj =   7.563760994e+00 inf =   5.477e-02 (7113) 2
*1284373: obj =   7.563687809e+00 inf =   5.492e-02 (7024) 2
*1284615: obj =   7.563597611e+00 inf =   5.507e-02 (7005) 3
*1284863: obj =   7.563539172e+00 inf =   5.536e-02 (7051) 2
*1285110: obj =   7.563489821e+00 inf =   5.478e-02 (6970) 3
*1285360: obj =   7.563438643e+00 inf =   5.416e-02 (6913) 2
*1285607: obj =   7.563398632e+00 inf =   4.911e-02 (7004) 3
*1285847: obj =   7.563266634e+00 inf =   4.878e-02 (6994) 2
*1286092: obj =   7.563227158e+00 inf =   4.851e-02 (6862) 2
*1286340: obj =   7.563159263e+00 inf =   4.853e-02 (6850) 3
*1286605: obj =   7.563114592e+00 inf =   4.749e-02 (6838) 3
*1286854: obj =   7.562998891e+00 inf =   4.732e-02 (6921) 2
*1287089: obj =   7.562889981e+00 inf =   4.733e-02 (6867) 2
*1287317: obj =   7.562796086e+00 inf =   4.750e-02 (6877) 3
*1287557: obj =   7.562692076e+00 inf =   4.794e-02 (6824) 2
*1287794: obj =   7.562625101e+00 inf =   4.844e-02 (6784) 2
*1288017: obj =   7.562599865e+00 inf =   4.817e-02 (6750) 3
*1288249: obj =   7.562529571e+00 inf =   4.791e-02 (6800) 2
*1288489: obj =   7.562439971e+00 inf =   4.825e-02 (6748) 2
*1288725: obj =   7.562389257e+00 inf =   4.870e-02 (6825) 3
*1288954: obj =   7.562333837e+00 inf =   4.802e-02 (6617) 2
*1289181: obj =   7.562121642e+00 inf =   4.698e-02 (6617) 2
*1289408: obj =   7.561813409e+00 inf =   4.542e-02 (6534) 2
*1289640: obj =   7.561698235e+00 inf =   4.478e-02 (6675) 3
*1289875: obj =   7.561585986e+00 inf =   4.446e-02 (6674) 2
*1290104: obj =   7.561430382e+00 inf =   4.401e-02 (6708) 2
*1290331: obj =   7.561330171e+00 inf =   4.411e-02 (6662) 2
*1290561: obj =   7.561294060e+00 inf =   4.336e-02 (6707) 3
*1290793: obj =   7.561152847e+00 inf =   4.273e-02 (6635) 2
*1291023: obj =   7.561033460e+00 inf =   4.246e-02 (6655) 2
*1291254: obj =   7.560902259e+00 inf =   4.306e-02 (6553) 3
*1291486: obj =   7.560767994e+00 inf =   4.231e-02 (6502) 2
*1291717: obj =   7.560705542e+00 inf =   4.199e-02 (6692) 2
*1291948: obj =   7.560569421e+00 inf =   4.201e-02 (6592) 2
*1292171: obj =   7.560488263e+00 inf =   4.201e-02 (6468) 3
*1292402: obj =   7.560327791e+00 inf =   4.113e-02 (6471) 2
*1292635: obj =   7.560248750e+00 inf =   4.076e-02 (6398) 2
*1292863: obj =   7.560187347e+00 inf =   3.986e-02 (6399) 2
*1293087: obj =   7.560136965e+00 inf =   3.937e-02 (6449) 3
*1293315: obj =   7.560040914e+00 inf =   3.899e-02 (6513) 2
*1293546: obj =   7.559989833e+00 inf =   3.913e-02 (6438) 2
*1293774: obj =   7.559973490e+00 inf =   3.873e-02 (6329) 2
*1293996: obj =   7.559922165e+00 inf =   3.756e-02 (6296) 3
*1294219: obj =   7.559903670e+00 inf =   3.695e-02 (6307) 2
*1294452: obj =   7.559778342e+00 inf =   3.607e-02 (6298) 2
*1294696: obj =   7.559677753e+00 inf =   3.598e-02 (6358) 3
*1294936: obj =   7.559558778e+00 inf =   3.693e-02 (6266) 2
*1295172: obj =   7.559490087e+00 inf =   3.742e-02 (6178) 2
*1295404: obj =   7.559408782e+00 inf =   3.793e-02 (6157) 3
*1295648: obj =   7.559352520e+00 inf =   3.805e-02 (6276) 2
*1295891: obj =   7.559268338e+00 inf =   3.866e-02 (6262) 2
*1296120: obj =   7.559230217e+00 inf =   3.907e-02 (6132) 3
*1296352: obj =   7.559181188e+00 inf =   3.924e-02 (6121) 2
*1296595: obj =   7.559102054e+00 inf =   4.008e-02 (6176) 2
*1296827: obj =   7.559052078e+00 inf =   4.079e-02 (6078) 3
*1297057: obj =   7.559009899e+00 inf =   4.127e-02 (6074) 2
*1297292: obj =   7.558958504e+00 inf =   4.153e-02 (6085) 2
*1297531: obj =   7.558887581e+00 inf =   4.218e-02 (6022) 3
*1297772: obj =   7.558828356e+00 inf =   4.333e-02 (5985) 2
*1298029: obj =   7.558793443e+00 inf =   4.408e-02 (5993) 3
*1298294: obj =   7.558776556e+00 inf =   4.365e-02 (5941) 2
*1298546: obj =   7.558738052e+00 inf =   4.229e-02 (5933) 3
*1298788: obj =   7.558661018e+00 inf =   4.193e-02 (5945) 2
*1299037: obj =   7.558607829e+00 inf =   4.115e-02 (5869) 2
*1299289: obj =   7.558516155e+00 inf =   4.121e-02 (5848) 3
*1299537: obj =   7.558431960e+00 inf =   4.140e-02 (5866) 2
*1299767: obj =   7.558367290e+00 inf =   4.144e-02 (5974) 3
*1299997: obj =   7.558313009e+00 inf =   4.144e-02 (5891) 2
*1300231: obj =   7.558235900e+00 inf =   4.200e-02 (5977) 2
*1300462: obj =   7.558178799e+00 inf =   4.222e-02 (5917) 3
*1300693: obj =   7.558155130e+00 inf =   4.120e-02 (5911) 2
*1300918: obj =   7.558151704e+00 inf =   3.866e-02 (5781) 2
*1301143: obj =   7.558115809e+00 inf =   3.612e-02 (5776) 2
*1301370: obj =   7.558040022e+00 inf =   3.630e-02 (5719) 3
*1301606: obj =   7.557999364e+00 inf =   3.610e-02 (5812) 2
*1301842: obj =   7.557920627e+00 inf =   3.635e-02 (5840) 2
*1302078: obj =   7.557877845e+00 inf =   3.631e-02 (5870) 2
*1302302: obj =   7.557860779e+00 inf =   3.586e-02 (5708) 3
*1302534: obj =   7.557798948e+00 inf =   3.588e-02 (5679) 2
*1302763: obj =   7.557782831e+00 inf =   3.454e-02 (5714) 2
*1302990: obj =   7.557758812e+00 inf =   3.117e-02 (5756) 3
*1303217: obj =   7.557722233e+00 inf =   3.028e-02 (5801) 2
*1303444: obj =   7.557679921e+00 inf =   2.913e-02 (5782) 2
*1303676: obj =   7.557624060e+00 inf =   2.900e-02 (5821) 2
*1303901: obj =   7.557574170e+00 inf =   2.908e-02 (5690) 3
*1304175: obj =   7.557557780e+00 inf =   2.885e-02 (5551) 2
*1304424: obj =   7.557467797e+00 inf =   2.844e-02 (5654) 3
*1304673: obj =   7.557393002e+00 inf =   2.839e-02 (5694) 2
*1304912: obj =   7.557323932e+00 inf =   2.898e-02 (5569) 3
*1305154: obj =   7.557280353e+00 inf =   2.926e-02 (5534) 2
*1305390: obj =   7.557197125e+00 inf =   2.982e-02 (5515) 2
*1305632: obj =   7.557160693e+00 inf =   3.013e-02 (5571) 3
*1305872: obj =   7.557104101e+00 inf =   3.100e-02 (5545) 2
*1306114: obj =   7.557070361e+00 inf =   3.120e-02 (5558) 2
*1306377: obj =   7.556989914e+00 inf =   3.140e-02 (5636) 3
*1306634: obj =   7.556956037e+00 inf =   3.089e-02 (5721) 3
*1306907: obj =   7.556923784e+00 inf =   3.079e-02 (5685) 2
*1307155: obj =   7.556882509e+00 inf =   2.991e-02 (5606) 3
*1307413: obj =   7.556834456e+00 inf =   2.993e-02 (5440) 2
*1307674: obj =   7.556798464e+00 inf =   2.989e-02 (5388) 3
*1307933: obj =   7.556752929e+00 inf =   2.992e-02 (5341) 2
*1308179: obj =   7.556732569e+00 inf =   2.973e-02 (5281) 3
*1308438: obj =   7.556654841e+00 inf =   2.961e-02 (5188) 2
*1308669: obj =   7.556601747e+00 inf =   2.964e-02 (5249) 3
*1308901: obj =   7.556566598e+00 inf =   3.007e-02 (5258) 2
*1309129: obj =   7.556455339e+00 inf =   3.013e-02 (5321) 2
*1309356: obj =   7.556339823e+00 inf =   2.991e-02 (5193) 2
*1309585: obj =   7.556271069e+00 inf =   2.977e-02 (5189) 3
*1309820: obj =   7.556200124e+00 inf =   3.019e-02 (5233) 2
*1310048: obj =   7.556160324e+00 inf =   2.974e-02 (5195) 2
*1310272: obj =   7.556101987e+00 inf =   2.942e-02 (5117) 3
*1310501: obj =   7.556050825e+00 inf =   2.913e-02 (5055) 2
*1310731: obj =   7.556013751e+00 inf =   2.889e-02 (5176) 2
*1310964: obj =   7.555954809e+00 inf =   2.910e-02 (5223) 2
*1311190: obj =   7.555930448e+00 inf =   2.947e-02 (4995) 3
*1311420: obj =   7.039506406e+00 inf =   2.980e-02 (22638) 2
*1311651: obj =   7.039359627e+00 inf =   2.985e-02 (22763) 2
*1311881: obj =   7.039132996e+00 inf =   3.035e-02 (22757) 2
*1312106: obj =   7.038814941e+00 inf =   3.108e-02 (22806) 3
*1312333: obj =   7.038393136e+00 inf =   3.194e-02 (22834) 2
*1312566: obj =   7.037912214e+00 inf =   3.294e-02 (22837) 2
*1312797: obj =   7.037498971e+00 inf =   3.467e-02 (22816) 2
*1313018: obj =   7.037498971e+00 inf =   3.480e-02 (22792) 3
*1313242: obj =   7.037315892e+00 inf =   3.478e-02 (22763) 2
*1313470: obj =   7.036795499e+00 inf =   3.586e-02 (22723) 2
*1313699: obj =   7.036454923e+00 inf =   3.717e-02 (22667) 2
*1313921: obj =   7.036236290e+00 inf =   3.831e-02 (22608) 3
*1314146: obj =   7.036039295e+00 inf =   3.904e-02 (22578) 2
*1314370: obj =   7.035597854e+00 inf =   4.063e-02 (22544) 2
*1314599: obj =   7.035069635e+00 inf =   4.270e-02 (22526) 2
*1314820: obj =   7.034704067e+00 inf =   4.469e-02 (22470) 3
*1315043: obj =   7.034443916e+00 inf =   4.604e-02 (22416) 2
*1315266: obj =   7.034015371e+00 inf =   4.856e-02 (22350) 2
*1315491: obj =   7.033807553e+00 inf =   4.965e-02 (22259) 2
*1315718: obj =   7.033615405e+00 inf =   5.042e-02 (22206) 2
*1315939: obj =   7.033249095e+00 inf =   5.256e-02 (22140) 3
*1316162: obj =   7.032875975e+00 inf =   5.478e-02 (22077) 2
*1316384: obj =   7.032438159e+00 inf =   5.805e-02 (22050) 2
*1316613: obj =   7.031930884e+00 inf =   6.221e-02 (21978) 2
*1316838: obj =   7.031587355e+00 inf =   6.545e-02 (21904) 2
*1317055: obj =   7.031587355e+00 inf =   6.541e-02 (21792) 3
*1317274: obj =   7.031502858e+00 inf =   6.420e-02 (21722) 2
*1317498: obj =   7.031069480e+00 inf =   6.625e-02 (21693) 2
*1317723: obj =   7.030652546e+00 inf =   6.941e-02 (21597) 2
*1317944: obj =   7.030513176e+00 inf =   7.059e-02 (21548) 2
*1318162: obj =   7.030032764e+00 inf =   7.429e-02 (21457) 3
*1318383: obj =   7.029666367e+00 inf =   7.711e-02 (21383) 2
*1318611: obj =   7.029200491e+00 inf =   8.124e-02 (21369) 2
*1318834: obj =   7.028995897e+00 inf =   8.312e-02 (21284) 2
*1319054: obj =   7.028994026e+00 inf =   8.184e-02 (21242) 2
*1319269: obj =   7.028828606e+00 inf =   8.044e-02 (21122) 3
*1319494: obj =   7.028511408e+00 inf =   8.254e-02 (21067) 2
*1319720: obj =   7.028214686e+00 inf =   8.420e-02 (20936) 2
*1319944: obj =   7.027886066e+00 inf =   8.637e-02 (20859) 2
*1320163: obj =   7.027844981e+00 inf =   8.558e-02 (20759) 2
*1320379: obj =   7.027490407e+00 inf =   8.575e-02 (20699) 3
*1320608: obj =   7.027049145e+00 inf =   8.880e-02 (20675) 2
*1320832: obj =   7.027043595e+00 inf =   8.916e-02 (20618) 2
*1321054: obj =   7.026692370e+00 inf =   9.083e-02 (20557) 2
*1321277: obj =   7.026318109e+00 inf =   9.321e-02 (20458) 2
*1321498: obj =   7.026116357e+00 inf =   9.452e-02 (20377) 3
*1321729: obj =   7.025532619e+00 inf =   9.836e-02 (20290) 2
*1321957: obj =   7.025262588e+00 inf =   1.007e-01 (20214) 2
*1322186: obj =   7.024927207e+00 inf =   1.034e-01 (20145) 2
*1322410: obj =   7.024483196e+00 inf =   1.069e-01 (20042) 3
*1322649: obj =   7.024109072e+00 inf =   1.104e-01 (19967) 2
*1322888: obj =   7.023805979e+00 inf =   1.131e-01 (19856) 2
*1323125: obj =   7.023323987e+00 inf =   1.174e-01 (19754) 3
*1323366: obj =   7.023086781e+00 inf =   1.195e-01 (19664) 2
*1323616: obj =   7.022728631e+00 inf =   1.224e-01 (19579) 3
*1323869: obj =   7.022418210e+00 inf =   1.256e-01 (19473) 2
*1324116: obj =   7.022188462e+00 inf =   1.278e-01 (19430) 2
*1324357: obj =   7.022012263e+00 inf =   1.287e-01 (19329) 3
*1324619: obj =   7.021775042e+00 inf =   1.306e-01 (19217) 2
*1324861: obj =   7.021768057e+00 inf =   1.288e-01 (19183) 3
*1325097: obj =   7.021729763e+00 inf =   1.271e-01 (19074) 2
*1325330: obj =   7.021656540e+00 inf =   1.243e-01 (19047) 2
*1325561: obj =   7.021442764e+00 inf =   1.244e-01 (19024) 3
*1325798: obj =   7.021436349e+00 inf =   1.192e-01 (18959) 2
*1326030: obj =   7.020967372e+00 inf =   1.218e-01 (18927) 2
*1326255: obj =   7.020814507e+00 inf =   1.219e-01 (18927) 2
*1326478: obj =   7.020485174e+00 inf =   1.237e-01 (18890) 3
*1326710: obj =   7.020161260e+00 inf =   1.256e-01 (18832) 2
*1326937: obj =   7.020158904e+00 inf =   1.202e-01 (18732) 2
*1327163: obj =   7.020158904e+00 inf =   1.141e-01 (18628) 2
*1327383: obj =   7.020018342e+00 inf =   1.101e-01 (18482) 3
*1327614: obj =   7.019704290e+00 inf =   1.110e-01 (18404) 2
*1327842: obj =   7.019341241e+00 inf =   1.123e-01 (18359) 2
*1328066: obj =   7.019121495e+00 inf =   1.131e-01 (18295) 2
*1328285: obj =   7.018727485e+00 inf =   1.142e-01 (18225) 3
*1328510: obj =   7.018434227e+00 inf =   1.152e-01 (18193) 2
*1328738: obj =   7.018353063e+00 inf =   1.129e-01 (18074) 2
*1328964: obj =   7.017910986e+00 inf =   1.149e-01 (18049) 2
*1329187: obj =   7.017624928e+00 inf =   1.159e-01 (17897) 2
*1329398: obj =   7.017488287e+00 inf =   1.160e-01 (17613) 2
*1329606: obj =   7.017427663e+00 inf =   1.151e-01 (17633) 2
*1329813: obj =   7.017404702e+00 inf =   1.144e-01 (18064) 2
*1329999: obj =   7.017360451e+00 inf =   1.139e-01 (18120) 2
*1330186: obj =   7.017183333e+00 inf =   1.126e-01 (18114) 2
*1330374: obj =   7.017002312e+00 inf =   1.113e-01 (18208) 2
*1330563: obj =   7.016823182e+00 inf =   1.103e-01 (18207) 2
*1330764: obj =   7.016703996e+00 inf =   1.088e-01 (18211) 2
*1330971: obj =   7.016615936e+00 inf =   1.066e-01 (18328) 2
*1331168: obj =   7.016482100e+00 inf =   1.029e-01 (18398) 1
*1331355: obj =   7.016238598e+00 inf =   1.013e-01 (151109) 2
*1331539: obj =   7.015945686e+00 inf =   1.000e-01 (17013) 2
*1331733: obj =   7.015815933e+00 inf =   9.886e-02 (151201) 2
*1331932: obj =   7.015599983e+00 inf =   9.756e-02 (151400) 2
*1332125: obj =   7.015393956e+00 inf =   9.635e-02 (151469) 2
*1332310: obj =   7.015243798e+00 inf =   9.536e-02 (16963) 2
*1332500: obj =   7.014960946e+00 inf =   9.394e-02 (16891) 1
*1332700: obj =   7.014803845e+00 inf =   9.308e-02 (151642) 2
*1332901: obj =   7.014803845e+00 inf =   9.250e-02 (151663) 2
*1333101: obj =   7.014733459e+00 inf =   8.955e-02 (151752) 2
*1333272: obj =   7.014502285e+00 inf =   8.814e-02 (151805) 2
*1333463: obj =   7.014208883e+00 inf =   8.671e-02 (16807) 2
*1333650: obj =   7.014167556e+00 inf =   8.648e-02 (16708) 2
*1333855: obj =   7.013942367e+00 inf =   8.561e-02 (151817) 2
*1334046: obj =   7.013709767e+00 inf =   8.386e-02 (151903) 1
*1334227: obj =   7.013454635e+00 inf =   8.226e-02 (151928) 2
*1334410: obj =   7.013082703e+00 inf =   8.065e-02 (16524) 2
*1334578: obj =   7.012924319e+00 inf =   8.047e-02 (151890) 2
*1334774: obj =   7.012822312e+00 inf =   7.972e-02 (151899) 1
*1334957: obj =   7.012656753e+00 inf =   7.862e-02 (151889) 2
*1335136: obj =   7.012448262e+00 inf =   7.783e-02 (151992) 2
*1335310: obj =   7.012202863e+00 inf =   7.680e-02 (152132) 2
*1335501: obj =   7.012026069e+00 inf =   7.558e-02 (16362) 2
*1335685: obj =   7.011779929e+00 inf =   7.513e-02 (152133) 1
*1335873: obj =   7.011667235e+00 inf =   7.466e-02 (152111) 2
*1336053: obj =   7.011610650e+00 inf =   7.388e-02 (152175) 2
*1336250: obj =   7.011328772e+00 inf =   7.287e-02 (152245) 2
*1336443: obj =   7.011068910e+00 inf =   7.125e-02 (152315) 2
*1336626: obj =   7.010955816e+00 inf =   7.085e-02 (152169) 2
*1336810: obj =   7.010809630e+00 inf =   7.004e-02 (152144) 1
*1336992: obj =   7.010641713e+00 inf =   6.959e-02 (152229) 2
*1337176: obj =   7.010475045e+00 inf =   6.893e-02 (152222) 2
*1337370: obj =   7.010397291e+00 inf =   6.848e-02 (16150) 2
*1337553: obj =   7.010208042e+00 inf =   6.749e-02 (151433) 2
*1337742: obj =   7.010095053e+00 inf =   6.728e-02 (151898) 1
*1337912: obj =   7.009831086e+00 inf =   6.580e-02 (151799) 2
*1338088: obj =   7.009787745e+00 inf =   6.517e-02 (151812) 2
*1338283: obj =   7.009588492e+00 inf =   6.448e-02 (151821) 2
*1338472: obj =   7.009400576e+00 inf =   6.391e-02 (15801) 1
*1338656: obj =   7.009306632e+00 inf =   6.313e-02 (151689) 2
*1338840: obj =   7.009105651e+00 inf =   6.206e-02 (151698) 2
*1339039: obj =   7.009072421e+00 inf =   6.130e-02 (151647) 2
*1339204: obj =   7.008903701e+00 inf =   6.031e-02 (15777) 2
*1339405: obj =   7.008726511e+00 inf =   5.976e-02 (151938) 1
*1339591: obj =   7.008543678e+00 inf =   5.851e-02 (15569) 2
*1339773: obj =   7.008446211e+00 inf =   5.786e-02 (15833) 2
*1339954: obj =   7.008310458e+00 inf =   5.741e-02 (15740) 2
*1340129: obj =   7.008276609e+00 inf =   5.593e-02 (15592) 2
*1340320: obj =   7.007983400e+00 inf =   5.433e-02 (15484) 1
*1340479: obj =   7.007848281e+00 inf =   5.398e-02 (15512) 2
*1340642: obj =   7.007770058e+00 inf =   5.360e-02 (15489) 2
*1340839: obj =   7.007678071e+00 inf =   5.315e-02 (15418) 2
*1341045: obj =   7.007532519e+00 inf =   5.249e-02 (151837) 1
*1341223: obj =   7.007416144e+00 inf =   4.999e-02 (15321) 2
*1341399: obj =   7.007358545e+00 inf =   4.873e-02 (151881) 2
*1341560: obj =   7.007245797e+00 inf =   4.765e-02 (15156) 2
*1341747: obj =   7.007177111e+00 inf =   4.701e-02 (151659) 1
*1341925: obj =   7.007071181e+00 inf =   4.623e-02 (151763) 2
*1342084: obj =   7.006927951e+00 inf =   4.542e-02 (151750) 2
*1342269: obj =   7.006783820e+00 inf =   4.488e-02 (151701) 1
*1342464: obj =   7.006656636e+00 inf =   4.417e-02 (151040) 2
*1342641: obj =   7.006520924e+00 inf =   4.340e-02 (150844) 2
*1342831: obj =   7.006401201e+00 inf =   4.254e-02 (15005) 2
*1343011: obj =   7.006344411e+00 inf =   4.216e-02 (151541) 2
*1343196: obj =   7.006176962e+00 inf =   4.172e-02 (151650) 2
*1343398: obj =   7.006064243e+00 inf =   4.126e-02 (15007) 1
*1343559: obj =   7.005997907e+00 inf =   4.088e-02 (14897) 2
*1343717: obj =   7.005982963e+00 inf =   4.099e-02 (14973) 2
*1343911: obj =   7.005805173e+00 inf =   4.001e-02 (14994) 2
*1344110: obj =   7.005589822e+00 inf =   3.892e-02 (151668) 1
*1344284: obj =   7.005475076e+00 inf =   3.843e-02 (151741) 2
*1344449: obj =   7.005242895e+00 inf =   3.772e-02 (151379) 2
*1344624: obj =   7.005170101e+00 inf =   3.716e-02 (14743) 2
*1344819: obj =   7.005007900e+00 inf =   3.672e-02 (151603) 1
*1344987: obj =   7.004846755e+00 inf =   3.668e-02 (14660) 2
*1345157: obj =   7.004786247e+00 inf =   3.688e-02 (14577) 2
*1345338: obj =   7.004657736e+00 inf =   3.688e-02 (14601) 1
*1345507: obj =   7.004547725e+00 inf =   3.648e-02 (151614) 2
*1345672: obj =   7.004413038e+00 inf =   3.660e-02 (14538) 2
*1345851: obj =   7.004279163e+00 inf =   3.656e-02 (151815) 1
*1346023: obj =   7.004138917e+00 inf =   3.673e-02 (14446) 2
*1346190: obj =   7.004061011e+00 inf =   3.685e-02 (14379) 2
*1346371: obj =   7.004008601e+00 inf =   3.642e-02 (151816) 2
*1346562: obj =   7.003882505e+00 inf =   3.587e-02 (14356) 1
*1346725: obj =   7.003817993e+00 inf =   3.589e-02 (14323) 2
*1346889: obj =   7.003816684e+00 inf =   3.549e-02 (14391) 2
*1347064: obj =   7.003646869e+00 inf =   3.507e-02 (151760) 1
*1347211: obj =   7.003531870e+00 inf =   3.481e-02 (14421) 2
*1347380: obj =   7.003362809e+00 inf =   3.483e-02 (14247) 1
*1347535: obj =   7.003241047e+00 inf =   3.474e-02 (14144) 2
*1347700: obj =   7.003204275e+00 inf =   3.477e-02 (14106) 2
*1347878: obj =   7.003132360e+00 inf =   3.474e-02 (14132) 1
*1348038: obj =   7.003020292e+00 inf =   3.488e-02 (151853) 2
*1348211: obj =   7.002872154e+00 inf =   3.465e-02 (152033) 1
*1348360: obj =   7.002814733e+00 inf =   3.504e-02 (13958) 2
*1348526: obj =   7.002721107e+00 inf =   3.515e-02 (14018) 2
*1348711: obj =   7.002686884e+00 inf =   3.515e-02 (13991) 1
*1348884: obj =   7.002624465e+00 inf =   3.448e-02 (13955) 2
*1349061: obj =   7.002472228e+00 inf =   3.424e-02 (13793) 2
*1349239: obj =   7.002389522e+00 inf =   3.471e-02 (152090) 1
*1349392: obj =   7.002338698e+00 inf =   3.481e-02 (13779) 2
*1349567: obj =   7.002301840e+00 inf =   3.481e-02 (13526) 2
*1349756: obj =   7.002300046e+00 inf =   3.417e-02 (13525) 2
*1349963: obj =   7.002270265e+00 inf =   3.271e-02 (150956) 1
*1350162: obj =   7.002226543e+00 inf =   3.191e-02 (13789) 2
*1350324: obj =   7.002179538e+00 inf =   3.143e-02 (151108) 2
*1350510: obj =   7.002127791e+00 inf =   3.078e-02 (14047) 2
*1350690: obj =   7.002064965e+00 inf =   3.006e-02 (151045) 2
*1350878: obj =   7.002014038e+00 inf =   3.003e-02 (13889) 1
*1351057: obj =   7.001911193e+00 inf =   2.929e-02 (13848) 2
*1351239: obj =   7.001811560e+00 inf =   2.894e-02 (13770) 2
*1351421: obj =   7.001741379e+00 inf =   2.864e-02 (13719) 2
*1351618: obj =   7.001691727e+00 inf =   2.862e-02 (13518) 2
*1351826: obj =   7.001610728e+00 inf =   2.861e-02 (151079) 2
*1352036: obj =   7.001531024e+00 inf =   2.854e-02 (13849) 1
*1352231: obj =   7.001436896e+00 inf =   2.826e-02 (151364) 2
*1352430: obj =   7.001314756e+00 inf =   2.781e-02 (151087) 2
*1352608: obj =   7.001283359e+00 inf =   2.728e-02 (151557) 2
*1352782: obj =   7.001206067e+00 inf =   2.673e-02 (13181) 2
*1352962: obj =   7.001140507e+00 inf =   2.654e-02 (151834) 2
*1353146: obj =   7.001023377e+00 inf =   2.633e-02 (13070) 1
*1353320: obj =   7.000926773e+00 inf =   2.644e-02 (13010) 2
*1353492: obj =   7.000794984e+00 inf =   2.624e-02 (150922) 2
*1353676: obj =   7.000742981e+00 inf =   2.602e-02 (12801) 2
*1353866: obj =   7.000707215e+00 inf =   2.615e-02 (12764) 1
*1354030: obj =   7.000622110e+00 inf =   2.596e-02 (13038) 2
*1354191: obj =   7.000602331e+00 inf =   2.559e-02 (13088) 2
*1354378: obj =   7.000497635e+00 inf =   2.548e-02 (13047) 1
*1354545: obj =   7.000421952e+00 inf =   2.554e-02 (13010) 2
*1354713: obj =   7.000358014e+00 inf =   2.525e-02 (12955) 2
*1354888: obj =   7.000273548e+00 inf =   2.496e-02 (12717) 2
*1355074: obj =   7.000191648e+00 inf =   2.505e-02 (12782) 1
*1355233: obj =   7.000117918e+00 inf =   2.497e-02 (12712) 2
*1355393: obj =   7.000005969e+00 inf =   2.490e-02 (12720) 2
*1355583: obj =   6.999950302e+00 inf =   2.507e-02 (12701) 1
*1355747: obj =   6.999874221e+00 inf =   2.497e-02 (12668) 2
*1355909: obj =   6.999804692e+00 inf =   2.514e-02 (12601) 2
*1356097: obj =   6.999745909e+00 inf =   2.535e-02 (12593) 1
*1356259: obj =   6.999687453e+00 inf =   2.590e-02 (13020) 2
*1356423: obj =   6.999640339e+00 inf =   2.670e-02 (13395) 2
*1356605: obj =   6.999596761e+00 inf =   2.690e-02 (13381) 2
*1356780: obj =   6.999537625e+00 inf =   2.664e-02 (13410) 1
*1356928: obj =   6.999446860e+00 inf =   2.681e-02 (13442) 2
*1357110: obj =   6.999407040e+00 inf =   2.672e-02 (13401) 1
*1357257: obj =   6.999306242e+00 inf =   2.706e-02 (13351) 2
*1357415: obj =   6.999211320e+00 inf =   2.728e-02 (13364) 2
*1357597: obj =   6.999174139e+00 inf =   2.751e-02 (12728) 1
*1357757: obj =   6.999146227e+00 inf =   2.799e-02 (13400) 2
*1357924: obj =   6.999016880e+00 inf =   2.865e-02 (13282) 2
*1358103: obj =   6.998914769e+00 inf =   2.901e-02 (13240) 1
*1358255: obj =   6.998826174e+00 inf =   2.944e-02 (13227) 2
*1358429: obj =   6.998774751e+00 inf =   3.004e-02 (13209) 2
*1358628: obj =   6.998738440e+00 inf =   3.032e-02 (12822) 1
*1358824: obj =   6.998725586e+00 inf =   2.959e-02 (12878) 2
*1359023: obj =   6.998718575e+00 inf =   2.872e-02 (12549) 2
*1359216: obj =   6.998656039e+00 inf =   2.829e-02 (12551) 2
*1359410: obj =   6.998568117e+00 inf =   2.841e-02 (13405) 2
*1359602: obj =   6.998564562e+00 inf =   2.834e-02 (12320) 2
*1359796: obj =   6.998503384e+00 inf =   2.810e-02 (12825) 2
*1360000: obj =   6.998408036e+00 inf =   2.812e-02 (13288) 2
*1360204: obj =   6.998342749e+00 inf =   2.816e-02 (13352) 1
*1360407: obj =   6.998261949e+00 inf =   2.793e-02 (12391) 2
*1360595: obj =   6.998247210e+00 inf =   2.826e-02 (13337) 2
*1360778: obj =   6.998156843e+00 inf =   2.844e-02 (13292) 2
*1360927: obj =   6.998083734e+00 inf =   2.886e-02 (150336) 2
*1361103: obj =   6.997999894e+00 inf =   2.902e-02 (13907) 1
*1361251: obj =   6.997955224e+00 inf =   2.893e-02 (14640) 2
*1361424: obj =   6.997865330e+00 inf =   2.912e-02 (150404) 1
*1361596: obj =   6.997824869e+00 inf =   2.917e-02 (11911) 2
*1361769: obj =   6.997768935e+00 inf =   2.932e-02 (12682) 2
*1361947: obj =   6.997757337e+00 inf =   2.920e-02 (150685) 1
*1362098: obj =   6.997664434e+00 inf =   2.886e-02 (12477) 2
*1362251: obj =   6.997633398e+00 inf =   2.896e-02 (150634) 2
*1362433: obj =   6.997606909e+00 inf =   2.867e-02 (150601) 1
*1362627: obj =   6.997511216e+00 inf =   2.811e-02 (12083) 2
*1362808: obj =   6.997379372e+00 inf =   2.773e-02 (12438) 2
*1362984: obj =   6.997314402e+00 inf =   2.804e-02 (150509) 2
*1363162: obj =   6.997235098e+00 inf =   2.839e-02 (150503) 1
*1363342: obj =   6.997107389e+00 inf =   2.909e-02 (150380) 2
*1363493: obj =   6.997086857e+00 inf =   2.939e-02 (150271) 2
*1363676: obj =   6.996997145e+00 inf =   2.975e-02 (12998) 1
*1363840: obj =   6.996930624e+00 inf =   2.996e-02 (12990) 2
*1364002: obj =   6.996852576e+00 inf =   3.012e-02 (12972) 2
*1364184: obj =   6.996802351e+00 inf =   3.067e-02 (12831) 1
*1364339: obj =   6.996729161e+00 inf =   3.116e-02 (12903) 2
*1364507: obj =   6.996661798e+00 inf =   3.142e-02 (12111) 2
*1364688: obj =   6.996598447e+00 inf =   3.188e-02 (12685) 1
*1364869: obj =   6.996525163e+00 inf =   3.254e-02 (12695) 2
*1365039: obj =   6.996469879e+00 inf =   3.265e-02 (12179) 2
*1365218: obj =   6.996412168e+00 inf =   3.293e-02 (12618) 1
*1365400: obj =   6.996316412e+00 inf =   3.339e-02 (11819) 2
*1365561: obj =   6.996251574e+00 inf =   3.374e-02 (12348) 2
*1365748: obj =   6.996244166e+00 inf =   3.396e-02 (12166) 2
*1365953: obj =   6.996130365e+00 inf =   3.408e-02 (11813) 1
*1366126: obj =   6.996068005e+00 inf =   3.394e-02 (12054) 2
*1366287: obj =   6.996060595e+00 inf =   3.347e-02 (12093) 2
*1366466: obj =   6.995999583e+00 inf =   3.360e-02 (12329) 2
*1366650: obj =   6.995965827e+00 inf =   3.320e-02 (12049) 1
*1366833: obj =   6.995928328e+00 inf =   3.308e-02 (11385) 2
*1366997: obj =   6.995890700e+00 inf =   3.319e-02 (12102) 2
*1367187: obj =   6.995816004e+00 inf =   3.344e-02 (12172) 2
*1367376: obj =   6.995790509e+00 inf =   3.348e-02 (11368) 1
*1367570: obj =   6.995725345e+00 inf =   3.387e-02 (12066) 2
*1367740: obj =   6.995705346e+00 inf =   3.347e-02 (10921) 2
*1367944: obj =   6.995668655e+00 inf =   3.299e-02 (12133) 2
*1368131: obj =   6.995633082e+00 inf =   3.235e-02 (10888) 2
*1368320: obj =   6.995571749e+00 inf =   3.203e-02 (11892) 2
*1368527: obj =   6.995525304e+00 inf =   3.220e-02 (10691) 2
*1368727: obj =   6.995516919e+00 inf =   3.196e-02 (11713) 1
*1368904: obj =   6.995506852e+00 inf =   3.068e-02 (10676) 2
*1369111: obj =   6.995455809e+00 inf =   3.051e-02 (10640) 2
*1369319: obj =   6.995360417e+00 inf =   3.031e-02 (10634) 2
*1369513: obj =   6.995340998e+00 inf =   3.024e-02 (10701) 2
*1369725: obj =   6.995325102e+00 inf =   3.025e-02 (10605) 2
*1369928: obj =   6.995278767e+00 inf =   2.983e-02 (11898) 2
*1370107: obj =   6.995255666e+00 inf =   2.908e-02 (10522) 2
*1370294: obj =   6.995204831e+00 inf =   2.876e-02 (10503) 2
*1370509: obj =   6.995147164e+00 inf =   2.866e-02 (10431) 2
*1370713: obj =   6.995086966e+00 inf =   2.849e-02 (10398) 2
*1370928: obj =   6.995046282e+00 inf =   2.884e-02 (10410) 2
*1371132: obj =   6.994964460e+00 inf =   2.911e-02 (11536) 2
*1371328: obj =   6.994927214e+00 inf =   2.905e-02 (150255) 2
*1371524: obj =   6.994863555e+00 inf =   2.949e-02 (150150) 1
*1371726: obj =   6.994803643e+00 inf =   2.970e-02 (10217) 2
*1371938: obj =   6.994763829e+00 inf =   2.993e-02 (10163) 2
*1372142: obj =   6.994697293e+00 inf =   3.041e-02 (150230) 2
*1372356: obj =   6.994643736e+00 inf =   3.124e-02 (10046) 2
*1372568: obj =   6.994615224e+00 inf =   3.133e-02 (10036) 2
*1372772: obj =   6.994590148e+00 inf =   3.162e-02 (10030) 2
*1372970: obj =   6.994525307e+00 inf =   3.195e-02 (10061) 2
*1373185: obj =   6.994476731e+00 inf =   3.260e-02 (10035) 2
*1373395: obj =   6.994444443e+00 inf =   3.325e-02 (150221) 2
*1373595: obj =   6.994393868e+00 inf =   3.372e-02 (9939) 2
*1373807: obj =   6.994348298e+00 inf =   3.432e-02 (9958) 2
*1374029: obj =   6.994343413e+00 inf =   3.439e-02 (9878) 3
*1374248: obj =   6.994326971e+00 inf =   3.443e-02 (11028) 2
*1374467: obj =   6.994291406e+00 inf =   3.478e-02 (9641) 2
*1374690: obj =   6.994279412e+00 inf =   3.401e-02 (10399) 2
*1374893: obj =   6.994264218e+00 inf =   3.372e-02 (9585) 2
*1375105: obj =   6.994252651e+00 inf =   3.275e-02 (10338) 2
*1375304: obj =   6.994191301e+00 inf =   3.185e-02 (10520) 2
*1375517: obj =   6.994157297e+00 inf =   3.079e-02 (10510) 2
*1375720: obj =   6.994090046e+00 inf =   3.059e-02 (10536) 1
*1375935: obj =   6.994024826e+00 inf =   3.038e-02 (10679) 2
*1376141: obj =   6.993987889e+00 inf =   2.974e-02 (10450) 2
*1376356: obj =   6.993987744e+00 inf =   2.846e-02 (10421) 2
*1376558: obj =   6.993937600e+00 inf =   2.729e-02 (10086) 2
*1376768: obj =   6.993924449e+00 inf =   2.631e-02 (10072) 2
*1376977: obj =   6.993891378e+00 inf =   2.575e-02 (10936) 2
*1377179: obj =   6.993843960e+00 inf =   2.497e-02 (10460) 2
*1377396: obj =   6.993765773e+00 inf =   2.377e-02 (10484) 2
*1377613: obj =   6.993676304e+00 inf =   2.306e-02 (10313) 2
*1377826: obj =   6.993639230e+00 inf =   2.253e-02 (10756) 2
*1378021: obj =   6.993587658e+00 inf =   2.242e-02 (10252) 2
*1378232: obj =   6.993502334e+00 inf =   2.177e-02 (10245) 2
*1378443: obj =   6.993447943e+00 inf =   2.124e-02 (10269) 2
*1378655: obj =   6.993390137e+00 inf =   2.077e-02 (10262) 2
*1378863: obj =   6.993335050e+00 inf =   2.071e-02 (10308) 2
*1379062: obj =   6.993286900e+00 inf =   2.079e-02 (10282) 2
*1379278: obj =   6.993216852e+00 inf =   2.035e-02 (10239) 1
*1379488: obj =   6.993097504e+00 inf =   2.020e-02 (9933) 2
*1379667: obj =   6.993051357e+00 inf =   1.997e-02 (10219) 2
*1379874: obj =   6.992978055e+00 inf =   2.021e-02 (10537) 2
*1380063: obj =   6.992910523e+00 inf =   2.028e-02 (10083) 2
*1380235: obj =   6.992859611e+00 inf =   2.030e-02 (10748) 2
*1380427: obj =   6.992829825e+00 inf =   2.047e-02 (10083) 1
*1380615: obj =   6.992765555e+00 inf =   2.035e-02 (10204) 2
*1380788: obj =   6.992764382e+00 inf =   2.027e-02 (10203) 2
*1380957: obj =   6.992719574e+00 inf =   1.989e-02 (10416) 2
*1381157: obj =   6.992617010e+00 inf =   1.968e-02 (10014) 2
*1381357: obj =   6.992527860e+00 inf =   1.976e-02 (10287) 1
*1381532: obj =   6.992482646e+00 inf =   2.008e-02 (10130) 2
*1381696: obj =   6.992435635e+00 inf =   2.023e-02 (9967) 2
*1381878: obj =   6.992407100e+00 inf =   2.064e-02 (10136) 2
*1382081: obj =   6.992331635e+00 inf =   2.091e-02 (10143) 1
*1382242: obj =   6.992249496e+00 inf =   2.149e-02 (10207) 2
*1382406: obj =   6.992224479e+00 inf =   2.154e-02 (10166) 2
*1382598: obj =   6.992189371e+00 inf =   2.137e-02 (9970) 2
*1382788: obj =   6.992120516e+00 inf =   2.175e-02 (9910) 1
*1382955: obj =   6.992109028e+00 inf =   2.174e-02 (9727) 2
*1383120: obj =   6.992081011e+00 inf =   2.169e-02 (9709) 2
*1383306: obj =   6.992021781e+00 inf =   2.170e-02 (9688) 1
*1383468: obj =   6.991962559e+00 inf =   2.196e-02 (9755) 2
*1383631: obj =   6.991933773e+00 inf =   2.189e-02 (9745) 2
*1383819: obj =   6.991867446e+00 inf =   2.192e-02 (9626) 1
*1383976: obj =   6.991819983e+00 inf =   2.221e-02 (9655) 2
*1384139: obj =   6.991787844e+00 inf =   2.216e-02 (9542) 2
*1384325: obj =   6.991739670e+00 inf =   2.221e-02 (9597) 1
*1384483: obj =   6.991669911e+00 inf =   2.254e-02 (9713) 2
*1384665: obj =   6.991656968e+00 inf =   2.213e-02 (9604) 2
*1384846: obj =   6.991592157e+00 inf =   2.259e-02 (9521) 1
*1385005: obj =   6.991536674e+00 inf =   2.305e-02 (9541) 2
*1385165: obj =   6.991500360e+00 inf =   2.304e-02 (9499) 2
*1385356: obj =   6.991433430e+00 inf =   2.336e-02 (9401) 1
*1385532: obj =   6.991400418e+00 inf =   2.353e-02 (9397) 2
*1385702: obj =   6.991335859e+00 inf =   2.375e-02 (9453) 2
*1385871: obj =   6.991323620e+00 inf =   2.380e-02 (9456) 2
*1386057: obj =   6.991269563e+00 inf =   2.423e-02 (9474) 1
*1386214: obj =   6.991220913e+00 inf =   2.461e-02 (9526) 2
*1386377: obj =   6.991166277e+00 inf =   2.488e-02 (9506) 2
*1386563: obj =   6.991139867e+00 inf =   2.469e-02 (9398) 1
*1386743: obj =   6.991138455e+00 inf =   2.447e-02 (9449) 2
*1386900: obj =   6.991086292e+00 inf =   2.433e-02 (9405) 2
*1387096: obj =   6.991019687e+00 inf =   2.481e-02 (9382) 1
*1387254: obj =   6.990988941e+00 inf =   2.505e-02 (9275) 2
*1387409: obj =   6.990954425e+00 inf =   2.507e-02 (9285) 2
*1387601: obj =   6.990929127e+00 inf =   2.527e-02 (9299) 1
*1387763: obj =   6.990897117e+00 inf =   2.558e-02 (9319) 2
*1387923: obj =   6.990851983e+00 inf =   2.587e-02 (9303) 2
*1388116: obj =   6.990830274e+00 inf =   2.615e-02 (9264) 1
*1388271: obj =   6.990766525e+00 inf =   2.740e-02 (9365) 2
*1388434: obj =   6.990751145e+00 inf =   2.759e-02 (9819) 2
*1388625: obj =   6.990722496e+00 inf =   2.783e-02 (9342) 1
*1388783: obj =   6.990671786e+00 inf =   2.841e-02 (9326) 2
*1388939: obj =   6.990635869e+00 inf =   2.923e-02 (9273) 2
*1389126: obj =   6.990619732e+00 inf =   2.950e-02 (9292) 1
*1389287: obj =   6.990587648e+00 inf =   2.963e-02 (9239) 2
*1389461: obj =   6.990571506e+00 inf =   2.962e-02 (9111) 2
*1389646: obj =   6.990538125e+00 inf =   2.991e-02 (9102) 2
*1389839: obj =   6.990496851e+00 inf =   3.057e-02 (9089) 1
*1390016: obj =   6.990458091e+00 inf =   3.082e-02 (9028) 2
*1390181: obj =   6.990443293e+00 inf =   3.077e-02 (8927) 2
*1390356: obj =   6.990413941e+00 inf =   3.152e-02 (8947) 2
*1390549: obj =   6.990396122e+00 inf =   3.114e-02 (8932) 1
*1390720: obj =   6.990356021e+00 inf =   3.144e-02 (8912) 2
*1390882: obj =   6.990327745e+00 inf =   3.203e-02 (8834) 2
*1391067: obj =   6.990290148e+00 inf =   3.225e-02 (8797) 2
*1391259: obj =   6.990257670e+00 inf =   3.267e-02 (8779) 1
*1391424: obj =   6.990234299e+00 inf =   3.291e-02 (8829) 2
*1391594: obj =   6.990213709e+00 inf =   3.318e-02 (8868) 2
*1391776: obj =   6.990187653e+00 inf =   3.350e-02 (8891) 2
*1391967: obj =   6.990149529e+00 inf =   3.401e-02 (8952) 1
*1392131: obj =   6.990122972e+00 inf =   3.419e-02 (8787) 2
*1392292: obj =   6.990083361e+00 inf =   3.495e-02 (8733) 2
*1392481: obj =   6.990059338e+00 inf =   3.527e-02 (8639) 1
*1392645: obj =   6.990039480e+00 inf =   3.534e-02 (8653) 2
*1392811: obj =   6.990017653e+00 inf =   3.546e-02 (8598) 2
*1392991: obj =   6.990006058e+00 inf =   3.507e-02 (8548) 2
*1393183: obj =   6.989980852e+00 inf =   3.556e-02 (8528) 1
*1393349: obj =   6.989958929e+00 inf =   3.592e-02 (8497) 2
*1393516: obj =   6.989941909e+00 inf =   3.594e-02 (8484) 2
*1393700: obj =   6.989921013e+00 inf =   3.582e-02 (8517) 2
*1393889: obj =   6.989899540e+00 inf =   3.572e-02 (9299) 1
*1394052: obj =   6.989878526e+00 inf =   3.551e-02 (8515) 2
*1394214: obj =   6.989853783e+00 inf =   3.530e-02 (8537) 2
*1394400: obj =   6.989805587e+00 inf =   3.533e-02 (8516) 1
*1394567: obj =   6.989787341e+00 inf =   3.559e-02 (8630) 2
*1394730: obj =   6.989755054e+00 inf =   3.535e-02 (8589) 2
*1394914: obj =   6.989738313e+00 inf =   3.466e-02 (8612) 2
*1395104: obj =   6.989702060e+00 inf =   3.457e-02 (8619) 1
*1395269: obj =   6.989665005e+00 inf =   3.471e-02 (8553) 2
*1395435: obj =   6.989631681e+00 inf =   3.463e-02 (8479) 2
*1395623: obj =   6.989613819e+00 inf =   3.417e-02 (8435) 2
*1395816: obj =   6.989581072e+00 inf =   3.429e-02 (8437) 1
*1395979: obj =   6.989554441e+00 inf =   3.420e-02 (8502) 2
*1396150: obj =   6.989514665e+00 inf =   3.375e-02 (8382) 2
*1396331: obj =   6.989485559e+00 inf =   3.327e-02 (8359) 2
*1396520: obj =   6.989456396e+00 inf =   3.345e-02 (8301) 1
*1396689: obj =   6.989437699e+00 inf =   3.348e-02 (8236) 2
*1396858: obj =   6.989404145e+00 inf =   3.337e-02 (8187) 2
*1397040: obj =   6.989375618e+00 inf =   3.359e-02 (8153) 2
*1397234: obj =   6.989344567e+00 inf =   3.377e-02 (8167) 1
*1397402: obj =   6.989316192e+00 inf =   3.408e-02 (8068) 2
*1397573: obj =   6.989289821e+00 inf =   3.463e-02 (8021) 2
*1397748: obj =   6.989268930e+00 inf =   3.496e-02 (8057) 2
*1397941: obj =   6.989261697e+00 inf =   3.486e-02 (7984) 1
*1398108: obj =   6.989255618e+00 inf =   3.408e-02 (8018) 2
*1398273: obj =   6.989238731e+00 inf =   3.392e-02 (8069) 2
*1398455: obj =   6.989215704e+00 inf =   3.381e-02 (8072) 2
*1398645: obj =   6.989200525e+00 inf =   3.330e-02 (9547) 1
*1398845: obj =   6.989188313e+00 inf =   3.287e-02 (8819) 2
*1399028: obj =   6.989162937e+00 inf =   3.237e-02 (8838) 2
*1399222: obj =   6.989154502e+00 inf =   3.215e-02 (8638) 2
*1399404: obj =   6.989148282e+00 inf =   3.113e-02 (8384) 2
*1399595: obj =   6.989135063e+00 inf =   3.035e-02 (8304) 2
*1399798: obj =   6.989116529e+00 inf =   2.947e-02 (8731) 2
*1400005: obj =   6.989101655e+00 inf =   2.886e-02 (8926) 2
*1400215: obj =   6.989079587e+00 inf =   2.818e-02 (9178) 2
*1400425: obj =   6.989041862e+00 inf =   2.758e-02 (9505) 2
*1400627: obj =   6.989032619e+00 inf =   2.707e-02 (8082) 1
*1400804: obj =   6.989022979e+00 inf =   2.644e-02 (8076) 2
*1400972: obj =   6.988990942e+00 inf =   2.613e-02 (8127) 2
*1401143: obj =   6.988976852e+00 inf =   2.601e-02 (8099) 2
*1401335: obj =   6.988940097e+00 inf =   2.578e-02 (150221) 1
*1401501: obj =   6.988910173e+00 inf =   2.577e-02 (7934) 2
*1401675: obj =   6.988872291e+00 inf =   2.617e-02 (7869) 2
*1401846: obj =   6.988840826e+00 inf =   2.671e-02 (7868) 2
*1402037: obj =   6.988817193e+00 inf =   2.720e-02 (7837) 1
*1402205: obj =   6.988800140e+00 inf =   2.723e-02 (7784) 2
*1402373: obj =   6.988776485e+00 inf =   2.774e-02 (7786) 2
*1402554: obj =   6.988762497e+00 inf =   2.790e-02 (7732) 2
*1402747: obj =   6.988746953e+00 inf =   2.770e-02 (7651) 1
*1402917: obj =   6.988736691e+00 inf =   2.773e-02 (7581) 2
*1403089: obj =   6.988736299e+00 inf =   2.699e-02 (7504) 2
*1403345: obj =   6.988212703e+00 inf =   2.628e-02 (20584) 2
*1403589: obj =   6.987775580e+00 inf =   2.583e-02 (20601) 3
*1403811: obj =   6.987616323e+00 inf =   2.512e-02 (20651) 2
*1404031: obj =   6.986557647e+00 inf =   2.494e-02 (20643) 2
*1404250: obj =   6.985126063e+00 inf =   2.485e-02 (20670) 2
*1404469: obj =   6.983668236e+00 inf =   2.519e-02 (20615) 2
*1404690: obj =   6.982571730e+00 inf =   2.526e-02 (20658) 3
*1404912: obj =   6.981077493e+00 inf =   2.514e-02 (20681) 2
*1405131: obj =   6.980506726e+00 inf =   2.453e-02 (20591) 2
*1405349: obj =   6.979591698e+00 inf =   2.371e-02 (20560) 2
*1405570: obj =   6.978273622e+00 inf =   2.369e-02 (20532) 2
*1405791: obj =   6.976560986e+00 inf =   2.335e-02 (20458) 3
*1406014: obj =   6.974744125e+00 inf =   2.352e-02 (20349) 2
*1406234: obj =   6.973565869e+00 inf =   2.387e-02 (20266) 2
*1406451: obj =   6.972667041e+00 inf =   2.390e-02 (20206) 2
*1406677: obj =   6.969844062e+00 inf =   2.366e-02 (20118) 2
*1406900: obj =   6.967681251e+00 inf =   2.364e-02 (20132) 3
*1407119: obj =   6.965714495e+00 inf =   2.350e-02 (20052) 2
*1407338: obj =   6.963178211e+00 inf =   2.374e-02 (20005) 2
*1407559: obj =   6.960703625e+00 inf =   2.340e-02 (19980) 2
*1407784: obj =   6.959101641e+00 inf =   2.303e-02 (19857) 2
*1408008: obj =   6.957586545e+00 inf =   2.288e-02 (19719) 2
*1408226: obj =   6.956456581e+00 inf =   2.313e-02 (19735) 3
*1408449: obj =   6.954419445e+00 inf =   2.357e-02 (19665) 2
*1408675: obj =   6.952910891e+00 inf =   2.413e-02 (19728) 2
*1408897: obj =   6.951127499e+00 inf =   2.442e-02 (19670) 2
*1409120: obj =   6.949018678e+00 inf =   2.528e-02 (19613) 2
*1409338: obj =   6.946521716e+00 inf =   2.660e-02 (19575) 3
*1409560: obj =   6.945655074e+00 inf =   2.696e-02 (19481) 2
*1409784: obj =   6.944781539e+00 inf =   2.661e-02 (19376) 2
*1410007: obj =   6.943252490e+00 inf =   2.688e-02 (19290) 2
*1410230: obj =   6.941446105e+00 inf =   2.761e-02 (19227) 2
*1410448: obj =   6.939023875e+00 inf =   2.809e-02 (19143) 3
*1410674: obj =   6.937211213e+00 inf =   2.899e-02 (19116) 2
*1410897: obj =   6.936012801e+00 inf =   2.971e-02 (19032) 2
*1411119: obj =   6.934227388e+00 inf =   3.030e-02 (19022) 2
*1411339: obj =   6.933121202e+00 inf =   3.122e-02 (18982) 2
*1411556: obj =   6.931766099e+00 inf =   3.197e-02 (18902) 3
*1411779: obj =   6.930822686e+00 inf =   3.269e-02 (18786) 2
*1412001: obj =   6.929615497e+00 inf =   3.376e-02 (18787) 2
*1412222: obj =   6.928177489e+00 inf =   3.504e-02 (18693) 2
*1412441: obj =   6.927302946e+00 inf =   3.623e-02 (18630) 2
*1412661: obj =   6.926271833e+00 inf =   3.715e-02 (18637) 3
*1412884: obj =   6.925082480e+00 inf =   3.840e-02 (18611) 2
*1413106: obj =   6.923687305e+00 inf =   4.003e-02 (18505) 2
*1413326: obj =   6.922677248e+00 inf =   4.156e-02 (18459) 2
*1413547: obj =   6.921801385e+00 inf =   4.305e-02 (18412) 2
*1413771: obj =   6.921051914e+00 inf =   4.406e-02 (18385) 2
*1413988: obj =   6.920052859e+00 inf =   4.499e-02 (18283) 3
*1414209: obj =   6.919054880e+00 inf =   4.636e-02 (18192) 2
*1414428: obj =   6.918642535e+00 inf =   4.616e-02 (18055) 2
*1414651: obj =   6.918042476e+00 inf =   4.646e-02 (18054) 2
*1414875: obj =   6.916567495e+00 inf =   4.856e-02 (17960) 2
*1415094: obj =   6.915249344e+00 inf =   5.097e-02 (17923) 3
*1415315: obj =   6.913715553e+00 inf =   5.465e-02 (17851) 2
*1415538: obj =   6.912120786e+00 inf =   5.944e-02 (17766) 2
*1415765: obj =   6.911050033e+00 inf =   6.319e-02 (17660) 2
*1415987: obj =   6.910515791e+00 inf =   6.467e-02 (17578) 2
*1416205: obj =   6.909163068e+00 inf =   6.961e-02 (17521) 3
*1416426: obj =   6.908975989e+00 inf =   6.975e-02 (17395) 2
*1416653: obj =   6.908068533e+00 inf =   7.352e-02 (17322) 2
*1416881: obj =   6.907118678e+00 inf =   7.735e-02 (17212) 2
*1417106: obj =   6.906294079e+00 inf =   8.110e-02 (17143) 2
*1417328: obj =   6.904705604e+00 inf =   8.920e-02 (17060) 3
*1417554: obj =   6.903910522e+00 inf =   9.348e-02 (16961) 2
*1417787: obj =   6.902697012e+00 inf =   1.004e-01 (16858) 2
*1418018: obj =   6.901867680e+00 inf =   1.058e-01 (16777) 3
*1418252: obj =   6.901670850e+00 inf =   1.069e-01 (16658) 2
*1418491: obj =   6.900723071e+00 inf =   1.126e-01 (16557) 2
*1418745: obj =   6.899740504e+00 inf =   1.186e-01 (16410) 3
*1419000: obj =   6.898718283e+00 inf =   1.259e-01 (16331) 2
*1419257: obj =   6.898190122e+00 inf =   1.296e-01 (16211) 3
*1419529: obj =   6.897252518e+00 inf =   1.358e-01 (16098) 2
*1419817: obj =   6.896998263e+00 inf =   1.369e-01 (15998) 3
*1420085: obj =   6.896671457e+00 inf =   1.383e-01 (16053) 3
*1420334: obj =   6.896124323e+00 inf =   1.408e-01 (16142) 2
*1420571: obj =   6.895580033e+00 inf =   1.427e-01 (16125) 3
*1420818: obj =   6.894564590e+00 inf =   1.477e-01 (16135) 2
*1421054: obj =   6.893992899e+00 inf =   1.498e-01 (16044) 3
*1421287: obj =   6.893707802e+00 inf =   1.487e-01 (16021) 2
*1421517: obj =   6.892472948e+00 inf =   1.536e-01 (16001) 2
*1421751: obj =   6.891923763e+00 inf =   1.558e-01 (16010) 2
*1421976: obj =   6.891097859e+00 inf =   1.594e-01 (15979) 3
*1422203: obj =   6.890393212e+00 inf =   1.599e-01 (15959) 2
*1422429: obj =   6.889426558e+00 inf =   1.640e-01 (15937) 2
*1422656: obj =   6.888956262e+00 inf =   1.649e-01 (15928) 2
*1422878: obj =   6.888642646e+00 inf =   1.636e-01 (15818) 3
*1423103: obj =   6.888139146e+00 inf =   1.637e-01 (15729) 2
*1423324: obj =   6.887388274e+00 inf =   1.655e-01 (15692) 2
*1423546: obj =   6.887387838e+00 inf =   1.613e-01 (15600) 2
*1423774: obj =   6.887379182e+00 inf =   1.578e-01 (15409) 2
*1423998: obj =   6.886554631e+00 inf =   1.591e-01 (15468) 3
*1424224: obj =   6.885695886e+00 inf =   1.613e-01 (15429) 2
*1424448: obj =   6.884979943e+00 inf =   1.630e-01 (15409) 2
*1424677: obj =   6.884230213e+00 inf =   1.650e-01 (15388) 2
*1424903: obj =   6.883964894e+00 inf =   1.633e-01 (15354) 2
*1425123: obj =   6.883213305e+00 inf =   1.651e-01 (15298) 3
*1425344: obj =   6.883118325e+00 inf =   1.610e-01 (15162) 2
*1425568: obj =   6.882656722e+00 inf =   1.603e-01 (15101) 2
*1425796: obj =   6.881991861e+00 inf =   1.613e-01 (15053) 2
*1426018: obj =   6.881182468e+00 inf =   1.622e-01 (15024) 3
*1426241: obj =   6.880804859e+00 inf =   1.617e-01 (14968) 2
*1426463: obj =   6.880211279e+00 inf =   1.621e-01 (14905) 2
*1426687: obj =   6.880203353e+00 inf =   1.577e-01 (14866) 2
*1426913: obj =   6.879641529e+00 inf =   1.570e-01 (14837) 2
*1427133: obj =   6.879162831e+00 inf =   1.573e-01 (14805) 3
*1427355: obj =   6.878824156e+00 inf =   1.561e-01 (14723) 2
*1427578: obj =   6.878392569e+00 inf =   1.542e-01 (14635) 2
*1427805: obj =   6.877793024e+00 inf =   1.545e-01 (14563) 2
*1428030: obj =   6.876987451e+00 inf =   1.557e-01 (14578) 2
*1428246: obj =   6.876930074e+00 inf =   1.524e-01 (14466) 3
*1428467: obj =   6.876589297e+00 inf =   1.497e-01 (14408) 2
*1428694: obj =   6.876263292e+00 inf =   1.490e-01 (14416) 2
*1428918: obj =   6.876139860e+00 inf =   1.448e-01 (14326) 2
*1429144: obj =   6.875273847e+00 inf =   1.446e-01 (14266) 2
*1429361: obj =   6.874946579e+00 inf =   1.446e-01 (14255) 3
*1429582: obj =   6.874905297e+00 inf =   1.409e-01 (14161) 2
*1429809: obj =   6.874379653e+00 inf =   1.399e-01 (14107) 2
*1430034: obj =   6.873931868e+00 inf =   1.386e-01 (14101) 2
*1430260: obj =   6.873180414e+00 inf =   1.394e-01 (14076) 2
*1430479: obj =   6.872690656e+00 inf =   1.399e-01 (14073) 3
*1430706: obj =   6.872178968e+00 inf =   1.410e-01 (13994) 2
*1430930: obj =   6.872077811e+00 inf =   1.395e-01 (13954) 2
*1431153: obj =   6.871937833e+00 inf =   1.350e-01 (13846) 2
*1431377: obj =   6.871365423e+00 inf =   1.345e-01 (13744) 2
*1431601: obj =   6.870710323e+00 inf =   1.346e-01 (13675) 3
*1431828: obj =   6.870362526e+00 inf =   1.348e-01 (13645) 2
*1432055: obj =   6.869973172e+00 inf =   1.353e-01 (13611) 2
*1432277: obj =   6.869890225e+00 inf =   1.324e-01 (13544) 2
*1432497: obj =   6.869247202e+00 inf =   1.317e-01 (13495) 3
*1432727: obj =   6.868743444e+00 inf =   1.319e-01 (13491) 2
*1432953: obj =   6.868419420e+00 inf =   1.319e-01 (13431) 2
*1433176: obj =   6.867922351e+00 inf =   1.322e-01 (13422) 2
*1433398: obj =   6.867509691e+00 inf =   1.322e-01 (13437) 2
*1433617: obj =   6.867342604e+00 inf =   1.295e-01 (13330) 3
*1433842: obj =   6.867170275e+00 inf =   1.246e-01 (13201) 2
*1434066: obj =   6.866784426e+00 inf =   1.246e-01 (13147) 2
*1434286: obj =   6.866687263e+00 inf =   1.215e-01 (13076) 2
*1434505: obj =   6.866573537e+00 inf =   1.159e-01 (12982) 2
*1434728: obj =   6.866361592e+00 inf =   1.144e-01 (12882) 3
*1434953: obj =   6.866068574e+00 inf =   1.134e-01 (12859) 2
*1435175: obj =   6.865872955e+00 inf =   1.104e-01 (12794) 2
*1435397: obj =   6.865559316e+00 inf =   1.094e-01 (12764) 2
*1435620: obj =   6.865459593e+00 inf =   1.070e-01 (12722) 2
*1435842: obj =   6.865236908e+00 inf =   1.030e-01 (12645) 3
*1436066: obj =   6.864985105e+00 inf =   1.023e-01 (12590) 2
*1436289: obj =   6.864731703e+00 inf =   1.014e-01 (12612) 2
*1436512: obj =   6.864390664e+00 inf =   1.001e-01 (12476) 2
*1436741: obj =   6.864212274e+00 inf =   9.812e-02 (12377) 2
*1436961: obj =   6.864078887e+00 inf =   9.607e-02 (12349) 3
*1437187: obj =   6.863737356e+00 inf =   9.372e-02 (12237) 2
*1437337: obj =   6.863634737e+00 inf =   9.329e-02 (12279) 1
*1437457: obj =   6.863632702e+00 inf =   9.045e-02 (12259) 2
*1437654: obj =   6.863632050e+00 inf =   8.386e-02 (12113) 2
*1437882: obj =   6.863281627e+00 inf =   8.076e-02 (12062) 2
*1438107: obj =   6.863077408e+00 inf =   8.002e-02 (11992) 2
*1438330: obj =   6.862807225e+00 inf =   7.922e-02 (12049) 2
*1438549: obj =   6.862698067e+00 inf =   7.869e-02 (11984) 2
*1438772: obj =   6.862502981e+00 inf =   7.726e-02 (11991) 3
*1438998: obj =   6.862293882e+00 inf =   7.640e-02 (11928) 2
*1439222: obj =   6.862021002e+00 inf =   7.599e-02 (11879) 2
*1439447: obj =   6.861740918e+00 inf =   7.518e-02 (11853) 2
*1439676: obj =   6.861545403e+00 inf =   7.480e-02 (11808) 3
*1439906: obj =   6.861161100e+00 inf =   7.437e-02 (11764) 2
*1440131: obj =   6.860888079e+00 inf =   7.417e-02 (11796) 2
*1440353: obj =   6.860609196e+00 inf =   7.329e-02 (11739) 2
*1440578: obj =   6.860294680e+00 inf =   7.270e-02 (11701) 2
*1440804: obj =   6.859978393e+00 inf =   7.253e-02 (11658) 3
*1441029: obj =   6.859869721e+00 inf =   7.264e-02 (11668) 2
*1441253: obj =   6.859565026e+00 inf =   7.218e-02 (11646) 2
*1441476: obj =   6.859305121e+00 inf =   7.144e-02 (11653) 2
*1441702: obj =   6.859057950e+00 inf =   7.094e-02 (11614) 3
*1441931: obj =   6.858597842e+00 inf =   7.090e-02 (11629) 2
*1442155: obj =   6.858384135e+00 inf =   7.140e-02 (11609) 2
*1442378: obj =   6.858147589e+00 inf =   7.104e-02 (11582) 2
*1442602: obj =   6.857895588e+00 inf =   7.099e-02 (11516) 2
*1442822: obj =   6.857893669e+00 inf =   6.946e-02 (11516) 3
*1443048: obj =   6.857563500e+00 inf =   6.882e-02 (11512) 2
*1443273: obj =   6.857228155e+00 inf =   6.847e-02 (11405) 2
*1443496: obj =   6.857062595e+00 inf =   6.857e-02 (11316) 2
*1443723: obj =   6.856828935e+00 inf =   6.853e-02 (11221) 3
*1443953: obj =   6.856603548e+00 inf =   6.861e-02 (11191) 2
*1444181: obj =   6.856368299e+00 inf =   6.875e-02 (11135) 2
*1444407: obj =   6.856086861e+00 inf =   6.917e-02 (11116) 2
*1444633: obj =   6.855771647e+00 inf =   6.958e-02 (11085) 3
*1444864: obj =   6.855565164e+00 inf =   6.985e-02 (11083) 2
*1445091: obj =   6.855406852e+00 inf =   6.973e-02 (11079) 2
*1445315: obj =   6.855275902e+00 inf =   6.829e-02 (11055) 2
*1445538: obj =   6.855059382e+00 inf =   6.828e-02 (11037) 3
*1445773: obj =   6.854936295e+00 inf =   6.782e-02 (10881) 2
*1446013: obj =   6.854582073e+00 inf =   6.796e-02 (10852) 2
*1446245: obj =   6.854324721e+00 inf =   6.792e-02 (10827) 3
*1446481: obj =   6.854015092e+00 inf =   6.804e-02 (10703) 2
*1446716: obj =   6.853931182e+00 inf =   6.773e-02 (10643) 2
*1446945: obj =   6.853928631e+00 inf =   6.530e-02 (10640) 2
*1447172: obj =   6.853530569e+00 inf =   6.469e-02 (10616) 3
*1447399: obj =   6.853405355e+00 inf =   6.451e-02 (10498) 2
*1447631: obj =   6.853179564e+00 inf =   6.447e-02 (10452) 2
*1447863: obj =   6.852894627e+00 inf =   6.452e-02 (10440) 3
*1448096: obj =   6.852700907e+00 inf =   6.461e-02 (10398) 2
*1448324: obj =   6.852605015e+00 inf =   6.443e-02 (10480) 2
*1448547: obj =   6.852604425e+00 inf =   6.138e-02 (10467) 2
*1448773: obj =   6.852561037e+00 inf =   5.840e-02 (10421) 3
*1449003: obj =   6.852243496e+00 inf =   5.793e-02 (10430) 2
*1449231: obj =   6.851896712e+00 inf =   5.752e-02 (10408) 2
*1449456: obj =   6.851708080e+00 inf =   5.726e-02 (10426) 2
*1449684: obj =   6.851480577e+00 inf =   5.674e-02 (10462) 3
*1449918: obj =   6.850959113e+00 inf =   5.653e-02 (10430) 2
*1450144: obj =   6.850756367e+00 inf =   5.672e-02 (10458) 2
*1450367: obj =   6.850527463e+00 inf =   5.585e-02 (10335) 2
*1450593: obj =   6.850118019e+00 inf =   5.554e-02 (10340) 3
*1450828: obj =   6.849781295e+00 inf =   5.597e-02 (10312) 2
*1451060: obj =   6.849568711e+00 inf =   5.581e-02 (10238) 2
*1451292: obj =   6.849145914e+00 inf =   5.631e-02 (10098) 2
*1451517: obj =   6.848776878e+00 inf =   5.659e-02 (10107) 3
*1451752: obj =   6.848463044e+00 inf =   5.677e-02 (10105) 2
*1451984: obj =   6.848152920e+00 inf =   5.770e-02 (10064) 2
*1452208: obj =   6.848151654e+00 inf =   5.748e-02 (10026) 3
*1452438: obj =   6.847870503e+00 inf =   5.763e-02 (10039) 2
*1452668: obj =   6.847760682e+00 inf =   5.725e-02 (9976) 2
*1452899: obj =   6.847495959e+00 inf =   5.774e-02 (9949) 2
*1453122: obj =   6.847178161e+00 inf =   5.776e-02 (9943) 3
*1453348: obj =   6.846835618e+00 inf =   5.769e-02 (9998) 2
*1453575: obj =   6.846554931e+00 inf =   5.825e-02 (9925) 2
*1453785: obj =   6.846232890e+00 inf =   5.845e-02 (9932) 2
*1454022: obj =   6.845835997e+00 inf =   5.923e-02 (9933) 2
*1454249: obj =   6.845578989e+00 inf =   5.978e-02 (9820) 3
*1454478: obj =   6.845426816e+00 inf =   5.990e-02 (9752) 2
*1454712: obj =   6.845268002e+00 inf =   5.959e-02 (9811) 2
*1454942: obj =   6.844862571e+00 inf =   6.014e-02 (9841) 3
*1455175: obj =   6.844499961e+00 inf =   6.054e-02 (9816) 2
*1455406: obj =   6.844308830e+00 inf =   6.090e-02 (9762) 2
*1455643: obj =   6.843886119e+00 inf =   6.192e-02 (9676) 3
*1455878: obj =   6.843519702e+00 inf =   6.316e-02 (9646) 2
*1456109: obj =   6.843324098e+00 inf =   6.381e-02 (9614) 2
*1456340: obj =   6.842896900e+00 inf =   6.555e-02 (9649) 2
*1456565: obj =   6.842643489e+00 inf =   6.647e-02 (9717) 3
*1456799: obj =   6.842368700e+00 inf =   6.768e-02 (9617) 2
*1457027: obj =   6.842136129e+00 inf =   6.856e-02 (9577) 2
*1457254: obj =   6.841903162e+00 inf =   6.960e-02 (9557) 2
*1457480: obj =   6.841483691e+00 inf =   7.193e-02 (9502) 3
*1457713: obj =   6.841314219e+00 inf =   7.302e-02 (9416) 2
*1457941: obj =   6.841236127e+00 inf =   7.338e-02 (9429) 2
*1458168: obj =   6.841062740e+00 inf =   7.318e-02 (9319) 3
*1458394: obj =   6.840925364e+00 inf =   7.401e-02 (9260) 2
*1458622: obj =   6.840708857e+00 inf =   7.472e-02 (9330) 2
*1458858: obj =   6.840458767e+00 inf =   7.561e-02 (9270) 2
*1459084: obj =   6.840325484e+00 inf =   7.668e-02 (9252) 3
*1459313: obj =   6.840201033e+00 inf =   7.661e-02 (9186) 2
*1459540: obj =   6.840060337e+00 inf =   7.693e-02 (9195) 2
*1459776: obj =   6.839851352e+00 inf =   7.762e-02 (9163) 2
*1460005: obj =   6.839673535e+00 inf =   7.867e-02 (9144) 3
*1460241: obj =   6.839412596e+00 inf =   7.957e-02 (9053) 2
*1460472: obj =   6.839229396e+00 inf =   8.062e-02 (9053) 2
*1460704: obj =   6.839078369e+00 inf =   8.087e-02 (8941) 3
*1460939: obj =   6.838934056e+00 inf =   8.131e-02 (8965) 2
*1461093: obj =   6.838786709e+00 inf =   8.211e-02 (8942) 1
*1461275: obj =   6.838564289e+00 inf =   8.302e-02 (8914) 2
*1461455: obj =   6.838376945e+00 inf =   8.403e-02 (8858) 2
*1461672: obj =   6.838283017e+00 inf =   8.419e-02 (8764) 2
*1461908: obj =   6.837965084e+00 inf =   8.580e-02 (8733) 3
*1462143: obj =   6.837765834e+00 inf =   8.725e-02 (8706) 2
*1462374: obj =   6.837668097e+00 inf =   8.765e-02 (8733) 2
*1462607: obj =   6.837442376e+00 inf =   8.821e-02 (8666) 2
*1462836: obj =   6.837319027e+00 inf =   8.927e-02 (8624) 3
*1463070: obj =   6.837038857e+00 inf =   9.072e-02 (8590) 2
*1463302: obj =   6.836895764e+00 inf =   9.096e-02 (8601) 2
*1463531: obj =   6.836742909e+00 inf =   9.197e-02 (8546) 3
*1463775: obj =   6.836504704e+00 inf =   9.293e-02 (8502) 2
*1464018: obj =   6.836233411e+00 inf =   9.410e-02 (8416) 2
*1464252: obj =   6.836136217e+00 inf =   9.480e-02 (8371) 3
*1464493: obj =   6.835896999e+00 inf =   9.572e-02 (8395) 2
*1464737: obj =   6.835719765e+00 inf =   9.639e-02 (8258) 3
*1464991: obj =   6.835480721e+00 inf =   9.734e-02 (8234) 2
*1465277: obj =   6.835465851e+00 inf =   9.598e-02 (8287) 3
*1465534: obj =   6.835224208e+00 inf =   9.458e-02 (8288) 2
*1465793: obj =   6.835094516e+00 inf =   9.370e-02 (8266) 3
*1466050: obj =   6.835029447e+00 inf =   9.263e-02 (8213) 2
*1466298: obj =   6.835029200e+00 inf =   9.013e-02 (8222) 3
*1466543: obj =   6.835028311e+00 inf =   8.664e-02 (8226) 2
*1466787: obj =   6.834804386e+00 inf =   8.460e-02 (8275) 3
*1467028: obj =   6.834505144e+00 inf =   8.351e-02 (8242) 2
*1467267: obj =   6.834201508e+00 inf =   8.300e-02 (8176) 2
*1467497: obj =   6.834056502e+00 inf =   8.249e-02 (8144) 3
*1467734: obj =   6.833899466e+00 inf =   8.192e-02 (8099) 2
*1467969: obj =   6.833715759e+00 inf =   8.184e-02 (8088) 2
*1468197: obj =   6.833442385e+00 inf =   8.220e-02 (8092) 3
*1468429: obj =   6.833204032e+00 inf =   8.277e-02 (8125) 2
*1468665: obj =   6.832955492e+00 inf =   8.356e-02 (8185) 2
*1468894: obj =   6.832819280e+00 inf =   8.393e-02 (8187) 3
*1469128: obj =   6.832591362e+00 inf =   8.468e-02 (8135) 2
*1469363: obj =   6.832451041e+00 inf =   8.501e-02 (8148) 2
*1469595: obj =   6.832451041e+00 inf =   8.368e-02 (8104) 3
*1469834: obj =   6.832244358e+00 inf =   8.325e-02 (8144) 2
*1470064: obj =   6.832141816e+00 inf =   8.318e-02 (8135) 2
*1470293: obj =   6.832029478e+00 inf =   8.296e-02 (8143) 2
*1470517: obj =   6.831917748e+00 inf =   8.222e-02 (8124) 3
*1470749: obj =   6.831780492e+00 inf =   8.209e-02 (8054) 2
*1470978: obj =   6.831659898e+00 inf =   8.170e-02 (8024) 2
*1471201: obj =   6.831658183e+00 inf =   7.850e-02 (7977) 2
*1471424: obj =   6.831458297e+00 inf =   7.787e-02 (7930) 3
*1471652: obj =   6.831305976e+00 inf =   7.742e-02 (7898) 2
*1471884: obj =   6.831113783e+00 inf =   7.752e-02 (7877) 2
*1472108: obj =   6.831113098e+00 inf =   7.584e-02 (7960) 2
*1472326: obj =   6.831052845e+00 inf =   7.335e-02 (7858) 3
*1472550: obj =   6.830922094e+00 inf =   7.251e-02 (7962) 2
*1472783: obj =   6.830769585e+00 inf =   7.213e-02 (7879) 2
*1473009: obj =   6.830721381e+00 inf =   7.098e-02 (7882) 2
*1473233: obj =   6.830598292e+00 inf =   7.012e-02 (7763) 3
*1473460: obj =   6.830418251e+00 inf =   7.014e-02 (7736) 2
*1473691: obj =   6.830262773e+00 inf =   7.006e-02 (7761) 2
*1473922: obj =   6.830079030e+00 inf =   7.048e-02 (7780) 2
*1474146: obj =   6.829903447e+00 inf =   7.112e-02 (7745) 3
*1474371: obj =   6.829788664e+00 inf =   7.132e-02 (7627) 2
*1474532: obj =   6.829715057e+00 inf =   7.135e-02 (7585) 1
*1474712: obj =   6.829625179e+00 inf =   7.154e-02 (7639) 2
*1474918: obj =   6.829412031e+00 inf =   7.239e-02 (7609) 2
*1475147: obj =   6.829363949e+00 inf =   7.235e-02 (7654) 2
*1475369: obj =   6.829272523e+00 inf =   7.193e-02 (7583) 3
*1475594: obj =   6.829225315e+00 inf =   7.154e-02 (7605) 2
*1475828: obj =   6.829086568e+00 inf =   7.135e-02 (7566) 2
*1476057: obj =   6.828940732e+00 inf =   7.199e-02 (7595) 2
*1476281: obj =   6.828810669e+00 inf =   7.276e-02 (7567) 3
*1476506: obj =   6.828796186e+00 inf =   7.136e-02 (7436) 2
*1476734: obj =   6.828774332e+00 inf =   7.015e-02 (7501) 2
*1476967: obj =   6.828661556e+00 inf =   6.964e-02 (7601) 2
*1477188: obj =   6.828618384e+00 inf =   6.926e-02 (7567) 3
*1477412: obj =   6.828600929e+00 inf =   6.556e-02 (7397) 2
*1477636: obj =   6.828585170e+00 inf =   5.926e-02 (7430) 2
*1477865: obj =   6.828563042e+00 inf =   5.577e-02 (7567) 2
*1478091: obj =   6.828428364e+00 inf =   5.500e-02 (7438) 3
*1478318: obj =   6.828320980e+00 inf =   5.492e-02 (7451) 2
*1478544: obj =   6.828215895e+00 inf =   5.482e-02 (7380) 2
*1478774: obj =   6.828172596e+00 inf =   5.472e-02 (7383) 2
*1478996: obj =   6.828171644e+00 inf =   5.408e-02 (7374) 3
*1479220: obj =   6.828077295e+00 inf =   5.331e-02 (7371) 2
*1479446: obj =   6.827990507e+00 inf =   5.264e-02 (7349) 2
*1479678: obj =   6.827854419e+00 inf =   5.215e-02 (7183) 2
*1479908: obj =   6.827766201e+00 inf =   5.248e-02 (7242) 3
*1480135: obj =   6.827641643e+00 inf =   5.290e-02 (7245) 2
*1480361: obj =   6.827547953e+00 inf =   5.341e-02 (7162) 2
*1480583: obj =   6.827547907e+00 inf =   5.301e-02 (7104) 2
*1480829: obj =   6.827442031e+00 inf =   5.278e-02 (7207) 3
*1481088: obj =   6.827400135e+00 inf =   5.274e-02 (7189) 2
*1481329: obj =   6.827334923e+00 inf =   5.253e-02 (7145) 3
*1481574: obj =   6.827233301e+00 inf =   5.294e-02 (7089) 2
*1481835: obj =   6.827197208e+00 inf =   5.311e-02 (7086) 3
*1482088: obj =   6.827173100e+00 inf =   5.194e-02 (7040) 2
*1482334: obj =   6.827068826e+00 inf =   5.218e-02 (7068) 3
*1482578: obj =   6.826904342e+00 inf =   5.271e-02 (6978) 2
*1482827: obj =   6.826835157e+00 inf =   5.253e-02 (7101) 2
*1483064: obj =   6.826742279e+00 inf =   5.306e-02 (7052) 3
*1483299: obj =   6.826701137e+00 inf =   5.311e-02 (7078) 2
*1483531: obj =   6.826638670e+00 inf =   5.241e-02 (7074) 2
*1483764: obj =   6.826551150e+00 inf =   5.244e-02 (7107) 3
*1483998: obj =   6.826430806e+00 inf =   5.334e-02 (7067) 2
*1484230: obj =   6.826350183e+00 inf =   5.410e-02 (6990) 2
*1484455: obj =   6.826270967e+00 inf =   5.483e-02 (6835) 3
*1484683: obj =   6.826260535e+00 inf =   5.413e-02 (6715) 2
*1484913: obj =   6.826177742e+00 inf =   5.477e-02 (6877) 2
*1485141: obj =   6.826105533e+00 inf =   5.515e-02 (6840) 2
*1485363: obj =   6.826051886e+00 inf =   5.541e-02 (6791) 3
*1485579: obj =   6.826031302e+00 inf =   5.473e-02 (6760) 2
*1485843: obj =   6.825965000e+00 inf =   5.387e-02 (6946) 2
*1486087: obj =   6.825837438e+00 inf =   5.363e-02 (6903) 3
*1486328: obj =   6.825732263e+00 inf =   5.375e-02 (6869) 2
*1486557: obj =   6.825731738e+00 inf =   5.343e-02 (6815) 2
*1486791: obj =   6.825619074e+00 inf =   5.300e-02 (6764) 3
*1487032: obj =   6.825490346e+00 inf =   5.319e-02 (6812) 2
*1487267: obj =   6.825408338e+00 inf =   5.393e-02 (6689) 2
*1487491: obj =   6.825352516e+00 inf =   5.438e-02 (6613) 3
*1487722: obj =   6.825270742e+00 inf =   5.506e-02 (6692) 2
*1487953: obj =   6.825195572e+00 inf =   5.582e-02 (6682) 2
*1488179: obj =   6.825162300e+00 inf =   5.551e-02 (6635) 2
*1488402: obj =   6.825088258e+00 inf =   5.555e-02 (6663) 3
*1488630: obj =   6.825024602e+00 inf =   5.563e-02 (6544) 2
*1488861: obj =   6.824962016e+00 inf =   5.557e-02 (6526) 2
*1489088: obj =   6.824916506e+00 inf =   5.591e-02 (6454) 2
*1489309: obj =   6.824883331e+00 inf =   5.590e-02 (6472) 3
*1489535: obj =   6.824809162e+00 inf =   5.593e-02 (6435) 2
*1489766: obj =   6.824760938e+00 inf =   5.616e-02 (6308) 2
*1489996: obj =   6.824706263e+00 inf =   5.641e-02 (6443) 2
*1490221: obj =   6.824673388e+00 inf =   5.608e-02 (6456) 3
*1490453: obj =   6.824581118e+00 inf =   5.662e-02 (6410) 2
*1490696: obj =   6.824510705e+00 inf =   5.678e-02 (6451) 2
*1490935: obj =   6.824463869e+00 inf =   5.758e-02 (6477) 3
*1491180: obj =   6.824392321e+00 inf =   5.814e-02 (6381) 2
*1491415: obj =   6.824324524e+00 inf =   5.851e-02 (6438) 2
*1491652: obj =   6.824233195e+00 inf =   5.969e-02 (6309) 3
*1491904: obj =   6.824173748e+00 inf =   5.999e-02 (6282) 2
*1492141: obj =   6.824090258e+00 inf =   6.110e-02 (6277) 3
*1492412: obj =   6.824052337e+00 inf =   6.051e-02 (6225) 2
*1492666: obj =   6.824004188e+00 inf =   5.955e-02 (6267) 3
*1492912: obj =   6.823927881e+00 inf =   5.838e-02 (6313) 2
*1493144: obj =   6.823837171e+00 inf =   5.818e-02 (6302) 2
*1493370: obj =   6.823778324e+00 inf =   5.819e-02 (6213) 3
*1493600: obj =   6.823691394e+00 inf =   5.819e-02 (6239) 2
*1493836: obj =   6.823611781e+00 inf =   5.859e-02 (6217) 2
*1494064: obj =   6.823571822e+00 inf =   5.856e-02 (6168) 3
*1494293: obj =   6.823528955e+00 inf =   5.758e-02 (6082) 2
*1494520: obj =   6.823484953e+00 inf =   5.746e-02 (6065) 2
*1494749: obj =   6.823456128e+00 inf =   5.629e-02 (6000) 2
*1494971: obj =   6.823444786e+00 inf =   5.501e-02 (6022) 3
*1495196: obj =   6.823439782e+00 inf =   5.146e-02 (5973) 2
*1495421: obj =   6.823410165e+00 inf =   5.082e-02 (6026) 2
*1495647: obj =   6.823381595e+00 inf =   4.840e-02 (5872) 2
*1495875: obj =   6.823368018e+00 inf =   4.541e-02 (5973) 2
*1496101: obj =   6.823311139e+00 inf =   4.455e-02 (5979) 3
*1496332: obj =   6.823270135e+00 inf =   4.448e-02 (5951) 2
*1496561: obj =   6.823224621e+00 inf =   4.413e-02 (5860) 2
*1496792: obj =   6.823176929e+00 inf =   4.404e-02 (6023) 3
*1496995: obj =   6.823127664e+00 inf =   4.402e-02 (5965) 2
*1497224: obj =   6.823081736e+00 inf =   4.423e-02 (5914) 2
*1497454: obj =   6.823051161e+00 inf =   4.420e-02 (5896) 2
*1497688: obj =   6.823002988e+00 inf =   4.421e-02 (5970) 2
*1497917: obj =   6.822952721e+00 inf =   4.413e-02 (6129) 3
*1498151: obj =   6.822884789e+00 inf =   4.463e-02 (5968) 2
*1498388: obj =   6.822805843e+00 inf =   4.590e-02 (5923) 2
*1498620: obj =   6.822773787e+00 inf =   4.618e-02 (5955) 3
*1498861: obj =   6.822716857e+00 inf =   4.635e-02 (5881) 2
*1499094: obj =   6.822661546e+00 inf =   4.713e-02 (5900) 2
*1499320: obj =   6.822634726e+00 inf =   4.738e-02 (5832) 3
*1499574: obj =   6.822608108e+00 inf =   4.722e-02 (5667) 2
*1499823: obj =   6.822544523e+00 inf =   4.777e-02 (5792) 2
*1500055: obj =   6.822490662e+00 inf =   4.808e-02 (5835) 3
*1500284: obj =   6.822477684e+00 inf =   4.803e-02 (5776) 2
*1500514: obj =   6.822421464e+00 inf =   4.841e-02 (5748) 2
*1500743: obj =   6.822374143e+00 inf =   4.907e-02 (5797) 3
*1500976: obj =   6.822335778e+00 inf =   4.974e-02 (5808) 2
*1501212: obj =   6.822300185e+00 inf =   5.021e-02 (5818) 2
*1501441: obj =   6.822281367e+00 inf =   5.029e-02 (5842) 3
*1501675: obj =   6.822250759e+00 inf =   4.985e-02 (5807) 2
*1501914: obj =   6.822205203e+00 inf =   5.031e-02 (5708) 2
*1502148: obj =   6.822147227e+00 inf =   5.042e-02 (5702) 3
*1502382: obj =   6.822103904e+00 inf =   5.059e-02 (5622) 2
*1502615: obj =   6.822064072e+00 inf =   5.066e-02 (5587) 2
*1502855: obj =   6.822004598e+00 inf =   5.110e-02 (5674) 3
*1503093: obj =   6.821962626e+00 inf =   5.133e-02 (5602) 2
*1503327: obj =   6.821922147e+00 inf =   5.164e-02 (5547) 2
*1503561: obj =   6.821866621e+00 inf =   5.251e-02 (5612) 2
*1503799: obj =   6.821837435e+00 inf =   5.253e-02 (5482) 3
*1504039: obj =   6.821780351e+00 inf =   5.295e-02 (5468) 2
*1504285: obj =   6.821737326e+00 inf =   5.335e-02 (5493) 3
*1504558: obj =   6.821700120e+00 inf =   5.295e-02 (5349) 2
*1504829: obj =   6.821663665e+00 inf =   5.281e-02 (5240) 3
*1505087: obj =   6.821624758e+00 inf =   5.237e-02 (5460) 3
*1505338: obj =   6.821566967e+00 inf =   5.193e-02 (5347) 2
*1505585: obj =   6.821507202e+00 inf =   5.169e-02 (5356) 3
*1505827: obj =   6.821488350e+00 inf =   5.126e-02 (5454) 2
*1506063: obj =   6.821448186e+00 inf =   5.142e-02 (5414) 2
*1506294: obj =   6.821411691e+00 inf =   5.143e-02 (5294) 3
*1506538: obj =   6.305713254e+00 inf =   5.133e-02 (22436) 2
*1506781: obj =   6.305490302e+00 inf =   5.174e-02 (22453) 2
*1507019: obj =   6.305044138e+00 inf =   5.239e-02 (22506) 3
*1507258: obj =   6.304570355e+00 inf =   5.320e-02 (22510) 2
*1507496: obj =   6.304184790e+00 inf =   5.325e-02 (22476) 2
*1507733: obj =   6.303755755e+00 inf =   5.405e-02 (22442) 3
*1507978: obj =   6.303192212e+00 inf =   5.510e-02 (22381) 2
*1508214: obj =   6.302750968e+00 inf =   5.625e-02 (22382) 3
*1508450: obj =   6.302221602e+00 inf =   5.734e-02 (22315) 2
*1508684: obj =   6.301985315e+00 inf =   5.797e-02 (22305) 2
*1508920: obj =   6.301834308e+00 inf =   5.781e-02 (22252) 2
*1509148: obj =   6.301617512e+00 inf =   5.684e-02 (22211) 3
*1509383: obj =   6.300980302e+00 inf =   5.744e-02 (22125) 2
*1509610: obj =   6.300563993e+00 inf =   5.791e-02 (22094) 2
*1509833: obj =   6.300081183e+00 inf =   5.892e-02 (22124) 3
*1510055: obj =   6.299735220e+00 inf =   5.960e-02 (22106) 2
*1510276: obj =   6.299258351e+00 inf =   6.135e-02 (22019) 2
*1510493: obj =   6.299183362e+00 inf =   6.118e-02 (21931) 2
*1510715: obj =   6.299183362e+00 inf =   6.084e-02 (21875) 2
*1510942: obj =   6.299183362e+00 inf =   6.023e-02 (21766) 3
*1511171: obj =   6.298961793e+00 inf =   5.898e-02 (21647) 2
*1511403: obj =   6.298564442e+00 inf =   5.946e-02 (21587) 2
*1511633: obj =   6.298351852e+00 inf =   5.975e-02 (21547) 2
*1511864: obj =   6.297963509e+00 inf =   6.034e-02 (21473) 3
*1512097: obj =   6.297524495e+00 inf =   6.107e-02 (21431) 2
*1512327: obj =   6.296946949e+00 inf =   6.259e-02 (21334) 2
*1512553: obj =   6.296614580e+00 inf =   6.377e-02 (21296) 2
*1512782: obj =   6.296013607e+00 inf =   6.588e-02 (21164) 3
*1513012: obj =   6.295903235e+00 inf =   6.655e-02 (21156) 2
*1513238: obj =   6.295738576e+00 inf =   6.704e-02 (21058) 2
*1513464: obj =   6.295397039e+00 inf =   6.793e-02 (21026) 2
*1513688: obj =   6.295085203e+00 inf =   6.887e-02 (20978) 3
*1513918: obj =   6.294722536e+00 inf =   7.032e-02 (20912) 2
*1514125: obj =   6.294344258e+00 inf =   7.168e-02 (20848) 2
*1514250: obj =   6.294203485e+00 inf =   7.226e-02 (20804) 1
*1514375: obj =   6.293995331e+00 inf =   7.339e-02 (20795) 1
*1514496: obj =   6.293787606e+00 inf =   7.442e-02 (20718) 2
*1514620: obj =   6.293787606e+00 inf =   7.428e-02 (20664) 1
*1514820: obj =   6.293343851e+00 inf =   7.547e-02 (20608) 2
*1515046: obj =   6.293026809e+00 inf =   7.702e-02 (20555) 2
*1515271: obj =   6.292497085e+00 inf =   7.953e-02 (20490) 2
*1515489: obj =   6.292192448e+00 inf =   8.134e-02 (20436) 3
*1515717: obj =   6.291688451e+00 inf =   8.401e-02 (20368) 2
*1515945: obj =   6.291482355e+00 inf =   8.540e-02 (20259) 2
*1516170: obj =   6.291178012e+00 inf =   8.692e-02 (20203) 2
*1516395: obj =   6.290788596e+00 inf =   8.933e-02 (20088) 2
*1516614: obj =   6.290391968e+00 inf =   9.187e-02 (20000) 3
*1516845: obj =   6.289953446e+00 inf =   9.475e-02 (19953) 2
*1517074: obj =   6.289399617e+00 inf =   9.865e-02 (19865) 2
*1517301: obj =   6.288956060e+00 inf =   1.025e-01 (19751) 2
*1517524: obj =   6.288730801e+00 inf =   1.043e-01 (19642) 3
*1517753: obj =   6.288727532e+00 inf =   1.040e-01 (19501) 2
*1517986: obj =   6.288332464e+00 inf =   1.062e-01 (19447) 2
*1518217: obj =   6.287822440e+00 inf =   1.096e-01 (19353) 3
*1518451: obj =   6.287500729e+00 inf =   1.119e-01 (19279) 2
*1518691: obj =   6.287044051e+00 inf =   1.153e-01 (19123) 2
*1518927: obj =   6.286781887e+00 inf =   1.177e-01 (19042) 3
*1519167: obj =   6.286479181e+00 inf =   1.204e-01 (18879) 2
*1519409: obj =   6.286238038e+00 inf =   1.216e-01 (18760) 2
*1519647: obj =   6.285984829e+00 inf =   1.228e-01 (18791) 3
*1519887: obj =   6.285740677e+00 inf =   1.246e-01 (18764) 2
*1520116: obj =   6.285411768e+00 inf =   1.265e-01 (18749) 2
*1520342: obj =   6.285065078e+00 inf =   1.291e-01 (18663) 2
*1520559: obj =   6.285013387e+00 inf =   1.264e-01 (18645) 3
*1520785: obj =   6.285013387e+00 inf =   1.211e-01 (18550) 2
*1521009: obj =   6.284841206e+00 inf =   1.180e-01 (18442) 2
*1521232: obj =   6.284475995e+00 inf =   1.195e-01 (18439) 2
*1521451: obj =   6.284424023e+00 inf =   1.165e-01 (18360) 2
*1521667: obj =   6.284324844e+00 inf =   1.131e-01 (18248) 3
*1521894: obj =   6.283847923e+00 inf =   1.138e-01 (18150) 2
*1522116: obj =   6.283711939e+00 inf =   1.135e-01 (18107) 2
*1522333: obj =   6.283711354e+00 inf =   1.067e-01 (17983) 2
*1522549: obj =   6.283711354e+00 inf =   1.006e-01 (17895) 2
*1522772: obj =   6.283492941e+00 inf =   9.648e-02 (17840) 2
*1522990: obj =   6.283307033e+00 inf =   9.617e-02 (17740) 3
*1523211: obj =   6.282837809e+00 inf =   9.661e-02 (17667) 2
*1523429: obj =   6.282694266e+00 inf =   9.650e-02 (17648) 2
*1523644: obj =   6.282694266e+00 inf =   9.040e-02 (17563) 2
*1523868: obj =   6.282335663e+00 inf =   8.835e-02 (17452) 2
*1524089: obj =   6.282101920e+00 inf =   8.814e-02 (17394) 2
*1524305: obj =   6.281854146e+00 inf =   8.810e-02 (17325) 3
*1524521: obj =   6.281668057e+00 inf =   8.553e-02 (17218) 2
*1524739: obj =   6.281666803e+00 inf =   7.872e-02 (17175) 2
*1524960: obj =   6.281415963e+00 inf =   7.473e-02 (17088) 2
*1525147: obj =   6.281342639e+00 inf =   7.422e-02 (17128) 2
*1525332: obj =   6.281321546e+00 inf =   7.301e-02 (17625) 2
*1525514: obj =   6.281190792e+00 inf =   7.184e-02 (17063) 2
*1525709: obj =   6.281013952e+00 inf =   7.173e-02 (17058) 1
*1525877: obj =   6.280919657e+00 inf =   7.150e-02 (151024) 2
*1526066: obj =   6.280786692e+00 inf =   7.095e-02 (151002) 2
*1526257: obj =   6.280621484e+00 inf =   6.982e-02 (151001) 2
*1526436: obj =   6.280569030e+00 inf =   6.998e-02 (151292) 2
*1526618: obj =   6.280308559e+00 inf =   6.973e-02 (151361) 1
*1526782: obj =   6.280170544e+00 inf =   6.908e-02 (16915) 2
*1526973: obj =   6.280057988e+00 inf =   6.875e-02 (16887) 2
*1527151: obj =   6.279806107e+00 inf =   6.803e-02 (16859) 2
*1527338: obj =   6.279738234e+00 inf =   6.811e-02 (16833) 1
*1527510: obj =   6.279511998e+00 inf =   6.773e-02 (16768) 2
*1527687: obj =   6.279290121e+00 inf =   6.758e-02 (16712) 2
*1527882: obj =   6.279139698e+00 inf =   6.785e-02 (151464) 2
*1528069: obj =   6.278830094e+00 inf =   6.739e-02 (16611) 1
*1528228: obj =   6.278738965e+00 inf =   6.799e-02 (151725) 2
*1528405: obj =   6.278506470e+00 inf =   6.771e-02 (16524) 2
*1528592: obj =   6.278304924e+00 inf =   6.739e-02 (16420) 2
*1528774: obj =   6.278125313e+00 inf =   6.650e-02 (16426) 1
*1528951: obj =   6.277894999e+00 inf =   6.621e-02 (151751) 2
*1529124: obj =   6.277764384e+00 inf =   6.562e-02 (151715) 2
*1529315: obj =   6.277679716e+00 inf =   6.484e-02 (16409) 2
*1529514: obj =   6.277464701e+00 inf =   6.489e-02 (152078) 1
*1529683: obj =   6.277263959e+00 inf =   6.396e-02 (16354) 2
*1529845: obj =   6.277089019e+00 inf =   6.390e-02 (151858) 2
*1530029: obj =   6.276924955e+00 inf =   6.335e-02 (151784) 2
*1530215: obj =   6.276577507e+00 inf =   6.220e-02 (16224) 1
*1530374: obj =   6.276405041e+00 inf =   6.194e-02 (151794) 2
*1530564: obj =   6.276378728e+00 inf =   6.163e-02 (151782) 2
*1530749: obj =   6.276272704e+00 inf =   6.029e-02 (16180) 2
*1530952: obj =   6.276065874e+00 inf =   5.897e-02 (151717) 1
*1531128: obj =   6.275824787e+00 inf =   5.809e-02 (16054) 2
*1531287: obj =   6.275683126e+00 inf =   5.798e-02 (16043) 2
*1531465: obj =   6.275449711e+00 inf =   5.738e-02 (16003) 2
*1531650: obj =   6.275201500e+00 inf =   5.651e-02 (16166) 1
*1531815: obj =   6.274970004e+00 inf =   5.614e-02 (16098) 2
*1531990: obj =   6.274913598e+00 inf =   5.599e-02 (151607) 2
*1532174: obj =   6.274793821e+00 inf =   5.564e-02 (15894) 1
*1532332: obj =   6.274522997e+00 inf =   5.468e-02 (15813) 2
*1532489: obj =   6.274353205e+00 inf =   5.435e-02 (15756) 2
*1532671: obj =   6.274240229e+00 inf =   5.403e-02 (15683) 1
*1532828: obj =   6.273968381e+00 inf =   5.361e-02 (15689) 2
*1533017: obj =   6.273910287e+00 inf =   5.332e-02 (15783) 2
*1533195: obj =   6.273775466e+00 inf =   5.284e-02 (15756) 2
*1533391: obj =   6.273747057e+00 inf =   5.217e-02 (151927) 1
*1533558: obj =   6.273615492e+00 inf =   4.971e-02 (15623) 2
*1533728: obj =   6.273408320e+00 inf =   4.894e-02 (151957) 2
*1533910: obj =   6.273245478e+00 inf =   4.820e-02 (15583) 1
*1534064: obj =   6.273076206e+00 inf =   4.770e-02 (15539) 2
*1534218: obj =   6.272973018e+00 inf =   4.758e-02 (15483) 2
*1534415: obj =   6.272883416e+00 inf =   4.739e-02 (151797) 1
*1534580: obj =   6.272732269e+00 inf =   4.642e-02 (15395) 2
*1534735: obj =   6.272541628e+00 inf =   4.606e-02 (15393) 2
*1534918: obj =   6.272420882e+00 inf =   4.570e-02 (15337) 1
*1535071: obj =   6.272297033e+00 inf =   4.570e-02 (15301) 2
*1535234: obj =   6.272157614e+00 inf =   4.559e-02 (15360) 2
*1535414: obj =   6.272100089e+00 inf =   4.600e-02 (151629) 1
*1535574: obj =   6.272030337e+00 inf =   4.483e-02 (15198) 2
*1535747: obj =   6.271928825e+00 inf =   4.440e-02 (15159) 2
*1535922: obj =   6.271821561e+00 inf =   4.380e-02 (15119) 1
*1536072: obj =   6.271674439e+00 inf =   4.352e-02 (15148) 2
*1536252: obj =   6.271497741e+00 inf =   4.326e-02 (151896) 2
*1536431: obj =   6.271420124e+00 inf =   4.293e-02 (15034) 1
*1536583: obj =   6.271227966e+00 inf =   4.251e-02 (15004) 2
*1536760: obj =   6.271096604e+00 inf =   4.207e-02 (15006) 2
*1536958: obj =   6.270996030e+00 inf =   4.222e-02 (14926) 1
*1537113: obj =   6.270910287e+00 inf =   4.205e-02 (14906) 2
*1537270: obj =   6.270874455e+00 inf =   4.239e-02 (14873) 2
*1537453: obj =   6.270706482e+00 inf =   4.197e-02 (14803) 1
*1537607: obj =   6.270547867e+00 inf =   4.152e-02 (14793) 2
*1537775: obj =   6.270372919e+00 inf =   4.133e-02 (14698) 2
*1537964: obj =   6.270268796e+00 inf =   4.150e-02 (14656) 1
*1538147: obj =   6.270253069e+00 inf =   4.115e-02 (151464) 2
*1538311: obj =   6.270158390e+00 inf =   4.042e-02 (14512) 2
*1538493: obj =   6.269994643e+00 inf =   4.016e-02 (14452) 2
*1538677: obj =   6.269911585e+00 inf =   4.017e-02 (14471) 1
*1538834: obj =   6.269775693e+00 inf =   4.006e-02 (151675) 2
*1539003: obj =   6.269726176e+00 inf =   3.981e-02 (14469) 2
*1539185: obj =   6.269607325e+00 inf =   3.992e-02 (14441) 1
*1539351: obj =   6.269521451e+00 inf =   3.973e-02 (14338) 2
*1539511: obj =   6.269440900e+00 inf =   3.981e-02 (14296) 2
*1539694: obj =   6.269294406e+00 inf =   3.984e-02 (151785) 1
*1539852: obj =   6.269113868e+00 inf =   3.971e-02 (14500) 2
*1540016: obj =   6.269053261e+00 inf =   4.006e-02 (14484) 2
*1540201: obj =   6.268838849e+00 inf =   4.049e-02 (14418) 1
*1540357: obj =   6.268766789e+00 inf =   4.090e-02 (14364) 2
*1540521: obj =   6.268652328e+00 inf =   4.152e-02 (14336) 2
*1540707: obj =   6.268624137e+00 inf =   4.074e-02 (14313) 1
*1540868: obj =   6.268564557e+00 inf =   4.052e-02 (14307) 2
*1541028: obj =   6.268476895e+00 inf =   4.047e-02 (14205) 2
*1541211: obj =   6.268344727e+00 inf =   4.089e-02 (14176) 1
*1541363: obj =   6.268291725e+00 inf =   4.086e-02 (14165) 2
*1541533: obj =   6.268181094e+00 inf =   4.091e-02 (14094) 2
*1541717: obj =   6.268084422e+00 inf =   4.107e-02 (151593) 1
*1541889: obj =   6.268013217e+00 inf =   4.084e-02 (14110) 2
*1542047: obj =   6.267928663e+00 inf =   4.104e-02 (14040) 2
*1542232: obj =   6.267778010e+00 inf =   4.149e-02 (14055) 1
*1542389: obj =   6.267671078e+00 inf =   4.189e-02 (14062) 2
*1542550: obj =   6.267560785e+00 inf =   4.227e-02 (13830) 2
*1542741: obj =   6.267526742e+00 inf =   4.220e-02 (14498) 1
*1542908: obj =   6.267526481e+00 inf =   4.152e-02 (14513) 2
*1543087: obj =   6.267514937e+00 inf =   4.020e-02 (14075) 2
*1543287: obj =   6.267505624e+00 inf =   4.149e-02 (13933) 2
*1543488: obj =   6.267470510e+00 inf =   4.224e-02 (13951) 2
*1543677: obj =   6.267412425e+00 inf =   4.181e-02 (14844) 1
*1543842: obj =   6.267328947e+00 inf =   4.137e-02 (13908) 2
*1544001: obj =   6.267291794e+00 inf =   4.138e-02 (150606) 2
*1544102: obj =   6.267275554e+00 inf =   4.111e-02 (150628) 1
*1544227: obj =   6.267224954e+00 inf =   4.118e-02 (13928) 1
*1544410: obj =   6.267081370e+00 inf =   4.058e-02 (150920) 2
*1544590: obj =   6.266969477e+00 inf =   4.025e-02 (13840) 1
*1544748: obj =   6.266882319e+00 inf =   4.026e-02 (150932) 2
*1544926: obj =   6.266778655e+00 inf =   4.002e-02 (150889) 2
*1545111: obj =   6.266739627e+00 inf =   3.998e-02 (13580) 1
*1545310: obj =   6.266568559e+00 inf =   3.997e-02 (13578) 2
*1545486: obj =   6.266548217e+00 inf =   4.012e-02 (150819) 2
*1545645: obj =   6.266536502e+00 inf =   3.994e-02 (150806) 2
*1545848: obj =   6.266436489e+00 inf =   3.954e-02 (13426) 1
*1546021: obj =   6.266362825e+00 inf =   3.954e-02 (150483) 2
*1546195: obj =   6.266302493e+00 inf =   3.952e-02 (13466) 2
*1546371: obj =   6.266206703e+00 inf =   3.966e-02 (13440) 2
*1546556: obj =   6.266078465e+00 inf =   3.920e-02 (13368) 1
*1546753: obj =   6.265940773e+00 inf =   3.991e-02 (14126) 2
*1546913: obj =   6.265913489e+00 inf =   3.989e-02 (13632) 2
*1547083: obj =   6.265893087e+00 inf =   3.906e-02 (13598) 2
*1547268: obj =   6.265867666e+00 inf =   3.908e-02 (13174) 1
*1547419: obj =   6.265750214e+00 inf =   3.887e-02 (13292) 2
*1547596: obj =   6.265610387e+00 inf =   3.885e-02 (150909) 2
*1547788: obj =   6.265537541e+00 inf =   3.825e-02 (150746) 1
*1547977: obj =   6.265515222e+00 inf =   3.802e-02 (13377) 2
*1548157: obj =   6.265476771e+00 inf =   3.722e-02 (13048) 2
*1548342: obj =   6.265331661e+00 inf =   3.691e-02 (151147) 2
*1548522: obj =   6.265222572e+00 inf =   3.681e-02 (13143) 2
*1548714: obj =   6.265101840e+00 inf =   3.656e-02 (150925) 1
*1548869: obj =   6.265074376e+00 inf =   3.634e-02 (13165) 2
*1549038: obj =   6.264981336e+00 inf =   3.642e-02 (13086) 2
*1549218: obj =   6.264882338e+00 inf =   3.642e-02 (13224) 1
*1549403: obj =   6.264829882e+00 inf =   3.673e-02 (151133) 2
*1549562: obj =   6.264793828e+00 inf =   3.646e-02 (13815) 2
*1549757: obj =   6.264765886e+00 inf =   3.617e-02 (150718) 1
*1549928: obj =   6.264686525e+00 inf =   3.595e-02 (12978) 2
*1550082: obj =   6.264612264e+00 inf =   3.613e-02 (150617) 2
*1550273: obj =   6.264553243e+00 inf =   3.569e-02 (150704) 2
*1550474: obj =   6.264398535e+00 inf =   3.560e-02 (12639) 1
*1550644: obj =   6.264373362e+00 inf =   3.584e-02 (150422) 2
*1550837: obj =   6.264254931e+00 inf =   3.616e-02 (13333) 2
*1551014: obj =   6.264205605e+00 inf =   3.630e-02 (12512) 2
*1551191: obj =   6.264186442e+00 inf =   3.631e-02 (150363) 1
*1551365: obj =   6.264080971e+00 inf =   3.619e-02 (12582) 2
*1551537: obj =   6.264004880e+00 inf =   3.581e-02 (12504) 2
*1551709: obj =   6.263981172e+00 inf =   3.581e-02 (150381) 2
*1551907: obj =   6.263886363e+00 inf =   3.615e-02 (13169) 1
*1552083: obj =   6.263846896e+00 inf =   3.641e-02 (12265) 2
*1552261: obj =   6.263786514e+00 inf =   3.668e-02 (13092) 2
*1552438: obj =   6.263705879e+00 inf =   3.678e-02 (12953) 2
*1552633: obj =   6.263654955e+00 inf =   3.698e-02 (12133) 2
*1552822: obj =   6.263583046e+00 inf =   3.694e-02 (11980) 1
*1553001: obj =   6.263529822e+00 inf =   3.690e-02 (12619) 2
*1553181: obj =   6.263466396e+00 inf =   3.655e-02 (11968) 2
*1553362: obj =   6.263367118e+00 inf =   3.658e-02 (12616) 2
*1553552: obj =   6.263345642e+00 inf =   3.600e-02 (12630) 1
*1553722: obj =   6.263331782e+00 inf =   3.560e-02 (12377) 2
*1553900: obj =   6.263271396e+00 inf =   3.539e-02 (12702) 2
*1554074: obj =   6.263196350e+00 inf =   3.513e-02 (12682) 2
*1554272: obj =   6.263069697e+00 inf =   3.474e-02 (11856) 2
*1554464: obj =   6.263043796e+00 inf =   3.484e-02 (12440) 1
*1554631: obj =   6.263024811e+00 inf =   3.446e-02 (11740) 2
*1554817: obj =   6.262995368e+00 inf =   3.488e-02 (12460) 2
*1554993: obj =   6.262956599e+00 inf =   3.500e-02 (12405) 2
*1555192: obj =   6.262898969e+00 inf =   3.447e-02 (12364) 2
*1555384: obj =   6.262819781e+00 inf =   3.425e-02 (11700) 1
*1555574: obj =   6.262805369e+00 inf =   3.418e-02 (12273) 2
*1555753: obj =   6.262776594e+00 inf =   3.354e-02 (11661) 2
*1555923: obj =   6.262724798e+00 inf =   3.318e-02 (11602) 2
*1556115: obj =   6.262680508e+00 inf =   3.350e-02 (11802) 2
*1556311: obj =   6.262617489e+00 inf =   3.283e-02 (12144) 1
*1556497: obj =   6.262563684e+00 inf =   3.284e-02 (11483) 2
*1556665: obj =   6.262538122e+00 inf =   3.296e-02 (11984) 2
*1556841: obj =   6.262484990e+00 inf =   3.296e-02 (11632) 2
*1557039: obj =   6.262413189e+00 inf =   3.249e-02 (11362) 2
*1557233: obj =   6.262353951e+00 inf =   3.237e-02 (11894) 1
*1557420: obj =   6.262314802e+00 inf =   3.260e-02 (11320) 2
*1557606: obj =   6.262244233e+00 inf =   3.229e-02 (11796) 2
*1557781: obj =   6.262193626e+00 inf =   3.226e-02 (11126) 2
*1557973: obj =   6.262136309e+00 inf =   3.190e-02 (11131) 2
*1558169: obj =   6.262077532e+00 inf =   3.180e-02 (11658) 2
*1558372: obj =   6.262021858e+00 inf =   3.185e-02 (10984) 2
*1558581: obj =   6.261984129e+00 inf =   3.228e-02 (11439) 2
*1558783: obj =   6.261946833e+00 inf =   3.196e-02 (11455) 2
*1558988: obj =   6.261911005e+00 inf =   3.218e-02 (10835) 2
*1559205: obj =   6.261872041e+00 inf =   3.216e-02 (10826) 1
*1559396: obj =   6.261832571e+00 inf =   3.186e-02 (10807) 2
*1559597: obj =   6.261735884e+00 inf =   3.124e-02 (11322) 2
*1559776: obj =   6.261690097e+00 inf =   3.113e-02 (11122) 2
*1559955: obj =   6.261647654e+00 inf =   3.117e-02 (10707) 2
*1560156: obj =   6.261602251e+00 inf =   3.111e-02 (11311) 2
*1560337: obj =   6.261526993e+00 inf =   3.102e-02 (11286) 2
*1560536: obj =   6.261501000e+00 inf =   3.133e-02 (10625) 1
*1560724: obj =   6.261444577e+00 inf =   3.133e-02 (11117) 2
*1560931: obj =   6.261406004e+00 inf =   3.145e-02 (10416) 2
*1561126: obj =   6.261370190e+00 inf =   3.149e-02 (10502) 2
*1561311: obj =   6.261317515e+00 inf =   3.167e-02 (10372) 2
*1561513: obj =   6.261252970e+00 inf =   3.203e-02 (10970) 2
*1561712: obj =   6.261206140e+00 inf =   3.254e-02 (10227) 2
*1561905: obj =   6.261157560e+00 inf =   3.309e-02 (10203) 2
*1562114: obj =   6.261108550e+00 inf =   3.400e-02 (10917) 2
*1562311: obj =   6.261064808e+00 inf =   3.446e-02 (10258) 2
*1562524: obj =   6.261058475e+00 inf =   3.436e-02 (10719) 2
*1562728: obj =   6.261015340e+00 inf =   3.464e-02 (10642) 2
*1562922: obj =   6.260975580e+00 inf =   3.513e-02 (10696) 2
*1563129: obj =   6.260933564e+00 inf =   3.535e-02 (10763) 2
*1563329: obj =   6.260873084e+00 inf =   3.573e-02 (10056) 1
*1563543: obj =   6.260836822e+00 inf =   3.639e-02 (9930) 3
*1563751: obj =   6.260788699e+00 inf =   3.655e-02 (9926) 2
*1563963: obj =   6.260740434e+00 inf =   3.682e-02 (9920) 2
*1564179: obj =   6.260705369e+00 inf =   3.738e-02 (9839) 2
*1564395: obj =   6.260655118e+00 inf =   3.768e-02 (9784) 2
*1564618: obj =   6.260627848e+00 inf =   3.823e-02 (9712) 2
*1564842: obj =   6.260610938e+00 inf =   3.772e-02 (9815) 2
*1565058: obj =   6.260559076e+00 inf =   3.787e-02 (9774) 2
*1565284: obj =   6.260530976e+00 inf =   3.813e-02 (9730) 2
*1565507: obj =   6.260492275e+00 inf =   3.837e-02 (9616) 2
*1565721: obj =   6.260457259e+00 inf =   3.837e-02 (9629) 2
*1565945: obj =   6.260436742e+00 inf =   3.839e-02 (10010) 3
*1566159: obj =   6.260397697e+00 inf =   3.837e-02 (9520) 2
*1566372: obj =   6.260342692e+00 inf =   3.778e-02 (9462) 2
*1566591: obj =   6.260303813e+00 inf =   3.776e-02 (9875) 2
*1566811: obj =   6.260286151e+00 inf =   3.779e-02 (9560) 2
*1567020: obj =   6.260250279e+00 inf =   3.736e-02 (9716) 2
*1567234: obj =   6.260223192e+00 inf =   3.737e-02 (9468) 2
*1567438: obj =   6.260173174e+00 inf =   3.764e-02 (9285) 2
*1567670: obj =   6.260155515e+00 inf =   3.653e-02 (9463) 2
*1567907: obj =   6.260130084e+00 inf =   3.566e-02 (9437) 2
*1568136: obj =   6.260091055e+00 inf =   3.464e-02 (150167) 2
*1568361: obj =   6.260078108e+00 inf =   3.298e-02 (9834) 2
*1568583: obj =   6.260032648e+00 inf =   3.221e-02 (9867) 2
*1568797: obj =   6.260000185e+00 inf =   3.136e-02 (9353) 2
*1569004: obj =   6.259965182e+00 inf =   3.028e-02 (10160) 2
*1569207: obj =   6.259906542e+00 inf =   2.982e-02 (9954) 2
*1569421: obj =   6.259828153e+00 inf =   2.928e-02 (10029) 2
*1569634: obj =   6.259789705e+00 inf =   2.799e-02 (10059) 2
*1569834: obj =   6.259704394e+00 inf =   2.746e-02 (9776) 2
*1570045: obj =   6.259636312e+00 inf =   2.704e-02 (9768) 2
*1570255: obj =   6.259584916e+00 inf =   2.667e-02 (9758) 2
*1570465: obj =   6.259548983e+00 inf =   2.574e-02 (10190) 2
*1570667: obj =   6.259522068e+00 inf =   2.593e-02 (10159) 2
*1570888: obj =   6.259478891e+00 inf =   2.551e-02 (9558) 1
*1571096: obj =   6.259452698e+00 inf =   2.492e-02 (10048) 2
*1571289: obj =   6.259381767e+00 inf =   2.470e-02 (9923) 2
*1571502: obj =   6.259306210e+00 inf =   2.433e-02 (9891) 2
*1571715: obj =   6.259241041e+00 inf =   2.391e-02 (9748) 2
*1571925: obj =   6.259183191e+00 inf =   2.323e-02 (10485) 2
*1572119: obj =   6.259138189e+00 inf =   2.272e-02 (9746) 2
*1572329: obj =   6.259080933e+00 inf =   2.210e-02 (9750) 2
*1572522: obj =   6.259040351e+00 inf =   2.212e-02 (10689) 2
*1572697: obj =   6.258991028e+00 inf =   2.213e-02 (9944) 2
*1572894: obj =   6.258927194e+00 inf =   2.202e-02 (9957) 1
*1573103: obj =   6.258848803e+00 inf =   2.131e-02 (9972) 2
*1573300: obj =   6.258790641e+00 inf =   2.091e-02 (10012) 2
*1573510: obj =   6.258734216e+00 inf =   2.055e-02 (10043) 2
*1573718: obj =   6.258675602e+00 inf =   2.030e-02 (10030) 2
*1573912: obj =   6.258609917e+00 inf =   2.004e-02 (10007) 2
*1574120: obj =   6.258522857e+00 inf =   1.994e-02 (9865) 2
*1574326: obj =   6.258452635e+00 inf =   1.998e-02 (9896) 2
*1574540: obj =   6.258399659e+00 inf =   1.973e-02 (9983) 2
*1574725: obj =   6.258342611e+00 inf =   1.962e-02 (10878) 2
*1574936: obj =   6.258302441e+00 inf =   1.929e-02 (10007) 2
*1575137: obj =   6.258245644e+00 inf =   1.911e-02 (9964) 1
*1575328: obj =   6.258191249e+00 inf =   1.897e-02 (9863) 2
*1575536: obj =   6.258112898e+00 inf =   1.892e-02 (10084) 2
*1575726: obj =   6.258049492e+00 inf =   1.861e-02 (9262) 2
*1575910: obj =   6.257990015e+00 inf =   1.842e-02 (9824) 2
*1576101: obj =   6.257973671e+00 inf =   1.871e-02 (10019) 2
*1576292: obj =   6.257876966e+00 inf =   1.846e-02 (9709) 2
*1576500: obj =   6.257792813e+00 inf =   1.839e-02 (9737) 2
*1576708: obj =   6.257724994e+00 inf =   1.821e-02 (9976) 2
*1576896: obj =   6.257685013e+00 inf =   1.818e-02 (9633) 1
*1577060: obj =   6.257617862e+00 inf =   1.834e-02 (9781) 2
*1577240: obj =   6.257611802e+00 inf =   1.875e-02 (9777) 2
*1577422: obj =   6.257533297e+00 inf =   1.869e-02 (9968) 2
*1577612: obj =   6.257508632e+00 inf =   1.871e-02 (9885) 1
*1577783: obj =   6.257475448e+00 inf =   1.866e-02 (9379) 2
*1577940: obj =   6.257426687e+00 inf =   1.870e-02 (9595) 2
*1578122: obj =   6.257377781e+00 inf =   1.872e-02 (9704) 1
*1578283: obj =   6.257339653e+00 inf =   1.863e-02 (9668) 2
*1578451: obj =   6.257269915e+00 inf =   1.866e-02 (9485) 2
*1578639: obj =   6.257247936e+00 inf =   1.853e-02 (9536) 1
*1578812: obj =   6.257194142e+00 inf =   1.858e-02 (9656) 2
*1578973: obj =   6.257155410e+00 inf =   1.883e-02 (9794) 2
*1579163: obj =   6.257087997e+00 inf =   1.959e-02 (9867) 1
*1579334: obj =   6.257034202e+00 inf =   2.002e-02 (9677) 2
*1579490: obj =   6.256990427e+00 inf =   2.037e-02 (9793) 2
*1579673: obj =   6.256952442e+00 inf =   2.077e-02 (9734) 1
*1579840: obj =   6.256932036e+00 inf =   2.106e-02 (9629) 2
*1580007: obj =   6.256931067e+00 inf =   2.122e-02 (9525) 2
*1580188: obj =   6.256888328e+00 inf =   2.096e-02 (9511) 2
*1580369: obj =   6.256816221e+00 inf =   2.134e-02 (9484) 1
*1580525: obj =   6.256760510e+00 inf =   2.199e-02 (9453) 2
*1580703: obj =   6.256744519e+00 inf =   2.245e-02 (9366) 2
*1580885: obj =   6.256719844e+00 inf =   2.241e-02 (9550) 1
*1581045: obj =   6.256676744e+00 inf =   2.254e-02 (9415) 2
*1581209: obj =   6.256653259e+00 inf =   2.269e-02 (9433) 2
*1581397: obj =   6.256619590e+00 inf =   2.282e-02 (9239) 1
*1581553: obj =   6.256575005e+00 inf =   2.307e-02 (9206) 2
*1581719: obj =   6.256550676e+00 inf =   2.324e-02 (9198) 2
*1581911: obj =   6.256515589e+00 inf =   2.373e-02 (9179) 1
*1582070: obj =   6.256485355e+00 inf =   2.434e-02 (9142) 2
*1582232: obj =   6.256462846e+00 inf =   2.445e-02 (9085) 2
*1582418: obj =   6.256428133e+00 inf =   2.493e-02 (9056) 1
*1582580: obj =   6.256384214e+00 inf =   2.566e-02 (9045) 2
*1582752: obj =   6.256355287e+00 inf =   2.616e-02 (8955) 2
*1582940: obj =   6.256350239e+00 inf =   2.582e-02 (9164) 2
*1583126: obj =   6.256335946e+00 inf =   2.548e-02 (9013) 1
*1583296: obj =   6.256306496e+00 inf =   2.531e-02 (8984) 2
*1583464: obj =   6.256277124e+00 inf =   2.540e-02 (8927) 2
*1583649: obj =   6.256238130e+00 inf =   2.554e-02 (9216) 1
*1583811: obj =   6.256224400e+00 inf =   2.527e-02 (9432) 2
*1583970: obj =   6.256199091e+00 inf =   2.530e-02 (8910) 2
*1584156: obj =   6.256169730e+00 inf =   2.509e-02 (8888) 1
*1584316: obj =   6.256138288e+00 inf =   2.533e-02 (8846) 2
*1584479: obj =   6.256108026e+00 inf =   2.531e-02 (8850) 2
*1584665: obj =   6.256077282e+00 inf =   2.519e-02 (8797) 1
*1584829: obj =   6.256050582e+00 inf =   2.530e-02 (8743) 2
*1584987: obj =   6.256024566e+00 inf =   2.507e-02 (8749) 2
*1585182: obj =   6.255957338e+00 inf =   2.559e-02 (8788) 2
*1585369: obj =   6.255908149e+00 inf =   2.601e-02 (8685) 1
*1585546: obj =   6.255895637e+00 inf =   2.573e-02 (8536) 2
*1585710: obj =   6.255881448e+00 inf =   2.545e-02 (8495) 2
*1585896: obj =   6.255850679e+00 inf =   2.540e-02 (8480) 1
*1586060: obj =   6.255822745e+00 inf =   2.565e-02 (8449) 2
*1586230: obj =   6.255814527e+00 inf =   2.535e-02 (8574) 2
*1586406: obj =   6.255767239e+00 inf =   2.581e-02 (8555) 2
*1586597: obj =   6.255742572e+00 inf =   2.622e-02 (8468) 1
*1586762: obj =   6.255727115e+00 inf =   2.628e-02 (8407) 2
*1586928: obj =   6.255718324e+00 inf =   2.644e-02 (8376) 2
*1587113: obj =   6.255688608e+00 inf =   2.632e-02 (8351) 2
*1587296: obj =   6.255662153e+00 inf =   2.676e-02 (8340) 1
*1587457: obj =   6.255634847e+00 inf =   2.720e-02 (8281) 2
*1587623: obj =   6.255602664e+00 inf =   2.787e-02 (8243) 2
*1587823: obj =   6.255589780e+00 inf =   2.768e-02 (8250) 2
*1588014: obj =   6.255562721e+00 inf =   2.799e-02 (9611) 1
*1588175: obj =   6.255522675e+00 inf =   2.853e-02 (8281) 2
*1588340: obj =   6.255494879e+00 inf =   2.887e-02 (8268) 2
*1588532: obj =   6.255473881e+00 inf =   2.924e-02 (8243) 2
*1588722: obj =   6.255446271e+00 inf =   2.969e-02 (8187) 1
*1588888: obj =   6.255421958e+00 inf =   3.016e-02 (8205) 2
*1589065: obj =   6.255400256e+00 inf =   3.018e-02 (8195) 2
*1589241: obj =   6.255375022e+00 inf =   3.082e-02 (8151) 2
*1589431: obj =   6.255360804e+00 inf =   3.077e-02 (8180) 1
*1589598: obj =   6.255344555e+00 inf =   3.043e-02 (8099) 2
*1589778: obj =   6.255322044e+00 inf =   3.021e-02 (8024) 2
*1589952: obj =   6.255301760e+00 inf =   2.996e-02 (7965) 2
*1590147: obj =   6.255282261e+00 inf =   2.985e-02 (8025) 1
*1590315: obj =   6.255262812e+00 inf =   2.981e-02 (8017) 2
*1590481: obj =   6.255238857e+00 inf =   3.003e-02 (7968) 2
*1590659: obj =   6.255213165e+00 inf =   3.013e-02 (7928) 2
*1590850: obj =   6.255184852e+00 inf =   3.052e-02 (7813) 1
*1591020: obj =   6.255168388e+00 inf =   3.044e-02 (7801) 2
*1591184: obj =   6.255145596e+00 inf =   3.078e-02 (7827) 2
*1591368: obj =   6.255129339e+00 inf =   3.121e-02 (7834) 2
*1591557: obj =   6.255089851e+00 inf =   3.184e-02 (7878) 1
*1591763: obj =   6.254895949e+00 inf =   3.177e-02 (20772) 2
*1591987: obj =   6.254297660e+00 inf =   3.159e-02 (20835) 3
*1592212: obj =   6.254012463e+00 inf =   3.057e-02 (20840) 2
*1592433: obj =   6.253421592e+00 inf =   2.914e-02 (20776) 2
*1592653: obj =   6.251545738e+00 inf =   2.889e-02 (20750) 2
*1592878: obj =   6.249255540e+00 inf =   2.804e-02 (20681) 2
*1593096: obj =   6.247419975e+00 inf =   2.751e-02 (20662) 3
*1593319: obj =   6.244876848e+00 inf =   2.707e-02 (20625) 2
*1593540: obj =   6.242944966e+00 inf =   2.693e-02 (20674) 2
*1593763: obj =   6.241497422e+00 inf =   2.635e-02 (20621) 2
*1593990: obj =   6.239042707e+00 inf =   2.615e-02 (20540) 2
*1594211: obj =   6.236938909e+00 inf =   2.617e-02 (20533) 3
*1594435: obj =   6.233726282e+00 inf =   2.617e-02 (20442) 2
*1594657: obj =   6.230570985e+00 inf =   2.646e-02 (20381) 2
*1594882: obj =   6.228356691e+00 inf =   2.649e-02 (20327) 2
*1595105: obj =   6.226477879e+00 inf =   2.650e-02 (20254) 2
*1595326: obj =   6.224545237e+00 inf =   2.702e-02 (20187) 3
*1595551: obj =   6.222663928e+00 inf =   2.738e-02 (20069) 2
*1595776: obj =   6.220719088e+00 inf =   2.738e-02 (20039) 2
*1596003: obj =   6.220048051e+00 inf =   2.705e-02 (20041) 2
*1596224: obj =   6.218018185e+00 inf =   2.736e-02 (19911) 3
*1596424: obj =   6.216431786e+00 inf =   2.805e-02 (19864) 2
*1596646: obj =   6.213476952e+00 inf =   2.855e-02 (19756) 2
*1596848: obj =   6.211991717e+00 inf =   2.895e-02 (19799) 2
*1597073: obj =   6.210678051e+00 inf =   2.934e-02 (19815) 2
*1597296: obj =   6.209036274e+00 inf =   3.018e-02 (19697) 2
*1597516: obj =   6.208846040e+00 inf =   3.014e-02 (19651) 2
*1597737: obj =   6.207159381e+00 inf =   3.069e-02 (19562) 3
*1597963: obj =   6.206131152e+00 inf =   3.143e-02 (19521) 2
*1598186: obj =   6.205083193e+00 inf =   3.139e-02 (19406) 2
*1598409: obj =   6.203720904e+00 inf =   3.126e-02 (19329) 2
*1598636: obj =   6.202201650e+00 inf =   3.183e-02 (19320) 2
*1598860: obj =   6.200807262e+00 inf =   3.217e-02 (19265) 3
*1599085: obj =   6.199773555e+00 inf =   3.235e-02 (19192) 2
*1599309: obj =   6.199098872e+00 inf =   3.238e-02 (19133) 2
*1599532: obj =   6.197953247e+00 inf =   3.295e-02 (19081) 2
*1599757: obj =   6.196478688e+00 inf =   3.334e-02 (18984) 2
*1599981: obj =   6.195419318e+00 inf =   3.376e-02 (18971) 3
*1600205: obj =   6.194267306e+00 inf =   3.410e-02 (18861) 2
*1600427: obj =   6.192952111e+00 inf =   3.419e-02 (18801) 2
*1600648: obj =   6.191788117e+00 inf =   3.498e-02 (18669) 2
*1600871: obj =   6.190265923e+00 inf =   3.546e-02 (18598) 3
*1601099: obj =   6.188886307e+00 inf =   3.625e-02 (18537) 2
*1601324: obj =   6.186993721e+00 inf =   3.819e-02 (18431) 2
*1601546: obj =   6.186107525e+00 inf =   3.950e-02 (18386) 2
*1601771: obj =   6.184836362e+00 inf =   4.093e-02 (18335) 2
*1601994: obj =   6.183441772e+00 inf =   4.313e-02 (18289) 3
*1602218: obj =   6.182697308e+00 inf =   4.435e-02 (18248) 2
*1602441: obj =   6.180819569e+00 inf =   4.784e-02 (18171) 2
*1602664: obj =   6.179686499e+00 inf =   5.045e-02 (18146) 2
*1602892: obj =   6.177892973e+00 inf =   5.546e-02 (18034) 3
*1603124: obj =   6.176049770e+00 inf =   6.152e-02 (17929) 2
*1603343: obj =   6.175039180e+00 inf =   6.541e-02 (17850) 2
*1603574: obj =   6.173338105e+00 inf =   7.213e-02 (17728) 2
*1603807: obj =   6.172215408e+00 inf =   7.733e-02 (17644) 3
*1604049: obj =   6.170615301e+00 inf =   8.556e-02 (17517) 2
*1604293: obj =   6.169656126e+00 inf =   9.090e-02 (17445) 2
*1604532: obj =   6.168383815e+00 inf =   9.811e-02 (17302) 3
*1604779: obj =   6.167214741e+00 inf =   1.054e-01 (17223) 2
*1605030: obj =   6.166524225e+00 inf =   1.091e-01 (17081) 3
*1605289: obj =   6.165641800e+00 inf =   1.139e-01 (16967) 2
*1605549: obj =   6.164505638e+00 inf =   1.208e-01 (16870) 3
*1605822: obj =   6.164392279e+00 inf =   1.205e-01 (16740) 2
*1606107: obj =   6.163944676e+00 inf =   1.223e-01 (16614) 3
*1606377: obj =   6.163941247e+00 inf =   1.208e-01 (16504) 3
*1606649: obj =   6.163671057e+00 inf =   1.205e-01 (16375) 3
*1606936: obj =   6.163428942e+00 inf =   1.196e-01 (16265) 3
*1607233: obj =   6.162898167e+00 inf =   1.201e-01 (16133) 2
*1607522: obj =   6.162487226e+00 inf =   1.208e-01 (15975) 3
*1607825: obj =   6.162215130e+00 inf =   1.204e-01 (15893) 3
*1608126: obj =   6.161976794e+00 inf =   1.200e-01 (15760) 3
*1608437: obj =   6.161809556e+00 inf =   1.188e-01 (15595) 3
*1608746: obj =   6.161556997e+00 inf =   1.175e-01 (15448) 3
*1609064: obj =   6.161400228e+00 inf =   1.161e-01 (15367) 4
*1609373: obj =   6.161233492e+00 inf =   1.150e-01 (15210) 3
*1609675: obj =   6.160990485e+00 inf =   1.131e-01 (15135) 3
*1609991: obj =   6.160777482e+00 inf =   1.120e-01 (15024) 3
*1610319: obj =   6.160491857e+00 inf =   1.103e-01 (15063) 3
*1610595: obj =   6.160021585e+00 inf =   1.101e-01 (15135) 3
*1610864: obj =   6.159250814e+00 inf =   1.109e-01 (15226) 2
*1611113: obj =   6.158569672e+00 inf =   1.125e-01 (15233) 3
*1611360: obj =   6.158099023e+00 inf =   1.132e-01 (15159) 2
*1611603: obj =   6.156998496e+00 inf =   1.163e-01 (15148) 2
*1611838: obj =   6.156907240e+00 inf =   1.160e-01 (15195) 3
*1612080: obj =   6.156072065e+00 inf =   1.177e-01 (15182) 2
*1612318: obj =   6.155026332e+00 inf =   1.213e-01 (15161) 3
*1612551: obj =   6.154225267e+00 inf =   1.240e-01 (15130) 2
*1612783: obj =   6.153079980e+00 inf =   1.280e-01 (15142) 2
*1613018: obj =   6.152332410e+00 inf =   1.307e-01 (15104) 2
*1613245: obj =   6.151315581e+00 inf =   1.343e-01 (15072) 3
*1613471: obj =   6.151309427e+00 inf =   1.321e-01 (15007) 2
*1613697: obj =   6.150408283e+00 inf =   1.350e-01 (14949) 2
*1613929: obj =   6.149404377e+00 inf =   1.388e-01 (14969) 2
*1614151: obj =   6.149390301e+00 inf =   1.364e-01 (14921) 3
*1614376: obj =   6.149055013e+00 inf =   1.357e-01 (14890) 2
*1614601: obj =   6.148248831e+00 inf =   1.377e-01 (14904) 2
*1614826: obj =   6.148215177e+00 inf =   1.346e-01 (14823) 2
*1615052: obj =   6.148212533e+00 inf =   1.310e-01 (14724) 2
*1615276: obj =   6.147140088e+00 inf =   1.332e-01 (14744) 3
*1615501: obj =   6.146657824e+00 inf =   1.348e-01 (14691) 2
*1615724: obj =   6.146146606e+00 inf =   1.358e-01 (14689) 2
*1615953: obj =   6.145488954e+00 inf =   1.370e-01 (14599) 2
*1616176: obj =   6.145198029e+00 inf =   1.367e-01 (14518) 3
*1616400: obj =   6.144702566e+00 inf =   1.365e-01 (14437) 2
*1616623: obj =   6.143949855e+00 inf =   1.391e-01 (14416) 2
*1616848: obj =   6.143312243e+00 inf =   1.405e-01 (14402) 2
*1617073: obj =   6.143012262e+00 inf =   1.395e-01 (14317) 2
*1617293: obj =   6.142537132e+00 inf =   1.391e-01 (14331) 3
*1617515: obj =   6.142333579e+00 inf =   1.369e-01 (14262) 2
*1617738: obj =   6.141671047e+00 inf =   1.384e-01 (14252) 2
*1617967: obj =   6.140820118e+00 inf =   1.412e-01 (14221) 2
*1618189: obj =   6.140600003e+00 inf =   1.387e-01 (14138) 2
*1618407: obj =   6.140529241e+00 inf =   1.340e-01 (14144) 3
*1618627: obj =   6.140207799e+00 inf =   1.323e-01 (14068) 2
*1618850: obj =   6.140066213e+00 inf =   1.294e-01 (14060) 2
*1619073: obj =   6.139903770e+00 inf =   1.253e-01 (13994) 2
*1619295: obj =   6.139479416e+00 inf =   1.241e-01 (13963) 2
*1619517: obj =   6.138873431e+00 inf =   1.253e-01 (13948) 2
*1619733: obj =   6.138492371e+00 inf =   1.252e-01 (13927) 3
*1619959: obj =   6.138078586e+00 inf =   1.242e-01 (13761) 2
*1620182: obj =   6.137876374e+00 inf =   1.214e-01 (13745) 2
*1620402: obj =   6.137633011e+00 inf =   1.194e-01 (13729) 2
*1620619: obj =   6.137633011e+00 inf =   1.145e-01 (13667) 2
*1620843: obj =   6.137228753e+00 inf =   1.122e-01 (13669) 3
*1621067: obj =   6.137022065e+00 inf =   1.112e-01 (13536) 2
*1621287: obj =   6.136860768e+00 inf =   1.070e-01 (13421) 2
*1621507: obj =   6.136601631e+00 inf =   1.063e-01 (13359) 2
*1621728: obj =   6.136130619e+00 inf =   1.055e-01 (13339) 2
*1621953: obj =   6.135853292e+00 inf =   1.049e-01 (13348) 2
*1622172: obj =   6.135411903e+00 inf =   1.048e-01 (13343) 3
*1622392: obj =   6.135145009e+00 inf =   1.036e-01 (13287) 2
*1622612: obj =   6.134664422e+00 inf =   1.034e-01 (13249) 2
*1622835: obj =   6.134315708e+00 inf =   1.035e-01 (13246) 2
*1623058: obj =   6.134072020e+00 inf =   1.025e-01 (13264) 2
*1623277: obj =   6.133625180e+00 inf =   1.024e-01 (13132) 3
*1623495: obj =   6.133623171e+00 inf =   1.003e-01 (13096) 2
*1623712: obj =   6.133534801e+00 inf =   9.616e-02 (12978) 2
*1623935: obj =   6.133455006e+00 inf =   9.184e-02 (12992) 2
*1624158: obj =   6.133134688e+00 inf =   9.142e-02 (12924) 2
*1624380: obj =   6.132781212e+00 inf =   9.057e-02 (12940) 2
*1624595: obj =   6.132460814e+00 inf =   9.015e-02 (12948) 3
*1624816: obj =   6.132311490e+00 inf =   8.960e-02 (12874) 2
*1625041: obj =   6.131891841e+00 inf =   8.936e-02 (12881) 2
*1625262: obj =   6.131636488e+00 inf =   8.942e-02 (12804) 2
*1625483: obj =   6.131207853e+00 inf =   8.923e-02 (12775) 2
*1625700: obj =   6.131086149e+00 inf =   8.925e-02 (12673) 2
*1625922: obj =   6.130745650e+00 inf =   8.902e-02 (12657) 3
*1626146: obj =   6.130405629e+00 inf =   8.955e-02 (12547) 2
*1626365: obj =   6.130340000e+00 inf =   8.863e-02 (12518) 2
*1626582: obj =   6.130339515e+00 inf =   8.379e-02 (12400) 2
*1626803: obj =   6.130267257e+00 inf =   7.857e-02 (12393) 2
*1627025: obj =   6.129993736e+00 inf =   7.784e-02 (12410) 3
*1627248: obj =   6.129799846e+00 inf =   7.712e-02 (12375) 2
*1627469: obj =   6.129642548e+00 inf =   7.680e-02 (12251) 2
*1627688: obj =   6.129445073e+00 inf =   7.616e-02 (12226) 2
*1627913: obj =   6.129236583e+00 inf =   7.561e-02 (12199) 2
*1628132: obj =   6.128994080e+00 inf =   7.484e-02 (12183) 3
*1628355: obj =   6.128573140e+00 inf =   7.400e-02 (12098) 2
*1628572: obj =   6.128555502e+00 inf =   7.335e-02 (12091) 2
*1628791: obj =   6.128514329e+00 inf =   6.994e-02 (12023) 2
*1629017: obj =   6.128249106e+00 inf =   6.905e-02 (12013) 2
*1629239: obj =   6.128056797e+00 inf =   6.869e-02 (11937) 2
*1629453: obj =   6.127971272e+00 inf =   6.730e-02 (11900) 3
*1629672: obj =   6.127805373e+00 inf =   6.376e-02 (11842) 2
*1629897: obj =   6.127583392e+00 inf =   6.285e-02 (11787) 2
*1630121: obj =   6.127387231e+00 inf =   6.213e-02 (11692) 2
*1630344: obj =   6.127079784e+00 inf =   6.150e-02 (11743) 2
*1630561: obj =   6.126929732e+00 inf =   6.163e-02 (11690) 3
*1630783: obj =   6.126751400e+00 inf =   6.046e-02 (11681) 2
*1631011: obj =   6.126536944e+00 inf =   6.066e-02 (11681) 2
*1631234: obj =   6.126279956e+00 inf =   6.055e-02 (11644) 2
*1631456: obj =   6.126011971e+00 inf =   6.046e-02 (11647) 2
*1631673: obj =   6.125792696e+00 inf =   6.083e-02 (11636) 3
*1631899: obj =   6.125562229e+00 inf =   6.142e-02 (11588) 2
*1632123: obj =   6.125358200e+00 inf =   6.164e-02 (11509) 2
*1632345: obj =   6.125128918e+00 inf =   6.157e-02 (11530) 2
*1632568: obj =   6.124783110e+00 inf =   6.225e-02 (11450) 2
*1632786: obj =   6.124680150e+00 inf =   6.237e-02 (11399) 3
*1633011: obj =   6.124554822e+00 inf =   6.240e-02 (11326) 2
*1633234: obj =   6.124328679e+00 inf =   6.270e-02 (11324) 2
*1633453: obj =   6.124286941e+00 inf =   6.210e-02 (11279) 2
*1633672: obj =   6.124188458e+00 inf =   6.085e-02 (11245) 2
*1633896: obj =   6.124069806e+00 inf =   6.053e-02 (11206) 3
*1634121: obj =   6.123838420e+00 inf =   6.030e-02 (11231) 2
*1634343: obj =   6.123666826e+00 inf =   6.018e-02 (11218) 2
*1634566: obj =   6.123260754e+00 inf =   6.059e-02 (11130) 2
*1634791: obj =   6.123058183e+00 inf =   6.107e-02 (11076) 2
*1635014: obj =   6.122844884e+00 inf =   6.190e-02 (11040) 3
*1635239: obj =   6.122629752e+00 inf =   6.290e-02 (11057) 2
*1635461: obj =   6.122458262e+00 inf =   6.384e-02 (11047) 2
*1635680: obj =   6.122457761e+00 inf =   6.334e-02 (10990) 2
*1635906: obj =   6.122430058e+00 inf =   6.192e-02 (10942) 2
*1636127: obj =   6.122223438e+00 inf =   6.168e-02 (10957) 3
*1636347: obj =   6.122212524e+00 inf =   5.976e-02 (10903) 2
*1636565: obj =   6.122212524e+00 inf =   5.610e-02 (10841) 2
*1636786: obj =   6.122067031e+00 inf =   5.099e-02 (10765) 2
*1637014: obj =   6.121806913e+00 inf =   5.054e-02 (10739) 2
*1637263: obj =   6.121606165e+00 inf =   5.040e-02 (10713) 3
*1637517: obj =   6.121340611e+00 inf =   5.032e-02 (10741) 2
*1637764: obj =   6.121081135e+00 inf =   4.995e-02 (10701) 3
*1638025: obj =   6.120929722e+00 inf =   4.924e-02 (10644) 2
*1638267: obj =   6.120657976e+00 inf =   4.849e-02 (10630) 3
*1638510: obj =   6.120400648e+00 inf =   4.807e-02 (10645) 2
*1638750: obj =   6.120130226e+00 inf =   4.788e-02 (10666) 3
*1639010: obj =   6.119804176e+00 inf =   4.768e-02 (10663) 2
*1639264: obj =   6.119427207e+00 inf =   4.778e-02 (10694) 3
*1639511: obj =   6.118893357e+00 inf =   4.811e-02 (10690) 2
*1639752: obj =   6.118734699e+00 inf =   4.838e-02 (10617) 2
*1639996: obj =   6.118381784e+00 inf =   4.826e-02 (10518) 3
*1640235: obj =   6.118026770e+00 inf =   4.842e-02 (10540) 2
*1640469: obj =   6.117558807e+00 inf =   4.913e-02 (10509) 3
*1640705: obj =   6.117352685e+00 inf =   4.989e-02 (10411) 2
*1640947: obj =   6.117003926e+00 inf =   5.060e-02 (10377) 2
*1641179: obj =   6.116739198e+00 inf =   5.132e-02 (10326) 3
*1641417: obj =   6.116527746e+00 inf =   5.202e-02 (10322) 2
*1641655: obj =   6.116161293e+00 inf =   5.288e-02 (10286) 2
*1641890: obj =   6.115923078e+00 inf =   5.327e-02 (10264) 3
*1642127: obj =   6.115733066e+00 inf =   5.383e-02 (10115) 2
*1642361: obj =   6.115592920e+00 inf =   5.333e-02 (10106) 2
*1642590: obj =   6.115415455e+00 inf =   5.398e-02 (10162) 3
*1642820: obj =   6.115413843e+00 inf =   5.303e-02 (10166) 2
*1643052: obj =   6.115148077e+00 inf =   5.282e-02 (10170) 2
*1643277: obj =   6.114843481e+00 inf =   5.325e-02 (10150) 2
*1643499: obj =   6.114622072e+00 inf =   5.335e-02 (10095) 2
*1643715: obj =   6.114425020e+00 inf =   5.356e-02 (10013) 3
*1643905: obj =   6.114096763e+00 inf =   5.381e-02 (9983) 2
*1644088: obj =   6.113823329e+00 inf =   5.425e-02 (9980) 1
*1644266: obj =   6.113528162e+00 inf =   5.462e-02 (9954) 2
*1644445: obj =   6.113115201e+00 inf =   5.548e-02 (9982) 2
*1644623: obj =   6.112892715e+00 inf =   5.601e-02 (9967) 2
*1644849: obj =   6.112573875e+00 inf =   5.645e-02 (9940) 2
*1645080: obj =   6.112196771e+00 inf =   5.772e-02 (9898) 2
*1645307: obj =   6.111979870e+00 inf =   5.842e-02 (9864) 2
*1645527: obj =   6.111800185e+00 inf =   5.889e-02 (9892) 3
*1645753: obj =   6.111477210e+00 inf =   5.933e-02 (9848) 2
*1645985: obj =   6.111213331e+00 inf =   5.976e-02 (9755) 2
*1646214: obj =   6.110856827e+00 inf =   6.077e-02 (9803) 2
*1646435: obj =   6.110710921e+00 inf =   6.126e-02 (9836) 3
*1646663: obj =   6.110369124e+00 inf =   6.228e-02 (9835) 2
*1646897: obj =   6.110135822e+00 inf =   6.337e-02 (9802) 2
*1647130: obj =   6.109765258e+00 inf =   6.526e-02 (9745) 2
*1647356: obj =   6.109508802e+00 inf =   6.673e-02 (9715) 3
*1647582: obj =   6.109455466e+00 inf =   6.698e-02 (9671) 2
*1647809: obj =   6.109361933e+00 inf =   6.632e-02 (9561) 2
*1648040: obj =   6.109117297e+00 inf =   6.689e-02 (9522) 2
*1648263: obj =   6.108874269e+00 inf =   6.818e-02 (9544) 3
*1648488: obj =   6.108626065e+00 inf =   6.959e-02 (9437) 2
*1648712: obj =   6.108491497e+00 inf =   7.032e-02 (9478) 2
*1648943: obj =   6.108397655e+00 inf =   7.027e-02 (9514) 2
*1649163: obj =   6.108385143e+00 inf =   6.955e-02 (9380) 3
*1649387: obj =   6.108180146e+00 inf =   6.919e-02 (9425) 2
*1649605: obj =   6.108145047e+00 inf =   6.780e-02 (9362) 2
*1649830: obj =   6.107876789e+00 inf =   6.751e-02 (9335) 2
*1650055: obj =   6.107798887e+00 inf =   6.687e-02 (9244) 2
*1650274: obj =   6.107642071e+00 inf =   6.636e-02 (9177) 3
*1650494: obj =   6.107638734e+00 inf =   6.448e-02 (9139) 2
*1650714: obj =   6.107576033e+00 inf =   6.315e-02 (9022) 2
*1650942: obj =   6.107380431e+00 inf =   6.235e-02 (9004) 2
*1651167: obj =   6.107210651e+00 inf =   6.191e-02 (9051) 2
*1651387: obj =   6.107042244e+00 inf =   6.158e-02 (9033) 3
*1651611: obj =   6.106832708e+00 inf =   6.108e-02 (9029) 2
*1651841: obj =   6.106666166e+00 inf =   6.081e-02 (9048) 2
*1652068: obj =   6.106650340e+00 inf =   6.103e-02 (9011) 2
*1652293: obj =   6.106468701e+00 inf =   6.048e-02 (8978) 2
*1652515: obj =   6.106242165e+00 inf =   6.015e-02 (8993) 3
*1652741: obj =   6.106076743e+00 inf =   6.059e-02 (8984) 2
*1652974: obj =   6.105799101e+00 inf =   6.090e-02 (8867) 2
*1653204: obj =   6.105707014e+00 inf =   6.104e-02 (8839) 3
*1653430: obj =   6.105530472e+00 inf =   6.160e-02 (8842) 2
*1653655: obj =   6.105395015e+00 inf =   6.158e-02 (8742) 2
*1653886: obj =   6.105197275e+00 inf =   6.184e-02 (8631) 2
*1654115: obj =   6.104971073e+00 inf =   6.226e-02 (8641) 3
*1654346: obj =   6.104831561e+00 inf =   6.246e-02 (8575) 2
*1654580: obj =   6.104504226e+00 inf =   6.351e-02 (8602) 2
*1654813: obj =   6.104228542e+00 inf =   6.497e-02 (8564) 2
*1655046: obj =   6.104131113e+00 inf =   6.565e-02 (8452) 3
*1655285: obj =   6.103900369e+00 inf =   6.724e-02 (8488) 2
*1655518: obj =   6.103858814e+00 inf =   6.773e-02 (8451) 2
*1655748: obj =   6.103708405e+00 inf =   6.816e-02 (8372) 3
*1655990: obj =   6.103626122e+00 inf =   6.845e-02 (8274) 2
*1656234: obj =   6.103429002e+00 inf =   6.966e-02 (8229) 2
*1656473: obj =   6.103277371e+00 inf =   7.068e-02 (8184) 3
*1656713: obj =   6.103089245e+00 inf =   7.219e-02 (8113) 2
*1656952: obj =   6.103030089e+00 inf =   7.268e-02 (8067) 3
*1657197: obj =   6.102898046e+00 inf =   7.347e-02 (8033) 2
*1657438: obj =   6.102727033e+00 inf =   7.510e-02 (8046) 2
*1657668: obj =   6.102724281e+00 inf =   7.478e-02 (7968) 3
*1657910: obj =   6.102723408e+00 inf =   7.415e-02 (7907) 2
*1658159: obj =   6.102612083e+00 inf =   7.395e-02 (7897) 3
*1658415: obj =   6.102437151e+00 inf =   7.420e-02 (7871) 2
*1658674: obj =   6.102315522e+00 inf =   7.462e-02 (7704) 3
*1658941: obj =   6.102214856e+00 inf =   7.507e-02 (7653) 2
*1659215: obj =   6.102094160e+00 inf =   7.349e-02 (7792) 3
*1659467: obj =   6.102011776e+00 inf =   7.260e-02 (7765) 2
*1659711: obj =   6.101800585e+00 inf =   7.260e-02 (7814) 3
*1659961: obj =   6.101680753e+00 inf =   7.247e-02 (7669) 2
*1660198: obj =   6.101468843e+00 inf =   7.291e-02 (7662) 3
*1660432: obj =   6.101350940e+00 inf =   7.247e-02 (7667) 2
*1660664: obj =   6.101101283e+00 inf =   7.336e-02 (7629) 2
*1660896: obj =   6.100891210e+00 inf =   7.424e-02 (7630) 3
*1661129: obj =   6.100648198e+00 inf =   7.488e-02 (7603) 2
*1661358: obj =   6.100647364e+00 inf =   7.380e-02 (7612) 2
*1661587: obj =   6.100557840e+00 inf =   7.254e-02 (7584) 2
*1661814: obj =   6.100342921e+00 inf =   7.282e-02 (7514) 3
*1662045: obj =   6.100229397e+00 inf =   7.304e-02 (7603) 2
*1662274: obj =   6.100128548e+00 inf =   7.260e-02 (7608) 2
*1662502: obj =   6.099994625e+00 inf =   7.275e-02 (7585) 2
*1662722: obj =   6.099931289e+00 inf =   7.086e-02 (7443) 3
*1662952: obj =   6.099823633e+00 inf =   6.969e-02 (7506) 2
*1663179: obj =   6.099750599e+00 inf =   6.874e-02 (7505) 2
*1663405: obj =   6.099623184e+00 inf =   6.840e-02 (7495) 2
*1663628: obj =   6.099573453e+00 inf =   6.723e-02 (7523) 2
*1663848: obj =   6.099540279e+00 inf =   6.440e-02 (7448) 3
*1664077: obj =   6.099413717e+00 inf =   6.394e-02 (7382) 2
*1664301: obj =   6.099380704e+00 inf =   6.254e-02 (7420) 2
*1664522: obj =   6.099365296e+00 inf =   5.954e-02 (7356) 2
*1664743: obj =   6.099320032e+00 inf =   5.713e-02 (7404) 2
*1664967: obj =   6.099276709e+00 inf =   5.464e-02 (7332) 3
*1665197: obj =   6.099128537e+00 inf =   5.394e-02 (7268) 2
*1665425: obj =   6.099027132e+00 inf =   5.374e-02 (7239) 2
*1665651: obj =   6.098947781e+00 inf =   5.383e-02 (7148) 2
*1665877: obj =   6.098870834e+00 inf =   5.376e-02 (7128) 3
*1666109: obj =   6.098768101e+00 inf =   5.400e-02 (7109) 2
*1666335: obj =   6.098751591e+00 inf =   5.359e-02 (7065) 2
*1666564: obj =   6.098644470e+00 inf =   5.379e-02 (6989) 2
*1666787: obj =   6.098585468e+00 inf =   5.358e-02 (6983) 3
*1667017: obj =   6.098521228e+00 inf =   5.301e-02 (6981) 2
*1667244: obj =   6.098463725e+00 inf =   5.241e-02 (7064) 2
*1667471: obj =   6.098383539e+00 inf =   5.255e-02 (7033) 2
*1667692: obj =   6.098316071e+00 inf =   5.235e-02 (6985) 3
*1667921: obj =   6.098282001e+00 inf =   5.192e-02 (6961) 2
*1668154: obj =   6.098181130e+00 inf =   5.165e-02 (6930) 2
*1668382: obj =   6.098123903e+00 inf =   5.198e-02 (6912) 2
*1668611: obj =   6.098037644e+00 inf =   5.203e-02 (6790) 3
*1668840: obj =   6.098000587e+00 inf =   5.180e-02 (6814) 2
*1669073: obj =   6.097918154e+00 inf =   5.187e-02 (6892) 2
*1669298: obj =   6.097808822e+00 inf =   5.217e-02 (6859) 3
*1669524: obj =   6.097770770e+00 inf =   5.249e-02 (6782) 2
*1669750: obj =   6.097706955e+00 inf =   5.252e-02 (6665) 2
*1669982: obj =   6.097640731e+00 inf =   5.246e-02 (6698) 2
*1670206: obj =   6.097577094e+00 inf =   5.305e-02 (6748) 3
*1670433: obj =   6.097506518e+00 inf =   5.351e-02 (6683) 2
*1670658: obj =   6.097452698e+00 inf =   5.398e-02 (6648) 2
*1670890: obj =   6.097388941e+00 inf =   5.397e-02 (6725) 2
*1671119: obj =   6.097311030e+00 inf =   5.419e-02 (6789) 3
*1671346: obj =   6.097197921e+00 inf =   5.497e-02 (6717) 2
*1671572: obj =   6.097154555e+00 inf =   5.529e-02 (6691) 2
*1671799: obj =   6.097088141e+00 inf =   5.544e-02 (6618) 2
*1672030: obj =   6.096998699e+00 inf =   5.618e-02 (6765) 3
*1672264: obj =   6.096938719e+00 inf =   5.686e-02 (6717) 2
*1672502: obj =   6.096859927e+00 inf =   5.719e-02 (6655) 2
*1672732: obj =   6.096808517e+00 inf =   5.772e-02 (6539) 2
*1672960: obj =   6.096750803e+00 inf =   5.815e-02 (6466) 3
*1673189: obj =   6.096718711e+00 inf =   5.815e-02 (6624) 2
*1673415: obj =   6.096680653e+00 inf =   5.675e-02 (6600) 2
*1673638: obj =   6.096638930e+00 inf =   5.634e-02 (6637) 2
*1673861: obj =   6.096590005e+00 inf =   5.635e-02 (6513) 3
*1674095: obj =   6.096508318e+00 inf =   5.691e-02 (6523) 2
*1674326: obj =   6.096450590e+00 inf =   5.726e-02 (6508) 2
*1674556: obj =   6.096384203e+00 inf =   5.780e-02 (6504) 2
*1674783: obj =   6.096342770e+00 inf =   5.808e-02 (6498) 3
*1675018: obj =   6.096279341e+00 inf =   5.806e-02 (6550) 2
*1675246: obj =   6.096194621e+00 inf =   5.829e-02 (6548) 2
*1675470: obj =   6.096111111e+00 inf =   5.915e-02 (6518) 3
*1675695: obj =   6.096083218e+00 inf =   5.905e-02 (6495) 2
*1675933: obj =   6.095883584e+00 inf =   5.931e-02 (6542) 2
*1676166: obj =   6.095819568e+00 inf =   5.984e-02 (6615) 2
*1676390: obj =   6.095756351e+00 inf =   5.980e-02 (6571) 3
*1676625: obj =   6.095686553e+00 inf =   5.997e-02 (6506) 2
*1676866: obj =   6.095605637e+00 inf =   6.001e-02 (6414) 2
*1677110: obj =   6.095582439e+00 inf =   5.973e-02 (6396) 3
*1677352: obj =   6.095506901e+00 inf =   5.971e-02 (6499) 2
*1677587: obj =   6.095471875e+00 inf =   5.968e-02 (6474) 2
*1677821: obj =   6.095426796e+00 inf =   5.976e-02 (6388) 3
*1678055: obj =   6.095379896e+00 inf =   5.951e-02 (6395) 2
*1678282: obj =   6.095315372e+00 inf =   5.929e-02 (6376) 2
*1678506: obj =   6.095266591e+00 inf =   5.948e-02 (6403) 3
*1678744: obj =   6.095158084e+00 inf =   5.999e-02 (6330) 2
*1678986: obj =   6.095105889e+00 inf =   6.028e-02 (6284) 2
*1679212: obj =   6.095037201e+00 inf =   6.026e-02 (6305) 3
*1679439: obj =   6.095030213e+00 inf =   5.922e-02 (6274) 2
*1679662: obj =   6.095030213e+00 inf =   5.568e-02 (6237) 2
*1679904: obj =   6.094982882e+00 inf =   5.481e-02 (6204) 2
*1680145: obj =   6.094910664e+00 inf =   5.496e-02 (6301) 3
*1680384: obj =   6.094889923e+00 inf =   5.471e-02 (6176) 2
*1680615: obj =   6.094853266e+00 inf =   5.417e-02 (6181) 2
*1680862: obj =   6.094796287e+00 inf =   5.346e-02 (6129) 3
*1681102: obj =   6.094723236e+00 inf =   5.365e-02 (6171) 2
*1681333: obj =   6.094654786e+00 inf =   5.385e-02 (6151) 3
*1681571: obj =   6.094575388e+00 inf =   5.450e-02 (6153) 2
*1681808: obj =   6.094489761e+00 inf =   5.540e-02 (6134) 2
*1682041: obj =   6.094452883e+00 inf =   5.550e-02 (6096) 3
*1682275: obj =   6.094373104e+00 inf =   5.643e-02 (6153) 2
*1682510: obj =   6.094341060e+00 inf =   5.619e-02 (6046) 2
*1682732: obj =   6.094331584e+00 inf =   5.478e-02 (6052) 2
*1682958: obj =   6.094278099e+00 inf =   5.446e-02 (6120) 3
*1683191: obj =   6.094206221e+00 inf =   5.448e-02 (6138) 2
*1683418: obj =   6.094172347e+00 inf =   5.419e-02 (6118) 2
*1683646: obj =   6.094112548e+00 inf =   5.422e-02 (5968) 2
*1683890: obj =   6.094102561e+00 inf =   5.356e-02 (5919) 3
*1684135: obj =   6.094014906e+00 inf =   5.301e-02 (5898) 2
*1684371: obj =   6.093987736e+00 inf =   5.309e-02 (5801) 3
*1684618: obj =   6.093987124e+00 inf =   4.968e-02 (5859) 2
*1684873: obj =   6.093945732e+00 inf =   4.582e-02 (5849) 3
*1685128: obj =   6.093878185e+00 inf =   4.570e-02 (5928) 2
*1685369: obj =   6.093829830e+00 inf =   4.552e-02 (5920) 2
*1685555: obj =   6.093773708e+00 inf =   4.578e-02 (5891) 2
*1685707: obj =   6.093766833e+00 inf =   4.586e-02 (5838) 2
*1685866: obj =   6.093718935e+00 inf =   4.572e-02 (5871) 1
*1686085: obj =   6.093640962e+00 inf =   4.596e-02 (5910) 2
*1686313: obj =   6.093569194e+00 inf =   4.648e-02 (5871) 3
*1686547: obj =   6.093512721e+00 inf =   4.697e-02 (5823) 2
*1686785: obj =   6.093470433e+00 inf =   4.675e-02 (5731) 2
*1687037: obj =   6.093412119e+00 inf =   4.713e-02 (5774) 3
*1687285: obj =   6.093367920e+00 inf =   4.697e-02 (5772) 2
*1687519: obj =   6.093284446e+00 inf =   4.733e-02 (5698) 3
*1687761: obj =   6.093269275e+00 inf =   4.730e-02 (5629) 2
*1688008: obj =   6.093225155e+00 inf =   4.736e-02 (5741) 3
*1688241: obj =   6.093160648e+00 inf =   4.794e-02 (5788) 2
*1688476: obj =   6.093112077e+00 inf =   4.762e-02 (5737) 2
*1688712: obj =   6.093073999e+00 inf =   4.809e-02 (5710) 2
*1688961: obj =   6.092988328e+00 inf =   4.776e-02 (5843) 3
*1689198: obj =   6.092918704e+00 inf =   4.794e-02 (5795) 2
*1689423: obj =   6.092875752e+00 inf =   4.835e-02 (5772) 3
*1689650: obj =   6.092834299e+00 inf =   4.827e-02 (5749) 2
*1689880: obj =   6.092792541e+00 inf =   4.859e-02 (5750) 2
*1690108: obj =   6.092768652e+00 inf =   4.858e-02 (5740) 2
*1690331: obj =   6.092757146e+00 inf =   4.788e-02 (5632) 3
*1690561: obj =   6.092651375e+00 inf =   4.743e-02 (5635) 2
*1690782: obj =   5.572043579e+00 inf =   4.732e-02 (22344) 2
*1691020: obj =   5.571845530e+00 inf =   4.730e-02 (22404) 2
*1691250: obj =   5.571462108e+00 inf =   4.764e-02 (22378) 3
*1691484: obj =   5.571021092e+00 inf =   4.793e-02 (22376) 2
*1691717: obj =   5.570521006e+00 inf =   4.833e-02 (22368) 2
*1691951: obj =   5.570177882e+00 inf =   4.894e-02 (22309) 3
*1692189: obj =   5.569783203e+00 inf =   4.954e-02 (22278) 2
*1692423: obj =   5.569605834e+00 inf =   4.973e-02 (22231) 2
*1692658: obj =   5.568973170e+00 inf =   4.948e-02 (22199) 3
*1692894: obj =   5.568604185e+00 inf =   4.987e-02 (22145) 2
*1693129: obj =   5.568282950e+00 inf =   5.023e-02 (22135) 2
*1693358: obj =   5.568055058e+00 inf =   5.013e-02 (22078) 2
*1693584: obj =   5.567636305e+00 inf =   5.041e-02 (22013) 3
*1693814: obj =   5.567180293e+00 inf =   5.101e-02 (21944) 2
*1694048: obj =   5.566780356e+00 inf =   5.111e-02 (21895) 2
*1694274: obj =   5.566219421e+00 inf =   5.168e-02 (21853) 3
*1694500: obj =   5.565873267e+00 inf =   5.237e-02 (21756) 2
*1694720: obj =   5.565872279e+00 inf =   5.225e-02 (21669) 2
*1694948: obj =   5.565413308e+00 inf =   5.177e-02 (21641) 2
*1695175: obj =   5.564826868e+00 inf =   5.255e-02 (21647) 2
*1695395: obj =   5.564404611e+00 inf =   5.322e-02 (21534) 3
*1695615: obj =   5.564402172e+00 inf =   5.314e-02 (21452) 2
*1695836: obj =   5.564219795e+00 inf =   5.301e-02 (21415) 2
*1696063: obj =   5.563721423e+00 inf =   5.319e-02 (21353) 2
*1696288: obj =   5.563203083e+00 inf =   5.384e-02 (21309) 2
*1696506: obj =   5.562639389e+00 inf =   5.505e-02 (21221) 3
*1696726: obj =   5.562340452e+00 inf =   5.547e-02 (21129) 2
*1696953: obj =   5.561854405e+00 inf =   5.653e-02 (21083) 2
*1697177: obj =   5.561488456e+00 inf =   5.737e-02 (21011) 2
*1697397: obj =   5.561214625e+00 inf =   5.765e-02 (20990) 2
*1697612: obj =   5.560921149e+00 inf =   5.829e-02 (20917) 3
*1697834: obj =   5.560357269e+00 inf =   5.990e-02 (20888) 2
*1698059: obj =   5.559955627e+00 inf =   6.122e-02 (20813) 2
*1698281: obj =   5.559811269e+00 inf =   6.197e-02 (20743) 2
*1698502: obj =   5.559349282e+00 inf =   6.335e-02 (20620) 2
*1698717: obj =   5.559349282e+00 inf =   6.255e-02 (20519) 2
*1698933: obj =   5.559349282e+00 inf =   6.128e-02 (20429) 3
*1699157: obj =   5.558851931e+00 inf =   6.147e-02 (20382) 2
*1699376: obj =   5.558443965e+00 inf =   6.246e-02 (20300) 2
*1699593: obj =   5.558204059e+00 inf =   6.285e-02 (20217) 2
*1699811: obj =   5.557759322e+00 inf =   6.402e-02 (20123) 2
*1700031: obj =   5.557486305e+00 inf =   6.482e-02 (20068) 3
*1700247: obj =   5.557483810e+00 inf =   6.341e-02 (19979) 2
*1700465: obj =   5.557128200e+00 inf =   6.221e-02 (19869) 2
*1700684: obj =   5.556696680e+00 inf =   6.335e-02 (19776) 2
*1700906: obj =   5.556290534e+00 inf =   6.426e-02 (19739) 2
*1701128: obj =   5.555986300e+00 inf =   6.482e-02 (19694) 2
*1701344: obj =   5.555601399e+00 inf =   6.570e-02 (19599) 3
*1701562: obj =   5.555225763e+00 inf =   6.693e-02 (19537) 2
*1701779: obj =   5.554787019e+00 inf =   6.831e-02 (19504) 2
*1702001: obj =   5.554634517e+00 inf =   6.858e-02 (19480) 2
*1702222: obj =   5.554318174e+00 inf =   6.921e-02 (19368) 2
*1702441: obj =   5.553957750e+00 inf =   7.059e-02 (19321) 2
*1702657: obj =   5.553497269e+00 inf =   7.220e-02 (19259) 3
*1702877: obj =   5.553128868e+00 inf =   7.373e-02 (19169) 2
*1703095: obj =   5.553126655e+00 inf =   7.316e-02 (19075) 2
*1703311: obj =   5.552977879e+00 inf =   7.336e-02 (19061) 2
*1703527: obj =   5.552722119e+00 inf =   7.348e-02 (18989) 2
*1703740: obj =   5.552721082e+00 inf =   6.764e-02 (18828) 2
*1703960: obj =   5.552516692e+00 inf =   6.505e-02 (18797) 2
*1704175: obj =   5.552301353e+00 inf =   6.540e-02 (18703) 3
*1704393: obj =   5.551985996e+00 inf =   6.574e-02 (18582) 2
*1704612: obj =   5.551610037e+00 inf =   6.655e-02 (18518) 2
*1704830: obj =   5.551248986e+00 inf =   6.729e-02 (18428) 2
*1705052: obj =   5.550880530e+00 inf =   6.805e-02 (18357) 2
*1705272: obj =   5.550405907e+00 inf =   6.927e-02 (18249) 2
*1705485: obj =   5.550255638e+00 inf =   6.943e-02 (18174) 3
*1705702: obj =   5.549955347e+00 inf =   7.014e-02 (18149) 2
*1705890: obj =   5.549955347e+00 inf =   6.805e-02 (18053) 2
*1706108: obj =   5.549955347e+00 inf =   6.215e-02 (17862) 2
*1706323: obj =   5.549954302e+00 inf =   5.559e-02 (17721) 2
*1706533: obj =   5.549711825e+00 inf =   5.410e-02 (17639) 2
*1706749: obj =   5.549599522e+00 inf =   5.290e-02 (17510) 2
*1706969: obj =   5.549534380e+00 inf =   4.811e-02 (17452) 2
*1707189: obj =   5.549245829e+00 inf =   4.763e-02 (17454) 2
*1707407: obj =   5.548799114e+00 inf =   4.682e-02 (17307) 3
*1707622: obj =   5.548695237e+00 inf =   4.680e-02 (17224) 2
*1707841: obj =   5.548465668e+00 inf =   4.578e-02 (17179) 2
*1708048: obj =   5.548185074e+00 inf =   4.562e-02 (17161) 2
*1708229: obj =   5.548142607e+00 inf =   4.529e-02 (17479) 2
*1708388: obj =   5.548029846e+00 inf =   4.566e-02 (17213) 1
*1708573: obj =   5.547918068e+00 inf =   4.547e-02 (17739) 2
*1708755: obj =   5.547744028e+00 inf =   4.486e-02 (17085) 2
*1708945: obj =   5.547561236e+00 inf =   4.446e-02 (17701) 1
*1709127: obj =   5.547388817e+00 inf =   4.431e-02 (18146) 2
*1709302: obj =   5.547108467e+00 inf =   4.371e-02 (151257) 2
*1709480: obj =   5.546962082e+00 inf =   4.328e-02 (16982) 2
*1709676: obj =   5.546745314e+00 inf =   4.336e-02 (151506) 2
*1709871: obj =   5.546506973e+00 inf =   4.336e-02 (16941) 1
*1710060: obj =   5.546334207e+00 inf =   4.327e-02 (16999) 2
*1710260: obj =   5.546157269e+00 inf =   4.312e-02 (16819) 2
*1710454: obj =   5.545980408e+00 inf =   4.345e-02 (151766) 2
*1710654: obj =   5.545838190e+00 inf =   4.333e-02 (16671) 2
*1710850: obj =   5.545649653e+00 inf =   4.381e-02 (151891) 2
*1711052: obj =   5.545349412e+00 inf =   4.336e-02 (151780) 2
*1711248: obj =   5.545241287e+00 inf =   4.385e-02 (16388) 2
*1711445: obj =   5.544969694e+00 inf =   4.359e-02 (151896) 2
*1711639: obj =   5.544700583e+00 inf =   4.403e-02 (152018) 2
*1711840: obj =   5.544494898e+00 inf =   4.401e-02 (16584) 2
*1712049: obj =   5.544369733e+00 inf =   4.391e-02 (16380) 2
*1712254: obj =   5.544199373e+00 inf =   4.423e-02 (152235) 2
*1712467: obj =   5.544071170e+00 inf =   4.404e-02 (16201) 2
*1712680: obj =   5.543715795e+00 inf =   4.398e-02 (16175) 2
*1712880: obj =   5.543525635e+00 inf =   4.413e-02 (152205) 2
*1713087: obj =   5.543446557e+00 inf =   4.401e-02 (16311) 2
*1713297: obj =   5.543152531e+00 inf =   4.302e-02 (16187) 2
*1713509: obj =   5.542907308e+00 inf =   4.342e-02 (152313) 2
*1713719: obj =   5.542768432e+00 inf =   4.373e-02 (16051) 2
*1713936: obj =   5.542569924e+00 inf =   4.365e-02 (151779) 2
*1714155: obj =   5.542359064e+00 inf =   4.301e-02 (15991) 2
*1714370: obj =   5.542209013e+00 inf =   4.357e-02 (15993) 2
*1714577: obj =   5.541999439e+00 inf =   4.291e-02 (15890) 2
*1714782: obj =   5.541869904e+00 inf =   4.305e-02 (152606) 2
*1714994: obj =   5.541594237e+00 inf =   4.190e-02 (15905) 2
*1715204: obj =   5.541390548e+00 inf =   4.167e-02 (15877) 2
*1715425: obj =   5.540988062e+00 inf =   4.133e-02 (15831) 2
*1715644: obj =   5.540758225e+00 inf =   4.163e-02 (15767) 2
*1715832: obj =   5.540745284e+00 inf =   4.194e-02 (151772) 2
*1716032: obj =   5.540663284e+00 inf =   4.080e-02 (15626) 1
*1716234: obj =   5.540553811e+00 inf =   4.137e-02 (15519) 2
*1716437: obj =   5.540331932e+00 inf =   4.122e-02 (152290) 2
*1716618: obj =   5.540149630e+00 inf =   4.051e-02 (15449) 2
*1716824: obj =   5.539878119e+00 inf =   4.075e-02 (15470) 2
*1717016: obj =   5.539871821e+00 inf =   4.058e-02 (15531) 2
*1717225: obj =   5.539567642e+00 inf =   4.074e-02 (15508) 2
*1717421: obj =   5.539458591e+00 inf =   4.064e-02 (151992) 2
*1717623: obj =   5.539345414e+00 inf =   4.092e-02 (15456) 2
*1717824: obj =   5.539275890e+00 inf =   4.132e-02 (15457) 2
*1718029: obj =   5.539097115e+00 inf =   4.066e-02 (15320) 2
*1718243: obj =   5.538775051e+00 inf =   4.060e-02 (15270) 2
*1718443: obj =   5.538616517e+00 inf =   4.072e-02 (15282) 2
*1718652: obj =   5.538535771e+00 inf =   4.101e-02 (15283) 2
*1718863: obj =   5.538413184e+00 inf =   4.131e-02 (15175) 2
*1719069: obj =   5.538226827e+00 inf =   4.122e-02 (152179) 2
*1719283: obj =   5.538006032e+00 inf =   4.145e-02 (152097) 2
*1719492: obj =   5.537959310e+00 inf =   4.175e-02 (15031) 2
*1719709: obj =   5.537686476e+00 inf =   4.138e-02 (14965) 2
*1719909: obj =   5.537607248e+00 inf =   4.147e-02 (15182) 2
*1720124: obj =   5.537431520e+00 inf =   4.152e-02 (15160) 2
*1720321: obj =   5.537354423e+00 inf =   4.135e-02 (14789) 2
*1720527: obj =   5.537022740e+00 inf =   4.108e-02 (152194) 2
*1720727: obj =   5.536900416e+00 inf =   4.113e-02 (14594) 1
*1720937: obj =   5.536786995e+00 inf =   4.124e-02 (14555) 2
*1721139: obj =   5.536612918e+00 inf =   4.145e-02 (14532) 2
*1721346: obj =   5.536454667e+00 inf =   4.159e-02 (14500) 2
*1721559: obj =   5.536294135e+00 inf =   4.222e-02 (14494) 2
*1721770: obj =   5.536075411e+00 inf =   4.257e-02 (152398) 2
*1721974: obj =   5.535965649e+00 inf =   4.268e-02 (14342) 2
*1722192: obj =   5.535835995e+00 inf =   4.284e-02 (14332) 3
*1722409: obj =   5.535662621e+00 inf =   4.318e-02 (152395) 2
*1722635: obj =   5.535602316e+00 inf =   4.307e-02 (14221) 2
*1722841: obj =   5.535374810e+00 inf =   4.289e-02 (14183) 2
*1723060: obj =   5.535275961e+00 inf =   4.314e-02 (14120) 2
*1723289: obj =   5.535185042e+00 inf =   4.343e-02 (14059) 2
*1723511: obj =   5.535044652e+00 inf =   4.303e-02 (14021) 2
*1723728: obj =   5.534822274e+00 inf =   4.323e-02 (13944) 2
*1723953: obj =   5.534710349e+00 inf =   4.349e-02 (152125) 2
*1724173: obj =   5.534589784e+00 inf =   4.370e-02 (13776) 2
*1724391: obj =   5.534429276e+00 inf =   4.414e-02 (13672) 3
*1724613: obj =   5.534338193e+00 inf =   4.454e-02 (13571) 2
*1724848: obj =   5.534244411e+00 inf =   4.469e-02 (13542) 2
*1725060: obj =   5.534191092e+00 inf =   4.428e-02 (13579) 2
*1725298: obj =   5.534045415e+00 inf =   4.458e-02 (13525) 2
*1725522: obj =   5.533946117e+00 inf =   4.463e-02 (13265) 2
*1725750: obj =   5.533870274e+00 inf =   4.542e-02 (13170) 3
*1725979: obj =   5.533789281e+00 inf =   4.580e-02 (13059) 2
*1726200: obj =   5.533650626e+00 inf =   4.585e-02 (13013) 2
*1726419: obj =   5.533517097e+00 inf =   4.609e-02 (12921) 2
*1726625: obj =   5.533400278e+00 inf =   4.644e-02 (151742) 2
*1726850: obj =   5.533303533e+00 inf =   4.687e-02 (12799) 2
*1727076: obj =   5.533197102e+00 inf =   4.729e-02 (151936) 2
*1727294: obj =   5.533072978e+00 inf =   4.796e-02 (12773) 2
*1727522: obj =   5.533044476e+00 inf =   4.831e-02 (12704) 3
*1727746: obj =   5.532991362e+00 inf =   4.832e-02 (12594) 2
*1727959: obj =   5.532897129e+00 inf =   4.858e-02 (12507) 2
*1728201: obj =   5.532880013e+00 inf =   4.860e-02 (12477) 2
*1728433: obj =   5.532809194e+00 inf =   4.877e-02 (12435) 2
*1728650: obj =   5.532693441e+00 inf =   4.895e-02 (12340) 3
*1728859: obj =   5.532578051e+00 inf =   4.886e-02 (150606) 2
*1729075: obj =   5.532494220e+00 inf =   4.851e-02 (150814) 2
*1729290: obj =   5.532425158e+00 inf =   4.898e-02 (12166) 2
*1729511: obj =   5.532343356e+00 inf =   4.915e-02 (150858) 2
*1729720: obj =   5.532254962e+00 inf =   4.952e-02 (12124) 2
*1729945: obj =   5.532180832e+00 inf =   5.006e-02 (12786) 2
*1730169: obj =   5.532104524e+00 inf =   5.054e-02 (11981) 2
*1730395: obj =   5.532060424e+00 inf =   5.040e-02 (12737) 2
*1730618: obj =   5.532012242e+00 inf =   5.069e-02 (11849) 2
*1730845: obj =   5.531977696e+00 inf =   5.066e-02 (12518) 3
*1731069: obj =   5.531921073e+00 inf =   5.073e-02 (11743) 2
*1731242: obj =   5.531868267e+00 inf =   5.095e-02 (12591) 1
*1731382: obj =   5.531814329e+00 inf =   5.113e-02 (11658) 2
*1731594: obj =   5.531746085e+00 inf =   5.129e-02 (12232) 2
*1731818: obj =   5.531691133e+00 inf =   5.141e-02 (11551) 2
*1732049: obj =   5.531652980e+00 inf =   5.157e-02 (11547) 2
*1732274: obj =   5.531601052e+00 inf =   5.170e-02 (11486) 2
*1732496: obj =   5.531549440e+00 inf =   5.166e-02 (11420) 3
*1732703: obj =   5.531532483e+00 inf =   5.083e-02 (150960) 2
*1732903: obj =   5.531458669e+00 inf =   5.005e-02 (11398) 1
*1733095: obj =   5.531409799e+00 inf =   4.946e-02 (11379) 2
*1733293: obj =   5.531341873e+00 inf =   4.917e-02 (151143) 2
*1733493: obj =   5.531243833e+00 inf =   4.928e-02 (11886) 2
*1733680: obj =   5.531215964e+00 inf =   4.903e-02 (151072) 2
*1733870: obj =   5.531143747e+00 inf =   4.908e-02 (150898) 2
*1734073: obj =   5.531101056e+00 inf =   4.869e-02 (12447) 2
*1734272: obj =   5.531009057e+00 inf =   4.897e-02 (150750) 2
*1734478: obj =   5.530957853e+00 inf =   4.879e-02 (150513) 1
*1734690: obj =   5.530931040e+00 inf =   4.760e-02 (150492) 2
*1734893: obj =   5.530878546e+00 inf =   4.710e-02 (12238) 2
*1735091: obj =   5.530842485e+00 inf =   4.659e-02 (12082) 2
*1735306: obj =   5.530794230e+00 inf =   4.599e-02 (12052) 2
*1735520: obj =   5.530635369e+00 inf =   4.609e-02 (12051) 2
*1735696: obj =   5.530606385e+00 inf =   4.613e-02 (12107) 2
*1735913: obj =   5.530471122e+00 inf =   4.639e-02 (12123) 2
*1736123: obj =   5.530407643e+00 inf =   4.652e-02 (12484) 2
*1736316: obj =   5.530381276e+00 inf =   4.626e-02 (11877) 2
*1736536: obj =   5.530325420e+00 inf =   4.530e-02 (11851) 2
*1736751: obj =   5.530191514e+00 inf =   4.535e-02 (11883) 2
*1736967: obj =   5.530039819e+00 inf =   4.599e-02 (12777) 2
*1737180: obj =   5.530003886e+00 inf =   4.539e-02 (11625) 1
*1737382: obj =   5.529999091e+00 inf =   4.379e-02 (11599) 2
*1737582: obj =   5.529984944e+00 inf =   4.226e-02 (11577) 2
*1737783: obj =   5.529929508e+00 inf =   4.123e-02 (11554) 2
*1737995: obj =   5.529928646e+00 inf =   3.942e-02 (11509) 2
*1738208: obj =   5.529785486e+00 inf =   3.891e-02 (11488) 2
*1738421: obj =   5.529703112e+00 inf =   3.884e-02 (11448) 2
*1738622: obj =   5.529635268e+00 inf =   3.869e-02 (12671) 1
*1738816: obj =   5.529606063e+00 inf =   3.847e-02 (11662) 2
*1739026: obj =   5.529574248e+00 inf =   3.743e-02 (11608) 2
*1739217: obj =   5.529498660e+00 inf =   3.697e-02 (11677) 2
*1739389: obj =   5.529403391e+00 inf =   3.671e-02 (12569) 2
*1739598: obj =   5.529336898e+00 inf =   3.643e-02 (11644) 2
*1739808: obj =   5.529235048e+00 inf =   3.540e-02 (11692) 2
*1740028: obj =   5.529234048e+00 inf =   3.361e-02 (11733) 2
*1740230: obj =   5.529186086e+00 inf =   3.323e-02 (12453) 1
*1740423: obj =   5.529098474e+00 inf =   3.280e-02 (11649) 2
*1740635: obj =   5.528940908e+00 inf =   3.218e-02 (11659) 2
*1740848: obj =   5.528819787e+00 inf =   3.154e-02 (11600) 2
*1741062: obj =   5.528692493e+00 inf =   3.145e-02 (11545) 2
*1741273: obj =   5.528615603e+00 inf =   3.136e-02 (11501) 2
*1741482: obj =   5.528615523e+00 inf =   2.943e-02 (11471) 2
*1741655: obj =   5.528601298e+00 inf =   2.909e-02 (12280) 2
*1741846: obj =   5.528524200e+00 inf =   2.845e-02 (11543) 2
*1742040: obj =   5.528466688e+00 inf =   2.815e-02 (11417) 2
*1742250: obj =   5.528364683e+00 inf =   2.769e-02 (11407) 2
*1742448: obj =   5.528302680e+00 inf =   2.768e-02 (12135) 1
*1742620: obj =   5.528235638e+00 inf =   2.815e-02 (11479) 2
*1742825: obj =   5.528173033e+00 inf =   2.758e-02 (11510) 2
*1743024: obj =   5.528094029e+00 inf =   2.708e-02 (12248) 2
*1743232: obj =   5.527993335e+00 inf =   2.691e-02 (11502) 2
*1743406: obj =   5.527920592e+00 inf =   2.737e-02 (12118) 2
*1743614: obj =   5.527863009e+00 inf =   2.716e-02 (11480) 2
*1743828: obj =   5.527748367e+00 inf =   2.663e-02 (11401) 1
*1743964: obj =   5.527700660e+00 inf =   2.653e-02 (11922) 2
*1744170: obj =   5.527602037e+00 inf =   2.635e-02 (11273) 2
*1744339: obj =   5.527595934e+00 inf =   2.602e-02 (11379) 1
*1744504: obj =   5.527521176e+00 inf =   2.565e-02 (11350) 2
*1744703: obj =   5.527412784e+00 inf =   2.574e-02 (12069) 2
*1744908: obj =   5.527252804e+00 inf =   2.596e-02 (11289) 2
*1745101: obj =   5.527192359e+00 inf =   2.602e-02 (11304) 2
*1745286: obj =   5.527097440e+00 inf =   2.660e-02 (11342) 1
*1745446: obj =   5.527029945e+00 inf =   2.697e-02 (11555) 2
*1745622: obj =   5.527001741e+00 inf =   2.707e-02 (11298) 2
*1745803: obj =   5.526889925e+00 inf =   2.760e-02 (11321) 1
*1745973: obj =   5.526824470e+00 inf =   2.783e-02 (11444) 2
*1746138: obj =   5.526824216e+00 inf =   2.759e-02 (11476) 2
*1746319: obj =   5.526747273e+00 inf =   2.794e-02 (11647) 1
*1746505: obj =   5.526637078e+00 inf =   2.848e-02 (11338) 2
*1746679: obj =   5.526583908e+00 inf =   2.897e-02 (11496) 2
*1746862: obj =   5.526559686e+00 inf =   2.889e-02 (11447) 1
*1747020: obj =   5.526521946e+00 inf =   2.846e-02 (11545) 2
*1747199: obj =   5.526469146e+00 inf =   2.821e-02 (11326) 2
*1747378: obj =   5.526468679e+00 inf =   2.760e-02 (11385) 2
*1747577: obj =   5.526392242e+00 inf =   2.719e-02 (11556) 1
*1747750: obj =   5.526330053e+00 inf =   2.710e-02 (10975) 2
*1747918: obj =   5.526280210e+00 inf =   2.708e-02 (11512) 2
*1748096: obj =   5.526219180e+00 inf =   2.695e-02 (11491) 2
*1748283: obj =   5.526139594e+00 inf =   2.699e-02 (11475) 1
*1748458: obj =   5.526080477e+00 inf =   2.713e-02 (11375) 2
*1748613: obj =   5.526017047e+00 inf =   2.741e-02 (11296) 2
*1748809: obj =   5.525931658e+00 inf =   2.769e-02 (11315) 1
*1748982: obj =   5.525912745e+00 inf =   2.777e-02 (11117) 2
*1749133: obj =   5.525847182e+00 inf =   2.772e-02 (11189) 2
*1749313: obj =   5.525784104e+00 inf =   2.787e-02 (11181) 1
*1749470: obj =   5.525727533e+00 inf =   2.815e-02 (11167) 2
*1749634: obj =   5.525665230e+00 inf =   2.836e-02 (11135) 2
*1749831: obj =   5.525589422e+00 inf =   2.887e-02 (11016) 1
*1750004: obj =   5.525544444e+00 inf =   2.896e-02 (10934) 2
*1750155: obj =   5.525473949e+00 inf =   2.977e-02 (11001) 2
*1750345: obj =   5.525395841e+00 inf =   3.028e-02 (11199) 1
*1750495: obj =   5.525349488e+00 inf =   3.091e-02 (10817) 2
*1750671: obj =   5.525347858e+00 inf =   3.048e-02 (10870) 2
*1750861: obj =   5.525266693e+00 inf =   3.079e-02 (10969) 1
*1751013: obj =   5.525235075e+00 inf =   3.084e-02 (10832) 2
*1751182: obj =   5.525205925e+00 inf =   3.085e-02 (10694) 2
*1751365: obj =   5.525174948e+00 inf =   3.073e-02 (10728) 1
*1751534: obj =   5.525125265e+00 inf =   3.104e-02 (10631) 2
*1751705: obj =   5.525085601e+00 inf =   3.151e-02 (10595) 2
*1751885: obj =   5.525044636e+00 inf =   3.181e-02 (10629) 1
*1752038: obj =   5.525020692e+00 inf =   3.193e-02 (10439) 2
*1752205: obj =   5.525017350e+00 inf =   3.127e-02 (10425) 2
*1752392: obj =   5.525008786e+00 inf =   3.051e-02 (10504) 1
*1752547: obj =   5.524975219e+00 inf =   3.035e-02 (10543) 2
*1752718: obj =   5.524920526e+00 inf =   3.003e-02 (10493) 2
*1752893: obj =   5.524877095e+00 inf =   3.021e-02 (10466) 1
*1753048: obj =   5.524842859e+00 inf =   3.044e-02 (10378) 2
*1753224: obj =   5.524812230e+00 inf =   3.035e-02 (10314) 2
*1753410: obj =   5.524784859e+00 inf =   3.030e-02 (10288) 1
*1753561: obj =   5.524738354e+00 inf =   3.036e-02 (10294) 2
*1753729: obj =   5.524690066e+00 inf =   3.044e-02 (10319) 2
*1753907: obj =   5.524649345e+00 inf =   3.044e-02 (149844) 1
*1754081: obj =   5.524624065e+00 inf =   3.064e-02 (10184) 2
*1754236: obj =   5.524578064e+00 inf =   3.052e-02 (10239) 2
*1754416: obj =   5.524540930e+00 inf =   3.083e-02 (10097) 1
*1754579: obj =   5.524479912e+00 inf =   3.092e-02 (10024) 2
*1754742: obj =   5.524475645e+00 inf =   3.068e-02 (10013) 2
*1754926: obj =   5.524455322e+00 inf =   2.980e-02 (9671) 1
*1755103: obj =   5.524448314e+00 inf =   2.897e-02 (10025) 2
*1755266: obj =   5.524442896e+00 inf =   2.815e-02 (10354) 2
*1755445: obj =   5.524390125e+00 inf =   2.802e-02 (149792) 1
*1755612: obj =   5.524356418e+00 inf =   2.793e-02 (150155) 2
*1755769: obj =   5.524318901e+00 inf =   2.764e-02 (10040) 2
*1755956: obj =   5.524280811e+00 inf =   2.775e-02 (9962) 1
*1756119: obj =   5.524249148e+00 inf =   2.750e-02 (10044) 2
*1756276: obj =   5.524210640e+00 inf =   2.738e-02 (9941) 2
*1756458: obj =   5.524159612e+00 inf =   2.707e-02 (10086) 1
*1756614: obj =   5.524124880e+00 inf =   2.723e-02 (9994) 2
*1756775: obj =   5.524078043e+00 inf =   2.722e-02 (9980) 2
*1756978: obj =   5.524047591e+00 inf =   2.766e-02 (9734) 2
*1757179: obj =   5.524037406e+00 inf =   2.716e-02 (10103) 1
*1757382: obj =   5.524008803e+00 inf =   2.657e-02 (10156) 2
*1757585: obj =   5.523968951e+00 inf =   2.552e-02 (10145) 2
*1757775: obj =   5.523945122e+00 inf =   2.542e-02 (10446) 2
*1757965: obj =   5.523923749e+00 inf =   2.498e-02 (10380) 2
*1758155: obj =   5.523908191e+00 inf =   2.472e-02 (10127) 2
*1758345: obj =   5.523879561e+00 inf =   2.420e-02 (10729) 2
*1758552: obj =   5.523823925e+00 inf =   2.378e-02 (10321) 2
*1758747: obj =   5.523788796e+00 inf =   2.345e-02 (10631) 1
*1758933: obj =   5.523752186e+00 inf =   2.324e-02 (10386) 2
*1759121: obj =   5.523728152e+00 inf =   2.324e-02 (10443) 2
*1759308: obj =   5.523688240e+00 inf =   2.296e-02 (9949) 2
*1759496: obj =   5.523649066e+00 inf =   2.278e-02 (10616) 2
*1759679: obj =   5.523583762e+00 inf =   2.246e-02 (9996) 1
*1759850: obj =   5.523570535e+00 inf =   2.253e-02 (9996) 2
*1760014: obj =   5.523536253e+00 inf =   2.213e-02 (9606) 2
*1760192: obj =   5.523473621e+00 inf =   2.196e-02 (149924) 2
*1760379: obj =   5.523446040e+00 inf =   2.186e-02 (9632) 1
*1760538: obj =   5.523411024e+00 inf =   2.191e-02 (9631) 2
*1760702: obj =   5.523390980e+00 inf =   2.187e-02 (9620) 2
*1760883: obj =   5.523351999e+00 inf =   2.175e-02 (9540) 1
*1761045: obj =   5.523318384e+00 inf =   2.166e-02 (9415) 2
*1761208: obj =   5.523282258e+00 inf =   2.162e-02 (9400) 2
*1761390: obj =   5.523237496e+00 inf =   2.174e-02 (9310) 1
*1761564: obj =   5.523200385e+00 inf =   2.199e-02 (9301) 2
*1761722: obj =   5.523162357e+00 inf =   2.214e-02 (9304) 2
*1761917: obj =   5.523131462e+00 inf =   2.273e-02 (9179) 1
*1762077: obj =   5.523101583e+00 inf =   2.287e-02 (9274) 2
*1762238: obj =   5.523076395e+00 inf =   2.320e-02 (9251) 2
*1762427: obj =   5.523019803e+00 inf =   2.355e-02 (9254) 2
*1762611: obj =   5.522988983e+00 inf =   2.413e-02 (9214) 1
*1762770: obj =   5.522953618e+00 inf =   2.464e-02 (9120) 2
*1762932: obj =   5.522935129e+00 inf =   2.479e-02 (9076) 2
*1763120: obj =   5.522911885e+00 inf =   2.519e-02 (9019) 1
*1763286: obj =   5.522911794e+00 inf =   2.493e-02 (9806) 2
*1763441: obj =   5.522879516e+00 inf =   2.456e-02 (9519) 2
*1763629: obj =   5.522842837e+00 inf =   2.446e-02 (9397) 1
*1763787: obj =   5.522794502e+00 inf =   2.471e-02 (9329) 2
*1763956: obj =   5.522792388e+00 inf =   2.444e-02 (9294) 2
*1764141: obj =   5.522752703e+00 inf =   2.430e-02 (10387) 1
*1764302: obj =   5.522728651e+00 inf =   2.437e-02 (9169) 2
*1764461: obj =   5.522691926e+00 inf =   2.468e-02 (9087) 2
*1764648: obj =   5.522682809e+00 inf =   2.442e-02 (9076) 1
*1764814: obj =   5.522679058e+00 inf =   2.396e-02 (9083) 2
*1764984: obj =   5.522638205e+00 inf =   2.371e-02 (8932) 2
*1765160: obj =   5.522605307e+00 inf =   2.369e-02 (8925) 2
*1765355: obj =   5.522599228e+00 inf =   2.387e-02 (8836) 1
*1765491: obj =   5.522574624e+00 inf =   2.385e-02 (8780) 2
*1765603: obj =   5.522563964e+00 inf =   2.399e-02 (8846) 1
*1765719: obj =   5.522534655e+00 inf =   2.420e-02 (8803) 1
*1765888: obj =   5.522513808e+00 inf =   2.432e-02 (8634) 2
*1766072: obj =   5.522493678e+00 inf =   2.429e-02 (8568) 2
*1766253: obj =   5.522466365e+00 inf =   2.455e-02 (8501) 1
*1766416: obj =   5.522440902e+00 inf =   2.468e-02 (8535) 2
*1766579: obj =   5.522420171e+00 inf =   2.461e-02 (8501) 2
*1766767: obj =   5.522402618e+00 inf =   2.462e-02 (8536) 1
*1766931: obj =   5.522373945e+00 inf =   2.502e-02 (8438) 2
*1767094: obj =   5.522348251e+00 inf =   2.507e-02 (8560) 2
*1767285: obj =   5.522340942e+00 inf =   2.521e-02 (8584) 1
*1767448: obj =   5.522340849e+00 inf =   2.481e-02 (8546) 2
*1767611: obj =   5.522316997e+00 inf =   2.435e-02 (8389) 2
*1767791: obj =   5.522286837e+00 inf =   2.434e-02 (8354) 2
*1767981: obj =   5.522249520e+00 inf =   2.457e-02 (8413) 1
*1768146: obj =   5.522226369e+00 inf =   2.513e-02 (8465) 2
*1768310: obj =   5.522208184e+00 inf =   2.544e-02 (8328) 2
*1768498: obj =   5.522172579e+00 inf =   2.661e-02 (8283) 2
*1768685: obj =   5.522153811e+00 inf =   2.718e-02 (8330) 1
*1768851: obj =   5.522128095e+00 inf =   2.830e-02 (20656) 2
*1769077: obj =   5.521912307e+00 inf =   2.811e-02 (20650) 2
*1769303: obj =   5.521355772e+00 inf =   2.808e-02 (20640) 2
*1769529: obj =   5.520876304e+00 inf =   2.790e-02 (20563) 2
*1769754: obj =   5.520547359e+00 inf =   2.711e-02 (20525) 2
*1769981: obj =   5.519354176e+00 inf =   2.661e-02 (20441) 2
*1770204: obj =   5.518815755e+00 inf =   2.646e-02 (20374) 3
*1770429: obj =   5.518095126e+00 inf =   2.559e-02 (20146) 2
*1770654: obj =   5.517057505e+00 inf =   2.518e-02 (20075) 2
*1770879: obj =   5.515578312e+00 inf =   2.521e-02 (20014) 2
*1771108: obj =   5.514966442e+00 inf =   2.503e-02 (20075) 2
*1771334: obj =   5.513881286e+00 inf =   2.495e-02 (19996) 2
*1771552: obj =   5.513382902e+00 inf =   2.466e-02 (19881) 3
*1771773: obj =   5.511808012e+00 inf =   2.487e-02 (19784) 2
*1772000: obj =   5.510949190e+00 inf =   2.414e-02 (19778) 2
*1772226: obj =   5.510096163e+00 inf =   2.442e-02 (19757) 2
*1772452: obj =   5.509280130e+00 inf =   2.460e-02 (19644) 2
*1772676: obj =   5.508439309e+00 inf =   2.500e-02 (19530) 2
*1772897: obj =   5.507684283e+00 inf =   2.467e-02 (19425) 3
*1773125: obj =   5.506948049e+00 inf =   2.446e-02 (19402) 2
*1773352: obj =   5.505579594e+00 inf =   2.470e-02 (19354) 2
*1773576: obj =   5.504728464e+00 inf =   2.467e-02 (19327) 2
*1773798: obj =   5.503876777e+00 inf =   2.500e-02 (19290) 2
*1774023: obj =   5.503173530e+00 inf =   2.527e-02 (19184) 2
*1774243: obj =   5.502746430e+00 inf =   2.578e-02 (19097) 3
*1774466: obj =   5.502250248e+00 inf =   2.588e-02 (19039) 2
*1774687: obj =   5.501656339e+00 inf =   2.594e-02 (18974) 2
*1774908: obj =   5.501030124e+00 inf =   2.607e-02 (18839) 2
*1775135: obj =   5.500440444e+00 inf =   2.579e-02 (18827) 2
*1775359: obj =   5.499927065e+00 inf =   2.624e-02 (18704) 3
*1775590: obj =   5.498985586e+00 inf =   2.664e-02 (18533) 2
*1775819: obj =   5.498571802e+00 inf =   2.707e-02 (18400) 2
*1776050: obj =   5.498175206e+00 inf =   2.725e-02 (18347) 2
*1776278: obj =   5.497493799e+00 inf =   2.834e-02 (18285) 2
*1776502: obj =   5.496887771e+00 inf =   2.932e-02 (18195) 3
*1776730: obj =   5.496228236e+00 inf =   3.046e-02 (18087) 2
*1776958: obj =   5.495733235e+00 inf =   3.192e-02 (17980) 2
*1777183: obj =   5.495583989e+00 inf =   3.244e-02 (17802) 2
*1777407: obj =   5.495376625e+00 inf =   3.254e-02 (17708) 2
*1777628: obj =   5.495013826e+00 inf =   3.281e-02 (17657) 3
*1777847: obj =   5.494893538e+00 inf =   3.263e-02 (17510) 2
*1778071: obj =   5.494586393e+00 inf =   3.275e-02 (17498) 2
*1778293: obj =   5.494475978e+00 inf =   3.276e-02 (17408) 2
*1778515: obj =   5.494125363e+00 inf =   3.261e-02 (17293) 2
*1778737: obj =   5.493768402e+00 inf =   3.221e-02 (17260) 2
*1778956: obj =   5.493262912e+00 inf =   3.222e-02 (17086) 3
*1779182: obj =   5.492712185e+00 inf =   3.290e-02 (17065) 2
*1779407: obj =   5.492322953e+00 inf =   3.350e-02 (16976) 2
*1779632: obj =   5.491702250e+00 inf =   3.496e-02 (16835) 2
*1779857: obj =   5.491224853e+00 inf =   3.693e-02 (16726) 2
*1780082: obj =   5.490662378e+00 inf =   3.924e-02 (16660) 3
*1780311: obj =   5.489990721e+00 inf =   4.281e-02 (16627) 2
*1780539: obj =   5.489663070e+00 inf =   4.510e-02 (16583) 2
*1780768: obj =   5.489532615e+00 inf =   4.558e-02 (16472) 2
*1780997: obj =   5.489097527e+00 inf =   4.804e-02 (16451) 3
*1781238: obj =   5.488578447e+00 inf =   5.163e-02 (16351) 2
*1781488: obj =   5.488083421e+00 inf =   5.591e-02 (16162) 2
*1781728: obj =   5.487697081e+00 inf =   5.961e-02 (16080) 3
*1781980: obj =   5.487347379e+00 inf =   6.268e-02 (16013) 2
*1782226: obj =   5.486922028e+00 inf =   6.710e-02 (15900) 3
*1782463: obj =   5.486827053e+00 inf =   6.757e-02 (15807) 2
*1782703: obj =   5.486400062e+00 inf =   7.134e-02 (15686) 2
*1782944: obj =   5.485930146e+00 inf =   7.659e-02 (15582) 3
*1783197: obj =   5.485528116e+00 inf =   8.191e-02 (15492) 2
*1783446: obj =   5.485431415e+00 inf =   8.320e-02 (15403) 3
*1783704: obj =   5.485070593e+00 inf =   8.800e-02 (15324) 2
*1783970: obj =   5.484856052e+00 inf =   9.085e-02 (15220) 3
*1784261: obj =   5.484745903e+00 inf =   9.054e-02 (14987) 2
*1784544: obj =   5.484635098e+00 inf =   8.933e-02 (14798) 3
*1784823: obj =   5.484346381e+00 inf =   9.099e-02 (14680) 3
*1785105: obj =   5.484271816e+00 inf =   9.066e-02 (14563) 3
*1785374: obj =   5.484025919e+00 inf =   9.156e-02 (14526) 2
*1785637: obj =   5.483807973e+00 inf =   9.294e-02 (14386) 3
*1785902: obj =   5.483590965e+00 inf =   9.466e-02 (14256) 2
*1786179: obj =   5.483547051e+00 inf =   9.481e-02 (14130) 3
*1786446: obj =   5.483416207e+00 inf =   9.408e-02 (13997) 3
*1786745: obj =   5.483330772e+00 inf =   9.399e-02 (14009) 3
*1787047: obj =   5.483204689e+00 inf =   9.289e-02 (14024) 3
*1787317: obj =   5.483017698e+00 inf =   9.247e-02 (14192) 2
*1787563: obj =   5.482861557e+00 inf =   9.183e-02 (14243) 3
*1787809: obj =   5.482389723e+00 inf =   9.282e-02 (14261) 2
*1788055: obj =   5.482000874e+00 inf =   9.501e-02 (14214) 3
*1788297: obj =   5.481603125e+00 inf =   9.774e-02 (14214) 2
*1788534: obj =   5.481157895e+00 inf =   1.015e-01 (14159) 2
*1788765: obj =   5.480946361e+00 inf =   1.025e-01 (14145) 2
*1788992: obj =   5.480657307e+00 inf =   1.045e-01 (14135) 3
*1789224: obj =   5.480540621e+00 inf =   1.046e-01 (14040) 2
*1789455: obj =   5.480384367e+00 inf =   1.051e-01 (13974) 2
*1789682: obj =   5.480110773e+00 inf =   1.062e-01 (13919) 2
*1789904: obj =   5.479803386e+00 inf =   1.080e-01 (13894) 3
*1790134: obj =   5.479577943e+00 inf =   1.091e-01 (13872) 2
*1790361: obj =   5.479385703e+00 inf =   1.096e-01 (13837) 2
*1790585: obj =   5.479261784e+00 inf =   1.088e-01 (13756) 2
*1790808: obj =   5.479050137e+00 inf =   1.100e-01 (13709) 2
*1791033: obj =   5.478889273e+00 inf =   1.098e-01 (13647) 3
*1791260: obj =   5.478620453e+00 inf =   1.120e-01 (13593) 2
*1791487: obj =   5.478319207e+00 inf =   1.151e-01 (13600) 2
*1791710: obj =   5.478259195e+00 inf =   1.130e-01 (13558) 2
*1791934: obj =   5.478063185e+00 inf =   1.134e-01 (13446) 2
*1792160: obj =   5.477827551e+00 inf =   1.150e-01 (13402) 2
*1792379: obj =   5.477773479e+00 inf =   1.125e-01 (13297) 3
*1792602: obj =   5.477770884e+00 inf =   1.088e-01 (13145) 2
*1792824: obj =   5.477633200e+00 inf =   1.075e-01 (13067) 2
*1793048: obj =   5.477541083e+00 inf =   1.061e-01 (12975) 2
*1793273: obj =   5.477473308e+00 inf =   1.037e-01 (12853) 2
*1793496: obj =   5.477426120e+00 inf =   1.011e-01 (12869) 2
*1793714: obj =   5.477239052e+00 inf =   1.005e-01 (12858) 3
*1793938: obj =   5.477056148e+00 inf =   1.008e-01 (12859) 2
*1794164: obj =   5.476864866e+00 inf =   1.012e-01 (12825) 2
*1794388: obj =   5.476797222e+00 inf =   1.002e-01 (12743) 2
*1794611: obj =   5.476696406e+00 inf =   9.893e-02 (12705) 2
*1794832: obj =   5.476590901e+00 inf =   9.884e-02 (12645) 2
*1795052: obj =   5.476556991e+00 inf =   9.676e-02 (12594) 3
*1795278: obj =   5.476438793e+00 inf =   9.675e-02 (12588) 2
*1795502: obj =   5.476427550e+00 inf =   9.392e-02 (12513) 2
*1795726: obj =   5.476410301e+00 inf =   9.009e-02 (12356) 2
*1795950: obj =   5.476332459e+00 inf =   8.854e-02 (12339) 2
*1796173: obj =   5.476290971e+00 inf =   8.793e-02 (12321) 3
*1796400: obj =   5.476148413e+00 inf =   8.733e-02 (12299) 2
*1796625: obj =   5.475979938e+00 inf =   8.746e-02 (12249) 2
*1796848: obj =   5.475898417e+00 inf =   8.748e-02 (12185) 2
*1797075: obj =   5.475817018e+00 inf =   8.751e-02 (12086) 2
*1797295: obj =   5.475772200e+00 inf =   8.713e-02 (11928) 3
*1797520: obj =   5.475693051e+00 inf =   8.683e-02 (11885) 2
*1797745: obj =   5.475569602e+00 inf =   8.705e-02 (11830) 2
*1797970: obj =   5.475531097e+00 inf =   8.666e-02 (11733) 2
*1798196: obj =   5.475451884e+00 inf =   8.681e-02 (11856) 2
*1798417: obj =   5.475354792e+00 inf =   8.718e-02 (11787) 3
*1798642: obj =   5.475287898e+00 inf =   8.691e-02 (11777) 2
*1798865: obj =   5.475228480e+00 inf =   8.693e-02 (11645) 2
*1799091: obj =   5.475176166e+00 inf =   8.697e-02 (11546) 2
*1799316: obj =   5.475124367e+00 inf =   8.677e-02 (11533) 2
*1799536: obj =   5.475066632e+00 inf =   8.676e-02 (11561) 3
*1799760: obj =   5.474965993e+00 inf =   8.740e-02 (11491) 2
*1799987: obj =   5.474901067e+00 inf =   8.717e-02 (11489) 2
*1800217: obj =   5.474823173e+00 inf =   8.765e-02 (11490) 2
*1800439: obj =   5.474716319e+00 inf =   8.864e-02 (11350) 3
*1800664: obj =   5.474623425e+00 inf =   8.985e-02 (11257) 2
*1800886: obj =   5.474502524e+00 inf =   8.988e-02 (11088) 2
*1801115: obj =   5.474417372e+00 inf =   9.028e-02 (11228) 2
*1801340: obj =   5.474343118e+00 inf =   9.059e-02 (11285) 2
*1801562: obj =   5.474270723e+00 inf =   9.070e-02 (11209) 3
*1801788: obj =   5.474186109e+00 inf =   9.147e-02 (11197) 2
*1802019: obj =   5.474087622e+00 inf =   9.207e-02 (11168) 2
*1802258: obj =   5.473986877e+00 inf =   9.256e-02 (11119) 2
*1802484: obj =   5.473892611e+00 inf =   9.351e-02 (11149) 3
*1802714: obj =   5.473742093e+00 inf =   9.545e-02 (11062) 2
*1802942: obj =   5.473656042e+00 inf =   9.653e-02 (10967) 2
*1803174: obj =   5.473572793e+00 inf =   9.755e-02 (10978) 2
*1803403: obj =   5.473460500e+00 inf =   9.903e-02 (10959) 3
*1803636: obj =   5.473357470e+00 inf =   1.007e-01 (10765) 2
*1803864: obj =   5.473322479e+00 inf =   1.013e-01 (10726) 2
*1804091: obj =   5.473273398e+00 inf =   1.015e-01 (10721) 3
*1804317: obj =   5.473162680e+00 inf =   1.027e-01 (10785) 2
*1804541: obj =   5.473096989e+00 inf =   1.034e-01 (10773) 2
*1804764: obj =   5.473078508e+00 inf =   1.022e-01 (10697) 2
*1804992: obj =   5.472987444e+00 inf =   1.025e-01 (10611) 2
*1805234: obj =   5.472883525e+00 inf =   1.028e-01 (10500) 3
*1805471: obj =   5.472780796e+00 inf =   1.029e-01 (10587) 2
*1805703: obj =   5.472655583e+00 inf =   1.035e-01 (10572) 2
*1805928: obj =   5.472578655e+00 inf =   1.034e-01 (10526) 3
*1806161: obj =   5.472456808e+00 inf =   1.044e-01 (10416) 2
*1806390: obj =   5.472343802e+00 inf =   1.058e-01 (10412) 2
*1806614: obj =   5.472312981e+00 inf =   1.056e-01 (10355) 2
*1806833: obj =   5.472255792e+00 inf =   1.057e-01 (10297) 3
*1807061: obj =   5.472152333e+00 inf =   1.066e-01 (10282) 2
*1807304: obj =   5.472055683e+00 inf =   1.074e-01 (10289) 2
*1807542: obj =   5.471973790e+00 inf =   1.081e-01 (10217) 2
*1807775: obj =   5.471884056e+00 inf =   1.092e-01 (10225) 3
*1808009: obj =   5.471853877e+00 inf =   1.090e-01 (10147) 2
*1808248: obj =   5.471780365e+00 inf =   1.100e-01 (10215) 2
*1808494: obj =   5.471735583e+00 inf =   1.103e-01 (10130) 3
*1808722: obj =   5.471680600e+00 inf =   1.108e-01 (10116) 2
*1808950: obj =   5.471615708e+00 inf =   1.116e-01 (10106) 2
*1809178: obj =   5.471550038e+00 inf =   1.126e-01 (10185) 3
*1809407: obj =   5.471459902e+00 inf =   1.141e-01 (10038) 2
*1809639: obj =   5.471358808e+00 inf =   1.155e-01 (9989) 2
*1809873: obj =   5.471269042e+00 inf =   1.173e-01 (9933) 2
*1810105: obj =   5.471212708e+00 inf =   1.180e-01 (9963) 3
*1810344: obj =   5.471150438e+00 inf =   1.186e-01 (9955) 2
*1810586: obj =   5.471063985e+00 inf =   1.195e-01 (9974) 2
*1810817: obj =   5.470998300e+00 inf =   1.203e-01 (9899) 3
*1811051: obj =   5.470962667e+00 inf =   1.206e-01 (9870) 2
*1811284: obj =   5.470883599e+00 inf =   1.218e-01 (9988) 2
*1811514: obj =   5.470818139e+00 inf =   1.225e-01 (9857) 3
*1811752: obj =   5.470736735e+00 inf =   1.231e-01 (9663) 2
*1811991: obj =   5.470695859e+00 inf =   1.232e-01 (9637) 2
*1812215: obj =   5.470664655e+00 inf =   1.235e-01 (9759) 3
*1812441: obj =   5.470647436e+00 inf =   1.218e-01 (9745) 2
*1812665: obj =   5.470646532e+00 inf =   1.180e-01 (9648) 2
*1812890: obj =   5.470646246e+00 inf =   1.091e-01 (9532) 2
*1813120: obj =   5.470621431e+00 inf =   1.070e-01 (9694) 2
*1813345: obj =   5.470581006e+00 inf =   1.059e-01 (9689) 3
*1813570: obj =   5.470580058e+00 inf =   1.011e-01 (9547) 2
*1813796: obj =   5.470506118e+00 inf =   9.998e-02 (9674) 2
*1814026: obj =   5.470400024e+00 inf =   9.932e-02 (9558) 2
*1814256: obj =   5.470370868e+00 inf =   9.951e-02 (9613) 2
*1814480: obj =   5.470330682e+00 inf =   9.921e-02 (9612) 3
*1814710: obj =   5.470240837e+00 inf =   9.892e-02 (9472) 2
*1814987: obj =   5.470214851e+00 inf =   9.737e-02 (9482) 3
*1815239: obj =   5.470101487e+00 inf =   9.718e-02 (9504) 2
*1815476: obj =   5.470016938e+00 inf =   9.716e-02 (9421) 2
*1815717: obj =   5.469975410e+00 inf =   9.702e-02 (9369) 3
*1815976: obj =   5.469940726e+00 inf =   9.701e-02 (9303) 2
*1816231: obj =   5.469908793e+00 inf =   9.641e-02 (9241) 3
*1816467: obj =   5.469861694e+00 inf =   9.643e-02 (9140) 2
*1816694: obj =   5.469804630e+00 inf =   9.630e-02 (9165) 2
*1816920: obj =   5.469732456e+00 inf =   9.630e-02 (9147) 3
*1817159: obj =   5.469667741e+00 inf =   9.667e-02 (9103) 2
*1817396: obj =   5.469624537e+00 inf =   9.703e-02 (9112) 2
*1817625: obj =   5.469592142e+00 inf =   9.674e-02 (9038) 3
*1817851: obj =   5.469551773e+00 inf =   9.648e-02 (8934) 2
*1818080: obj =   5.469510537e+00 inf =   9.690e-02 (8967) 2
*1818317: obj =   5.469456880e+00 inf =   9.747e-02 (8983) 2
*1818549: obj =   5.469405344e+00 inf =   9.798e-02 (8883) 3
*1818776: obj =   5.469391467e+00 inf =   9.707e-02 (8780) 2
*1819001: obj =   5.469385788e+00 inf =   9.388e-02 (8698) 2
*1819230: obj =   5.469351256e+00 inf =   9.347e-02 (8840) 2
*1819487: obj =   5.469307754e+00 inf =   9.355e-02 (8862) 3
*1819755: obj =   5.469277460e+00 inf =   9.293e-02 (8764) 2
*1819998: obj =   5.469257930e+00 inf =   9.211e-02 (8912) 3
*1820230: obj =   5.469203255e+00 inf =   9.252e-02 (8870) 2
*1820459: obj =   5.469140556e+00 inf =   9.277e-02 (8825) 2
*1820683: obj =   5.469096198e+00 inf =   9.312e-02 (8782) 3
*1820905: obj =   5.469076830e+00 inf =   9.303e-02 (8630) 2
*1821039: obj =   5.469060743e+00 inf =   9.267e-02 (8725) 1
*1821256: obj =   5.469043192e+00 inf =   9.192e-02 (8563) 2
*1821490: obj =   5.469010081e+00 inf =   9.181e-02 (8518) 2
*1821747: obj =   5.468959858e+00 inf =   9.162e-02 (8472) 3
*1821998: obj =   5.468895644e+00 inf =   9.164e-02 (8497) 2
*1822249: obj =   5.468849503e+00 inf =   9.191e-02 (8479) 3
*1822503: obj =   5.468833128e+00 inf =   9.177e-02 (8350) 2
*1822755: obj =   5.468812074e+00 inf =   9.076e-02 (8294) 3
*1823025: obj =   5.468767546e+00 inf =   9.016e-02 (8346) 3
*1823257: obj =   5.468729276e+00 inf =   9.024e-02 (8357) 2
*1823501: obj =   5.468661700e+00 inf =   9.076e-02 (8244) 2
*1823769: obj =   5.468641928e+00 inf =   9.074e-02 (8059) 3
*1824031: obj =   5.468626142e+00 inf =   9.009e-02 (8076) 3
*1824316: obj =   5.468597017e+00 inf =   8.937e-02 (8156) 2
*1824562: obj =   5.468567226e+00 inf =   8.931e-02 (8162) 3
*1824794: obj =   5.468550829e+00 inf =   8.821e-02 (8085) 2
*1825021: obj =   5.468522906e+00 inf =   8.608e-02 (8017) 2
*1825255: obj =   5.468489787e+00 inf =   8.516e-02 (8080) 2
*1825476: obj =   5.468429709e+00 inf =   8.288e-02 (8026) 3
*1825713: obj =   5.468332961e+00 inf =   8.152e-02 (8006) 2
*1825948: obj =   5.468285683e+00 inf =   7.958e-02 (8014) 2
*1826174: obj =   5.468274079e+00 inf =   7.886e-02 (7961) 2
*1826397: obj =   5.468247064e+00 inf =   7.610e-02 (7863) 3
*1826622: obj =   5.468222083e+00 inf =   7.460e-02 (7800) 2
*1826846: obj =   5.468192698e+00 inf =   7.334e-02 (7811) 2
*1827075: obj =   5.468169851e+00 inf =   7.270e-02 (7902) 2
*1827307: obj =   5.468128383e+00 inf =   7.234e-02 (7953) 3
*1827538: obj =   5.468095702e+00 inf =   7.243e-02 (7873) 2
*1827772: obj =   5.468042120e+00 inf =   7.303e-02 (7812) 2
*1828013: obj =   5.468008904e+00 inf =   7.339e-02 (7905) 2
*1828243: obj =   5.467963497e+00 inf =   7.397e-02 (7897) 3
*1828475: obj =   5.467936344e+00 inf =   7.402e-02 (7809) 2
*1828714: obj =   5.467897490e+00 inf =   7.380e-02 (7705) 2
*1828938: obj =   5.467886987e+00 inf =   7.392e-02 (7724) 3
*1829170: obj =   5.467861563e+00 inf =   7.321e-02 (7734) 2
*1829397: obj =   5.467829237e+00 inf =   7.302e-02 (7676) 2
*1829623: obj =   5.467819537e+00 inf =   7.333e-02 (7602) 2
*1829849: obj =   5.467769067e+00 inf =   7.193e-02 (7551) 2
*1830074: obj =   5.467727647e+00 inf =   7.049e-02 (7683) 3
*1830305: obj =   5.467689560e+00 inf =   7.065e-02 (7706) 2
*1830530: obj =   5.467663793e+00 inf =   6.975e-02 (7575) 2
*1830755: obj =   5.467629759e+00 inf =   6.822e-02 (7432) 2
*1830980: obj =   5.467578008e+00 inf =   6.691e-02 (7455) 3
*1831213: obj =   5.467562237e+00 inf =   6.647e-02 (7578) 2
*1831440: obj =   5.467538656e+00 inf =   6.576e-02 (7459) 2
*1831665: obj =   5.467521414e+00 inf =   6.516e-02 (7366) 2
*1831959: obj =   5.056282145e+00 inf =   6.330e-02 (7461) 3
*1832207: obj =   5.056229929e+00 inf =   6.310e-02 (7517) 2
*1832440: obj =   5.056193468e+00 inf =   6.314e-02 (7538) 3
*1832670: obj =   5.056163047e+00 inf =   6.310e-02 (7390) 2
*1832894: obj =   5.056156898e+00 inf =   6.303e-02 (7335) 2
*1833123: obj =   5.056146508e+00 inf =   6.262e-02 (7425) 2
*1833347: obj =   5.056139259e+00 inf =   6.201e-02 (7300) 3
*1833613: obj =   5.056113431e+00 inf =   6.142e-02 (7377) 2
*1833848: obj =   5.056070831e+00 inf =   6.124e-02 (7369) 2
*1834082: obj =   5.056036831e+00 inf =   6.091e-02 (7315) 3
*1834317: obj =   5.056018976e+00 inf =   6.103e-02 (7290) 2
*1834569: obj =   5.056012006e+00 inf =   6.058e-02 (7260) 3
*1834817: obj =   5.055980946e+00 inf =   6.020e-02 (7269) 2
*1835058: obj =   5.055955389e+00 inf =   5.994e-02 (7251) 2
*1835320: obj =   5.055920749e+00 inf =   6.010e-02 (7292) 3
*1835586: obj =   5.055901784e+00 inf =   6.012e-02 (7080) 3
*1835898: obj =   5.055886530e+00 inf =   5.789e-02 (7058) 3
*1836155: obj =   5.055871308e+00 inf =   5.710e-02 (7120) 2
*1836405: obj =   5.055835582e+00 inf =   5.683e-02 (7228) 3
*1836647: obj =   5.055814345e+00 inf =   5.707e-02 (7160) 2
*1836910: obj =   5.055794727e+00 inf =   5.688e-02 (7008) 3
*1837160: obj =   5.055770930e+00 inf =   5.688e-02 (7023) 2
*1837392: obj =   5.055746390e+00 inf =   5.677e-02 (6938) 2
*1837636: obj =   5.055727854e+00 inf =   5.614e-02 (6820) 3
*1837933: obj =   5.055707722e+00 inf =   5.484e-02 (6865) 3
*1838183: obj =   5.055684001e+00 inf =   5.418e-02 (6864) 2
*1838410: obj =   5.055669189e+00 inf =   5.281e-02 (6874) 2
*1838634: obj =   5.055665680e+00 inf =   4.962e-02 (6759) 2
*1838855: obj =   5.055650018e+00 inf =   4.787e-02 (6760) 3
*1839087: obj =   5.055629890e+00 inf =   4.786e-02 (6656) 2
*1839322: obj =   5.055615012e+00 inf =   4.788e-02 (6604) 2
*1839591: obj =   5.055600779e+00 inf =   4.793e-02 (6518) 3
*1839853: obj =   5.055588139e+00 inf =   4.817e-02 (6591) 2
*1840123: obj =   5.055579450e+00 inf =   4.709e-02 (6650) 3
*1840367: obj =   5.055556789e+00 inf =   4.717e-02 (6559) 3
*1840605: obj =   5.055540131e+00 inf =   4.749e-02 (6445) 2
*1840833: obj =   5.055531047e+00 inf =   4.752e-02 (6283) 2
*1841085: obj =   5.055456603e+00 inf =   4.586e-02 (6433) 3
*1841320: obj =   5.055434943e+00 inf =   4.604e-02 (6420) 2
*1841550: obj =   5.055416766e+00 inf =   4.610e-02 (6363) 2
*1841779: obj =   5.055406907e+00 inf =   4.604e-02 (6379) 2
*1842037: obj =   4.435576118e+00 inf =   4.549e-02 (20928) 3
*1842264: obj =   4.435428180e+00 inf =   4.546e-02 (20938) 2
*1842490: obj =   4.435172567e+00 inf =   4.624e-02 (20905) 2
*1842710: obj =   4.434881133e+00 inf =   4.674e-02 (20874) 3
*1842934: obj =   4.434441530e+00 inf =   4.814e-02 (20854) 2
*1843161: obj =   4.434267475e+00 inf =   4.887e-02 (20826) 2
*1843387: obj =   4.433912214e+00 inf =   5.044e-02 (20762) 2
*1843610: obj =   4.433616411e+00 inf =   5.235e-02 (20741) 2
*1843827: obj =   4.433228049e+00 inf =   5.423e-02 (20657) 3
*1844050: obj =   4.433061181e+00 inf =   5.503e-02 (20556) 2
*1844274: obj =   4.432768766e+00 inf =   5.665e-02 (20495) 2
*1844496: obj =   4.432341862e+00 inf =   5.906e-02 (20442) 2
*1844715: obj =   4.432153981e+00 inf =   6.004e-02 (20363) 2
*1844932: obj =   4.432006920e+00 inf =   6.020e-02 (20290) 3
*1845157: obj =   4.431679844e+00 inf =   6.076e-02 (20225) 2
*1845377: obj =   4.431603107e+00 inf =   6.034e-02 (20108) 2
*1845595: obj =   4.431603107e+00 inf =   5.915e-02 (19999) 2
*1845813: obj =   4.431510309e+00 inf =   5.815e-02 (19892) 2
*1846036: obj =   4.431146079e+00 inf =   5.869e-02 (19805) 2
*1846253: obj =   4.431070596e+00 inf =   5.878e-02 (19719) 3
*1846475: obj =   4.430596610e+00 inf =   5.965e-02 (19602) 2
*1846696: obj =   4.430300335e+00 inf =   6.087e-02 (19581) 2
*1846915: obj =   4.430030337e+00 inf =   6.161e-02 (19478) 2
*1847140: obj =   4.429825850e+00 inf =   6.230e-02 (19435) 2
*1847357: obj =   4.429584003e+00 inf =   6.271e-02 (19334) 3
*1847577: obj =   4.429320087e+00 inf =   6.378e-02 (19245) 2
*1847795: obj =   4.429111008e+00 inf =   6.477e-02 (19149) 2
*1848017: obj =   4.428780406e+00 inf =   6.618e-02 (19093) 2
*1848238: obj =   4.428741320e+00 inf =   6.503e-02 (18970) 2
*1848459: obj =   4.428479264e+00 inf =   6.495e-02 (18863) 2
*1848675: obj =   4.428274235e+00 inf =   6.560e-02 (18761) 3
*1848894: obj =   4.427966619e+00 inf =   6.597e-02 (18671) 2
*1849119: obj =   4.427629547e+00 inf =   6.725e-02 (18562) 2
*1849344: obj =   4.427265759e+00 inf =   6.910e-02 (18459) 2
*1849566: obj =   4.427045237e+00 inf =   7.047e-02 (18368) 2
*1849783: obj =   4.426728290e+00 inf =   7.217e-02 (18270) 3
*1850004: obj =   4.426447224e+00 inf =   7.361e-02 (18155) 2
*1850227: obj =   4.426229089e+00 inf =   7.451e-02 (18066) 2
*1850445: obj =   4.426229089e+00 inf =   7.298e-02 (17983) 2
*1850664: obj =   4.426050660e+00 inf =   7.125e-02 (17817) 2
*1850883: obj =   4.425809094e+00 inf =   7.208e-02 (17746) 2
*1851104: obj =   4.425563742e+00 inf =   7.222e-02 (17702) 3
*1851330: obj =   4.425117150e+00 inf =   7.439e-02 (17578) 2
*1851553: obj =   4.424738124e+00 inf =   7.632e-02 (17491) 2
*1851774: obj =   4.424515227e+00 inf =   7.773e-02 (17432) 2
*1851997: obj =   4.424260218e+00 inf =   7.882e-02 (17359) 2
*1852219: obj =   4.424182770e+00 inf =   7.898e-02 (17249) 3
*1852444: obj =   4.424002379e+00 inf =   7.901e-02 (17166) 2
*1852667: obj =   4.423680522e+00 inf =   8.042e-02 (17086) 2
*1852887: obj =   4.423548700e+00 inf =   8.131e-02 (17052) 2
*1853115: obj =   4.423229286e+00 inf =   8.244e-02 (17005) 3
*1853343: obj =   4.423011860e+00 inf =   8.362e-02 (16922) 2
*1853570: obj =   4.422727058e+00 inf =   8.491e-02 (16818) 2
*1853797: obj =   4.422441497e+00 inf =   8.639e-02 (16705) 2
*1854025: obj =   4.422223130e+00 inf =   8.749e-02 (16623) 3
*1854260: obj =   4.421939243e+00 inf =   8.925e-02 (16491) 2
*1854492: obj =   4.421649745e+00 inf =   9.082e-02 (16376) 2
*1854721: obj =   4.421572686e+00 inf =   9.093e-02 (16263) 2
*1854942: obj =   4.421572686e+00 inf =   8.434e-02 (16079) 3
*1855179: obj =   4.421289665e+00 inf =   8.284e-02 (15980) 2
*1855415: obj =   4.421022517e+00 inf =   8.349e-02 (15883) 2
*1855645: obj =   4.420802406e+00 inf =   8.409e-02 (15791) 3
*1855852: obj =   4.420737336e+00 inf =   8.319e-02 (151313) 1
*1856057: obj =   4.420648011e+00 inf =   8.228e-02 (15744) 2
*1856267: obj =   4.420528116e+00 inf =   8.194e-02 (15405) 3
*1856488: obj =   4.420430662e+00 inf =   8.188e-02 (151552) 2
*1856705: obj =   4.420236795e+00 inf =   8.115e-02 (15303) 2
*1856909: obj =   4.420099961e+00 inf =   7.974e-02 (15216) 2
*1857111: obj =   4.419990886e+00 inf =   7.961e-02 (151612) 2
*1857319: obj =   4.419849206e+00 inf =   7.907e-02 (151608) 2
*1857531: obj =   4.419692485e+00 inf =   7.849e-02 (151766) 2
*1857749: obj =   4.419564835e+00 inf =   7.867e-02 (14930) 2
*1857971: obj =   4.419421610e+00 inf =   7.807e-02 (151587) 2
*1858190: obj =   4.419330054e+00 inf =   7.697e-02 (152039) 2
*1858412: obj =   4.419184801e+00 inf =   7.694e-02 (14890) 2
*1858641: obj =   4.419009061e+00 inf =   7.629e-02 (14763) 2
*1858866: obj =   4.418865557e+00 inf =   7.574e-02 (14712) 2
*1859089: obj =   4.418730129e+00 inf =   7.521e-02 (151793) 2
*1859300: obj =   4.418711865e+00 inf =   7.460e-02 (151776) 3
*1859514: obj =   4.418591690e+00 inf =   7.385e-02 (14617) 2
*1859731: obj =   4.418463792e+00 inf =   7.288e-02 (14528) 2
*1859947: obj =   4.418325503e+00 inf =   7.213e-02 (151668) 2
*1860146: obj =   4.418202796e+00 inf =   7.114e-02 (14493) 2
*1860348: obj =   4.418076671e+00 inf =   7.050e-02 (14437) 1
*1860529: obj =   4.417953197e+00 inf =   6.982e-02 (14328) 2
*1860656: obj =   4.417848154e+00 inf =   6.934e-02 (151842) 1
*1860849: obj =   4.417731463e+00 inf =   6.915e-02 (151714) 2
*1861051: obj =   4.417599096e+00 inf =   6.829e-02 (14238) 2
*1861253: obj =   4.417501963e+00 inf =   6.788e-02 (14183) 2
*1861451: obj =   4.417354627e+00 inf =   6.688e-02 (14152) 2
*1861659: obj =   4.417233909e+00 inf =   6.640e-02 (14090) 2
*1861858: obj =   4.417044942e+00 inf =   6.564e-02 (14026) 2
*1862060: obj =   4.416903252e+00 inf =   6.491e-02 (13946) 2
*1862263: obj =   4.416853084e+00 inf =   6.514e-02 (13949) 2
*1862472: obj =   4.416762344e+00 inf =   6.446e-02 (152756) 2
*1862668: obj =   4.416622032e+00 inf =   6.293e-02 (152706) 2
*1862858: obj =   4.416472159e+00 inf =   6.200e-02 (14057) 2
*1863055: obj =   4.416346167e+00 inf =   6.168e-02 (15637) 2
*1863261: obj =   4.416309030e+00 inf =   6.099e-02 (13913) 1
*1863462: obj =   4.416234599e+00 inf =   6.039e-02 (13786) 2
*1863666: obj =   4.416107600e+00 inf =   5.947e-02 (13907) 2
*1863854: obj =   4.415934387e+00 inf =   5.860e-02 (151865) 2
*1864047: obj =   4.415783212e+00 inf =   5.822e-02 (151464) 2
*1864247: obj =   4.415700207e+00 inf =   5.773e-02 (151424) 2
*1864457: obj =   4.415699850e+00 inf =   5.692e-02 (151431) 2
*1864661: obj =   4.415565786e+00 inf =   5.563e-02 (151513) 2
*1864862: obj =   4.415533288e+00 inf =   5.520e-02 (151530) 2
*1865049: obj =   4.415297063e+00 inf =   5.455e-02 (13858) 2
*1865246: obj =   4.415233367e+00 inf =   5.443e-02 (151087) 1
*1865434: obj =   4.415151608e+00 inf =   5.396e-02 (151166) 2
*1865627: obj =   4.415055510e+00 inf =   5.307e-02 (151300) 2
*1865814: obj =   4.414914512e+00 inf =   5.247e-02 (151422) 2
*1866009: obj =   4.414796380e+00 inf =   5.233e-02 (14262) 2
*1866197: obj =   4.414665028e+00 inf =   5.193e-02 (150798) 2
*1866396: obj =   4.414540916e+00 inf =   5.178e-02 (150533) 1
*1866603: obj =   4.414540186e+00 inf =   5.088e-02 (150489) 2
*1866792: obj =   4.414422113e+00 inf =   5.034e-02 (150831) 2
*1866995: obj =   4.414387138e+00 inf =   4.954e-02 (150620) 2
*1867188: obj =   4.414201923e+00 inf =   4.877e-02 (14300) 2
*1867384: obj =   4.414140634e+00 inf =   4.824e-02 (14174) 2
*1867600: obj =   4.414129979e+00 inf =   4.645e-02 (14177) 1
*1867807: obj =   4.413992823e+00 inf =   4.535e-02 (14051) 2
*1867982: obj =   4.413888850e+00 inf =   4.519e-02 (150516) 2
*1868169: obj =   4.413759317e+00 inf =   4.455e-02 (14430) 2
*1868378: obj =   4.413704049e+00 inf =   4.419e-02 (14218) 2
*1868579: obj =   4.413646531e+00 inf =   4.380e-02 (150793) 2
*1868760: obj =   4.413511226e+00 inf =   4.314e-02 (15418) 2
*1868961: obj =   4.413391618e+00 inf =   4.250e-02 (150729) 2
*1869166: obj =   4.413284598e+00 inf =   4.173e-02 (13625) 1
*1869369: obj =   4.413212680e+00 inf =   3.945e-02 (13585) 2
*1869554: obj =   4.413187097e+00 inf =   3.897e-02 (13945) 2
*1869755: obj =   4.413056162e+00 inf =   3.835e-02 (150761) 2
*1869940: obj =   4.412941437e+00 inf =   3.770e-02 (150768) 2
*1870122: obj =   4.412834080e+00 inf =   3.696e-02 (150571) 1
*1870317: obj =   4.412731950e+00 inf =   3.642e-02 (150558) 2
*1870518: obj =   4.412661010e+00 inf =   3.613e-02 (13925) 2
*1870719: obj =   4.412593583e+00 inf =   3.519e-02 (13469) 2
*1870921: obj =   4.412423941e+00 inf =   3.419e-02 (13469) 2
*1871111: obj =   4.412277402e+00 inf =   3.400e-02 (13385) 2
*1871316: obj =   4.412219374e+00 inf =   3.267e-02 (150373) 2
*1871509: obj =   4.412129509e+00 inf =   3.240e-02 (150364) 2
*1871707: obj =   4.411981127e+00 inf =   3.170e-02 (15219) 2
*1871913: obj =   4.411839442e+00 inf =   3.137e-02 (14665) 1
*1872092: obj =   4.411731960e+00 inf =   3.094e-02 (150597) 2
*1872286: obj =   4.411634623e+00 inf =   3.077e-02 (13691) 2
*1872466: obj =   4.411543712e+00 inf =   3.074e-02 (150549) 2
*1872648: obj =   4.411448444e+00 inf =   3.027e-02 (150577) 2
*1872852: obj =   4.411251940e+00 inf =   3.051e-02 (13416) 1
*1873031: obj =   4.411194268e+00 inf =   3.082e-02 (13466) 2
*1873213: obj =   4.411124025e+00 inf =   3.058e-02 (13399) 2
*1873402: obj =   4.411013772e+00 inf =   3.051e-02 (13410) 2
*1873602: obj =   4.410883288e+00 inf =   3.037e-02 (150323) 2
*1873795: obj =   4.410781372e+00 inf =   3.056e-02 (13353) 2
*1874005: obj =   4.410674201e+00 inf =   3.090e-02 (12864) 2
*1874204: obj =   4.410593404e+00 inf =   3.063e-02 (12891) 1
*1874381: obj =   4.410505129e+00 inf =   3.065e-02 (12969) 2
*1874562: obj =   4.410385216e+00 inf =   3.070e-02 (150174) 2
*1874741: obj =   4.410312008e+00 inf =   3.057e-02 (13174) 2
*1874929: obj =   4.410187789e+00 inf =   3.075e-02 (13053) 1
*1875102: obj =   4.410144435e+00 inf =   3.056e-02 (12555) 2
*1875263: obj =   4.410046064e+00 inf =   3.064e-02 (12650) 2
*1875447: obj =   4.409983900e+00 inf =   3.065e-02 (150138) 1
*1875620: obj =   4.409854559e+00 inf =   3.096e-02 (12675) 2
*1875770: obj =   4.409785694e+00 inf =   3.095e-02 (12732) 2
*1875962: obj =   4.409662744e+00 inf =   3.133e-02 (12712) 1
*1876126: obj =   4.409621234e+00 inf =   3.140e-02 (12533) 2
*1876294: obj =   4.409557796e+00 inf =   3.123e-02 (12857) 2
*1876489: obj =   4.409506266e+00 inf =   3.145e-02 (12304) 1
*1876643: obj =   4.409446437e+00 inf =   3.116e-02 (150177) 2
*1876797: obj =   4.409386157e+00 inf =   3.134e-02 (12249) 2
*1876981: obj =   4.409343188e+00 inf =   3.084e-02 (12432) 1
*1877151: obj =   4.409296845e+00 inf =   3.042e-02 (12258) 2
*1877312: obj =   4.409229672e+00 inf =   3.040e-02 (12197) 2
*1877490: obj =   4.409181896e+00 inf =   3.046e-02 (12046) 1
*1877643: obj =   4.409100777e+00 inf =   3.032e-02 (12132) 2
*1877820: obj =   4.409087387e+00 inf =   3.000e-02 (12157) 2
*1878000: obj =   4.409023797e+00 inf =   2.969e-02 (12190) 1
*1878171: obj =   4.408984327e+00 inf =   2.933e-02 (12033) 2
*1878335: obj =   4.408919294e+00 inf =   2.879e-02 (11996) 2
*1878518: obj =   4.408885622e+00 inf =   2.868e-02 (12398) 1
*1878670: obj =   4.408839999e+00 inf =   2.861e-02 (11916) 2
*1878842: obj =   4.408749113e+00 inf =   2.855e-02 (11852) 2
*1879029: obj =   4.408717639e+00 inf =   2.834e-02 (11789) 1
*1879197: obj =   4.408675381e+00 inf =   2.802e-02 (11722) 2
*1879361: obj =   4.408608877e+00 inf =   2.759e-02 (11745) 2
*1879539: obj =   4.408523275e+00 inf =   2.799e-02 (11784) 1
*1879702: obj =   4.408464828e+00 inf =   2.815e-02 (11735) 2
*1879868: obj =   4.408394607e+00 inf =   2.844e-02 (11599) 2
*1880051: obj =   4.408360245e+00 inf =   2.853e-02 (11561) 1
*1880203: obj =   4.408313218e+00 inf =   2.829e-02 (11583) 2
*1880374: obj =   4.408243989e+00 inf =   2.837e-02 (11516) 2
*1880550: obj =   4.408174160e+00 inf =   2.856e-02 (11475) 1
*1880713: obj =   4.408085685e+00 inf =   2.912e-02 (150667) 2
*1880886: obj =   4.408071690e+00 inf =   2.924e-02 (11483) 2
*1881065: obj =   4.408030454e+00 inf =   2.928e-02 (11538) 1
*1881215: obj =   4.407977848e+00 inf =   2.906e-02 (11434) 2
*1881392: obj =   4.407960540e+00 inf =   2.916e-02 (11320) 2
*1881572: obj =   4.407866836e+00 inf =   2.951e-02 (150533) 1
*1881726: obj =   4.407784203e+00 inf =   2.975e-02 (11163) 2
*1881900: obj =   4.407677321e+00 inf =   3.030e-02 (150673) 2
*1882082: obj =   4.407627321e+00 inf =   3.072e-02 (11081) 1
*1882241: obj =   4.407600603e+00 inf =   3.093e-02 (10990) 2
*1882410: obj =   4.407531198e+00 inf =   3.129e-02 (10927) 2
*1882595: obj =   4.407494452e+00 inf =   3.115e-02 (150646) 1
*1882761: obj =   4.407452225e+00 inf =   3.125e-02 (10843) 2
*1882919: obj =   4.407400620e+00 inf =   3.129e-02 (10834) 2
*1883103: obj =   4.407354335e+00 inf =   3.070e-02 (10845) 1
*1883259: obj =   4.407307167e+00 inf =   3.080e-02 (10789) 2
*1883425: obj =   4.407242022e+00 inf =   3.092e-02 (10774) 2
*1883621: obj =   4.407210930e+00 inf =   3.088e-02 (10701) 1
*1883790: obj =   4.407163483e+00 inf =   3.059e-02 (10728) 2
*1883948: obj =   4.407111738e+00 inf =   3.086e-02 (10683) 2
*1884137: obj =   4.407075286e+00 inf =   3.043e-02 (10735) 2
*1884329: obj =   4.407047879e+00 inf =   2.977e-02 (10616) 1
*1884484: obj =   4.406988454e+00 inf =   2.928e-02 (10690) 2
*1884645: obj =   4.406967141e+00 inf =   2.926e-02 (10688) 2
*1884829: obj =   4.406939389e+00 inf =   2.860e-02 (10603) 1
*1884989: obj =   4.406900123e+00 inf =   2.856e-02 (10592) 2
*1885149: obj =   4.406878704e+00 inf =   2.823e-02 (10547) 2
*1885329: obj =   4.406838809e+00 inf =   2.794e-02 (150560) 1
*1885490: obj =   4.406809054e+00 inf =   2.785e-02 (150614) 2
*1885655: obj =   4.406760075e+00 inf =   2.762e-02 (10385) 2
*1885840: obj =   4.406698615e+00 inf =   2.780e-02 (10329) 1
*1885996: obj =   4.406653464e+00 inf =   2.770e-02 (10353) 2
*1886161: obj =   4.406587979e+00 inf =   2.771e-02 (10324) 2
*1886348: obj =   4.406575625e+00 inf =   2.805e-02 (10298) 1
*1886509: obj =   4.406518554e+00 inf =   2.808e-02 (10289) 2
*1886669: obj =   4.406480122e+00 inf =   2.817e-02 (10231) 2
*1886855: obj =   4.406470059e+00 inf =   2.800e-02 (10102) 1
*1887015: obj =   4.406453669e+00 inf =   2.726e-02 (150447) 2
*1887177: obj =   4.406417577e+00 inf =   2.707e-02 (10085) 2
*1887364: obj =   4.406366596e+00 inf =   2.727e-02 (10098) 1
*1887523: obj =   4.406326926e+00 inf =   2.745e-02 (10073) 2
*1887685: obj =   4.406296386e+00 inf =   2.783e-02 (10061) 2
*1887872: obj =   4.406232672e+00 inf =   2.836e-02 (10000) 1
*1888031: obj =   4.406191292e+00 inf =   2.848e-02 (9960) 2
*1888187: obj =   4.406157501e+00 inf =   2.851e-02 (9931) 2
*1888377: obj =   4.406148725e+00 inf =   2.838e-02 (9937) 1
*1888544: obj =   4.406142338e+00 inf =   2.795e-02 (9858) 2
*1888705: obj =   4.406100827e+00 inf =   2.738e-02 (9902) 2
*1888891: obj =   4.406047470e+00 inf =   2.753e-02 (9851) 1
*1889054: obj =   4.406020557e+00 inf =   2.753e-02 (9903) 2
*1889221: obj =   4.405978957e+00 inf =   2.769e-02 (9882) 2
*1889400: obj =   4.405952991e+00 inf =   2.799e-02 (9891) 2
*1889590: obj =   4.405906240e+00 inf =   2.774e-02 (9803) 1
*1889755: obj =   4.405885002e+00 inf =   2.753e-02 (9824) 2
*1889920: obj =   4.405850423e+00 inf =   2.697e-02 (9799) 2
*1890108: obj =   4.405834782e+00 inf =   2.675e-02 (9813) 2
*1890303: obj =   4.405821171e+00 inf =   2.552e-02 (9869) 1
*1890474: obj =   4.405818527e+00 inf =   2.462e-02 (9811) 2
*1890648: obj =   4.405764899e+00 inf =   2.463e-02 (9735) 2
*1890827: obj =   4.405742841e+00 inf =   2.407e-02 (9691) 2
*1891020: obj =   4.405667888e+00 inf =   2.371e-02 (9659) 2
*1891216: obj =   4.405624002e+00 inf =   2.363e-02 (149938) 1
*1891393: obj =   4.405597208e+00 inf =   2.324e-02 (9557) 2
*1891564: obj =   4.405575980e+00 inf =   2.259e-02 (9584) 2
*1891736: obj =   4.405539034e+00 inf =   2.233e-02 (9602) 2
*1891928: obj =   4.405473095e+00 inf =   2.228e-02 (9612) 1
*1892103: obj =   4.405436038e+00 inf =   2.218e-02 (11237) 2
*1892279: obj =   4.405372243e+00 inf =   2.215e-02 (9550) 2
*1892475: obj =   4.405341244e+00 inf =   2.180e-02 (9721) 2
*1892651: obj =   4.405309256e+00 inf =   2.188e-02 (9693) 2
*1892832: obj =   4.405267674e+00 inf =   2.160e-02 (9944) 1
*1892997: obj =   4.405229604e+00 inf =   2.182e-02 (9836) 2
*1893185: obj =   4.405213218e+00 inf =   2.146e-02 (9691) 2
*1893367: obj =   4.405180311e+00 inf =   2.152e-02 (9681) 1
*1893530: obj =   4.405133378e+00 inf =   2.136e-02 (9595) 2
*1893696: obj =   4.405101742e+00 inf =   2.157e-02 (9597) 2
*1893875: obj =   4.405064613e+00 inf =   2.189e-02 (9538) 2
*1894056: obj =   4.405023905e+00 inf =   2.164e-02 (9443) 1
*1894222: obj =   4.404985512e+00 inf =   2.166e-02 (9394) 2
*1894391: obj =   4.404927249e+00 inf =   2.199e-02 (9394) 2
*1894586: obj =   4.404901130e+00 inf =   2.230e-02 (9448) 2
*1894776: obj =   4.404888317e+00 inf =   2.186e-02 (9362) 1
*1894943: obj =   4.404831626e+00 inf =   2.142e-02 (9330) 2
*1895108: obj =   4.404809778e+00 inf =   2.152e-02 (9336) 2
*1895292: obj =   4.404778422e+00 inf =   2.133e-02 (9432) 1
*1895458: obj =   4.404761686e+00 inf =   2.136e-02 (9348) 2
*1895616: obj =   4.404734077e+00 inf =   2.123e-02 (150259) 2
*1895801: obj =   4.404702858e+00 inf =   2.116e-02 (9327) 2
*1895991: obj =   4.404681680e+00 inf =   2.107e-02 (9275) 1
*1896169: obj =   4.404642012e+00 inf =   2.092e-02 (9157) 2
*1896337: obj =   4.404603350e+00 inf =   2.113e-02 (9152) 2
*1896513: obj =   4.404562029e+00 inf =   2.140e-02 (9119) 2
*1896703: obj =   4.404547219e+00 inf =   2.161e-02 (9076) 1
*1896869: obj =   4.404515813e+00 inf =   2.157e-02 (9054) 2
*1897064: obj =   4.404496409e+00 inf =   2.143e-02 (8969) 2
*1897241: obj =   4.404443507e+00 inf =   2.167e-02 (8961) 2
*1897426: obj =   4.404406953e+00 inf =   2.221e-02 (8927) 2
*1897619: obj =   4.404394646e+00 inf =   2.252e-02 (8996) 1
*1897787: obj =   4.404391225e+00 inf =   2.183e-02 (8935) 2
*1897988: obj =   4.404354286e+00 inf =   2.266e-02 (9668) 2
*1898198: obj =   4.404334461e+00 inf =   2.279e-02 (9728) 2
*1898376: obj =   4.404320910e+00 inf =   2.227e-02 (9833) 2
*1898567: obj =   4.404293209e+00 inf =   2.211e-02 (8990) 2
*1898772: obj =   4.404274680e+00 inf =   2.242e-02 (10002) 2
*1898962: obj =   4.404236748e+00 inf =   2.240e-02 (9881) 1
*1899140: obj =   4.404220192e+00 inf =   2.226e-02 (9872) 2
*1899339: obj =   4.404192747e+00 inf =   2.214e-02 (9609) 2
*1899524: obj =   4.404146925e+00 inf =   2.222e-02 (9547) 2
*1899722: obj =   4.404108494e+00 inf =   2.239e-02 (9856) 2
*1899904: obj =   4.404090034e+00 inf =   2.242e-02 (9294) 2
*1900094: obj =   4.404062662e+00 inf =   2.242e-02 (9481) 1
*1900265: obj =   4.404043252e+00 inf =   2.232e-02 (10429) 2
*1900438: obj =   4.404014694e+00 inf =   2.273e-02 (8841) 2
*1900621: obj =   4.403987417e+00 inf =   2.245e-02 (9870) 2
*1900805: obj =   4.403952817e+00 inf =   2.266e-02 (9573) 1
*1900976: obj =   4.403945734e+00 inf =   2.269e-02 (9586) 2
*1901145: obj =   4.403919729e+00 inf =   2.302e-02 (9613) 2
*1901332: obj =   4.403909064e+00 inf =   2.281e-02 (9657) 2
*1901522: obj =   4.403871011e+00 inf =   2.259e-02 (9690) 1
*1901684: obj =   4.403839801e+00 inf =   2.247e-02 (9642) 2
*1901847: obj =   4.403820443e+00 inf =   2.284e-02 (9682) 2
*1902036: obj =   4.403798927e+00 inf =   2.299e-02 (9680) 1
*1902211: obj =   4.403773832e+00 inf =   2.257e-02 (9777) 2
*1902400: obj =   4.403743194e+00 inf =   2.270e-02 (9681) 2
*1902573: obj =   4.403738597e+00 inf =   2.279e-02 (9569) 2
*1902761: obj =   4.403704141e+00 inf =   2.269e-02 (8758) 2
*1902962: obj =   4.403667142e+00 inf =   2.237e-02 (10166) 1
*1903132: obj =   4.403635728e+00 inf =   2.231e-02 (8706) 2
*1903312: obj =   4.403598223e+00 inf =   2.231e-02 (10130) 2
*1903482: obj =   4.403578912e+00 inf =   2.211e-02 (9636) 2
*1903671: obj =   4.403530565e+00 inf =   2.239e-02 (9555) 1
*1903840: obj =   4.403496318e+00 inf =   2.251e-02 (9434) 2
*1904020: obj =   4.403439554e+00 inf =   2.278e-02 (8921) 2
*1904222: obj =   4.403431864e+00 inf =   2.299e-02 (8756) 2
*1904435: obj =   4.403398643e+00 inf =   2.311e-02 (8815) 2
*1904627: obj =   4.403373775e+00 inf =   2.286e-02 (9567) 2
*1904831: obj =   4.403339418e+00 inf =   2.262e-02 (9562) 1
*1905030: obj =   4.403312778e+00 inf =   2.274e-02 (8682) 2
*1905221: obj =   4.403297118e+00 inf =   2.217e-02 (10012) 2
*1905418: obj =   4.403266519e+00 inf =   2.225e-02 (9773) 2
*1905609: obj =   4.403234804e+00 inf =   2.236e-02 (9690) 2
*1905799: obj =   4.403213069e+00 inf =   2.228e-02 (9152) 2
*1906007: obj =   4.403189014e+00 inf =   2.211e-02 (8947) 2
*1906200: obj =   4.403176220e+00 inf =   2.259e-02 (8582) 1
*1906387: obj =   4.403154526e+00 inf =   2.272e-02 (9481) 2
*1906569: obj =   4.403122673e+00 inf =   2.256e-02 (9379) 2
*1906748: obj =   4.403087153e+00 inf =   2.260e-02 (9327) 2
*1906921: obj =   4.403059773e+00 inf =   2.250e-02 (9213) 2
*1907119: obj =   4.403043164e+00 inf =   2.274e-02 (9133) 1
*1907296: obj =   4.403023535e+00 inf =   2.217e-02 (8497) 2
*1907470: obj =   4.402994770e+00 inf =   2.246e-02 (9067) 2
*1907636: obj =   4.402964526e+00 inf =   2.311e-02 (9067) 2
*1907829: obj =   4.402954970e+00 inf =   2.318e-02 (8988) 1
*1907995: obj =   4.402929669e+00 inf =   2.306e-02 (8318) 2
*1908167: obj =   4.402913837e+00 inf =   2.303e-02 (8974) 2
*1908345: obj =   4.402896955e+00 inf =   2.300e-02 (8861) 2
*1908534: obj =   4.402876280e+00 inf =   2.302e-02 (8922) 1
*1908702: obj =   4.402856254e+00 inf =   2.280e-02 (8944) 2
*1908881: obj =   4.402837167e+00 inf =   2.312e-02 (8843) 2
*1909057: obj =   4.402821092e+00 inf =   2.297e-02 (8878) 2
*1909252: obj =   4.402800529e+00 inf =   2.306e-02 (8794) 1
*1909427: obj =   4.402790863e+00 inf =   2.315e-02 (8317) 2
*1909599: obj =   4.402776859e+00 inf =   2.329e-02 (8001) 2
*1909783: obj =   4.402757050e+00 inf =   2.364e-02 (8011) 2
*1910019: obj =   4.402738043e+00 inf =   2.299e-02 (8004) 2
*1910203: obj =   4.402727402e+00 inf =   2.250e-02 (8163) 2
*1910391: obj =   4.402710438e+00 inf =   2.241e-02 (8711) 2
*1910584: obj =   4.402688478e+00 inf =   2.246e-02 (8661) 1
*1910773: obj =   4.402666252e+00 inf =   2.309e-02 (7983) 2
*1910963: obj =   4.402624724e+00 inf =   2.364e-02 (7886) 2
*1911143: obj =   4.402614613e+00 inf =   2.375e-02 (7726) 2
*1911329: obj =   4.402600630e+00 inf =   2.398e-02 (8560) 2
*1911516: obj =   4.402599065e+00 inf =   2.383e-02 (8574) 2
*1911721: obj =   4.402565436e+00 inf =   2.334e-02 (7649) 2
*1911925: obj =   4.402542500e+00 inf =   2.337e-02 (8594) 1
*1912109: obj =   4.402535553e+00 inf =   2.309e-02 (7604) 2
*1912301: obj =   4.402520254e+00 inf =   2.300e-02 (7768) 2
*1912493: obj =   4.402505183e+00 inf =   2.309e-02 (7754) 2
*1912674: obj =   4.402498038e+00 inf =   2.313e-02 (8565) 2
*1912875: obj =   4.402471436e+00 inf =   2.314e-02 (7653) 2
*1913067: obj =   4.402454844e+00 inf =   2.322e-02 (8206) 2
*1913268: obj =   4.402446249e+00 inf =   2.296e-02 (7563) 2
*1913479: obj =   4.402432059e+00 inf =   2.295e-02 (8131) 2
*1913687: obj =   4.402420753e+00 inf =   2.258e-02 (7784) 1
*1913912: obj =   4.402362408e+00 inf =   2.256e-02 (20380) 3
*1914120: obj =   4.402338392e+00 inf =   2.254e-02 (7333) 2
*1914343: obj =   4.402320287e+00 inf =   2.262e-02 (7610) 2
*1914564: obj =   4.402302396e+00 inf =   2.218e-02 (7604) 2
*1914785: obj =   4.402289787e+00 inf =   2.201e-02 (7671) 2
*1915035: obj =   4.402120224e+00 inf =   2.170e-02 (8799) 2
*1915259: obj =   4.402109276e+00 inf =   2.141e-02 (8296) 2
*1915471: obj =   4.402084705e+00 inf =   2.113e-02 (7492) 2
*1915673: obj =   4.402070869e+00 inf =   2.085e-02 (8213) 2
*1915875: obj =   4.402055792e+00 inf =   2.118e-02 (7357) 2
*1916082: obj =   4.402041142e+00 inf =   2.091e-02 (7292) 2
*1916282: obj =   4.402035338e+00 inf =   2.083e-02 (7903) 2
*1916475: obj =   4.402016675e+00 inf =   2.029e-02 (7442) 2
*1916677: obj =   4.402008103e+00 inf =   1.895e-02 (8151) 2
*1916881: obj =   4.401974175e+00 inf =   1.766e-02 (8139) 2
*1917067: obj =   4.401955065e+00 inf =   1.750e-02 (7658) 2
*1917278: obj =   4.401933208e+00 inf =   1.514e-02 (7982) 1
*1917462: obj =   4.401898642e+00 inf =   1.458e-02 (7988) 2
*1917643: obj =   4.401863997e+00 inf =   1.457e-02 (8097) 2
*1917830: obj =   4.401838812e+00 inf =   1.439e-02 (7940) 2
*1918014: obj =   4.401785820e+00 inf =   1.469e-02 (7951) 2
*1918211: obj =   4.401764527e+00 inf =   1.431e-02 (7943) 1
*1918386: obj =   4.401724278e+00 inf =   1.457e-02 (7431) 2
*1918564: obj =   4.401678312e+00 inf =   1.481e-02 (7451) 2
*1918753: obj =   4.401646177e+00 inf =   1.487e-02 (7405) 2
*1918927: obj =   4.401603185e+00 inf =   1.496e-02 (8430) 1
*1919033: obj =   4.401601117e+00 inf =   1.495e-02 (8015) 1
*1919167: obj =   4.401580876e+00 inf =   1.519e-02 (7339) 2
*1919356: obj =   4.401561217e+00 inf =   1.507e-02 (7982) 1
*1919527: obj =   4.401546135e+00 inf =   1.504e-02 (8498) 2
*1919702: obj =   4.401526721e+00 inf =   1.494e-02 (8757) 2
*1919875: obj =   4.401510308e+00 inf =   1.438e-02 (8880) 2
*1920068: obj =   4.401487339e+00 inf =   1.406e-02 (8403) 1
*1920251: obj =   4.401463049e+00 inf =   1.355e-02 (7199) 2
*1920445: obj =   4.401447197e+00 inf =   1.357e-02 (7149) 2
*1920628: obj =   4.401426772e+00 inf =   1.386e-02 (8518) 2
*1920825: obj =   4.401413670e+00 inf =   1.383e-02 (8553) 2
*1921025: obj =   4.401388437e+00 inf =   1.371e-02 (7202) 2
*1921213: obj =   4.401374119e+00 inf =   1.301e-02 (8512) 1
*1921391: obj =   4.401348321e+00 inf =   1.304e-02 (7841) 2
*1921558: obj =   4.401333682e+00 inf =   1.291e-02 (7799) 2
*1921739: obj =   4.401295748e+00 inf =   1.288e-02 (9206) 2
*1921920: obj =   4.401257617e+00 inf =   1.299e-02 (8029) 1
*1922101: obj =   4.401232590e+00 inf =   1.268e-02 (8085) 2
*1922269: obj =   4.401207442e+00 inf =   1.267e-02 (7851) 2
*1922454: obj =   4.401175071e+00 inf =   1.308e-02 (7931) 2
*1922641: obj =   4.401127187e+00 inf =   1.372e-02 (7687) 1
*1922801: obj =   4.401111497e+00 inf =   1.377e-02 (7550) 2
*1922973: obj =   4.401073872e+00 inf =   1.417e-02 (7635) 2
*1923158: obj =   4.401055153e+00 inf =   1.447e-02 (7644) 1
*1923331: obj =   4.401043462e+00 inf =   1.461e-02 (7654) 2
*1923503: obj =   4.401028081e+00 inf =   1.456e-02 (7598) 2
*1923683: obj =   4.401011793e+00 inf =   1.415e-02 (6856) 2
*1923887: obj =   4.400986158e+00 inf =   1.390e-02 (11226) 1
*1924068: obj =   4.400970118e+00 inf =   1.402e-02 (6906) 2
*1924234: obj =   4.400959490e+00 inf =   1.356e-02 (8293) 2
*1924407: obj =   4.400940877e+00 inf =   1.342e-02 (8052) 2
*1924587: obj =   4.400902918e+00 inf =   1.350e-02 (8437) 1
*1924757: obj =   4.400873571e+00 inf =   1.338e-02 (7686) 2
*1924931: obj =   4.400848139e+00 inf =   1.354e-02 (7606) 2
*1925115: obj =   4.400832837e+00 inf =   1.351e-02 (7294) 2
*1925311: obj =   4.400817004e+00 inf =   1.343e-02 (7307) 1
*1925484: obj =   4.400798984e+00 inf =   1.350e-02 (149748) 2
*1925655: obj =   4.400781105e+00 inf =   1.352e-02 (7466) 2
*1925824: obj =   4.400753805e+00 inf =   1.349e-02 (7426) 2
*1926016: obj =   4.400729619e+00 inf =   1.390e-02 (7214) 1
*1926198: obj =   4.400710880e+00 inf =   1.401e-02 (7078) 2
*1926376: obj =   4.400698634e+00 inf =   1.394e-02 (7162) 2
*1926542: obj =   4.400679988e+00 inf =   1.426e-02 (7648) 2
*1926734: obj =   4.400664005e+00 inf =   1.418e-02 (7030) 1
*1926907: obj =   4.400644625e+00 inf =   1.409e-02 (6943) 2
*1927080: obj =   4.400628145e+00 inf =   1.389e-02 (7469) 2
*1927263: obj =   4.400615286e+00 inf =   1.405e-02 (6861) 2
*1927447: obj =   4.400599034e+00 inf =   1.420e-02 (8254) 2
*1927645: obj =   4.400585314e+00 inf =   1.428e-02 (6900) 1
*1927816: obj =   4.400571543e+00 inf =   1.435e-02 (6859) 2
*1927992: obj =   4.400566178e+00 inf =   1.433e-02 (6795) 2
*1928165: obj =   4.400554726e+00 inf =   1.435e-02 (6778) 2
*1928360: obj =   4.400541845e+00 inf =   1.394e-02 (6728) 1
*1928528: obj =   4.400530899e+00 inf =   1.380e-02 (6673) 2
*1928700: obj =   4.400508875e+00 inf =   1.397e-02 (6635) 2
*1928874: obj =   4.400497627e+00 inf =   1.431e-02 (6537) 2
*1929077: obj =   4.400479748e+00 inf =   1.523e-02 (7598) 2
*1929261: obj =   4.400468136e+00 inf =   1.441e-02 (6657) 1
*1929433: obj =   4.400463013e+00 inf =   1.449e-02 (6588) 2
*1929605: obj =   4.400452910e+00 inf =   1.414e-02 (7009) 2
*1929787: obj =   4.400438685e+00 inf =   1.386e-02 (8164) 1
*1930005: obj =   4.400423823e+00 inf =   1.391e-02 (8126) 2
*1930203: obj =   4.400412954e+00 inf =   1.345e-02 (8076) 2
*1930378: obj =   4.400397517e+00 inf =   1.330e-02 (6571) 2
*1930565: obj =   4.400382974e+00 inf =   1.356e-02 (6532) 2
*1930740: obj =   4.400369587e+00 inf =   1.371e-02 (6630) 2
*1930930: obj =   4.400351355e+00 inf =   1.397e-02 (6566) 1
*1931110: obj =   4.400349818e+00 inf =   1.398e-02 (6405) 2
*1931310: obj =   4.400342409e+00 inf =   1.358e-02 (6727) 2
*1931497: obj =   4.400336640e+00 inf =   1.357e-02 (7505) 2
*1931698: obj =   4.400332300e+00 inf =   1.327e-02 (7534) 2
*1931897: obj =   4.400329733e+00 inf =   1.279e-02 (7558) 2
*1932092: obj =   4.400325518e+00 inf =   1.230e-02 (6711) 2
*1932291: obj =   4.400311628e+00 inf =   1.194e-02 (7702) 2
*1932486: obj =   4.400300227e+00 inf =   1.185e-02 (8327) 2
*1932693: obj =   4.400290387e+00 inf =   1.184e-02 (17370) 1
*1932891: obj =   4.400271682e+00 inf =   1.216e-02 (8310) 2
*1933117: obj =   4.400245994e+00 inf =   1.196e-02 (8333) 2
*1933339: obj =   4.400228409e+00 inf =   1.142e-02 (6396) 3
*1933537: obj =   4.400217532e+00 inf =   1.123e-02 (8190) 1
*1933709: obj =   4.400197193e+00 inf =   1.178e-02 (6448) 2
*1933884: obj =   4.400182670e+00 inf =   1.227e-02 (6401) 2
*1934064: obj =   4.400173981e+00 inf =   1.272e-02 (7321) 2
*1934266: obj =   4.400172689e+00 inf =   1.235e-02 (6260) 2
*1934469: obj =   4.400166727e+00 inf =   1.219e-02 (7403) 2
*1934672: obj =   4.400159290e+00 inf =   1.202e-02 (15510) 2
*1934895: obj =   4.400138930e+00 inf =   1.226e-02 (8257) 2
*1935098: obj =   4.400128998e+00 inf =   1.205e-02 (6281) 2
*1935300: obj =   4.400118467e+00 inf =   1.213e-02 (6297) 2
*1935494: obj =   4.400113144e+00 inf =   1.197e-02 (6199) 1
*1935668: obj =   4.400107613e+00 inf =   1.176e-02 (6313) 2
*1935833: obj =   4.400092985e+00 inf =   1.182e-02 (6355) 2
*1936011: obj =   4.400086329e+00 inf =   1.199e-02 (6201) 2
*1936209: obj =   4.400082329e+00 inf =   1.197e-02 (6218) 1
*1936383: obj =   4.400068193e+00 inf =   1.224e-02 (6324) 2
*1936555: obj =   4.400054345e+00 inf =   1.282e-02 (6249) 2
*1936753: obj =   4.400040729e+00 inf =   1.385e-02 (18946) 2
*1936994: obj =   4.400013951e+00 inf =   1.381e-02 (18806) 2
*1937227: obj =   4.399822186e+00 inf =   1.353e-02 (18934) 3
*1937453: obj =   4.399482366e+00 inf =   1.336e-02 (18880) 2
*1937676: obj =   4.398834641e+00 inf =   1.339e-02 (18831) 2
*1937899: obj =   4.398304508e+00 inf =   1.339e-02 (18945) 2
*1938124: obj =   4.397701908e+00 inf =   1.353e-02 (18915) 2
*1938346: obj =   4.396957324e+00 inf =   1.362e-02 (18898) 3
*1938571: obj =   4.396140784e+00 inf =   1.372e-02 (18809) 2
*1938795: obj =   4.394980368e+00 inf =   1.392e-02 (18806) 2
*1939017: obj =   4.394139940e+00 inf =   1.377e-02 (18817) 2
*1939244: obj =   4.393330309e+00 inf =   1.370e-02 (18748) 2
*1939466: obj =   4.392481292e+00 inf =   1.375e-02 (18765) 3
*1939690: obj =   4.391181676e+00 inf =   1.342e-02 (18663) 2
*1939913: obj =   4.389757302e+00 inf =   1.402e-02 (18626) 2
*1940139: obj =   4.388376826e+00 inf =   1.424e-02 (18634) 2
*1940363: obj =   4.387475052e+00 inf =   1.506e-02 (18626) 3
*1940587: obj =   4.386139087e+00 inf =   1.565e-02 (18588) 2
*1940811: obj =   4.385691872e+00 inf =   1.606e-02 (18468) 2
*1941035: obj =   4.385073955e+00 inf =   1.669e-02 (18365) 2
*1941265: obj =   4.384502427e+00 inf =   1.740e-02 (18333) 2
*1941486: obj =   4.383790373e+00 inf =   1.832e-02 (18224) 3
*1941708: obj =   4.383190038e+00 inf =   1.828e-02 (18140) 2
*1941929: obj =   4.382866826e+00 inf =   1.828e-02 (18067) 2
*1942154: obj =   4.382350506e+00 inf =   1.810e-02 (17995) 2
*1942380: obj =   4.381956637e+00 inf =   1.869e-02 (17909) 2
*1942599: obj =   4.381316613e+00 inf =   1.918e-02 (17810) 3
*1942820: obj =   4.380857210e+00 inf =   1.977e-02 (17702) 2
*1943041: obj =   4.380367496e+00 inf =   2.044e-02 (17579) 2
*1943265: obj =   4.380140361e+00 inf =   2.033e-02 (17531) 2
*1943488: obj =   4.379802161e+00 inf =   2.061e-02 (17525) 2
*1943706: obj =   4.379345485e+00 inf =   2.101e-02 (17469) 3
*1943928: obj =   4.378743552e+00 inf =   2.151e-02 (17409) 2
*1944153: obj =   4.378314543e+00 inf =   2.215e-02 (17295) 2
*1944379: obj =   4.377897472e+00 inf =   2.302e-02 (17230) 2
*1944601: obj =   4.377827679e+00 inf =   2.360e-02 (17017) 2
*1944818: obj =   4.377662713e+00 inf =   2.398e-02 (16955) 3
*1945039: obj =   4.377347781e+00 inf =   2.419e-02 (16820) 2
*1945265: obj =   4.377068136e+00 inf =   2.390e-02 (16806) 2
*1945488: obj =   4.376776879e+00 inf =   2.376e-02 (16824) 2
*1945710: obj =   4.376526164e+00 inf =   2.393e-02 (16672) 2
*1945926: obj =   4.376326269e+00 inf =   2.379e-02 (16589) 3
*1946148: obj =   4.376297116e+00 inf =   2.376e-02 (16495) 2
*1946373: obj =   4.376011710e+00 inf =   2.334e-02 (16441) 2
*1946597: obj =   4.375647710e+00 inf =   2.332e-02 (16421) 2
*1946819: obj =   4.375419216e+00 inf =   2.357e-02 (16315) 2
*1947038: obj =   4.375021352e+00 inf =   2.431e-02 (16242) 3
*1947267: obj =   4.374749186e+00 inf =   2.512e-02 (16089) 2
*1947493: obj =   4.374472240e+00 inf =   2.606e-02 (16022) 2
*1947718: obj =   4.374103124e+00 inf =   2.775e-02 (16014) 2
*1947939: obj =   4.373898954e+00 inf =   2.909e-02 (15942) 3
*1948167: obj =   4.373510657e+00 inf =   3.150e-02 (15817) 2
*1948357: obj =   4.373301208e+00 inf =   3.345e-02 (15758) 2
*1948578: obj =   4.372987157e+00 inf =   3.639e-02 (15661) 2
*1948807: obj =   4.372735171e+00 inf =   3.856e-02 (15535) 2
*1949034: obj =   4.372474243e+00 inf =   4.099e-02 (15433) 2
*1949265: obj =   4.372052233e+00 inf =   4.623e-02 (15367) 3
*1949499: obj =   4.371720485e+00 inf =   5.124e-02 (15278) 2
*1949733: obj =   4.371333475e+00 inf =   5.759e-02 (15173) 2
*1949961: obj =   4.371153220e+00 inf =   6.070e-02 (15049) 3
*1950200: obj =   4.370724056e+00 inf =   6.868e-02 (14963) 2
*1950440: obj =   4.370622449e+00 inf =   7.076e-02 (14903) 2
*1950683: obj =   4.370259400e+00 inf =   7.882e-02 (14780) 3
*1950933: obj =   4.370005914e+00 inf =   8.519e-02 (14632) 2
*1951184: obj =   4.369793213e+00 inf =   9.130e-02 (14458) 3
*1951450: obj =   4.369722023e+00 inf =   9.255e-02 (14351) 2
*1951719: obj =   4.369675682e+00 inf =   9.237e-02 (14231) 3
*1951994: obj =   4.369561075e+00 inf =   9.350e-02 (14099) 3
*1952293: obj =   4.369430328e+00 inf =   9.472e-02 (13956) 3
*1952585: obj =   4.369281986e+00 inf =   9.406e-02 (14193) 2
*1952829: obj =   4.369019551e+00 inf =   9.466e-02 (14222) 3
*1953071: obj =   4.368691468e+00 inf =   9.574e-02 (14330) 2
*1953313: obj =   4.368497189e+00 inf =   9.604e-02 (14186) 3
*1953559: obj =   4.368047436e+00 inf =   9.937e-02 (14172) 2
*1953797: obj =   4.367902369e+00 inf =   9.931e-02 (14203) 2
*1954026: obj =   4.367713443e+00 inf =   1.002e-01 (14193) 3
*1954267: obj =   4.367355705e+00 inf =   1.032e-01 (14104) 2
*1954502: obj =   4.367129402e+00 inf =   1.050e-01 (14104) 2
*1954726: obj =   4.366881605e+00 inf =   1.063e-01 (14050) 3
*1954952: obj =   4.366880101e+00 inf =   1.043e-01 (14040) 2
*1955181: obj =   4.366772665e+00 inf =   1.032e-01 (13924) 2
*1955410: obj =   4.366658025e+00 inf =   1.020e-01 (13886) 2
*1955634: obj =   4.366256863e+00 inf =   1.028e-01 (13834) 3
*1955858: obj =   4.366215127e+00 inf =   1.019e-01 (13786) 2
*1956084: obj =   4.365880054e+00 inf =   1.023e-01 (13819) 2
*1956315: obj =   4.365624233e+00 inf =   1.036e-01 (13692) 2
*1956539: obj =   4.365560266e+00 inf =   1.027e-01 (13607) 2
*1956757: obj =   4.365505787e+00 inf =   1.003e-01 (13598) 3
*1956979: obj =   4.365388824e+00 inf =   9.869e-02 (13515) 2
*1957207: obj =   4.365139524e+00 inf =   9.859e-02 (13504) 2
*1957434: obj =   4.364917825e+00 inf =   9.901e-02 (13506) 2
*1957654: obj =   4.364791205e+00 inf =   9.820e-02 (13578) 3
*1957876: obj =   4.364730619e+00 inf =   9.594e-02 (13437) 2
*1958100: obj =   4.364566884e+00 inf =   9.495e-02 (13288) 2
*1958326: obj =   4.364522187e+00 inf =   9.252e-02 (13210) 2
*1958551: obj =   4.364346409e+00 inf =   9.184e-02 (13209) 2
*1958769: obj =   4.364261226e+00 inf =   9.046e-02 (13201) 3
*1958992: obj =   4.364093455e+00 inf =   8.919e-02 (13081) 2
*1959219: obj =   4.363885394e+00 inf =   8.942e-02 (13042) 2
*1959444: obj =   4.363756226e+00 inf =   8.886e-02 (13072) 2
*1959667: obj =   4.363701453e+00 inf =   8.669e-02 (12891) 2
*1959885: obj =   4.363574851e+00 inf =   8.566e-02 (12933) 3
*1960108: obj =   4.363472921e+00 inf =   8.516e-02 (12977) 2
*1960335: obj =   4.363378583e+00 inf =   8.483e-02 (12967) 2
*1960559: obj =   4.363269933e+00 inf =   8.337e-02 (12890) 2
*1960781: obj =   4.363152669e+00 inf =   8.296e-02 (12778) 2
*1960997: obj =   4.363151905e+00 inf =   7.980e-02 (12843) 3
*1961223: obj =   4.363119979e+00 inf =   7.771e-02 (12763) 2
*1961450: obj =   4.362983519e+00 inf =   7.616e-02 (12756) 2
*1961675: obj =   4.362843107e+00 inf =   7.578e-02 (12717) 2
*1961899: obj =   4.362642006e+00 inf =   7.597e-02 (12681) 2
*1962120: obj =   4.362485799e+00 inf =   7.633e-02 (12579) 3
*1962346: obj =   4.362465106e+00 inf =   7.627e-02 (12579) 2
*1962570: obj =   4.362335315e+00 inf =   7.584e-02 (12603) 2
*1962792: obj =   4.362224661e+00 inf =   7.580e-02 (12508) 2
*1963012: obj =   4.362145829e+00 inf =   7.531e-02 (12420) 2
*1963235: obj =   4.362063668e+00 inf =   7.464e-02 (12220) 3
*1963458: obj =   4.362028913e+00 inf =   7.421e-02 (12269) 2
*1963682: obj =   4.361902447e+00 inf =   7.380e-02 (12293) 2
*1963904: obj =   4.361885720e+00 inf =   7.315e-02 (12251) 2
*1964129: obj =   4.361779955e+00 inf =   7.257e-02 (12176) 2
*1964350: obj =   4.361711974e+00 inf =   7.264e-02 (12052) 3
*1964572: obj =   4.361644340e+00 inf =   7.114e-02 (12009) 2
*1964794: obj =   4.361583130e+00 inf =   7.095e-02 (11999) 2
*1965014: obj =   4.361528910e+00 inf =   7.054e-02 (11917) 2
*1965239: obj =   4.361510130e+00 inf =   6.858e-02 (11864) 2
*1965462: obj =   4.361374981e+00 inf =   6.784e-02 (11866) 3
*1965684: obj =   4.361335295e+00 inf =   6.772e-02 (11906) 2
*1965905: obj =   4.361237585e+00 inf =   6.744e-02 (11851) 2
*1966128: obj =   4.361163098e+00 inf =   6.724e-02 (11885) 2
*1966356: obj =   4.361043944e+00 inf =   6.759e-02 (11871) 2
*1966577: obj =   4.360906413e+00 inf =   6.800e-02 (11848) 3
*1966800: obj =   4.360823212e+00 inf =   6.858e-02 (11806) 2
*1967021: obj =   4.360738771e+00 inf =   6.869e-02 (11723) 2
*1967247: obj =   4.360692460e+00 inf =   6.792e-02 (11676) 2
*1967472: obj =   4.360598554e+00 inf =   6.816e-02 (11653) 3
*1967695: obj =   4.360512056e+00 inf =   6.831e-02 (11602) 2
*1967917: obj =   4.360425920e+00 inf =   6.823e-02 (11521) 2
*1968142: obj =   4.360316956e+00 inf =   6.852e-02 (11512) 2
*1968369: obj =   4.360254382e+00 inf =   6.865e-02 (11436) 2
*1968591: obj =   4.360149556e+00 inf =   6.896e-02 (11421) 3
*1968817: obj =   4.360032333e+00 inf =   6.959e-02 (11353) 2
*1969040: obj =   4.359971447e+00 inf =   6.984e-02 (11222) 2
*1969269: obj =   4.359905704e+00 inf =   6.988e-02 (11212) 2
*1969493: obj =   4.359812601e+00 inf =   7.073e-02 (11248) 3
*1969719: obj =   4.359710160e+00 inf =   7.206e-02 (11183) 2
*1969943: obj =   4.359633082e+00 inf =   7.278e-02 (11087) 2
*1970171: obj =   4.359545425e+00 inf =   7.296e-02 (11094) 2
*1970399: obj =   4.359450298e+00 inf =   7.362e-02 (11034) 2
*1970620: obj =   4.359376098e+00 inf =   7.470e-02 (11020) 3
*1970843: obj =   4.359351908e+00 inf =   7.499e-02 (10929) 2
*1971067: obj =   4.359281850e+00 inf =   7.554e-02 (10873) 2
*1971294: obj =   4.359235594e+00 inf =   7.576e-02 (10878) 2
*1971516: obj =   4.359192813e+00 inf =   7.527e-02 (10896) 2
*1971744: obj =   4.359070306e+00 inf =   7.576e-02 (10812) 3
*1971974: obj =   4.359030730e+00 inf =   7.619e-02 (10755) 2
*1972207: obj =   4.358909122e+00 inf =   7.685e-02 (10782) 2
*1972434: obj =   4.358770126e+00 inf =   7.803e-02 (10729) 3
*1972658: obj =   4.358737838e+00 inf =   7.839e-02 (10746) 2
*1972882: obj =   4.358671215e+00 inf =   7.892e-02 (10655) 2
*1973135: obj =   4.358612028e+00 inf =   7.913e-02 (10580) 3
*1973374: obj =   4.358508040e+00 inf =   7.950e-02 (10536) 2
*1973606: obj =   4.358422659e+00 inf =   7.987e-02 (10544) 2
*1973837: obj =   4.358306699e+00 inf =   8.044e-02 (10467) 2
*1974060: obj =   4.358256815e+00 inf =   8.071e-02 (10388) 3
*1974291: obj =   4.358213609e+00 inf =   7.995e-02 (10536) 2
*1974522: obj =   4.358120364e+00 inf =   8.032e-02 (10458) 2
*1974752: obj =   4.358027417e+00 inf =   8.105e-02 (10362) 3
*1974989: obj =   4.357977601e+00 inf =   8.172e-02 (10292) 2
*1975223: obj =   4.357942427e+00 inf =   8.192e-02 (10323) 2
*1975453: obj =   4.357844094e+00 inf =   8.267e-02 (10375) 2
*1975677: obj =   4.357759473e+00 inf =   8.361e-02 (10403) 3
*1975904: obj =   4.357696503e+00 inf =   8.447e-02 (10282) 2
*1976131: obj =   4.357635667e+00 inf =   8.512e-02 (10293) 2
*1976362: obj =   4.357607354e+00 inf =   8.491e-02 (10299) 2
*1976587: obj =   4.357526645e+00 inf =   8.601e-02 (10231) 3
*1976818: obj =   4.357461521e+00 inf =   8.679e-02 (10239) 2
*1977055: obj =   4.357351933e+00 inf =   8.799e-02 (10083) 2
*1977289: obj =   4.357300989e+00 inf =   8.842e-02 (10015) 3
*1977526: obj =   4.357231998e+00 inf =   8.947e-02 (10034) 2
*1977759: obj =   4.357149427e+00 inf =   9.079e-02 (9999) 2
*1977989: obj =   4.357058945e+00 inf =   9.252e-02 (9915) 3
*1978220: obj =   4.357046992e+00 inf =   9.242e-02 (9937) 2
*1978448: obj =   4.356973951e+00 inf =   9.298e-02 (9970) 2
*1978681: obj =   4.356886401e+00 inf =   9.395e-02 (10022) 2
*1978908: obj =   4.356824818e+00 inf =   9.451e-02 (9896) 3
*1979139: obj =   4.356783037e+00 inf =   9.451e-02 (9831) 2
*1979369: obj =   4.356742897e+00 inf =   9.445e-02 (9852) 2
*1979599: obj =   4.356666855e+00 inf =   9.482e-02 (9811) 2
*1979823: obj =   4.356614900e+00 inf =   9.500e-02 (9724) 3
*1980050: obj =   4.356517221e+00 inf =   9.584e-02 (9744) 2
*1980281: obj =   4.356462755e+00 inf =   9.631e-02 (9675) 2
*1980509: obj =   4.356407034e+00 inf =   9.725e-02 (9713) 2
*1980750: obj =   4.356363483e+00 inf =   9.803e-02 (9680) 3
*1980999: obj =   4.356256581e+00 inf =   9.830e-02 (9614) 2
*1981242: obj =   4.356187847e+00 inf =   9.888e-02 (9562) 3
*1981479: obj =   4.356139064e+00 inf =   9.967e-02 (9673) 2
*1981711: obj =   4.356119729e+00 inf =   9.895e-02 (9661) 2
*1981941: obj =   4.356031231e+00 inf =   9.964e-02 (9613) 3
*1982187: obj =   4.355968491e+00 inf =   9.883e-02 (9678) 2
*1982412: obj =   4.355946786e+00 inf =   9.794e-02 (9639) 2
*1982634: obj =   4.355878581e+00 inf =   9.745e-02 (9554) 3
*1982862: obj =   4.355835295e+00 inf =   9.681e-02 (9495) 2
*1983088: obj =   4.355785509e+00 inf =   9.639e-02 (9418) 2
*1983316: obj =   4.355742038e+00 inf =   9.548e-02 (9450) 2
*1983541: obj =   4.355681636e+00 inf =   9.546e-02 (9551) 2
*1983762: obj =   4.355604540e+00 inf =   9.541e-02 (9434) 3
*1983990: obj =   4.355469069e+00 inf =   9.479e-02 (9205) 2
*1984222: obj =   4.355385278e+00 inf =   9.250e-02 (9332) 2
*1984450: obj =   4.355325075e+00 inf =   9.227e-02 (9280) 2
*1984670: obj =   4.355305079e+00 inf =   9.157e-02 (9126) 3
*1984892: obj =   4.355282617e+00 inf =   8.973e-02 (9067) 2
*1985117: obj =   4.355232042e+00 inf =   8.881e-02 (9033) 2
*1985347: obj =   4.355186147e+00 inf =   8.818e-02 (9129) 2
*1985572: obj =   4.355129238e+00 inf =   8.787e-02 (9143) 3
*1985805: obj =   4.355070324e+00 inf =   8.826e-02 (9066) 2
*1986039: obj =   4.355017739e+00 inf =   8.885e-02 (9124) 2
*1986271: obj =   4.354978861e+00 inf =   8.867e-02 (9050) 3
*1986535: obj =   4.354934029e+00 inf =   8.857e-02 (9026) 2
*1986807: obj =   4.354927078e+00 inf =   8.568e-02 (8917) 3
*1987076: obj =   4.354885317e+00 inf =   8.271e-02 (8741) 2
*1987304: obj =   4.354835888e+00 inf =   8.204e-02 (8960) 3
*1987530: obj =   4.354771740e+00 inf =   8.170e-02 (8987) 2
*1987755: obj =   4.354703450e+00 inf =   8.110e-02 (8882) 2
*1987981: obj =   4.354633198e+00 inf =   8.101e-02 (8814) 2
*1988209: obj =   4.354587934e+00 inf =   8.107e-02 (8714) 3
*1988446: obj =   4.354538305e+00 inf =   8.139e-02 (8698) 2
*1988691: obj =   4.354497762e+00 inf =   8.182e-02 (8634) 2
*1988966: obj =   4.354485700e+00 inf =   8.036e-02 (8542) 3
*1989222: obj =   4.354410166e+00 inf =   7.978e-02 (8601) 3
*1989463: obj =   4.354361174e+00 inf =   7.954e-02 (8631) 2
*1989707: obj =   4.354336732e+00 inf =   7.944e-02 (8621) 2
*1989944: obj =   4.354280797e+00 inf =   7.917e-02 (8639) 3
*1990168: obj =   4.354272064e+00 inf =   7.777e-02 (8768) 2
*1990394: obj =   4.354230731e+00 inf =   7.698e-02 (8734) 2
*1990622: obj =   4.354166875e+00 inf =   7.726e-02 (8608) 3
*1990851: obj =   4.354122349e+00 inf =   7.760e-02 (8627) 2
*1991089: obj =   4.354088639e+00 inf =   7.744e-02 (8626) 2
*1991331: obj =   4.354053082e+00 inf =   7.694e-02 (8785) 3
*1991575: obj =   4.353981487e+00 inf =   7.742e-02 (8688) 2
*1991828: obj =   4.353936620e+00 inf =   7.761e-02 (8604) 2
*1992059: obj =   4.353894221e+00 inf =   7.802e-02 (8603) 3
*1992290: obj =   4.353877733e+00 inf =   7.803e-02 (8651) 2
*1992518: obj =   4.353824928e+00 inf =   7.836e-02 (8537) 2
*1992741: obj =   4.353814055e+00 inf =   7.767e-02 (8563) 2
*1992960: obj =   4.353802745e+00 inf =   7.664e-02 (8348) 3
*1993203: obj =   4.353772626e+00 inf =   7.479e-02 (8529) 2
*1993442: obj =   4.353722331e+00 inf =   7.491e-02 (8360) 2
*1993686: obj =   4.353680826e+00 inf =   7.523e-02 (8285) 3
*1993930: obj =   4.353641961e+00 inf =   7.542e-02 (8144) 2
*1994166: obj =   4.353594250e+00 inf =   7.589e-02 (8256) 3
*1994414: obj =   4.353561353e+00 inf =   7.616e-02 (8238) 2
*1994687: obj =   4.353542285e+00 inf =   7.556e-02 (8172) 3
*1994991: obj =   4.353509469e+00 inf =   7.121e-02 (8205) 3
*1995276: obj =   4.353463615e+00 inf =   7.005e-02 (8223) 2
*1995522: obj =   4.353414671e+00 inf =   6.972e-02 (8271) 3
*1995795: obj =   4.353391220e+00 inf =   6.956e-02 (8058) 3
*1996093: obj =   4.353332485e+00 inf =   6.624e-02 (7980) 3
*1996363: obj =   4.353314000e+00 inf =   6.586e-02 (8133) 2
*1996646: obj =   4.353277587e+00 inf =   6.422e-02 (8149) 3
*1996917: obj =   4.353245357e+00 inf =   6.372e-02 (8018) 3
*1997200: obj =   4.353223838e+00 inf =   6.142e-02 (8047) 3
*1997467: obj =   4.353185247e+00 inf =   6.100e-02 (8006) 2
*1997730: obj =   4.353165186e+00 inf =   5.995e-02 (7943) 3
*1998011: obj =   4.353128599e+00 inf =   5.853e-02 (7867) 3
*1998278: obj =   4.352971235e+00 inf =   5.763e-02 (8079) 2
*1998510: obj =   4.352920236e+00 inf =   5.754e-02 (8097) 2
*1998736: obj =   4.352875240e+00 inf =   5.763e-02 (7959) 3
*1998969: obj =   4.352840451e+00 inf =   5.797e-02 (8001) 2
*1999209: obj =   4.352796423e+00 inf =   5.829e-02 (8010) 2
*1999445: obj =   4.352762294e+00 inf =   5.880e-02 (8012) 3
*1999684: obj =   4.352726401e+00 inf =   5.918e-02 (7918) 2
*1999909: obj =   4.352711452e+00 inf =   5.955e-02 (7911) 2
*2000133: obj =   4.352703860e+00 inf =   5.892e-02 (7923) 3
*2000362: obj =   4.352683908e+00 inf =   5.877e-02 (7877) 2
*2000590: obj =   4.352635453e+00 inf =   5.857e-02 (7834) 2
*2000817: obj =   4.352605911e+00 inf =   5.914e-02 (7741) 2
*2001076: obj =   4.352532610e+00 inf =   5.821e-02 (7710) 3
*2001332: obj =   4.352508160e+00 inf =   5.746e-02 (7880) 2
*2001563: obj =   4.352440240e+00 inf =   5.746e-02 (7837) 3
*2001793: obj =   4.352384033e+00 inf =   5.730e-02 (7843) 2
*2002020: obj =   4.352344476e+00 inf =   5.713e-02 (7713) 2
*2002251: obj =   4.352293863e+00 inf =   5.753e-02 (7765) 2
*2002476: obj =   4.352261029e+00 inf =   5.812e-02 (7725) 3
*2002703: obj =   4.352247383e+00 inf =   5.837e-02 (7647) 2
*2002959: obj =   4.352214750e+00 inf =   5.746e-02 (7419) 2
*2003216: obj =   4.352191864e+00 inf =   5.686e-02 (7534) 3
*2003469: obj =   4.352155016e+00 inf =   5.699e-02 (7603) 3
*2003707: obj =   4.352115834e+00 inf =   5.735e-02 (7437) 2
*2003956: obj =   4.352098961e+00 inf =   5.690e-02 (7412) 2
*2004200: obj =   4.352065559e+00 inf =   5.684e-02 (7306) 3
*2004446: obj =   4.352038319e+00 inf =   5.745e-02 (7390) 2
*2004688: obj =   4.351999087e+00 inf =   5.821e-02 (7510) 3
*2004921: obj =   4.351984023e+00 inf =   5.819e-02 (7360) 2
*2005146: obj =   4.351961609e+00 inf =   5.746e-02 (7471) 2
*2005381: obj =   4.351944969e+00 inf =   5.684e-02 (7402) 2
*2005641: obj =   4.351917343e+00 inf =   5.679e-02 (7308) 3
*2005891: obj =   4.351897515e+00 inf =   5.690e-02 (7224) 2
*2006110: obj =   4.351883720e+00 inf =   5.618e-02 (7245) 3
*2006348: obj =   4.351864625e+00 inf =   5.552e-02 (7303) 2
*2006576: obj =   4.351840749e+00 inf =   5.505e-02 (7259) 2
*2006803: obj =   4.351817625e+00 inf =   5.450e-02 (7173) 2
*2007046: obj =   4.351744436e+00 inf =   5.427e-02 (7293) 3
*2007304: obj =   4.351721770e+00 inf =   5.349e-02 (7140) 2
*2007560: obj =   4.351684343e+00 inf =   5.323e-02 (7280) 3
*2007816: obj =   4.351656936e+00 inf =   5.356e-02 (7057) 2
*2008102: obj =   4.351655502e+00 inf =   5.141e-02 (7041) 3
*2008360: obj =   4.351649381e+00 inf =   5.046e-02 (7128) 3
*2008596: obj =   4.351604774e+00 inf =   5.047e-02 (7115) 2
*2008840: obj =   4.351595226e+00 inf =   5.060e-02 (7072) 3
*2009087: obj =   4.027409879e+00 inf =   5.065e-02 (21372) 2
*2009327: obj =   4.027221974e+00 inf =   4.984e-02 (21380) 2
*2009551: obj =   4.027083628e+00 inf =   4.981e-02 (21342) 3
*2009779: obj =   4.026695165e+00 inf =   4.919e-02 (21291) 2
*2010004: obj =   4.026468430e+00 inf =   4.936e-02 (21207) 2
*2010234: obj =   4.026122745e+00 inf =   4.917e-02 (21156) 2
*2010458: obj =   4.025840034e+00 inf =   4.915e-02 (21073) 3
*2010685: obj =   4.025300259e+00 inf =   4.964e-02 (21011) 2
*2010910: obj =   4.024892650e+00 inf =   5.080e-02 (20953) 2
*2011136: obj =   4.024322496e+00 inf =   5.262e-02 (20870) 2
*2011359: obj =   4.024152976e+00 inf =   5.325e-02 (20841) 3
*2011582: obj =   4.024026745e+00 inf =   5.335e-02 (20747) 2
*2011807: obj =   4.023637101e+00 inf =   5.461e-02 (20714) 2
*2012028: obj =   4.023427284e+00 inf =   5.499e-02 (20670) 2
*2012255: obj =   4.023010245e+00 inf =   5.645e-02 (20618) 2
*2012477: obj =   4.022690468e+00 inf =   5.795e-02 (20573) 3
*2012701: obj =   4.022571896e+00 inf =   5.825e-02 (20466) 2
*2012923: obj =   4.022361957e+00 inf =   5.826e-02 (20350) 2
*2013146: obj =   4.022075228e+00 inf =   5.932e-02 (20286) 2
*2013373: obj =   4.021782034e+00 inf =   6.012e-02 (20142) 2
*2013593: obj =   4.021338017e+00 inf =   6.232e-02 (20141) 3
*2013814: obj =   4.021123797e+00 inf =   6.355e-02 (20065) 2
*2014035: obj =   4.020669108e+00 inf =   6.617e-02 (19964) 2
*2014260: obj =   4.020254345e+00 inf =   6.856e-02 (19891) 2
*2014482: obj =   4.019897493e+00 inf =   7.104e-02 (19811) 2
*2014698: obj =   4.019473675e+00 inf =   7.436e-02 (19727) 3
*2014917: obj =   4.019244622e+00 inf =   7.599e-02 (19608) 2
*2015136: obj =   4.018915716e+00 inf =   7.854e-02 (19508) 2
*2015359: obj =   4.018721056e+00 inf =   7.938e-02 (19442) 2
*2015580: obj =   4.018357502e+00 inf =   8.213e-02 (19355) 2
*2015799: obj =   4.017966345e+00 inf =   8.544e-02 (19302) 2
*2016013: obj =   4.017585719e+00 inf =   8.837e-02 (19246) 3
*2016235: obj =   4.017182542e+00 inf =   9.175e-02 (19177) 2
*2016457: obj =   4.016874554e+00 inf =   9.475e-02 (19102) 2
*2016675: obj =   4.016759280e+00 inf =   9.483e-02 (19023) 2
*2016893: obj =   4.016614042e+00 inf =   9.358e-02 (18872) 2
*2017113: obj =   4.016215211e+00 inf =   9.685e-02 (18789) 2
*2017335: obj =   4.015892861e+00 inf =   9.945e-02 (18677) 3
*2017557: obj =   4.015498836e+00 inf =   1.031e-01 (18561) 2
*2017779: obj =   4.015127906e+00 inf =   1.065e-01 (18470) 2
*2018001: obj =   4.014903112e+00 inf =   1.090e-01 (18384) 2
*2018224: obj =   4.014774242e+00 inf =   1.079e-01 (18314) 2
*2018445: obj =   4.014420510e+00 inf =   1.113e-01 (18214) 3
*2018670: obj =   4.014000301e+00 inf =   1.155e-01 (18088) 2
*2018893: obj =   4.013731636e+00 inf =   1.186e-01 (18036) 2
*2019115: obj =   4.013351738e+00 inf =   1.230e-01 (17889) 2
*2019345: obj =   4.013030899e+00 inf =   1.262e-01 (17897) 3
*2019574: obj =   4.013029724e+00 inf =   1.222e-01 (17762) 2
*2019798: obj =   4.012966823e+00 inf =   1.171e-01 (17614) 2
*2020018: obj =   4.012966671e+00 inf =   1.113e-01 (17545) 2
*2020245: obj =   4.012633630e+00 inf =   1.133e-01 (17493) 2
*2020465: obj =   4.012561677e+00 inf =   1.094e-01 (17394) 3
*2020691: obj =   4.012222186e+00 inf =   1.117e-01 (17395) 2
*2020911: obj =   4.011955020e+00 inf =   1.132e-01 (16792) 2
*2021111: obj =   4.011943825e+00 inf =   1.114e-01 (16833) 2
*2021311: obj =   4.011890253e+00 inf =   1.094e-01 (16977) 2
*2021519: obj =   4.011844028e+00 inf =   1.077e-01 (17617) 2
*2021712: obj =   4.011700255e+00 inf =   1.063e-01 (17803) 2
*2021908: obj =   4.011598013e+00 inf =   1.045e-01 (17798) 2
*2022093: obj =   4.011433955e+00 inf =   1.029e-01 (151137) 2
*2022292: obj =   4.011364359e+00 inf =   1.022e-01 (151313) 2
*2022490: obj =   4.011152069e+00 inf =   1.003e-01 (151432) 1
*2022688: obj =   4.011098632e+00 inf =   9.990e-02 (151463) 2
*2022887: obj =   4.010965323e+00 inf =   9.811e-02 (151504) 2
*2023080: obj =   4.010774245e+00 inf =   9.683e-02 (15894) 2
*2023253: obj =   4.010684675e+00 inf =   9.574e-02 (15722) 2
*2023402: obj =   4.010593318e+00 inf =   9.518e-02 (15667) 1
*2023543: obj =   4.010555109e+00 inf =   9.481e-02 (151544) 2
*2023715: obj =   4.010399461e+00 inf =   9.276e-02 (151775) 1
*2023884: obj =   4.010216379e+00 inf =   9.154e-02 (151861) 2
*2024076: obj =   4.009961663e+00 inf =   9.031e-02 (151910) 2
*2024274: obj =   4.009944152e+00 inf =   8.963e-02 (15427) 2
*2024461: obj =   4.009877860e+00 inf =   8.798e-02 (15489) 2
*2024653: obj =   4.009686090e+00 inf =   8.674e-02 (151982) 1
*2024832: obj =   4.009504654e+00 inf =   8.558e-02 (15413) 2
*2025021: obj =   4.009352213e+00 inf =   8.438e-02 (151985) 2
*2025193: obj =   4.009195615e+00 inf =   8.326e-02 (15287) 2
*2025394: obj =   4.009097552e+00 inf =   8.239e-02 (15243) 2
*2025587: obj =   4.008851360e+00 inf =   8.125e-02 (15259) 1
*2025750: obj =   4.008731019e+00 inf =   8.075e-02 (15440) 2
*2025944: obj =   4.008483319e+00 inf =   7.961e-02 (152004) 2
*2026134: obj =   4.008451899e+00 inf =   7.885e-02 (150950) 2
*2026322: obj =   4.008390086e+00 inf =   7.763e-02 (15146) 2
*2026525: obj =   4.008336292e+00 inf =   7.623e-02 (151767) 1
*2026706: obj =   4.008205474e+00 inf =   7.427e-02 (15123) 2
*2026882: obj =   4.008054810e+00 inf =   7.306e-02 (151813) 2
*2027059: obj =   4.007949515e+00 inf =   7.226e-02 (152016) 2
*2027249: obj =   4.007827715e+00 inf =   7.170e-02 (14922) 2
*2027443: obj =   4.007740634e+00 inf =   7.042e-02 (152028) 1
*2027622: obj =   4.007555518e+00 inf =   6.922e-02 (14768) 2
*2027800: obj =   4.007377848e+00 inf =   6.805e-02 (14724) 2
*2027975: obj =   4.007334987e+00 inf =   6.720e-02 (151845) 2
*2028171: obj =   4.007322246e+00 inf =   6.228e-02 (14891) 1
*2028343: obj =   4.007125900e+00 inf =   6.073e-02 (14767) 2
*2028536: obj =   4.007052538e+00 inf =   6.006e-02 (14642) 2
*2028697: obj =   4.007014659e+00 inf =   5.805e-02 (14579) 2
*2028888: obj =   4.006785564e+00 inf =   5.621e-02 (14509) 1
*2029050: obj =   4.006649725e+00 inf =   5.515e-02 (151859) 2
*2029230: obj =   4.006554639e+00 inf =   5.439e-02 (14435) 2
*2029423: obj =   4.006510057e+00 inf =   5.362e-02 (14352) 2
*2029611: obj =   4.006296524e+00 inf =   5.186e-02 (14269) 2
*2029802: obj =   4.006174220e+00 inf =   5.133e-02 (14246) 1
*2029969: obj =   4.006034556e+00 inf =   5.038e-02 (151525) 2
*2030164: obj =   4.005998543e+00 inf =   4.989e-02 (14305) 2
*2030341: obj =   4.005945768e+00 inf =   4.906e-02 (14340) 2
*2030533: obj =   4.005766884e+00 inf =   4.850e-02 (14261) 1
*2030700: obj =   4.005703850e+00 inf =   4.840e-02 (14192) 2
*2030880: obj =   4.005543262e+00 inf =   4.806e-02 (151446) 2
*2031068: obj =   4.005501732e+00 inf =   4.597e-02 (151437) 2
*2031241: obj =   4.005420194e+00 inf =   4.494e-02 (151888) 1
*2031408: obj =   4.005266394e+00 inf =   4.407e-02 (151968) 2
*2031569: obj =   4.005184384e+00 inf =   4.343e-02 (13908) 2
*2031753: obj =   4.005110437e+00 inf =   4.298e-02 (13920) 1
*2031914: obj =   4.004964029e+00 inf =   4.238e-02 (13902) 2
*2032088: obj =   4.004921391e+00 inf =   4.194e-02 (13868) 2
*2032276: obj =   4.004754578e+00 inf =   4.089e-02 (151578) 1
*2032449: obj =   4.004734981e+00 inf =   4.082e-02 (13722) 2
*2032626: obj =   4.004663569e+00 inf =   4.049e-02 (151639) 2
*2032794: obj =   4.004508571e+00 inf =   3.967e-02 (13677) 2
*2032979: obj =   4.004472155e+00 inf =   3.974e-02 (151623) 1
*2033140: obj =   4.004370133e+00 inf =   3.931e-02 (13617) 2
*2033317: obj =   4.004293752e+00 inf =   3.890e-02 (13587) 2
*2033496: obj =   4.004214989e+00 inf =   3.855e-02 (13550) 1
*2033667: obj =   4.004125944e+00 inf =   3.802e-02 (151996) 2
*2033816: obj =   4.004004921e+00 inf =   3.744e-02 (13431) 2
*2033999: obj =   4.003863919e+00 inf =   3.739e-02 (13380) 1
*2034170: obj =   4.003814437e+00 inf =   3.714e-02 (13307) 2
*2034328: obj =   4.003753855e+00 inf =   3.689e-02 (13289) 2
*2034518: obj =   4.003713637e+00 inf =   3.691e-02 (13306) 1
*2034674: obj =   4.003659040e+00 inf =   3.644e-02 (151630) 2
*2034829: obj =   4.003603240e+00 inf =   3.613e-02 (13326) 2
*2035013: obj =   4.003601257e+00 inf =   3.537e-02 (13287) 1
*2035169: obj =   4.003570267e+00 inf =   3.432e-02 (151989) 2
*2035336: obj =   4.003480074e+00 inf =   3.325e-02 (13118) 2
*2035521: obj =   4.003421471e+00 inf =   3.300e-02 (13075) 1
*2035680: obj =   4.003306579e+00 inf =   3.253e-02 (13016) 2
*2035824: obj =   4.003220494e+00 inf =   3.223e-02 (12973) 1
*2035994: obj =   4.003110619e+00 inf =   3.199e-02 (151828) 2
*2036151: obj =   4.003060851e+00 inf =   3.192e-02 (12837) 2
*2036337: obj =   4.002965152e+00 inf =   3.170e-02 (12821) 1
*2036499: obj =   4.002918383e+00 inf =   3.162e-02 (12809) 2
*2036670: obj =   4.002837419e+00 inf =   3.116e-02 (12787) 2
*2036854: obj =   4.002732204e+00 inf =   3.136e-02 (12777) 1
*2037008: obj =   4.002680215e+00 inf =   3.155e-02 (12749) 2
*2037181: obj =   4.002552584e+00 inf =   3.161e-02 (151102) 2
*2037367: obj =   4.002494212e+00 inf =   3.178e-02 (12594) 2
*2037556: obj =   4.002434241e+00 inf =   3.175e-02 (12520) 1
*2037732: obj =   4.002387634e+00 inf =   3.166e-02 (151000) 2
*2037904: obj =   4.002387173e+00 inf =   3.125e-02 (12414) 2
*2038085: obj =   4.002384465e+00 inf =   3.081e-02 (12371) 2
*2038273: obj =   4.002345663e+00 inf =   3.020e-02 (12338) 1
*2038435: obj =   4.002314608e+00 inf =   2.966e-02 (12305) 2
*2038612: obj =   4.002236864e+00 inf =   2.935e-02 (150882) 2
*2038797: obj =   4.002159830e+00 inf =   2.902e-02 (12224) 1
*2038958: obj =   4.002113974e+00 inf =   2.920e-02 (12190) 2
*2039119: obj =   4.002042553e+00 inf =   2.901e-02 (12098) 2
*2039303: obj =   4.001985277e+00 inf =   2.914e-02 (12156) 2
*2039494: obj =   4.001908364e+00 inf =   2.946e-02 (12157) 1
*2039658: obj =   4.001839984e+00 inf =   2.984e-02 (12112) 2
*2039846: obj =   4.001819744e+00 inf =   2.936e-02 (150937) 2
*2040019: obj =   4.001759765e+00 inf =   2.899e-02 (12009) 2
*2040203: obj =   4.001731947e+00 inf =   2.918e-02 (12017) 1
*2040360: obj =   4.001713868e+00 inf =   2.888e-02 (11921) 2
*2040527: obj =   4.001645459e+00 inf =   2.851e-02 (11921) 2
*2040723: obj =   4.001591658e+00 inf =   2.864e-02 (151424) 1
*2040874: obj =   4.001553145e+00 inf =   2.857e-02 (11892) 2
*2041034: obj =   4.001487609e+00 inf =   2.857e-02 (11783) 2
*2041221: obj =   4.001448191e+00 inf =   2.869e-02 (12194) 1
*2041380: obj =   4.001419172e+00 inf =   2.877e-02 (11708) 2
*2041539: obj =   4.001406313e+00 inf =   2.856e-02 (11708) 2
*2041722: obj =   4.001361804e+00 inf =   2.825e-02 (11694) 1
*2041892: obj =   4.001294827e+00 inf =   2.817e-02 (11650) 2
*2042049: obj =   4.001243309e+00 inf =   2.818e-02 (11632) 2
*2042244: obj =   4.001180115e+00 inf =   2.848e-02 (11748) 1
*2042407: obj =   4.001132778e+00 inf =   2.889e-02 (11800) 2
*2042566: obj =   4.001094225e+00 inf =   2.893e-02 (11646) 2
*2042745: obj =   4.001026064e+00 inf =   2.913e-02 (11583) 1
*2042901: obj =   4.000971516e+00 inf =   2.936e-02 (11556) 2
*2043060: obj =   4.000878357e+00 inf =   3.012e-02 (11479) 2
*2043242: obj =   4.000806966e+00 inf =   3.074e-02 (11462) 1
*2043402: obj =   4.000755290e+00 inf =   3.140e-02 (11376) 2
*2043565: obj =   4.000742504e+00 inf =   3.166e-02 (11332) 2
*2043728: obj =   4.000687264e+00 inf =   3.224e-02 (11319) 1
*2043887: obj =   4.000598689e+00 inf =   3.325e-02 (11277) 2
*2044070: obj =   4.000545745e+00 inf =   3.402e-02 (11184) 2
*2044258: obj =   4.000496331e+00 inf =   3.466e-02 (11229) 1
*2044423: obj =   4.000439280e+00 inf =   3.538e-02 (11248) 2
*2044587: obj =   4.000403594e+00 inf =   3.615e-02 (11251) 2
*2044777: obj =   4.000378201e+00 inf =   3.546e-02 (150337) 1
*2044986: obj =   4.000298517e+00 inf =   3.589e-02 (150568) 2
*2045194: obj =   4.000220994e+00 inf =   3.635e-02 (11475) 2
*2045379: obj =   4.000205442e+00 inf =   3.576e-02 (11443) 2
*2045560: obj =   4.000198781e+00 inf =   3.462e-02 (150632) 2
*2045768: obj =   4.000090269e+00 inf =   3.430e-02 (150670) 2
*2045978: obj =   4.000021282e+00 inf =   3.431e-02 (150709) 2
*2046188: obj =   3.999958459e+00 inf =   3.449e-02 (11128) 2
*2046358: obj =   3.999930103e+00 inf =   3.424e-02 (11059) 2
*2046564: obj =   3.999896677e+00 inf =   3.390e-02 (11031) 2
*2046773: obj =   3.999857856e+00 inf =   3.296e-02 (12272) 2
*2046990: obj =   3.999780443e+00 inf =   3.270e-02 (12191) 2
*2047185: obj =   3.999750394e+00 inf =   3.234e-02 (11670) 2
*2047382: obj =   3.999747709e+00 inf =   3.092e-02 (150949) 1
*2047557: obj =   3.999713111e+00 inf =   3.008e-02 (10747) 2
*2047723: obj =   3.999638964e+00 inf =   2.959e-02 (10732) 2
*2047898: obj =   3.999568681e+00 inf =   2.964e-02 (10793) 2
*2048086: obj =   3.999490248e+00 inf =   2.969e-02 (10668) 1
*2048258: obj =   3.999454107e+00 inf =   2.959e-02 (10721) 2
*2048465: obj =   3.999451455e+00 inf =   2.948e-02 (10745) 2
*2048675: obj =   3.999436003e+00 inf =   2.862e-02 (11769) 2
*2048886: obj =   3.999417351e+00 inf =   2.708e-02 (10757) 2
*2049097: obj =   3.999356282e+00 inf =   2.581e-02 (10689) 2
*2049312: obj =   3.999294663e+00 inf =   2.552e-02 (10464) 2
*2049523: obj =   3.999213954e+00 inf =   2.550e-02 (10475) 2
*2049734: obj =   3.999204673e+00 inf =   2.562e-02 (11711) 2
*2049949: obj =   3.999179959e+00 inf =   2.546e-02 (10399) 2
*2050162: obj =   3.999136494e+00 inf =   2.524e-02 (10436) 2
*2050369: obj =   3.999105438e+00 inf =   2.465e-02 (150569) 2
*2050590: obj =   3.999013049e+00 inf =   2.382e-02 (10379) 2
*2050802: obj =   3.998981835e+00 inf =   2.366e-02 (10368) 2
*2051022: obj =   3.998881449e+00 inf =   2.332e-02 (10318) 2
*2051240: obj =   3.998840059e+00 inf =   2.361e-02 (10885) 2
*2051445: obj =   3.998815810e+00 inf =   2.315e-02 (10853) 2
*2051637: obj =   3.998812186e+00 inf =   2.259e-02 (10802) 2
*2051842: obj =   3.998804222e+00 inf =   2.196e-02 (11261) 2
*2052033: obj =   3.998754593e+00 inf =   2.115e-02 (11217) 2
*2052224: obj =   3.998740373e+00 inf =   2.121e-02 (10344) 2
*2052410: obj =   3.998712455e+00 inf =   2.063e-02 (10322) 2
*2052605: obj =   3.998660497e+00 inf =   2.013e-02 (11113) 2
*2052811: obj =   3.998600960e+00 inf =   1.971e-02 (10093) 2
*2053010: obj =   3.998554315e+00 inf =   1.967e-02 (10198) 1
*2053203: obj =   3.998543773e+00 inf =   1.994e-02 (10180) 2
*2053397: obj =   3.998511560e+00 inf =   1.951e-02 (10974) 2
*2053585: obj =   3.998462038e+00 inf =   1.928e-02 (10278) 2
*2053773: obj =   3.998433746e+00 inf =   1.931e-02 (10182) 2
*2053950: obj =   3.998413185e+00 inf =   1.937e-02 (10147) 2
*2054158: obj =   3.998371492e+00 inf =   1.906e-02 (10822) 2
*2054354: obj =   3.998318631e+00 inf =   1.848e-02 (10847) 1
*2054543: obj =   3.998302006e+00 inf =   1.849e-02 (10168) 2
*2054732: obj =   3.998258229e+00 inf =   1.833e-02 (10198) 2
*2054920: obj =   3.998243934e+00 inf =   1.851e-02 (10857) 2
*2055102: obj =   3.998200224e+00 inf =   1.819e-02 (10187) 2
*2055289: obj =   3.998170937e+00 inf =   1.793e-02 (10898) 2
*2055486: obj =   3.998129115e+00 inf =   1.754e-02 (9989) 1
*2055661: obj =   3.998098108e+00 inf =   1.751e-02 (9987) 2
*2055888: obj =   3.998062647e+00 inf =   1.758e-02 (150461) 2
*2056096: obj =   3.998016841e+00 inf =   1.764e-02 (150604) 2
*2056290: obj =   3.997974424e+00 inf =   1.741e-02 (9845) 2
*2056493: obj =   3.997954118e+00 inf =   1.725e-02 (150288) 2
*2056682: obj =   3.997930550e+00 inf =   1.671e-02 (9836) 2
*2056889: obj =   3.997853825e+00 inf =   1.664e-02 (9954) 2
*2057094: obj =   3.997812527e+00 inf =   1.661e-02 (9847) 2
*2057292: obj =   3.997755831e+00 inf =   1.674e-02 (9949) 2
*2057496: obj =   3.997711503e+00 inf =   1.719e-02 (9843) 2
*2057699: obj =   3.997651802e+00 inf =   1.767e-02 (9901) 2
*2057905: obj =   3.997623960e+00 inf =   1.811e-02 (10239) 2
*2058118: obj =   3.997593509e+00 inf =   1.789e-02 (10409) 2
*2058326: obj =   3.997563841e+00 inf =   1.790e-02 (10069) 2
*2058533: obj =   3.997532271e+00 inf =   1.784e-02 (9437) 2
*2058710: obj =   3.997493887e+00 inf =   1.769e-02 (10027) 1
*2058875: obj =   3.997474014e+00 inf =   1.780e-02 (11118) 2
*2059054: obj =   3.997405203e+00 inf =   1.799e-02 (9891) 2
*2059247: obj =   3.997369423e+00 inf =   1.786e-02 (9591) 2
*2059436: obj =   3.997332247e+00 inf =   1.787e-02 (10776) 1
*2059600: obj =   3.997314184e+00 inf =   1.799e-02 (10921) 2
*2059770: obj =   3.997296520e+00 inf =   1.794e-02 (10158) 2
*2059961: obj =   3.997251627e+00 inf =   1.814e-02 (9809) 1
*2060143: obj =   3.997203874e+00 inf =   1.855e-02 (150480) 2
*2060350: obj =   3.997197122e+00 inf =   1.855e-02 (10109) 2
*2060530: obj =   3.997185623e+00 inf =   1.827e-02 (9720) 2
*2060690: obj =   3.997156681e+00 inf =   1.815e-02 (150342) 2
*2060874: obj =   3.997133524e+00 inf =   1.770e-02 (9192) 1
*2061057: obj =   3.997062991e+00 inf =   1.763e-02 (9177) 2
*2061239: obj =   3.997019880e+00 inf =   1.784e-02 (9383) 2
*2061416: obj =   3.996990800e+00 inf =   1.772e-02 (9300) 2
*2061624: obj =   3.996966488e+00 inf =   1.802e-02 (9226) 2
*2061816: obj =   3.996942320e+00 inf =   1.809e-02 (150377) 1
*2062007: obj =   3.996920454e+00 inf =   1.821e-02 (150331) 2
*2062197: obj =   3.996899342e+00 inf =   1.814e-02 (9753) 2
*2062400: obj =   3.996890423e+00 inf =   1.798e-02 (9927) 2
*2062594: obj =   3.996870900e+00 inf =   1.773e-02 (10500) 2
*2062801: obj =   3.996841865e+00 inf =   1.745e-02 (9116) 2
*2063002: obj =   3.996813901e+00 inf =   1.713e-02 (9040) 2
*2063192: obj =   3.996800569e+00 inf =   1.709e-02 (8909) 2
*2063395: obj =   3.996781246e+00 inf =   1.707e-02 (9045) 2
*2063602: obj =   3.996750746e+00 inf =   1.690e-02 (9130) 2
*2063809: obj =   3.996708646e+00 inf =   1.686e-02 (8961) 2
*2064016: obj =   3.996683532e+00 inf =   1.702e-02 (10077) 2
*2064219: obj =   3.996653703e+00 inf =   1.705e-02 (8749) 2
*2064424: obj =   3.996637403e+00 inf =   1.725e-02 (8831) 1
*2064614: obj =   3.996603088e+00 inf =   1.724e-02 (9960) 2
*2064815: obj =   3.996575107e+00 inf =   1.747e-02 (8601) 2
*2065027: obj =   3.996562373e+00 inf =   1.757e-02 (9865) 2
*2065219: obj =   3.996536094e+00 inf =   1.740e-02 (9558) 2
*2065423: obj =   3.996529116e+00 inf =   1.714e-02 (8629) 2
*2065636: obj =   3.996522986e+00 inf =   1.691e-02 (9413) 2
*2065845: obj =   3.996502404e+00 inf =   1.658e-02 (9370) 2
*2066058: obj =   3.996492731e+00 inf =   1.642e-02 (8540) 2
*2066265: obj =   3.996476208e+00 inf =   1.625e-02 (8728) 2
*2066480: obj =   3.996443565e+00 inf =   1.616e-02 (9558) 2
*2066694: obj =   3.996432252e+00 inf =   1.593e-02 (8326) 2
*2066916: obj =   3.996422172e+00 inf =   1.556e-02 (8380) 2
*2067136: obj =   3.996386167e+00 inf =   1.526e-02 (9299) 2
*2067357: obj =   3.996365914e+00 inf =   1.515e-02 (8307) 2
*2067576: obj =   3.996338098e+00 inf =   1.528e-02 (8316) 2
*2067772: obj =   3.996321027e+00 inf =   1.536e-02 (8236) 2
*2067987: obj =   3.996288338e+00 inf =   1.575e-02 (8289) 2
*2068198: obj =   3.996278590e+00 inf =   1.611e-02 (8443) 2
*2068382: obj =   3.996266426e+00 inf =   1.597e-02 (8568) 2
*2068567: obj =   3.996253212e+00 inf =   1.596e-02 (8357) 2
*2068750: obj =   3.996230739e+00 inf =   1.558e-02 (8330) 2
*2068935: obj =   3.996203815e+00 inf =   1.587e-02 (8282) 2
*2069135: obj =   3.996173291e+00 inf =   1.617e-02 (8211) 2
*2069340: obj =   3.996140437e+00 inf =   1.675e-02 (8197) 2
*2069545: obj =   3.996116479e+00 inf =   1.745e-02 (8200) 2
*2069751: obj =   3.996104021e+00 inf =   1.796e-02 (8932) 1
*2069927: obj =   3.996103486e+00 inf =   1.800e-02 (8948) 2
*2070097: obj =   3.996084606e+00 inf =   1.787e-02 (8321) 2
*2070292: obj =   3.996063736e+00 inf =   1.810e-02 (8201) 2
*2070473: obj =   3.996051798e+00 inf =   1.802e-02 (9163) 2
*2070678: obj =   3.996038182e+00 inf =   1.788e-02 (8173) 2
*2070885: obj =   3.995999948e+00 inf =   1.811e-02 (8940) 2
*2071084: obj =   3.995996356e+00 inf =   1.810e-02 (8032) 1
*2071291: obj =   3.995976405e+00 inf =   1.790e-02 (7851) 2
*2071504: obj =   3.995949497e+00 inf =   1.778e-02 (7910) 2
*2071716: obj =   3.995937166e+00 inf =   1.767e-02 (7904) 2
*2071923: obj =   3.995926996e+00 inf =   1.760e-02 (7826) 2
*2072133: obj =   3.995899986e+00 inf =   1.732e-02 (7799) 2
*2072325: obj =   3.995885337e+00 inf =   1.732e-02 (7839) 2
*2072505: obj =   3.995865607e+00 inf =   1.737e-02 (7851) 2
*2072701: obj =   3.995858223e+00 inf =   1.742e-02 (9234) 2
*2072912: obj =   3.995837321e+00 inf =   1.735e-02 (7850) 2
*2073119: obj =   3.995818911e+00 inf =   1.728e-02 (8361) 2
*2073335: obj =   3.995810088e+00 inf =   1.732e-02 (7810) 2
*2073549: obj =   3.995790866e+00 inf =   1.755e-02 (7626) 2
*2073761: obj =   3.995777498e+00 inf =   1.759e-02 (7600) 2
*2073980: obj =   3.995748805e+00 inf =   1.765e-02 (8824) 2
*2074207: obj =   3.995730120e+00 inf =   1.753e-02 (8802) 2
*2074418: obj =   3.995717490e+00 inf =   1.760e-02 (7560) 2
*2074611: obj =   3.995701568e+00 inf =   1.768e-02 (7645) 2
*2074803: obj =   3.995682682e+00 inf =   1.774e-02 (7620) 2
*2074994: obj =   3.995661549e+00 inf =   1.779e-02 (7408) 2
*2075188: obj =   3.995652194e+00 inf =   1.783e-02 (7515) 2
*2075392: obj =   3.995630720e+00 inf =   1.814e-02 (7627) 2
*2075600: obj =   3.995622994e+00 inf =   1.807e-02 (7858) 2
*2075798: obj =   3.995620349e+00 inf =   1.656e-02 (8533) 1
*2075967: obj =   3.995610949e+00 inf =   1.610e-02 (8572) 2
*2076139: obj =   3.995585166e+00 inf =   1.551e-02 (8491) 2
*2076328: obj =   3.995569271e+00 inf =   1.463e-02 (8307) 2
*2076510: obj =   3.995556110e+00 inf =   1.386e-02 (8526) 1
*2076621: obj =   3.995544065e+00 inf =   1.355e-02 (8533) 1
*2076741: obj =   3.995528310e+00 inf =   1.323e-02 (8262) 2
*2076903: obj =   3.995492932e+00 inf =   1.302e-02 (8609) 1
*2077073: obj =   3.995488769e+00 inf =   1.315e-02 (8341) 2
*2077253: obj =   3.995454117e+00 inf =   1.292e-02 (8158) 2
*2077443: obj =   3.995429760e+00 inf =   1.317e-02 (8050) 1
*2077614: obj =   3.995395461e+00 inf =   1.337e-02 (8060) 2
*2077787: obj =   3.995395093e+00 inf =   1.339e-02 (8057) 2
*2077973: obj =   3.995392538e+00 inf =   1.273e-02 (8992) 2
*2078161: obj =   3.995363755e+00 inf =   1.211e-02 (8839) 1
*2078330: obj =   3.995340411e+00 inf =   1.195e-02 (8695) 2
*2078501: obj =   3.995316910e+00 inf =   1.167e-02 (7816) 2
*2078685: obj =   3.995283302e+00 inf =   1.172e-02 (8186) 1
*2078850: obj =   3.995251975e+00 inf =   1.193e-02 (8145) 2
*2079010: obj =   3.995231142e+00 inf =   1.216e-02 (7652) 2
*2079189: obj =   3.995196191e+00 inf =   1.250e-02 (7496) 1
*2079358: obj =   3.995188148e+00 inf =   1.267e-02 (7906) 2
*2079543: obj =   3.995167003e+00 inf =   1.258e-02 (7811) 2
*2079720: obj =   3.995158490e+00 inf =   1.254e-02 (7824) 2
*2079915: obj =   3.995150232e+00 inf =   1.260e-02 (7738) 1
*2080083: obj =   3.995127161e+00 inf =   1.232e-02 (7618) 2
*2080232: obj =   3.995104826e+00 inf =   1.223e-02 (7440) 2
*2080421: obj =   3.995095602e+00 inf =   1.226e-02 (7502) 1
*2080585: obj =   3.995076779e+00 inf =   1.233e-02 (7445) 2
*2080750: obj =   3.995060608e+00 inf =   1.225e-02 (7587) 2
*2080940: obj =   3.995052017e+00 inf =   1.230e-02 (7587) 2
*2081132: obj =   3.995029484e+00 inf =   1.231e-02 (7122) 1
*2081304: obj =   3.995023156e+00 inf =   1.227e-02 (8538) 2
*2081475: obj =   3.995015462e+00 inf =   1.239e-02 (8025) 2
*2081661: obj =   3.994997401e+00 inf =   1.224e-02 (9083) 2
*2081845: obj =   3.994971791e+00 inf =   1.243e-02 (8228) 1
*2082026: obj =   3.994960537e+00 inf =   1.235e-02 (7132) 2
*2082201: obj =   3.994948542e+00 inf =   1.235e-02 (7449) 2
*2082377: obj =   3.994938638e+00 inf =   1.219e-02 (7457) 2
*2082570: obj =   3.994926330e+00 inf =   1.226e-02 (7190) 1
*2082746: obj =   3.994909167e+00 inf =   1.256e-02 (7371) 2
*2082918: obj =   3.994896641e+00 inf =   1.266e-02 (7661) 2
*2083094: obj =   3.994893018e+00 inf =   1.283e-02 (8470) 2
*2083289: obj =   3.994881942e+00 inf =   1.257e-02 (7175) 2
*2083490: obj =   3.994868936e+00 inf =   1.225e-02 (7230) 1
*2083658: obj =   3.994844938e+00 inf =   1.215e-02 (7344) 2
*2083833: obj =   3.994827174e+00 inf =   1.207e-02 (7845) 2
*2084001: obj =   3.994807960e+00 inf =   1.205e-02 (7758) 2
*2084187: obj =   3.994774303e+00 inf =   1.207e-02 (7969) 1
*2084352: obj =   3.994764193e+00 inf =   1.210e-02 (7690) 2
*2084526: obj =   3.994754921e+00 inf =   1.214e-02 (7504) 2
*2084710: obj =   3.994740986e+00 inf =   1.219e-02 (9047) 1
*2084885: obj =   3.994723192e+00 inf =   1.222e-02 (7223) 2
*2085055: obj =   3.994712758e+00 inf =   1.232e-02 (7070) 2
*2085220: obj =   3.994699325e+00 inf =   1.247e-02 (7061) 2
*2085421: obj =   3.994688058e+00 inf =   1.252e-02 (6979) 1
*2085581: obj =   3.994678605e+00 inf =   1.247e-02 (7313) 2
*2085745: obj =   3.994663304e+00 inf =   1.236e-02 (7058) 2
*2085930: obj =   3.994648536e+00 inf =   1.236e-02 (6988) 2
*2086122: obj =   3.994637352e+00 inf =   1.239e-02 (6850) 1
*2086291: obj =   3.994623134e+00 inf =   1.249e-02 (6862) 2
*2086477: obj =   3.994613011e+00 inf =   1.243e-02 (7001) 2
*2086649: obj =   3.994602334e+00 inf =   1.242e-02 (6797) 2
*2086842: obj =   3.994587297e+00 inf =   1.278e-02 (7205) 1
*2087059: obj =   3.994583103e+00 inf =   1.239e-02 (7188) 3
*2087274: obj =   3.994574591e+00 inf =   1.219e-02 (7107) 1
*2087444: obj =   3.994563121e+00 inf =   1.210e-02 (7108) 2
*2087618: obj =   3.994549709e+00 inf =   1.227e-02 (8249) 2
*2087837: obj =   3.994525227e+00 inf =   1.250e-02 (8475) 2
*2088054: obj =   3.994511379e+00 inf =   1.239e-02 (8393) 2
*2088272: obj =   3.994496264e+00 inf =   1.223e-02 (6662) 2
*2088455: obj =   3.994489893e+00 inf =   1.219e-02 (6748) 2
*2088637: obj =   3.994483436e+00 inf =   1.227e-02 (6584) 2
*2088838: obj =   3.994469921e+00 inf =   1.185e-02 (9066) 2
*2089035: obj =   3.994456272e+00 inf =   1.205e-02 (149616) 2
*2089246: obj =   3.994406994e+00 inf =   1.229e-02 (6673) 2
*2089454: obj =   3.994402189e+00 inf =   1.209e-02 (6634) 2
*2089660: obj =   3.994396643e+00 inf =   1.184e-02 (6928) 1
*2089829: obj =   3.994380720e+00 inf =   1.188e-02 (6907) 2
*2090014: obj =   3.994364266e+00 inf =   1.202e-02 (6699) 2
*2090185: obj =   3.994354705e+00 inf =   1.234e-02 (6708) 2
*2090374: obj =   3.994342109e+00 inf =   1.258e-02 (6457) 1
*2090552: obj =   3.994338054e+00 inf =   1.249e-02 (6509) 2
*2090726: obj =   3.994334448e+00 inf =   1.267e-02 (7075) 2
*2090899: obj =   3.994325995e+00 inf =   1.260e-02 (6548) 2
*2091085: obj =   3.994315453e+00 inf =   1.277e-02 (6473) 2
*2091283: obj =   3.994306492e+00 inf =   1.292e-02 (6441) 1
*2091456: obj =   3.994290295e+00 inf =   1.338e-02 (6492) 2
*2091626: obj =   3.994279561e+00 inf =   1.378e-02 (6266) 2
*2091798: obj =   3.994271608e+00 inf =   1.398e-02 (7726) 2
*2091992: obj =   3.994258773e+00 inf =   1.445e-02 (7514) 1
*2092207: obj =   3.994244125e+00 inf =   1.468e-02 (8152) 2
*2092398: obj =   3.994230914e+00 inf =   1.485e-02 (6061) 2
*2092570: obj =   3.994225829e+00 inf =   1.479e-02 (6144) 2
*2092742: obj =   3.994216417e+00 inf =   1.496e-02 (6070) 2
*2092926: obj =   3.994209701e+00 inf =   1.489e-02 (5994) 2
*2093182: obj =   3.994010218e+00 inf =   1.525e-02 (18116) 2
*2093393: obj =   3.993988431e+00 inf =   1.484e-02 (6637) 2
*2093580: obj =   3.993978979e+00 inf =   1.439e-02 (6765) 2
*2093774: obj =   3.993962166e+00 inf =   1.458e-02 (7346) 2
*2093964: obj =   3.993956744e+00 inf =   1.448e-02 (6242) 2
*2094165: obj =   3.993941468e+00 inf =   1.466e-02 (6351) 1
*2094344: obj =   3.993937158e+00 inf =   1.466e-02 (6154) 2
*2094517: obj =   3.993925709e+00 inf =   1.484e-02 (6224) 2
*2094689: obj =   3.993912354e+00 inf =   1.494e-02 (6198) 2
*2094874: obj =   3.993897809e+00 inf =   1.541e-02 (5998) 2
*2095066: obj =   3.993881196e+00 inf =   1.632e-02 (5968) 1
*2095266: obj =   3.993848245e+00 inf =   1.639e-02 (6258) 2
*2095477: obj =   3.993844735e+00 inf =   1.642e-02 (7586) 2
*2095691: obj =   3.993832465e+00 inf =   1.613e-02 (7155) 2
*2095910: obj =   3.993821916e+00 inf =   1.605e-02 (7747) 3
*2096126: obj =   3.993808739e+00 inf =   1.617e-02 (8358) 2
*2096323: obj =   3.993798827e+00 inf =   1.615e-02 (6199) 1
*2096498: obj =   3.993791335e+00 inf =   1.594e-02 (6107) 2
*2096673: obj =   3.993778153e+00 inf =   1.611e-02 (5967) 2
*2096843: obj =   3.993768343e+00 inf =   1.644e-02 (5949) 2
*2097032: obj =   3.993758852e+00 inf =   1.712e-02 (5819) 2
*2097232: obj =   3.993750526e+00 inf =   1.751e-02 (5774) 1
*2097409: obj =   3.993743767e+00 inf =   1.772e-02 (5826) 2
*2097586: obj =   3.993736815e+00 inf =   1.791e-02 (5779) 2
*2097762: obj =   3.993731092e+00 inf =   1.778e-02 (7249) 2
*2097948: obj =   3.993730990e+00 inf =   1.732e-02 (5643) 2
*2098136: obj =   3.993725265e+00 inf =   1.692e-02 (5719) 1
*2098319: obj =   3.993718898e+00 inf =   1.635e-02 (5732) 2
*2098498: obj =   3.993712371e+00 inf =   1.626e-02 (5719) 2
*2098674: obj =   3.993699574e+00 inf =   1.618e-02 (5798) 2
*2098858: obj =   3.993684486e+00 inf =   1.632e-02 (5508) 2
*2099054: obj =   3.993678805e+00 inf =   1.624e-02 (5577) 1
*2099225: obj =   3.993671245e+00 inf =   1.622e-02 (5578) 2
*2099411: obj =   3.993663859e+00 inf =   1.633e-02 (5512) 2
*2099585: obj =   3.993651677e+00 inf =   1.656e-02 (5535) 2
*2099792: obj =   3.993638796e+00 inf =   1.712e-02 (5995) 2
*2099998: obj =   3.993635904e+00 inf =   1.674e-02 (6891) 2
*2100209: obj =   3.993365402e+00 inf =   1.689e-02 (5543) 2
*2100404: obj =   3.993358256e+00 inf =   1.664e-02 (5721) 1
*2100581: obj =   3.993350750e+00 inf =   1.682e-02 (5753) 2
*2100763: obj =   3.993349787e+00 inf =   1.653e-02 (5596) 2
*2100944: obj =   3.993342655e+00 inf =   1.613e-02 (5495) 2
*2101122: obj =   3.993331267e+00 inf =   1.601e-02 (5353) 2
*2101319: obj =   3.993321652e+00 inf =   1.581e-02 (5251) 1
*2101500: obj =   3.993312838e+00 inf =   1.600e-02 (5254) 2
*2101677: obj =   3.993306028e+00 inf =   1.615e-02 (5208) 2
*2101852: obj =   3.993297964e+00 inf =   1.618e-02 (5305) 2
*2102028: obj =   3.993291690e+00 inf =   1.632e-02 (5248) 2
*2102224: obj =   3.993282105e+00 inf =   1.645e-02 (5380) 1
*2102398: obj =   3.993276357e+00 inf =   1.676e-02 (5398) 2
*2102577: obj =   3.993273173e+00 inf =   1.654e-02 (5359) 2
*2102748: obj =   3.993267531e+00 inf =   1.629e-02 (6803) 2
*2102937: obj =   3.993261672e+00 inf =   1.632e-02 (5424) 2
*2103132: obj =   3.993255915e+00 inf =   1.632e-02 (5482) 1
*2103313: obj =   3.993249757e+00 inf =   1.632e-02 (5430) 2
*2103490: obj =   3.993243246e+00 inf =   1.669e-02 (6233) 2
*2103669: obj =   3.993242739e+00 inf =   1.642e-02 (5714) 2
*2103852: obj =   3.993241902e+00 inf =   1.627e-02 (5391) 2
*2104069: obj =   3.993234372e+00 inf =   1.593e-02 (6927) 2
*2104273: obj =   3.993220421e+00 inf =   1.552e-02 (5148) 2
*2104476: obj =   3.993214987e+00 inf =   1.511e-02 (5434) 2
*2104684: obj =   3.993213286e+00 inf =   1.485e-02 (7170) 2
*2104906: obj =   3.993203170e+00 inf =   1.452e-02 (7112) 2
*2105184: obj =   3.993192920e+00 inf =   1.420e-02 (7797) 2
*2105387: obj =   3.993181606e+00 inf =   1.380e-02 (5333) 2
*2105563: obj =   3.993172315e+00 inf =   1.403e-02 (5478) 2
*2105774: obj =   3.993157821e+00 inf =   1.442e-02 (7356) 2
*2105992: obj =   3.993153499e+00 inf =   1.481e-02 (6937) 2
*2106241: obj =   3.993141431e+00 inf =   1.456e-02 (5249) 2
*2106419: obj =   3.993137891e+00 inf =   1.431e-02 (5327) 2
*2106594: obj =   3.993130419e+00 inf =   1.432e-02 (5376) 2
*2106771: obj =   3.993122990e+00 inf =   1.465e-02 (5380) 2
*2106972: obj =   3.157709542e+00 inf =   1.474e-02 (149606) 2
*2107222: obj =   3.157703456e+00 inf =   1.457e-02 (5574) 2
*2107402: obj =   3.157697780e+00 inf =   1.451e-02 (5674) 2
*2107599: obj =   3.157689194e+00 inf =   1.492e-02 (149575) 2
*2107815: obj =   3.157682977e+00 inf =   1.484e-02 (150056) 2
*2108023: obj =   3.157672362e+00 inf =   1.479e-02 (12954) 2
*2108257: obj =   3.157489623e+00 inf =   1.546e-02 (5749) 2
*2108442: obj =   3.157484026e+00 inf =   1.590e-02 (6208) 2
*2108644: obj =   3.157475172e+00 inf =   1.577e-02 (6083) 2
*2108844: obj =   3.157466074e+00 inf =   1.571e-02 (6034) 1
*2109022: obj =   3.157453774e+00 inf =   1.653e-02 (6261) 2
*2109199: obj =   3.157447237e+00 inf =   1.700e-02 (6376) 2
*2109383: obj =   3.157436202e+00 inf =   1.706e-02 (6387) 2
*2109565: obj =   3.157436083e+00 inf =   1.654e-02 (6358) 2
*2109755: obj =   3.157430221e+00 inf =   1.587e-02 (6609) 2
*2110000: obj =   2.760176181e+00 inf =   1.515e-02 (15437) 2
*2110245: obj =   2.760159482e+00 inf =   1.492e-02 (5954) 2
*2110446: obj =   2.760153882e+00 inf =   1.464e-02 (5617) 2
*2110634: obj =   2.760148641e+00 inf =   1.491e-02 (5442) 2
*2110844: obj =   2.760141361e+00 inf =   1.490e-02 (5408) 2
*2111053: obj =   2.760133360e+00 inf =   1.490e-02 (6179) 2
*2111263: obj =   2.760127601e+00 inf =   1.537e-02 (6202) 2
*2111442: obj =   2.760119348e+00 inf =   1.522e-02 (6407) 2
*2111615: obj =   2.760111240e+00 inf =   1.513e-02 (6383) 2
*2111807: obj =   2.760097642e+00 inf =   1.626e-02 (6905) 1
*2111984: obj =   2.760090807e+00 inf =   1.673e-02 (6952) 2
*2112160: obj =   2.760077800e+00 inf =   1.667e-02 (6987) 2
*2112342: obj =   2.760065448e+00 inf =   1.621e-02 (7108) 2
*2112518: obj =   2.760051629e+00 inf =   1.621e-02 (7149) 2
*2112715: obj =   2.760028422e+00 inf =   1.632e-02 (7341) 1
*2112884: obj =   2.760013944e+00 inf =   1.680e-02 (7270) 2
*2113065: obj =   2.759996002e+00 inf =   1.631e-02 (7006) 2
*2113241: obj =   2.759976117e+00 inf =   1.615e-02 (6803) 2
*2113436: obj =   2.759969021e+00 inf =   1.582e-02 (5575) 2
*2113645: obj =   2.759959612e+00 inf =   1.576e-02 (5845) 2
*2113864: obj =   2.759948360e+00 inf =   1.598e-02 (7854) 2
*2114072: obj =   2.759944141e+00 inf =   1.602e-02 (149965) 2
*2114284: obj =   2.759940748e+00 inf =   1.553e-02 (5243) 2
*2114495: obj =   2.759936999e+00 inf =   1.530e-02 (6202) 2
*2114705: obj =   2.759933614e+00 inf =   1.487e-02 (7681) 1
*2114896: obj =   2.759930644e+00 inf =   1.469e-02 (5401) 2
*2115116: obj =   2.759915393e+00 inf =   1.478e-02 (5880) 2
*2115340: obj =   2.759906608e+00 inf =   1.530e-02 (6315) 3
*2115544: obj =   2.759890411e+00 inf =   1.557e-02 (5654) 1
*2115727: obj =   2.759889192e+00 inf =   1.539e-02 (5254) 2
*2115905: obj =   2.759883096e+00 inf =   1.533e-02 (5563) 2
*2116093: obj =   2.759836895e+00 inf =   1.521e-02 (15419) 2
*2116339: obj =   2.759715703e+00 inf =   1.388e-02 (5142) 2
*2116540: obj =   2.759714052e+00 inf =   1.297e-02 (5216) 2
*2116741: obj =   2.759708678e+00 inf =   1.248e-02 (5291) 2
*2116932: obj =   2.759705241e+00 inf =   1.111e-02 (6055) 2
*2117105: obj =   2.759698786e+00 inf =   1.086e-02 (5402) 2
*2117297: obj =   2.759690359e+00 inf =   1.080e-02 (5429) 1
*2117476: obj =   2.759682116e+00 inf =   1.109e-02 (5706) 2
*2117651: obj =   2.759675533e+00 inf =   1.101e-02 (5655) 2
*2117830: obj =   2.759667817e+00 inf =   1.118e-02 (5517) 2
*2118020: obj =   2.759663707e+00 inf =   1.110e-02 (5429) 2
*2118205: obj =   2.759656528e+00 inf =   1.093e-02 (5305) 1
*2118380: obj =   2.759650474e+00 inf =   1.083e-02 (5304) 2
*2118557: obj =   2.759645891e+00 inf =   1.110e-02 (5150) 2
*2118731: obj =   2.759639799e+00 inf =   1.121e-02 (5113) 2
*2118931: obj =   2.759635639e+00 inf =   1.125e-02 (4976) 2
*2119135: obj =   2.567868647e+00 inf =   1.127e-02 (4850) 2
*2119339: obj =   2.567864309e+00 inf =   1.108e-02 (4845) 2
*2119539: obj =   2.567855918e+00 inf =   1.139e-02 (4880) 1
*2119719: obj =   2.567847679e+00 inf =   1.169e-02 (4852) 2
*2119894: obj =   2.567838024e+00 inf =   1.234e-02 (4959) 2
*2120124: obj =   2.389654061e+00 inf =   1.267e-02 (14931) 2
*2120351: obj =   2.389649235e+00 inf =   1.225e-02 (4932) 3
*2120555: obj =   2.389645023e+00 inf =   1.183e-02 (5020) 2
*2120757: obj =   2.389644320e+00 inf =   1.168e-02 (149412) 2
*2120980: obj =   2.389636148e+00 inf =   1.148e-02 (5776) 2
*2121223: obj =   2.389631573e+00 inf =   1.115e-02 (4645) 2
*2121422: obj =   2.389627563e+00 inf =   1.091e-02 (5249) 2
*2121629: obj =   2.389624577e+00 inf =   1.084e-02 (4647) 2
*2121836: obj =   2.389621363e+00 inf =   1.059e-02 (5958) 2
*2122075: obj =   2.389578596e+00 inf =   1.045e-02 (14996) 2
*2122318: obj =   2.389451072e+00 inf =   1.057e-02 (15000) 2
*2122541: obj =   2.389165916e+00 inf =   1.099e-02 (14855) 3
*2122766: obj =   2.388881421e+00 inf =   1.146e-02 (14915) 2
*2122989: obj =   2.388627214e+00 inf =   1.174e-02 (14831) 2
*2123211: obj =   2.388326662e+00 inf =   1.226e-02 (14709) 2
*2123434: obj =   2.388128548e+00 inf =   1.242e-02 (14623) 3
*2123659: obj =   2.387980820e+00 inf =   1.240e-02 (14462) 2
*2123882: obj =   2.387859176e+00 inf =   1.283e-02 (14454) 2
*2124106: obj =   2.387467750e+00 inf =   1.338e-02 (14329) 2
*2124333: obj =   2.387168378e+00 inf =   1.366e-02 (14247) 2
*2124555: obj =   2.387013790e+00 inf =   1.348e-02 (14121) 3
*2124781: obj =   2.386797318e+00 inf =   1.380e-02 (14052) 2
*2125007: obj =   2.386626321e+00 inf =   1.452e-02 (14026) 2
*2125236: obj =   2.386427537e+00 inf =   1.559e-02 (13973) 2
*2125463: obj =   2.386215597e+00 inf =   1.645e-02 (13854) 3
*2125689: obj =   2.386062374e+00 inf =   1.775e-02 (13718) 2
*2125912: obj =   2.386031007e+00 inf =   1.770e-02 (13688) 2
*2126136: obj =   2.385897308e+00 inf =   1.795e-02 (13563) 2
*2126363: obj =   2.385792387e+00 inf =   1.828e-02 (13352) 2
*2126585: obj =   2.385675993e+00 inf =   1.872e-02 (13362) 3
*2126809: obj =   2.385563427e+00 inf =   1.959e-02 (13281) 2
*2127032: obj =   2.385487058e+00 inf =   1.964e-02 (13060) 2
*2127255: obj =   2.385392224e+00 inf =   1.957e-02 (12980) 2
*2127478: obj =   2.385322489e+00 inf =   1.956e-02 (12879) 3
*2127702: obj =   2.385229680e+00 inf =   1.971e-02 (12789) 2
*2127926: obj =   2.385139450e+00 inf =   1.993e-02 (12644) 2
*2128149: obj =   2.385081189e+00 inf =   2.044e-02 (12571) 2
*2128375: obj =   2.385021100e+00 inf =   2.063e-02 (12597) 2
*2128597: obj =   2.384919377e+00 inf =   2.095e-02 (12589) 3
*2128822: obj =   2.384822502e+00 inf =   2.115e-02 (12517) 2
*2129044: obj =   2.384778727e+00 inf =   2.148e-02 (12282) 2
*2129268: obj =   2.384741186e+00 inf =   2.134e-02 (12216) 2
*2129496: obj =   2.384633153e+00 inf =   2.151e-02 (12269) 2
*2129717: obj =   2.384527763e+00 inf =   2.258e-02 (12194) 3
*2129941: obj =   2.384468487e+00 inf =   2.329e-02 (12091) 2
*2130168: obj =   2.384353692e+00 inf =   2.474e-02 (11799) 2
*2130398: obj =   2.384280139e+00 inf =   2.666e-02 (11870) 2
*2130621: obj =   2.384212136e+00 inf =   2.900e-02 (11808) 3
*2130849: obj =   2.384170953e+00 inf =   3.036e-02 (11654) 2
*2131077: obj =   2.384089310e+00 inf =   3.259e-02 (11603) 2
*2131306: obj =   2.384075907e+00 inf =   3.269e-02 (11504) 2
*2131533: obj =   2.384053039e+00 inf =   3.326e-02 (11519) 3
*2131760: obj =   2.384021765e+00 inf =   3.353e-02 (11379) 2
*2131987: obj =   2.383934459e+00 inf =   3.540e-02 (11364) 2
*2132220: obj =   2.383853380e+00 inf =   3.825e-02 (11317) 2
*2132465: obj =   2.383829218e+00 inf =   3.894e-02 (11238) 3
*2132710: obj =   2.383804081e+00 inf =   3.901e-02 (11251) 2
*2132944: obj =   2.383740199e+00 inf =   4.011e-02 (11107) 3
*2133184: obj =   2.383676141e+00 inf =   4.198e-02 (11012) 2
*2133437: obj =   2.383617661e+00 inf =   4.376e-02 (10883) 2
*2133697: obj =   2.383550058e+00 inf =   4.358e-02 (10956) 3
*2133946: obj =   2.383490343e+00 inf =   4.336e-02 (10979) 2
*2134183: obj =   2.383410496e+00 inf =   4.376e-02 (10945) 3
*2134425: obj =   2.383384513e+00 inf =   4.287e-02 (10871) 2
*2134655: obj =   2.383329622e+00 inf =   4.275e-02 (11013) 3
*2134787: obj =   2.383261993e+00 inf =   4.310e-02 (10936) 1
*2134975: obj =   2.383175538e+00 inf =   4.397e-02 (10866) 2
*2135201: obj =   2.383111005e+00 inf =   4.490e-02 (10719) 2
*2135431: obj =   2.383038462e+00 inf =   4.552e-02 (10617) 2
*2135659: obj =   2.382957949e+00 inf =   4.649e-02 (10651) 2
*2135881: obj =   2.382866378e+00 inf =   4.831e-02 (10660) 3
*2136106: obj =   2.382822169e+00 inf =   4.886e-02 (10535) 2
*2136333: obj =   2.382795134e+00 inf =   4.800e-02 (10475) 2
*2136561: obj =   2.382741559e+00 inf =   4.787e-02 (10309) 2
*2136784: obj =   2.382739255e+00 inf =   4.655e-02 (10323) 3
*2137007: obj =   2.382710671e+00 inf =   4.508e-02 (10301) 2
*2137230: obj =   2.382676204e+00 inf =   4.422e-02 (10136) 2
*2137460: obj =   2.382639115e+00 inf =   4.368e-02 (10186) 2
*2137686: obj =   2.382593296e+00 inf =   4.374e-02 (10125) 2
*2137906: obj =   2.382573771e+00 inf =   4.335e-02 (10098) 3
*2138130: obj =   2.382532740e+00 inf =   4.344e-02 (9990) 2
*2138371: obj =   2.382499766e+00 inf =   4.321e-02 (10046) 2
*2138612: obj =   2.382447553e+00 inf =   4.345e-02 (10102) 3
*2138852: obj =   2.382365941e+00 inf =   4.363e-02 (10060) 2
*2139088: obj =   2.382334362e+00 inf =   4.392e-02 (9974) 2
*2139315: obj =   2.382305263e+00 inf =   4.410e-02 (9862) 3
*2139546: obj =   2.382264665e+00 inf =   4.467e-02 (9858) 2
*2139774: obj =   2.382233407e+00 inf =   4.513e-02 (9758) 2
*2140000: obj =   2.382193029e+00 inf =   4.631e-02 (9706) 2
*2140226: obj =   2.382168610e+00 inf =   4.716e-02 (9711) 3
*2140457: obj =   2.382145849e+00 inf =   4.738e-02 (9711) 2
*2140683: obj =   2.382138788e+00 inf =   4.644e-02 (9597) 2
*2140951: obj =   2.382124239e+00 inf =   4.540e-02 (9415) 3
*2141210: obj =   2.382077674e+00 inf =   4.503e-02 (9408) 2
*2141458: obj =   2.382032485e+00 inf =   4.518e-02 (9375) 3
*2141697: obj =   2.381984420e+00 inf =   4.583e-02 (9472) 2
*2141923: obj =   2.381961727e+00 inf =   4.619e-02 (9261) 2
*2142146: obj =   2.381937584e+00 inf =   4.619e-02 (9247) 3
*2142383: obj =   2.381896321e+00 inf =   4.708e-02 (9248) 2
*2142618: obj =   2.381860572e+00 inf =   4.838e-02 (9259) 2
*2142853: obj =   2.381836269e+00 inf =   4.927e-02 (9220) 3
*2143101: obj =   2.381806798e+00 inf =   5.059e-02 (9168) 2
*2143340: obj =   2.381786221e+00 inf =   5.114e-02 (9297) 2
*2143577: obj =   2.381752754e+00 inf =   5.218e-02 (9208) 3
*2143856: obj =   2.381741000e+00 inf =   5.181e-02 (9195) 2
*2144129: obj =   2.381717912e+00 inf =   5.104e-02 (8942) 3
*2144394: obj =   2.381695844e+00 inf =   5.006e-02 (9118) 3
*2144622: obj =   2.381666002e+00 inf =   4.941e-02 (8983) 2
*2144852: obj =   2.381640576e+00 inf =   4.888e-02 (8970) 2
*2145077: obj =   2.381615336e+00 inf =   4.789e-02 (8939) 3
*2145308: obj =   2.381603065e+00 inf =   4.753e-02 (8784) 2
*2145540: obj =   2.381568987e+00 inf =   4.722e-02 (8853) 2
*2145767: obj =   2.381551801e+00 inf =   4.734e-02 (8774) 2
*2145991: obj =   2.381543841e+00 inf =   4.730e-02 (8614) 3
*2146221: obj =   2.381539286e+00 inf =   4.643e-02 (8673) 2
*2146453: obj =   2.381504834e+00 inf =   4.567e-02 (8638) 2
*2146683: obj =   2.381469696e+00 inf =   4.596e-02 (8507) 2
*2146911: obj =   2.381453129e+00 inf =   4.606e-02 (8457) 3
*2147155: obj =   2.381415377e+00 inf =   4.671e-02 (8486) 2
*2147413: obj =   2.381396741e+00 inf =   4.696e-02 (8352) 3
*2147691: obj =   2.381383172e+00 inf =   4.676e-02 (8196) 2
*2147946: obj =   2.381369631e+00 inf =   4.643e-02 (8320) 3
*2148185: obj =   2.381349321e+00 inf =   4.623e-02 (8212) 2
*2148419: obj =   2.381324941e+00 inf =   4.719e-02 (8251) 3
*2148656: obj =   2.381305501e+00 inf =   4.768e-02 (8244) 2
*2148886: obj =   2.381296779e+00 inf =   4.759e-02 (8203) 2
*2149111: obj =   2.381289374e+00 inf =   4.712e-02 (8084) 2
*2149337: obj =   2.381278864e+00 inf =   4.536e-02 (8110) 3
*2149573: obj =   2.381258796e+00 inf =   4.533e-02 (8004) 2
*2149805: obj =   2.381241452e+00 inf =   4.548e-02 (8036) 2
*2150038: obj =   2.381217390e+00 inf =   4.446e-02 (7908) 3
*2150264: obj =   2.381201968e+00 inf =   4.416e-02 (7949) 2
*2150506: obj =   2.381187855e+00 inf =   4.411e-02 (7971) 2
*2150735: obj =   2.381168848e+00 inf =   4.412e-02 (8015) 2
*2150960: obj =   2.381157415e+00 inf =   4.407e-02 (7817) 3
*2151202: obj =   2.381149083e+00 inf =   4.343e-02 (7722) 2
*2151453: obj =   2.381135730e+00 inf =   4.341e-02 (7860) 3
*2151741: obj =   2.381110677e+00 inf =   4.310e-02 (7873) 2
*2151962: obj =   2.381103595e+00 inf =   4.334e-02 (7732) 3
*2152186: obj =   2.381099521e+00 inf =   4.267e-02 (7574) 2
*2152440: obj =   2.381086391e+00 inf =   4.197e-02 (7569) 2
*2152679: obj =   2.381071703e+00 inf =   4.175e-02 (7572) 3
*2152909: obj =   2.381063150e+00 inf =   4.163e-02 (7386) 2
*2153158: obj =   2.381051052e+00 inf =   4.165e-02 (7483) 2
*2153396: obj =   2.381036883e+00 inf =   4.180e-02 (7623) 3
*2153638: obj =   2.381019222e+00 inf =   4.219e-02 (7374) 2
*2153878: obj =   2.380945420e+00 inf =   4.221e-02 (7483) 3
*2154182: obj =   2.380844587e+00 inf =   4.136e-02 (7876) 3
*2154431: obj =   2.167516476e+00 inf =   4.063e-02 (16124) 2
*2154660: obj =   2.167314765e+00 inf =   4.087e-02 (16073) 2
*2154885: obj =   2.167162417e+00 inf =   4.121e-02 (15977) 2
*2155106: obj =   2.166846999e+00 inf =   4.235e-02 (15941) 3
*2155331: obj =   2.166637176e+00 inf =   4.330e-02 (15849) 2
*2155559: obj =   2.166368076e+00 inf =   4.521e-02 (15732) 2
*2155783: obj =   2.166225672e+00 inf =   4.592e-02 (15633) 2
*2156001: obj =   2.166225672e+00 inf =   4.490e-02 (15552) 3
*2156220: obj =   2.166211505e+00 inf =   4.337e-02 (15396) 2
*2156446: obj =   2.166051127e+00 inf =   4.293e-02 (15337) 2
*2156670: obj =   2.165811339e+00 inf =   4.358e-02 (15135) 2
*2156892: obj =   2.165601585e+00 inf =   4.430e-02 (14994) 2
*2157112: obj =   2.165410310e+00 inf =   4.513e-02 (14926) 3
*2157335: obj =   2.165146244e+00 inf =   4.660e-02 (14758) 2
*2157559: obj =   2.164955181e+00 inf =   4.766e-02 (14675) 2
*2157779: obj =   2.164923324e+00 inf =   4.710e-02 (14573) 2
*2157997: obj =   2.164922809e+00 inf =   4.454e-02 (14444) 2
*2158216: obj =   2.164733200e+00 inf =   4.360e-02 (14295) 2
*2158438: obj =   2.164592864e+00 inf =   4.390e-02 (14205) 3
*2158660: obj =   2.164463736e+00 inf =   4.394e-02 (14067) 2
*2158880: obj =   2.164324761e+00 inf =   4.408e-02 (13917) 2
*2159098: obj =   2.164204310e+00 inf =   4.188e-02 (13799) 2
*2159320: obj =   2.164057702e+00 inf =   4.216e-02 (13705) 2
*2159541: obj =   2.163812865e+00 inf =   4.302e-02 (13688) 3
*2159761: obj =   2.163740386e+00 inf =   4.191e-02 (13564) 2
*2159980: obj =   2.163561225e+00 inf =   4.063e-02 (13405) 2
*2160199: obj =   2.163333824e+00 inf =   4.126e-02 (13308) 2
*2160424: obj =   2.163097700e+00 inf =   4.207e-02 (13234) 2
*2160646: obj =   2.162957870e+00 inf =   4.235e-02 (13162) 2
*2160861: obj =   2.162818147e+00 inf =   4.248e-02 (13025) 3
*2161078: obj =   2.162775249e+00 inf =   3.874e-02 (12870) 2
*2161299: obj =   2.162567736e+00 inf =   3.945e-02 (12791) 2
*2161523: obj =   2.162368270e+00 inf =   3.996e-02 (12688) 2
*2161743: obj =   2.162230565e+00 inf =   3.993e-02 (12455) 2
*2161962: obj =   2.162174012e+00 inf =   3.635e-02 (12470) 2
*2162175: obj =   2.162157668e+00 inf =   3.264e-02 (12409) 3
*2162397: obj =   2.162121766e+00 inf =   2.912e-02 (12317) 2
*2162600: obj =   2.162032085e+00 inf =   2.674e-02 (12525) 2
*2162788: obj =   2.162019636e+00 inf =   2.633e-02 (12486) 2
*2162980: obj =   2.161956963e+00 inf =   2.595e-02 (12500) 2
*2163176: obj =   2.161878993e+00 inf =   2.632e-02 (12465) 2
*2163378: obj =   2.161794650e+00 inf =   2.620e-02 (12394) 2
*2163582: obj =   2.161702137e+00 inf =   2.652e-02 (12375) 2
*2163785: obj =   2.161601621e+00 inf =   2.667e-02 (12373) 1
*2163965: obj =   2.161563465e+00 inf =   2.657e-02 (150436) 2
*2164156: obj =   2.161562263e+00 inf =   2.533e-02 (150447) 2
*2164335: obj =   2.161537252e+00 inf =   2.416e-02 (11985) 2
*2164516: obj =   2.161476487e+00 inf =   2.378e-02 (11982) 2
*2164702: obj =   2.161414644e+00 inf =   2.321e-02 (150729) 1
*2164877: obj =   2.161295821e+00 inf =   2.271e-02 (11726) 2
*2165045: obj =   2.161270978e+00 inf =   2.284e-02 (11684) 2
*2165226: obj =   2.161146403e+00 inf =   2.229e-02 (150762) 1
*2165390: obj =   2.161052166e+00 inf =   2.202e-02 (11589) 2
*2165565: obj =   2.160989949e+00 inf =   2.186e-02 (11560) 2
*2165739: obj =   2.160933710e+00 inf =   2.194e-02 (11411) 2
*2165930: obj =   2.160849158e+00 inf =   2.195e-02 (150969) 1
*2166104: obj =   2.160817372e+00 inf =   2.205e-02 (11337) 2
*2166266: obj =   2.160736943e+00 inf =   2.196e-02 (11301) 2
*2166447: obj =   2.160668823e+00 inf =   2.150e-02 (11320) 1
*2166614: obj =   2.160600096e+00 inf =   2.138e-02 (150920) 2
*2166775: obj =   2.160532542e+00 inf =   2.130e-02 (11139) 2
*2166957: obj =   2.160452649e+00 inf =   2.131e-02 (11175) 1
*2167122: obj =   2.160376948e+00 inf =   2.122e-02 (11166) 2
*2167279: obj =   2.160298431e+00 inf =   2.127e-02 (11075) 2
*2167469: obj =   2.160281876e+00 inf =   2.094e-02 (150527) 2
*2167660: obj =   2.160235239e+00 inf =   2.088e-02 (11067) 1
*2167823: obj =   2.160184811e+00 inf =   2.082e-02 (10909) 2
*2167988: obj =   2.160128019e+00 inf =   2.081e-02 (10842) 2
*2168172: obj =   2.160087160e+00 inf =   2.075e-02 (10783) 1
*2168336: obj =   2.160040234e+00 inf =   2.079e-02 (10770) 2
*2168497: obj =   2.159980710e+00 inf =   2.092e-02 (10711) 2
*2168689: obj =   2.159916932e+00 inf =   2.128e-02 (10587) 1
*2168849: obj =   2.159860472e+00 inf =   2.155e-02 (10549) 2
*2169007: obj =   2.159797523e+00 inf =   2.226e-02 (10567) 2
*2169196: obj =   2.159787215e+00 inf =   2.233e-02 (10507) 2
*2169381: obj =   2.159730801e+00 inf =   2.262e-02 (10461) 1
*2169543: obj =   2.159670590e+00 inf =   2.281e-02 (10487) 2
*2169711: obj =   2.159654014e+00 inf =   2.312e-02 (10422) 2
*2169897: obj =   2.159601873e+00 inf =   2.323e-02 (10280) 1
*2170057: obj =   2.159546132e+00 inf =   2.365e-02 (10151) 2
*2170216: obj =   2.159501230e+00 inf =   2.413e-02 (10134) 2
*2170424: obj =   2.159447103e+00 inf =   2.512e-02 (10196) 2
*2170641: obj =   2.159419646e+00 inf =   2.518e-02 (10161) 2
*2170858: obj =   2.159358974e+00 inf =   2.597e-02 (10214) 2
*2171052: obj =   2.159351091e+00 inf =   2.580e-02 (9861) 2
*2171263: obj =   2.159346624e+00 inf =   2.516e-02 (10817) 2
*2171480: obj =   2.159325439e+00 inf =   2.516e-02 (9743) 2
*2171676: obj =   2.159308988e+00 inf =   2.509e-02 (10549) 1
*2171851: obj =   2.159288801e+00 inf =   2.486e-02 (10011) 2
*2172047: obj =   2.159229907e+00 inf =   2.500e-02 (9687) 2
*2172247: obj =   2.159196857e+00 inf =   2.514e-02 (10411) 2
*2172438: obj =   2.159186366e+00 inf =   2.510e-02 (10494) 2
*2172637: obj =   2.159155014e+00 inf =   2.504e-02 (9590) 2
*2172816: obj =   2.159126469e+00 inf =   2.527e-02 (10638) 2
*2173025: obj =   2.159104126e+00 inf =   2.544e-02 (9407) 2
*2173230: obj =   2.159077077e+00 inf =   2.531e-02 (9433) 1
*2173425: obj =   2.159046535e+00 inf =   2.557e-02 (10793) 2
*2173614: obj =   2.159025405e+00 inf =   2.535e-02 (10521) 2
*2173804: obj =   2.158999777e+00 inf =   2.514e-02 (150482) 2
*2173985: obj =   2.158954398e+00 inf =   2.494e-02 (150838) 2
*2174183: obj =   2.158912324e+00 inf =   2.498e-02 (10761) 2
*2174388: obj =   2.158905520e+00 inf =   2.457e-02 (9350) 2
*2174574: obj =   2.158880128e+00 inf =   2.448e-02 (10131) 1
*2174765: obj =   2.158838775e+00 inf =   2.437e-02 (9635) 2
*2174930: obj =   2.158811344e+00 inf =   2.440e-02 (10120) 2
*2175093: obj =   2.158764382e+00 inf =   2.435e-02 (10181) 2
*2175278: obj =   2.158720740e+00 inf =   2.453e-02 (9224) 1
*2175457: obj =   2.158695585e+00 inf =   2.462e-02 (10042) 2
*2175623: obj =   2.158645368e+00 inf =   2.502e-02 (10026) 2
*2175811: obj =   2.158615433e+00 inf =   2.506e-02 (9967) 2
*2175999: obj =   2.158574659e+00 inf =   2.548e-02 (9879) 1
*2176170: obj =   2.158536988e+00 inf =   2.613e-02 (9873) 2
*2176340: obj =   2.158501744e+00 inf =   2.637e-02 (9337) 2
*2176527: obj =   2.158492273e+00 inf =   2.587e-02 (9748) 2
*2176719: obj =   2.158454146e+00 inf =   2.609e-02 (9831) 1
*2176892: obj =   2.158422537e+00 inf =   2.617e-02 (9992) 2
*2177061: obj =   2.158380878e+00 inf =   2.632e-02 (9806) 2
*2177237: obj =   2.158343073e+00 inf =   2.674e-02 (9612) 2
*2177440: obj =   2.158319341e+00 inf =   2.704e-02 (8667) 1
*2177654: obj =   2.158306464e+00 inf =   2.636e-02 (8754) 2
*2177869: obj =   2.158271536e+00 inf =   2.636e-02 (8658) 2
*2178083: obj =   2.158256096e+00 inf =   2.561e-02 (8641) 2
*2178299: obj =   2.158231960e+00 inf =   2.484e-02 (8528) 2
*2178523: obj =   2.158227290e+00 inf =   2.386e-02 (8503) 2
*2178743: obj =   2.158196868e+00 inf =   2.344e-02 (9677) 2
*2178929: obj =   2.158190028e+00 inf =   2.309e-02 (9735) 2
*2179093: obj =   2.158152251e+00 inf =   2.284e-02 (9804) 2
*2179273: obj =   2.158109389e+00 inf =   2.266e-02 (9527) 2
*2179464: obj =   2.158095791e+00 inf =   2.253e-02 (9210) 2
*2179656: obj =   2.158064345e+00 inf =   2.260e-02 (9101) 1
*2179824: obj =   2.158048238e+00 inf =   2.250e-02 (9153) 2
*2179991: obj =   2.158027216e+00 inf =   2.244e-02 (9064) 2
*2180185: obj =   2.158011216e+00 inf =   2.226e-02 (8581) 2
*2180379: obj =   2.157983485e+00 inf =   2.241e-02 (8873) 1
*2180599: obj =   2.157978514e+00 inf =   2.208e-02 (7984) 3
*2180827: obj =   2.157974101e+00 inf =   2.159e-02 (9364) 2
*2181048: obj =   2.157958404e+00 inf =   2.156e-02 (7990) 2
*2181263: obj =   2.157940043e+00 inf =   2.101e-02 (7893) 2
*2181470: obj =   2.157921429e+00 inf =   2.055e-02 (7797) 2
*2181690: obj =   2.157895526e+00 inf =   2.025e-02 (7844) 2
*2181907: obj =   2.157848834e+00 inf =   2.049e-02 (7837) 2
*2182118: obj =   2.157827934e+00 inf =   2.086e-02 (8638) 2
*2182329: obj =   2.157820753e+00 inf =   2.045e-02 (7787) 2
*2182538: obj =   2.157815254e+00 inf =   1.964e-02 (8530) 2
*2182759: obj =   2.157793172e+00 inf =   1.945e-02 (7741) 2
*2182985: obj =   2.157750798e+00 inf =   1.951e-02 (7673) 2
*2183197: obj =   2.157744287e+00 inf =   1.953e-02 (7758) 2
*2183404: obj =   2.157719206e+00 inf =   1.961e-02 (7705) 2
*2183610: obj =   2.157696056e+00 inf =   1.956e-02 (8924) 2
*2183812: obj =   2.157660356e+00 inf =   1.980e-02 (7571) 2
*2184020: obj =   2.157633818e+00 inf =   1.989e-02 (9126) 2
*2184233: obj =   2.157622122e+00 inf =   2.002e-02 (8858) 2
*2184425: obj =   2.157601215e+00 inf =   2.015e-02 (8700) 2
*2184628: obj =   2.157579163e+00 inf =   2.037e-02 (7478) 2
*2184845: obj =   2.157572593e+00 inf =   2.050e-02 (7424) 2
*2185072: obj =   2.157563495e+00 inf =   2.025e-02 (8595) 2
*2185294: obj =   2.157546133e+00 inf =   2.031e-02 (7534) 2
*2185484: obj =   2.157539203e+00 inf =   2.017e-02 (7487) 2
*2185675: obj =   2.157531747e+00 inf =   1.981e-02 (7474) 2
*2185861: obj =   2.157523977e+00 inf =   1.929e-02 (7262) 2
*2186057: obj =   2.157523764e+00 inf =   1.876e-02 (7157) 2
*2186260: obj =   2.157511412e+00 inf =   1.831e-02 (7132) 1
*2186409: obj =   2.157501440e+00 inf =   1.817e-02 (7205) 2
*2186567: obj =   2.157483250e+00 inf =   1.815e-02 (7237) 2
*2186768: obj =   2.157468932e+00 inf =   1.800e-02 (7209) 2
*2186968: obj =   2.157462448e+00 inf =   1.778e-02 (7159) 1
*2187147: obj =   2.157445892e+00 inf =   1.755e-02 (7468) 2
*2187329: obj =   2.157442222e+00 inf =   1.707e-02 (7357) 2
*2187542: obj =   2.157428392e+00 inf =   1.632e-02 (7464) 2
*2187759: obj =   2.157397914e+00 inf =   1.596e-02 (7437) 2
*2187966: obj =   2.157379836e+00 inf =   1.585e-02 (7865) 2
*2188159: obj =   2.157373487e+00 inf =   1.555e-02 (7234) 2
*2188350: obj =   2.157353599e+00 inf =   1.511e-02 (7262) 2
*2188559: obj =   2.157349369e+00 inf =   1.490e-02 (7613) 2
*2188775: obj =   2.157335414e+00 inf =   1.457e-02 (7589) 2
*2188983: obj =   2.157314391e+00 inf =   1.427e-02 (7724) 2
*2189190: obj =   2.157304475e+00 inf =   1.422e-02 (7571) 2
*2189391: obj =   2.157292834e+00 inf =   1.413e-02 (7856) 2
*2189578: obj =   2.157271476e+00 inf =   1.395e-02 (7670) 2
*2189792: obj =   2.157262626e+00 inf =   1.373e-02 (7919) 2
*2189986: obj =   2.157233986e+00 inf =   1.350e-02 (7645) 1
*2190171: obj =   2.157198544e+00 inf =   1.364e-02 (7605) 2
*2190358: obj =   2.157167369e+00 inf =   1.392e-02 (7288) 2
*2190529: obj =   2.157152636e+00 inf =   1.383e-02 (8145) 2
*2190723: obj =   2.157146542e+00 inf =   1.358e-02 (7874) 2
*2190908: obj =   2.157127184e+00 inf =   1.389e-02 (7514) 1
*2191086: obj =   2.157114124e+00 inf =   1.398e-02 (7504) 2
*2191251: obj =   2.157087152e+00 inf =   1.393e-02 (7480) 2
*2191435: obj =   2.157075827e+00 inf =   1.379e-02 (7239) 1
*2191594: obj =   2.157055203e+00 inf =   1.386e-02 (7303) 2
*2191761: obj =   2.157040369e+00 inf =   1.409e-02 (7213) 2
*2191948: obj =   2.157026195e+00 inf =   1.439e-02 (7137) 1
*2192123: obj =   2.157019235e+00 inf =   1.443e-02 (7209) 2
*2192293: obj =   2.157002259e+00 inf =   1.438e-02 (7042) 2
*2192472: obj =   2.156993367e+00 inf =   1.450e-02 (6961) 2
*2192671: obj =   2.156989269e+00 inf =   1.450e-02 (6891) 1
*2192849: obj =   2.156980930e+00 inf =   1.461e-02 (7047) 2
*2193015: obj =   2.156968762e+00 inf =   1.467e-02 (6889) 2
*2193190: obj =   2.156956316e+00 inf =   1.460e-02 (7418) 2
*2193385: obj =   2.156947150e+00 inf =   1.435e-02 (6718) 1
*2193557: obj =   2.156938346e+00 inf =   1.424e-02 (7645) 2
*2193724: obj =   2.156926998e+00 inf =   1.422e-02 (6828) 2
*2193899: obj =   2.156910399e+00 inf =   1.407e-02 (6830) 2
*2194094: obj =   2.156898412e+00 inf =   1.423e-02 (6678) 1
*2194265: obj =   2.156884846e+00 inf =   1.408e-02 (7805) 2
*2194448: obj =   2.156869491e+00 inf =   1.404e-02 (6412) 2
*2194618: obj =   2.156863048e+00 inf =   1.384e-02 (6641) 2
*2194810: obj =   2.156855892e+00 inf =   1.401e-02 (6624) 1
*2194977: obj =   2.156841523e+00 inf =   1.380e-02 (6526) 2
*2195147: obj =   2.156825189e+00 inf =   1.380e-02 (6563) 2
*2195327: obj =   2.156816241e+00 inf =   1.393e-02 (7715) 2
*2195520: obj =   2.156803237e+00 inf =   1.394e-02 (6583) 1
*2195692: obj =   2.156789662e+00 inf =   1.419e-02 (6485) 2
*2195867: obj =   2.156782551e+00 inf =   1.449e-02 (6389) 2
*2195989: obj =   2.156778978e+00 inf =   1.459e-02 (6338) 1
*2196094: obj =   2.156776154e+00 inf =   1.462e-02 (6267) 1
*2196238: obj =   2.156769942e+00 inf =   1.489e-02 (6311) 2
*2196438: obj =   2.156758013e+00 inf =   1.495e-02 (6102) 1
*2196612: obj =   2.156751105e+00 inf =   1.515e-02 (6096) 2
*2196787: obj =   2.156741335e+00 inf =   1.553e-02 (6056) 2
*2196961: obj =   2.156731365e+00 inf =   1.594e-02 (6017) 2
*2197148: obj =   2.156724938e+00 inf =   1.571e-02 (6131) 2
*2197339: obj =   2.156717653e+00 inf =   1.559e-02 (6159) 1
*2197515: obj =   2.156708827e+00 inf =   1.536e-02 (6295) 2
*2197688: obj =   2.156700215e+00 inf =   1.522e-02 (6431) 2
*2197864: obj =   2.156684049e+00 inf =   1.524e-02 (6406) 2
*2198060: obj =   2.156675988e+00 inf =   1.521e-02 (6342) 2
*2198255: obj =   2.156667343e+00 inf =   1.541e-02 (6251) 1
*2198441: obj =   2.156665391e+00 inf =   1.511e-02 (6119) 2
*2198637: obj =   2.156664133e+00 inf =   1.486e-02 (6092) 2
*2198838: obj =   2.156660723e+00 inf =   1.457e-02 (6684) 2
*2199042: obj =   2.156654398e+00 inf =   1.417e-02 (6277) 2
*2199245: obj =   2.156643331e+00 inf =   1.381e-02 (6549) 2
*2199448: obj =   2.156638681e+00 inf =   1.386e-02 (6037) 2
*2199636: obj =   2.156634709e+00 inf =   1.373e-02 (6090) 2
*2199827: obj =   2.156620160e+00 inf =   1.338e-02 (6016) 2
*2200033: obj =   2.156611384e+00 inf =   1.327e-02 (5945) 1
*2200208: obj =   2.156603981e+00 inf =   1.335e-02 (5877) 2
*2200387: obj =   2.156599774e+00 inf =   1.333e-02 (6525) 2
*2200569: obj =   2.156595396e+00 inf =   1.287e-02 (6935) 2
*2200757: obj =   2.156593584e+00 inf =   1.253e-02 (6484) 2
*2200959: obj =   2.156584990e+00 inf =   1.214e-02 (6563) 1
*2201164: obj =   2.156572516e+00 inf =   1.245e-02 (6113) 2
*2201377: obj =   2.156561173e+00 inf =   1.314e-02 (5664) 3
*2201574: obj =   2.156552505e+00 inf =   1.330e-02 (5656) 1
*2201745: obj =   2.156543519e+00 inf =   1.386e-02 (5692) 2
*2201918: obj =   2.156533682e+00 inf =   1.442e-02 (5591) 2
*2202117: obj =   2.156522054e+00 inf =   1.483e-02 (7686) 2
*2202347: obj =   2.156510019e+00 inf =   1.519e-02 (7786) 2
*2202524: obj =   2.156504319e+00 inf =   1.464e-02 (5629) 2
*2202704: obj =   2.156494625e+00 inf =   1.496e-02 (5577) 2
*2202902: obj =   2.156483052e+00 inf =   1.527e-02 (5546) 1
*2203079: obj =   2.156478568e+00 inf =   1.532e-02 (5538) 2
*2203255: obj =   2.156471676e+00 inf =   1.524e-02 (5364) 2
*2203435: obj =   2.156466425e+00 inf =   1.528e-02 (5394) 2
*2203615: obj =   2.156459477e+00 inf =   1.548e-02 (5400) 2
*2203813: obj =   2.156452086e+00 inf =   1.586e-02 (5364) 1
*2203986: obj =   2.156451828e+00 inf =   1.530e-02 (5395) 2
*2204153: obj =   2.156447951e+00 inf =   1.496e-02 (5655) 2
*2204338: obj =   2.156444615e+00 inf =   1.490e-02 (5330) 2
*2204529: obj =   2.156441435e+00 inf =   1.457e-02 (5590) 2
*2204721: obj =   2.156430289e+00 inf =   1.425e-02 (5625) 1
*2204896: obj =   2.156424922e+00 inf =   1.419e-02 (5584) 2
*2205070: obj =   2.156422904e+00 inf =   1.399e-02 (5526) 2
*2205241: obj =   2.156412176e+00 inf =   1.399e-02 (5455) 2
*2205437: obj =   2.156402298e+00 inf =   1.405e-02 (5429) 1
*2205611: obj =   2.156392506e+00 inf =   1.421e-02 (5308) 2
*2205783: obj =   2.156383198e+00 inf =   1.474e-02 (5230) 2
*2205956: obj =   2.156380021e+00 inf =   1.478e-02 (5301) 2
*2206147: obj =   2.156367379e+00 inf =   1.556e-02 (7712) 2
*2206357: obj =   2.156359442e+00 inf =   1.564e-02 (5166) 2
*2206562: obj =   2.156356090e+00 inf =   1.539e-02 (5466) 2
*2206764: obj =   2.156353876e+00 inf =   1.543e-02 (5569) 1
*2206930: obj =   2.156350431e+00 inf =   1.511e-02 (5634) 2
*2207147: obj =   2.156345499e+00 inf =   1.478e-02 (7679) 2
*2207382: obj =   2.156341432e+00 inf =   1.440e-02 (5258) 2
*2207559: obj =   2.156337507e+00 inf =   1.399e-02 (5067) 2
*2207742: obj =   2.156333321e+00 inf =   1.388e-02 (6704) 2
*2207937: obj =   2.156329024e+00 inf =   1.367e-02 (4983) 2
*2208121: obj =   2.156323889e+00 inf =   1.368e-02 (5063) 2
*2208315: obj =   2.156320425e+00 inf =   1.357e-02 (4884) 1
*2208495: obj =   2.156313386e+00 inf =   1.367e-02 (5412) 2
*2208675: obj =   2.156309165e+00 inf =   1.388e-02 (5680) 2
*2208864: obj =   2.156304546e+00 inf =   1.377e-02 (4762) 2
*2209154: obj =   2.156228152e+00 inf =   1.402e-02 (14821) 3
*2209393: obj =   2.156214372e+00 inf =   1.353e-02 (5066) 2
*2209596: obj =   2.156212397e+00 inf =   1.339e-02 (5285) 2
*2209796: obj =   2.156210627e+00 inf =   1.299e-02 (5395) 2
*2210016: obj =   2.156206149e+00 inf =   1.229e-02 (5591) 2
*2210255: obj =   2.156198845e+00 inf =   1.214e-02 (7027) 2
*2210458: obj =   2.156192577e+00 inf =   1.211e-02 (5139) 2
*2210640: obj =   2.156189752e+00 inf =   1.191e-02 (5184) 2
*2210840: obj =   2.156182712e+00 inf =   1.161e-02 (6032) 2
*2211051: obj =   2.156177425e+00 inf =   1.178e-02 (150327) 2
*2211283: obj =   2.156159085e+00 inf =   1.176e-02 (14715) 2
*2211482: obj =   2.156154665e+00 inf =   1.170e-02 (5196) 2
*2211625: obj =   2.156151016e+00 inf =   1.152e-02 (5000) 2
*2211822: obj =   2.156145750e+00 inf =   1.178e-02 (4846) 1
*2211999: obj =   2.156139875e+00 inf =   1.205e-02 (4785) 2
*2212184: obj =   2.156137444e+00 inf =   1.219e-02 (4682) 2
*2212363: obj =   2.156135404e+00 inf =   1.205e-02 (4736) 2
*2212568: obj =   2.156131931e+00 inf =   1.188e-02 (4871) 2
*2212819: obj =   2.156122979e+00 inf =   1.184e-02 (6910) 2
*2213073: obj =   2.156101326e+00 inf =   1.210e-02 (14666) 3
*2213321: obj =   2.156088355e+00 inf =   1.247e-02 (14626) 2
*2213505: obj =   2.156077334e+00 inf =   1.221e-02 (4855) 2
*2213681: obj =   2.156070180e+00 inf =   1.242e-02 (4794) 2
*2213873: obj =   2.156066348e+00 inf =   1.278e-02 (4726) 2
*2214111: obj =   2.156061593e+00 inf =   1.306e-02 (14576) 2
*2214370: obj =   2.156028626e+00 inf =   1.302e-02 (4778) 2
*2214557: obj =   2.156023972e+00 inf =   1.291e-02 (4781) 2
*2214739: obj =   2.156020878e+00 inf =   1.286e-02 (4821) 2
*2214916: obj =   2.156016107e+00 inf =   1.323e-02 (5037) 2
*2215095: obj =   2.156013550e+00 inf =   1.310e-02 (4615) 2
*2215313: obj =   1.991628411e+00 inf =   1.305e-02 (14579) 2
*2215501: obj =   1.991621318e+00 inf =   1.347e-02 (4519) 2
*2215706: obj =   1.834049285e+00 inf =   1.384e-02 (7563) 2
*2215971: obj =   1.834044697e+00 inf =   1.371e-02 (7555) 2
*2216246: obj =   1.834007217e+00 inf =   1.341e-02 (14203) 3
*2216443: obj =   1.833998752e+00 inf =   1.268e-02 (4452) 2
*2216647: obj =   1.833994661e+00 inf =   1.274e-02 (4573) 1
*2216827: obj =   1.833991010e+00 inf =   1.274e-02 (4519) 2
*2217018: obj =   1.676464937e+00 inf =   1.291e-02 (14173) 2
*2217305: obj =   1.676443468e+00 inf =   1.269e-02 (14080) 3
*2217485: obj =   1.676438966e+00 inf =   1.231e-02 (4519) 2
*2217663: obj =   1.676432745e+00 inf =   1.266e-02 (4472) 2
*2217861: obj =   1.676427821e+00 inf =   1.309e-02 (5658) 1
*2218076: obj =   1.676425070e+00 inf =   1.336e-02 (14284) 3
*2218306: obj =   1.676414632e+00 inf =   1.347e-02 (14265) 2
*2218484: obj =   1.676404688e+00 inf =   1.318e-02 (4407) 2
*2218679: obj =   1.676401165e+00 inf =   1.304e-02 (4656) 2
*2218899: obj =   1.676389116e+00 inf =   1.295e-02 (14113) 2
*2219176: obj =   1.676361375e+00 inf =   1.232e-02 (14107) 2
*2219398: obj =   1.676340699e+00 inf =   1.189e-02 (5572) 3
*2219595: obj =   1.676336910e+00 inf =   1.175e-02 (4345) 2
*2219790: obj =   1.676332489e+00 inf =   1.214e-02 (4242) 1
*2220017: obj =   1.676325874e+00 inf =   1.241e-02 (14136) 3
*2220253: obj =   1.676317140e+00 inf =   1.249e-02 (14125) 2
*2220467: obj =   1.676308951e+00 inf =   1.214e-02 (4407) 2
*2220649: obj =   1.676307018e+00 inf =   1.194e-02 (4073) 2
*2220896: obj =   1.676300821e+00 inf =   1.181e-02 (14153) 2
*2221138: obj =   1.676270054e+00 inf =   1.226e-02 (6588) 3
*2221382: obj =   1.525546870e+00 inf =   1.234e-02 (4501) 2
*2221563: obj =   1.525543513e+00 inf =   1.257e-02 (4398) 2
*2221768: obj =   1.374866363e+00 inf =   1.282e-02 (14041) 2
*2222024: obj =   1.374843927e+00 inf =   1.259e-02 (14057) 2
*2222238: obj =   1.374837084e+00 inf =   1.278e-02 (14139) 3
*2222445: obj =   1.374811853e+00 inf =   1.278e-02 (4460) 2
*2222641: obj =   1.374810665e+00 inf =   1.253e-02 (4520) 1
*2222814: obj =   1.374808154e+00 inf =   1.237e-02 (4504) 2
*2223074: obj =   1.374772101e+00 inf =   1.235e-02 (13583) 3
*2223333: obj =   1.374770409e+00 inf =   1.196e-02 (13597) 2
*2223516: obj =   1.374758050e+00 inf =   1.188e-02 (4233) 2
*2223737: obj =   1.374742812e+00 inf =   1.221e-02 (13599) 2
*2223995: obj =   1.374739281e+00 inf =   1.205e-02 (13522) 3
*2224236: obj =   1.374729447e+00 inf =   1.204e-02 (13513) 2
*2224446: obj =   1.374717949e+00 inf =   1.205e-02 (4240) 2
*2224627: obj =   1.374716313e+00 inf =   1.196e-02 (4045) 2
*2224850: obj =   1.374709444e+00 inf =   1.199e-02 (13537) 2
*2225083: obj =   1.374704027e+00 inf =   1.197e-02 (13478) 3
*2225353: obj =   1.374653779e+00 inf =   1.176e-02 (3970) 2
*2225535: obj =   1.374652210e+00 inf =   1.168e-02 (4084) 2
*2225715: obj =   1.374649825e+00 inf =   1.181e-02 (4040) 2
*2225944: obj =   1.374640533e+00 inf =   1.168e-02 (13286) 2
*2226222: obj =   1.374637031e+00 inf =   1.150e-02 (13421) 3
*2226425: obj =   1.374629072e+00 inf =   1.140e-02 (3985) 2
*2226604: obj =   1.374624962e+00 inf =   1.148e-02 (3968) 2
*2226853: obj =   1.374621624e+00 inf =   1.170e-02 (13456) 2
*2227130: obj =   1.374604791e+00 inf =   1.134e-02 (13377) 3
*2227383: obj =   1.374574728e+00 inf =   1.117e-02 (4178) 2
*2227557: obj =   1.374573231e+00 inf =   1.094e-02 (4203) 2
*2227817: obj =   1.374567412e+00 inf =   1.102e-02 (13583) 3
*2228085: obj =   1.374498256e+00 inf =   1.123e-02 (13418) 2
*2228372: obj =   1.374269190e+00 inf =   1.134e-02 (13402) 3
*2228600: obj =   1.373920092e+00 inf =   1.261e-02 (13329) 2
*2228826: obj =   1.373837892e+00 inf =   1.259e-02 (13299) 2
*2229046: obj =   1.373681095e+00 inf =   1.292e-02 (13193) 3
*2229270: obj =   1.373351699e+00 inf =   1.347e-02 (13071) 2
*2229498: obj =   1.373177905e+00 inf =   1.379e-02 (12937) 2
*2229725: obj =   1.373000255e+00 inf =   1.413e-02 (12872) 2
*2229947: obj =   1.372904701e+00 inf =   1.447e-02 (12857) 3
*2230173: obj =   1.372698740e+00 inf =   1.506e-02 (12706) 2
*2230399: obj =   1.372607213e+00 inf =   1.503e-02 (12655) 2
*2230628: obj =   1.372525067e+00 inf =   1.476e-02 (12719) 2
*2230851: obj =   1.372448382e+00 inf =   1.495e-02 (12691) 3
*2231077: obj =   1.372358935e+00 inf =   1.533e-02 (12539) 2
*2231301: obj =   1.372285936e+00 inf =   1.586e-02 (12409) 2
*2231528: obj =   1.372204544e+00 inf =   1.617e-02 (12332) 2
*2231754: obj =   1.372127658e+00 inf =   1.638e-02 (12130) 2
*2231975: obj =   1.372024231e+00 inf =   1.666e-02 (12041) 3
*2232199: obj =   1.371953034e+00 inf =   1.631e-02 (12057) 2
*2232429: obj =   1.371870912e+00 inf =   1.644e-02 (11996) 2
*2232659: obj =   1.371804098e+00 inf =   1.655e-02 (11909) 2
*2232884: obj =   1.371741617e+00 inf =   1.711e-02 (11763) 3
*2233110: obj =   1.371709729e+00 inf =   1.754e-02 (11674) 2
*2233338: obj =   1.371623182e+00 inf =   1.790e-02 (11496) 2
*2233568: obj =   1.371577880e+00 inf =   1.841e-02 (11496) 2
*2233791: obj =   1.371554418e+00 inf =   1.860e-02 (11290) 3
*2234018: obj =   1.371515260e+00 inf =   1.889e-02 (11164) 2
*2234242: obj =   1.371493169e+00 inf =   1.907e-02 (11169) 2
*2234469: obj =   1.371450284e+00 inf =   1.890e-02 (11345) 2
*2234692: obj =   1.371395577e+00 inf =   1.921e-02 (11264) 3
*2234918: obj =   1.371342543e+00 inf =   1.991e-02 (11029) 2
*2235144: obj =   1.371316721e+00 inf =   2.017e-02 (10818) 2
*2235370: obj =   1.371296141e+00 inf =   2.032e-02 (10754) 2
*2235618: obj =   1.371245541e+00 inf =   2.033e-02 (10734) 3
*2235856: obj =   1.371164720e+00 inf =   2.128e-02 (10737) 2
*2236087: obj =   1.371103842e+00 inf =   2.263e-02 (10591) 2
*2236315: obj =   1.371078832e+00 inf =   2.362e-02 (10538) 3
*2236552: obj =   1.371022878e+00 inf =   2.605e-02 (10453) 2
*2236784: obj =   1.370995989e+00 inf =   2.723e-02 (10405) 2
*2237013: obj =   1.370954712e+00 inf =   2.933e-02 (10326) 3
*2237248: obj =   1.370926004e+00 inf =   3.023e-02 (10331) 2
*2237484: obj =   1.370877545e+00 inf =   3.210e-02 (10173) 2
*2237720: obj =   1.370825550e+00 inf =   3.366e-02 (10082) 3
*2237953: obj =   1.370761190e+00 inf =   3.621e-02 (10003) 2
*2238183: obj =   1.370728965e+00 inf =   3.757e-02 (9869) 2
*2238419: obj =   1.370683712e+00 inf =   4.030e-02 (9774) 2
*2238657: obj =   1.370654774e+00 inf =   4.204e-02 (9792) 3
*2238893: obj =   1.370620464e+00 inf =   4.383e-02 (9624) 2
*2239158: obj =   1.370607901e+00 inf =   4.392e-02 (9583) 3
*2239418: obj =   1.370558845e+00 inf =   4.324e-02 (9697) 2
*2239656: obj =   1.370522453e+00 inf =   4.319e-02 (9779) 3
*2239887: obj =   1.370460486e+00 inf =   4.352e-02 (9735) 2
*2240113: obj =   1.370414643e+00 inf =   4.322e-02 (9771) 2
*2240337: obj =   1.370369866e+00 inf =   4.278e-02 (9690) 2
*2240563: obj =   1.370318686e+00 inf =   4.248e-02 (9640) 3
*2240790: obj =   1.370300888e+00 inf =   4.129e-02 (9410) 2
*2241016: obj =   1.370297900e+00 inf =   3.959e-02 (9335) 2
*2241240: obj =   1.370275102e+00 inf =   3.860e-02 (9511) 2
*2241465: obj =   1.370247336e+00 inf =   3.763e-02 (9363) 3
*2241694: obj =   1.370215768e+00 inf =   3.677e-02 (9467) 2
*2241922: obj =   1.370180772e+00 inf =   3.659e-02 (9297) 2
*2242148: obj =   1.370150898e+00 inf =   3.651e-02 (9161) 2
*2242376: obj =   1.370149359e+00 inf =   3.502e-02 (8967) 2
*2242601: obj =   1.370125783e+00 inf =   3.461e-02 (9073) 3
*2242838: obj =   1.370109082e+00 inf =   3.420e-02 (9090) 2
*2243068: obj =   1.370070235e+00 inf =   3.420e-02 (9055) 2
*2243289: obj =   1.370028838e+00 inf =   3.514e-02 (8958) 3
*2243525: obj =   1.370012554e+00 inf =   3.524e-02 (8993) 2
*2243753: obj =   1.369995985e+00 inf =   3.481e-02 (8936) 2
*2243980: obj =   1.369973205e+00 inf =   3.481e-02 (8870) 2
*2244205: obj =   1.369948411e+00 inf =   3.529e-02 (8908) 3
*2244437: obj =   1.369917328e+00 inf =   3.590e-02 (8816) 2
*2244666: obj =   1.369907062e+00 inf =   3.598e-02 (8719) 2
*2244890: obj =   1.369886659e+00 inf =   3.626e-02 (8746) 2
*2245112: obj =   1.369861231e+00 inf =   3.682e-02 (8744) 3
*2245338: obj =   1.369836171e+00 inf =   3.756e-02 (8692) 2
*2245571: obj =   1.369807764e+00 inf =   3.837e-02 (8798) 2
*2245802: obj =   1.369786950e+00 inf =   3.896e-02 (8847) 2
*2246027: obj =   1.369770118e+00 inf =   3.956e-02 (8694) 3
*2246251: obj =   1.369753391e+00 inf =   3.954e-02 (8446) 2
*2246502: obj =   1.369731669e+00 inf =   3.924e-02 (8598) 2
*2246739: obj =   1.369702593e+00 inf =   3.949e-02 (8588) 3
*2246996: obj =   1.369679616e+00 inf =   3.977e-02 (8320) 2
*2247276: obj =   1.369671117e+00 inf =   3.876e-02 (8297) 3
*2247538: obj =   1.369652054e+00 inf =   3.783e-02 (8328) 3
*2247779: obj =   1.369629942e+00 inf =   3.797e-02 (8375) 2
*2248009: obj =   1.369603798e+00 inf =   3.846e-02 (8330) 2
*2248242: obj =   1.369581318e+00 inf =   3.900e-02 (8209) 3
*2248474: obj =   1.369552772e+00 inf =   4.015e-02 (8160) 2
*2248713: obj =   1.369533284e+00 inf =   4.085e-02 (8147) 2
*2248939: obj =   1.369531956e+00 inf =   4.014e-02 (7993) 2
*2249160: obj =   1.369523331e+00 inf =   3.985e-02 (8032) 3
*2249416: obj =   1.369499901e+00 inf =   3.988e-02 (7987) 2
*2249650: obj =   1.369485553e+00 inf =   4.007e-02 (7939) 2
*2249876: obj =   1.369477790e+00 inf =   3.987e-02 (7951) 3
*2250126: obj =   1.369455451e+00 inf =   3.972e-02 (7872) 2
*2250381: obj =   1.369433079e+00 inf =   3.981e-02 (7794) 3
*2250635: obj =   1.369421303e+00 inf =   3.971e-02 (7648) 2
*2250868: obj =   1.369408784e+00 inf =   4.000e-02 (7555) 2
*2251089: obj =   1.369400140e+00 inf =   3.952e-02 (7750) 3
*2251320: obj =   1.369384360e+00 inf =   3.890e-02 (7533) 2
*2251554: obj =   1.369364978e+00 inf =   3.828e-02 (7767) 2
*2251781: obj =   1.369351727e+00 inf =   3.826e-02 (7691) 3
*2252042: obj =   1.369336318e+00 inf =   3.858e-02 (7466) 2
*2252314: obj =   1.369254713e+00 inf =   3.810e-02 (7649) 3
*2252545: obj =   1.369239923e+00 inf =   3.798e-02 (7772) 2
*2252801: obj =   1.369230651e+00 inf =   3.784e-02 (7707) 3
*2253062: obj =   1.369218563e+00 inf =   3.717e-02 (7494) 2
*2253331: obj =   1.369206910e+00 inf =   3.673e-02 (7624) 3
*2253569: obj =   1.369188677e+00 inf =   3.693e-02 (7799) 2
*2253810: obj =   1.369176983e+00 inf =   3.698e-02 (7714) 3
*2254041: obj =   1.369166478e+00 inf =   3.721e-02 (7334) 2
*2254273: obj =   1.369157185e+00 inf =   3.785e-02 (7331) 2
*2254510: obj =   1.369142021e+00 inf =   3.839e-02 (7382) 2
*2254733: obj =   1.369139375e+00 inf =   3.786e-02 (7305) 3
*2254989: obj =   1.369118956e+00 inf =   3.740e-02 (7465) 2
*2255215: obj =   1.369107784e+00 inf =   3.766e-02 (7345) 2
*2255471: obj =   1.369075647e+00 inf =   3.723e-02 (7190) 3
*2255715: obj =   1.369063699e+00 inf =   3.729e-02 (7061) 2
*2255959: obj =   1.369052955e+00 inf =   3.711e-02 (7184) 3
*2256202: obj =   1.369039928e+00 inf =   3.739e-02 (7059) 2
*2256437: obj =   1.369030297e+00 inf =   3.774e-02 (7169) 3
*2256689: obj =   1.369021851e+00 inf =   3.769e-02 (7119) 2
*2256930: obj =   1.369011357e+00 inf =   3.743e-02 (7002) 2
*2257212: obj =   1.368989443e+00 inf =   3.674e-02 (6816) 3
*2257451: obj =   1.368982790e+00 inf =   3.633e-02 (6901) 3
*2257691: obj =   1.368976128e+00 inf =   3.622e-02 (6803) 2
*2257941: obj =   1.368969866e+00 inf =   3.631e-02 (6567) 2
*2258238: obj =   1.225116156e+00 inf =   3.572e-02 (6642) 3
*2258497: obj =   1.225101734e+00 inf =   3.565e-02 (6634) 3
*2258727: obj =   1.225097653e+00 inf =   3.553e-02 (6599) 2
*2259037: obj =   1.225034610e+00 inf =   3.541e-02 (6350) 3
*2259304: obj =   8.894001789e-01 inf =   3.518e-02 (6465) 3
*2259558: obj =   8.893961310e-01 inf =   3.506e-02 (6504) 2
*2259831: obj =   8.893897744e-01 inf =   3.452e-02 (6195) 3
*2260062: obj =   8.893846964e-01 inf =   3.481e-02 (6082) 2
*2260374: obj =   6.632962771e-01 inf =   3.459e-02 (6020) 3
*2260632: obj =   6.632917714e-01 inf =   3.475e-02 (5888) 3
*2260916: obj =   5.194596897e-01 inf =   3.455e-02 (5949) 2
*2261154: obj =   5.194556109e-01 inf =   3.439e-02 (5801) 3
*2261398: obj =   5.194478412e-01 inf =   3.425e-02 (5888) 2
*2261634: obj =   5.194449604e-01 inf =   3.419e-02 (5805) 3
*2261895: obj =   5.194397264e-01 inf =   3.413e-02 (5522) 2
*2262187: obj =   5.193951295e-01 inf =   3.314e-02 (5563) 3
*2262444: obj =   5.193690172e-01 inf =   3.296e-02 (5641) 2
*2262707: obj =   5.193658018e-01 inf =   3.283e-02 (5369) 3
*2263035: obj =   4.233880709e-01 inf =   3.209e-02 (5315) 3
*2263320: obj =   4.233707438e-01 inf =   3.201e-02 (5329) 3
*2263599: obj =   4.233571659e-01 inf =   3.176e-02 (5389) 2
*2263848: obj =   4.233522700e-01 inf =   3.188e-02 (5288) 3
*2264122: obj =   4.233459381e-01 inf =   3.161e-02 (5131) 3
*2264417: obj =   4.233160334e-01 inf =   3.109e-02 (5097) 2
*2264711: obj =   4.233048278e-01 inf =   3.069e-02 (4860) 3
*2264976: obj =   4.232574465e-01 inf =   3.090e-02 (5009) 3
*2265251: obj =   4.231980353e-01 inf =   3.044e-02 (4891) 2
*2265485: obj =   4.231965688e-01 inf =   3.015e-02 (4800) 3
*2265748: obj =   4.231947374e-01 inf =   2.973e-02 (4647) 2
*2266038: obj =   4.231839107e-01 inf =   2.943e-02 (4584) 3
*2266305: obj =   3.614825552e-01 inf =   2.905e-02 (4618) 2
*2266568: obj =   3.614492465e-01 inf =   2.874e-02 (4461) 3
*2266885: obj =   3.613716170e-01 inf =   2.848e-02 (4519) 3
*2267154: obj =   3.613345951e-01 inf =   2.835e-02 (4613) 2
*2267445: obj =   3.612944880e-01 inf =   2.811e-02 (4570) 3
*2267737: obj =   3.612912667e-01 inf =   2.806e-02 (4288) 3
*2268016: obj =   3.612649005e-01 inf =   2.756e-02 (4251) 2
*2268354: obj =   3.611335144e-01 inf =   2.769e-02 (4335) 3
*2268613: obj =   3.611313991e-01 inf =   2.749e-02 (4296) 2
*2268903: obj =   3.611122822e-01 inf =   2.733e-02 (4267) 3
*2269204: obj =   3.610818123e-01 inf =   2.727e-02 (4028) 3
*2269525: obj =   3.610164791e-01 inf =   2.721e-02 (4048) 3
*2269840: obj =   3.609564672e-01 inf =   2.711e-02 (3840) 3
*2270143: obj =   3.608904252e-01 inf =   2.698e-02 (3857) 2
*2270418: obj =   3.608373057e-01 inf =   2.715e-02 (3799) 3
*2270719: obj =   3.608350195e-01 inf =   2.677e-02 (3470) 3
*2271047: obj =   3.607229834e-01 inf =   2.656e-02 (3765) 2
*2271303: obj =   3.607028868e-01 inf =   2.651e-02 (3429) 2
*2271577: obj =   3.606624993e-01 inf =   2.648e-02 (3275) 3
*2271873: obj =   3.606591251e-01 inf =   2.600e-02 (3228) 3
*2272194: obj =   3.606455433e-01 inf =   2.533e-02 (3241) 3
*2272522: obj =   3.605696863e-01 inf =   2.554e-02 (3171) 2
*2272863: obj =   3.605109806e-01 inf =   2.543e-02 (3011) 3
*2273204: obj =   3.603989736e-01 inf =   2.565e-02 (2846) 3
*2273509: obj =   3.603426807e-01 inf =   2.564e-02 (2957) 2
*2273840: obj =   3.603147560e-01 inf =   2.528e-02 (2435) 3
*2274190: obj =   3.602111954e-01 inf =   2.577e-02 (2570) 2
*2274508: obj =   3.601641361e-01 inf =   2.616e-02 (2423) 3
*2274838: obj =   3.601486707e-01 inf =   2.540e-02 (2063) 3
*2275192: obj =   3.600764468e-01 inf =   2.558e-02 (1864) 3
*2275496: obj =   3.600358914e-01 inf =   2.582e-02 (1729) 2
*2275862: obj =   3.599753256e-01 inf =   2.570e-02 (1486) 3
*2276214: obj =   3.416422645e-01 inf =   2.638e-02 (1963) 2
*2276509: obj =   3.416378867e-01 inf =   2.615e-02 (1659) 3
*2276836: obj =   3.416169812e-01 inf =   2.614e-02 (1225) 3
*2277177: obj =   3.415881422e-01 inf =   2.585e-02 (910) 3
*2277553: obj =   3.415555302e-01 inf =   2.581e-02 (517) 3
*2277961: obj =   3.415109803e-01 inf =   2.596e-02 (125) 2
Removing LP perturbation [2278046]...
*2278046: obj =   3.767130000e-01 inf =   0.000e+00 (0) 1
OPTIMAL LP SOLUTION FOUND
Integer optimization begins...
Long-step dual simplex will be used
+2278046: mip =     not found yet >=              -inf        (1; 0)
+2278046: >>>>>   3.767130000e-01 >=   3.767130000e-01   0.0% (1; 0)
+2278046: mip =   3.767130000e-01 >=     tree is empty   0.0% (0; 1)
INTEGER OPTIMAL SOLUTION FOUND
Time used:   52692.8 secs
Memory used: 403.8 Mb (423391634 bytes)
Writing MIP solution to 'input/p2p-Gnutella31.html/p2p-Gnutella31.txt.gz.24.lp.sol'...
Objective:  obj = 0.376713 (MINimum)
