Version 1.2 launched as -e 0.1 12 input/amazon0601.html/amazon0601.txt.gz 8


Execution time and memory used at after reading from file: 1.316860e+04 seconds, 174370816 bytes of memory usage, 170320 kB of memory peak and 03:39:30 elapsed time
Statistics on the network after reading from file
	Number of nodes: 403394
	Number of allocated nodes: 403456
	Number of edges: 3387388
	Maximum in degree: 2751 (node 1041)
	Maximum out degree: 10 (node 0)

Execution time and memory used at after adding costs: 1.316872e+04 seconds, 174370816 bytes of memory usage, 170320 kB of memory peak and 03:39:30 elapsed time
Statistics on the network after adding costs
	Number of nodes: 403394
	Number of allocated nodes: 403456
	Number of edges: 3387388
	Maximum in degree: 2751 (node 1041)
	Maximum out degree: 10 (node 0)

Execution time and memory used at before starting main computation: 1.323510e+04 seconds, 187076608 bytes of memory usage, 188368 kB of memory peak and 03:40:36 elapsed time
Statistics on the network before starting main computation
	Number of nodes: 403394
	Number of allocated nodes: 403456
	Number of edges: 3387388
	Maximum in degree: 2751 (node 1041)
	Maximum out degree: 10 (node 0)
	source 0 (node 0) with out degree 10
	target 194 (node 1041) with in degree 2751

Execution time and memory used at after iteration 1 (MF = 0.019558): 5.081053e+04 seconds, 3160866816 bytes of memory usage, 4445812 kB of memory peak and 14:06:53 elapsed time
Statistics on the network after iteration 1 (MF = 0.019558)
	Number of nodes: 403394
	Number of allocated nodes: 403456
	Number of edges: 3387388
	Maximum in degree: 2751 (node 1041)
	Maximum out degree: 10 (node 0)
	source 0 (node 0) with out degree 10
	target 194 (node 1041) with in degree 2751

Execution time and memory used at after iteration 2 (MF = 0.607026): 5.114206e+04 seconds, 3160866816 bytes of memory usage, 4445812 kB of memory peak and 14:12:24 elapsed time
Statistics on the network after iteration 2 (MF = 0.607026)
	Number of nodes: 403394
	Number of allocated nodes: 403456
	Number of edges: 3387388
	Maximum in degree: 2751 (node 1041)
	Maximum out degree: 10 (node 0)
	source 0 (node 0) with out degree 10
	target 194 (node 1041) with in degree 2751

Execution time and memory used at after iteration 3 (MF = 0.607026): 5.147196e+04 seconds, 3160866816 bytes of memory usage, 4445812 kB of memory peak and 14:17:54 elapsed time
Statistics on the network after iteration 3 (MF = 0.607026)
	Number of nodes: 403394
	Number of allocated nodes: 403456
	Number of edges: 3387388
	Maximum in degree: 2751 (node 1041)
	Maximum out degree: 10 (node 0)
	source 0 (node 0) with out degree 10
	target 194 (node 1041) with in degree 2751

Execution time and memory used at after iteration 4 (MF = 0.616806): 5.181691e+04 seconds, 3160866816 bytes of memory usage, 4445828 kB of memory peak and 14:23:39 elapsed time
Statistics on the network after iteration 4 (MF = 0.616806)
	Number of nodes: 403394
	Number of allocated nodes: 403456
	Number of edges: 3387388
	Maximum in degree: 2751 (node 1041)
	Maximum out degree: 10 (node 0)
	source 0 (node 0) with out degree 10
	target 194 (node 1041) with in degree 2751

Execution time and memory used at after iteration 5 (MF = 0.616806): 5.216364e+04 seconds, 3160866816 bytes of memory usage, 4445852 kB of memory peak and 14:29:26 elapsed time
Statistics on the network after iteration 5 (MF = 0.616806)
	Number of nodes: 403394
	Number of allocated nodes: 403456
	Number of edges: 3387388
	Maximum in degree: 2751 (node 1041)
	Maximum out degree: 10 (node 0)
	source 0 (node 0) with out degree 10
	target 194 (node 1041) with in degree 2751

Execution time and memory used at after iteration 6 (MF = 0.616806): 5.259179e+04 seconds, 3160866816 bytes of memory usage, 4445876 kB of memory peak and 14:36:34 elapsed time
Statistics on the network after iteration 6 (MF = 0.616806)
	Number of nodes: 403394
	Number of allocated nodes: 403456
	Number of edges: 3387388
	Maximum in degree: 2751 (node 1041)
	Maximum out degree: 10 (node 0)
	source 0 (node 0) with out degree 10
	target 194 (node 1041) with in degree 2751

Execution time and memory used at after iteration 7 (MF = 0.616806): 5.301974e+04 seconds, 3160866816 bytes of memory usage, 4445932 kB of memory peak and 14:43:42 elapsed time
Statistics on the network after iteration 7 (MF = 0.616806)
	Number of nodes: 403394
	Number of allocated nodes: 403456
	Number of edges: 3387388
	Maximum in degree: 2751 (node 1041)
	Maximum out degree: 10 (node 0)
	source 0 (node 0) with out degree 10
	target 194 (node 1041) with in degree 2751

Execution time and memory used at after iteration 8 (MF = 0.597247): 5.336115e+04 seconds, 3160866816 bytes of memory usage, 4445932 kB of memory peak and 14:49:23 elapsed time
Statistics on the network after iteration 8 (MF = 0.597247)
	Number of nodes: 403394
	Number of allocated nodes: 403456
	Number of edges: 3387388
	Maximum in degree: 2751 (node 1041)
	Maximum out degree: 10 (node 0)
	source 0 (node 0) with out degree 10
	target 194 (node 1041) with in degree 2751

Execution time and memory used at after iteration 9 (MF = 0.597247): 5.370224e+04 seconds, 3160866816 bytes of memory usage, 4445932 kB of memory peak and 14:55:04 elapsed time
Statistics on the network after iteration 9 (MF = 0.597247)
	Number of nodes: 403394
	Number of allocated nodes: 403456
	Number of edges: 3387388
	Maximum in degree: 2751 (node 1041)
	Maximum out degree: 10 (node 0)
	source 0 (node 0) with out degree 10
	target 194 (node 1041) with in degree 2751

Execution time and memory used at after iteration 10 (MF = 0.597247): 5.404399e+04 seconds, 3160866816 bytes of memory usage, 4445932 kB of memory peak and 15:00:46 elapsed time
Statistics on the network after iteration 10 (MF = 0.597247)
	Number of nodes: 403394
	Number of allocated nodes: 403456
	Number of edges: 3387388
	Maximum in degree: 2751 (node 1041)
	Maximum out degree: 10 (node 0)
	source 0 (node 0) with out degree 10
	target 194 (node 1041) with in degree 2751

Execution time and memory used at after iteration 11 (MF = 0.597247): 5.438419e+04 seconds, 3160866816 bytes of memory usage, 4445956 kB of memory peak and 15:06:26 elapsed time
Statistics on the network after iteration 11 (MF = 0.597247)
	Number of nodes: 403394
	Number of allocated nodes: 403456
	Number of edges: 3387388
	Maximum in degree: 2751 (node 1041)
	Maximum out degree: 10 (node 0)
	source 0 (node 0) with out degree 10
	target 194 (node 1041) with in degree 2751

Execution time and memory used at after iteration 12 (MF = 0.597247): 5.472471e+04 seconds, 3160866816 bytes of memory usage, 4445964 kB of memory peak and 15:12:07 elapsed time
Statistics on the network after iteration 12 (MF = 0.597247)
	Number of nodes: 403394
	Number of allocated nodes: 403456
	Number of edges: 3387388
	Maximum in degree: 2751 (node 1041)
	Maximum out degree: 10 (node 0)
	source 0 (node 0) with out degree 10
	target 194 (node 1041) with in degree 2751

Execution time and memory used at after iteration 13 (MF = 0.597247): 5.507354e+04 seconds, 3187081216 bytes of memory usage, 4445972 kB of memory peak and 15:17:56 elapsed time
Statistics on the network after iteration 13 (MF = 0.597247)
	Number of nodes: 403394
	Number of allocated nodes: 403456
	Number of edges: 3387388
	Maximum in degree: 2751 (node 1041)
	Maximum out degree: 10 (node 0)
	source 0 (node 0) with out degree 10
	target 194 (node 1041) with in degree 2751

Execution time and memory used at after iteration 14 (MF = 0.607026): 5.551638e+04 seconds, 3187081216 bytes of memory usage, 4445980 kB of memory peak and 15:25:19 elapsed time
Statistics on the network after iteration 14 (MF = 0.607026)
	Number of nodes: 403394
	Number of allocated nodes: 403456
	Number of edges: 3387388
	Maximum in degree: 2751 (node 1041)
	Maximum out degree: 10 (node 0)
	source 0 (node 0) with out degree 10
	target 194 (node 1041) with in degree 2751

Execution time and memory used at after iteration 15 (MF = 0.607026): 5.588674e+04 seconds, 3187081216 bytes of memory usage, 4446864 kB of memory peak and 15:31:29 elapsed time
Statistics on the network after iteration 15 (MF = 0.607026)
	Number of nodes: 403394
	Number of allocated nodes: 403456
	Number of edges: 3387388
	Maximum in degree: 2751 (node 1041)
	Maximum out degree: 10 (node 0)
	source 0 (node 0) with out degree 10
	target 194 (node 1041) with in degree 2751

Execution time and memory used at after iteration 16 (MF = 0.607026): 5.625677e+04 seconds, 3187081216 bytes of memory usage, 4446896 kB of memory peak and 15:37:39 elapsed time
Statistics on the network after iteration 16 (MF = 0.607026)
	Number of nodes: 403394
	Number of allocated nodes: 403456
	Number of edges: 3387388
	Maximum in degree: 2751 (node 1041)
	Maximum out degree: 10 (node 0)
	source 0 (node 0) with out degree 10
	target 194 (node 1041) with in degree 2751

Execution time and memory used at after iteration 17 (MF = 0.607026): 5.670180e+04 seconds, 3187081216 bytes of memory usage, 4448916 kB of memory peak and 15:45:04 elapsed time
Statistics on the network after iteration 17 (MF = 0.607026)
	Number of nodes: 403394
	Number of allocated nodes: 403456
	Number of edges: 3387388
	Maximum in degree: 2751 (node 1041)
	Maximum out degree: 10 (node 0)
	source 0 (node 0) with out degree 10
	target 194 (node 1041) with in degree 2751

Execution time and memory used at after iteration 18 (MF = 0.607026): 5.714616e+04 seconds, 3187081216 bytes of memory usage, 4448940 kB of memory peak and 15:52:29 elapsed time
Statistics on the network after iteration 18 (MF = 0.607026)
	Number of nodes: 403394
	Number of allocated nodes: 403456
	Number of edges: 3387388
	Maximum in degree: 2751 (node 1041)
	Maximum out degree: 10 (node 0)
	source 0 (node 0) with out degree 10
	target 194 (node 1041) with in degree 2751

Execution time and memory used at after iteration 19 (MF = 0.607026): 5.752251e+04 seconds, 3187081216 bytes of memory usage, 4449604 kB of memory peak and 15:58:45 elapsed time
Statistics on the network after iteration 19 (MF = 0.607026)
	Number of nodes: 403394
	Number of allocated nodes: 403456
	Number of edges: 3387388
	Maximum in degree: 2751 (node 1041)
	Maximum out degree: 10 (node 0)
	source 0 (node 0) with out degree 10
	target 194 (node 1041) with in degree 2751

Execution time and memory used at after iteration 20 (MF = 0.607026): 5.789801e+04 seconds, 3187081216 bytes of memory usage, 4451148 kB of memory peak and 16:05:00 elapsed time
Statistics on the network after iteration 20 (MF = 0.607026)
	Number of nodes: 403394
	Number of allocated nodes: 403456
	Number of edges: 3387388
	Maximum in degree: 2751 (node 1041)
	Maximum out degree: 10 (node 0)
	source 0 (node 0) with out degree 10
	target 194 (node 1041) with in degree 2751

Execution time and memory used at after iteration 21 (MF = 0.607026): 5.834909e+04 seconds, 3187081216 bytes of memory usage, 4452720 kB of memory peak and 16:12:31 elapsed time
Statistics on the network after iteration 21 (MF = 0.607026)
	Number of nodes: 403394
	Number of allocated nodes: 403456
	Number of edges: 3387388
	Maximum in degree: 2751 (node 1041)
	Maximum out degree: 10 (node 0)
	source 0 (node 0) with out degree 10
	target 194 (node 1041) with in degree 2751

Execution time and memory used at after iteration 22 (MF = 0.607026): 5.880079e+04 seconds, 3187081216 bytes of memory usage, 4452728 kB of memory peak and 16:20:03 elapsed time
Statistics on the network after iteration 22 (MF = 0.607026)
	Number of nodes: 403394
	Number of allocated nodes: 403456
	Number of edges: 3387388
	Maximum in degree: 2751 (node 1041)
	Maximum out degree: 10 (node 0)
	source 0 (node 0) with out degree 10
	target 194 (node 1041) with in degree 2751

Execution time and memory used at after iteration 23 (MF = 0.607026): 5.918129e+04 seconds, 3187081216 bytes of memory usage, 4455896 kB of memory peak and 16:26:24 elapsed time
Statistics on the network after iteration 23 (MF = 0.607026)
	Number of nodes: 403394
	Number of allocated nodes: 403456
	Number of edges: 3387388
	Maximum in degree: 2751 (node 1041)
	Maximum out degree: 10 (node 0)
	source 0 (node 0) with out degree 10
	target 194 (node 1041) with in degree 2751

Execution time and memory used at after iteration 24 (MF = 0.607026): 5.956281e+04 seconds, 3187081216 bytes of memory usage, 4455896 kB of memory peak and 16:32:45 elapsed time
Statistics on the network after iteration 24 (MF = 0.607026)
	Number of nodes: 403394
	Number of allocated nodes: 403456
	Number of edges: 3387388
	Maximum in degree: 2751 (node 1041)
	Maximum out degree: 10 (node 0)
	source 0 (node 0) with out degree 10
	target 194 (node 1041) with in degree 2751

Execution time and memory used at after iteration 25 (MF = 0.607026): 6.002495e+04 seconds, 3187081216 bytes of memory usage, 4465984 kB of memory peak and 16:40:27 elapsed time
Statistics on the network after iteration 25 (MF = 0.607026)
	Number of nodes: 403394
	Number of allocated nodes: 403456
	Number of edges: 3387388
	Maximum in degree: 2751 (node 1041)
	Maximum out degree: 10 (node 0)
	source 0 (node 0) with out degree 10
	target 194 (node 1041) with in degree 2751

Execution time and memory used at after iteration 26 (MF = 0.607026): 6.039381e+04 seconds, 3187081216 bytes of memory usage, 4476072 kB of memory peak and 16:46:36 elapsed time
Statistics on the network after iteration 26 (MF = 0.607026)
	Number of nodes: 403394
	Number of allocated nodes: 403456
	Number of edges: 3387388
	Maximum in degree: 2751 (node 1041)
	Maximum out degree: 10 (node 0)
	source 0 (node 0) with out degree 10
	target 194 (node 1041) with in degree 2751

Execution time and memory used at after iteration 27 (MF = 0.607026): 6.076262e+04 seconds, 3187081216 bytes of memory usage, 4476080 kB of memory peak and 16:52:45 elapsed time
Statistics on the network after iteration 27 (MF = 0.607026)
	Number of nodes: 403394
	Number of allocated nodes: 403456
	Number of edges: 3387388
	Maximum in degree: 2751 (node 1041)
	Maximum out degree: 10 (node 0)
	source 0 (node 0) with out degree 10
	target 194 (node 1041) with in degree 2751

Execution time and memory used at after iteration 28 (MF = 0.607026): 6.122564e+04 seconds, 3187081216 bytes of memory usage, 4476088 kB of memory peak and 17:00:28 elapsed time
Statistics on the network after iteration 28 (MF = 0.607026)
	Number of nodes: 403394
	Number of allocated nodes: 403456
	Number of edges: 3387388
	Maximum in degree: 2751 (node 1041)
	Maximum out degree: 10 (node 0)
	source 0 (node 0) with out degree 10
	target 194 (node 1041) with in degree 2751

Execution time and memory used at after iteration 29 (MF = 0.607026): 6.168346e+04 seconds, 3187081216 bytes of memory usage, 4476148 kB of memory peak and 17:08:06 elapsed time
Statistics on the network after iteration 29 (MF = 0.607026)
	Number of nodes: 403394
	Number of allocated nodes: 403456
	Number of edges: 3387388
	Maximum in degree: 2751 (node 1041)
	Maximum out degree: 10 (node 0)
	source 0 (node 0) with out degree 10
	target 194 (node 1041) with in degree 2751

Execution time and memory used at after iteration 30 (MF = 0.607026): 6.205613e+04 seconds, 3187081216 bytes of memory usage, 4476148 kB of memory peak and 17:14:19 elapsed time
Statistics on the network after iteration 30 (MF = 0.607026)
	Number of nodes: 403394
	Number of allocated nodes: 403456
	Number of edges: 3387388
	Maximum in degree: 2751 (node 1041)
	Maximum out degree: 10 (node 0)
	source 0 (node 0) with out degree 10
	target 194 (node 1041) with in degree 2751

Execution time and memory used at after iteration 31 (MF = 0.607026): 6.242825e+04 seconds, 3187081216 bytes of memory usage, 4476156 kB of memory peak and 17:20:31 elapsed time
Statistics on the network after iteration 31 (MF = 0.607026)
	Number of nodes: 403394
	Number of allocated nodes: 403456
	Number of edges: 3387388
	Maximum in degree: 2751 (node 1041)
	Maximum out degree: 10 (node 0)
	source 0 (node 0) with out degree 10
	target 194 (node 1041) with in degree 2751

Execution time and memory used at after iteration 32 (MF = 0.607026): 6.289526e+04 seconds, 3187081216 bytes of memory usage, 4476172 kB of memory peak and 17:28:18 elapsed time
Statistics on the network after iteration 32 (MF = 0.607026)
	Number of nodes: 403394
	Number of allocated nodes: 403456
	Number of edges: 3387388
	Maximum in degree: 2751 (node 1041)
	Maximum out degree: 10 (node 0)
	source 0 (node 0) with out degree 10
	target 194 (node 1041) with in degree 2751

Execution time and memory used at after iteration 33 (MF = 0.607026): 6.335808e+04 seconds, 3187081216 bytes of memory usage, 4476172 kB of memory peak and 17:36:00 elapsed time
Statistics on the network after iteration 33 (MF = 0.607026)
	Number of nodes: 403394
	Number of allocated nodes: 403456
	Number of edges: 3387388
	Maximum in degree: 2751 (node 1041)
	Maximum out degree: 10 (node 0)
	source 0 (node 0) with out degree 10
	target 194 (node 1041) with in degree 2751

Execution time and memory used at after iteration 34 (MF = 0.607026): 6.382063e+04 seconds, 3187081216 bytes of memory usage, 4476172 kB of memory peak and 17:43:43 elapsed time
Statistics on the network after iteration 34 (MF = 0.607026)
	Number of nodes: 403394
	Number of allocated nodes: 403456
	Number of edges: 3387388
	Maximum in degree: 2751 (node 1041)
	Maximum out degree: 10 (node 0)
	source 0 (node 0) with out degree 10
	target 194 (node 1041) with in degree 2751

Execution time and memory used at after iteration 35 (MF = 0.607026): 6.428325e+04 seconds, 3187081216 bytes of memory usage, 4476172 kB of memory peak and 17:51:26 elapsed time
Statistics on the network after iteration 35 (MF = 0.607026)
	Number of nodes: 403394
	Number of allocated nodes: 403456
	Number of edges: 3387388
	Maximum in degree: 2751 (node 1041)
	Maximum out degree: 10 (node 0)
	source 0 (node 0) with out degree 10
	target 194 (node 1041) with in degree 2751

Execution time and memory used at after iteration 36 (MF = 0.607026): 6.474722e+04 seconds, 3187081216 bytes of memory usage, 4476172 kB of memory peak and 17:59:10 elapsed time
Statistics on the network after iteration 36 (MF = 0.607026)
	Number of nodes: 403394
	Number of allocated nodes: 403456
	Number of edges: 3387388
	Maximum in degree: 2751 (node 1041)
	Maximum out degree: 10 (node 0)
	source 0 (node 0) with out degree 10
	target 194 (node 1041) with in degree 2751

Execution time and memory used at after iteration 37 (MF = 0.607026): 6.521147e+04 seconds, 3187081216 bytes of memory usage, 4476172 kB of memory peak and 18:06:54 elapsed time
Statistics on the network after iteration 37 (MF = 0.607026)
	Number of nodes: 403394
	Number of allocated nodes: 403456
	Number of edges: 3387388
	Maximum in degree: 2751 (node 1041)
	Maximum out degree: 10 (node 0)
	source 0 (node 0) with out degree 10
	target 194 (node 1041) with in degree 2751

Execution time and memory used at after iteration 38 (MF = 0.607026): 6.567569e+04 seconds, 3187081216 bytes of memory usage, 4476172 kB of memory peak and 18:14:38 elapsed time
Statistics on the network after iteration 38 (MF = 0.607026)
	Number of nodes: 403394
	Number of allocated nodes: 403456
	Number of edges: 3387388
	Maximum in degree: 2751 (node 1041)
	Maximum out degree: 10 (node 0)
	source 0 (node 0) with out degree 10
	target 194 (node 1041) with in degree 2751

Execution time and memory used at after iteration 39 (MF = 0.607026): 6.614718e+04 seconds, 3187081216 bytes of memory usage, 4476172 kB of memory peak and 18:22:30 elapsed time
Statistics on the network after iteration 39 (MF = 0.607026)
	Number of nodes: 403394
	Number of allocated nodes: 403456
	Number of edges: 3387388
	Maximum in degree: 2751 (node 1041)
	Maximum out degree: 10 (node 0)
	source 0 (node 0) with out degree 10
	target 194 (node 1041) with in degree 2751

Execution time and memory used at after iteration 40 (MF = 0.607026): 6.653238e+04 seconds, 3187081216 bytes of memory usage, 4476172 kB of memory peak and 18:28:55 elapsed time
Statistics on the network after iteration 40 (MF = 0.607026)
	Number of nodes: 403394
	Number of allocated nodes: 403456
	Number of edges: 3387388
	Maximum in degree: 2751 (node 1041)
	Maximum out degree: 10 (node 0)
	source 0 (node 0) with out degree 10
	target 194 (node 1041) with in degree 2751

Execution time and memory used at after iteration 41 (MF = 0.607026): 6.692380e+04 seconds, 3187081216 bytes of memory usage, 4476172 kB of memory peak and 18:35:26 elapsed time
Statistics on the network after iteration 41 (MF = 0.607026)
	Number of nodes: 403394
	Number of allocated nodes: 403456
	Number of edges: 3387388
	Maximum in degree: 2751 (node 1041)
	Maximum out degree: 10 (node 0)
	source 0 (node 0) with out degree 10
	target 194 (node 1041) with in degree 2751

Execution time and memory used at after iteration 42 (MF = 0.607026): 6.731636e+04 seconds, 3187081216 bytes of memory usage, 4476172 kB of memory peak and 18:41:59 elapsed time
Statistics on the network after iteration 42 (MF = 0.607026)
	Number of nodes: 403394
	Number of allocated nodes: 403456
	Number of edges: 3387388
	Maximum in degree: 2751 (node 1041)
	Maximum out degree: 10 (node 0)
	source 0 (node 0) with out degree 10
	target 194 (node 1041) with in degree 2751

Execution time and memory used at after iteration 43 (MF = 0.607026): 6.772726e+04 seconds, 3187081216 bytes of memory usage, 4476172 kB of memory peak and 18:48:50 elapsed time
Statistics on the network after iteration 43 (MF = 0.607026)
	Number of nodes: 403394
	Number of allocated nodes: 403456
	Number of edges: 3387388
	Maximum in degree: 2751 (node 1041)
	Maximum out degree: 10 (node 0)
	source 0 (node 0) with out degree 10
	target 194 (node 1041) with in degree 2751

Execution time and memory used at after iteration 44 (MF = 0.607026): 6.813801e+04 seconds, 3187081216 bytes of memory usage, 4476172 kB of memory peak and 18:55:41 elapsed time
Statistics on the network after iteration 44 (MF = 0.607026)
	Number of nodes: 403394
	Number of allocated nodes: 403456
	Number of edges: 3387388
	Maximum in degree: 2751 (node 1041)
	Maximum out degree: 10 (node 0)
	source 0 (node 0) with out degree 10
	target 194 (node 1041) with in degree 2751

Execution time and memory used at after iteration 45 (MF = 0.607026): 6.854866e+04 seconds, 3187081216 bytes of memory usage, 4476172 kB of memory peak and 19:02:31 elapsed time
Statistics on the network after iteration 45 (MF = 0.607026)
	Number of nodes: 403394
	Number of allocated nodes: 403456
	Number of edges: 3387388
	Maximum in degree: 2751 (node 1041)
	Maximum out degree: 10 (node 0)
	source 0 (node 0) with out degree 10
	target 194 (node 1041) with in degree 2751

Execution time and memory used at after iteration 46 (MF = 0.607026): 6.895906e+04 seconds, 3187077120 bytes of memory usage, 4478796 kB of memory peak and 19:09:22 elapsed time
Statistics on the network after iteration 46 (MF = 0.607026)
	Number of nodes: 403394
	Number of allocated nodes: 403456
	Number of edges: 3387388
	Maximum in degree: 2751 (node 1041)
	Maximum out degree: 10 (node 0)
	source 0 (node 0) with out degree 10
	target 194 (node 1041) with in degree 2751

Execution time and memory used at after iteration 47 (MF = 0.607026): 6.936963e+04 seconds, 3187077120 bytes of memory usage, 4478804 kB of memory peak and 19:16:12 elapsed time
Statistics on the network after iteration 47 (MF = 0.607026)
	Number of nodes: 403394
	Number of allocated nodes: 403456
	Number of edges: 3387388
	Maximum in degree: 2751 (node 1041)
	Maximum out degree: 10 (node 0)
	source 0 (node 0) with out degree 10
	target 194 (node 1041) with in degree 2751

Execution time and memory used at after iteration 48 (MF = 0.607026): 6.978567e+04 seconds, 3187077120 bytes of memory usage, 4497048 kB of memory peak and 19:23:08 elapsed time
Statistics on the network after iteration 48 (MF = 0.607026)
	Number of nodes: 403394
	Number of allocated nodes: 403456
	Number of edges: 3387388
	Maximum in degree: 2751 (node 1041)
	Maximum out degree: 10 (node 0)
	source 0 (node 0) with out degree 10
	target 194 (node 1041) with in degree 2751

Execution time and memory used at after iteration 49 (MF = 0.607026): 7.018343e+04 seconds, 3187077120 bytes of memory usage, 4497048 kB of memory peak and 19:29:46 elapsed time
Statistics on the network after iteration 49 (MF = 0.607026)
	Number of nodes: 403394
	Number of allocated nodes: 403456
	Number of edges: 3387388
	Maximum in degree: 2751 (node 1041)
	Maximum out degree: 10 (node 0)
	source 0 (node 0) with out degree 10
	target 194 (node 1041) with in degree 2751

Execution time and memory used at after iteration 50 (MF = 0.607026): 7.058142e+04 seconds, 3187077120 bytes of memory usage, 4497048 kB of memory peak and 19:36:24 elapsed time
Statistics on the network after iteration 50 (MF = 0.607026)
	Number of nodes: 403394
	Number of allocated nodes: 403456
	Number of edges: 3387388
	Maximum in degree: 2751 (node 1041)
	Maximum out degree: 10 (node 0)
	source 0 (node 0) with out degree 10
	target 194 (node 1041) with in degree 2751

Execution time and memory used at after iteration 51 (MF = 0.607026): 7.107421e+04 seconds, 3187077120 bytes of memory usage, 4497056 kB of memory peak and 19:44:37 elapsed time
Statistics on the network after iteration 51 (MF = 0.607026)
	Number of nodes: 403394
	Number of allocated nodes: 403456
	Number of edges: 3387388
	Maximum in degree: 2751 (node 1041)
	Maximum out degree: 10 (node 0)
	source 0 (node 0) with out degree 10
	target 194 (node 1041) with in degree 2751

Execution time and memory used at after iteration 52 (MF = 0.607026): 7.156085e+04 seconds, 3187077120 bytes of memory usage, 4510316 kB of memory peak and 19:52:44 elapsed time
Statistics on the network after iteration 52 (MF = 0.607026)
	Number of nodes: 403394
	Number of allocated nodes: 403456
	Number of edges: 3387388
	Maximum in degree: 2751 (node 1041)
	Maximum out degree: 10 (node 0)
	source 0 (node 0) with out degree 10
	target 194 (node 1041) with in degree 2751

Execution time and memory used at after iteration 53 (MF = 0.607026): 7.196116e+04 seconds, 3187077120 bytes of memory usage, 4510316 kB of memory peak and 19:59:24 elapsed time
Statistics on the network after iteration 53 (MF = 0.607026)
	Number of nodes: 403394
	Number of allocated nodes: 403456
	Number of edges: 3387388
	Maximum in degree: 2751 (node 1041)
	Maximum out degree: 10 (node 0)
	source 0 (node 0) with out degree 10
	target 194 (node 1041) with in degree 2751

Execution time and memory used at after iteration 54 (MF = 0.607026): 7.236169e+04 seconds, 3187077120 bytes of memory usage, 4510316 kB of memory peak and 20:06:05 elapsed time
Statistics on the network after iteration 54 (MF = 0.607026)
	Number of nodes: 403394
	Number of allocated nodes: 403456
	Number of edges: 3387388
	Maximum in degree: 2751 (node 1041)
	Maximum out degree: 10 (node 0)
	source 0 (node 0) with out degree 10
	target 194 (node 1041) with in degree 2751

Execution time and memory used at after iteration 55 (MF = 0.607026): 7.285959e+04 seconds, 3187077120 bytes of memory usage, 4510316 kB of memory peak and 20:14:23 elapsed time
Statistics on the network after iteration 55 (MF = 0.607026)
	Number of nodes: 403394
	Number of allocated nodes: 403456
	Number of edges: 3387388
	Maximum in degree: 2751 (node 1041)
	Maximum out degree: 10 (node 0)
	source 0 (node 0) with out degree 10
	target 194 (node 1041) with in degree 2751

Execution time and memory used at after iteration 56 (MF = 0.607026): 7.334870e+04 seconds, 3187077120 bytes of memory usage, 4510332 kB of memory peak and 20:22:32 elapsed time
Statistics on the network after iteration 56 (MF = 0.607026)
	Number of nodes: 403394
	Number of allocated nodes: 403456
	Number of edges: 3387388
	Maximum in degree: 2751 (node 1041)
	Maximum out degree: 10 (node 0)
	source 0 (node 0) with out degree 10
	target 194 (node 1041) with in degree 2751

Execution time and memory used at after iteration 57 (MF = 0.607026): 7.375270e+04 seconds, 3187077120 bytes of memory usage, 4533596 kB of memory peak and 20:29:16 elapsed time
Statistics on the network after iteration 57 (MF = 0.607026)
	Number of nodes: 403394
	Number of allocated nodes: 403456
	Number of edges: 3387388
	Maximum in degree: 2751 (node 1041)
	Maximum out degree: 10 (node 0)
	source 0 (node 0) with out degree 10
	target 194 (node 1041) with in degree 2751

Execution time and memory used at after iteration 58 (MF = 0.607026): 7.425097e+04 seconds, 3187077120 bytes of memory usage, 4556892 kB of memory peak and 20:37:34 elapsed time
Statistics on the network after iteration 58 (MF = 0.607026)
	Number of nodes: 403394
	Number of allocated nodes: 403456
	Number of edges: 3387388
	Maximum in degree: 2751 (node 1041)
	Maximum out degree: 10 (node 0)
	source 0 (node 0) with out degree 10
	target 194 (node 1041) with in degree 2751

Execution time and memory used at after iteration 59 (MF = 0.607026): 7.475117e+04 seconds, 3187077120 bytes of memory usage, 4556892 kB of memory peak and 20:45:54 elapsed time
Statistics on the network after iteration 59 (MF = 0.607026)
	Number of nodes: 403394
	Number of allocated nodes: 403456
	Number of edges: 3387388
	Maximum in degree: 2751 (node 1041)
	Maximum out degree: 10 (node 0)
	source 0 (node 0) with out degree 10
	target 194 (node 1041) with in degree 2751

Execution time and memory used at after iteration 60 (MF = 0.607026): 7.524163e+04 seconds, 3187077120 bytes of memory usage, 4580232 kB of memory peak and 20:54:05 elapsed time
Statistics on the network after iteration 60 (MF = 0.607026)
	Number of nodes: 403394
	Number of allocated nodes: 403456
	Number of edges: 3387388
	Maximum in degree: 2751 (node 1041)
	Maximum out degree: 10 (node 0)
	source 0 (node 0) with out degree 10
	target 194 (node 1041) with in degree 2751

Execution time and memory used at after iteration 61 (MF = 0.607026): 7.573226e+04 seconds, 3187077120 bytes of memory usage, 4580232 kB of memory peak and 21:02:15 elapsed time
Statistics on the network after iteration 61 (MF = 0.607026)
	Number of nodes: 403394
	Number of allocated nodes: 403456
	Number of edges: 3387388
	Maximum in degree: 2751 (node 1041)
	Maximum out degree: 10 (node 0)
	source 0 (node 0) with out degree 10
	target 194 (node 1041) with in degree 2751

Execution time and memory used at after iteration 62 (MF = 0.597247): 7.623078e+04 seconds, 3187077120 bytes of memory usage, 4580232 kB of memory peak and 21:10:34 elapsed time
Statistics on the network after iteration 62 (MF = 0.597247)
	Number of nodes: 403394
	Number of allocated nodes: 403456
	Number of edges: 3387388
	Maximum in degree: 2751 (node 1041)
	Maximum out degree: 10 (node 0)
	source 0 (node 0) with out degree 10
	target 194 (node 1041) with in degree 2751

Execution time and memory used at after iteration 63 (MF = 0.597247): 7.672542e+04 seconds, 3187077120 bytes of memory usage, 4580256 kB of memory peak and 21:18:49 elapsed time
Statistics on the network after iteration 63 (MF = 0.597247)
	Number of nodes: 403394
	Number of allocated nodes: 403456
	Number of edges: 3387388
	Maximum in degree: 2751 (node 1041)
	Maximum out degree: 10 (node 0)
	source 0 (node 0) with out degree 10
	target 194 (node 1041) with in degree 2751

Execution time and memory used at after iteration 64 (MF = 0.597247): 7.723175e+04 seconds, 3187077120 bytes of memory usage, 4580256 kB of memory peak and 21:27:15 elapsed time
Statistics on the network after iteration 64 (MF = 0.597247)
	Number of nodes: 403394
	Number of allocated nodes: 403456
	Number of edges: 3387388
	Maximum in degree: 2751 (node 1041)
	Maximum out degree: 10 (node 0)
	source 0 (node 0) with out degree 10
	target 194 (node 1041) with in degree 2751

Execution time and memory used at after iteration 65 (MF = 0.616806): 7.773942e+04 seconds, 3187077120 bytes of memory usage, 4580256 kB of memory peak and 21:35:43 elapsed time
Statistics on the network after iteration 65 (MF = 0.616806)
	Number of nodes: 403394
	Number of allocated nodes: 403456
	Number of edges: 3387388
	Maximum in degree: 2751 (node 1041)
	Maximum out degree: 10 (node 0)
	source 0 (node 0) with out degree 10
	target 194 (node 1041) with in degree 2751

Execution time and memory used at after iteration 66 (MF = 0.616806): 7.824488e+04 seconds, 3187077120 bytes of memory usage, 4580256 kB of memory peak and 21:44:08 elapsed time
Statistics on the network after iteration 66 (MF = 0.616806)
	Number of nodes: 403394
	Number of allocated nodes: 403456
	Number of edges: 3387388
	Maximum in degree: 2751 (node 1041)
	Maximum out degree: 10 (node 0)
	source 0 (node 0) with out degree 10
	target 194 (node 1041) with in degree 2751

Execution time and memory used at after iteration 67 (MF = 0.616806): 7.866965e+04 seconds, 3187077120 bytes of memory usage, 4580256 kB of memory peak and 21:51:13 elapsed time
Statistics on the network after iteration 67 (MF = 0.616806)
	Number of nodes: 403394
	Number of allocated nodes: 403456
	Number of edges: 3387388
	Maximum in degree: 2751 (node 1041)
	Maximum out degree: 10 (node 0)
	source 0 (node 0) with out degree 10
	target 194 (node 1041) with in degree 2751

Execution time and memory used at after iteration 68 (MF = 0.616806): 7.916932e+04 seconds, 3187077120 bytes of memory usage, 4580256 kB of memory peak and 21:59:33 elapsed time
Statistics on the network after iteration 68 (MF = 0.616806)
	Number of nodes: 403394
	Number of allocated nodes: 403456
	Number of edges: 3387388
	Maximum in degree: 2751 (node 1041)
	Maximum out degree: 10 (node 0)
	source 0 (node 0) with out degree 10
	target 194 (node 1041) with in degree 2751

Execution time and memory used at after iteration 69 (MF = 0.616806): 7.967703e+04 seconds, 3187077120 bytes of memory usage, 4580256 kB of memory peak and 22:08:00 elapsed time
Statistics on the network after iteration 69 (MF = 0.616806)
	Number of nodes: 403394
	Number of allocated nodes: 403456
	Number of edges: 3387388
	Maximum in degree: 2751 (node 1041)
	Maximum out degree: 10 (node 0)
	source 0 (node 0) with out degree 10
	target 194 (node 1041) with in degree 2751

Execution time and memory used at after iteration 70 (MF = 0.616806): 8.018402e+04 seconds, 3187077120 bytes of memory usage, 4580256 kB of memory peak and 22:16:27 elapsed time
Statistics on the network after iteration 70 (MF = 0.616806)
	Number of nodes: 403394
	Number of allocated nodes: 403456
	Number of edges: 3387388
	Maximum in degree: 2751 (node 1041)
	Maximum out degree: 10 (node 0)
	source 0 (node 0) with out degree 10
	target 194 (node 1041) with in degree 2751

Execution time and memory used at after iteration 71 (MF = 0.616806): 8.068749e+04 seconds, 3187077120 bytes of memory usage, 4580256 kB of memory peak and 22:24:51 elapsed time
Statistics on the network after iteration 71 (MF = 0.616806)
	Number of nodes: 403394
	Number of allocated nodes: 403456
	Number of edges: 3387388
	Maximum in degree: 2751 (node 1041)
	Maximum out degree: 10 (node 0)
	source 0 (node 0) with out degree 10
	target 194 (node 1041) with in degree 2751

Execution time and memory used at after iteration 72 (MF = 0.616806): 8.118481e+04 seconds, 3187077120 bytes of memory usage, 4580256 kB of memory peak and 22:33:08 elapsed time
Statistics on the network after iteration 72 (MF = 0.616806)
	Number of nodes: 403394
	Number of allocated nodes: 403456
	Number of edges: 3387388
	Maximum in degree: 2751 (node 1041)
	Maximum out degree: 10 (node 0)
	source 0 (node 0) with out degree 10
	target 194 (node 1041) with in degree 2751

Execution time and memory used at after iteration 73 (MF = 0.616806): 8.169166e+04 seconds, 3187077120 bytes of memory usage, 4580256 kB of memory peak and 22:41:35 elapsed time
Statistics on the network after iteration 73 (MF = 0.616806)
	Number of nodes: 403394
	Number of allocated nodes: 403456
	Number of edges: 3387388
	Maximum in degree: 2751 (node 1041)
	Maximum out degree: 10 (node 0)
	source 0 (node 0) with out degree 10
	target 194 (node 1041) with in degree 2751

Execution time and memory used at after iteration 74 (MF = 0.616806): 8.211624e+04 seconds, 3187077120 bytes of memory usage, 4580256 kB of memory peak and 22:48:40 elapsed time
Statistics on the network after iteration 74 (MF = 0.616806)
	Number of nodes: 403394
	Number of allocated nodes: 403456
	Number of edges: 3387388
	Maximum in degree: 2751 (node 1041)
	Maximum out degree: 10 (node 0)
	source 0 (node 0) with out degree 10
	target 194 (node 1041) with in degree 2751

Execution time and memory used at after iteration 75 (MF = 0.616806): 8.261246e+04 seconds, 3187077120 bytes of memory usage, 4580256 kB of memory peak and 22:56:56 elapsed time
Statistics on the network after iteration 75 (MF = 0.616806)
	Number of nodes: 403394
	Number of allocated nodes: 403456
	Number of edges: 3387388
	Maximum in degree: 2751 (node 1041)
	Maximum out degree: 10 (node 0)
	source 0 (node 0) with out degree 10
	target 194 (node 1041) with in degree 2751

Execution time and memory used at after iteration 76 (MF = 0.616806): 8.310662e+04 seconds, 3187077120 bytes of memory usage, 4580256 kB of memory peak and 23:05:10 elapsed time
Statistics on the network after iteration 76 (MF = 0.616806)
	Number of nodes: 403394
	Number of allocated nodes: 403456
	Number of edges: 3387388
	Maximum in degree: 2751 (node 1041)
	Maximum out degree: 10 (node 0)
	source 0 (node 0) with out degree 10
	target 194 (node 1041) with in degree 2751

Execution time and memory used at after iteration 77 (MF = 0.616806): 8.360344e+04 seconds, 3187077120 bytes of memory usage, 4580256 kB of memory peak and 23:13:27 elapsed time
Statistics on the network after iteration 77 (MF = 0.616806)
	Number of nodes: 403394
	Number of allocated nodes: 403456
	Number of edges: 3387388
	Maximum in degree: 2751 (node 1041)
	Maximum out degree: 10 (node 0)
	source 0 (node 0) with out degree 10
	target 194 (node 1041) with in degree 2751

Execution time and memory used at after iteration 78 (MF = 0.616806): 8.409929e+04 seconds, 3187077120 bytes of memory usage, 4580256 kB of memory peak and 23:21:43 elapsed time
Statistics on the network after iteration 78 (MF = 0.616806)
	Number of nodes: 403394
	Number of allocated nodes: 403456
	Number of edges: 3387388
	Maximum in degree: 2751 (node 1041)
	Maximum out degree: 10 (node 0)
	source 0 (node 0) with out degree 10
	target 194 (node 1041) with in degree 2751

Execution time and memory used at after iteration 79 (MF = 0.616806): 8.460476e+04 seconds, 3187077120 bytes of memory usage, 4580256 kB of memory peak and 23:30:08 elapsed time
Statistics on the network after iteration 79 (MF = 0.616806)
	Number of nodes: 403394
	Number of allocated nodes: 403456
	Number of edges: 3387388
	Maximum in degree: 2751 (node 1041)
	Maximum out degree: 10 (node 0)
	source 0 (node 0) with out degree 10
	target 194 (node 1041) with in degree 2751

Execution time and memory used at after iteration 80 (MF = 0.616806): 8.511187e+04 seconds, 3187077120 bytes of memory usage, 4580256 kB of memory peak and 23:38:35 elapsed time
Statistics on the network after iteration 80 (MF = 0.616806)
	Number of nodes: 403394
	Number of allocated nodes: 403456
	Number of edges: 3387388
	Maximum in degree: 2751 (node 1041)
	Maximum out degree: 10 (node 0)
	source 0 (node 0) with out degree 10
	target 194 (node 1041) with in degree 2751

Execution time and memory used at after iteration 81 (MF = 0.616806): 8.561163e+04 seconds, 3187077120 bytes of memory usage, 4580256 kB of memory peak and 23:46:55 elapsed time
Statistics on the network after iteration 81 (MF = 0.616806)
	Number of nodes: 403394
	Number of allocated nodes: 403456
	Number of edges: 3387388
	Maximum in degree: 2751 (node 1041)
	Maximum out degree: 10 (node 0)
	source 0 (node 0) with out degree 10
	target 194 (node 1041) with in degree 2751

Execution time and memory used at after iteration 82 (MF = 0.616806): 8.604608e+04 seconds, 3187077120 bytes of memory usage, 4580256 kB of memory peak and 23:54:10 elapsed time
Statistics on the network after iteration 82 (MF = 0.616806)
	Number of nodes: 403394
	Number of allocated nodes: 403456
	Number of edges: 3387388
	Maximum in degree: 2751 (node 1041)
	Maximum out degree: 10 (node 0)
	source 0 (node 0) with out degree 10
	target 194 (node 1041) with in degree 2751

Execution time and memory used at after iteration 83 (MF = 0.616806): 8.654515e+04 seconds, 3187077120 bytes of memory usage, 4580256 kB of memory peak and 1-00:02:29 elapsed time
Statistics on the network after iteration 83 (MF = 0.616806)
	Number of nodes: 403394
	Number of allocated nodes: 403456
	Number of edges: 3387388
	Maximum in degree: 2751 (node 1041)
	Maximum out degree: 10 (node 0)
	source 0 (node 0) with out degree 10
	target 194 (node 1041) with in degree 2751

Execution time and memory used at after iteration 84 (MF = 0.616806): 8.697297e+04 seconds, 3187077120 bytes of memory usage, 4580256 kB of memory peak and 1-00:09:37 elapsed time
Statistics on the network after iteration 84 (MF = 0.616806)
	Number of nodes: 403394
	Number of allocated nodes: 403456
	Number of edges: 3387388
	Maximum in degree: 2751 (node 1041)
	Maximum out degree: 10 (node 0)
	source 0 (node 0) with out degree 10
	target 194 (node 1041) with in degree 2751

Execution time and memory used at after iteration 85 (MF = 0.616806): 8.741218e+04 seconds, 3187077120 bytes of memory usage, 4580256 kB of memory peak and 1-00:16:56 elapsed time
Statistics on the network after iteration 85 (MF = 0.616806)
	Number of nodes: 403394
	Number of allocated nodes: 403456
	Number of edges: 3387388
	Maximum in degree: 2751 (node 1041)
	Maximum out degree: 10 (node 0)
	source 0 (node 0) with out degree 10
	target 194 (node 1041) with in degree 2751

Execution time and memory used at after iteration 86 (MF = 0.616806): 8.792807e+04 seconds, 3187077120 bytes of memory usage, 4580256 kB of memory peak and 1-00:25:32 elapsed time
Statistics on the network after iteration 86 (MF = 0.616806)
	Number of nodes: 403394
	Number of allocated nodes: 403456
	Number of edges: 3387388
	Maximum in degree: 2751 (node 1041)
	Maximum out degree: 10 (node 0)
	source 0 (node 0) with out degree 10
	target 194 (node 1041) with in degree 2751

Execution time and memory used at after iteration 87 (MF = 0.597247): 8.844317e+04 seconds, 3187077120 bytes of memory usage, 4580256 kB of memory peak and 1-00:34:07 elapsed time
Statistics on the network after iteration 87 (MF = 0.597247)
	Number of nodes: 403394
	Number of allocated nodes: 403456
	Number of edges: 3387388
	Maximum in degree: 2751 (node 1041)
	Maximum out degree: 10 (node 0)
	source 0 (node 0) with out degree 10
	target 194 (node 1041) with in degree 2751

Execution time and memory used at after iteration 88 (MF = 0.597247): 8.894760e+04 seconds, 3187077120 bytes of memory usage, 4580256 kB of memory peak and 1-00:42:31 elapsed time
Statistics on the network after iteration 88 (MF = 0.597247)
	Number of nodes: 403394
	Number of allocated nodes: 403456
	Number of edges: 3387388
	Maximum in degree: 2751 (node 1041)
	Maximum out degree: 10 (node 0)
	source 0 (node 0) with out degree 10
	target 194 (node 1041) with in degree 2751

Execution time and memory used at after iteration 89 (MF = 0.616806): 8.939068e+04 seconds, 3187077120 bytes of memory usage, 4580256 kB of memory peak and 1-00:49:54 elapsed time
Statistics on the network after iteration 89 (MF = 0.616806)
	Number of nodes: 403394
	Number of allocated nodes: 403456
	Number of edges: 3387388
	Maximum in degree: 2751 (node 1041)
	Maximum out degree: 10 (node 0)
	source 0 (node 0) with out degree 10
	target 194 (node 1041) with in degree 2751

Execution time and memory used at after iteration 90 (MF = 0.616806): 8.991548e+04 seconds, 3187077120 bytes of memory usage, 4580256 kB of memory peak and 1-00:58:39 elapsed time
Statistics on the network after iteration 90 (MF = 0.616806)
	Number of nodes: 403394
	Number of allocated nodes: 403456
	Number of edges: 3387388
	Maximum in degree: 2751 (node 1041)
	Maximum out degree: 10 (node 0)
	source 0 (node 0) with out degree 10
	target 194 (node 1041) with in degree 2751

Execution time and memory used at after iteration 91 (MF = 0.597247): 9.035228e+04 seconds, 3187077120 bytes of memory usage, 4580256 kB of memory peak and 1-01:05:56 elapsed time
Statistics on the network after iteration 91 (MF = 0.597247)
	Number of nodes: 403394
	Number of allocated nodes: 403456
	Number of edges: 3387388
	Maximum in degree: 2751 (node 1041)
	Maximum out degree: 10 (node 0)
	source 0 (node 0) with out degree 10
	target 194 (node 1041) with in degree 2751

Execution time and memory used at after iteration 92 (MF = 0.597247): 9.088588e+04 seconds, 3187077120 bytes of memory usage, 4580256 kB of memory peak and 1-01:14:50 elapsed time
Statistics on the network after iteration 92 (MF = 0.597247)
	Number of nodes: 403394
	Number of allocated nodes: 403456
	Number of edges: 3387388
	Maximum in degree: 2751 (node 1041)
	Maximum out degree: 10 (node 0)
	source 0 (node 0) with out degree 10
	target 194 (node 1041) with in degree 2751

Execution time and memory used at after iteration 93 (MF = 0.597247): 9.141874e+04 seconds, 3187077120 bytes of memory usage, 4580256 kB of memory peak and 1-01:23:43 elapsed time
Statistics on the network after iteration 93 (MF = 0.597247)
	Number of nodes: 403394
	Number of allocated nodes: 403456
	Number of edges: 3387388
	Maximum in degree: 2751 (node 1041)
	Maximum out degree: 10 (node 0)
	source 0 (node 0) with out degree 10
	target 194 (node 1041) with in degree 2751

Execution time and memory used at after iteration 94 (MF = 0.616806): 9.194409e+04 seconds, 3187077120 bytes of memory usage, 4580256 kB of memory peak and 1-01:32:28 elapsed time
Statistics on the network after iteration 94 (MF = 0.616806)
	Number of nodes: 403394
	Number of allocated nodes: 403456
	Number of edges: 3387388
	Maximum in degree: 2751 (node 1041)
	Maximum out degree: 10 (node 0)
	source 0 (node 0) with out degree 10
	target 194 (node 1041) with in degree 2751

Execution time and memory used at after iteration 95 (MF = 0.616806): 9.247357e+04 seconds, 3187077120 bytes of memory usage, 4580256 kB of memory peak and 1-01:41:18 elapsed time
Statistics on the network after iteration 95 (MF = 0.616806)
	Number of nodes: 403394
	Number of allocated nodes: 403456
	Number of edges: 3387388
	Maximum in degree: 2751 (node 1041)
	Maximum out degree: 10 (node 0)
	source 0 (node 0) with out degree 10
	target 194 (node 1041) with in degree 2751

Execution time and memory used at after iteration 96 (MF = 0.597247): 9.300224e+04 seconds, 3187077120 bytes of memory usage, 4580256 kB of memory peak and 1-01:50:06 elapsed time
Statistics on the network after iteration 96 (MF = 0.597247)
	Number of nodes: 403394
	Number of allocated nodes: 403456
	Number of edges: 3387388
	Maximum in degree: 2751 (node 1041)
	Maximum out degree: 10 (node 0)
	source 0 (node 0) with out degree 10
	target 194 (node 1041) with in degree 2751

Execution time and memory used at after iteration 97 (MF = 0.597247): 9.353880e+04 seconds, 3187077120 bytes of memory usage, 4580256 kB of memory peak and 1-01:59:03 elapsed time
Statistics on the network after iteration 97 (MF = 0.597247)
	Number of nodes: 403394
	Number of allocated nodes: 403456
	Number of edges: 3387388
	Maximum in degree: 2751 (node 1041)
	Maximum out degree: 10 (node 0)
	source 0 (node 0) with out degree 10
	target 194 (node 1041) with in degree 2751

Execution time and memory used at after iteration 98 (MF = 0.597247): 9.398702e+04 seconds, 3187077120 bytes of memory usage, 4580256 kB of memory peak and 1-02:06:31 elapsed time
Statistics on the network after iteration 98 (MF = 0.597247)
	Number of nodes: 403394
	Number of allocated nodes: 403456
	Number of edges: 3387388
	Maximum in degree: 2751 (node 1041)
	Maximum out degree: 10 (node 0)
	source 0 (node 0) with out degree 10
	target 194 (node 1041) with in degree 2751

Execution time and memory used at after iteration 99 (MF = 0.597247): 9.452666e+04 seconds, 3187077120 bytes of memory usage, 4580256 kB of memory peak and 1-02:15:31 elapsed time
Statistics on the network after iteration 99 (MF = 0.597247)
	Number of nodes: 403394
	Number of allocated nodes: 403456
	Number of edges: 3387388
	Maximum in degree: 2751 (node 1041)
	Maximum out degree: 10 (node 0)
	source 0 (node 0) with out degree 10
	target 194 (node 1041) with in degree 2751

Execution time and memory used at after iteration 100 (MF = 0.597247): 9.506780e+04 seconds, 3187077120 bytes of memory usage, 4580256 kB of memory peak and 1-02:24:32 elapsed time
Statistics on the network after iteration 100 (MF = 0.597247)
	Number of nodes: 403394
	Number of allocated nodes: 403456
	Number of edges: 3387388
	Maximum in degree: 2751 (node 1041)
	Maximum out degree: 10 (node 0)
	source 0 (node 0) with out degree 10
	target 194 (node 1041) with in degree 2751

Execution time and memory used at after iteration 101 (MF = 0.597247): 9.561089e+04 seconds, 3187077120 bytes of memory usage, 4580256 kB of memory peak and 1-02:33:35 elapsed time
Statistics on the network after iteration 101 (MF = 0.597247)
	Number of nodes: 403394
	Number of allocated nodes: 403456
	Number of edges: 3387388
	Maximum in degree: 2751 (node 1041)
	Maximum out degree: 10 (node 0)
	source 0 (node 0) with out degree 10
	target 194 (node 1041) with in degree 2751

Execution time and memory used at after iteration 102 (MF = 0.597247): 9.606078e+04 seconds, 3187077120 bytes of memory usage, 4580256 kB of memory peak and 1-02:41:05 elapsed time
Statistics on the network after iteration 102 (MF = 0.597247)
	Number of nodes: 403394
	Number of allocated nodes: 403456
	Number of edges: 3387388
	Maximum in degree: 2751 (node 1041)
	Maximum out degree: 10 (node 0)
	source 0 (node 0) with out degree 10
	target 194 (node 1041) with in degree 2751

Execution time and memory used at after iteration 103 (MF = 0.597247): 9.651272e+04 seconds, 3187077120 bytes of memory usage, 4580256 kB of memory peak and 1-02:48:37 elapsed time
Statistics on the network after iteration 103 (MF = 0.597247)
	Number of nodes: 403394
	Number of allocated nodes: 403456
	Number of edges: 3387388
	Maximum in degree: 2751 (node 1041)
	Maximum out degree: 10 (node 0)
	source 0 (node 0) with out degree 10
	target 194 (node 1041) with in degree 2751

Execution time and memory used at after iteration 104 (MF = 0.597247): 9.696442e+04 seconds, 3187077120 bytes of memory usage, 4580256 kB of memory peak and 1-02:56:09 elapsed time
Statistics on the network after iteration 104 (MF = 0.597247)
	Number of nodes: 403394
	Number of allocated nodes: 403456
	Number of edges: 3387388
	Maximum in degree: 2751 (node 1041)
	Maximum out degree: 10 (node 0)
	source 0 (node 0) with out degree 10
	target 194 (node 1041) with in degree 2751

Execution time and memory used at after iteration 105 (MF = 0.597247): 9.741591e+04 seconds, 3187077120 bytes of memory usage, 4580256 kB of memory peak and 1-03:03:40 elapsed time
Statistics on the network after iteration 105 (MF = 0.597247)
	Number of nodes: 403394
	Number of allocated nodes: 403456
	Number of edges: 3387388
	Maximum in degree: 2751 (node 1041)
	Maximum out degree: 10 (node 0)
	source 0 (node 0) with out degree 10
	target 194 (node 1041) with in degree 2751

Execution time and memory used at after iteration 106 (MF = 0.597247): 9.787290e+04 seconds, 3187077120 bytes of memory usage, 4580256 kB of memory peak and 1-03:11:17 elapsed time
Statistics on the network after iteration 106 (MF = 0.597247)
	Number of nodes: 403394
	Number of allocated nodes: 403456
	Number of edges: 3387388
	Maximum in degree: 2751 (node 1041)
	Maximum out degree: 10 (node 0)
	source 0 (node 0) with out degree 10
	target 194 (node 1041) with in degree 2751

Execution time and memory used at after iteration 107 (MF = 0.597247): 9.832952e+04 seconds, 3187077120 bytes of memory usage, 4580256 kB of memory peak and 1-03:18:54 elapsed time
Statistics on the network after iteration 107 (MF = 0.597247)
	Number of nodes: 403394
	Number of allocated nodes: 403456
	Number of edges: 3387388
	Maximum in degree: 2751 (node 1041)
	Maximum out degree: 10 (node 0)
	source 0 (node 0) with out degree 10
	target 194 (node 1041) with in degree 2751

Execution time and memory used at after iteration 108 (MF = 0.597247): 9.878843e+04 seconds, 3187077120 bytes of memory usage, 4580256 kB of memory peak and 1-03:26:33 elapsed time
Statistics on the network after iteration 108 (MF = 0.597247)
	Number of nodes: 403394
	Number of allocated nodes: 403456
	Number of edges: 3387388
	Maximum in degree: 2751 (node 1041)
	Maximum out degree: 10 (node 0)
	source 0 (node 0) with out degree 10
	target 194 (node 1041) with in degree 2751

Execution time and memory used at after iteration 109 (MF = 0.597247): 9.924771e+04 seconds, 3187077120 bytes of memory usage, 4580256 kB of memory peak and 1-03:34:12 elapsed time
Statistics on the network after iteration 109 (MF = 0.597247)
	Number of nodes: 403394
	Number of allocated nodes: 403456
	Number of edges: 3387388
	Maximum in degree: 2751 (node 1041)
	Maximum out degree: 10 (node 0)
	source 0 (node 0) with out degree 10
	target 194 (node 1041) with in degree 2751

Execution time and memory used at after iteration 110 (MF = 0.597247): 9.970764e+04 seconds, 3187077120 bytes of memory usage, 4580256 kB of memory peak and 1-03:41:52 elapsed time
Statistics on the network after iteration 110 (MF = 0.597247)
	Number of nodes: 403394
	Number of allocated nodes: 403456
	Number of edges: 3387388
	Maximum in degree: 2751 (node 1041)
	Maximum out degree: 10 (node 0)
	source 0 (node 0) with out degree 10
	target 194 (node 1041) with in degree 2751

Execution time and memory used at after iteration 111 (MF = 0.597247): 1.001680e+05 seconds, 3187077120 bytes of memory usage, 4580256 kB of memory peak and 1-03:49:32 elapsed time
Statistics on the network after iteration 111 (MF = 0.597247)
	Number of nodes: 403394
	Number of allocated nodes: 403456
	Number of edges: 3387388
	Maximum in degree: 2751 (node 1041)
	Maximum out degree: 10 (node 0)
	source 0 (node 0) with out degree 10
	target 194 (node 1041) with in degree 2751

Execution time and memory used at after iteration 112 (MF = 0.597247): 1.006286e+05 seconds, 3187077120 bytes of memory usage, 4580256 kB of memory peak and 1-03:57:13 elapsed time
Statistics on the network after iteration 112 (MF = 0.597247)
	Number of nodes: 403394
	Number of allocated nodes: 403456
	Number of edges: 3387388
	Maximum in degree: 2751 (node 1041)
	Maximum out degree: 10 (node 0)
	source 0 (node 0) with out degree 10
	target 194 (node 1041) with in degree 2751

Execution time and memory used at after iteration 113 (MF = 0.597247): 1.010941e+05 seconds, 3187077120 bytes of memory usage, 4580256 kB of memory peak and 1-04:04:59 elapsed time
Statistics on the network after iteration 113 (MF = 0.597247)
	Number of nodes: 403394
	Number of allocated nodes: 403456
	Number of edges: 3387388
	Maximum in degree: 2751 (node 1041)
	Maximum out degree: 10 (node 0)
	source 0 (node 0) with out degree 10
	target 194 (node 1041) with in degree 2751

Execution time and memory used at after iteration 114 (MF = 0.616806): 1.016478e+05 seconds, 3187077120 bytes of memory usage, 4580256 kB of memory peak and 1-04:14:12 elapsed time
Statistics on the network after iteration 114 (MF = 0.616806)
	Number of nodes: 403394
	Number of allocated nodes: 403456
	Number of edges: 3387388
	Maximum in degree: 2751 (node 1041)
	Maximum out degree: 10 (node 0)
	source 0 (node 0) with out degree 10
	target 194 (node 1041) with in degree 2751

Execution time and memory used at after iteration 115 (MF = 0.616806): 1.021992e+05 seconds, 3187077120 bytes of memory usage, 4580256 kB of memory peak and 1-04:23:24 elapsed time
Statistics on the network after iteration 115 (MF = 0.616806)
	Number of nodes: 403394
	Number of allocated nodes: 403456
	Number of edges: 3387388
	Maximum in degree: 2751 (node 1041)
	Maximum out degree: 10 (node 0)
	source 0 (node 0) with out degree 10
	target 194 (node 1041) with in degree 2751

Execution time and memory used at after iteration 116 (MF = 0.616806): 1.027537e+05 seconds, 3187077120 bytes of memory usage, 4580256 kB of memory peak and 1-04:32:38 elapsed time
Statistics on the network after iteration 116 (MF = 0.616806)
	Number of nodes: 403394
	Number of allocated nodes: 403456
	Number of edges: 3387388
	Maximum in degree: 2751 (node 1041)
	Maximum out degree: 10 (node 0)
	source 0 (node 0) with out degree 10
	target 194 (node 1041) with in degree 2751

Execution time and memory used at after iteration 117 (MF = 0.597247): 1.032242e+05 seconds, 3187077120 bytes of memory usage, 4614548 kB of memory peak and 1-04:40:29 elapsed time
Statistics on the network after iteration 117 (MF = 0.597247)
	Number of nodes: 403394
	Number of allocated nodes: 403456
	Number of edges: 3387388
	Maximum in degree: 2751 (node 1041)
	Maximum out degree: 10 (node 0)
	source 0 (node 0) with out degree 10
	target 194 (node 1041) with in degree 2751

Execution time and memory used at after iteration 118 (MF = 0.616806): 1.037888e+05 seconds, 3187077120 bytes of memory usage, 4614576 kB of memory peak and 1-04:49:53 elapsed time
Statistics on the network after iteration 118 (MF = 0.616806)
	Number of nodes: 403394
	Number of allocated nodes: 403456
	Number of edges: 3387388
	Maximum in degree: 2751 (node 1041)
	Maximum out degree: 10 (node 0)
	source 0 (node 0) with out degree 10
	target 194 (node 1041) with in degree 2751

Execution time and memory used at after iteration 119 (MF = 0.616806): 1.043537e+05 seconds, 3187077120 bytes of memory usage, 4614608 kB of memory peak and 1-04:59:18 elapsed time
Statistics on the network after iteration 119 (MF = 0.616806)
	Number of nodes: 403394
	Number of allocated nodes: 403456
	Number of edges: 3387388
	Maximum in degree: 2751 (node 1041)
	Maximum out degree: 10 (node 0)
	source 0 (node 0) with out degree 10
	target 194 (node 1041) with in degree 2751

Execution time and memory used at after iteration 120 (MF = 0.616806): 1.049181e+05 seconds, 3187077120 bytes of memory usage, 4614608 kB of memory peak and 1-05:08:43 elapsed time
Statistics on the network after iteration 120 (MF = 0.616806)
	Number of nodes: 403394
	Number of allocated nodes: 403456
	Number of edges: 3387388
	Maximum in degree: 2751 (node 1041)
	Maximum out degree: 10 (node 0)
	source 0 (node 0) with out degree 10
	target 194 (node 1041) with in degree 2751

Execution time and memory used at after iteration 121 (MF = 0.616806): 1.054837e+05 seconds, 3187077120 bytes of memory usage, 4614628 kB of memory peak and 1-05:18:09 elapsed time
Statistics on the network after iteration 121 (MF = 0.616806)
	Number of nodes: 403394
	Number of allocated nodes: 403456
	Number of edges: 3387388
	Maximum in degree: 2751 (node 1041)
	Maximum out degree: 10 (node 0)
	source 0 (node 0) with out degree 10
	target 194 (node 1041) with in degree 2751

Execution time and memory used at after iteration 122 (MF = 0.616806): 1.060533e+05 seconds, 3187077120 bytes of memory usage, 4614644 kB of memory peak and 1-05:27:38 elapsed time
Statistics on the network after iteration 122 (MF = 0.616806)
	Number of nodes: 403394
	Number of allocated nodes: 403456
	Number of edges: 3387388
	Maximum in degree: 2751 (node 1041)
	Maximum out degree: 10 (node 0)
	source 0 (node 0) with out degree 10
	target 194 (node 1041) with in degree 2751

Execution time and memory used at after iteration 123 (MF = 0.616806): 1.066202e+05 seconds, 3187077120 bytes of memory usage, 4614644 kB of memory peak and 1-05:37:05 elapsed time
Statistics on the network after iteration 123 (MF = 0.616806)
	Number of nodes: 403394
	Number of allocated nodes: 403456
	Number of edges: 3387388
	Maximum in degree: 2751 (node 1041)
	Maximum out degree: 10 (node 0)
	source 0 (node 0) with out degree 10
	target 194 (node 1041) with in degree 2751

Execution time and memory used at after iteration 124 (MF = 0.597247): 1.070919e+05 seconds, 3187077120 bytes of memory usage, 4614676 kB of memory peak and 1-05:44:57 elapsed time
Statistics on the network after iteration 124 (MF = 0.597247)
	Number of nodes: 403394
	Number of allocated nodes: 403456
	Number of edges: 3387388
	Maximum in degree: 2751 (node 1041)
	Maximum out degree: 10 (node 0)
	source 0 (node 0) with out degree 10
	target 194 (node 1041) with in degree 2751

Execution time and memory used at after iteration 125 (MF = 0.597247): 1.075636e+05 seconds, 3187077120 bytes of memory usage, 4614676 kB of memory peak and 1-05:52:49 elapsed time
Statistics on the network after iteration 125 (MF = 0.597247)
	Number of nodes: 403394
	Number of allocated nodes: 403456
	Number of edges: 3387388
	Maximum in degree: 2751 (node 1041)
	Maximum out degree: 10 (node 0)
	source 0 (node 0) with out degree 10
	target 194 (node 1041) with in degree 2751

Execution time and memory used at after iteration 126 (MF = 0.597247): 1.080364e+05 seconds, 3187077120 bytes of memory usage, 4614684 kB of memory peak and 1-06:00:41 elapsed time
Statistics on the network after iteration 126 (MF = 0.597247)
	Number of nodes: 403394
	Number of allocated nodes: 403456
	Number of edges: 3387388
	Maximum in degree: 2751 (node 1041)
	Maximum out degree: 10 (node 0)
	source 0 (node 0) with out degree 10
	target 194 (node 1041) with in degree 2751

Execution time and memory used at after iteration 127 (MF = 0.597247): 1.085089e+05 seconds, 3187077120 bytes of memory usage, 4614684 kB of memory peak and 1-06:08:34 elapsed time
Statistics on the network after iteration 127 (MF = 0.597247)
	Number of nodes: 403394
	Number of allocated nodes: 403456
	Number of edges: 3387388
	Maximum in degree: 2751 (node 1041)
	Maximum out degree: 10 (node 0)
	source 0 (node 0) with out degree 10
	target 194 (node 1041) with in degree 2751

Execution time and memory used at after iteration 128 (MF = 0.597247): 1.089816e+05 seconds, 3187077120 bytes of memory usage, 4614684 kB of memory peak and 1-06:16:27 elapsed time
Statistics on the network after iteration 128 (MF = 0.597247)
	Number of nodes: 403394
	Number of allocated nodes: 403456
	Number of edges: 3387388
	Maximum in degree: 2751 (node 1041)
	Maximum out degree: 10 (node 0)
	source 0 (node 0) with out degree 10
	target 194 (node 1041) with in degree 2751

Execution time and memory used at after iteration 129 (MF = 0.597247): 1.094543e+05 seconds, 3187077120 bytes of memory usage, 4614684 kB of memory peak and 1-06:24:19 elapsed time
Statistics on the network after iteration 129 (MF = 0.597247)
	Number of nodes: 403394
	Number of allocated nodes: 403456
	Number of edges: 3387388
	Maximum in degree: 2751 (node 1041)
	Maximum out degree: 10 (node 0)
	source 0 (node 0) with out degree 10
	target 194 (node 1041) with in degree 2751

Execution time and memory used at after iteration 130 (MF = 0.597247): 1.100196e+05 seconds, 3187077120 bytes of memory usage, 4614692 kB of memory peak and 1-06:33:45 elapsed time
Statistics on the network after iteration 130 (MF = 0.597247)
	Number of nodes: 403394
	Number of allocated nodes: 403456
	Number of edges: 3387388
	Maximum in degree: 2751 (node 1041)
	Maximum out degree: 10 (node 0)
	source 0 (node 0) with out degree 10
	target 194 (node 1041) with in degree 2751

Execution time and memory used at after iteration 131 (MF = 0.597247): 1.105857e+05 seconds, 3187077120 bytes of memory usage, 4614692 kB of memory peak and 1-06:43:11 elapsed time
Statistics on the network after iteration 131 (MF = 0.597247)
	Number of nodes: 403394
	Number of allocated nodes: 403456
	Number of edges: 3387388
	Maximum in degree: 2751 (node 1041)
	Maximum out degree: 10 (node 0)
	source 0 (node 0) with out degree 10
	target 194 (node 1041) with in degree 2751

Execution time and memory used at after iteration 132 (MF = 0.597247): 1.111528e+05 seconds, 3187077120 bytes of memory usage, 4614700 kB of memory peak and 1-06:52:38 elapsed time
Statistics on the network after iteration 132 (MF = 0.597247)
	Number of nodes: 403394
	Number of allocated nodes: 403456
	Number of edges: 3387388
	Maximum in degree: 2751 (node 1041)
	Maximum out degree: 10 (node 0)
	source 0 (node 0) with out degree 10
	target 194 (node 1041) with in degree 2751

Execution time and memory used at after iteration 133 (MF = 0.597247): 1.117197e+05 seconds, 3187077120 bytes of memory usage, 4614700 kB of memory peak and 1-07:02:05 elapsed time
Statistics on the network after iteration 133 (MF = 0.597247)
	Number of nodes: 403394
	Number of allocated nodes: 403456
	Number of edges: 3387388
	Maximum in degree: 2751 (node 1041)
	Maximum out degree: 10 (node 0)
	source 0 (node 0) with out degree 10
	target 194 (node 1041) with in degree 2751

Execution time and memory used at after iteration 134 (MF = 0.597247): 1.122801e+05 seconds, 3187077120 bytes of memory usage, 4614708 kB of memory peak and 1-07:11:25 elapsed time
Statistics on the network after iteration 134 (MF = 0.597247)
	Number of nodes: 403394
	Number of allocated nodes: 403456
	Number of edges: 3387388
	Maximum in degree: 2751 (node 1041)
	Maximum out degree: 10 (node 0)
	source 0 (node 0) with out degree 10
	target 194 (node 1041) with in degree 2751

Execution time and memory used at after iteration 135 (MF = 0.597247): 1.127542e+05 seconds, 3187077120 bytes of memory usage, 4614716 kB of memory peak and 1-07:19:19 elapsed time
Statistics on the network after iteration 135 (MF = 0.597247)
	Number of nodes: 403394
	Number of allocated nodes: 403456
	Number of edges: 3387388
	Maximum in degree: 2751 (node 1041)
	Maximum out degree: 10 (node 0)
	source 0 (node 0) with out degree 10
	target 194 (node 1041) with in degree 2751

Execution time and memory used at after iteration 136 (MF = 0.597247): 1.133171e+05 seconds, 3187077120 bytes of memory usage, 4614732 kB of memory peak and 1-07:28:42 elapsed time
Statistics on the network after iteration 136 (MF = 0.597247)
	Number of nodes: 403394
	Number of allocated nodes: 403456
	Number of edges: 3387388
	Maximum in degree: 2751 (node 1041)
	Maximum out degree: 10 (node 0)
	source 0 (node 0) with out degree 10
	target 194 (node 1041) with in degree 2751

Execution time and memory used at after iteration 137 (MF = 0.597247): 1.137949e+05 seconds, 3187077120 bytes of memory usage, 4614732 kB of memory peak and 1-07:36:40 elapsed time
Statistics on the network after iteration 137 (MF = 0.597247)
	Number of nodes: 403394
	Number of allocated nodes: 403456
	Number of edges: 3387388
	Maximum in degree: 2751 (node 1041)
	Maximum out degree: 10 (node 0)
	source 0 (node 0) with out degree 10
	target 194 (node 1041) with in degree 2751

Execution time and memory used at after iteration 138 (MF = 0.597247): 1.142734e+05 seconds, 3187077120 bytes of memory usage, 4614732 kB of memory peak and 1-07:44:39 elapsed time
Statistics on the network after iteration 138 (MF = 0.597247)
	Number of nodes: 403394
	Number of allocated nodes: 403456
	Number of edges: 3387388
	Maximum in degree: 2751 (node 1041)
	Maximum out degree: 10 (node 0)
	source 0 (node 0) with out degree 10
	target 194 (node 1041) with in degree 2751

Execution time and memory used at after iteration 139 (MF = 0.597247): 1.147517e+05 seconds, 3187077120 bytes of memory usage, 4614748 kB of memory peak and 1-07:52:37 elapsed time
Statistics on the network after iteration 139 (MF = 0.597247)
	Number of nodes: 403394
	Number of allocated nodes: 403456
	Number of edges: 3387388
	Maximum in degree: 2751 (node 1041)
	Maximum out degree: 10 (node 0)
	source 0 (node 0) with out degree 10
	target 194 (node 1041) with in degree 2751

Execution time and memory used at after iteration 140 (MF = 0.597247): 1.153227e+05 seconds, 3187077120 bytes of memory usage, 4614748 kB of memory peak and 1-08:02:08 elapsed time
Statistics on the network after iteration 140 (MF = 0.597247)
	Number of nodes: 403394
	Number of allocated nodes: 403456
	Number of edges: 3387388
	Maximum in degree: 2751 (node 1041)
	Maximum out degree: 10 (node 0)
	source 0 (node 0) with out degree 10
	target 194 (node 1041) with in degree 2751

Execution time and memory used at after iteration 141 (MF = 0.597247): 1.158870e+05 seconds, 3187077120 bytes of memory usage, 4614756 kB of memory peak and 1-08:11:32 elapsed time
Statistics on the network after iteration 141 (MF = 0.597247)
	Number of nodes: 403394
	Number of allocated nodes: 403456
	Number of edges: 3387388
	Maximum in degree: 2751 (node 1041)
	Maximum out degree: 10 (node 0)
	source 0 (node 0) with out degree 10
	target 194 (node 1041) with in degree 2751

Execution time and memory used at after iteration 142 (MF = 0.597247): 1.163659e+05 seconds, 3187077120 bytes of memory usage, 4614764 kB of memory peak and 1-08:19:31 elapsed time
Statistics on the network after iteration 142 (MF = 0.597247)
	Number of nodes: 403394
	Number of allocated nodes: 403456
	Number of edges: 3387388
	Maximum in degree: 2751 (node 1041)
	Maximum out degree: 10 (node 0)
	source 0 (node 0) with out degree 10
	target 194 (node 1041) with in degree 2751

Execution time and memory used at after iteration 143 (MF = 0.597247): 1.169329e+05 seconds, 3187077120 bytes of memory usage, 4614768 kB of memory peak and 1-08:28:59 elapsed time
Statistics on the network after iteration 143 (MF = 0.597247)
	Number of nodes: 403394
	Number of allocated nodes: 403456
	Number of edges: 3387388
	Maximum in degree: 2751 (node 1041)
	Maximum out degree: 10 (node 0)
	source 0 (node 0) with out degree 10
	target 194 (node 1041) with in degree 2751

Execution time and memory used at after iteration 144 (MF = 0.597247): 1.174133e+05 seconds, 3187077120 bytes of memory usage, 4614776 kB of memory peak and 1-08:36:59 elapsed time
Statistics on the network after iteration 144 (MF = 0.597247)
	Number of nodes: 403394
	Number of allocated nodes: 403456
	Number of edges: 3387388
	Maximum in degree: 2751 (node 1041)
	Maximum out degree: 10 (node 0)
	source 0 (node 0) with out degree 10
	target 194 (node 1041) with in degree 2751

Execution time and memory used at after iteration 145 (MF = 0.597247): 1.178938e+05 seconds, 3187077120 bytes of memory usage, 4614784 kB of memory peak and 1-08:44:59 elapsed time
Statistics on the network after iteration 145 (MF = 0.597247)
	Number of nodes: 403394
	Number of allocated nodes: 403456
	Number of edges: 3387388
	Maximum in degree: 2751 (node 1041)
	Maximum out degree: 10 (node 0)
	source 0 (node 0) with out degree 10
	target 194 (node 1041) with in degree 2751

Execution time and memory used at after iteration 146 (MF = 0.597247): 1.183746e+05 seconds, 3187077120 bytes of memory usage, 4614792 kB of memory peak and 1-08:53:00 elapsed time
Statistics on the network after iteration 146 (MF = 0.597247)
	Number of nodes: 403394
	Number of allocated nodes: 403456
	Number of edges: 3387388
	Maximum in degree: 2751 (node 1041)
	Maximum out degree: 10 (node 0)
	source 0 (node 0) with out degree 10
	target 194 (node 1041) with in degree 2751

Execution time and memory used at after iteration 147 (MF = 0.597247): 1.188571e+05 seconds, 3187077120 bytes of memory usage, 4614800 kB of memory peak and 1-09:01:03 elapsed time
Statistics on the network after iteration 147 (MF = 0.597247)
	Number of nodes: 403394
	Number of allocated nodes: 403456
	Number of edges: 3387388
	Maximum in degree: 2751 (node 1041)
	Maximum out degree: 10 (node 0)
	source 0 (node 0) with out degree 10
	target 194 (node 1041) with in degree 2751

Execution time and memory used at after iteration 148 (MF = 0.616806): 1.194285e+05 seconds, 3187077120 bytes of memory usage, 4614800 kB of memory peak and 1-09:10:34 elapsed time
Statistics on the network after iteration 148 (MF = 0.616806)
	Number of nodes: 403394
	Number of allocated nodes: 403456
	Number of edges: 3387388
	Maximum in degree: 2751 (node 1041)
	Maximum out degree: 10 (node 0)
	source 0 (node 0) with out degree 10
	target 194 (node 1041) with in degree 2751

Execution time and memory used at after iteration 149 (MF = 0.597247): 1.200046e+05 seconds, 3187077120 bytes of memory usage, 4614808 kB of memory peak and 1-09:20:10 elapsed time
Statistics on the network after iteration 149 (MF = 0.597247)
	Number of nodes: 403394
	Number of allocated nodes: 403456
	Number of edges: 3387388
	Maximum in degree: 2751 (node 1041)
	Maximum out degree: 10 (node 0)
	source 0 (node 0) with out degree 10
	target 194 (node 1041) with in degree 2751

Execution time and memory used at after iteration 150 (MF = 0.597247): 1.205817e+05 seconds, 3187077120 bytes of memory usage, 4614808 kB of memory peak and 1-09:29:47 elapsed time
Statistics on the network after iteration 150 (MF = 0.597247)
	Number of nodes: 403394
	Number of allocated nodes: 403456
	Number of edges: 3387388
	Maximum in degree: 2751 (node 1041)
	Maximum out degree: 10 (node 0)
	source 0 (node 0) with out degree 10
	target 194 (node 1041) with in degree 2751

Execution time and memory used at after iteration 151 (MF = 0.597247): 1.211605e+05 seconds, 3187077120 bytes of memory usage, 4614808 kB of memory peak and 1-09:39:26 elapsed time
Statistics on the network after iteration 151 (MF = 0.597247)
	Number of nodes: 403394
	Number of allocated nodes: 403456
	Number of edges: 3387388
	Maximum in degree: 2751 (node 1041)
	Maximum out degree: 10 (node 0)
	source 0 (node 0) with out degree 10
	target 194 (node 1041) with in degree 2751

Execution time and memory used at after iteration 152 (MF = 0.597247): 1.217340e+05 seconds, 3187077120 bytes of memory usage, 4614816 kB of memory peak and 1-09:49:00 elapsed time
Statistics on the network after iteration 152 (MF = 0.597247)
	Number of nodes: 403394
	Number of allocated nodes: 403456
	Number of edges: 3387388
	Maximum in degree: 2751 (node 1041)
	Maximum out degree: 10 (node 0)
	source 0 (node 0) with out degree 10
	target 194 (node 1041) with in degree 2751

Execution time and memory used at after iteration 153 (MF = 0.597247): 1.223076e+05 seconds, 3187077120 bytes of memory usage, 4614816 kB of memory peak and 1-09:58:34 elapsed time
Statistics on the network after iteration 153 (MF = 0.597247)
	Number of nodes: 403394
	Number of allocated nodes: 403456
	Number of edges: 3387388
	Maximum in degree: 2751 (node 1041)
	Maximum out degree: 10 (node 0)
	source 0 (node 0) with out degree 10
	target 194 (node 1041) with in degree 2751

Execution time and memory used at after iteration 154 (MF = 0.597247): 1.228821e+05 seconds, 3187077120 bytes of memory usage, 4614824 kB of memory peak and 1-10:08:08 elapsed time
Statistics on the network after iteration 154 (MF = 0.597247)
	Number of nodes: 403394
	Number of allocated nodes: 403456
	Number of edges: 3387388
	Maximum in degree: 2751 (node 1041)
	Maximum out degree: 10 (node 0)
	source 0 (node 0) with out degree 10
	target 194 (node 1041) with in degree 2751

Execution time and memory used at after iteration 155 (MF = 0.597247): 1.234558e+05 seconds, 3187077120 bytes of memory usage, 4614856 kB of memory peak and 1-10:17:42 elapsed time
Statistics on the network after iteration 155 (MF = 0.597247)
	Number of nodes: 403394
	Number of allocated nodes: 403456
	Number of edges: 3387388
	Maximum in degree: 2751 (node 1041)
	Maximum out degree: 10 (node 0)
	source 0 (node 0) with out degree 10
	target 194 (node 1041) with in degree 2751

Execution time and memory used at after iteration 156 (MF = 0.597247): 1.240295e+05 seconds, 3187077120 bytes of memory usage, 4614856 kB of memory peak and 1-10:27:15 elapsed time
Statistics on the network after iteration 156 (MF = 0.597247)
	Number of nodes: 403394
	Number of allocated nodes: 403456
	Number of edges: 3387388
	Maximum in degree: 2751 (node 1041)
	Maximum out degree: 10 (node 0)
	source 0 (node 0) with out degree 10
	target 194 (node 1041) with in degree 2751

Execution time and memory used at after iteration 157 (MF = 0.597247): 1.246034e+05 seconds, 3187077120 bytes of memory usage, 4614856 kB of memory peak and 1-10:36:49 elapsed time
Statistics on the network after iteration 157 (MF = 0.597247)
	Number of nodes: 403394
	Number of allocated nodes: 403456
	Number of edges: 3387388
	Maximum in degree: 2751 (node 1041)
	Maximum out degree: 10 (node 0)
	source 0 (node 0) with out degree 10
	target 194 (node 1041) with in degree 2751

Execution time and memory used at after iteration 158 (MF = 0.607026): 1.251871e+05 seconds, 3187077120 bytes of memory usage, 4614856 kB of memory peak and 1-10:46:33 elapsed time
Statistics on the network after iteration 158 (MF = 0.607026)
	Number of nodes: 403394
	Number of allocated nodes: 403456
	Number of edges: 3387388
	Maximum in degree: 2751 (node 1041)
	Maximum out degree: 10 (node 0)
	source 0 (node 0) with out degree 10
	target 194 (node 1041) with in degree 2751

Execution time and memory used at after iteration 159 (MF = 0.607026): 1.257647e+05 seconds, 3187077120 bytes of memory usage, 4614856 kB of memory peak and 1-10:56:11 elapsed time
Statistics on the network after iteration 159 (MF = 0.607026)
	Number of nodes: 403394
	Number of allocated nodes: 403456
	Number of edges: 3387388
	Maximum in degree: 2751 (node 1041)
	Maximum out degree: 10 (node 0)
	source 0 (node 0) with out degree 10
	target 194 (node 1041) with in degree 2751

Execution time and memory used at after iteration 160 (MF = 0.607026): 1.263529e+05 seconds, 3187077120 bytes of memory usage, 4614872 kB of memory peak and 1-11:05:59 elapsed time
Statistics on the network after iteration 160 (MF = 0.607026)
	Number of nodes: 403394
	Number of allocated nodes: 403456
	Number of edges: 3387388
	Maximum in degree: 2751 (node 1041)
	Maximum out degree: 10 (node 0)
	source 0 (node 0) with out degree 10
	target 194 (node 1041) with in degree 2751

Execution time and memory used at after iteration 161 (MF = 0.607026): 1.269406e+05 seconds, 3213291520 bytes of memory usage, 4614876 kB of memory peak and 1-11:15:47 elapsed time
Statistics on the network after iteration 161 (MF = 0.607026)
	Number of nodes: 403394
	Number of allocated nodes: 403456
	Number of edges: 3387388
	Maximum in degree: 2751 (node 1041)
	Maximum out degree: 10 (node 0)
	source 0 (node 0) with out degree 10
	target 194 (node 1041) with in degree 2751

Execution time and memory used at after iteration 162 (MF = 0.607026): 1.275217e+05 seconds, 3239505920 bytes of memory usage, 4614892 kB of memory peak and 1-11:25:28 elapsed time
Statistics on the network after iteration 162 (MF = 0.607026)
	Number of nodes: 403394
	Number of allocated nodes: 403456
	Number of edges: 3387388
	Maximum in degree: 2751 (node 1041)
	Maximum out degree: 10 (node 0)
	source 0 (node 0) with out degree 10
	target 194 (node 1041) with in degree 2751

Execution time and memory used at after iteration 163 (MF = 0.607026): 1.281029e+05 seconds, 3239505920 bytes of memory usage, 4614904 kB of memory peak and 1-11:35:09 elapsed time
Statistics on the network after iteration 163 (MF = 0.607026)
	Number of nodes: 403394
	Number of allocated nodes: 403456
	Number of edges: 3387388
	Maximum in degree: 2751 (node 1041)
	Maximum out degree: 10 (node 0)
	source 0 (node 0) with out degree 10
	target 194 (node 1041) with in degree 2751

Execution time and memory used at after iteration 164 (MF = 0.607026): 1.286975e+05 seconds, 3239505920 bytes of memory usage, 4614904 kB of memory peak and 1-11:45:04 elapsed time
Statistics on the network after iteration 164 (MF = 0.607026)
	Number of nodes: 403394
	Number of allocated nodes: 403456
	Number of edges: 3387388
	Maximum in degree: 2751 (node 1041)
	Maximum out degree: 10 (node 0)
	source 0 (node 0) with out degree 10
	target 194 (node 1041) with in degree 2751

Execution time and memory used at after iteration 165 (MF = 0.607026): 1.292914e+05 seconds, 3239505920 bytes of memory usage, 4614912 kB of memory peak and 1-11:54:58 elapsed time
Statistics on the network after iteration 165 (MF = 0.607026)
	Number of nodes: 403394
	Number of allocated nodes: 403456
	Number of edges: 3387388
	Maximum in degree: 2751 (node 1041)
	Maximum out degree: 10 (node 0)
	source 0 (node 0) with out degree 10
	target 194 (node 1041) with in degree 2751

Execution time and memory used at after iteration 166 (MF = 0.607026): 1.298779e+05 seconds, 3265720320 bytes of memory usage, 4614928 kB of memory peak and 1-12:04:44 elapsed time
Statistics on the network after iteration 166 (MF = 0.607026)
	Number of nodes: 403394
	Number of allocated nodes: 403456
	Number of edges: 3387388
	Maximum in degree: 2751 (node 1041)
	Maximum out degree: 10 (node 0)
	source 0 (node 0) with out degree 10
	target 194 (node 1041) with in degree 2751

Execution time and memory used at after iteration 167 (MF = 0.607026): 1.304634e+05 seconds, 3291934720 bytes of memory usage, 4614928 kB of memory peak and 1-12:14:30 elapsed time
Statistics on the network after iteration 167 (MF = 0.607026)
	Number of nodes: 403394
	Number of allocated nodes: 403456
	Number of edges: 3387388
	Maximum in degree: 2751 (node 1041)
	Maximum out degree: 10 (node 0)
	source 0 (node 0) with out degree 10
	target 194 (node 1041) with in degree 2751

Execution time and memory used at after iteration 168 (MF = 0.607026): 1.310594e+05 seconds, 3291934720 bytes of memory usage, 4614940 kB of memory peak and 1-12:24:26 elapsed time
Statistics on the network after iteration 168 (MF = 0.607026)
	Number of nodes: 403394
	Number of allocated nodes: 403456
	Number of edges: 3387388
	Maximum in degree: 2751 (node 1041)
	Maximum out degree: 10 (node 0)
	source 0 (node 0) with out degree 10
	target 194 (node 1041) with in degree 2751

Execution time and memory used at after iteration 169 (MF = 0.607026): 1.316472e+05 seconds, 3291934720 bytes of memory usage, 4614956 kB of memory peak and 1-12:34:14 elapsed time
Statistics on the network after iteration 169 (MF = 0.607026)
	Number of nodes: 403394
	Number of allocated nodes: 403456
	Number of edges: 3387388
	Maximum in degree: 2751 (node 1041)
	Maximum out degree: 10 (node 0)
	source 0 (node 0) with out degree 10
	target 194 (node 1041) with in degree 2751

Execution time and memory used at after iteration 170 (MF = 0.607026): 1.322444e+05 seconds, 3291934720 bytes of memory usage, 4614964 kB of memory peak and 1-12:44:11 elapsed time
Statistics on the network after iteration 170 (MF = 0.607026)
	Number of nodes: 403394
	Number of allocated nodes: 403456
	Number of edges: 3387388
	Maximum in degree: 2751 (node 1041)
	Maximum out degree: 10 (node 0)
	source 0 (node 0) with out degree 10
	target 194 (node 1041) with in degree 2751

Execution time and memory used at after iteration 171 (MF = 0.607026): 1.328414e+05 seconds, 3291934720 bytes of memory usage, 4614964 kB of memory peak and 1-12:54:08 elapsed time
Statistics on the network after iteration 171 (MF = 0.607026)
	Number of nodes: 403394
	Number of allocated nodes: 403456
	Number of edges: 3387388
	Maximum in degree: 2751 (node 1041)
	Maximum out degree: 10 (node 0)
	source 0 (node 0) with out degree 10
	target 194 (node 1041) with in degree 2751

Execution time and memory used at after iteration 172 (MF = 0.607026): 1.334313e+05 seconds, 3291934720 bytes of memory usage, 4614980 kB of memory peak and 1-13:03:58 elapsed time
Statistics on the network after iteration 172 (MF = 0.607026)
	Number of nodes: 403394
	Number of allocated nodes: 403456
	Number of edges: 3387388
	Maximum in degree: 2751 (node 1041)
	Maximum out degree: 10 (node 0)
	source 0 (node 0) with out degree 10
	target 194 (node 1041) with in degree 2751

Execution time and memory used at after iteration 173 (MF = 0.607026): 1.340224e+05 seconds, 3291934720 bytes of memory usage, 4614980 kB of memory peak and 1-13:13:49 elapsed time
Statistics on the network after iteration 173 (MF = 0.607026)
	Number of nodes: 403394
	Number of allocated nodes: 403456
	Number of edges: 3387388
	Maximum in degree: 2751 (node 1041)
	Maximum out degree: 10 (node 0)
	source 0 (node 0) with out degree 10
	target 194 (node 1041) with in degree 2751

Execution time and memory used at after iteration 174 (MF = 0.607026): 1.346228e+05 seconds, 3291934720 bytes of memory usage, 4614980 kB of memory peak and 1-13:23:50 elapsed time
Statistics on the network after iteration 174 (MF = 0.607026)
	Number of nodes: 403394
	Number of allocated nodes: 403456
	Number of edges: 3387388
	Maximum in degree: 2751 (node 1041)
	Maximum out degree: 10 (node 0)
	source 0 (node 0) with out degree 10
	target 194 (node 1041) with in degree 2751

Execution time and memory used at after iteration 175 (MF = 0.607026): 1.352228e+05 seconds, 3291934720 bytes of memory usage, 4614996 kB of memory peak and 1-13:33:50 elapsed time
Statistics on the network after iteration 175 (MF = 0.607026)
	Number of nodes: 403394
	Number of allocated nodes: 403456
	Number of edges: 3387388
	Maximum in degree: 2751 (node 1041)
	Maximum out degree: 10 (node 0)
	source 0 (node 0) with out degree 10
	target 194 (node 1041) with in degree 2751

Execution time and memory used at after iteration 176 (MF = 0.607026): 1.358183e+05 seconds, 3291934720 bytes of memory usage, 4615004 kB of memory peak and 1-13:43:45 elapsed time
Statistics on the network after iteration 176 (MF = 0.607026)
	Number of nodes: 403394
	Number of allocated nodes: 403456
	Number of edges: 3387388
	Maximum in degree: 2751 (node 1041)
	Maximum out degree: 10 (node 0)
	source 0 (node 0) with out degree 10
	target 194 (node 1041) with in degree 2751

Execution time and memory used at after iteration 177 (MF = 0.607026): 1.363276e+05 seconds, 3291934720 bytes of memory usage, 4615028 kB of memory peak and 1-13:52:15 elapsed time
Statistics on the network after iteration 177 (MF = 0.607026)
	Number of nodes: 403394
	Number of allocated nodes: 403456
	Number of edges: 3387388
	Maximum in degree: 2751 (node 1041)
	Maximum out degree: 10 (node 0)
	source 0 (node 0) with out degree 10
	target 194 (node 1041) with in degree 2751

Execution time and memory used at after iteration 178 (MF = 0.607026): 1.369320e+05 seconds, 3291934720 bytes of memory usage, 4615028 kB of memory peak and 1-14:02:19 elapsed time
Statistics on the network after iteration 178 (MF = 0.607026)
	Number of nodes: 403394
	Number of allocated nodes: 403456
	Number of edges: 3387388
	Maximum in degree: 2751 (node 1041)
	Maximum out degree: 10 (node 0)
	source 0 (node 0) with out degree 10
	target 194 (node 1041) with in degree 2751

Execution time and memory used at after iteration 179 (MF = 0.607026): 1.375302e+05 seconds, 3291934720 bytes of memory usage, 4615044 kB of memory peak and 1-14:12:17 elapsed time
Statistics on the network after iteration 179 (MF = 0.607026)
	Number of nodes: 403394
	Number of allocated nodes: 403456
	Number of edges: 3387388
	Maximum in degree: 2751 (node 1041)
	Maximum out degree: 10 (node 0)
	source 0 (node 0) with out degree 10
	target 194 (node 1041) with in degree 2751

Execution time and memory used at after iteration 180 (MF = 0.607026): 1.380625e+05 seconds, 3291934720 bytes of memory usage, 4615044 kB of memory peak and 1-14:21:10 elapsed time
Statistics on the network after iteration 180 (MF = 0.607026)
	Number of nodes: 403394
	Number of allocated nodes: 403456
	Number of edges: 3387388
	Maximum in degree: 2751 (node 1041)
	Maximum out degree: 10 (node 0)
	source 0 (node 0) with out degree 10
	target 194 (node 1041) with in degree 2751

Execution time and memory used at after iteration 181 (MF = 0.607026): 1.385940e+05 seconds, 3291934720 bytes of memory usage, 4615048 kB of memory peak and 1-14:30:01 elapsed time
Statistics on the network after iteration 181 (MF = 0.607026)
	Number of nodes: 403394
	Number of allocated nodes: 403456
	Number of edges: 3387388
	Maximum in degree: 2751 (node 1041)
	Maximum out degree: 10 (node 0)
	source 0 (node 0) with out degree 10
	target 194 (node 1041) with in degree 2751

Execution time and memory used at after iteration 182 (MF = 0.607026): 1.391257e+05 seconds, 3291934720 bytes of memory usage, 4615048 kB of memory peak and 1-14:38:53 elapsed time
Statistics on the network after iteration 182 (MF = 0.607026)
	Number of nodes: 403394
	Number of allocated nodes: 403456
	Number of edges: 3387388
	Maximum in degree: 2751 (node 1041)
	Maximum out degree: 10 (node 0)
	source 0 (node 0) with out degree 10
	target 194 (node 1041) with in degree 2751

Execution time and memory used at after iteration 183 (MF = 0.607026): 1.397249e+05 seconds, 3291934720 bytes of memory usage, 4615048 kB of memory peak and 1-14:48:52 elapsed time
Statistics on the network after iteration 183 (MF = 0.607026)
	Number of nodes: 403394
	Number of allocated nodes: 403456
	Number of edges: 3387388
	Maximum in degree: 2751 (node 1041)
	Maximum out degree: 10 (node 0)
	source 0 (node 0) with out degree 10
	target 194 (node 1041) with in degree 2751

Execution time and memory used at after iteration 184 (MF = 0.607026): 1.403351e+05 seconds, 3291934720 bytes of memory usage, 4615064 kB of memory peak and 1-14:59:02 elapsed time
Statistics on the network after iteration 184 (MF = 0.607026)
	Number of nodes: 403394
	Number of allocated nodes: 403456
	Number of edges: 3387388
	Maximum in degree: 2751 (node 1041)
	Maximum out degree: 10 (node 0)
	source 0 (node 0) with out degree 10
	target 194 (node 1041) with in degree 2751

Execution time and memory used at after iteration 185 (MF = 0.607026): 1.409460e+05 seconds, 3291934720 bytes of memory usage, 4615064 kB of memory peak and 1-15:09:13 elapsed time
Statistics on the network after iteration 185 (MF = 0.607026)
	Number of nodes: 403394
	Number of allocated nodes: 403456
	Number of edges: 3387388
	Maximum in degree: 2751 (node 1041)
	Maximum out degree: 10 (node 0)
	source 0 (node 0) with out degree 10
	target 194 (node 1041) with in degree 2751

Execution time and memory used at after iteration 186 (MF = 0.607026): 1.415497e+05 seconds, 3291934720 bytes of memory usage, 4615064 kB of memory peak and 1-15:19:17 elapsed time
Statistics on the network after iteration 186 (MF = 0.607026)
	Number of nodes: 403394
	Number of allocated nodes: 403456
	Number of edges: 3387388
	Maximum in degree: 2751 (node 1041)
	Maximum out degree: 10 (node 0)
	source 0 (node 0) with out degree 10
	target 194 (node 1041) with in degree 2751

Execution time and memory used at after iteration 187 (MF = 0.607026): 1.421526e+05 seconds, 3291934720 bytes of memory usage, 4615064 kB of memory peak and 1-15:29:20 elapsed time
Statistics on the network after iteration 187 (MF = 0.607026)
	Number of nodes: 403394
	Number of allocated nodes: 403456
	Number of edges: 3387388
	Maximum in degree: 2751 (node 1041)
	Maximum out degree: 10 (node 0)
	source 0 (node 0) with out degree 10
	target 194 (node 1041) with in degree 2751

Execution time and memory used at after iteration 188 (MF = 0.607026): 1.427643e+05 seconds, 3291934720 bytes of memory usage, 4615072 kB of memory peak and 1-15:39:32 elapsed time
Statistics on the network after iteration 188 (MF = 0.607026)
	Number of nodes: 403394
	Number of allocated nodes: 403456
	Number of edges: 3387388
	Maximum in degree: 2751 (node 1041)
	Maximum out degree: 10 (node 0)
	source 0 (node 0) with out degree 10
	target 194 (node 1041) with in degree 2751

Execution time and memory used at after iteration 189 (MF = 0.607026): 1.433661e+05 seconds, 3291934720 bytes of memory usage, 4615072 kB of memory peak and 1-15:49:33 elapsed time
Statistics on the network after iteration 189 (MF = 0.607026)
	Number of nodes: 403394
	Number of allocated nodes: 403456
	Number of edges: 3387388
	Maximum in degree: 2751 (node 1041)
	Maximum out degree: 10 (node 0)
	source 0 (node 0) with out degree 10
	target 194 (node 1041) with in degree 2751

Execution time and memory used at after iteration 190 (MF = 0.607026): 1.439797e+05 seconds, 3291934720 bytes of memory usage, 4615104 kB of memory peak and 1-15:59:47 elapsed time
Statistics on the network after iteration 190 (MF = 0.607026)
	Number of nodes: 403394
	Number of allocated nodes: 403456
	Number of edges: 3387388
	Maximum in degree: 2751 (node 1041)
	Maximum out degree: 10 (node 0)
	source 0 (node 0) with out degree 10
	target 194 (node 1041) with in degree 2751

Execution time and memory used at after iteration 191 (MF = 0.607026): 1.445931e+05 seconds, 3291934720 bytes of memory usage, 4615104 kB of memory peak and 1-16:10:01 elapsed time
Statistics on the network after iteration 191 (MF = 0.607026)
	Number of nodes: 403394
	Number of allocated nodes: 403456
	Number of edges: 3387388
	Maximum in degree: 2751 (node 1041)
	Maximum out degree: 10 (node 0)
	source 0 (node 0) with out degree 10
	target 194 (node 1041) with in degree 2751

Execution time and memory used at after iteration 192 (MF = 0.607026): 1.451969e+05 seconds, 3291934720 bytes of memory usage, 4615112 kB of memory peak and 1-16:20:04 elapsed time
Statistics on the network after iteration 192 (MF = 0.607026)
	Number of nodes: 403394
	Number of allocated nodes: 403456
	Number of edges: 3387388
	Maximum in degree: 2751 (node 1041)
	Maximum out degree: 10 (node 0)
	source 0 (node 0) with out degree 10
	target 194 (node 1041) with in degree 2751

Execution time and memory used at after iteration 193 (MF = 0.607026): 1.458018e+05 seconds, 3291934720 bytes of memory usage, 4615112 kB of memory peak and 1-16:30:09 elapsed time
Statistics on the network after iteration 193 (MF = 0.607026)
	Number of nodes: 403394
	Number of allocated nodes: 403456
	Number of edges: 3387388
	Maximum in degree: 2751 (node 1041)
	Maximum out degree: 10 (node 0)
	source 0 (node 0) with out degree 10
	target 194 (node 1041) with in degree 2751

Execution time and memory used at after iteration 194 (MF = 0.607026): 1.463376e+05 seconds, 3291934720 bytes of memory usage, 4615112 kB of memory peak and 1-16:39:05 elapsed time
Statistics on the network after iteration 194 (MF = 0.607026)
	Number of nodes: 403394
	Number of allocated nodes: 403456
	Number of edges: 3387388
	Maximum in degree: 2751 (node 1041)
	Maximum out degree: 10 (node 0)
	source 0 (node 0) with out degree 10
	target 194 (node 1041) with in degree 2751

Execution time and memory used at after iteration 195 (MF = 0.607026): 1.469491e+05 seconds, 3291934720 bytes of memory usage, 4615120 kB of memory peak and 1-16:49:17 elapsed time
Statistics on the network after iteration 195 (MF = 0.607026)
	Number of nodes: 403394
	Number of allocated nodes: 403456
	Number of edges: 3387388
	Maximum in degree: 2751 (node 1041)
	Maximum out degree: 10 (node 0)
	source 0 (node 0) with out degree 10
	target 194 (node 1041) with in degree 2751

Execution time and memory used at after iteration 196 (MF = 0.607026): 1.475610e+05 seconds, 3291934720 bytes of memory usage, 4615136 kB of memory peak and 1-16:59:29 elapsed time
Statistics on the network after iteration 196 (MF = 0.607026)
	Number of nodes: 403394
	Number of allocated nodes: 403456
	Number of edges: 3387388
	Maximum in degree: 2751 (node 1041)
	Maximum out degree: 10 (node 0)
	source 0 (node 0) with out degree 10
	target 194 (node 1041) with in degree 2751

Execution time and memory used at after iteration 197 (MF = 0.607026): 1.481003e+05 seconds, 3291934720 bytes of memory usage, 4615144 kB of memory peak and 1-17:08:28 elapsed time
Statistics on the network after iteration 197 (MF = 0.607026)
	Number of nodes: 403394
	Number of allocated nodes: 403456
	Number of edges: 3387388
	Maximum in degree: 2751 (node 1041)
	Maximum out degree: 10 (node 0)
	source 0 (node 0) with out degree 10
	target 194 (node 1041) with in degree 2751

Execution time and memory used at after iteration 198 (MF = 0.607026): 1.486392e+05 seconds, 3291934720 bytes of memory usage, 4615176 kB of memory peak and 1-17:17:27 elapsed time
Statistics on the network after iteration 198 (MF = 0.607026)
	Number of nodes: 403394
	Number of allocated nodes: 403456
	Number of edges: 3387388
	Maximum in degree: 2751 (node 1041)
	Maximum out degree: 10 (node 0)
	source 0 (node 0) with out degree 10
	target 194 (node 1041) with in degree 2751

Execution time and memory used at after iteration 199 (MF = 0.607026): 1.492535e+05 seconds, 3291934720 bytes of memory usage, 4615176 kB of memory peak and 1-17:27:41 elapsed time
Statistics on the network after iteration 199 (MF = 0.607026)
	Number of nodes: 403394
	Number of allocated nodes: 403456
	Number of edges: 3387388
	Maximum in degree: 2751 (node 1041)
	Maximum out degree: 10 (node 0)
	source 0 (node 0) with out degree 10
	target 194 (node 1041) with in degree 2751

Execution time and memory used at after iteration 200 (MF = 0.607026): 1.498680e+05 seconds, 3291934720 bytes of memory usage, 4615176 kB of memory peak and 1-17:37:56 elapsed time
Statistics on the network after iteration 200 (MF = 0.607026)
	Number of nodes: 403394
	Number of allocated nodes: 403456
	Number of edges: 3387388
	Maximum in degree: 2751 (node 1041)
	Maximum out degree: 10 (node 0)
	source 0 (node 0) with out degree 10
	target 194 (node 1041) with in degree 2751

Execution time and memory used at after iteration 201 (MF = 0.607026): 1.504095e+05 seconds, 3291934720 bytes of memory usage, 4615176 kB of memory peak and 1-17:46:57 elapsed time
Statistics on the network after iteration 201 (MF = 0.607026)
	Number of nodes: 403394
	Number of allocated nodes: 403456
	Number of edges: 3387388
	Maximum in degree: 2751 (node 1041)
	Maximum out degree: 10 (node 0)
	source 0 (node 0) with out degree 10
	target 194 (node 1041) with in degree 2751

Execution time and memory used at after iteration 202 (MF = 0.607026): 1.509497e+05 seconds, 3291934720 bytes of memory usage, 4615200 kB of memory peak and 1-17:55:57 elapsed time
Statistics on the network after iteration 202 (MF = 0.607026)
	Number of nodes: 403394
	Number of allocated nodes: 403456
	Number of edges: 3387388
	Maximum in degree: 2751 (node 1041)
	Maximum out degree: 10 (node 0)
	source 0 (node 0) with out degree 10
	target 194 (node 1041) with in degree 2751

Execution time and memory used at after iteration 203 (MF = 0.607026): 1.515628e+05 seconds, 3291934720 bytes of memory usage, 4615208 kB of memory peak and 1-18:06:11 elapsed time
Statistics on the network after iteration 203 (MF = 0.607026)
	Number of nodes: 403394
	Number of allocated nodes: 403456
	Number of edges: 3387388
	Maximum in degree: 2751 (node 1041)
	Maximum out degree: 10 (node 0)
	source 0 (node 0) with out degree 10
	target 194 (node 1041) with in degree 2751

Execution time and memory used at after iteration 204 (MF = 0.607026): 1.521708e+05 seconds, 3291934720 bytes of memory usage, 4615208 kB of memory peak and 1-18:16:19 elapsed time
Statistics on the network after iteration 204 (MF = 0.607026)
	Number of nodes: 403394
	Number of allocated nodes: 403456
	Number of edges: 3387388
	Maximum in degree: 2751 (node 1041)
	Maximum out degree: 10 (node 0)
	source 0 (node 0) with out degree 10
	target 194 (node 1041) with in degree 2751

Execution time and memory used at after iteration 205 (MF = 0.607026): 1.527817e+05 seconds, 3291934720 bytes of memory usage, 4615224 kB of memory peak and 1-18:26:29 elapsed time
Statistics on the network after iteration 205 (MF = 0.607026)
	Number of nodes: 403394
	Number of allocated nodes: 403456
	Number of edges: 3387388
	Maximum in degree: 2751 (node 1041)
	Maximum out degree: 10 (node 0)
	source 0 (node 0) with out degree 10
	target 194 (node 1041) with in degree 2751

Execution time and memory used at after iteration 206 (MF = 0.607026): 1.533922e+05 seconds, 3291934720 bytes of memory usage, 4615232 kB of memory peak and 1-18:36:40 elapsed time
Statistics on the network after iteration 206 (MF = 0.607026)
	Number of nodes: 403394
	Number of allocated nodes: 403456
	Number of edges: 3387388
	Maximum in degree: 2751 (node 1041)
	Maximum out degree: 10 (node 0)
	source 0 (node 0) with out degree 10
	target 194 (node 1041) with in degree 2751

Execution time and memory used at after iteration 207 (MF = 0.607026): 1.540037e+05 seconds, 3291934720 bytes of memory usage, 4615248 kB of memory peak and 1-18:46:51 elapsed time
Statistics on the network after iteration 207 (MF = 0.607026)
	Number of nodes: 403394
	Number of allocated nodes: 403456
	Number of edges: 3387388
	Maximum in degree: 2751 (node 1041)
	Maximum out degree: 10 (node 0)
	source 0 (node 0) with out degree 10
	target 194 (node 1041) with in degree 2751

Execution time and memory used at after iteration 208 (MF = 0.607026): 1.546160e+05 seconds, 3291934720 bytes of memory usage, 4615256 kB of memory peak and 1-18:57:04 elapsed time
Statistics on the network after iteration 208 (MF = 0.607026)
	Number of nodes: 403394
	Number of allocated nodes: 403456
	Number of edges: 3387388
	Maximum in degree: 2751 (node 1041)
	Maximum out degree: 10 (node 0)
	source 0 (node 0) with out degree 10
	target 194 (node 1041) with in degree 2751

Execution time and memory used at after iteration 209 (MF = 0.607026): 1.552292e+05 seconds, 3291934720 bytes of memory usage, 4615264 kB of memory peak and 1-19:07:17 elapsed time
Statistics on the network after iteration 209 (MF = 0.607026)
	Number of nodes: 403394
	Number of allocated nodes: 403456
	Number of edges: 3387388
	Maximum in degree: 2751 (node 1041)
	Maximum out degree: 10 (node 0)
	source 0 (node 0) with out degree 10
	target 194 (node 1041) with in degree 2751

Execution time and memory used at after iteration 210 (MF = 0.607026): 1.558431e+05 seconds, 3291934720 bytes of memory usage, 4615296 kB of memory peak and 1-19:17:31 elapsed time
Statistics on the network after iteration 210 (MF = 0.607026)
	Number of nodes: 403394
	Number of allocated nodes: 403456
	Number of edges: 3387388
	Maximum in degree: 2751 (node 1041)
	Maximum out degree: 10 (node 0)
	source 0 (node 0) with out degree 10
	target 194 (node 1041) with in degree 2751

Execution time and memory used at after iteration 211 (MF = 0.607026): 1.564575e+05 seconds, 3291934720 bytes of memory usage, 4615312 kB of memory peak and 1-19:27:45 elapsed time
Statistics on the network after iteration 211 (MF = 0.607026)
	Number of nodes: 403394
	Number of allocated nodes: 403456
	Number of edges: 3387388
	Maximum in degree: 2751 (node 1041)
	Maximum out degree: 10 (node 0)
	source 0 (node 0) with out degree 10
	target 194 (node 1041) with in degree 2751

Execution time and memory used at after iteration 212 (MF = 0.607026): 1.570737e+05 seconds, 3291934720 bytes of memory usage, 4615312 kB of memory peak and 1-19:38:02 elapsed time
Statistics on the network after iteration 212 (MF = 0.607026)
	Number of nodes: 403394
	Number of allocated nodes: 403456
	Number of edges: 3387388
	Maximum in degree: 2751 (node 1041)
	Maximum out degree: 10 (node 0)
	source 0 (node 0) with out degree 10
	target 194 (node 1041) with in degree 2751

Execution time and memory used at after iteration 213 (MF = 0.607026): 1.576899e+05 seconds, 3291934720 bytes of memory usage, 4615312 kB of memory peak and 1-19:48:18 elapsed time
Statistics on the network after iteration 213 (MF = 0.607026)
	Number of nodes: 403394
	Number of allocated nodes: 403456
	Number of edges: 3387388
	Maximum in degree: 2751 (node 1041)
	Maximum out degree: 10 (node 0)
	source 0 (node 0) with out degree 10
	target 194 (node 1041) with in degree 2751

Execution time and memory used at after iteration 214 (MF = 0.607026): 1.583047e+05 seconds, 3291934720 bytes of memory usage, 4615336 kB of memory peak and 1-19:58:33 elapsed time
Statistics on the network after iteration 214 (MF = 0.607026)
	Number of nodes: 403394
	Number of allocated nodes: 403456
	Number of edges: 3387388
	Maximum in degree: 2751 (node 1041)
	Maximum out degree: 10 (node 0)
	source 0 (node 0) with out degree 10
	target 194 (node 1041) with in degree 2751

Execution time and memory used at after iteration 215 (MF = 0.607026): 1.589235e+05 seconds, 3291934720 bytes of memory usage, 4615352 kB of memory peak and 1-20:08:52 elapsed time
Statistics on the network after iteration 215 (MF = 0.607026)
	Number of nodes: 403394
	Number of allocated nodes: 403456
	Number of edges: 3387388
	Maximum in degree: 2751 (node 1041)
	Maximum out degree: 10 (node 0)
	source 0 (node 0) with out degree 10
	target 194 (node 1041) with in degree 2751

Execution time and memory used at after iteration 216 (MF = 0.607026): 1.595420e+05 seconds, 3291934720 bytes of memory usage, 4615352 kB of memory peak and 1-20:19:10 elapsed time
Statistics on the network after iteration 216 (MF = 0.607026)
	Number of nodes: 403394
	Number of allocated nodes: 403456
	Number of edges: 3387388
	Maximum in degree: 2751 (node 1041)
	Maximum out degree: 10 (node 0)
	source 0 (node 0) with out degree 10
	target 194 (node 1041) with in degree 2751

Execution time and memory used at after iteration 217 (MF = 0.607026): 1.601615e+05 seconds, 3291934720 bytes of memory usage, 4615360 kB of memory peak and 1-20:29:30 elapsed time
Statistics on the network after iteration 217 (MF = 0.607026)
	Number of nodes: 403394
	Number of allocated nodes: 403456
	Number of edges: 3387388
	Maximum in degree: 2751 (node 1041)
	Maximum out degree: 10 (node 0)
	source 0 (node 0) with out degree 10
	target 194 (node 1041) with in degree 2751

Execution time and memory used at after iteration 218 (MF = 0.607026): 1.607820e+05 seconds, 3291934720 bytes of memory usage, 4615360 kB of memory peak and 1-20:39:50 elapsed time
Statistics on the network after iteration 218 (MF = 0.607026)
	Number of nodes: 403394
	Number of allocated nodes: 403456
	Number of edges: 3387388
	Maximum in degree: 2751 (node 1041)
	Maximum out degree: 10 (node 0)
	source 0 (node 0) with out degree 10
	target 194 (node 1041) with in degree 2751

Execution time and memory used at after iteration 219 (MF = 0.607026): 1.614038e+05 seconds, 3291934720 bytes of memory usage, 4615364 kB of memory peak and 1-20:50:12 elapsed time
Statistics on the network after iteration 219 (MF = 0.607026)
	Number of nodes: 403394
	Number of allocated nodes: 403456
	Number of edges: 3387388
	Maximum in degree: 2751 (node 1041)
	Maximum out degree: 10 (node 0)
	source 0 (node 0) with out degree 10
	target 194 (node 1041) with in degree 2751

Execution time and memory used at after iteration 220 (MF = 0.607026): 1.620271e+05 seconds, 3291934720 bytes of memory usage, 4615364 kB of memory peak and 1-21:00:35 elapsed time
Statistics on the network after iteration 220 (MF = 0.607026)
	Number of nodes: 403394
	Number of allocated nodes: 403456
	Number of edges: 3387388
	Maximum in degree: 2751 (node 1041)
	Maximum out degree: 10 (node 0)
	source 0 (node 0) with out degree 10
	target 194 (node 1041) with in degree 2751

Execution time and memory used at after iteration 221 (MF = 0.607026): 1.626526e+05 seconds, 3291934720 bytes of memory usage, 4615380 kB of memory peak and 1-21:11:01 elapsed time
Statistics on the network after iteration 221 (MF = 0.607026)
	Number of nodes: 403394
	Number of allocated nodes: 403456
	Number of edges: 3387388
	Maximum in degree: 2751 (node 1041)
	Maximum out degree: 10 (node 0)
	source 0 (node 0) with out degree 10
	target 194 (node 1041) with in degree 2751

Execution time and memory used at after iteration 222 (MF = 0.607026): 1.632777e+05 seconds, 3291934720 bytes of memory usage, 4615380 kB of memory peak and 1-21:21:26 elapsed time
Statistics on the network after iteration 222 (MF = 0.607026)
	Number of nodes: 403394
	Number of allocated nodes: 403456
	Number of edges: 3387388
	Maximum in degree: 2751 (node 1041)
	Maximum out degree: 10 (node 0)
	source 0 (node 0) with out degree 10
	target 194 (node 1041) with in degree 2751

Execution time and memory used at after iteration 223 (MF = 0.607026): 1.639024e+05 seconds, 3291934720 bytes of memory usage, 4615396 kB of memory peak and 1-21:31:51 elapsed time
Statistics on the network after iteration 223 (MF = 0.607026)
	Number of nodes: 403394
	Number of allocated nodes: 403456
	Number of edges: 3387388
	Maximum in degree: 2751 (node 1041)
	Maximum out degree: 10 (node 0)
	source 0 (node 0) with out degree 10
	target 194 (node 1041) with in degree 2751

Execution time and memory used at after iteration 224 (MF = 0.607026): 1.645280e+05 seconds, 3291934720 bytes of memory usage, 4615412 kB of memory peak and 1-21:42:16 elapsed time
Statistics on the network after iteration 224 (MF = 0.607026)
	Number of nodes: 403394
	Number of allocated nodes: 403456
	Number of edges: 3387388
	Maximum in degree: 2751 (node 1041)
	Maximum out degree: 10 (node 0)
	source 0 (node 0) with out degree 10
	target 194 (node 1041) with in degree 2751

Execution time and memory used at after iteration 225 (MF = 0.607026): 1.651540e+05 seconds, 3291934720 bytes of memory usage, 4615420 kB of memory peak and 1-21:52:42 elapsed time
Statistics on the network after iteration 225 (MF = 0.607026)
	Number of nodes: 403394
	Number of allocated nodes: 403456
	Number of edges: 3387388
	Maximum in degree: 2751 (node 1041)
	Maximum out degree: 10 (node 0)
	source 0 (node 0) with out degree 10
	target 194 (node 1041) with in degree 2751

Execution time and memory used at after iteration 226 (MF = 0.607026): 1.657827e+05 seconds, 3291934720 bytes of memory usage, 4615420 kB of memory peak and 1-22:03:11 elapsed time
Statistics on the network after iteration 226 (MF = 0.607026)
	Number of nodes: 403394
	Number of allocated nodes: 403456
	Number of edges: 3387388
	Maximum in degree: 2751 (node 1041)
	Maximum out degree: 10 (node 0)
	source 0 (node 0) with out degree 10
	target 194 (node 1041) with in degree 2751

Execution time and memory used at after iteration 227 (MF = 0.607026): 1.664150e+05 seconds, 3291934720 bytes of memory usage, 4615420 kB of memory peak and 1-22:13:43 elapsed time
Statistics on the network after iteration 227 (MF = 0.607026)
	Number of nodes: 403394
	Number of allocated nodes: 403456
	Number of edges: 3387388
	Maximum in degree: 2751 (node 1041)
	Maximum out degree: 10 (node 0)
	source 0 (node 0) with out degree 10
	target 194 (node 1041) with in degree 2751

Execution time and memory used at after iteration 228 (MF = 0.607026): 1.670484e+05 seconds, 3291934720 bytes of memory usage, 4615420 kB of memory peak and 1-22:24:17 elapsed time
Statistics on the network after iteration 228 (MF = 0.607026)
	Number of nodes: 403394
	Number of allocated nodes: 403456
	Number of edges: 3387388
	Maximum in degree: 2751 (node 1041)
	Maximum out degree: 10 (node 0)
	source 0 (node 0) with out degree 10
	target 194 (node 1041) with in degree 2751

Execution time and memory used at after iteration 229 (MF = 0.607026): 1.676817e+05 seconds, 3291934720 bytes of memory usage, 4615428 kB of memory peak and 1-22:34:50 elapsed time
Statistics on the network after iteration 229 (MF = 0.607026)
	Number of nodes: 403394
	Number of allocated nodes: 403456
	Number of edges: 3387388
	Maximum in degree: 2751 (node 1041)
	Maximum out degree: 10 (node 0)
	source 0 (node 0) with out degree 10
	target 194 (node 1041) with in degree 2751

Execution time and memory used at after iteration 230 (MF = 0.607026): 1.683151e+05 seconds, 3291934720 bytes of memory usage, 4615436 kB of memory peak and 1-22:45:23 elapsed time
Statistics on the network after iteration 230 (MF = 0.607026)
	Number of nodes: 403394
	Number of allocated nodes: 403456
	Number of edges: 3387388
	Maximum in degree: 2751 (node 1041)
	Maximum out degree: 10 (node 0)
	source 0 (node 0) with out degree 10
	target 194 (node 1041) with in degree 2751

Execution time and memory used at after iteration 231 (MF = 0.607026): 1.689681e+05 seconds, 3291934720 bytes of memory usage, 4615444 kB of memory peak and 1-22:56:17 elapsed time
Statistics on the network after iteration 231 (MF = 0.607026)
	Number of nodes: 403394
	Number of allocated nodes: 403456
	Number of edges: 3387388
	Maximum in degree: 2751 (node 1041)
	Maximum out degree: 10 (node 0)
	source 0 (node 0) with out degree 10
	target 194 (node 1041) with in degree 2751

Execution time and memory used at after iteration 232 (MF = 0.607026): 1.696267e+05 seconds, 3291934720 bytes of memory usage, 4615444 kB of memory peak and 1-23:07:15 elapsed time
Statistics on the network after iteration 232 (MF = 0.607026)
	Number of nodes: 403394
	Number of allocated nodes: 403456
	Number of edges: 3387388
	Maximum in degree: 2751 (node 1041)
	Maximum out degree: 10 (node 0)
	source 0 (node 0) with out degree 10
	target 194 (node 1041) with in degree 2751

Execution time and memory used at after iteration 233 (MF = 0.607026): 1.702138e+05 seconds, 3291934720 bytes of memory usage, 4615444 kB of memory peak and 1-23:17:02 elapsed time
Statistics on the network after iteration 233 (MF = 0.607026)
	Number of nodes: 403394
	Number of allocated nodes: 403456
	Number of edges: 3387388
	Maximum in degree: 2751 (node 1041)
	Maximum out degree: 10 (node 0)
	source 0 (node 0) with out degree 10
	target 194 (node 1041) with in degree 2751

Execution time and memory used at after iteration 234 (MF = 0.607026): 1.708006e+05 seconds, 3291934720 bytes of memory usage, 4615444 kB of memory peak and 1-23:26:49 elapsed time
Statistics on the network after iteration 234 (MF = 0.607026)
	Number of nodes: 403394
	Number of allocated nodes: 403456
	Number of edges: 3387388
	Maximum in degree: 2751 (node 1041)
	Maximum out degree: 10 (node 0)
	source 0 (node 0) with out degree 10
	target 194 (node 1041) with in degree 2751

Execution time and memory used at after iteration 235 (MF = 0.607026): 1.714612e+05 seconds, 3291934720 bytes of memory usage, 4615476 kB of memory peak and 1-23:37:50 elapsed time
Statistics on the network after iteration 235 (MF = 0.607026)
	Number of nodes: 403394
	Number of allocated nodes: 403456
	Number of edges: 3387388
	Maximum in degree: 2751 (node 1041)
	Maximum out degree: 10 (node 0)
	source 0 (node 0) with out degree 10
	target 194 (node 1041) with in degree 2751

Execution time and memory used at after iteration 236 (MF = 0.607026): 1.720485e+05 seconds, 3291934720 bytes of memory usage, 4615476 kB of memory peak and 1-23:47:37 elapsed time
Statistics on the network after iteration 236 (MF = 0.607026)
	Number of nodes: 403394
	Number of allocated nodes: 403456
	Number of edges: 3387388
	Maximum in degree: 2751 (node 1041)
	Maximum out degree: 10 (node 0)
	source 0 (node 0) with out degree 10
	target 194 (node 1041) with in degree 2751

Execution time and memory used at after iteration 237 (MF = 0.607026): 1.726486e+05 seconds, 3291934720 bytes of memory usage, 4615484 kB of memory peak and 1-23:57:37 elapsed time
Statistics on the network after iteration 237 (MF = 0.607026)
	Number of nodes: 403394
	Number of allocated nodes: 403456
	Number of edges: 3387388
	Maximum in degree: 2751 (node 1041)
	Maximum out degree: 10 (node 0)
	source 0 (node 0) with out degree 10
	target 194 (node 1041) with in degree 2751

Execution time and memory used at after iteration 238 (MF = 0.607026): 1.733173e+05 seconds, 3291934720 bytes of memory usage, 4615508 kB of memory peak and 2-00:08:46 elapsed time
Statistics on the network after iteration 238 (MF = 0.607026)
	Number of nodes: 403394
	Number of allocated nodes: 403456
	Number of edges: 3387388
	Maximum in degree: 2751 (node 1041)
	Maximum out degree: 10 (node 0)
	source 0 (node 0) with out degree 10
	target 194 (node 1041) with in degree 2751

Execution time and memory used at after iteration 239 (MF = 0.607026): 1.738974e+05 seconds, 3291934720 bytes of memory usage, 4615516 kB of memory peak and 2-00:18:26 elapsed time
Statistics on the network after iteration 239 (MF = 0.607026)
	Number of nodes: 403394
	Number of allocated nodes: 403456
	Number of edges: 3387388
	Maximum in degree: 2751 (node 1041)
	Maximum out degree: 10 (node 0)
	source 0 (node 0) with out degree 10
	target 194 (node 1041) with in degree 2751

Execution time and memory used at after iteration 240 (MF = 0.607026): 1.745731e+05 seconds, 3291934720 bytes of memory usage, 4615516 kB of memory peak and 2-00:29:42 elapsed time
Statistics on the network after iteration 240 (MF = 0.607026)
	Number of nodes: 403394
	Number of allocated nodes: 403456
	Number of edges: 3387388
	Maximum in degree: 2751 (node 1041)
	Maximum out degree: 10 (node 0)
	source 0 (node 0) with out degree 10
	target 194 (node 1041) with in degree 2751

Execution time and memory used at after iteration 241 (MF = 0.607026): 1.752495e+05 seconds, 3291934720 bytes of memory usage, 4615520 kB of memory peak and 2-00:40:58 elapsed time
Statistics on the network after iteration 241 (MF = 0.607026)
	Number of nodes: 403394
	Number of allocated nodes: 403456
	Number of edges: 3387388
	Maximum in degree: 2751 (node 1041)
	Maximum out degree: 10 (node 0)
	source 0 (node 0) with out degree 10
	target 194 (node 1041) with in degree 2751

Execution time and memory used at after iteration 242 (MF = 0.607026): 1.759187e+05 seconds, 3291934720 bytes of memory usage, 4615520 kB of memory peak and 2-00:52:08 elapsed time
Statistics on the network after iteration 242 (MF = 0.607026)
	Number of nodes: 403394
	Number of allocated nodes: 403456
	Number of edges: 3387388
	Maximum in degree: 2751 (node 1041)
	Maximum out degree: 10 (node 0)
	source 0 (node 0) with out degree 10
	target 194 (node 1041) with in degree 2751

Execution time and memory used at after iteration 243 (MF = 0.607026): 1.765007e+05 seconds, 3291934720 bytes of memory usage, 4615552 kB of memory peak and 2-01:01:50 elapsed time
Statistics on the network after iteration 243 (MF = 0.607026)
	Number of nodes: 403394
	Number of allocated nodes: 403456
	Number of edges: 3387388
	Maximum in degree: 2751 (node 1041)
	Maximum out degree: 10 (node 0)
	source 0 (node 0) with out degree 10
	target 194 (node 1041) with in degree 2751

Execution time and memory used at after iteration 244 (MF = 0.607026): 1.770792e+05 seconds, 3291934720 bytes of memory usage, 4615552 kB of memory peak and 2-01:11:28 elapsed time
Statistics on the network after iteration 244 (MF = 0.607026)
	Number of nodes: 403394
	Number of allocated nodes: 403456
	Number of edges: 3387388
	Maximum in degree: 2751 (node 1041)
	Maximum out degree: 10 (node 0)
	source 0 (node 0) with out degree 10
	target 194 (node 1041) with in degree 2751

Execution time and memory used at after iteration 245 (MF = 0.607026): 1.777410e+05 seconds, 3291934720 bytes of memory usage, 4615552 kB of memory peak and 2-01:22:30 elapsed time
Statistics on the network after iteration 245 (MF = 0.607026)
	Number of nodes: 403394
	Number of allocated nodes: 403456
	Number of edges: 3387388
	Maximum in degree: 2751 (node 1041)
	Maximum out degree: 10 (node 0)
	source 0 (node 0) with out degree 10
	target 194 (node 1041) with in degree 2751

Execution time and memory used at after iteration 246 (MF = 0.607026): 1.784115e+05 seconds, 3291934720 bytes of memory usage, 4615552 kB of memory peak and 2-01:33:40 elapsed time
Statistics on the network after iteration 246 (MF = 0.607026)
	Number of nodes: 403394
	Number of allocated nodes: 403456
	Number of edges: 3387388
	Maximum in degree: 2751 (node 1041)
	Maximum out degree: 10 (node 0)
	source 0 (node 0) with out degree 10
	target 194 (node 1041) with in degree 2751

Execution time and memory used at after iteration 247 (MF = 0.607026): 1.790765e+05 seconds, 3291934720 bytes of memory usage, 4615552 kB of memory peak and 2-01:44:45 elapsed time
Statistics on the network after iteration 247 (MF = 0.607026)
	Number of nodes: 403394
	Number of allocated nodes: 403456
	Number of edges: 3387388
	Maximum in degree: 2751 (node 1041)
	Maximum out degree: 10 (node 0)
	source 0 (node 0) with out degree 10
	target 194 (node 1041) with in degree 2751

Execution time and memory used at after iteration 248 (MF = 0.607026): 1.796554e+05 seconds, 3291934720 bytes of memory usage, 4615560 kB of memory peak and 2-01:54:24 elapsed time
Statistics on the network after iteration 248 (MF = 0.607026)
	Number of nodes: 403394
	Number of allocated nodes: 403456
	Number of edges: 3387388
	Maximum in degree: 2751 (node 1041)
	Maximum out degree: 10 (node 0)
	source 0 (node 0) with out degree 10
	target 194 (node 1041) with in degree 2751

Execution time and memory used at after iteration 249 (MF = 0.607026): 1.803325e+05 seconds, 3291934720 bytes of memory usage, 4615560 kB of memory peak and 2-02:05:41 elapsed time
Statistics on the network after iteration 249 (MF = 0.607026)
	Number of nodes: 403394
	Number of allocated nodes: 403456
	Number of edges: 3387388
	Maximum in degree: 2751 (node 1041)
	Maximum out degree: 10 (node 0)
	source 0 (node 0) with out degree 10
	target 194 (node 1041) with in degree 2751

Execution time and memory used at after iteration 250 (MF = 0.607026): 1.810050e+05 seconds, 3291934720 bytes of memory usage, 4615568 kB of memory peak and 2-02:16:54 elapsed time
Statistics on the network after iteration 250 (MF = 0.607026)
	Number of nodes: 403394
	Number of allocated nodes: 403456
	Number of edges: 3387388
	Maximum in degree: 2751 (node 1041)
	Maximum out degree: 10 (node 0)
	source 0 (node 0) with out degree 10
	target 194 (node 1041) with in degree 2751

Execution time and memory used at after iteration 251 (MF = 0.607026): 1.816685e+05 seconds, 3291934720 bytes of memory usage, 4615576 kB of memory peak and 2-02:27:58 elapsed time
Statistics on the network after iteration 251 (MF = 0.607026)
	Number of nodes: 403394
	Number of allocated nodes: 403456
	Number of edges: 3387388
	Maximum in degree: 2751 (node 1041)
	Maximum out degree: 10 (node 0)
	source 0 (node 0) with out degree 10
	target 194 (node 1041) with in degree 2751

Execution time and memory used at after iteration 252 (MF = 0.607026): 1.822474e+05 seconds, 3291934720 bytes of memory usage, 4615576 kB of memory peak and 2-02:37:36 elapsed time
Statistics on the network after iteration 252 (MF = 0.607026)
	Number of nodes: 403394
	Number of allocated nodes: 403456
	Number of edges: 3387388
	Maximum in degree: 2751 (node 1041)
	Maximum out degree: 10 (node 0)
	source 0 (node 0) with out degree 10
	target 194 (node 1041) with in degree 2751

Execution time and memory used at after iteration 253 (MF = 0.607026): 1.829112e+05 seconds, 3291934720 bytes of memory usage, 4615592 kB of memory peak and 2-02:48:40 elapsed time
Statistics on the network after iteration 253 (MF = 0.607026)
	Number of nodes: 403394
	Number of allocated nodes: 403456
	Number of edges: 3387388
	Maximum in degree: 2751 (node 1041)
	Maximum out degree: 10 (node 0)
	source 0 (node 0) with out degree 10
	target 194 (node 1041) with in degree 2751

Execution time and memory used at after iteration 254 (MF = 0.607026): 1.835754e+05 seconds, 3291934720 bytes of memory usage, 4615600 kB of memory peak and 2-02:59:45 elapsed time
Statistics on the network after iteration 254 (MF = 0.607026)
	Number of nodes: 403394
	Number of allocated nodes: 403456
	Number of edges: 3387388
	Maximum in degree: 2751 (node 1041)
	Maximum out degree: 10 (node 0)
	source 0 (node 0) with out degree 10
	target 194 (node 1041) with in degree 2751

Execution time and memory used at after iteration 255 (MF = 0.607026): 1.842404e+05 seconds, 3291934720 bytes of memory usage, 4615608 kB of memory peak and 2-03:10:50 elapsed time
Statistics on the network after iteration 255 (MF = 0.607026)
	Number of nodes: 403394
	Number of allocated nodes: 403456
	Number of edges: 3387388
	Maximum in degree: 2751 (node 1041)
	Maximum out degree: 10 (node 0)
	source 0 (node 0) with out degree 10
	target 194 (node 1041) with in degree 2751

Execution time and memory used at after iteration 256 (MF = 0.607026): 1.849085e+05 seconds, 3291934720 bytes of memory usage, 4615608 kB of memory peak and 2-03:21:58 elapsed time
Statistics on the network after iteration 256 (MF = 0.607026)
	Number of nodes: 403394
	Number of allocated nodes: 403456
	Number of edges: 3387388
	Maximum in degree: 2751 (node 1041)
	Maximum out degree: 10 (node 0)
	source 0 (node 0) with out degree 10
	target 194 (node 1041) with in degree 2751

Execution time and memory used at after iteration 257 (MF = 0.607026): 1.855764e+05 seconds, 3291934720 bytes of memory usage, 4615624 kB of memory peak and 2-03:33:06 elapsed time
Statistics on the network after iteration 257 (MF = 0.607026)
	Number of nodes: 403394
	Number of allocated nodes: 403456
	Number of edges: 3387388
	Maximum in degree: 2751 (node 1041)
	Maximum out degree: 10 (node 0)
	source 0 (node 0) with out degree 10
	target 194 (node 1041) with in degree 2751

Execution time and memory used at after iteration 258 (MF = 0.607026): 1.861578e+05 seconds, 3291934720 bytes of memory usage, 4615624 kB of memory peak and 2-03:42:47 elapsed time
Statistics on the network after iteration 258 (MF = 0.607026)
	Number of nodes: 403394
	Number of allocated nodes: 403456
	Number of edges: 3387388
	Maximum in degree: 2751 (node 1041)
	Maximum out degree: 10 (node 0)
	source 0 (node 0) with out degree 10
	target 194 (node 1041) with in degree 2751

Execution time and memory used at after iteration 259 (MF = 0.607026): 1.868370e+05 seconds, 3291934720 bytes of memory usage, 4615632 kB of memory peak and 2-03:54:06 elapsed time
Statistics on the network after iteration 259 (MF = 0.607026)
	Number of nodes: 403394
	Number of allocated nodes: 403456
	Number of edges: 3387388
	Maximum in degree: 2751 (node 1041)
	Maximum out degree: 10 (node 0)
	source 0 (node 0) with out degree 10
	target 194 (node 1041) with in degree 2751

Execution time and memory used at after iteration 260 (MF = 0.607026): 1.875154e+05 seconds, 3291934720 bytes of memory usage, 4615640 kB of memory peak and 2-04:05:25 elapsed time
Statistics on the network after iteration 260 (MF = 0.607026)
	Number of nodes: 403394
	Number of allocated nodes: 403456
	Number of edges: 3387388
	Maximum in degree: 2751 (node 1041)
	Maximum out degree: 10 (node 0)
	source 0 (node 0) with out degree 10
	target 194 (node 1041) with in degree 2751

Execution time and memory used at after iteration 261 (MF = 0.607026): 1.881849e+05 seconds, 3291934720 bytes of memory usage, 4615648 kB of memory peak and 2-04:16:34 elapsed time
Statistics on the network after iteration 261 (MF = 0.607026)
	Number of nodes: 403394
	Number of allocated nodes: 403456
	Number of edges: 3387388
	Maximum in degree: 2751 (node 1041)
	Maximum out degree: 10 (node 0)
	source 0 (node 0) with out degree 10
	target 194 (node 1041) with in degree 2751

Execution time and memory used at after iteration 262 (MF = 0.607026): 1.887698e+05 seconds, 3291934720 bytes of memory usage, 4615648 kB of memory peak and 2-04:26:19 elapsed time
Statistics on the network after iteration 262 (MF = 0.607026)
	Number of nodes: 403394
	Number of allocated nodes: 403456
	Number of edges: 3387388
	Maximum in degree: 2751 (node 1041)
	Maximum out degree: 10 (node 0)
	source 0 (node 0) with out degree 10
	target 194 (node 1041) with in degree 2751

Execution time and memory used at after iteration 263 (MF = 0.607026): 1.893547e+05 seconds, 3291934720 bytes of memory usage, 4615652 kB of memory peak and 2-04:36:04 elapsed time
Statistics on the network after iteration 263 (MF = 0.607026)
	Number of nodes: 403394
	Number of allocated nodes: 403456
	Number of edges: 3387388
	Maximum in degree: 2751 (node 1041)
	Maximum out degree: 10 (node 0)
	source 0 (node 0) with out degree 10
	target 194 (node 1041) with in degree 2751

Execution time and memory used at after iteration 264 (MF = 0.607026): 1.899407e+05 seconds, 3291934720 bytes of memory usage, 4615660 kB of memory peak and 2-04:45:50 elapsed time
Statistics on the network after iteration 264 (MF = 0.607026)
	Number of nodes: 403394
	Number of allocated nodes: 403456
	Number of edges: 3387388
	Maximum in degree: 2751 (node 1041)
	Maximum out degree: 10 (node 0)
	source 0 (node 0) with out degree 10
	target 194 (node 1041) with in degree 2751

Execution time and memory used at after iteration 265 (MF = 0.607026): 1.906146e+05 seconds, 3291934720 bytes of memory usage, 4615668 kB of memory peak and 2-04:57:04 elapsed time
Statistics on the network after iteration 265 (MF = 0.607026)
	Number of nodes: 403394
	Number of allocated nodes: 403456
	Number of edges: 3387388
	Maximum in degree: 2751 (node 1041)
	Maximum out degree: 10 (node 0)
	source 0 (node 0) with out degree 10
	target 194 (node 1041) with in degree 2751

Execution time and memory used at after iteration 266 (MF = 0.607026): 1.912063e+05 seconds, 3291934720 bytes of memory usage, 4615668 kB of memory peak and 2-05:06:56 elapsed time
Statistics on the network after iteration 266 (MF = 0.607026)
	Number of nodes: 403394
	Number of allocated nodes: 403456
	Number of edges: 3387388
	Maximum in degree: 2751 (node 1041)
	Maximum out degree: 10 (node 0)
	source 0 (node 0) with out degree 10
	target 194 (node 1041) with in degree 2751

Execution time and memory used at after iteration 267 (MF = 0.607026): 1.918821e+05 seconds, 3291934720 bytes of memory usage, 4615676 kB of memory peak and 2-05:18:12 elapsed time
Statistics on the network after iteration 267 (MF = 0.607026)
	Number of nodes: 403394
	Number of allocated nodes: 403456
	Number of edges: 3387388
	Maximum in degree: 2751 (node 1041)
	Maximum out degree: 10 (node 0)
	source 0 (node 0) with out degree 10
	target 194 (node 1041) with in degree 2751

Execution time and memory used at after iteration 268 (MF = 0.607026): 1.924722e+05 seconds, 3291934720 bytes of memory usage, 4615676 kB of memory peak and 2-05:28:02 elapsed time
Statistics on the network after iteration 268 (MF = 0.607026)
	Number of nodes: 403394
	Number of allocated nodes: 403456
	Number of edges: 3387388
	Maximum in degree: 2751 (node 1041)
	Maximum out degree: 10 (node 0)
	source 0 (node 0) with out degree 10
	target 194 (node 1041) with in degree 2751

Execution time and memory used at after iteration 269 (MF = 0.607026): 1.931571e+05 seconds, 3291934720 bytes of memory usage, 4615684 kB of memory peak and 2-05:39:27 elapsed time
Statistics on the network after iteration 269 (MF = 0.607026)
	Number of nodes: 403394
	Number of allocated nodes: 403456
	Number of edges: 3387388
	Maximum in degree: 2751 (node 1041)
	Maximum out degree: 10 (node 0)
	source 0 (node 0) with out degree 10
	target 194 (node 1041) with in degree 2751

Execution time and memory used at after iteration 270 (MF = 0.607026): 1.938443e+05 seconds, 3291934720 bytes of memory usage, 4615708 kB of memory peak and 2-05:50:54 elapsed time
Statistics on the network after iteration 270 (MF = 0.607026)
	Number of nodes: 403394
	Number of allocated nodes: 403456
	Number of edges: 3387388
	Maximum in degree: 2751 (node 1041)
	Maximum out degree: 10 (node 0)
	source 0 (node 0) with out degree 10
	target 194 (node 1041) with in degree 2751

Execution time and memory used at after iteration 271 (MF = 0.607026): 1.945214e+05 seconds, 3291934720 bytes of memory usage, 4615708 kB of memory peak and 2-06:02:11 elapsed time
Statistics on the network after iteration 271 (MF = 0.607026)
	Number of nodes: 403394
	Number of allocated nodes: 403456
	Number of edges: 3387388
	Maximum in degree: 2751 (node 1041)
	Maximum out degree: 10 (node 0)
	source 0 (node 0) with out degree 10
	target 194 (node 1041) with in degree 2751

Execution time and memory used at after iteration 272 (MF = 0.607026): 1.951136e+05 seconds, 3291934720 bytes of memory usage, 4615716 kB of memory peak and 2-06:12:03 elapsed time
Statistics on the network after iteration 272 (MF = 0.607026)
	Number of nodes: 403394
	Number of allocated nodes: 403456
	Number of edges: 3387388
	Maximum in degree: 2751 (node 1041)
	Maximum out degree: 10 (node 0)
	source 0 (node 0) with out degree 10
	target 194 (node 1041) with in degree 2751

Execution time and memory used at after iteration 273 (MF = 0.607026): 1.957105e+05 seconds, 3291934720 bytes of memory usage, 4615716 kB of memory peak and 2-06:22:00 elapsed time
Statistics on the network after iteration 273 (MF = 0.607026)
	Number of nodes: 403394
	Number of allocated nodes: 403456
	Number of edges: 3387388
	Maximum in degree: 2751 (node 1041)
	Maximum out degree: 10 (node 0)
	source 0 (node 0) with out degree 10
	target 194 (node 1041) with in degree 2751

Execution time and memory used at after iteration 274 (MF = 0.607026): 1.963045e+05 seconds, 3291934720 bytes of memory usage, 4615716 kB of memory peak and 2-06:31:54 elapsed time
Statistics on the network after iteration 274 (MF = 0.607026)
	Number of nodes: 403394
	Number of allocated nodes: 403456
	Number of edges: 3387388
	Maximum in degree: 2751 (node 1041)
	Maximum out degree: 10 (node 0)
	source 0 (node 0) with out degree 10
	target 194 (node 1041) with in degree 2751

Execution time and memory used at after iteration 275 (MF = 0.607026): 1.969887e+05 seconds, 3291934720 bytes of memory usage, 4615716 kB of memory peak and 2-06:43:18 elapsed time
Statistics on the network after iteration 275 (MF = 0.607026)
	Number of nodes: 403394
	Number of allocated nodes: 403456
	Number of edges: 3387388
	Maximum in degree: 2751 (node 1041)
	Maximum out degree: 10 (node 0)
	source 0 (node 0) with out degree 10
	target 194 (node 1041) with in degree 2751

Execution time and memory used at after iteration 276 (MF = 0.607026): 1.976766e+05 seconds, 3291934720 bytes of memory usage, 4615732 kB of memory peak and 2-06:54:46 elapsed time
Statistics on the network after iteration 276 (MF = 0.607026)
	Number of nodes: 403394
	Number of allocated nodes: 403456
	Number of edges: 3387388
	Maximum in degree: 2751 (node 1041)
	Maximum out degree: 10 (node 0)
	source 0 (node 0) with out degree 10
	target 194 (node 1041) with in degree 2751

Execution time and memory used at after iteration 277 (MF = 0.607026): 1.983707e+05 seconds, 3291934720 bytes of memory usage, 4615740 kB of memory peak and 2-07:06:20 elapsed time
Statistics on the network after iteration 277 (MF = 0.607026)
	Number of nodes: 403394
	Number of allocated nodes: 403456
	Number of edges: 3387388
	Maximum in degree: 2751 (node 1041)
	Maximum out degree: 10 (node 0)
	source 0 (node 0) with out degree 10
	target 194 (node 1041) with in degree 2751

Execution time and memory used at after iteration 278 (MF = 0.607026): 1.990682e+05 seconds, 3291934720 bytes of memory usage, 4615748 kB of memory peak and 2-07:17:58 elapsed time
Statistics on the network after iteration 278 (MF = 0.607026)
	Number of nodes: 403394
	Number of allocated nodes: 403456
	Number of edges: 3387388
	Maximum in degree: 2751 (node 1041)
	Maximum out degree: 10 (node 0)
	source 0 (node 0) with out degree 10
	target 194 (node 1041) with in degree 2751

Execution time and memory used at after iteration 279 (MF = 0.607026): 1.997573e+05 seconds, 3291934720 bytes of memory usage, 4615748 kB of memory peak and 2-07:29:27 elapsed time
Statistics on the network after iteration 279 (MF = 0.607026)
	Number of nodes: 403394
	Number of allocated nodes: 403456
	Number of edges: 3387388
	Maximum in degree: 2751 (node 1041)
	Maximum out degree: 10 (node 0)
	source 0 (node 0) with out degree 10
	target 194 (node 1041) with in degree 2751

Execution time and memory used at after iteration 280 (MF = 0.607026): 2.004507e+05 seconds, 3291934720 bytes of memory usage, 4615756 kB of memory peak and 2-07:41:00 elapsed time
Statistics on the network after iteration 280 (MF = 0.607026)
	Number of nodes: 403394
	Number of allocated nodes: 403456
	Number of edges: 3387388
	Maximum in degree: 2751 (node 1041)
	Maximum out degree: 10 (node 0)
	source 0 (node 0) with out degree 10
	target 194 (node 1041) with in degree 2751

Execution time and memory used at after iteration 281 (MF = 0.607026): 2.010661e+05 seconds, 3291934720 bytes of memory usage, 4615764 kB of memory peak and 2-07:51:16 elapsed time
Statistics on the network after iteration 281 (MF = 0.607026)
	Number of nodes: 403394
	Number of allocated nodes: 403456
	Number of edges: 3387388
	Maximum in degree: 2751 (node 1041)
	Maximum out degree: 10 (node 0)
	source 0 (node 0) with out degree 10
	target 194 (node 1041) with in degree 2751

Execution time and memory used at after iteration 282 (MF = 0.607026): 2.016830e+05 seconds, 3291934720 bytes of memory usage, 4615772 kB of memory peak and 2-08:01:33 elapsed time
Statistics on the network after iteration 282 (MF = 0.607026)
	Number of nodes: 403394
	Number of allocated nodes: 403456
	Number of edges: 3387388
	Maximum in degree: 2751 (node 1041)
	Maximum out degree: 10 (node 0)
	source 0 (node 0) with out degree 10
	target 194 (node 1041) with in degree 2751

Execution time and memory used at after iteration 283 (MF = 0.607026): 2.022997e+05 seconds, 3291934720 bytes of memory usage, 4615772 kB of memory peak and 2-08:11:49 elapsed time
Statistics on the network after iteration 283 (MF = 0.607026)
	Number of nodes: 403394
	Number of allocated nodes: 403456
	Number of edges: 3387388
	Maximum in degree: 2751 (node 1041)
	Maximum out degree: 10 (node 0)
	source 0 (node 0) with out degree 10
	target 194 (node 1041) with in degree 2751

Execution time and memory used at after iteration 284 (MF = 0.607026): 2.029930e+05 seconds, 3291934720 bytes of memory usage, 4615780 kB of memory peak and 2-08:23:23 elapsed time
Statistics on the network after iteration 284 (MF = 0.607026)
	Number of nodes: 403394
	Number of allocated nodes: 403456
	Number of edges: 3387388
	Maximum in degree: 2751 (node 1041)
	Maximum out degree: 10 (node 0)
	source 0 (node 0) with out degree 10
	target 194 (node 1041) with in degree 2751

Execution time and memory used at after iteration 285 (MF = 0.607026): 2.036845e+05 seconds, 3291934720 bytes of memory usage, 4615800 kB of memory peak and 2-08:34:54 elapsed time
Statistics on the network after iteration 285 (MF = 0.607026)
	Number of nodes: 403394
	Number of allocated nodes: 403456
	Number of edges: 3387388
	Maximum in degree: 2751 (node 1041)
	Maximum out degree: 10 (node 0)
	source 0 (node 0) with out degree 10
	target 194 (node 1041) with in degree 2751

Execution time and memory used at after iteration 286 (MF = 0.607026): 2.043756e+05 seconds, 3291934720 bytes of memory usage, 4615808 kB of memory peak and 2-08:46:25 elapsed time
Statistics on the network after iteration 286 (MF = 0.607026)
	Number of nodes: 403394
	Number of allocated nodes: 403456
	Number of edges: 3387388
	Maximum in degree: 2751 (node 1041)
	Maximum out degree: 10 (node 0)
	source 0 (node 0) with out degree 10
	target 194 (node 1041) with in degree 2751

Execution time and memory used at after iteration 287 (MF = 0.607026): 2.050633e+05 seconds, 3291934720 bytes of memory usage, 4615808 kB of memory peak and 2-08:57:53 elapsed time
Statistics on the network after iteration 287 (MF = 0.607026)
	Number of nodes: 403394
	Number of allocated nodes: 403456
	Number of edges: 3387388
	Maximum in degree: 2751 (node 1041)
	Maximum out degree: 10 (node 0)
	source 0 (node 0) with out degree 10
	target 194 (node 1041) with in degree 2751

Execution time and memory used at after iteration 288 (MF = 0.607026): 2.057495e+05 seconds, 3291934720 bytes of memory usage, 4615816 kB of memory peak and 2-09:09:19 elapsed time
Statistics on the network after iteration 288 (MF = 0.607026)
	Number of nodes: 403394
	Number of allocated nodes: 403456
	Number of edges: 3387388
	Maximum in degree: 2751 (node 1041)
	Maximum out degree: 10 (node 0)
	source 0 (node 0) with out degree 10
	target 194 (node 1041) with in degree 2751

Execution time and memory used at after iteration 289 (MF = 0.607026): 2.064393e+05 seconds, 3291934720 bytes of memory usage, 4615824 kB of memory peak and 2-09:20:49 elapsed time
Statistics on the network after iteration 289 (MF = 0.607026)
	Number of nodes: 403394
	Number of allocated nodes: 403456
	Number of edges: 3387388
	Maximum in degree: 2751 (node 1041)
	Maximum out degree: 10 (node 0)
	source 0 (node 0) with out degree 10
	target 194 (node 1041) with in degree 2751

Execution time and memory used at after iteration 290 (MF = 0.607026): 2.071334e+05 seconds, 3291934720 bytes of memory usage, 4615832 kB of memory peak and 2-09:32:23 elapsed time
Statistics on the network after iteration 290 (MF = 0.607026)
	Number of nodes: 403394
	Number of allocated nodes: 403456
	Number of edges: 3387388
	Maximum in degree: 2751 (node 1041)
	Maximum out degree: 10 (node 0)
	source 0 (node 0) with out degree 10
	target 194 (node 1041) with in degree 2751

Execution time and memory used at after iteration 291 (MF = 0.607026): 2.078351e+05 seconds, 3291934720 bytes of memory usage, 4615832 kB of memory peak and 2-09:44:05 elapsed time
Statistics on the network after iteration 291 (MF = 0.607026)
	Number of nodes: 403394
	Number of allocated nodes: 403456
	Number of edges: 3387388
	Maximum in degree: 2751 (node 1041)
	Maximum out degree: 10 (node 0)
	source 0 (node 0) with out degree 10
	target 194 (node 1041) with in degree 2751

Execution time and memory used at after iteration 292 (MF = 0.607026): 2.085420e+05 seconds, 3291934720 bytes of memory usage, 4615840 kB of memory peak and 2-09:55:52 elapsed time
Statistics on the network after iteration 292 (MF = 0.607026)
	Number of nodes: 403394
	Number of allocated nodes: 403456
	Number of edges: 3387388
	Maximum in degree: 2751 (node 1041)
	Maximum out degree: 10 (node 0)
	source 0 (node 0) with out degree 10
	target 194 (node 1041) with in degree 2751

Execution time and memory used at after iteration 293 (MF = 0.607026): 2.092387e+05 seconds, 3291934720 bytes of memory usage, 4615848 kB of memory peak and 2-10:07:29 elapsed time
Statistics on the network after iteration 293 (MF = 0.607026)
	Number of nodes: 403394
	Number of allocated nodes: 403456
	Number of edges: 3387388
	Maximum in degree: 2751 (node 1041)
	Maximum out degree: 10 (node 0)
	source 0 (node 0) with out degree 10
	target 194 (node 1041) with in degree 2751

Execution time and memory used at after iteration 294 (MF = 0.607026): 2.099620e+05 seconds, 3291934720 bytes of memory usage, 4615848 kB of memory peak and 2-10:19:32 elapsed time
Statistics on the network after iteration 294 (MF = 0.607026)
	Number of nodes: 403394
	Number of allocated nodes: 403456
	Number of edges: 3387388
	Maximum in degree: 2751 (node 1041)
	Maximum out degree: 10 (node 0)
	source 0 (node 0) with out degree 10
	target 194 (node 1041) with in degree 2751

Execution time and memory used at after iteration 295 (MF = 0.607026): 2.106648e+05 seconds, 3291934720 bytes of memory usage, 4776240 kB of memory peak and 2-10:31:15 elapsed time
Statistics on the network after iteration 295 (MF = 0.607026)
	Number of nodes: 403394
	Number of allocated nodes: 403456
	Number of edges: 3387388
	Maximum in degree: 2751 (node 1041)
	Maximum out degree: 10 (node 0)
	source 0 (node 0) with out degree 10
	target 194 (node 1041) with in degree 2751

Execution time and memory used at after iteration 296 (MF = 0.607026): 2.113698e+05 seconds, 3291934720 bytes of memory usage, 4776248 kB of memory peak and 2-10:43:00 elapsed time
Statistics on the network after iteration 296 (MF = 0.607026)
	Number of nodes: 403394
	Number of allocated nodes: 403456
	Number of edges: 3387388
	Maximum in degree: 2751 (node 1041)
	Maximum out degree: 10 (node 0)
	source 0 (node 0) with out degree 10
	target 194 (node 1041) with in degree 2751

Execution time and memory used at after iteration 297 (MF = 0.607026): 2.120756e+05 seconds, 3291934720 bytes of memory usage, 4776248 kB of memory peak and 2-10:54:46 elapsed time
Statistics on the network after iteration 297 (MF = 0.607026)
	Number of nodes: 403394
	Number of allocated nodes: 403456
	Number of edges: 3387388
	Maximum in degree: 2751 (node 1041)
	Maximum out degree: 10 (node 0)
	source 0 (node 0) with out degree 10
	target 194 (node 1041) with in degree 2751

Execution time and memory used at after iteration 298 (MF = 0.607026): 2.127762e+05 seconds, 3291934720 bytes of memory usage, 4776256 kB of memory peak and 2-11:06:26 elapsed time
Statistics on the network after iteration 298 (MF = 0.607026)
	Number of nodes: 403394
	Number of allocated nodes: 403456
	Number of edges: 3387388
	Maximum in degree: 2751 (node 1041)
	Maximum out degree: 10 (node 0)
	source 0 (node 0) with out degree 10
	target 194 (node 1041) with in degree 2751

Execution time and memory used at after iteration 299 (MF = 0.607026): 2.134854e+05 seconds, 3291934720 bytes of memory usage, 4842424 kB of memory peak and 2-11:18:15 elapsed time
Statistics on the network after iteration 299 (MF = 0.607026)
	Number of nodes: 403394
	Number of allocated nodes: 403456
	Number of edges: 3387388
	Maximum in degree: 2751 (node 1041)
	Maximum out degree: 10 (node 0)
	source 0 (node 0) with out degree 10
	target 194 (node 1041) with in degree 2751

Execution time and memory used at after iteration 300 (MF = 0.607026): 2.141970e+05 seconds, 3291934720 bytes of memory usage, 4842424 kB of memory peak and 2-11:30:07 elapsed time
Statistics on the network after iteration 300 (MF = 0.607026)
	Number of nodes: 403394
	Number of allocated nodes: 403456
	Number of edges: 3387388
	Maximum in degree: 2751 (node 1041)
	Maximum out degree: 10 (node 0)
	source 0 (node 0) with out degree 10
	target 194 (node 1041) with in degree 2751

Execution time and memory used at after iteration 301 (MF = 0.607026): 2.149035e+05 seconds, 3291934720 bytes of memory usage, 4842432 kB of memory peak and 2-11:41:54 elapsed time
Statistics on the network after iteration 301 (MF = 0.607026)
	Number of nodes: 403394
	Number of allocated nodes: 403456
	Number of edges: 3387388
	Maximum in degree: 2751 (node 1041)
	Maximum out degree: 10 (node 0)
	source 0 (node 0) with out degree 10
	target 194 (node 1041) with in degree 2751

Execution time and memory used at after iteration 302 (MF = 0.607026): 2.156078e+05 seconds, 3291934720 bytes of memory usage, 4842440 kB of memory peak and 2-11:53:38 elapsed time
Statistics on the network after iteration 302 (MF = 0.607026)
	Number of nodes: 403394
	Number of allocated nodes: 403456
	Number of edges: 3387388
	Maximum in degree: 2751 (node 1041)
	Maximum out degree: 10 (node 0)
	source 0 (node 0) with out degree 10
	target 194 (node 1041) with in degree 2751

Execution time and memory used at after iteration 303 (MF = 0.607026): 2.163170e+05 seconds, 3291934720 bytes of memory usage, 4842440 kB of memory peak and 2-12:05:27 elapsed time
Statistics on the network after iteration 303 (MF = 0.607026)
	Number of nodes: 403394
	Number of allocated nodes: 403456
	Number of edges: 3387388
	Maximum in degree: 2751 (node 1041)
	Maximum out degree: 10 (node 0)
	source 0 (node 0) with out degree 10
	target 194 (node 1041) with in degree 2751

Execution time and memory used at after iteration 304 (MF = 0.607026): 2.170270e+05 seconds, 3291934720 bytes of memory usage, 4842448 kB of memory peak and 2-12:17:17 elapsed time
Statistics on the network after iteration 304 (MF = 0.607026)
	Number of nodes: 403394
	Number of allocated nodes: 403456
	Number of edges: 3387388
	Maximum in degree: 2751 (node 1041)
	Maximum out degree: 10 (node 0)
	source 0 (node 0) with out degree 10
	target 194 (node 1041) with in degree 2751

Execution time and memory used at after iteration 305 (MF = 0.607026): 2.177324e+05 seconds, 3291934720 bytes of memory usage, 4842456 kB of memory peak and 2-12:29:02 elapsed time
Statistics on the network after iteration 305 (MF = 0.607026)
	Number of nodes: 403394
	Number of allocated nodes: 403456
	Number of edges: 3387388
	Maximum in degree: 2751 (node 1041)
	Maximum out degree: 10 (node 0)
	source 0 (node 0) with out degree 10
	target 194 (node 1041) with in degree 2751

Execution time and memory used at after iteration 306 (MF = 0.607026): 2.184404e+05 seconds, 3291934720 bytes of memory usage, 4842464 kB of memory peak and 2-12:40:50 elapsed time
Statistics on the network after iteration 306 (MF = 0.607026)
	Number of nodes: 403394
	Number of allocated nodes: 403456
	Number of edges: 3387388
	Maximum in degree: 2751 (node 1041)
	Maximum out degree: 10 (node 0)
	source 0 (node 0) with out degree 10
	target 194 (node 1041) with in degree 2751

Execution time and memory used at after iteration 307 (MF = 0.607026): 2.191492e+05 seconds, 3291934720 bytes of memory usage, 4842464 kB of memory peak and 2-12:52:39 elapsed time
Statistics on the network after iteration 307 (MF = 0.607026)
	Number of nodes: 403394
	Number of allocated nodes: 403456
	Number of edges: 3387388
	Maximum in degree: 2751 (node 1041)
	Maximum out degree: 10 (node 0)
	source 0 (node 0) with out degree 10
	target 194 (node 1041) with in degree 2751

Execution time and memory used at after iteration 308 (MF = 0.607026): 2.198693e+05 seconds, 3291934720 bytes of memory usage, 4842472 kB of memory peak and 2-13:04:39 elapsed time
Statistics on the network after iteration 308 (MF = 0.607026)
	Number of nodes: 403394
	Number of allocated nodes: 403456
	Number of edges: 3387388
	Maximum in degree: 2751 (node 1041)
	Maximum out degree: 10 (node 0)
	source 0 (node 0) with out degree 10
	target 194 (node 1041) with in degree 2751

Execution time and memory used at after iteration 309 (MF = 0.607026): 2.205777e+05 seconds, 3291934720 bytes of memory usage, 4842488 kB of memory peak and 2-13:16:28 elapsed time
Statistics on the network after iteration 309 (MF = 0.607026)
	Number of nodes: 403394
	Number of allocated nodes: 403456
	Number of edges: 3387388
	Maximum in degree: 2751 (node 1041)
	Maximum out degree: 10 (node 0)
	source 0 (node 0) with out degree 10
	target 194 (node 1041) with in degree 2751

Execution time and memory used at after iteration 310 (MF = 0.607026): 2.212821e+05 seconds, 3291934720 bytes of memory usage, 4842496 kB of memory peak and 2-13:28:12 elapsed time
Statistics on the network after iteration 310 (MF = 0.607026)
	Number of nodes: 403394
	Number of allocated nodes: 403456
	Number of edges: 3387388
	Maximum in degree: 2751 (node 1041)
	Maximum out degree: 10 (node 0)
	source 0 (node 0) with out degree 10
	target 194 (node 1041) with in degree 2751

Execution time and memory used at after iteration 311 (MF = 0.607026): 2.219862e+05 seconds, 3291934720 bytes of memory usage, 4842504 kB of memory peak and 2-13:39:56 elapsed time
Statistics on the network after iteration 311 (MF = 0.607026)
	Number of nodes: 403394
	Number of allocated nodes: 403456
	Number of edges: 3387388
	Maximum in degree: 2751 (node 1041)
	Maximum out degree: 10 (node 0)
	source 0 (node 0) with out degree 10
	target 194 (node 1041) with in degree 2751

Execution time and memory used at after iteration 312 (MF = 0.607026): 2.226898e+05 seconds, 3291934720 bytes of memory usage, 4842504 kB of memory peak and 2-13:51:40 elapsed time
Statistics on the network after iteration 312 (MF = 0.607026)
	Number of nodes: 403394
	Number of allocated nodes: 403456
	Number of edges: 3387388
	Maximum in degree: 2751 (node 1041)
	Maximum out degree: 10 (node 0)
	source 0 (node 0) with out degree 10
	target 194 (node 1041) with in degree 2751

Execution time and memory used at after iteration 313 (MF = 0.607026): 2.233941e+05 seconds, 3291934720 bytes of memory usage, 4842520 kB of memory peak and 2-14:03:24 elapsed time
Statistics on the network after iteration 313 (MF = 0.607026)
	Number of nodes: 403394
	Number of allocated nodes: 403456
	Number of edges: 3387388
	Maximum in degree: 2751 (node 1041)
	Maximum out degree: 10 (node 0)
	source 0 (node 0) with out degree 10
	target 194 (node 1041) with in degree 2751

Execution time and memory used at after iteration 314 (MF = 0.607026): 2.240996e+05 seconds, 3291934720 bytes of memory usage, 4842520 kB of memory peak and 2-14:15:10 elapsed time
Statistics on the network after iteration 314 (MF = 0.607026)
	Number of nodes: 403394
	Number of allocated nodes: 403456
	Number of edges: 3387388
	Maximum in degree: 2751 (node 1041)
	Maximum out degree: 10 (node 0)
	source 0 (node 0) with out degree 10
	target 194 (node 1041) with in degree 2751

Execution time and memory used at after iteration 315 (MF = 0.607026): 2.248060e+05 seconds, 3291934720 bytes of memory usage, 4842528 kB of memory peak and 2-14:26:56 elapsed time
Statistics on the network after iteration 315 (MF = 0.607026)
	Number of nodes: 403394
	Number of allocated nodes: 403456
	Number of edges: 3387388
	Maximum in degree: 2751 (node 1041)
	Maximum out degree: 10 (node 0)
	source 0 (node 0) with out degree 10
	target 194 (node 1041) with in degree 2751

Execution time and memory used at after iteration 316 (MF = 0.607026): 2.255142e+05 seconds, 3291934720 bytes of memory usage, 4842536 kB of memory peak and 2-14:38:44 elapsed time
Statistics on the network after iteration 316 (MF = 0.607026)
	Number of nodes: 403394
	Number of allocated nodes: 403456
	Number of edges: 3387388
	Maximum in degree: 2751 (node 1041)
	Maximum out degree: 10 (node 0)
	source 0 (node 0) with out degree 10
	target 194 (node 1041) with in degree 2751

Execution time and memory used at after iteration 317 (MF = 0.607026): 2.262284e+05 seconds, 3291934720 bytes of memory usage, 4842544 kB of memory peak and 2-14:50:39 elapsed time
Statistics on the network after iteration 317 (MF = 0.607026)
	Number of nodes: 403394
	Number of allocated nodes: 403456
	Number of edges: 3387388
	Maximum in degree: 2751 (node 1041)
	Maximum out degree: 10 (node 0)
	source 0 (node 0) with out degree 10
	target 194 (node 1041) with in degree 2751

Execution time and memory used at after iteration 318 (MF = 0.607026): 2.269430e+05 seconds, 3291934720 bytes of memory usage, 4842544 kB of memory peak and 2-15:02:33 elapsed time
Statistics on the network after iteration 318 (MF = 0.607026)
	Number of nodes: 403394
	Number of allocated nodes: 403456
	Number of edges: 3387388
	Maximum in degree: 2751 (node 1041)
	Maximum out degree: 10 (node 0)
	source 0 (node 0) with out degree 10
	target 194 (node 1041) with in degree 2751

Execution time and memory used at after iteration 319 (MF = 0.607026): 2.276598e+05 seconds, 3291934720 bytes of memory usage, 4842552 kB of memory peak and 2-15:14:30 elapsed time
Statistics on the network after iteration 319 (MF = 0.607026)
	Number of nodes: 403394
	Number of allocated nodes: 403456
	Number of edges: 3387388
	Maximum in degree: 2751 (node 1041)
	Maximum out degree: 10 (node 0)
	source 0 (node 0) with out degree 10
	target 194 (node 1041) with in degree 2751

Execution time and memory used at after iteration 320 (MF = 0.607026): 2.283704e+05 seconds, 3291934720 bytes of memory usage, 4842568 kB of memory peak and 2-15:26:21 elapsed time
Statistics on the network after iteration 320 (MF = 0.607026)
	Number of nodes: 403394
	Number of allocated nodes: 403456
	Number of edges: 3387388
	Maximum in degree: 2751 (node 1041)
	Maximum out degree: 10 (node 0)
	source 0 (node 0) with out degree 10
	target 194 (node 1041) with in degree 2751

Execution time and memory used at after iteration 321 (MF = 0.607026): 2.290844e+05 seconds, 3291934720 bytes of memory usage, 4842572 kB of memory peak and 2-15:38:15 elapsed time
Statistics on the network after iteration 321 (MF = 0.607026)
	Number of nodes: 403394
	Number of allocated nodes: 403456
	Number of edges: 3387388
	Maximum in degree: 2751 (node 1041)
	Maximum out degree: 10 (node 0)
	source 0 (node 0) with out degree 10
	target 194 (node 1041) with in degree 2751

Execution time and memory used at after iteration 322 (MF = 0.607026): 2.297960e+05 seconds, 3291934720 bytes of memory usage, 4842580 kB of memory peak and 2-15:50:07 elapsed time
Statistics on the network after iteration 322 (MF = 0.607026)
	Number of nodes: 403394
	Number of allocated nodes: 403456
	Number of edges: 3387388
	Maximum in degree: 2751 (node 1041)
	Maximum out degree: 10 (node 0)
	source 0 (node 0) with out degree 10
	target 194 (node 1041) with in degree 2751

Execution time and memory used at after iteration 323 (MF = 0.607026): 2.305047e+05 seconds, 3291934720 bytes of memory usage, 4842596 kB of memory peak and 2-16:01:55 elapsed time
Statistics on the network after iteration 323 (MF = 0.607026)
	Number of nodes: 403394
	Number of allocated nodes: 403456
	Number of edges: 3387388
	Maximum in degree: 2751 (node 1041)
	Maximum out degree: 10 (node 0)
	source 0 (node 0) with out degree 10
	target 194 (node 1041) with in degree 2751

Execution time and memory used at after iteration 324 (MF = 0.607026): 2.312154e+05 seconds, 3291934720 bytes of memory usage, 4842604 kB of memory peak and 2-16:13:46 elapsed time
Statistics on the network after iteration 324 (MF = 0.607026)
	Number of nodes: 403394
	Number of allocated nodes: 403456
	Number of edges: 3387388
	Maximum in degree: 2751 (node 1041)
	Maximum out degree: 10 (node 0)
	source 0 (node 0) with out degree 10
	target 194 (node 1041) with in degree 2751

Execution time and memory used at after iteration 325 (MF = 0.607026): 2.319270e+05 seconds, 3291934720 bytes of memory usage, 4842604 kB of memory peak and 2-16:25:38 elapsed time
Statistics on the network after iteration 325 (MF = 0.607026)
	Number of nodes: 403394
	Number of allocated nodes: 403456
	Number of edges: 3387388
	Maximum in degree: 2751 (node 1041)
	Maximum out degree: 10 (node 0)
	source 0 (node 0) with out degree 10
	target 194 (node 1041) with in degree 2751

Execution time and memory used at after iteration 326 (MF = 0.607026): 2.326357e+05 seconds, 3291934720 bytes of memory usage, 4842612 kB of memory peak and 2-16:37:26 elapsed time
Statistics on the network after iteration 326 (MF = 0.607026)
	Number of nodes: 403394
	Number of allocated nodes: 403456
	Number of edges: 3387388
	Maximum in degree: 2751 (node 1041)
	Maximum out degree: 10 (node 0)
	source 0 (node 0) with out degree 10
	target 194 (node 1041) with in degree 2751

Execution time and memory used at after iteration 327 (MF = 0.607026): 2.333534e+05 seconds, 3291934720 bytes of memory usage, 4842620 kB of memory peak and 2-16:49:24 elapsed time
Statistics on the network after iteration 327 (MF = 0.607026)
	Number of nodes: 403394
	Number of allocated nodes: 403456
	Number of edges: 3387388
	Maximum in degree: 2751 (node 1041)
	Maximum out degree: 10 (node 0)
	source 0 (node 0) with out degree 10
	target 194 (node 1041) with in degree 2751

Execution time and memory used at after iteration 328 (MF = 0.607026): 2.340613e+05 seconds, 3291934720 bytes of memory usage, 4842628 kB of memory peak and 2-17:01:12 elapsed time
Statistics on the network after iteration 328 (MF = 0.607026)
	Number of nodes: 403394
	Number of allocated nodes: 403456
	Number of edges: 3387388
	Maximum in degree: 2751 (node 1041)
	Maximum out degree: 10 (node 0)
	source 0 (node 0) with out degree 10
	target 194 (node 1041) with in degree 2751

Execution time and memory used at after iteration 329 (MF = 0.607026): 2.347717e+05 seconds, 3291934720 bytes of memory usage, 4842628 kB of memory peak and 2-17:13:02 elapsed time
Statistics on the network after iteration 329 (MF = 0.607026)
	Number of nodes: 403394
	Number of allocated nodes: 403456
	Number of edges: 3387388
	Maximum in degree: 2751 (node 1041)
	Maximum out degree: 10 (node 0)
	source 0 (node 0) with out degree 10
	target 194 (node 1041) with in degree 2751

Execution time and memory used at after iteration 330 (MF = 0.607026): 2.354806e+05 seconds, 3291934720 bytes of memory usage, 4842628 kB of memory peak and 2-17:24:51 elapsed time
Statistics on the network after iteration 330 (MF = 0.607026)
	Number of nodes: 403394
	Number of allocated nodes: 403456
	Number of edges: 3387388
	Maximum in degree: 2751 (node 1041)
	Maximum out degree: 10 (node 0)
	source 0 (node 0) with out degree 10
	target 194 (node 1041) with in degree 2751

Execution time and memory used at after iteration 331 (MF = 0.607026): 2.361915e+05 seconds, 3291934720 bytes of memory usage, 4842644 kB of memory peak and 2-17:36:42 elapsed time
Statistics on the network after iteration 331 (MF = 0.607026)
	Number of nodes: 403394
	Number of allocated nodes: 403456
	Number of edges: 3387388
	Maximum in degree: 2751 (node 1041)
	Maximum out degree: 10 (node 0)
	source 0 (node 0) with out degree 10
	target 194 (node 1041) with in degree 2751

Execution time and memory used at after iteration 332 (MF = 0.607026): 2.369006e+05 seconds, 3291934720 bytes of memory usage, 4842652 kB of memory peak and 2-17:48:32 elapsed time
Statistics on the network after iteration 332 (MF = 0.607026)
	Number of nodes: 403394
	Number of allocated nodes: 403456
	Number of edges: 3387388
	Maximum in degree: 2751 (node 1041)
	Maximum out degree: 10 (node 0)
	source 0 (node 0) with out degree 10
	target 194 (node 1041) with in degree 2751

Execution time and memory used at after iteration 333 (MF = 0.607026): 2.376116e+05 seconds, 3291934720 bytes of memory usage, 4842652 kB of memory peak and 2-18:00:22 elapsed time
Statistics on the network after iteration 333 (MF = 0.607026)
	Number of nodes: 403394
	Number of allocated nodes: 403456
	Number of edges: 3387388
	Maximum in degree: 2751 (node 1041)
	Maximum out degree: 10 (node 0)
	source 0 (node 0) with out degree 10
	target 194 (node 1041) with in degree 2751

Execution time and memory used at after iteration 334 (MF = 0.607026): 2.383229e+05 seconds, 3291934720 bytes of memory usage, 4842652 kB of memory peak and 2-18:12:14 elapsed time
Statistics on the network after iteration 334 (MF = 0.607026)
	Number of nodes: 403394
	Number of allocated nodes: 403456
	Number of edges: 3387388
	Maximum in degree: 2751 (node 1041)
	Maximum out degree: 10 (node 0)
	source 0 (node 0) with out degree 10
	target 194 (node 1041) with in degree 2751

Execution time and memory used at after iteration 335 (MF = 0.607026): 2.390337e+05 seconds, 3291934720 bytes of memory usage, 4842660 kB of memory peak and 2-18:24:05 elapsed time
Statistics on the network after iteration 335 (MF = 0.607026)
	Number of nodes: 403394
	Number of allocated nodes: 403456
	Number of edges: 3387388
	Maximum in degree: 2751 (node 1041)
	Maximum out degree: 10 (node 0)
	source 0 (node 0) with out degree 10
	target 194 (node 1041) with in degree 2751

Execution time and memory used at after iteration 336 (MF = 0.607026): 2.397555e+05 seconds, 3291934720 bytes of memory usage, 4842668 kB of memory peak and 2-18:36:07 elapsed time
Statistics on the network after iteration 336 (MF = 0.607026)
	Number of nodes: 403394
	Number of allocated nodes: 403456
	Number of edges: 3387388
	Maximum in degree: 2751 (node 1041)
	Maximum out degree: 10 (node 0)
	source 0 (node 0) with out degree 10
	target 194 (node 1041) with in degree 2751

Execution time and memory used at after iteration 337 (MF = 0.607026): 2.404803e+05 seconds, 3291934720 bytes of memory usage, 4842676 kB of memory peak and 2-18:48:11 elapsed time
Statistics on the network after iteration 337 (MF = 0.607026)
	Number of nodes: 403394
	Number of allocated nodes: 403456
	Number of edges: 3387388
	Maximum in degree: 2751 (node 1041)
	Maximum out degree: 10 (node 0)
	source 0 (node 0) with out degree 10
	target 194 (node 1041) with in degree 2751

Execution time and memory used at after iteration 338 (MF = 0.616806): 2.411964e+05 seconds, 3291934720 bytes of memory usage, 4842684 kB of memory peak and 2-19:00:07 elapsed time
Statistics on the network after iteration 338 (MF = 0.616806)
	Number of nodes: 403394
	Number of allocated nodes: 403456
	Number of edges: 3387388
	Maximum in degree: 2751 (node 1041)
	Maximum out degree: 10 (node 0)
	source 0 (node 0) with out degree 10
	target 194 (node 1041) with in degree 2751

Execution time and memory used at after iteration 339 (MF = 0.616806): 2.419097e+05 seconds, 3291934720 bytes of memory usage, 4842692 kB of memory peak and 2-19:12:01 elapsed time
Statistics on the network after iteration 339 (MF = 0.616806)
	Number of nodes: 403394
	Number of allocated nodes: 403456
	Number of edges: 3387388
	Maximum in degree: 2751 (node 1041)
	Maximum out degree: 10 (node 0)
	source 0 (node 0) with out degree 10
	target 194 (node 1041) with in degree 2751

Execution time and memory used at after iteration 340 (MF = 0.616806): 2.426239e+05 seconds, 3291934720 bytes of memory usage, 4842700 kB of memory peak and 2-19:23:55 elapsed time
Statistics on the network after iteration 340 (MF = 0.616806)
	Number of nodes: 403394
	Number of allocated nodes: 403456
	Number of edges: 3387388
	Maximum in degree: 2751 (node 1041)
	Maximum out degree: 10 (node 0)
	source 0 (node 0) with out degree 10
	target 194 (node 1041) with in degree 2751

Execution time and memory used at after iteration 341 (MF = 0.616806): 2.433467e+05 seconds, 3291934720 bytes of memory usage, 4842700 kB of memory peak and 2-19:35:58 elapsed time
Statistics on the network after iteration 341 (MF = 0.616806)
	Number of nodes: 403394
	Number of allocated nodes: 403456
	Number of edges: 3387388
	Maximum in degree: 2751 (node 1041)
	Maximum out degree: 10 (node 0)
	source 0 (node 0) with out degree 10
	target 194 (node 1041) with in degree 2751

Execution time and memory used at after iteration 342 (MF = 0.616806): 2.440733e+05 seconds, 3291934720 bytes of memory usage, 4842716 kB of memory peak and 2-19:48:05 elapsed time
Statistics on the network after iteration 342 (MF = 0.616806)
	Number of nodes: 403394
	Number of allocated nodes: 403456
	Number of edges: 3387388
	Maximum in degree: 2751 (node 1041)
	Maximum out degree: 10 (node 0)
	source 0 (node 0) with out degree 10
	target 194 (node 1041) with in degree 2751

Execution time and memory used at after iteration 343 (MF = 0.616806): 2.448010e+05 seconds, 3291934720 bytes of memory usage, 4842732 kB of memory peak and 2-20:00:12 elapsed time
Statistics on the network after iteration 343 (MF = 0.616806)
	Number of nodes: 403394
	Number of allocated nodes: 403456
	Number of edges: 3387388
	Maximum in degree: 2751 (node 1041)
	Maximum out degree: 10 (node 0)
	source 0 (node 0) with out degree 10
	target 194 (node 1041) with in degree 2751

Execution time and memory used at after iteration 344 (MF = 0.616806): 2.455248e+05 seconds, 3291934720 bytes of memory usage, 4842732 kB of memory peak and 2-20:12:16 elapsed time
Statistics on the network after iteration 344 (MF = 0.616806)
	Number of nodes: 403394
	Number of allocated nodes: 403456
	Number of edges: 3387388
	Maximum in degree: 2751 (node 1041)
	Maximum out degree: 10 (node 0)
	source 0 (node 0) with out degree 10
	target 194 (node 1041) with in degree 2751

Execution time and memory used at after iteration 345 (MF = 0.616806): 2.462485e+05 seconds, 3291934720 bytes of memory usage, 4842736 kB of memory peak and 2-20:24:20 elapsed time
Statistics on the network after iteration 345 (MF = 0.616806)
	Number of nodes: 403394
	Number of allocated nodes: 403456
	Number of edges: 3387388
	Maximum in degree: 2751 (node 1041)
	Maximum out degree: 10 (node 0)
	source 0 (node 0) with out degree 10
	target 194 (node 1041) with in degree 2751

Execution time and memory used at after iteration 346 (MF = 0.616806): 2.469772e+05 seconds, 3291934720 bytes of memory usage, 4842752 kB of memory peak and 2-20:36:29 elapsed time
Statistics on the network after iteration 346 (MF = 0.616806)
	Number of nodes: 403394
	Number of allocated nodes: 403456
	Number of edges: 3387388
	Maximum in degree: 2751 (node 1041)
	Maximum out degree: 10 (node 0)
	source 0 (node 0) with out degree 10
	target 194 (node 1041) with in degree 2751

Execution time and memory used at after iteration 347 (MF = 0.597247): 2.477038e+05 seconds, 3291934720 bytes of memory usage, 4842752 kB of memory peak and 2-20:48:35 elapsed time
Statistics on the network after iteration 347 (MF = 0.597247)
	Number of nodes: 403394
	Number of allocated nodes: 403456
	Number of edges: 3387388
	Maximum in degree: 2751 (node 1041)
	Maximum out degree: 10 (node 0)
	source 0 (node 0) with out degree 10
	target 194 (node 1041) with in degree 2751

Execution time and memory used at after iteration 348 (MF = 0.597247): 2.484270e+05 seconds, 3291934720 bytes of memory usage, 4842760 kB of memory peak and 2-21:00:39 elapsed time
Statistics on the network after iteration 348 (MF = 0.597247)
	Number of nodes: 403394
	Number of allocated nodes: 403456
	Number of edges: 3387388
	Maximum in degree: 2751 (node 1041)
	Maximum out degree: 10 (node 0)
	source 0 (node 0) with out degree 10
	target 194 (node 1041) with in degree 2751

Execution time and memory used at after iteration 349 (MF = 0.597247): 2.491477e+05 seconds, 3291934720 bytes of memory usage, 4842768 kB of memory peak and 2-21:12:39 elapsed time
Statistics on the network after iteration 349 (MF = 0.597247)
	Number of nodes: 403394
	Number of allocated nodes: 403456
	Number of edges: 3387388
	Maximum in degree: 2751 (node 1041)
	Maximum out degree: 10 (node 0)
	source 0 (node 0) with out degree 10
	target 194 (node 1041) with in degree 2751

Execution time and memory used at after iteration 350 (MF = 0.597247): 2.498682e+05 seconds, 3291934720 bytes of memory usage, 4842776 kB of memory peak and 2-21:24:40 elapsed time
Statistics on the network after iteration 350 (MF = 0.597247)
	Number of nodes: 403394
	Number of allocated nodes: 403456
	Number of edges: 3387388
	Maximum in degree: 2751 (node 1041)
	Maximum out degree: 10 (node 0)
	source 0 (node 0) with out degree 10
	target 194 (node 1041) with in degree 2751

Execution time and memory used at after iteration 351 (MF = 0.597247): 2.505922e+05 seconds, 3291934720 bytes of memory usage, 4842784 kB of memory peak and 2-21:36:44 elapsed time
Statistics on the network after iteration 351 (MF = 0.597247)
	Number of nodes: 403394
	Number of allocated nodes: 403456
	Number of edges: 3387388
	Maximum in degree: 2751 (node 1041)
	Maximum out degree: 10 (node 0)
	source 0 (node 0) with out degree 10
	target 194 (node 1041) with in degree 2751

Execution time and memory used at after iteration 352 (MF = 0.597247): 2.513151e+05 seconds, 3291934720 bytes of memory usage, 4842792 kB of memory peak and 2-21:48:47 elapsed time
Statistics on the network after iteration 352 (MF = 0.597247)
	Number of nodes: 403394
	Number of allocated nodes: 403456
	Number of edges: 3387388
	Maximum in degree: 2751 (node 1041)
	Maximum out degree: 10 (node 0)
	source 0 (node 0) with out degree 10
	target 194 (node 1041) with in degree 2751

Execution time and memory used at after iteration 353 (MF = 0.597247): 2.520322e+05 seconds, 3291934720 bytes of memory usage, 4842800 kB of memory peak and 2-22:00:44 elapsed time
Statistics on the network after iteration 353 (MF = 0.597247)
	Number of nodes: 403394
	Number of allocated nodes: 403456
	Number of edges: 3387388
	Maximum in degree: 2751 (node 1041)
	Maximum out degree: 10 (node 0)
	source 0 (node 0) with out degree 10
	target 194 (node 1041) with in degree 2751

Execution time and memory used at after iteration 354 (MF = 0.597247): 2.527489e+05 seconds, 3291934720 bytes of memory usage, 4842800 kB of memory peak and 2-22:12:41 elapsed time
Statistics on the network after iteration 354 (MF = 0.597247)
	Number of nodes: 403394
	Number of allocated nodes: 403456
	Number of edges: 3387388
	Maximum in degree: 2751 (node 1041)
	Maximum out degree: 10 (node 0)
	source 0 (node 0) with out degree 10
	target 194 (node 1041) with in degree 2751

Execution time and memory used at after iteration 355 (MF = 0.597247): 2.534718e+05 seconds, 3291934720 bytes of memory usage, 4842808 kB of memory peak and 2-22:24:44 elapsed time
Statistics on the network after iteration 355 (MF = 0.597247)
	Number of nodes: 403394
	Number of allocated nodes: 403456
	Number of edges: 3387388
	Maximum in degree: 2751 (node 1041)
	Maximum out degree: 10 (node 0)
	source 0 (node 0) with out degree 10
	target 194 (node 1041) with in degree 2751

Execution time and memory used at after iteration 356 (MF = 0.597247): 2.541929e+05 seconds, 3291934720 bytes of memory usage, 4842816 kB of memory peak and 2-22:36:45 elapsed time
Statistics on the network after iteration 356 (MF = 0.597247)
	Number of nodes: 403394
	Number of allocated nodes: 403456
	Number of edges: 3387388
	Maximum in degree: 2751 (node 1041)
	Maximum out degree: 10 (node 0)
	source 0 (node 0) with out degree 10
	target 194 (node 1041) with in degree 2751

Execution time and memory used at after iteration 357 (MF = 0.597247): 2.549162e+05 seconds, 3291934720 bytes of memory usage, 4842816 kB of memory peak and 2-22:48:48 elapsed time
Statistics on the network after iteration 357 (MF = 0.597247)
	Number of nodes: 403394
	Number of allocated nodes: 403456
	Number of edges: 3387388
	Maximum in degree: 2751 (node 1041)
	Maximum out degree: 10 (node 0)
	source 0 (node 0) with out degree 10
	target 194 (node 1041) with in degree 2751

Execution time and memory used at after iteration 358 (MF = 0.597247): 2.556447e+05 seconds, 3291934720 bytes of memory usage, 4842824 kB of memory peak and 2-23:00:57 elapsed time
Statistics on the network after iteration 358 (MF = 0.597247)
	Number of nodes: 403394
	Number of allocated nodes: 403456
	Number of edges: 3387388
	Maximum in degree: 2751 (node 1041)
	Maximum out degree: 10 (node 0)
	source 0 (node 0) with out degree 10
	target 194 (node 1041) with in degree 2751

Execution time and memory used at after iteration 359 (MF = 0.597247): 2.563679e+05 seconds, 3291934720 bytes of memory usage, 4842832 kB of memory peak and 2-23:13:00 elapsed time
Statistics on the network after iteration 359 (MF = 0.597247)
	Number of nodes: 403394
	Number of allocated nodes: 403456
	Number of edges: 3387388
	Maximum in degree: 2751 (node 1041)
	Maximum out degree: 10 (node 0)
	source 0 (node 0) with out degree 10
	target 194 (node 1041) with in degree 2751

Execution time and memory used at after iteration 360 (MF = 0.597247): 2.571078e+05 seconds, 3291934720 bytes of memory usage, 4842840 kB of memory peak and 2-23:25:20 elapsed time
Statistics on the network after iteration 360 (MF = 0.597247)
	Number of nodes: 403394
	Number of allocated nodes: 403456
	Number of edges: 3387388
	Maximum in degree: 2751 (node 1041)
	Maximum out degree: 10 (node 0)
	source 0 (node 0) with out degree 10
	target 194 (node 1041) with in degree 2751

Execution time and memory used at after iteration 361 (MF = 0.597247): 2.578278e+05 seconds, 3291934720 bytes of memory usage, 4842840 kB of memory peak and 2-23:37:20 elapsed time
Statistics on the network after iteration 361 (MF = 0.597247)
	Number of nodes: 403394
	Number of allocated nodes: 403456
	Number of edges: 3387388
	Maximum in degree: 2751 (node 1041)
	Maximum out degree: 10 (node 0)
	source 0 (node 0) with out degree 10
	target 194 (node 1041) with in degree 2751

Execution time and memory used at after iteration 362 (MF = 0.616806): 2.585564e+05 seconds, 3291934720 bytes of memory usage, 4842856 kB of memory peak and 2-23:49:29 elapsed time
Statistics on the network after iteration 362 (MF = 0.616806)
	Number of nodes: 403394
	Number of allocated nodes: 403456
	Number of edges: 3387388
	Maximum in degree: 2751 (node 1041)
	Maximum out degree: 10 (node 0)
	source 0 (node 0) with out degree 10
	target 194 (node 1041) with in degree 2751

Execution time and memory used at after iteration 363 (MF = 0.616806): 2.592852e+05 seconds, 3291934720 bytes of memory usage, 4842864 kB of memory peak and 3-00:01:37 elapsed time
Statistics on the network after iteration 363 (MF = 0.616806)
	Number of nodes: 403394
	Number of allocated nodes: 403456
	Number of edges: 3387388
	Maximum in degree: 2751 (node 1041)
	Maximum out degree: 10 (node 0)
	source 0 (node 0) with out degree 10
	target 194 (node 1041) with in degree 2751

Execution time and memory used at after iteration 364 (MF = 0.616806): 2.600141e+05 seconds, 3291934720 bytes of memory usage, 4842880 kB of memory peak and 3-00:13:46 elapsed time
Statistics on the network after iteration 364 (MF = 0.616806)
	Number of nodes: 403394
	Number of allocated nodes: 403456
	Number of edges: 3387388
	Maximum in degree: 2751 (node 1041)
	Maximum out degree: 10 (node 0)
	source 0 (node 0) with out degree 10
	target 194 (node 1041) with in degree 2751

Execution time and memory used at after iteration 365 (MF = 0.616806): 2.607435e+05 seconds, 3291934720 bytes of memory usage, 4842880 kB of memory peak and 3-00:25:56 elapsed time
Statistics on the network after iteration 365 (MF = 0.616806)
	Number of nodes: 403394
	Number of allocated nodes: 403456
	Number of edges: 3387388
	Maximum in degree: 2751 (node 1041)
	Maximum out degree: 10 (node 0)
	source 0 (node 0) with out degree 10
	target 194 (node 1041) with in degree 2751

Execution time and memory used at after iteration 366 (MF = 0.616806): 2.614648e+05 seconds, 3291934720 bytes of memory usage, 4842888 kB of memory peak and 3-00:37:57 elapsed time
Statistics on the network after iteration 366 (MF = 0.616806)
	Number of nodes: 403394
	Number of allocated nodes: 403456
	Number of edges: 3387388
	Maximum in degree: 2751 (node 1041)
	Maximum out degree: 10 (node 0)
	source 0 (node 0) with out degree 10
	target 194 (node 1041) with in degree 2751

Execution time and memory used at after iteration 367 (MF = 0.616806): 2.621876e+05 seconds, 3291934720 bytes of memory usage, 4842896 kB of memory peak and 3-00:50:00 elapsed time
Statistics on the network after iteration 367 (MF = 0.616806)
	Number of nodes: 403394
	Number of allocated nodes: 403456
	Number of edges: 3387388
	Maximum in degree: 2751 (node 1041)
	Maximum out degree: 10 (node 0)
	source 0 (node 0) with out degree 10
	target 194 (node 1041) with in degree 2751

Execution time and memory used at after iteration 368 (MF = 0.616806): 2.629114e+05 seconds, 3291934720 bytes of memory usage, 4842904 kB of memory peak and 3-01:02:04 elapsed time
Statistics on the network after iteration 368 (MF = 0.616806)
	Number of nodes: 403394
	Number of allocated nodes: 403456
	Number of edges: 3387388
	Maximum in degree: 2751 (node 1041)
	Maximum out degree: 10 (node 0)
	source 0 (node 0) with out degree 10
	target 194 (node 1041) with in degree 2751

Execution time and memory used at after iteration 369 (MF = 0.597247): 2.636318e+05 seconds, 3291934720 bytes of memory usage, 4842904 kB of memory peak and 3-01:14:04 elapsed time
Statistics on the network after iteration 369 (MF = 0.597247)
	Number of nodes: 403394
	Number of allocated nodes: 403456
	Number of edges: 3387388
	Maximum in degree: 2751 (node 1041)
	Maximum out degree: 10 (node 0)
	source 0 (node 0) with out degree 10
	target 194 (node 1041) with in degree 2751

Execution time and memory used at after iteration 370 (MF = 0.597247): 2.643593e+05 seconds, 3291934720 bytes of memory usage, 4842916 kB of memory peak and 3-01:26:12 elapsed time
Statistics on the network after iteration 370 (MF = 0.597247)
	Number of nodes: 403394
	Number of allocated nodes: 403456
	Number of edges: 3387388
	Maximum in degree: 2751 (node 1041)
	Maximum out degree: 10 (node 0)
	source 0 (node 0) with out degree 10
	target 194 (node 1041) with in degree 2751

Execution time and memory used at after iteration 371 (MF = 0.597247): 2.650861e+05 seconds, 3291934720 bytes of memory usage, 4842916 kB of memory peak and 3-01:38:19 elapsed time
Statistics on the network after iteration 371 (MF = 0.597247)
	Number of nodes: 403394
	Number of allocated nodes: 403456
	Number of edges: 3387388
	Maximum in degree: 2751 (node 1041)
	Maximum out degree: 10 (node 0)
	source 0 (node 0) with out degree 10
	target 194 (node 1041) with in degree 2751

Execution time and memory used at after iteration 372 (MF = 0.597247): 2.657224e+05 seconds, 3291934720 bytes of memory usage, 4842916 kB of memory peak and 3-01:48:55 elapsed time
Statistics on the network after iteration 372 (MF = 0.597247)
	Number of nodes: 403394
	Number of allocated nodes: 403456
	Number of edges: 3387388
	Maximum in degree: 2751 (node 1041)
	Maximum out degree: 10 (node 0)
	source 0 (node 0) with out degree 10
	target 194 (node 1041) with in degree 2751

Execution time and memory used at after iteration 373 (MF = 0.597247): 2.664574e+05 seconds, 3291934720 bytes of memory usage, 4842916 kB of memory peak and 3-02:01:10 elapsed time
Statistics on the network after iteration 373 (MF = 0.597247)
	Number of nodes: 403394
	Number of allocated nodes: 403456
	Number of edges: 3387388
	Maximum in degree: 2751 (node 1041)
	Maximum out degree: 10 (node 0)
	source 0 (node 0) with out degree 10
	target 194 (node 1041) with in degree 2751

Execution time and memory used at after iteration 374 (MF = 0.597247): 2.671807e+05 seconds, 3291934720 bytes of memory usage, 4842916 kB of memory peak and 3-02:13:13 elapsed time
Statistics on the network after iteration 374 (MF = 0.597247)
	Number of nodes: 403394
	Number of allocated nodes: 403456
	Number of edges: 3387388
	Maximum in degree: 2751 (node 1041)
	Maximum out degree: 10 (node 0)
	source 0 (node 0) with out degree 10
	target 194 (node 1041) with in degree 2751

Execution time and memory used at after iteration 375 (MF = 0.597247): 2.679254e+05 seconds, 3291934720 bytes of memory usage, 4842916 kB of memory peak and 3-02:25:38 elapsed time
Statistics on the network after iteration 375 (MF = 0.597247)
	Number of nodes: 403394
	Number of allocated nodes: 403456
	Number of edges: 3387388
	Maximum in degree: 2751 (node 1041)
	Maximum out degree: 10 (node 0)
	source 0 (node 0) with out degree 10
	target 194 (node 1041) with in degree 2751

Execution time and memory used at after iteration 376 (MF = 0.597247): 2.686509e+05 seconds, 3291934720 bytes of memory usage, 4842916 kB of memory peak and 3-02:37:43 elapsed time
Statistics on the network after iteration 376 (MF = 0.597247)
	Number of nodes: 403394
	Number of allocated nodes: 403456
	Number of edges: 3387388
	Maximum in degree: 2751 (node 1041)
	Maximum out degree: 10 (node 0)
	source 0 (node 0) with out degree 10
	target 194 (node 1041) with in degree 2751

Execution time and memory used at after iteration 377 (MF = 0.597247): 2.693772e+05 seconds, 3291934720 bytes of memory usage, 4842916 kB of memory peak and 3-02:49:50 elapsed time
Statistics on the network after iteration 377 (MF = 0.597247)
	Number of nodes: 403394
	Number of allocated nodes: 403456
	Number of edges: 3387388
	Maximum in degree: 2751 (node 1041)
	Maximum out degree: 10 (node 0)
	source 0 (node 0) with out degree 10
	target 194 (node 1041) with in degree 2751

Execution time and memory used at after iteration 378 (MF = 0.597247): 2.701012e+05 seconds, 3291934720 bytes of memory usage, 4842916 kB of memory peak and 3-03:01:54 elapsed time
Statistics on the network after iteration 378 (MF = 0.597247)
	Number of nodes: 403394
	Number of allocated nodes: 403456
	Number of edges: 3387388
	Maximum in degree: 2751 (node 1041)
	Maximum out degree: 10 (node 0)
	source 0 (node 0) with out degree 10
	target 194 (node 1041) with in degree 2751

Execution time and memory used at after iteration 379 (MF = 0.597247): 2.708328e+05 seconds, 3291934720 bytes of memory usage, 4842932 kB of memory peak and 3-03:14:05 elapsed time
Statistics on the network after iteration 379 (MF = 0.597247)
	Number of nodes: 403394
	Number of allocated nodes: 403456
	Number of edges: 3387388
	Maximum in degree: 2751 (node 1041)
	Maximum out degree: 10 (node 0)
	source 0 (node 0) with out degree 10
	target 194 (node 1041) with in degree 2751

Execution time and memory used at after iteration 380 (MF = 0.597247): 2.715750e+05 seconds, 3291934720 bytes of memory usage, 4842940 kB of memory peak and 3-03:26:28 elapsed time
Statistics on the network after iteration 380 (MF = 0.597247)
	Number of nodes: 403394
	Number of allocated nodes: 403456
	Number of edges: 3387388
	Maximum in degree: 2751 (node 1041)
	Maximum out degree: 10 (node 0)
	source 0 (node 0) with out degree 10
	target 194 (node 1041) with in degree 2751

Execution time and memory used at after iteration 381 (MF = 0.597247): 2.723035e+05 seconds, 3291934720 bytes of memory usage, 4842948 kB of memory peak and 3-03:38:36 elapsed time
Statistics on the network after iteration 381 (MF = 0.597247)
	Number of nodes: 403394
	Number of allocated nodes: 403456
	Number of edges: 3387388
	Maximum in degree: 2751 (node 1041)
	Maximum out degree: 10 (node 0)
	source 0 (node 0) with out degree 10
	target 194 (node 1041) with in degree 2751

Execution time and memory used at after iteration 382 (MF = 0.597247): 2.730316e+05 seconds, 3291934720 bytes of memory usage, 4842948 kB of memory peak and 3-03:50:44 elapsed time
Statistics on the network after iteration 382 (MF = 0.597247)
	Number of nodes: 403394
	Number of allocated nodes: 403456
	Number of edges: 3387388
	Maximum in degree: 2751 (node 1041)
	Maximum out degree: 10 (node 0)
	source 0 (node 0) with out degree 10
	target 194 (node 1041) with in degree 2751

Execution time and memory used at after iteration 383 (MF = 0.597247): 2.737658e+05 seconds, 3291934720 bytes of memory usage, 4842972 kB of memory peak and 3-04:02:59 elapsed time
Statistics on the network after iteration 383 (MF = 0.597247)
	Number of nodes: 403394
	Number of allocated nodes: 403456
	Number of edges: 3387388
	Maximum in degree: 2751 (node 1041)
	Maximum out degree: 10 (node 0)
	source 0 (node 0) with out degree 10
	target 194 (node 1041) with in degree 2751

Execution time and memory used at after iteration 384 (MF = 0.597247): 2.744948e+05 seconds, 3291934720 bytes of memory usage, 4842980 kB of memory peak and 3-04:15:08 elapsed time
Statistics on the network after iteration 384 (MF = 0.597247)
	Number of nodes: 403394
	Number of allocated nodes: 403456
	Number of edges: 3387388
	Maximum in degree: 2751 (node 1041)
	Maximum out degree: 10 (node 0)
	source 0 (node 0) with out degree 10
	target 194 (node 1041) with in degree 2751

Execution time and memory used at after iteration 385 (MF = 0.597247): 2.752238e+05 seconds, 3291934720 bytes of memory usage, 4842984 kB of memory peak and 3-04:27:17 elapsed time
Statistics on the network after iteration 385 (MF = 0.597247)
	Number of nodes: 403394
	Number of allocated nodes: 403456
	Number of edges: 3387388
	Maximum in degree: 2751 (node 1041)
	Maximum out degree: 10 (node 0)
	source 0 (node 0) with out degree 10
	target 194 (node 1041) with in degree 2751

Execution time and memory used at after iteration 386 (MF = 0.597247): 2.759524e+05 seconds, 3291934720 bytes of memory usage, 4842984 kB of memory peak and 3-04:39:25 elapsed time
Statistics on the network after iteration 386 (MF = 0.597247)
	Number of nodes: 403394
	Number of allocated nodes: 403456
	Number of edges: 3387388
	Maximum in degree: 2751 (node 1041)
	Maximum out degree: 10 (node 0)
	source 0 (node 0) with out degree 10
	target 194 (node 1041) with in degree 2751

Execution time and memory used at after iteration 387 (MF = 0.597247): 2.766818e+05 seconds, 3291934720 bytes of memory usage, 4842992 kB of memory peak and 3-04:51:35 elapsed time
Statistics on the network after iteration 387 (MF = 0.597247)
	Number of nodes: 403394
	Number of allocated nodes: 403456
	Number of edges: 3387388
	Maximum in degree: 2751 (node 1041)
	Maximum out degree: 10 (node 0)
	source 0 (node 0) with out degree 10
	target 194 (node 1041) with in degree 2751

Execution time and memory used at after iteration 388 (MF = 0.597247): 2.774182e+05 seconds, 3291934720 bytes of memory usage, 4843000 kB of memory peak and 3-05:03:51 elapsed time
Statistics on the network after iteration 388 (MF = 0.597247)
	Number of nodes: 403394
	Number of allocated nodes: 403456
	Number of edges: 3387388
	Maximum in degree: 2751 (node 1041)
	Maximum out degree: 10 (node 0)
	source 0 (node 0) with out degree 10
	target 194 (node 1041) with in degree 2751

Execution time and memory used at after iteration 389 (MF = 0.597247): 2.781552e+05 seconds, 3291934720 bytes of memory usage, 4843000 kB of memory peak and 3-05:16:08 elapsed time
Statistics on the network after iteration 389 (MF = 0.597247)
	Number of nodes: 403394
	Number of allocated nodes: 403456
	Number of edges: 3387388
	Maximum in degree: 2751 (node 1041)
	Maximum out degree: 10 (node 0)
	source 0 (node 0) with out degree 10
	target 194 (node 1041) with in degree 2751

Execution time and memory used at after iteration 390 (MF = 0.597247): 2.788876e+05 seconds, 3291934720 bytes of memory usage, 4843008 kB of memory peak and 3-05:28:21 elapsed time
Statistics on the network after iteration 390 (MF = 0.597247)
	Number of nodes: 403394
	Number of allocated nodes: 403456
	Number of edges: 3387388
	Maximum in degree: 2751 (node 1041)
	Maximum out degree: 10 (node 0)
	source 0 (node 0) with out degree 10
	target 194 (node 1041) with in degree 2751

Execution time and memory used at after iteration 391 (MF = 0.597247): 2.796190e+05 seconds, 3291934720 bytes of memory usage, 4843016 kB of memory peak and 3-05:40:32 elapsed time
Statistics on the network after iteration 391 (MF = 0.597247)
	Number of nodes: 403394
	Number of allocated nodes: 403456
	Number of edges: 3387388
	Maximum in degree: 2751 (node 1041)
	Maximum out degree: 10 (node 0)
	source 0 (node 0) with out degree 10
	target 194 (node 1041) with in degree 2751

Execution time and memory used at after iteration 392 (MF = 0.597247): 2.803574e+05 seconds, 3291934720 bytes of memory usage, 4843016 kB of memory peak and 3-05:52:50 elapsed time
Statistics on the network after iteration 392 (MF = 0.597247)
	Number of nodes: 403394
	Number of allocated nodes: 403456
	Number of edges: 3387388
	Maximum in degree: 2751 (node 1041)
	Maximum out degree: 10 (node 0)
	source 0 (node 0) with out degree 10
	target 194 (node 1041) with in degree 2751

Execution time and memory used at after iteration 393 (MF = 0.597247): 2.810949e+05 seconds, 3291934720 bytes of memory usage, 4843032 kB of memory peak and 3-06:05:08 elapsed time
Statistics on the network after iteration 393 (MF = 0.597247)
	Number of nodes: 403394
	Number of allocated nodes: 403456
	Number of edges: 3387388
	Maximum in degree: 2751 (node 1041)
	Maximum out degree: 10 (node 0)
	source 0 (node 0) with out degree 10
	target 194 (node 1041) with in degree 2751

Execution time and memory used at after iteration 394 (MF = 0.597247): 2.818272e+05 seconds, 3291934720 bytes of memory usage, 4843040 kB of memory peak and 3-06:17:20 elapsed time
Statistics on the network after iteration 394 (MF = 0.597247)
	Number of nodes: 403394
	Number of allocated nodes: 403456
	Number of edges: 3387388
	Maximum in degree: 2751 (node 1041)
	Maximum out degree: 10 (node 0)
	source 0 (node 0) with out degree 10
	target 194 (node 1041) with in degree 2751

Execution time and memory used at after iteration 395 (MF = 0.597247): 2.825599e+05 seconds, 3291934720 bytes of memory usage, 4843048 kB of memory peak and 3-06:29:33 elapsed time
Statistics on the network after iteration 395 (MF = 0.597247)
	Number of nodes: 403394
	Number of allocated nodes: 403456
	Number of edges: 3387388
	Maximum in degree: 2751 (node 1041)
	Maximum out degree: 10 (node 0)
	source 0 (node 0) with out degree 10
	target 194 (node 1041) with in degree 2751

Execution time and memory used at after iteration 396 (MF = 0.597247): 2.832927e+05 seconds, 3291934720 bytes of memory usage, 4843048 kB of memory peak and 3-06:41:46 elapsed time
Statistics on the network after iteration 396 (MF = 0.597247)
	Number of nodes: 403394
	Number of allocated nodes: 403456
	Number of edges: 3387388
	Maximum in degree: 2751 (node 1041)
	Maximum out degree: 10 (node 0)
	source 0 (node 0) with out degree 10
	target 194 (node 1041) with in degree 2751

Execution time and memory used at after iteration 397 (MF = 0.597247): 2.840268e+05 seconds, 3291934720 bytes of memory usage, 4843056 kB of memory peak and 3-06:54:00 elapsed time
Statistics on the network after iteration 397 (MF = 0.597247)
	Number of nodes: 403394
	Number of allocated nodes: 403456
	Number of edges: 3387388
	Maximum in degree: 2751 (node 1041)
	Maximum out degree: 10 (node 0)
	source 0 (node 0) with out degree 10
	target 194 (node 1041) with in degree 2751

Execution time and memory used at after iteration 398 (MF = 0.597247): 2.847611e+05 seconds, 3291934720 bytes of memory usage, 4843064 kB of memory peak and 3-07:06:14 elapsed time
Statistics on the network after iteration 398 (MF = 0.597247)
	Number of nodes: 403394
	Number of allocated nodes: 403456
	Number of edges: 3387388
	Maximum in degree: 2751 (node 1041)
	Maximum out degree: 10 (node 0)
	source 0 (node 0) with out degree 10
	target 194 (node 1041) with in degree 2751

Execution time and memory used at after iteration 399 (MF = 0.597247): 2.854944e+05 seconds, 3291934720 bytes of memory usage, 4843072 kB of memory peak and 3-07:18:28 elapsed time
Statistics on the network after iteration 399 (MF = 0.597247)
	Number of nodes: 403394
	Number of allocated nodes: 403456
	Number of edges: 3387388
	Maximum in degree: 2751 (node 1041)
	Maximum out degree: 10 (node 0)
	source 0 (node 0) with out degree 10
	target 194 (node 1041) with in degree 2751

Execution time and memory used at after iteration 400 (MF = 0.597247): 2.862279e+05 seconds, 3291934720 bytes of memory usage, 4843072 kB of memory peak and 3-07:30:41 elapsed time
Statistics on the network after iteration 400 (MF = 0.597247)
	Number of nodes: 403394
	Number of allocated nodes: 403456
	Number of edges: 3387388
	Maximum in degree: 2751 (node 1041)
	Maximum out degree: 10 (node 0)
	source 0 (node 0) with out degree 10
	target 194 (node 1041) with in degree 2751

Execution time and memory used at after iteration 401 (MF = 0.597247): 2.869630e+05 seconds, 3291934720 bytes of memory usage, 4843088 kB of memory peak and 3-07:42:56 elapsed time
Statistics on the network after iteration 401 (MF = 0.597247)
	Number of nodes: 403394
	Number of allocated nodes: 403456
	Number of edges: 3387388
	Maximum in degree: 2751 (node 1041)
	Maximum out degree: 10 (node 0)
	source 0 (node 0) with out degree 10
	target 194 (node 1041) with in degree 2751

Execution time and memory used at after iteration 402 (MF = 0.597247): 2.876974e+05 seconds, 3291934720 bytes of memory usage, 4843096 kB of memory peak and 3-07:55:11 elapsed time
Statistics on the network after iteration 402 (MF = 0.597247)
	Number of nodes: 403394
	Number of allocated nodes: 403456
	Number of edges: 3387388
	Maximum in degree: 2751 (node 1041)
	Maximum out degree: 10 (node 0)
	source 0 (node 0) with out degree 10
	target 194 (node 1041) with in degree 2751

Execution time and memory used at after iteration 403 (MF = 0.597247): 2.884415e+05 seconds, 3291934720 bytes of memory usage, 4843104 kB of memory peak and 3-08:07:35 elapsed time
Statistics on the network after iteration 403 (MF = 0.597247)
	Number of nodes: 403394
	Number of allocated nodes: 403456
	Number of edges: 3387388
	Maximum in degree: 2751 (node 1041)
	Maximum out degree: 10 (node 0)
	source 0 (node 0) with out degree 10
	target 194 (node 1041) with in degree 2751

Execution time and memory used at after iteration 404 (MF = 0.616806): 2.891877e+05 seconds, 3291934720 bytes of memory usage, 4843104 kB of memory peak and 3-08:20:01 elapsed time
Statistics on the network after iteration 404 (MF = 0.616806)
	Number of nodes: 403394
	Number of allocated nodes: 403456
	Number of edges: 3387388
	Maximum in degree: 2751 (node 1041)
	Maximum out degree: 10 (node 0)
	source 0 (node 0) with out degree 10
	target 194 (node 1041) with in degree 2751

Execution time and memory used at after iteration 405 (MF = 0.616806): 2.899367e+05 seconds, 3291934720 bytes of memory usage, 4843112 kB of memory peak and 3-08:32:30 elapsed time
Statistics on the network after iteration 405 (MF = 0.616806)
	Number of nodes: 403394
	Number of allocated nodes: 403456
	Number of edges: 3387388
	Maximum in degree: 2751 (node 1041)
	Maximum out degree: 10 (node 0)
	source 0 (node 0) with out degree 10
	target 194 (node 1041) with in degree 2751

Execution time and memory used at after iteration 406 (MF = 0.616806): 2.906887e+05 seconds, 3291934720 bytes of memory usage, 4843128 kB of memory peak and 3-08:45:02 elapsed time
Statistics on the network after iteration 406 (MF = 0.616806)
	Number of nodes: 403394
	Number of allocated nodes: 403456
	Number of edges: 3387388
	Maximum in degree: 2751 (node 1041)
	Maximum out degree: 10 (node 0)
	source 0 (node 0) with out degree 10
	target 194 (node 1041) with in degree 2751

Execution time and memory used at after iteration 407 (MF = 0.616806): 2.914352e+05 seconds, 3291934720 bytes of memory usage, 4843136 kB of memory peak and 3-08:57:28 elapsed time
Statistics on the network after iteration 407 (MF = 0.616806)
	Number of nodes: 403394
	Number of allocated nodes: 403456
	Number of edges: 3387388
	Maximum in degree: 2751 (node 1041)
	Maximum out degree: 10 (node 0)
	source 0 (node 0) with out degree 10
	target 194 (node 1041) with in degree 2751

Execution time and memory used at after iteration 408 (MF = 0.616806): 2.922010e+05 seconds, 3291934720 bytes of memory usage, 4843192 kB of memory peak and 3-09:10:14 elapsed time
Statistics on the network after iteration 408 (MF = 0.616806)
	Number of nodes: 403394
	Number of allocated nodes: 403456
	Number of edges: 3387388
	Maximum in degree: 2751 (node 1041)
	Maximum out degree: 10 (node 0)
	source 0 (node 0) with out degree 10
	target 194 (node 1041) with in degree 2751

Execution time and memory used at after iteration 409 (MF = 0.616806): 2.929500e+05 seconds, 3291934720 bytes of memory usage, 4843192 kB of memory peak and 3-09:22:43 elapsed time
Statistics on the network after iteration 409 (MF = 0.616806)
	Number of nodes: 403394
	Number of allocated nodes: 403456
	Number of edges: 3387388
	Maximum in degree: 2751 (node 1041)
	Maximum out degree: 10 (node 0)
	source 0 (node 0) with out degree 10
	target 194 (node 1041) with in degree 2751

Execution time and memory used at after iteration 410 (MF = 0.616806): 2.936993e+05 seconds, 3291934720 bytes of memory usage, 4843192 kB of memory peak and 3-09:35:13 elapsed time
Statistics on the network after iteration 410 (MF = 0.616806)
	Number of nodes: 403394
	Number of allocated nodes: 403456
	Number of edges: 3387388
	Maximum in degree: 2751 (node 1041)
	Maximum out degree: 10 (node 0)
	source 0 (node 0) with out degree 10
	target 194 (node 1041) with in degree 2751

Execution time and memory used at after iteration 411 (MF = 0.616806): 2.944466e+05 seconds, 3291934720 bytes of memory usage, 4843192 kB of memory peak and 3-09:47:40 elapsed time
Statistics on the network after iteration 411 (MF = 0.616806)
	Number of nodes: 403394
	Number of allocated nodes: 403456
	Number of edges: 3387388
	Maximum in degree: 2751 (node 1041)
	Maximum out degree: 10 (node 0)
	source 0 (node 0) with out degree 10
	target 194 (node 1041) with in degree 2751

Execution time and memory used at after iteration 412 (MF = 0.616806): 2.952138e+05 seconds, 3291934720 bytes of memory usage, 4843216 kB of memory peak and 3-10:00:27 elapsed time
Statistics on the network after iteration 412 (MF = 0.616806)
	Number of nodes: 403394
	Number of allocated nodes: 403456
	Number of edges: 3387388
	Maximum in degree: 2751 (node 1041)
	Maximum out degree: 10 (node 0)
	source 0 (node 0) with out degree 10
	target 194 (node 1041) with in degree 2751

Execution time and memory used at after iteration 413 (MF = 0.616806): 2.959813e+05 seconds, 3291934720 bytes of memory usage, 4843224 kB of memory peak and 3-10:13:15 elapsed time
Statistics on the network after iteration 413 (MF = 0.616806)
	Number of nodes: 403394
	Number of allocated nodes: 403456
	Number of edges: 3387388
	Maximum in degree: 2751 (node 1041)
	Maximum out degree: 10 (node 0)
	source 0 (node 0) with out degree 10
	target 194 (node 1041) with in degree 2751

Execution time and memory used at after iteration 414 (MF = 0.597247): 2.967356e+05 seconds, 3291934720 bytes of memory usage, 4843224 kB of memory peak and 3-10:25:49 elapsed time
Statistics on the network after iteration 414 (MF = 0.597247)
	Number of nodes: 403394
	Number of allocated nodes: 403456
	Number of edges: 3387388
	Maximum in degree: 2751 (node 1041)
	Maximum out degree: 10 (node 0)
	source 0 (node 0) with out degree 10
	target 194 (node 1041) with in degree 2751

Execution time and memory used at after iteration 415 (MF = 0.616806): 2.974839e+05 seconds, 3291934720 bytes of memory usage, 4843224 kB of memory peak and 3-10:38:17 elapsed time
Statistics on the network after iteration 415 (MF = 0.616806)
	Number of nodes: 403394
	Number of allocated nodes: 403456
	Number of edges: 3387388
	Maximum in degree: 2751 (node 1041)
	Maximum out degree: 10 (node 0)
	source 0 (node 0) with out degree 10
	target 194 (node 1041) with in degree 2751

Execution time and memory used at after iteration 416 (MF = 0.616806): 2.982323e+05 seconds, 3291934720 bytes of memory usage, 4843224 kB of memory peak and 3-10:50:46 elapsed time
Statistics on the network after iteration 416 (MF = 0.616806)
	Number of nodes: 403394
	Number of allocated nodes: 403456
	Number of edges: 3387388
	Maximum in degree: 2751 (node 1041)
	Maximum out degree: 10 (node 0)
	source 0 (node 0) with out degree 10
	target 194 (node 1041) with in degree 2751

Execution time and memory used at after iteration 417 (MF = 0.616806): 2.990037e+05 seconds, 3291934720 bytes of memory usage, 4843256 kB of memory peak and 3-11:03:37 elapsed time
Statistics on the network after iteration 417 (MF = 0.616806)
	Number of nodes: 403394
	Number of allocated nodes: 403456
	Number of edges: 3387388
	Maximum in degree: 2751 (node 1041)
	Maximum out degree: 10 (node 0)
	source 0 (node 0) with out degree 10
	target 194 (node 1041) with in degree 2751

Execution time and memory used at after iteration 418 (MF = 0.597247): 2.996893e+05 seconds, 3291934720 bytes of memory usage, 4843264 kB of memory peak and 3-11:15:03 elapsed time
Statistics on the network after iteration 418 (MF = 0.597247)
	Number of nodes: 403394
	Number of allocated nodes: 403456
	Number of edges: 3387388
	Maximum in degree: 2751 (node 1041)
	Maximum out degree: 10 (node 0)
	source 0 (node 0) with out degree 10
	target 194 (node 1041) with in degree 2751

Execution time and memory used at after iteration 419 (MF = 0.597247): 3.004479e+05 seconds, 3291934720 bytes of memory usage, 4843264 kB of memory peak and 3-11:27:42 elapsed time
Statistics on the network after iteration 419 (MF = 0.597247)
	Number of nodes: 403394
	Number of allocated nodes: 403456
	Number of edges: 3387388
	Maximum in degree: 2751 (node 1041)
	Maximum out degree: 10 (node 0)
	source 0 (node 0) with out degree 10
	target 194 (node 1041) with in degree 2751

Execution time and memory used at after iteration 420 (MF = 0.616806): 3.012243e+05 seconds, 3291934720 bytes of memory usage, 4843288 kB of memory peak and 3-11:40:38 elapsed time
Statistics on the network after iteration 420 (MF = 0.616806)
	Number of nodes: 403394
	Number of allocated nodes: 403456
	Number of edges: 3387388
	Maximum in degree: 2751 (node 1041)
	Maximum out degree: 10 (node 0)
	source 0 (node 0) with out degree 10
	target 194 (node 1041) with in degree 2751

Execution time and memory used at after iteration 421 (MF = 0.597247): 3.020039e+05 seconds, 3291934720 bytes of memory usage, 4843300 kB of memory peak and 3-11:53:38 elapsed time
Statistics on the network after iteration 421 (MF = 0.597247)
	Number of nodes: 403394
	Number of allocated nodes: 403456
	Number of edges: 3387388
	Maximum in degree: 2751 (node 1041)
	Maximum out degree: 10 (node 0)
	source 0 (node 0) with out degree 10
	target 194 (node 1041) with in degree 2751

Execution time and memory used at after iteration 422 (MF = 0.597247): 3.027917e+05 seconds, 3291934720 bytes of memory usage, 4843300 kB of memory peak and 3-12:06:45 elapsed time
Statistics on the network after iteration 422 (MF = 0.597247)
	Number of nodes: 403394
	Number of allocated nodes: 403456
	Number of edges: 3387388
	Maximum in degree: 2751 (node 1041)
	Maximum out degree: 10 (node 0)
	source 0 (node 0) with out degree 10
	target 194 (node 1041) with in degree 2751

Execution time and memory used at after iteration 423 (MF = 0.616806): 3.035729e+05 seconds, 3291934720 bytes of memory usage, 4843300 kB of memory peak and 3-12:19:47 elapsed time
Statistics on the network after iteration 423 (MF = 0.616806)
	Number of nodes: 403394
	Number of allocated nodes: 403456
	Number of edges: 3387388
	Maximum in degree: 2751 (node 1041)
	Maximum out degree: 10 (node 0)
	source 0 (node 0) with out degree 10
	target 194 (node 1041) with in degree 2751

Execution time and memory used at after iteration 424 (MF = 0.616806): 3.043627e+05 seconds, 3291934720 bytes of memory usage, 4843324 kB of memory peak and 3-12:32:56 elapsed time
Statistics on the network after iteration 424 (MF = 0.616806)
	Number of nodes: 403394
	Number of allocated nodes: 403456
	Number of edges: 3387388
	Maximum in degree: 2751 (node 1041)
	Maximum out degree: 10 (node 0)
	source 0 (node 0) with out degree 10
	target 194 (node 1041) with in degree 2751

Execution time and memory used at after iteration 425 (MF = 0.616806): 3.051460e+05 seconds, 3291934720 bytes of memory usage, 4843332 kB of memory peak and 3-12:46:00 elapsed time
Statistics on the network after iteration 425 (MF = 0.616806)
	Number of nodes: 403394
	Number of allocated nodes: 403456
	Number of edges: 3387388
	Maximum in degree: 2751 (node 1041)
	Maximum out degree: 10 (node 0)
	source 0 (node 0) with out degree 10
	target 194 (node 1041) with in degree 2751

Execution time and memory used at after iteration 426 (MF = 0.616806): 3.059451e+05 seconds, 3291934720 bytes of memory usage, 4843332 kB of memory peak and 3-12:59:19 elapsed time
Statistics on the network after iteration 426 (MF = 0.616806)
	Number of nodes: 403394
	Number of allocated nodes: 403456
	Number of edges: 3387388
	Maximum in degree: 2751 (node 1041)
	Maximum out degree: 10 (node 0)
	source 0 (node 0) with out degree 10
	target 194 (node 1041) with in degree 2751

Execution time and memory used at after iteration 427 (MF = 0.597247): 3.067396e+05 seconds, 3291934720 bytes of memory usage, 4843340 kB of memory peak and 3-13:12:33 elapsed time
Statistics on the network after iteration 427 (MF = 0.597247)
	Number of nodes: 403394
	Number of allocated nodes: 403456
	Number of edges: 3387388
	Maximum in degree: 2751 (node 1041)
	Maximum out degree: 10 (node 0)
	source 0 (node 0) with out degree 10
	target 194 (node 1041) with in degree 2751

Execution time and memory used at after iteration 428 (MF = 0.616806): 3.075278e+05 seconds, 3291934720 bytes of memory usage, 4843348 kB of memory peak and 3-13:25:42 elapsed time
Statistics on the network after iteration 428 (MF = 0.616806)
	Number of nodes: 403394
	Number of allocated nodes: 403456
	Number of edges: 3387388
	Maximum in degree: 2751 (node 1041)
	Maximum out degree: 10 (node 0)
	source 0 (node 0) with out degree 10
	target 194 (node 1041) with in degree 2751

Execution time and memory used at after iteration 429 (MF = 0.616806): 3.083159e+05 seconds, 3291934720 bytes of memory usage, 4843356 kB of memory peak and 3-13:38:50 elapsed time
Statistics on the network after iteration 429 (MF = 0.616806)
	Number of nodes: 403394
	Number of allocated nodes: 403456
	Number of edges: 3387388
	Maximum in degree: 2751 (node 1041)
	Maximum out degree: 10 (node 0)
	source 0 (node 0) with out degree 10
	target 194 (node 1041) with in degree 2751

Execution time and memory used at after iteration 430 (MF = 0.616806): 3.091069e+05 seconds, 3291934720 bytes of memory usage, 4843356 kB of memory peak and 3-13:52:01 elapsed time
Statistics on the network after iteration 430 (MF = 0.616806)
	Number of nodes: 403394
	Number of allocated nodes: 403456
	Number of edges: 3387388
	Maximum in degree: 2751 (node 1041)
	Maximum out degree: 10 (node 0)
	source 0 (node 0) with out degree 10
	target 194 (node 1041) with in degree 2751

Execution time and memory used at after iteration 431 (MF = 0.616806): 3.099064e+05 seconds, 3291934720 bytes of memory usage, 4843364 kB of memory peak and 3-14:05:20 elapsed time
Statistics on the network after iteration 431 (MF = 0.616806)
	Number of nodes: 403394
	Number of allocated nodes: 403456
	Number of edges: 3387388
	Maximum in degree: 2751 (node 1041)
	Maximum out degree: 10 (node 0)
	source 0 (node 0) with out degree 10
	target 194 (node 1041) with in degree 2751

Execution time and memory used at after iteration 432 (MF = 0.597247): 3.107081e+05 seconds, 3291934720 bytes of memory usage, 4843372 kB of memory peak and 3-14:18:42 elapsed time
Statistics on the network after iteration 432 (MF = 0.597247)
	Number of nodes: 403394
	Number of allocated nodes: 403456
	Number of edges: 3387388
	Maximum in degree: 2751 (node 1041)
	Maximum out degree: 10 (node 0)
	source 0 (node 0) with out degree 10
	target 194 (node 1041) with in degree 2751

Execution time and memory used at after iteration 433 (MF = 0.597247): 3.115154e+05 seconds, 3291934720 bytes of memory usage, 4843380 kB of memory peak and 3-14:32:09 elapsed time
Statistics on the network after iteration 433 (MF = 0.597247)
	Number of nodes: 403394
	Number of allocated nodes: 403456
	Number of edges: 3387388
	Maximum in degree: 2751 (node 1041)
	Maximum out degree: 10 (node 0)
	source 0 (node 0) with out degree 10
	target 194 (node 1041) with in degree 2751

Execution time and memory used at after iteration 434 (MF = 0.597247): 3.123237e+05 seconds, 3291934720 bytes of memory usage, 4843380 kB of memory peak and 3-14:45:38 elapsed time
Statistics on the network after iteration 434 (MF = 0.597247)
	Number of nodes: 403394
	Number of allocated nodes: 403456
	Number of edges: 3387388
	Maximum in degree: 2751 (node 1041)
	Maximum out degree: 10 (node 0)
	source 0 (node 0) with out degree 10
	target 194 (node 1041) with in degree 2751

Execution time and memory used at after iteration 435 (MF = 0.597247): 3.131197e+05 seconds, 3291934720 bytes of memory usage, 4843396 kB of memory peak and 3-14:58:54 elapsed time
Statistics on the network after iteration 435 (MF = 0.597247)
	Number of nodes: 403394
	Number of allocated nodes: 403456
	Number of edges: 3387388
	Maximum in degree: 2751 (node 1041)
	Maximum out degree: 10 (node 0)
	source 0 (node 0) with out degree 10
	target 194 (node 1041) with in degree 2751

Execution time and memory used at after iteration 436 (MF = 0.597247): 3.139164e+05 seconds, 3291934720 bytes of memory usage, 4843404 kB of memory peak and 3-15:12:10 elapsed time
Statistics on the network after iteration 436 (MF = 0.597247)
	Number of nodes: 403394
	Number of allocated nodes: 403456
	Number of edges: 3387388
	Maximum in degree: 2751 (node 1041)
	Maximum out degree: 10 (node 0)
	source 0 (node 0) with out degree 10
	target 194 (node 1041) with in degree 2751

Execution time and memory used at after iteration 437 (MF = 0.597247): 3.147121e+05 seconds, 3291934720 bytes of memory usage, 4843404 kB of memory peak and 3-15:25:26 elapsed time
Statistics on the network after iteration 437 (MF = 0.597247)
	Number of nodes: 403394
	Number of allocated nodes: 403456
	Number of edges: 3387388
	Maximum in degree: 2751 (node 1041)
	Maximum out degree: 10 (node 0)
	source 0 (node 0) with out degree 10
	target 194 (node 1041) with in degree 2751

Execution time and memory used at after iteration 438 (MF = 0.597247): 3.155041e+05 seconds, 3291934720 bytes of memory usage, 4843420 kB of memory peak and 3-15:38:38 elapsed time
Statistics on the network after iteration 438 (MF = 0.597247)
	Number of nodes: 403394
	Number of allocated nodes: 403456
	Number of edges: 3387388
	Maximum in degree: 2751 (node 1041)
	Maximum out degree: 10 (node 0)
	source 0 (node 0) with out degree 10
	target 194 (node 1041) with in degree 2751

Execution time and memory used at after iteration 439 (MF = 0.616806): 3.162976e+05 seconds, 3291934720 bytes of memory usage, 4843428 kB of memory peak and 3-15:51:52 elapsed time
Statistics on the network after iteration 439 (MF = 0.616806)
	Number of nodes: 403394
	Number of allocated nodes: 403456
	Number of edges: 3387388
	Maximum in degree: 2751 (node 1041)
	Maximum out degree: 10 (node 0)
	source 0 (node 0) with out degree 10
	target 194 (node 1041) with in degree 2751

Execution time and memory used at after iteration 440 (MF = 0.597247): 3.170966e+05 seconds, 3291934720 bytes of memory usage, 4843428 kB of memory peak and 3-16:05:11 elapsed time
Statistics on the network after iteration 440 (MF = 0.597247)
	Number of nodes: 403394
	Number of allocated nodes: 403456
	Number of edges: 3387388
	Maximum in degree: 2751 (node 1041)
	Maximum out degree: 10 (node 0)
	source 0 (node 0) with out degree 10
	target 194 (node 1041) with in degree 2751

Execution time and memory used at after iteration 441 (MF = 0.597247): 3.178938e+05 seconds, 3291934720 bytes of memory usage, 4843436 kB of memory peak and 3-16:18:28 elapsed time
Statistics on the network after iteration 441 (MF = 0.597247)
	Number of nodes: 403394
	Number of allocated nodes: 403456
	Number of edges: 3387388
	Maximum in degree: 2751 (node 1041)
	Maximum out degree: 10 (node 0)
	source 0 (node 0) with out degree 10
	target 194 (node 1041) with in degree 2751

Execution time and memory used at after iteration 442 (MF = 0.597247): 3.186898e+05 seconds, 3291934720 bytes of memory usage, 4843444 kB of memory peak and 3-16:31:44 elapsed time
Statistics on the network after iteration 442 (MF = 0.597247)
	Number of nodes: 403394
	Number of allocated nodes: 403456
	Number of edges: 3387388
	Maximum in degree: 2751 (node 1041)
	Maximum out degree: 10 (node 0)
	source 0 (node 0) with out degree 10
	target 194 (node 1041) with in degree 2751

Execution time and memory used at after iteration 443 (MF = 0.597247): 3.194901e+05 seconds, 3291934720 bytes of memory usage, 4843444 kB of memory peak and 3-16:45:04 elapsed time
Statistics on the network after iteration 443 (MF = 0.597247)
	Number of nodes: 403394
	Number of allocated nodes: 403456
	Number of edges: 3387388
	Maximum in degree: 2751 (node 1041)
	Maximum out degree: 10 (node 0)
	source 0 (node 0) with out degree 10
	target 194 (node 1041) with in degree 2751

Execution time and memory used at after iteration 444 (MF = 0.597247): 3.202842e+05 seconds, 3291934720 bytes of memory usage, 4843452 kB of memory peak and 3-16:58:18 elapsed time
Statistics on the network after iteration 444 (MF = 0.597247)
	Number of nodes: 403394
	Number of allocated nodes: 403456
	Number of edges: 3387388
	Maximum in degree: 2751 (node 1041)
	Maximum out degree: 10 (node 0)
	source 0 (node 0) with out degree 10
	target 194 (node 1041) with in degree 2751

Execution time and memory used at after iteration 445 (MF = 0.597247): 3.210804e+05 seconds, 3291934720 bytes of memory usage, 4843460 kB of memory peak and 3-17:11:35 elapsed time
Statistics on the network after iteration 445 (MF = 0.597247)
	Number of nodes: 403394
	Number of allocated nodes: 403456
	Number of edges: 3387388
	Maximum in degree: 2751 (node 1041)
	Maximum out degree: 10 (node 0)
	source 0 (node 0) with out degree 10
	target 194 (node 1041) with in degree 2751

Execution time and memory used at after iteration 446 (MF = 0.597247): 3.218812e+05 seconds, 3291934720 bytes of memory usage, 4843468 kB of memory peak and 3-17:24:55 elapsed time
Statistics on the network after iteration 446 (MF = 0.597247)
	Number of nodes: 403394
	Number of allocated nodes: 403456
	Number of edges: 3387388
	Maximum in degree: 2751 (node 1041)
	Maximum out degree: 10 (node 0)
	source 0 (node 0) with out degree 10
	target 194 (node 1041) with in degree 2751

Execution time and memory used at after iteration 447 (MF = 0.597247): 3.226819e+05 seconds, 3291934720 bytes of memory usage, 4843472 kB of memory peak and 3-17:38:16 elapsed time
Statistics on the network after iteration 447 (MF = 0.597247)
	Number of nodes: 403394
	Number of allocated nodes: 403456
	Number of edges: 3387388
	Maximum in degree: 2751 (node 1041)
	Maximum out degree: 10 (node 0)
	source 0 (node 0) with out degree 10
	target 194 (node 1041) with in degree 2751

Execution time and memory used at after iteration 448 (MF = 0.597247): 3.234826e+05 seconds, 3291934720 bytes of memory usage, 4843492 kB of memory peak and 3-17:51:37 elapsed time
Statistics on the network after iteration 448 (MF = 0.597247)
	Number of nodes: 403394
	Number of allocated nodes: 403456
	Number of edges: 3387388
	Maximum in degree: 2751 (node 1041)
	Maximum out degree: 10 (node 0)
	source 0 (node 0) with out degree 10
	target 194 (node 1041) with in degree 2751

Execution time and memory used at after iteration 449 (MF = 0.597247): 3.241921e+05 seconds, 3291934720 bytes of memory usage, 4843504 kB of memory peak and 3-18:03:26 elapsed time
Statistics on the network after iteration 449 (MF = 0.597247)
	Number of nodes: 403394
	Number of allocated nodes: 403456
	Number of edges: 3387388
	Maximum in degree: 2751 (node 1041)
	Maximum out degree: 10 (node 0)
	source 0 (node 0) with out degree 10
	target 194 (node 1041) with in degree 2751

Execution time and memory used at after iteration 450 (MF = 0.597247): 3.249033e+05 seconds, 3291934720 bytes of memory usage, 4843512 kB of memory peak and 3-18:15:18 elapsed time
Statistics on the network after iteration 450 (MF = 0.597247)
	Number of nodes: 403394
	Number of allocated nodes: 403456
	Number of edges: 3387388
	Maximum in degree: 2751 (node 1041)
	Maximum out degree: 10 (node 0)
	source 0 (node 0) with out degree 10
	target 194 (node 1041) with in degree 2751

Execution time and memory used at after iteration 451 (MF = 0.597247): 3.257026e+05 seconds, 3291934720 bytes of memory usage, 4843512 kB of memory peak and 3-18:28:37 elapsed time
Statistics on the network after iteration 451 (MF = 0.597247)
	Number of nodes: 403394
	Number of allocated nodes: 403456
	Number of edges: 3387388
	Maximum in degree: 2751 (node 1041)
	Maximum out degree: 10 (node 0)
	source 0 (node 0) with out degree 10
	target 194 (node 1041) with in degree 2751

Execution time and memory used at after iteration 452 (MF = 0.597247): 3.264985e+05 seconds, 3291934720 bytes of memory usage, 4843512 kB of memory peak and 3-18:41:53 elapsed time
Statistics on the network after iteration 452 (MF = 0.597247)
	Number of nodes: 403394
	Number of allocated nodes: 403456
	Number of edges: 3387388
	Maximum in degree: 2751 (node 1041)
	Maximum out degree: 10 (node 0)
	source 0 (node 0) with out degree 10
	target 194 (node 1041) with in degree 2751

Execution time and memory used at after iteration 453 (MF = 0.597247): 3.272959e+05 seconds, 3291934720 bytes of memory usage, 4843520 kB of memory peak and 3-18:55:10 elapsed time
Statistics on the network after iteration 453 (MF = 0.597247)
	Number of nodes: 403394
	Number of allocated nodes: 403456
	Number of edges: 3387388
	Maximum in degree: 2751 (node 1041)
	Maximum out degree: 10 (node 0)
	source 0 (node 0) with out degree 10
	target 194 (node 1041) with in degree 2751

Execution time and memory used at after iteration 454 (MF = 0.597247): 3.280078e+05 seconds, 3291934720 bytes of memory usage, 4843528 kB of memory peak and 3-19:07:02 elapsed time
Statistics on the network after iteration 454 (MF = 0.597247)
	Number of nodes: 403394
	Number of allocated nodes: 403456
	Number of edges: 3387388
	Maximum in degree: 2751 (node 1041)
	Maximum out degree: 10 (node 0)
	source 0 (node 0) with out degree 10
	target 194 (node 1041) with in degree 2751

Execution time and memory used at after iteration 455 (MF = 0.597247): 3.287211e+05 seconds, 3291934720 bytes of memory usage, 4843536 kB of memory peak and 3-19:18:56 elapsed time
Statistics on the network after iteration 455 (MF = 0.597247)
	Number of nodes: 403394
	Number of allocated nodes: 403456
	Number of edges: 3387388
	Maximum in degree: 2751 (node 1041)
	Maximum out degree: 10 (node 0)
	source 0 (node 0) with out degree 10
	target 194 (node 1041) with in degree 2751

Execution time and memory used at after iteration 456 (MF = 0.597247): 3.295215e+05 seconds, 3291934720 bytes of memory usage, 4843544 kB of memory peak and 3-19:32:16 elapsed time
Statistics on the network after iteration 456 (MF = 0.597247)
	Number of nodes: 403394
	Number of allocated nodes: 403456
	Number of edges: 3387388
	Maximum in degree: 2751 (node 1041)
	Maximum out degree: 10 (node 0)
	source 0 (node 0) with out degree 10
	target 194 (node 1041) with in degree 2751

Execution time and memory used at after iteration 457 (MF = 0.597247): 3.303199e+05 seconds, 3291934720 bytes of memory usage, 4843544 kB of memory peak and 3-19:45:35 elapsed time
Statistics on the network after iteration 457 (MF = 0.597247)
	Number of nodes: 403394
	Number of allocated nodes: 403456
	Number of edges: 3387388
	Maximum in degree: 2751 (node 1041)
	Maximum out degree: 10 (node 0)
	source 0 (node 0) with out degree 10
	target 194 (node 1041) with in degree 2751

Execution time and memory used at after iteration 458 (MF = 0.597247): 3.311211e+05 seconds, 3291934720 bytes of memory usage, 4843552 kB of memory peak and 3-19:58:56 elapsed time
Statistics on the network after iteration 458 (MF = 0.597247)
	Number of nodes: 403394
	Number of allocated nodes: 403456
	Number of edges: 3387388
	Maximum in degree: 2751 (node 1041)
	Maximum out degree: 10 (node 0)
	source 0 (node 0) with out degree 10
	target 194 (node 1041) with in degree 2751

Execution time and memory used at after iteration 459 (MF = 0.616806): 3.319324e+05 seconds, 3291934720 bytes of memory usage, 4843560 kB of memory peak and 3-20:12:27 elapsed time
Statistics on the network after iteration 459 (MF = 0.616806)
	Number of nodes: 403394
	Number of allocated nodes: 403456
	Number of edges: 3387388
	Maximum in degree: 2751 (node 1041)
	Maximum out degree: 10 (node 0)
	source 0 (node 0) with out degree 10
	target 194 (node 1041) with in degree 2751

Execution time and memory used at after iteration 460 (MF = 0.616806): 3.327434e+05 seconds, 3291934720 bytes of memory usage, 4843560 kB of memory peak and 3-20:25:58 elapsed time
Statistics on the network after iteration 460 (MF = 0.616806)
	Number of nodes: 403394
	Number of allocated nodes: 403456
	Number of edges: 3387388
	Maximum in degree: 2751 (node 1041)
	Maximum out degree: 10 (node 0)
	source 0 (node 0) with out degree 10
	target 194 (node 1041) with in degree 2751

Execution time and memory used at after iteration 461 (MF = 0.616806): 3.335549e+05 seconds, 3291934720 bytes of memory usage, 4843568 kB of memory peak and 3-20:39:30 elapsed time
Statistics on the network after iteration 461 (MF = 0.616806)
	Number of nodes: 403394
	Number of allocated nodes: 403456
	Number of edges: 3387388
	Maximum in degree: 2751 (node 1041)
	Maximum out degree: 10 (node 0)
	source 0 (node 0) with out degree 10
	target 194 (node 1041) with in degree 2751

Execution time and memory used at after iteration 462 (MF = 0.616806): 3.343652e+05 seconds, 3291934720 bytes of memory usage, 4843576 kB of memory peak and 3-20:53:00 elapsed time
Statistics on the network after iteration 462 (MF = 0.616806)
	Number of nodes: 403394
	Number of allocated nodes: 403456
	Number of edges: 3387388
	Maximum in degree: 2751 (node 1041)
	Maximum out degree: 10 (node 0)
	source 0 (node 0) with out degree 10
	target 194 (node 1041) with in degree 2751

Execution time and memory used at after iteration 463 (MF = 0.616806): 3.351787e+05 seconds, 3291934720 bytes of memory usage, 4843592 kB of memory peak and 3-21:06:34 elapsed time
Statistics on the network after iteration 463 (MF = 0.616806)
	Number of nodes: 403394
	Number of allocated nodes: 403456
	Number of edges: 3387388
	Maximum in degree: 2751 (node 1041)
	Maximum out degree: 10 (node 0)
	source 0 (node 0) with out degree 10
	target 194 (node 1041) with in degree 2751

Execution time and memory used at after iteration 464 (MF = 0.597247): 3.358973e+05 seconds, 3291934720 bytes of memory usage, 4843600 kB of memory peak and 3-21:18:32 elapsed time
Statistics on the network after iteration 464 (MF = 0.597247)
	Number of nodes: 403394
	Number of allocated nodes: 403456
	Number of edges: 3387388
	Maximum in degree: 2751 (node 1041)
	Maximum out degree: 10 (node 0)
	source 0 (node 0) with out degree 10
	target 194 (node 1041) with in degree 2751

Execution time and memory used at after iteration 465 (MF = 0.597247): 3.366324e+05 seconds, 3291934720 bytes of memory usage, 4843600 kB of memory peak and 3-21:30:47 elapsed time
Statistics on the network after iteration 465 (MF = 0.597247)
	Number of nodes: 403394
	Number of allocated nodes: 403456
	Number of edges: 3387388
	Maximum in degree: 2751 (node 1041)
	Maximum out degree: 10 (node 0)
	source 0 (node 0) with out degree 10
	target 194 (node 1041) with in degree 2751

Execution time and memory used at after iteration 466 (MF = 0.597247): 3.373531e+05 seconds, 3291934720 bytes of memory usage, 4843608 kB of memory peak and 3-21:42:48 elapsed time
Statistics on the network after iteration 466 (MF = 0.597247)
	Number of nodes: 403394
	Number of allocated nodes: 403456
	Number of edges: 3387388
	Maximum in degree: 2751 (node 1041)
	Maximum out degree: 10 (node 0)
	source 0 (node 0) with out degree 10
	target 194 (node 1041) with in degree 2751

Execution time and memory used at after iteration 467 (MF = 0.597247): 3.380746e+05 seconds, 3291934720 bytes of memory usage, 4843608 kB of memory peak and 3-21:54:50 elapsed time
Statistics on the network after iteration 467 (MF = 0.597247)
	Number of nodes: 403394
	Number of allocated nodes: 403456
	Number of edges: 3387388
	Maximum in degree: 2751 (node 1041)
	Maximum out degree: 10 (node 0)
	source 0 (node 0) with out degree 10
	target 194 (node 1041) with in degree 2751

Execution time and memory used at after iteration 468 (MF = 0.597247): 3.387963e+05 seconds, 3291934720 bytes of memory usage, 4843608 kB of memory peak and 3-22:06:51 elapsed time
Statistics on the network after iteration 468 (MF = 0.597247)
	Number of nodes: 403394
	Number of allocated nodes: 403456
	Number of edges: 3387388
	Maximum in degree: 2751 (node 1041)
	Maximum out degree: 10 (node 0)
	source 0 (node 0) with out degree 10
	target 194 (node 1041) with in degree 2751

Execution time and memory used at after iteration 469 (MF = 0.616806): 3.396078e+05 seconds, 3291934720 bytes of memory usage, 4843616 kB of memory peak and 3-22:20:23 elapsed time
Statistics on the network after iteration 469 (MF = 0.616806)
	Number of nodes: 403394
	Number of allocated nodes: 403456
	Number of edges: 3387388
	Maximum in degree: 2751 (node 1041)
	Maximum out degree: 10 (node 0)
	source 0 (node 0) with out degree 10
	target 194 (node 1041) with in degree 2751

Execution time and memory used at after iteration 470 (MF = 0.616806): 3.404188e+05 seconds, 3291934720 bytes of memory usage, 4843640 kB of memory peak and 3-22:33:54 elapsed time
Statistics on the network after iteration 470 (MF = 0.616806)
	Number of nodes: 403394
	Number of allocated nodes: 403456
	Number of edges: 3387388
	Maximum in degree: 2751 (node 1041)
	Maximum out degree: 10 (node 0)
	source 0 (node 0) with out degree 10
	target 194 (node 1041) with in degree 2751

Execution time and memory used at after iteration 471 (MF = 0.616806): 3.412307e+05 seconds, 3291934720 bytes of memory usage, 4843656 kB of memory peak and 3-22:47:26 elapsed time
Statistics on the network after iteration 471 (MF = 0.616806)
	Number of nodes: 403394
	Number of allocated nodes: 403456
	Number of edges: 3387388
	Maximum in degree: 2751 (node 1041)
	Maximum out degree: 10 (node 0)
	source 0 (node 0) with out degree 10
	target 194 (node 1041) with in degree 2751

Execution time and memory used at after iteration 472 (MF = 0.616806): 3.420413e+05 seconds, 3291934720 bytes of memory usage, 4843664 kB of memory peak and 3-23:00:57 elapsed time
Statistics on the network after iteration 472 (MF = 0.616806)
	Number of nodes: 403394
	Number of allocated nodes: 403456
	Number of edges: 3387388
	Maximum in degree: 2751 (node 1041)
	Maximum out degree: 10 (node 0)
	source 0 (node 0) with out degree 10
	target 194 (node 1041) with in degree 2751

Execution time and memory used at after iteration 473 (MF = 0.616806): 3.428517e+05 seconds, 3291934720 bytes of memory usage, 4843664 kB of memory peak and 3-23:14:27 elapsed time
Statistics on the network after iteration 473 (MF = 0.616806)
	Number of nodes: 403394
	Number of allocated nodes: 403456
	Number of edges: 3387388
	Maximum in degree: 2751 (node 1041)
	Maximum out degree: 10 (node 0)
	source 0 (node 0) with out degree 10
	target 194 (node 1041) with in degree 2751

Execution time and memory used at after iteration 474 (MF = 0.616806): 3.436614e+05 seconds, 3291934720 bytes of memory usage, 4843688 kB of memory peak and 3-23:27:57 elapsed time
Statistics on the network after iteration 474 (MF = 0.616806)
	Number of nodes: 403394
	Number of allocated nodes: 403456
	Number of edges: 3387388
	Maximum in degree: 2751 (node 1041)
	Maximum out degree: 10 (node 0)
	source 0 (node 0) with out degree 10
	target 194 (node 1041) with in degree 2751

Execution time and memory used at after iteration 475 (MF = 0.616806): 3.444711e+05 seconds, 3291934720 bytes of memory usage, 4843696 kB of memory peak and 3-23:41:27 elapsed time
Statistics on the network after iteration 475 (MF = 0.616806)
	Number of nodes: 403394
	Number of allocated nodes: 403456
	Number of edges: 3387388
	Maximum in degree: 2751 (node 1041)
	Maximum out degree: 10 (node 0)
	source 0 (node 0) with out degree 10
	target 194 (node 1041) with in degree 2751

Execution time and memory used at after iteration 476 (MF = 0.616806): 3.452818e+05 seconds, 3291934720 bytes of memory usage, 4843720 kB of memory peak and 3-23:54:57 elapsed time
Statistics on the network after iteration 476 (MF = 0.616806)
	Number of nodes: 403394
	Number of allocated nodes: 403456
	Number of edges: 3387388
	Maximum in degree: 2751 (node 1041)
	Maximum out degree: 10 (node 0)
	source 0 (node 0) with out degree 10
	target 194 (node 1041) with in degree 2751
