GLPSOL--GLPK LP/MIP Solver 5.0
Parameter(s) specified in the command line:
 --lp input/soc-Slashdot0811.html/soc-Slashdot0811.txt.gz.1392.lp -o input/soc-Slashdot0811.html/soc-Slashdot0811.txt.gz.1392.lp.sol
Reading problem data from 'input/soc-Slashdot0811.html/soc-Slashdot0811.txt.gz.1392.lp'...
828164 rows, 1733682 columns, 4140807 non-zeros
1733682 integer variables, all of which are binary
2561851 lines were read
GLPK Integer Optimizer 5.0
828164 rows, 1733682 columns, 4140807 non-zeros
1733682 integer variables, all of which are binary
Preprocessing...
823425 rows, 1728942 columns, 4117024 non-zeros
1728942 integer variables, all of which are binary
Scaling...
 A: min|aij| =  1.000e+00  max|aij| =  1.000e+00  ratio =  1.000e+00
Problem data seem to be well scaled
Constructing initial basis...
Size of triangular part is 823425
Solving LP relaxation...
GLPK Simplex Optimizer 5.0
823425 rows, 1728942 columns, 4117024 non-zeros
      0: obj =   0.000000000e+00 inf =   2.326e+03 (2326)
     87: obj =   8.249920800e+01 inf =   2.239e+03 (2239)
    173: obj =   1.639193420e+02 inf =   2.153e+03 (2153)
    259: obj =   2.467560430e+02 inf =   2.067e+03 (2067)
    346: obj =   3.276288140e+02 inf =   1.980e+03 (1980)
    430: obj =   4.041466500e+02 inf =   1.896e+03 (1896)
    514: obj =   4.807300810e+02 inf =   1.812e+03 (1812)
    599: obj =   5.582596120e+02 inf =   1.727e+03 (1727)
    683: obj =   6.369686860e+02 inf =   1.643e+03 (1643)
    767: obj =   7.138864400e+02 inf =   1.559e+03 (1559)
    850: obj =   7.897921000e+02 inf =   1.476e+03 (1476)
    934: obj =   8.672160010e+02 inf =   1.392e+03 (1392)
   1017: obj =   9.440400170e+02 inf =   1.309e+03 (1309)
   1100: obj =   1.020638513e+03 inf =   1.226e+03 (1226)
   1184: obj =   1.097429638e+03 inf =   1.142e+03 (1142)
   1263: obj =   1.169646049e+03 inf =   1.063e+03 (1063)
   1345: obj =   1.244182120e+03 inf =   9.810e+02 (981)
   1430: obj =   1.321133368e+03 inf =   8.960e+02 (896)
   1516: obj =   1.399140102e+03 inf =   8.100e+02 (810)
   1602: obj =   1.476561820e+03 inf =   7.240e+02 (724)
   1688: obj =   1.553911001e+03 inf =   6.380e+02 (638)
   1775: obj =   1.632215990e+03 inf =   5.510e+02 (551)
   1862: obj =   1.710506712e+03 inf =   4.640e+02 (464)
   1948: obj =   1.787879674e+03 inf =   3.780e+02 (378)
   2035: obj =   1.866217364e+03 inf =   2.910e+02 (291)
   2120: obj =   1.942751844e+03 inf =   2.060e+02 (206)
   2205: obj =   2.019279981e+03 inf =   1.210e+02 (121)
   2290: obj =   2.095983108e+03 inf =   3.600e+01 (36)
   2326: obj =   2.128481123e+03 inf =   0.000e+00 (0)
*  2426: obj =   2.126969827e+03 inf =   0.000e+00 (2425)
*  2526: obj =   2.126969827e+03 inf =   0.000e+00 (2525)
Perturbing LP to avoid stalling [2526]...
*  2623: obj =   2.126969827e+03 inf =   0.000e+00 (2622)
*  2720: obj =   2.126969827e+03 inf =   0.000e+00 (2719)
*  2817: obj =   2.126969827e+03 inf =   0.000e+00 (2816)
*  2913: obj =   2.126969827e+03 inf =   0.000e+00 (2912)
*  3009: obj =   2.126969827e+03 inf =   0.000e+00 (3008)
*  3106: obj =   2.126969827e+03 inf =   0.000e+00 (3105)
*  3202: obj =   2.126969827e+03 inf =   0.000e+00 (3201)
*  3299: obj =   2.126969827e+03 inf =   0.000e+00 (3298)
*  3391: obj =   2.126969827e+03 inf =   0.000e+00 (3333)
*  3475: obj =   2.126969827e+03 inf =   0.000e+00 (3331) 1
*  3557: obj =   2.126969827e+03 inf =   0.000e+00 (3342) 1
*  3638: obj =   2.126969827e+03 inf =   0.000e+00 (3339)
*  3713: obj =   2.126969827e+03 inf =   0.000e+00 (3352) 1
*  3786: obj =   2.126969827e+03 inf =   0.000e+00 (3353) 1
*  3864: obj =   2.126969827e+03 inf =   0.000e+00 (3354)
*  3936: obj =   2.126969827e+03 inf =   0.000e+00 (3357) 1
*  4006: obj =   2.126969827e+03 inf =   0.000e+00 (3374) 1
*  4080: obj =   2.126969827e+03 inf =   0.000e+00 (3377)
*  4151: obj =   2.126969827e+03 inf =   0.000e+00 (3375) 1
*  4221: obj =   2.126969827e+03 inf =   0.000e+00 (3388) 1
*  4291: obj =   2.126969827e+03 inf =   0.000e+00 (3391) 1
*  4365: obj =   2.126969827e+03 inf =   0.000e+00 (3384)
*  4436: obj =   2.126969827e+03 inf =   0.000e+00 (3399) 1
*  4506: obj =   2.126969827e+03 inf =   0.000e+00 (3411) 1
*  4579: obj =   2.126969827e+03 inf =   0.000e+00 (3400)
*  4648: obj =   2.126969827e+03 inf =   0.000e+00 (3443) 1
*  4718: obj =   2.126969827e+03 inf =   0.000e+00 (3449) 1
*  4789: obj =   2.126969827e+03 inf =   0.000e+00 (3446)
*  4855: obj =   2.126969827e+03 inf =   0.000e+00 (3457) 1
*  4925: obj =   2.126969827e+03 inf =   0.000e+00 (3450)
*  4992: obj =   2.126969827e+03 inf =   0.000e+00 (3449) 1
*  5057: obj =   2.126969827e+03 inf =   0.000e+00 (3449) 1
*  5126: obj =   2.126969827e+03 inf =   0.000e+00 (3454)
*  5191: obj =   2.126969827e+03 inf =   0.000e+00 (3447) 1
*  5257: obj =   2.126969827e+03 inf =   0.000e+00 (3477) 1
*  5325: obj =   2.126969827e+03 inf =   0.000e+00 (3468)
*  5390: obj =   2.126969827e+03 inf =   0.000e+00 (3482) 1
*  5455: obj =   2.126969827e+03 inf =   0.000e+00 (3477) 1
*  5522: obj =   2.126969827e+03 inf =   0.000e+00 (3518)
*  5584: obj =   2.126969827e+03 inf =   0.000e+00 (3499) 1
*  5649: obj =   2.126969827e+03 inf =   0.000e+00 (3507)
*  5714: obj =   2.126969827e+03 inf =   0.000e+00 (3525) 1
*  5778: obj =   2.126969827e+03 inf =   0.000e+00 (3531) 1
*  5845: obj =   2.126969827e+03 inf =   0.000e+00 (3526)
*  5909: obj =   2.126969827e+03 inf =   0.000e+00 (3534) 1
*  5975: obj =   2.126969827e+03 inf =   0.000e+00 (3537)
*  6038: obj =   2.126969827e+03 inf =   0.000e+00 (3549) 1
*  6100: obj =   2.126969827e+03 inf =   0.000e+00 (3560) 1
*  6166: obj =   2.126969827e+03 inf =   0.000e+00 (3582)
*  6230: obj =   2.126969827e+03 inf =   0.000e+00 (3600) 1
*  6293: obj =   2.126969827e+03 inf =   0.000e+00 (3605) 1
*  6360: obj =   2.126969827e+03 inf =   0.000e+00 (3616)
*  6423: obj =   2.126969827e+03 inf =   0.000e+00 (3630) 1
*  6489: obj =   2.126969827e+03 inf =   0.000e+00 (3650)
*  6551: obj =   2.126969827e+03 inf =   0.000e+00 (3658) 1
*  6614: obj =   2.126969827e+03 inf =   0.000e+00 (3668) 1
*  6681: obj =   2.126969827e+03 inf =   0.000e+00 (3669)
*  6744: obj =   2.126969827e+03 inf =   0.000e+00 (3683) 1
*  6806: obj =   2.126969827e+03 inf =   0.000e+00 (3684) 1
*  6872: obj =   2.126969827e+03 inf =   0.000e+00 (3683)
*  6934: obj =   2.126969827e+03 inf =   0.000e+00 (3716) 1
*  6999: obj =   2.126969827e+03 inf =   0.000e+00 (3695)
*  7060: obj =   2.126969827e+03 inf =   0.000e+00 (3701) 1
*  7121: obj =   2.126969827e+03 inf =   0.000e+00 (3691) 1
*  7186: obj =   2.126969827e+03 inf =   0.000e+00 (3708)
*  7245: obj =   2.126969827e+03 inf =   0.000e+00 (3699) 1
*  7307: obj =   2.126969827e+03 inf =   0.000e+00 (3718)
*  7367: obj =   2.126969827e+03 inf =   0.000e+00 (3713) 1
*  7429: obj =   2.126969827e+03 inf =   0.000e+00 (3728) 1
*  7493: obj =   2.126969827e+03 inf =   0.000e+00 (3725)
*  7554: obj =   2.126969827e+03 inf =   0.000e+00 (3714) 1
*  7619: obj =   2.126969827e+03 inf =   0.000e+00 (3722)
*  7680: obj =   2.126969827e+03 inf =   0.000e+00 (3718) 1
*  7740: obj =   2.126969827e+03 inf =   0.000e+00 (3730) 1
*  7804: obj =   2.126969827e+03 inf =   0.000e+00 (3727)
*  7864: obj =   2.126969827e+03 inf =   0.000e+00 (3725) 1
*  7928: obj =   2.126969827e+03 inf =   0.000e+00 (3716)
*  7988: obj =   2.126969827e+03 inf =   0.000e+00 (3722) 1
*  8049: obj =   2.126969827e+03 inf =   0.000e+00 (3726) 1
*  8112: obj =   2.126969827e+03 inf =   0.000e+00 (3718)
*  8172: obj =   2.126969827e+03 inf =   0.000e+00 (3729) 1
*  8236: obj =   2.126969827e+03 inf =   0.000e+00 (3730)
*  8296: obj =   2.126969827e+03 inf =   0.000e+00 (3726) 1
*  8360: obj =   2.126969827e+03 inf =   0.000e+00 (3737)
*  8420: obj =   2.126969827e+03 inf =   0.000e+00 (3756) 1
*  8480: obj =   2.126969827e+03 inf =   0.000e+00 (3756) 1
*  8543: obj =   2.126969827e+03 inf =   0.000e+00 (3758)
*  8602: obj =   2.126969827e+03 inf =   0.000e+00 (3754) 1
*  8665: obj =   2.126969827e+03 inf =   0.000e+00 (3777)
*  8724: obj =   2.126969827e+03 inf =   0.000e+00 (3789) 1
*  8787: obj =   2.126969827e+03 inf =   0.000e+00 (3773)
*  8846: obj =   2.126969827e+03 inf =   0.000e+00 (3779) 1
*  8903: obj =   2.126969827e+03 inf =   0.000e+00 (3772) 1
*  8964: obj =   2.126969827e+03 inf =   0.000e+00 (3775)
*  9021: obj =   2.126969827e+03 inf =   0.000e+00 (3776) 1
*  9084: obj =   2.126969827e+03 inf =   0.000e+00 (3806)
*  9143: obj =   2.126969827e+03 inf =   0.000e+00 (3818) 1
*  9203: obj =   2.126969827e+03 inf =   0.000e+00 (3848) 1
*  9266: obj =   2.126969827e+03 inf =   0.000e+00 (3879)
*  9324: obj =   2.126969827e+03 inf =   0.000e+00 (3866) 1
*  9387: obj =   2.126969827e+03 inf =   0.000e+00 (3862)
*  9445: obj =   2.126969827e+03 inf =   0.000e+00 (3874) 1
*  9507: obj =   2.126969827e+03 inf =   0.000e+00 (3861)
*  9565: obj =   2.126969827e+03 inf =   0.000e+00 (3852) 1
*  9624: obj =   2.126969827e+03 inf =   0.000e+00 (3869) 1
*  9686: obj =   2.126969827e+03 inf =   0.000e+00 (3869)
*  9744: obj =   2.126969827e+03 inf =   0.000e+00 (3859) 1
*  9806: obj =   2.126969827e+03 inf =   0.000e+00 (3871)
*  9863: obj =   2.126969827e+03 inf =   0.000e+00 (3858) 1
*  9924: obj =   2.126969827e+03 inf =   0.000e+00 (3859) 1
*  9986: obj =   2.126969827e+03 inf =   0.000e+00 (3851)
* 10044: obj =   2.126969827e+03 inf =   0.000e+00 (3876) 1
* 10106: obj =   2.126969827e+03 inf =   0.000e+00 (3857)
* 10164: obj =   2.126969827e+03 inf =   0.000e+00 (3873) 1
* 10226: obj =   2.126969827e+03 inf =   0.000e+00 (3851)
* 10284: obj =   2.126969827e+03 inf =   0.000e+00 (3857) 1
* 10342: obj =   2.126969827e+03 inf =   0.000e+00 (3855) 1
* 10405: obj =   2.126969827e+03 inf =   0.000e+00 (3870)
* 10462: obj =   2.126969827e+03 inf =   0.000e+00 (3869) 1
* 10523: obj =   2.126969827e+03 inf =   0.000e+00 (3855)
* 10580: obj =   2.126969827e+03 inf =   0.000e+00 (3861) 1
* 10638: obj =   2.126969827e+03 inf =   0.000e+00 (3872) 1
* 10700: obj =   2.126969827e+03 inf =   0.000e+00 (3851)
* 10758: obj =   2.126969827e+03 inf =   0.000e+00 (3871) 1
* 10821: obj =   2.126969827e+03 inf =   0.000e+00 (3877)
* 10879: obj =   2.126969827e+03 inf =   0.000e+00 (3859) 1
* 10939: obj =   2.126969827e+03 inf =   0.000e+00 (3863) 1
* 11001: obj =   2.126969827e+03 inf =   0.000e+00 (3860)
* 11059: obj =   2.126969827e+03 inf =   0.000e+00 (3870) 1
* 11122: obj =   2.126969827e+03 inf =   0.000e+00 (3870)
* 11180: obj =   2.126969827e+03 inf =   0.000e+00 (3871) 1
* 11242: obj =   2.126969827e+03 inf =   0.000e+00 (3851)
* 11300: obj =   2.126969827e+03 inf =   0.000e+00 (3858) 1
* 11358: obj =   2.126969827e+03 inf =   0.000e+00 (3851) 1
* 11420: obj =   2.126969827e+03 inf =   0.000e+00 (3851)
* 11478: obj =   2.126969827e+03 inf =   0.000e+00 (3858) 1
* 11540: obj =   2.126969827e+03 inf =   0.000e+00 (3869)
* 11598: obj =   2.126969827e+03 inf =   0.000e+00 (3875) 1
* 11656: obj =   2.126969827e+03 inf =   0.000e+00 (3867) 1
* 11718: obj =   2.126969827e+03 inf =   0.000e+00 (3874)
* 11774: obj =   2.126969827e+03 inf =   0.000e+00 (3887) 1
* 11834: obj =   2.126969827e+03 inf =   0.000e+00 (3881)
* 11891: obj =   2.126969827e+03 inf =   0.000e+00 (3864) 1
* 11952: obj =   2.126969827e+03 inf =   0.000e+00 (3876)
* 12009: obj =   2.126969827e+03 inf =   0.000e+00 (3880) 1
* 12068: obj =   2.126969827e+03 inf =   0.000e+00 (3875)
* 12124: obj =   2.126969827e+03 inf =   0.000e+00 (3889) 1
* 12182: obj =   2.126969827e+03 inf =   0.000e+00 (3880) 1
* 12243: obj =   2.126969827e+03 inf =   0.000e+00 (3883)
* 12301: obj =   2.126969827e+03 inf =   0.000e+00 (3963) 1
* 12362: obj =   2.126969827e+03 inf =   0.000e+00 (3975)
* 12420: obj =   2.126969827e+03 inf =   0.000e+00 (3978) 1
* 12482: obj =   2.126969827e+03 inf =   0.000e+00 (3996)
* 12540: obj =   2.126969827e+03 inf =   0.000e+00 (3993) 1
* 12601: obj =   2.126969827e+03 inf =   0.000e+00 (4006)
* 12658: obj =   2.126969827e+03 inf =   0.000e+00 (4000) 1
* 12715: obj =   2.126969827e+03 inf =   0.000e+00 (3991) 1
* 12776: obj =   2.126969827e+03 inf =   0.000e+00 (4001)
* 12833: obj =   2.126969827e+03 inf =   0.000e+00 (3991) 1
* 12894: obj =   2.126969827e+03 inf =   0.000e+00 (3993)
* 12951: obj =   2.126969827e+03 inf =   0.000e+00 (3986) 1
* 13012: obj =   2.126969827e+03 inf =   0.000e+00 (4003)
* 13069: obj =   2.126969827e+03 inf =   0.000e+00 (3989) 1
* 13125: obj =   2.126969827e+03 inf =   0.000e+00 (4001) 1
* 13185: obj =   2.126969827e+03 inf =   0.000e+00 (3994)
* 13241: obj =   2.126969827e+03 inf =   0.000e+00 (4023) 1
* 13301: obj =   2.126969827e+03 inf =   0.000e+00 (4011)
* 13358: obj =   2.126969827e+03 inf =   0.000e+00 (4019) 1
* 13419: obj =   2.126969827e+03 inf =   0.000e+00 (4029)
* 13476: obj =   2.126969827e+03 inf =   0.000e+00 (4022) 1
* 13534: obj =   2.126969827e+03 inf =   0.000e+00 (4012) 1
* 13593: obj =   2.126969827e+03 inf =   0.000e+00 (4027)
* 13647: obj =   2.126969827e+03 inf =   0.000e+00 (4035) 1
* 13707: obj =   2.126969827e+03 inf =   0.000e+00 (4036)
* 13763: obj =   2.126969827e+03 inf =   0.000e+00 (4036) 1
* 13824: obj =   2.126969827e+03 inf =   0.000e+00 (4058)
* 13881: obj =   2.126969827e+03 inf =   0.000e+00 (4047) 1
* 13942: obj =   2.126969827e+03 inf =   0.000e+00 (4048)
* 13999: obj =   2.126969827e+03 inf =   0.000e+00 (4054) 1
* 14055: obj =   2.126969827e+03 inf =   0.000e+00 (4051) 1
* 14116: obj =   2.126969827e+03 inf =   0.000e+00 (4074)
* 14172: obj =   2.126969827e+03 inf =   0.000e+00 (4066) 1
* 14233: obj =   2.126969827e+03 inf =   0.000e+00 (4083)
* 14289: obj =   2.126969827e+03 inf =   0.000e+00 (4069) 1
* 14349: obj =   2.126969827e+03 inf =   0.000e+00 (4062)
* 14405: obj =   2.126969827e+03 inf =   0.000e+00 (4072) 1
* 14465: obj =   2.126969827e+03 inf =   0.000e+00 (4064)
* 14521: obj =   2.126969827e+03 inf =   0.000e+00 (4073) 1
* 14580: obj =   2.126969827e+03 inf =   0.000e+00 (4070) 1
* 14640: obj =   2.126969827e+03 inf =   0.000e+00 (4069)
* 14696: obj =   2.126969827e+03 inf =   0.000e+00 (4073) 1
* 14756: obj =   2.126969827e+03 inf =   0.000e+00 (4083)
* 14812: obj =   2.126969827e+03 inf =   0.000e+00 (4080) 1
* 14871: obj =   2.126969827e+03 inf =   0.000e+00 (4069)
* 14927: obj =   2.126969827e+03 inf =   0.000e+00 (4071) 1
* 14987: obj =   2.126969827e+03 inf =   0.000e+00 (4075)
* 15043: obj =   2.126969827e+03 inf =   0.000e+00 (4071) 1
* 15101: obj =   2.126969827e+03 inf =   0.000e+00 (4082) 1
* 15160: obj =   2.126969827e+03 inf =   0.000e+00 (4089)
* 15216: obj =   2.126969827e+03 inf =   0.000e+00 (4098) 1
* 15273: obj =   2.126969827e+03 inf =   0.000e+00 (4101)
* 15326: obj =   2.126969827e+03 inf =   0.000e+00 (4105) 1
* 15385: obj =   2.126969827e+03 inf =   0.000e+00 (4095)
* 15440: obj =   2.126969827e+03 inf =   0.000e+00 (4099) 1
* 15500: obj =   2.126969827e+03 inf =   0.000e+00 (4102)
* 15555: obj =   2.126969827e+03 inf =   0.000e+00 (4094) 1
* 15615: obj =   2.126969827e+03 inf =   0.000e+00 (4113)
* 15671: obj =   2.126969827e+03 inf =   0.000e+00 (4106) 1
* 15729: obj =   2.126969827e+03 inf =   0.000e+00 (4094) 1
* 15789: obj =   2.126969827e+03 inf =   0.000e+00 (4111)
* 15844: obj =   2.126969827e+03 inf =   0.000e+00 (4111) 1
* 15903: obj =   2.126969827e+03 inf =   0.000e+00 (4123)
* 15958: obj =   2.126969827e+03 inf =   0.000e+00 (4109) 1
* 16017: obj =   2.126969827e+03 inf =   0.000e+00 (4116)
* 16072: obj =   2.126969827e+03 inf =   0.000e+00 (4114) 1
* 16131: obj =   2.126969827e+03 inf =   0.000e+00 (4125)
* 16187: obj =   2.126969827e+03 inf =   0.000e+00 (4126) 1
* 16245: obj =   2.126969827e+03 inf =   0.000e+00 (4115)
* 16300: obj =   2.126969827e+03 inf =   0.000e+00 (4118) 1
* 16356: obj =   2.126969827e+03 inf =   0.000e+00 (4121) 1
* 16415: obj =   2.126969827e+03 inf =   0.000e+00 (4138)
* 16471: obj =   2.126969827e+03 inf =   0.000e+00 (4179) 1
* 16530: obj =   2.126969827e+03 inf =   0.000e+00 (4178)
* 16585: obj =   2.126969827e+03 inf =   0.000e+00 (4163) 1
* 16644: obj =   2.126969827e+03 inf =   0.000e+00 (4169)
* 16699: obj =   2.126969827e+03 inf =   0.000e+00 (4173) 1
* 16757: obj =   2.126969827e+03 inf =   0.000e+00 (4167)
* 16809: obj =   2.126969827e+03 inf =   0.000e+00 (4168) 1
* 16867: obj =   2.126969827e+03 inf =   0.000e+00 (4161)
* 16921: obj =   2.126969827e+03 inf =   0.000e+00 (4177) 1
* 16976: obj =   2.126969827e+03 inf =   0.000e+00 (4178) 1
* 17035: obj =   2.126969827e+03 inf =   0.000e+00 (4185)
* 17089: obj =   2.126969827e+03 inf =   0.000e+00 (4178) 1
* 17147: obj =   2.126969827e+03 inf =   0.000e+00 (4188)
* 17201: obj =   2.126969827e+03 inf =   0.000e+00 (4191) 1
* 17260: obj =   2.126969827e+03 inf =   0.000e+00 (4197)
* 17315: obj =   2.126969827e+03 inf =   0.000e+00 (4187) 1
* 17374: obj =   2.126969827e+03 inf =   0.000e+00 (4181)
* 17429: obj =   2.126969827e+03 inf =   0.000e+00 (4198) 1
* 17487: obj =   2.126969827e+03 inf =   0.000e+00 (4191)
* 17542: obj =   2.126969827e+03 inf =   0.000e+00 (4230) 1
* 17597: obj =   2.126969827e+03 inf =   0.000e+00 (4207) 1
* 17656: obj =   2.126969827e+03 inf =   0.000e+00 (4210)
* 17711: obj =   2.126969827e+03 inf =   0.000e+00 (4226) 1
* 17770: obj =   2.126969827e+03 inf =   0.000e+00 (4221)
* 17825: obj =   2.126969827e+03 inf =   0.000e+00 (4212) 1
* 17884: obj =   2.126969827e+03 inf =   0.000e+00 (4237)
* 17939: obj =   2.126969827e+03 inf =   0.000e+00 (4235) 1
* 17998: obj =   2.126969827e+03 inf =   0.000e+00 (4224)
* 18052: obj =   2.126969827e+03 inf =   0.000e+00 (4237) 1
* 18110: obj =   2.126969827e+03 inf =   0.000e+00 (4243)
* 18164: obj =   2.126969827e+03 inf =   0.000e+00 (4242) 1
* 18222: obj =   2.126969827e+03 inf =   0.000e+00 (4258)
* 18275: obj =   2.126969827e+03 inf =   0.000e+00 (4255) 1
* 18328: obj =   2.126969827e+03 inf =   0.000e+00 (4286) 1
* 18385: obj =   2.126969827e+03 inf =   0.000e+00 (4268)
* 18439: obj =   2.126969827e+03 inf =   0.000e+00 (4270) 1
* 18497: obj =   2.126969827e+03 inf =   0.000e+00 (4260)
* 18551: obj =   2.126969827e+03 inf =   0.000e+00 (4269) 1
* 18609: obj =   2.126969827e+03 inf =   0.000e+00 (4264)
* 18663: obj =   2.126969827e+03 inf =   0.000e+00 (4260) 1
* 18721: obj =   2.126969827e+03 inf =   0.000e+00 (4282)
* 18775: obj =   2.126969827e+03 inf =   0.000e+00 (4265) 1
* 18833: obj =   2.126969827e+03 inf =   0.000e+00 (4274)
* 18887: obj =   2.126969827e+03 inf =   0.000e+00 (4274) 1
* 18944: obj =   2.126969827e+03 inf =   0.000e+00 (4291)
* 18998: obj =   2.126969827e+03 inf =   0.000e+00 (4282) 1
* 19053: obj =   2.126969827e+03 inf =   0.000e+00 (4293) 1
* 19111: obj =   2.126969827e+03 inf =   0.000e+00 (4290)
* 19165: obj =   2.126969827e+03 inf =   0.000e+00 (4285) 1
* 19224: obj =   2.126969827e+03 inf =   0.000e+00 (4304)
* 19278: obj =   2.126969827e+03 inf =   0.000e+00 (4303) 1
* 19336: obj =   2.126969827e+03 inf =   0.000e+00 (4300)
* 19390: obj =   2.126969827e+03 inf =   0.000e+00 (4322) 1
* 19448: obj =   2.126969827e+03 inf =   0.000e+00 (4307)
* 19502: obj =   2.126969827e+03 inf =   0.000e+00 (4304) 1
* 19560: obj =   2.126969827e+03 inf =   0.000e+00 (4306)
* 19614: obj =   2.126969827e+03 inf =   0.000e+00 (4304) 1
* 19672: obj =   2.126969827e+03 inf =   0.000e+00 (4318)
* 19725: obj =   2.126969827e+03 inf =   0.000e+00 (4317) 1
* 19781: obj =   2.126969827e+03 inf =   0.000e+00 (4319)
* 19833: obj =   2.126969827e+03 inf =   0.000e+00 (4320) 1
* 19890: obj =   2.126969827e+03 inf =   0.000e+00 (4362)
* 19943: obj =   2.126969827e+03 inf =   0.000e+00 (4350) 1
* 19996: obj =   2.126969827e+03 inf =   0.000e+00 (4358) 1
* 20053: obj =   2.126969827e+03 inf =   0.000e+00 (4363)
* 20106: obj =   2.126969827e+03 inf =   0.000e+00 (4385) 1
* 20164: obj =   2.126969827e+03 inf =   0.000e+00 (4386)
* 20218: obj =   2.126969827e+03 inf =   0.000e+00 (4397) 1
* 20276: obj =   2.126969827e+03 inf =   0.000e+00 (4382)
* 20330: obj =   2.126969827e+03 inf =   0.000e+00 (4401) 1
* 20388: obj =   2.126969827e+03 inf =   0.000e+00 (4413)
* 20441: obj =   2.126969827e+03 inf =   0.000e+00 (4423) 1
* 20498: obj =   2.126969827e+03 inf =   0.000e+00 (4410)
* 20552: obj =   2.126969827e+03 inf =   0.000e+00 (4406) 1
* 20609: obj =   2.126969827e+03 inf =   0.000e+00 (4424)
* 20662: obj =   2.126969827e+03 inf =   0.000e+00 (4439) 1
* 20719: obj =   2.126969827e+03 inf =   0.000e+00 (4443)
* 20772: obj =   2.126969827e+03 inf =   0.000e+00 (4456) 1
* 20829: obj =   2.126969827e+03 inf =   0.000e+00 (4481)
* 20882: obj =   2.126969827e+03 inf =   0.000e+00 (4470) 1
* 20940: obj =   2.126969827e+03 inf =   0.000e+00 (4467)
* 20993: obj =   2.126969827e+03 inf =   0.000e+00 (4496) 1
* 21050: obj =   2.126969827e+03 inf =   0.000e+00 (4476) 1
* 21107: obj =   2.126969827e+03 inf =   0.000e+00 (4499)
* 21160: obj =   2.126969827e+03 inf =   0.000e+00 (4491) 1
* 21216: obj =   2.126969827e+03 inf =   0.000e+00 (4516)
* 21267: obj =   2.126969827e+03 inf =   0.000e+00 (4515) 1
* 21323: obj =   2.126969827e+03 inf =   0.000e+00 (4517)
* 21376: obj =   2.126969827e+03 inf =   0.000e+00 (4518) 1
* 21433: obj =   2.126969827e+03 inf =   0.000e+00 (4515)
* 21486: obj =   2.126969827e+03 inf =   0.000e+00 (4535) 1
* 21542: obj =   2.126969827e+03 inf =   0.000e+00 (4520)
* 21595: obj =   2.126969827e+03 inf =   0.000e+00 (4550) 1
* 21652: obj =   2.126969827e+03 inf =   0.000e+00 (4522)
* 21705: obj =   2.126969827e+03 inf =   0.000e+00 (4517) 1
* 21762: obj =   2.126969827e+03 inf =   0.000e+00 (4534)
* 21814: obj =   2.126969827e+03 inf =   0.000e+00 (4533) 1
* 21871: obj =   2.126969827e+03 inf =   0.000e+00 (4531)
* 21924: obj =   2.126969827e+03 inf =   0.000e+00 (4542) 1
* 21981: obj =   2.126969827e+03 inf =   0.000e+00 (4529)
* 22033: obj =   2.126969827e+03 inf =   0.000e+00 (4529) 1
* 22089: obj =   2.126969827e+03 inf =   0.000e+00 (4519)
* 22142: obj =   2.126969827e+03 inf =   0.000e+00 (4570) 1
* 22198: obj =   2.126969827e+03 inf =   0.000e+00 (4563)
* 22250: obj =   2.126969827e+03 inf =   0.000e+00 (4560) 1
* 22305: obj =   2.126969827e+03 inf =   0.000e+00 (4549)
* 22356: obj =   2.126969827e+03 inf =   0.000e+00 (4564) 1
* 22411: obj =   2.126969827e+03 inf =   0.000e+00 (4562) 1
* 22467: obj =   2.126969827e+03 inf =   0.000e+00 (4565)
* 22519: obj =   2.126969827e+03 inf =   0.000e+00 (4555) 1
* 22575: obj =   2.126969827e+03 inf =   0.000e+00 (4561)
* 22627: obj =   2.126969827e+03 inf =   0.000e+00 (4576) 1
* 22681: obj =   2.126969827e+03 inf =   0.000e+00 (4580)
* 22731: obj =   2.126969827e+03 inf =   0.000e+00 (4559) 1
* 22787: obj =   2.126969827e+03 inf =   0.000e+00 (4563)
* 22839: obj =   2.126969827e+03 inf =   0.000e+00 (4571) 1
* 22896: obj =   2.126969827e+03 inf =   0.000e+00 (4562)
* 22949: obj =   2.126969827e+03 inf =   0.000e+00 (4558) 1
* 23006: obj =   2.126969827e+03 inf =   0.000e+00 (4574)
* 23059: obj =   2.126969827e+03 inf =   0.000e+00 (4567) 1
* 23115: obj =   2.126969827e+03 inf =   0.000e+00 (4569)
* 23167: obj =   2.126969827e+03 inf =   0.000e+00 (4566) 1
* 23223: obj =   2.126969827e+03 inf =   0.000e+00 (4557)
* 23275: obj =   2.126969827e+03 inf =   0.000e+00 (4572) 1
* 23331: obj =   2.126969827e+03 inf =   0.000e+00 (4569)
* 23383: obj =   2.126969827e+03 inf =   0.000e+00 (4571) 1
* 23440: obj =   2.126969827e+03 inf =   0.000e+00 (4558)
* 23493: obj =   2.126969827e+03 inf =   0.000e+00 (4588) 1
* 23548: obj =   2.126969827e+03 inf =   0.000e+00 (4592) 1
* 23604: obj =   2.126969827e+03 inf =   0.000e+00 (4589)
* 23657: obj =   2.126969827e+03 inf =   0.000e+00 (4571) 1
* 23713: obj =   2.126969827e+03 inf =   0.000e+00 (4571)
* 23765: obj =   2.126969827e+03 inf =   0.000e+00 (4591) 1
* 23821: obj =   2.126969827e+03 inf =   0.000e+00 (4587)
* 23873: obj =   2.126969827e+03 inf =   0.000e+00 (4585) 1
* 23929: obj =   2.126969827e+03 inf =   0.000e+00 (4630)
* 23980: obj =   2.126969827e+03 inf =   0.000e+00 (4690) 1
* 24035: obj =   2.126969827e+03 inf =   0.000e+00 (4667)
* 24086: obj =   2.126969827e+03 inf =   0.000e+00 (4680) 1
* 24140: obj =   2.126969827e+03 inf =   0.000e+00 (4684)
* 24190: obj =   2.126969827e+03 inf =   0.000e+00 (4703) 1
* 24245: obj =   2.126969827e+03 inf =   0.000e+00 (4692)
* 24297: obj =   2.126969827e+03 inf =   0.000e+00 (4688) 1
* 24353: obj =   2.126969827e+03 inf =   0.000e+00 (4698)
* 24405: obj =   2.126969827e+03 inf =   0.000e+00 (4701) 1
* 24461: obj =   2.126969827e+03 inf =   0.000e+00 (4693)
* 24512: obj =   2.126969827e+03 inf =   0.000e+00 (4696) 1
* 24568: obj =   2.126969827e+03 inf =   0.000e+00 (4698)
* 24619: obj =   2.126969827e+03 inf =   0.000e+00 (4683) 1
* 24675: obj =   2.126969827e+03 inf =   0.000e+00 (4685)
* 24727: obj =   2.126969827e+03 inf =   0.000e+00 (4711) 1
* 24782: obj =   2.126969827e+03 inf =   0.000e+00 (4704)
* 24833: obj =   2.126969827e+03 inf =   0.000e+00 (4741) 1
* 24888: obj =   2.126969827e+03 inf =   0.000e+00 (4715)
* 24940: obj =   2.126969827e+03 inf =   0.000e+00 (4785) 1
* 24996: obj =   2.126969827e+03 inf =   0.000e+00 (4806)
* 25047: obj =   2.126969827e+03 inf =   0.000e+00 (4807) 1
* 25103: obj =   2.126969827e+03 inf =   0.000e+00 (4798)
* 25154: obj =   2.126969827e+03 inf =   0.000e+00 (4806) 1
* 25209: obj =   2.126969827e+03 inf =   0.000e+00 (4810)
* 25260: obj =   2.126969827e+03 inf =   0.000e+00 (4791) 1
* 25316: obj =   2.126969827e+03 inf =   0.000e+00 (4796)
* 25367: obj =   2.126969827e+03 inf =   0.000e+00 (4808) 1
* 25422: obj =   2.126969827e+03 inf =   0.000e+00 (4804)
* 25474: obj =   2.126969827e+03 inf =   0.000e+00 (4806) 1
* 25529: obj =   2.126969827e+03 inf =   0.000e+00 (4822)
* 25580: obj =   2.126969827e+03 inf =   0.000e+00 (4808) 1
* 25632: obj =   2.126969827e+03 inf =   0.000e+00 (4800)
* 25681: obj =   2.126969827e+03 inf =   0.000e+00 (4813) 1
* 25737: obj =   2.126969827e+03 inf =   0.000e+00 (4811)
* 25789: obj =   2.126969827e+03 inf =   0.000e+00 (4825) 1
* 25845: obj =   2.126969827e+03 inf =   0.000e+00 (4813)
* 25897: obj =   2.126969827e+03 inf =   0.000e+00 (4806) 1
* 25951: obj =   2.126969827e+03 inf =   0.000e+00 (4804) 1
* 26007: obj =   2.126969827e+03 inf =   0.000e+00 (4819)
* 26058: obj =   2.126969827e+03 inf =   0.000e+00 (4823) 1
* 26114: obj =   2.126969827e+03 inf =   0.000e+00 (4817)
* 26165: obj =   2.126969827e+03 inf =   0.000e+00 (4816) 1
* 26221: obj =   2.126969827e+03 inf =   0.000e+00 (4842)
* 26272: obj =   2.126969827e+03 inf =   0.000e+00 (4844) 1
* 26327: obj =   2.126969827e+03 inf =   0.000e+00 (4859)
* 26378: obj =   2.126969827e+03 inf =   0.000e+00 (4864) 1
* 26433: obj =   2.126969827e+03 inf =   0.000e+00 (4861)
* 26484: obj =   2.126969827e+03 inf =   0.000e+00 (4875) 1
* 26540: obj =   2.126969827e+03 inf =   0.000e+00 (4881)
* 26591: obj =   2.126969827e+03 inf =   0.000e+00 (4885) 1
* 26647: obj =   2.126969827e+03 inf =   0.000e+00 (4890)
* 26697: obj =   2.126969827e+03 inf =   0.000e+00 (4895) 1
* 26752: obj =   2.126969827e+03 inf =   0.000e+00 (4885)
* 26803: obj =   2.126969827e+03 inf =   0.000e+00 (4889) 1
* 26858: obj =   2.126969827e+03 inf =   0.000e+00 (4906)
* 26909: obj =   2.126969827e+03 inf =   0.000e+00 (4891) 1
* 26964: obj =   2.126969827e+03 inf =   0.000e+00 (4898)
* 27015: obj =   2.126969827e+03 inf =   0.000e+00 (4894) 1
* 27068: obj =   2.126969827e+03 inf =   0.000e+00 (4903)
* 27117: obj =   2.126969827e+03 inf =   0.000e+00 (4903) 1
* 27169: obj =   2.126969827e+03 inf =   0.000e+00 (4915)
* 27219: obj =   2.126969827e+03 inf =   0.000e+00 (4902) 1
* 27273: obj =   2.126969827e+03 inf =   0.000e+00 (4908)
* 27324: obj =   2.126969827e+03 inf =   0.000e+00 (4921) 1
* 27380: obj =   2.126969827e+03 inf =   0.000e+00 (4933)
* 27432: obj =   2.126969827e+03 inf =   0.000e+00 (4914) 1
* 27487: obj =   2.126969827e+03 inf =   0.000e+00 (4929)
* 27538: obj =   2.126969827e+03 inf =   0.000e+00 (4923) 1
* 27593: obj =   2.126969827e+03 inf =   0.000e+00 (4930)
* 27644: obj =   2.126969827e+03 inf =   0.000e+00 (4928) 1
* 27699: obj =   2.126969827e+03 inf =   0.000e+00 (4922)
* 27749: obj =   2.126969827e+03 inf =   0.000e+00 (4931) 1
* 27804: obj =   2.126969827e+03 inf =   0.000e+00 (4939)
* 27855: obj =   2.126969827e+03 inf =   0.000e+00 (4947) 1
* 27910: obj =   2.126969827e+03 inf =   0.000e+00 (4941)
* 27961: obj =   2.126969827e+03 inf =   0.000e+00 (4952) 1
* 28016: obj =   2.126969827e+03 inf =   0.000e+00 (4944)
* 28066: obj =   2.126969827e+03 inf =   0.000e+00 (4954) 1
* 28120: obj =   2.126969827e+03 inf =   0.000e+00 (4951)
* 28170: obj =   2.126969827e+03 inf =   0.000e+00 (4946) 1
* 28224: obj =   2.126969827e+03 inf =   0.000e+00 (4977)
* 28273: obj =   2.126969827e+03 inf =   0.000e+00 (4970) 1
* 28327: obj =   2.126969827e+03 inf =   0.000e+00 (4965)
* 28377: obj =   2.126969827e+03 inf =   0.000e+00 (4964) 1
* 28431: obj =   2.126969827e+03 inf =   0.000e+00 (4983)
* 28480: obj =   2.126969827e+03 inf =   0.000e+00 (4981) 1
* 28532: obj =   2.126969827e+03 inf =   0.000e+00 (4983)
* 28580: obj =   2.126969827e+03 inf =   0.000e+00 (5002) 1
* 28634: obj =   2.126969827e+03 inf =   0.000e+00 (5000)
* 28684: obj =   2.126969827e+03 inf =   0.000e+00 (4996) 1
* 28739: obj =   2.126969827e+03 inf =   0.000e+00 (5019)
* 28790: obj =   2.126969827e+03 inf =   0.000e+00 (5039) 1
* 28844: obj =   2.126969827e+03 inf =   0.000e+00 (5010)
* 28894: obj =   2.126969827e+03 inf =   0.000e+00 (5027) 1
* 28949: obj =   2.126969827e+03 inf =   0.000e+00 (5040)
* 28999: obj =   2.126969827e+03 inf =   0.000e+00 (5027) 1
* 29054: obj =   2.126969827e+03 inf =   0.000e+00 (5027)
* 29104: obj =   2.126969827e+03 inf =   0.000e+00 (5034) 1
* 29159: obj =   2.126969827e+03 inf =   0.000e+00 (5006)
* 29210: obj =   2.126969827e+03 inf =   0.000e+00 (5024) 1
* 29264: obj =   2.126969827e+03 inf =   0.000e+00 (5042)
* 29314: obj =   2.126969827e+03 inf =   0.000e+00 (5023) 1
* 29368: obj =   2.126969827e+03 inf =   0.000e+00 (5044)
* 29418: obj =   2.126969827e+03 inf =   0.000e+00 (5036) 1
* 29473: obj =   2.126969827e+03 inf =   0.000e+00 (5037)
* 29523: obj =   2.126969827e+03 inf =   0.000e+00 (5051) 1
* 29578: obj =   2.126969827e+03 inf =   0.000e+00 (5040)
* 29627: obj =   2.126969827e+03 inf =   0.000e+00 (5032) 1
* 29681: obj =   2.126969827e+03 inf =   0.000e+00 (5037)
* 29730: obj =   2.126969827e+03 inf =   0.000e+00 (5041) 1
* 29784: obj =   2.126969827e+03 inf =   0.000e+00 (5056)
* 29834: obj =   2.126969827e+03 inf =   0.000e+00 (5053) 1
* 29887: obj =   2.126969827e+03 inf =   0.000e+00 (5058)
* 29935: obj =   2.126969827e+03 inf =   0.000e+00 (5048) 1
* 29987: obj =   2.126969827e+03 inf =   0.000e+00 (5058)
* 30036: obj =   2.126969827e+03 inf =   0.000e+00 (5058) 1
* 30090: obj =   2.126969827e+03 inf =   0.000e+00 (5064)
* 30140: obj =   2.126969827e+03 inf =   0.000e+00 (5079) 1
* 30194: obj =   2.126969827e+03 inf =   0.000e+00 (5110)
* 30244: obj =   2.126969827e+03 inf =   0.000e+00 (5131) 1
* 30298: obj =   2.126969827e+03 inf =   0.000e+00 (5134)
* 30348: obj =   2.126969827e+03 inf =   0.000e+00 (5156) 1
* 30402: obj =   2.126969827e+03 inf =   0.000e+00 (5170)
* 30451: obj =   2.126969827e+03 inf =   0.000e+00 (5157) 1
* 30504: obj =   2.126969827e+03 inf =   0.000e+00 (5160)
* 30554: obj =   2.126969827e+03 inf =   0.000e+00 (5147) 1
* 30609: obj =   2.126969827e+03 inf =   0.000e+00 (5165)
* 30659: obj =   2.126969827e+03 inf =   0.000e+00 (5165) 1
* 30713: obj =   2.126969827e+03 inf =   0.000e+00 (5163)
* 30763: obj =   2.126969827e+03 inf =   0.000e+00 (5161) 1
* 30817: obj =   2.126969827e+03 inf =   0.000e+00 (5149)
* 30866: obj =   2.126969827e+03 inf =   0.000e+00 (5161) 1
* 30920: obj =   2.126969827e+03 inf =   0.000e+00 (5145)
* 30970: obj =   2.126969827e+03 inf =   0.000e+00 (5155) 1
* 31024: obj =   2.126969827e+03 inf =   0.000e+00 (5147)
* 31073: obj =   2.126969827e+03 inf =   0.000e+00 (5146) 1
* 31127: obj =   2.126969827e+03 inf =   0.000e+00 (5151)
* 31176: obj =   2.126969827e+03 inf =   0.000e+00 (5153) 1
* 31229: obj =   2.126969827e+03 inf =   0.000e+00 (5157)
* 31277: obj =   2.126969827e+03 inf =   0.000e+00 (5178) 1
* 31328: obj =   2.126969827e+03 inf =   0.000e+00 (5168)
* 31379: obj =   2.126969827e+03 inf =   0.000e+00 (5165) 1
* 31434: obj =   2.126969827e+03 inf =   0.000e+00 (5180)
* 31484: obj =   2.126969827e+03 inf =   0.000e+00 (5202) 1
* 31539: obj =   2.126969827e+03 inf =   0.000e+00 (5166)
* 31589: obj =   2.126969827e+03 inf =   0.000e+00 (5164) 1
* 31643: obj =   2.126969827e+03 inf =   0.000e+00 (5166)
* 31693: obj =   2.126969827e+03 inf =   0.000e+00 (5172) 1
* 31747: obj =   2.126969827e+03 inf =   0.000e+00 (5160)
* 31797: obj =   2.126969827e+03 inf =   0.000e+00 (5159) 1
* 31851: obj =   2.126969827e+03 inf =   0.000e+00 (5164)
* 31904: obj =   2.126969827e+03 inf =   0.000e+00 (5160) 1
* 31958: obj =   2.126969827e+03 inf =   0.000e+00 (5161)
* 32011: obj =   2.126969827e+03 inf =   0.000e+00 (5167) 1
* 32063: obj =   2.126969827e+03 inf =   0.000e+00 (5158)
* 32115: obj =   2.126969827e+03 inf =   0.000e+00 (5182) 1
* 32169: obj =   2.126969827e+03 inf =   0.000e+00 (5215)
* 32221: obj =   2.126969827e+03 inf =   0.000e+00 (5245) 1
* 32275: obj =   2.126969827e+03 inf =   0.000e+00 (5249)
* 32324: obj =   2.126969827e+03 inf =   0.000e+00 (5240) 1
* 32377: obj =   2.126969827e+03 inf =   0.000e+00 (5248)
* 32427: obj =   2.126969827e+03 inf =   0.000e+00 (5284) 1
* 32481: obj =   2.126969827e+03 inf =   0.000e+00 (5312)
* 32531: obj =   2.126969827e+03 inf =   0.000e+00 (5312) 1
* 32585: obj =   2.126969827e+03 inf =   0.000e+00 (5311)
* 32635: obj =   2.126969827e+03 inf =   0.000e+00 (5291) 1
* 32687: obj =   2.126969827e+03 inf =   0.000e+00 (5303)
* 32734: obj =   2.126969827e+03 inf =   0.000e+00 (5288) 1
* 32786: obj =   2.126969827e+03 inf =   0.000e+00 (5304)
* 32837: obj =   2.126969827e+03 inf =   0.000e+00 (5297) 1
* 32891: obj =   2.126969827e+03 inf =   0.000e+00 (5306)
* 32941: obj =   2.126969827e+03 inf =   0.000e+00 (5291) 1
* 32994: obj =   2.126969827e+03 inf =   0.000e+00 (5302)
* 33043: obj =   2.126969827e+03 inf =   0.000e+00 (5302) 1
* 33097: obj =   2.126969827e+03 inf =   0.000e+00 (5297)
* 33146: obj =   2.126969827e+03 inf =   0.000e+00 (5324) 1
* 33200: obj =   2.126969827e+03 inf =   0.000e+00 (5313)
* 33249: obj =   2.126969827e+03 inf =   0.000e+00 (5342) 1
* 33303: obj =   2.126969827e+03 inf =   0.000e+00 (5313)
* 33352: obj =   2.126969827e+03 inf =   0.000e+00 (5315) 1
* 33406: obj =   2.126969827e+03 inf =   0.000e+00 (5320)
* 33456: obj =   2.126969827e+03 inf =   0.000e+00 (5328) 1
* 33510: obj =   2.126969827e+03 inf =   0.000e+00 (5312)
* 33560: obj =   2.126969827e+03 inf =   0.000e+00 (5324) 1
* 33612: obj =   2.126969827e+03 inf =   0.000e+00 (5310)
* 33659: obj =   2.126969827e+03 inf =   0.000e+00 (5310) 1
* 33711: obj =   2.126969827e+03 inf =   0.000e+00 (5340)
* 33761: obj =   2.126969827e+03 inf =   0.000e+00 (5343) 1
* 33814: obj =   2.126969827e+03 inf =   0.000e+00 (5335)
* 33865: obj =   2.126969827e+03 inf =   0.000e+00 (5313) 1
* 33918: obj =   2.126969827e+03 inf =   0.000e+00 (5328)
* 33968: obj =   2.126969827e+03 inf =   0.000e+00 (5326) 1
* 34019: obj =   2.126969827e+03 inf =   0.000e+00 (5322)
* 34070: obj =   2.126969827e+03 inf =   0.000e+00 (5331)
* 34117: obj =   2.126969827e+03 inf =   0.000e+00 (5336) 1
* 34170: obj =   2.126969827e+03 inf =   0.000e+00 (5334)
* 34218: obj =   2.126969827e+03 inf =   0.000e+00 (5329) 1
* 34271: obj =   2.126969827e+03 inf =   0.000e+00 (5319)
* 34320: obj =   2.126969827e+03 inf =   0.000e+00 (5334) 1
* 34372: obj =   2.126969827e+03 inf =   0.000e+00 (5337)
* 34421: obj =   2.126969827e+03 inf =   0.000e+00 (5328) 1
* 34474: obj =   2.126969827e+03 inf =   0.000e+00 (5322)
* 34523: obj =   2.126969827e+03 inf =   0.000e+00 (5337) 1
* 34576: obj =   2.126969827e+03 inf =   0.000e+00 (5312)
* 34624: obj =   2.126969827e+03 inf =   0.000e+00 (5322) 1
* 34677: obj =   2.126969827e+03 inf =   0.000e+00 (5315)
* 34725: obj =   2.126969827e+03 inf =   0.000e+00 (5317) 1
* 34777: obj =   2.126969827e+03 inf =   0.000e+00 (5320)
* 34826: obj =   2.126969827e+03 inf =   0.000e+00 (5326) 1
* 34878: obj =   2.126969827e+03 inf =   0.000e+00 (5322)
* 34926: obj =   2.126969827e+03 inf =   0.000e+00 (5320) 1
* 34978: obj =   2.126969827e+03 inf =   0.000e+00 (5323)
* 35026: obj =   2.126969827e+03 inf =   0.000e+00 (5327) 1
* 35078: obj =   2.126969827e+03 inf =   0.000e+00 (5329)
* 35125: obj =   2.126969827e+03 inf =   0.000e+00 (5342) 1
* 35177: obj =   2.126969827e+03 inf =   0.000e+00 (5336)
* 35223: obj =   2.126969827e+03 inf =   0.000e+00 (5328) 1
* 35273: obj =   2.126969827e+03 inf =   0.000e+00 (5344)
* 35320: obj =   2.126969827e+03 inf =   0.000e+00 (5336) 1
* 35371: obj =   2.126969827e+03 inf =   0.000e+00 (5354)
* 35417: obj =   2.126969827e+03 inf =   0.000e+00 (5349) 1
* 35468: obj =   2.126969827e+03 inf =   0.000e+00 (5338)
* 35518: obj =   2.126969827e+03 inf =   0.000e+00 (5355) 1
* 35571: obj =   2.126969827e+03 inf =   0.000e+00 (5353)
* 35623: obj =   2.126969827e+03 inf =   0.000e+00 (5348) 1
* 35676: obj =   2.126969827e+03 inf =   0.000e+00 (5353)
* 35724: obj =   2.126969827e+03 inf =   0.000e+00 (5337) 1
* 35777: obj =   2.126969827e+03 inf =   0.000e+00 (5357)
* 35829: obj =   2.126969827e+03 inf =   0.000e+00 (5354) 1
* 35881: obj =   2.126969827e+03 inf =   0.000e+00 (5358)
* 35931: obj =   2.126969827e+03 inf =   0.000e+00 (5347) 1
* 35983: obj =   2.126969827e+03 inf =   0.000e+00 (5355)
* 36035: obj =   2.126969827e+03 inf =   0.000e+00 (5340) 1
* 36087: obj =   2.126969827e+03 inf =   0.000e+00 (5349)
* 36137: obj =   2.126969827e+03 inf =   0.000e+00 (5342) 1
* 36189: obj =   2.126969827e+03 inf =   0.000e+00 (5339)
* 36240: obj =   2.126969827e+03 inf =   0.000e+00 (5366)
* 36287: obj =   2.126969827e+03 inf =   0.000e+00 (5338) 1
* 36338: obj =   2.126969827e+03 inf =   0.000e+00 (5346)
* 36386: obj =   2.126969827e+03 inf =   0.000e+00 (5337) 1
* 36438: obj =   2.126969827e+03 inf =   0.000e+00 (5352)
* 36486: obj =   2.126969827e+03 inf =   0.000e+00 (5338) 1
* 36539: obj =   2.126969827e+03 inf =   0.000e+00 (5341)
* 36587: obj =   2.126969827e+03 inf =   0.000e+00 (5346) 1
* 36638: obj =   2.126969827e+03 inf =   0.000e+00 (5334)
* 36686: obj =   2.126969827e+03 inf =   0.000e+00 (5342) 1
* 36735: obj =   2.126969827e+03 inf =   0.000e+00 (5338)
* 36779: obj =   2.126969827e+03 inf =   0.000e+00 (5344) 1
* 36831: obj =   2.126969827e+03 inf =   0.000e+00 (5339)
* 36879: obj =   2.126969827e+03 inf =   0.000e+00 (5349) 1
* 36931: obj =   2.126969827e+03 inf =   0.000e+00 (5359)
* 36979: obj =   2.126969827e+03 inf =   0.000e+00 (5345) 1
* 37031: obj =   2.126969827e+03 inf =   0.000e+00 (5350)
* 37079: obj =   2.126969827e+03 inf =   0.000e+00 (5344) 1
* 37131: obj =   2.126969827e+03 inf =   0.000e+00 (5354)
* 37179: obj =   2.126969827e+03 inf =   0.000e+00 (5360) 1
* 37231: obj =   2.126969827e+03 inf =   0.000e+00 (5353)
* 37283: obj =   2.126969827e+03 inf =   0.000e+00 (5362) 1
* 37335: obj =   2.126969827e+03 inf =   0.000e+00 (5359)
* 37384: obj =   2.126969827e+03 inf =   0.000e+00 (5375) 1
* 37436: obj =   2.126969827e+03 inf =   0.000e+00 (5362)
* 37487: obj =   2.126969827e+03 inf =   0.000e+00 (5359) 1
* 37539: obj =   2.126969827e+03 inf =   0.000e+00 (5377)
* 37591: obj =   2.126969827e+03 inf =   0.000e+00 (5372) 1
* 37643: obj =   2.126969827e+03 inf =   0.000e+00 (5383)
* 37693: obj =   2.126969827e+03 inf =   0.000e+00 (5360) 1
* 37745: obj =   2.126969827e+03 inf =   0.000e+00 (5387)
* 37796: obj =   2.126969827e+03 inf =   0.000e+00 (5380)
* 37843: obj =   2.126969827e+03 inf =   0.000e+00 (5396) 1
* 37894: obj =   2.126969827e+03 inf =   0.000e+00 (5383)
* 37941: obj =   2.126969827e+03 inf =   0.000e+00 (5389) 1
* 37992: obj =   2.126969827e+03 inf =   0.000e+00 (5389)
* 38039: obj =   2.126969827e+03 inf =   0.000e+00 (5386) 1
* 38089: obj =   2.126969827e+03 inf =   0.000e+00 (5386)
* 38134: obj =   2.126969827e+03 inf =   0.000e+00 (5397) 1
* 38183: obj =   2.126969827e+03 inf =   0.000e+00 (5379)
* 38229: obj =   2.126969827e+03 inf =   0.000e+00 (5386) 1
* 38280: obj =   2.126969827e+03 inf =   0.000e+00 (5388)
* 38326: obj =   2.126969827e+03 inf =   0.000e+00 (5380) 1
* 38378: obj =   2.126969827e+03 inf =   0.000e+00 (5381)
* 38426: obj =   2.126969827e+03 inf =   0.000e+00 (5379) 1
* 38478: obj =   2.126969827e+03 inf =   0.000e+00 (5400)
* 38526: obj =   2.126969827e+03 inf =   0.000e+00 (5390) 1
* 38578: obj =   2.126969827e+03 inf =   0.000e+00 (5385)
* 38630: obj =   2.126969827e+03 inf =   0.000e+00 (5413) 1
* 38682: obj =   2.126969827e+03 inf =   0.000e+00 (5391)
* 38734: obj =   2.126969827e+03 inf =   0.000e+00 (5390) 1
* 38785: obj =   2.126969827e+03 inf =   0.000e+00 (5387)
* 38836: obj =   2.126969827e+03 inf =   0.000e+00 (5413) 1
* 38888: obj =   2.126969827e+03 inf =   0.000e+00 (5406)
* 38939: obj =   2.126969827e+03 inf =   0.000e+00 (5407)
* 38986: obj =   2.126969827e+03 inf =   0.000e+00 (5384) 1
* 39037: obj =   2.126969827e+03 inf =   0.000e+00 (5396)
* 39084: obj =   2.126969827e+03 inf =   0.000e+00 (5398) 1
* 39135: obj =   2.126969827e+03 inf =   0.000e+00 (5397)
* 39182: obj =   2.126969827e+03 inf =   0.000e+00 (5414) 1
* 39233: obj =   2.126969827e+03 inf =   0.000e+00 (5396)
* 39280: obj =   2.126969827e+03 inf =   0.000e+00 (5395) 1
* 39331: obj =   2.126969827e+03 inf =   0.000e+00 (5402)
* 39377: obj =   2.126969827e+03 inf =   0.000e+00 (5404) 1
* 39426: obj =   2.126969827e+03 inf =   0.000e+00 (5400)
* 39472: obj =   2.126969827e+03 inf =   0.000e+00 (5396) 1
* 39522: obj =   2.126969827e+03 inf =   0.000e+00 (5393)
* 39569: obj =   2.126969827e+03 inf =   0.000e+00 (5449) 1
* 39621: obj =   2.126969827e+03 inf =   0.000e+00 (5479)
* 39668: obj =   2.126969827e+03 inf =   0.000e+00 (5465) 1
* 39719: obj =   2.126969827e+03 inf =   0.000e+00 (5467)
* 39766: obj =   2.126969827e+03 inf =   0.000e+00 (5472) 1
* 39816: obj =   2.126969827e+03 inf =   0.000e+00 (5442)
* 39867: obj =   2.126969827e+03 inf =   0.000e+00 (5465)
* 39914: obj =   2.126969827e+03 inf =   0.000e+00 (5469) 1
* 39966: obj =   2.126969827e+03 inf =   0.000e+00 (5453)
* 40013: obj =   2.126969827e+03 inf =   0.000e+00 (5459) 1
* 40065: obj =   2.126969827e+03 inf =   0.000e+00 (5432)
* 40112: obj =   2.126969827e+03 inf =   0.000e+00 (5474) 1
* 40163: obj =   2.126969827e+03 inf =   0.000e+00 (5511)
* 40210: obj =   2.126969827e+03 inf =   0.000e+00 (5505) 1
* 40261: obj =   2.126969827e+03 inf =   0.000e+00 (5503)
* 40307: obj =   2.126969827e+03 inf =   0.000e+00 (5513) 1
* 40358: obj =   2.126969827e+03 inf =   0.000e+00 (5510)
* 40404: obj =   2.126969827e+03 inf =   0.000e+00 (5509) 1
* 40455: obj =   2.126969827e+03 inf =   0.000e+00 (5534)
* 40502: obj =   2.126969827e+03 inf =   0.000e+00 (5517) 1
* 40553: obj =   2.126969827e+03 inf =   0.000e+00 (5509)
* 40600: obj =   2.126969827e+03 inf =   0.000e+00 (5502) 1
* 40651: obj =   2.126969827e+03 inf =   0.000e+00 (5556)
* 40698: obj =   2.126969827e+03 inf =   0.000e+00 (5499) 1
* 40748: obj =   2.126969827e+03 inf =   0.000e+00 (5493)
* 40793: obj =   2.126969827e+03 inf =   0.000e+00 (5516) 1
* 40843: obj =   2.126969827e+03 inf =   0.000e+00 (5509)
* 40890: obj =   2.126969827e+03 inf =   0.000e+00 (5512) 1
* 40942: obj =   2.126969827e+03 inf =   0.000e+00 (5501)
* 40990: obj =   2.126969827e+03 inf =   0.000e+00 (5495) 1
* 41041: obj =   2.126969827e+03 inf =   0.000e+00 (5488)
* 41092: obj =   2.126969827e+03 inf =   0.000e+00 (5495) 1
* 41143: obj =   2.126969827e+03 inf =   0.000e+00 (5493)
* 41195: obj =   2.126969827e+03 inf =   0.000e+00 (5496) 1
* 41247: obj =   2.126969827e+03 inf =   0.000e+00 (5528)
* 41298: obj =   2.126969827e+03 inf =   0.000e+00 (5512)
* 41344: obj =   2.126969827e+03 inf =   0.000e+00 (5503) 1
* 41395: obj =   2.126969827e+03 inf =   0.000e+00 (5538)
* 41442: obj =   2.126969827e+03 inf =   0.000e+00 (5531) 1
* 41494: obj =   2.126969827e+03 inf =   0.000e+00 (5539)
* 41541: obj =   2.126969827e+03 inf =   0.000e+00 (5529) 1
* 41592: obj =   2.126969827e+03 inf =   0.000e+00 (5528)
* 41639: obj =   2.126969827e+03 inf =   0.000e+00 (5540) 1
* 41690: obj =   2.126969827e+03 inf =   0.000e+00 (5541)
* 41738: obj =   2.126969827e+03 inf =   0.000e+00 (5506) 1
* 41790: obj =   2.126969827e+03 inf =   0.000e+00 (5510)
* 41837: obj =   2.126969827e+03 inf =   0.000e+00 (5522) 1
* 41888: obj =   2.126969827e+03 inf =   0.000e+00 (5530)
* 41935: obj =   2.126969827e+03 inf =   0.000e+00 (5511) 1
* 41986: obj =   2.126969827e+03 inf =   0.000e+00 (5505)
* 42032: obj =   2.126969827e+03 inf =   0.000e+00 (5528) 1
* 42080: obj =   2.126969827e+03 inf =   0.000e+00 (5516)
* 42125: obj =   2.126969827e+03 inf =   0.000e+00 (5505) 1
* 42177: obj =   2.126969827e+03 inf =   0.000e+00 (5527)
* 42224: obj =   2.126969827e+03 inf =   0.000e+00 (5518) 1
* 42275: obj =   2.126969827e+03 inf =   0.000e+00 (5512)
* 42326: obj =   2.126969827e+03 inf =   0.000e+00 (5521) 1
* 42378: obj =   2.126969827e+03 inf =   0.000e+00 (5549)
* 42429: obj =   2.126969827e+03 inf =   0.000e+00 (5529) 1
* 42481: obj =   2.126969827e+03 inf =   0.000e+00 (5516)
* 42532: obj =   2.126969827e+03 inf =   0.000e+00 (5506) 1
* 42584: obj =   2.126969827e+03 inf =   0.000e+00 (5511)
* 42634: obj =   2.126969827e+03 inf =   0.000e+00 (5508) 1
* 42685: obj =   2.126969827e+03 inf =   0.000e+00 (5529)
* 42735: obj =   2.126969827e+03 inf =   0.000e+00 (5520) 1
* 42786: obj =   2.126969827e+03 inf =   0.000e+00 (5514)
* 42836: obj =   2.126969827e+03 inf =   0.000e+00 (5514)
* 42881: obj =   2.126969827e+03 inf =   0.000e+00 (5535) 1
* 42932: obj =   2.126969827e+03 inf =   0.000e+00 (5518)
* 42979: obj =   2.126969827e+03 inf =   0.000e+00 (5507) 1
* 43030: obj =   2.126969827e+03 inf =   0.000e+00 (5533)
* 43077: obj =   2.126969827e+03 inf =   0.000e+00 (5514) 1
* 43128: obj =   2.126969827e+03 inf =   0.000e+00 (5512)
* 43175: obj =   2.126969827e+03 inf =   0.000e+00 (5529) 1
* 43226: obj =   2.126969827e+03 inf =   0.000e+00 (5527)
* 43273: obj =   2.126969827e+03 inf =   0.000e+00 (5509) 1
* 43324: obj =   2.126969827e+03 inf =   0.000e+00 (5512)
* 43369: obj =   2.126969827e+03 inf =   0.000e+00 (5532) 1
* 43418: obj =   2.126969827e+03 inf =   0.000e+00 (5521)
* 43463: obj =   2.126969827e+03 inf =   0.000e+00 (5514) 1
* 43515: obj =   2.126969827e+03 inf =   0.000e+00 (5525)
* 43562: obj =   2.126969827e+03 inf =   0.000e+00 (5529) 1
* 43613: obj =   2.126969827e+03 inf =   0.000e+00 (5527)
* 43664: obj =   2.126969827e+03 inf =   0.000e+00 (5511)
* 43711: obj =   2.126969827e+03 inf =   0.000e+00 (5522) 1
* 43762: obj =   2.126969827e+03 inf =   0.000e+00 (5554)
* 43809: obj =   2.126969827e+03 inf =   0.000e+00 (5620) 1
* 43860: obj =   2.126969827e+03 inf =   0.000e+00 (5616)
* 43906: obj =   2.126969827e+03 inf =   0.000e+00 (5599) 1
* 43957: obj =   2.126969827e+03 inf =   0.000e+00 (5626)
* 44004: obj =   2.126969827e+03 inf =   0.000e+00 (5649) 1
* 44055: obj =   2.126969827e+03 inf =   0.000e+00 (5637)
* 44102: obj =   2.126969827e+03 inf =   0.000e+00 (5688) 1
* 44153: obj =   2.126969827e+03 inf =   0.000e+00 (5680)
* 44198: obj =   2.126969827e+03 inf =   0.000e+00 (5699) 1
* 44249: obj =   2.126969827e+03 inf =   0.000e+00 (5693)
* 44295: obj =   2.126969827e+03 inf =   0.000e+00 (5699) 1
* 44344: obj =   2.126969827e+03 inf =   0.000e+00 (5724)
* 44394: obj =   2.126969827e+03 inf =   0.000e+00 (5735)
* 44440: obj =   2.126969827e+03 inf =   0.000e+00 (5726) 1
* 44491: obj =   2.126969827e+03 inf =   0.000e+00 (5762)
* 44538: obj =   2.126969827e+03 inf =   0.000e+00 (5757) 1
* 44589: obj =   2.126969827e+03 inf =   0.000e+00 (5767)
* 44635: obj =   2.126969827e+03 inf =   0.000e+00 (5772) 1
* 44683: obj =   2.126969827e+03 inf =   0.000e+00 (5790)
* 44728: obj =   2.126969827e+03 inf =   0.000e+00 (5817) 1
* 44779: obj =   2.126969827e+03 inf =   0.000e+00 (5829)
* 44825: obj =   2.126969827e+03 inf =   0.000e+00 (5814) 1
* 44876: obj =   2.126969827e+03 inf =   0.000e+00 (5836)
* 44922: obj =   2.126969827e+03 inf =   0.000e+00 (5841) 1
* 44974: obj =   2.126969827e+03 inf =   0.000e+00 (5874)
* 45021: obj =   2.126969827e+03 inf =   0.000e+00 (5882) 1
* 45072: obj =   2.126969827e+03 inf =   0.000e+00 (5913)
* 45123: obj =   2.126969827e+03 inf =   0.000e+00 (5910)
* 45169: obj =   2.126969827e+03 inf =   0.000e+00 (5906) 1
* 45220: obj =   2.126969827e+03 inf =   0.000e+00 (5903)
* 45267: obj =   2.126969827e+03 inf =   0.000e+00 (5914) 1
* 45318: obj =   2.126969827e+03 inf =   0.000e+00 (5895)
* 45365: obj =   2.126969827e+03 inf =   0.000e+00 (5911) 1
* 45416: obj =   2.126969827e+03 inf =   0.000e+00 (5897)
* 45463: obj =   2.126969827e+03 inf =   0.000e+00 (5911) 1
* 45514: obj =   2.126969827e+03 inf =   0.000e+00 (5929)
* 45560: obj =   2.126969827e+03 inf =   0.000e+00 (5921) 1
* 45611: obj =   2.126969827e+03 inf =   0.000e+00 (5921)
* 45657: obj =   2.126969827e+03 inf =   0.000e+00 (5924) 1
* 45707: obj =   2.126969827e+03 inf =   0.000e+00 (5929)
* 45753: obj =   2.126969827e+03 inf =   0.000e+00 (5934) 1
* 45803: obj =   2.126969827e+03 inf =   0.000e+00 (5939)
* 45849: obj =   2.126969827e+03 inf =   0.000e+00 (5931) 1
* 45899: obj =   2.126969827e+03 inf =   0.000e+00 (5928)
* 45949: obj =   2.126969827e+03 inf =   0.000e+00 (5937)
* 45994: obj =   2.126969827e+03 inf =   0.000e+00 (5924) 1
* 46043: obj =   2.126969827e+03 inf =   0.000e+00 (5946)
* 46090: obj =   2.126969827e+03 inf =   0.000e+00 (5928) 1
* 46141: obj =   2.126969827e+03 inf =   0.000e+00 (5937)
* 46187: obj =   2.126969827e+03 inf =   0.000e+00 (5932) 1
* 46238: obj =   2.126969827e+03 inf =   0.000e+00 (5940)
* 46284: obj =   2.126969827e+03 inf =   0.000e+00 (5976) 1
* 46335: obj =   2.126969827e+03 inf =   0.000e+00 (5988)
* 46382: obj =   2.126969827e+03 inf =   0.000e+00 (5984) 1
* 46433: obj =   2.126969827e+03 inf =   0.000e+00 (5992)
* 46480: obj =   2.126969827e+03 inf =   0.000e+00 (5982) 1
* 46531: obj =   2.126969827e+03 inf =   0.000e+00 (5983)
* 46577: obj =   2.126969827e+03 inf =   0.000e+00 (5984) 1
* 46628: obj =   2.126969827e+03 inf =   0.000e+00 (5996)
* 46677: obj =   2.126969827e+03 inf =   0.000e+00 (5991) 1
* 46728: obj =   2.126969827e+03 inf =   0.000e+00 (6006)
* 46779: obj =   2.126969827e+03 inf =   0.000e+00 (6010)
* 46826: obj =   2.126969827e+03 inf =   0.000e+00 (6011) 1
* 46877: obj =   2.126969827e+03 inf =   0.000e+00 (6010)
* 46923: obj =   2.126969827e+03 inf =   0.000e+00 (6002) 1
* 46974: obj =   2.126969827e+03 inf =   0.000e+00 (6027)
* 47020: obj =   2.126969827e+03 inf =   0.000e+00 (6011) 1
* 47071: obj =   2.126969827e+03 inf =   0.000e+00 (6008)
* 47117: obj =   2.126969827e+03 inf =   0.000e+00 (6014) 1
* 47167: obj =   2.126969827e+03 inf =   0.000e+00 (6039)
* 47213: obj =   2.126969827e+03 inf =   0.000e+00 (6030) 1
* 47263: obj =   2.126969827e+03 inf =   0.000e+00 (6033)
* 47308: obj =   2.126969827e+03 inf =   0.000e+00 (6032) 1
* 47354: obj =   2.126969827e+03 inf =   0.000e+00 (6036)
* 47403: obj =   2.126969827e+03 inf =   0.000e+00 (6032)
* 47449: obj =   2.126969827e+03 inf =   0.000e+00 (6024) 1
* 47500: obj =   2.126969827e+03 inf =   0.000e+00 (6028)
* 47547: obj =   2.126969827e+03 inf =   0.000e+00 (6021) 1
* 47598: obj =   2.126969827e+03 inf =   0.000e+00 (6032)
* 47644: obj =   2.126969827e+03 inf =   0.000e+00 (6043) 1
* 47695: obj =   2.126969827e+03 inf =   0.000e+00 (6047)
* 47742: obj =   2.126969827e+03 inf =   0.000e+00 (6035) 1
* 47793: obj =   2.126969827e+03 inf =   0.000e+00 (6033)
* 47840: obj =   2.126969827e+03 inf =   0.000e+00 (6054) 1
* 47891: obj =   2.126969827e+03 inf =   0.000e+00 (6044)
* 47937: obj =   2.126969827e+03 inf =   0.000e+00 (6031) 1
* 47988: obj =   2.126969827e+03 inf =   0.000e+00 (6044)
* 48034: obj =   2.126969827e+03 inf =   0.000e+00 (6032) 1
* 48085: obj =   2.126969827e+03 inf =   0.000e+00 (6052)
* 48131: obj =   2.126969827e+03 inf =   0.000e+00 (6043) 1
* 48182: obj =   2.126969827e+03 inf =   0.000e+00 (6050)
* 48233: obj =   2.126969827e+03 inf =   0.000e+00 (6051)
* 48279: obj =   2.126969827e+03 inf =   0.000e+00 (6031) 1
* 48329: obj =   2.126969827e+03 inf =   0.000e+00 (6037)
* 48375: obj =   2.126969827e+03 inf =   0.000e+00 (6037) 1
* 48425: obj =   2.126969827e+03 inf =   0.000e+00 (6051)
* 48471: obj =   2.126969827e+03 inf =   0.000e+00 (6043) 1
* 48521: obj =   2.126969827e+03 inf =   0.000e+00 (6033)
* 48567: obj =   2.126969827e+03 inf =   0.000e+00 (6039) 1
* 48617: obj =   2.126969827e+03 inf =   0.000e+00 (6054)
* 48661: obj =   2.126969827e+03 inf =   0.000e+00 (6039) 1
* 48709: obj =   2.126969827e+03 inf =   0.000e+00 (6039)
* 48755: obj =   2.126969827e+03 inf =   0.000e+00 (6042) 1
* 48805: obj =   2.126969827e+03 inf =   0.000e+00 (6052)
* 48854: obj =   2.126969827e+03 inf =   0.000e+00 (6048)
* 48899: obj =   2.126969827e+03 inf =   0.000e+00 (6056) 1
* 48950: obj =   2.126969827e+03 inf =   0.000e+00 (6066)
* 48996: obj =   2.126969827e+03 inf =   0.000e+00 (6049) 1
* 49046: obj =   2.126969827e+03 inf =   0.000e+00 (6033)
* 49092: obj =   2.126969827e+03 inf =   0.000e+00 (6055) 1
* 49142: obj =   2.126969827e+03 inf =   0.000e+00 (6051)
* 49188: obj =   2.126969827e+03 inf =   0.000e+00 (6057) 1
* 49239: obj =   2.126969827e+03 inf =   0.000e+00 (6057)
* 49285: obj =   2.126969827e+03 inf =   0.000e+00 (6051) 1
* 49336: obj =   2.126969827e+03 inf =   0.000e+00 (6074)
* 49382: obj =   2.126969827e+03 inf =   0.000e+00 (6087) 1
* 49433: obj =   2.126969827e+03 inf =   0.000e+00 (6078)
* 49484: obj =   2.126969827e+03 inf =   0.000e+00 (6080)
* 49530: obj =   2.126969827e+03 inf =   0.000e+00 (6051) 1
* 49581: obj =   2.126969827e+03 inf =   0.000e+00 (6048)
* 49627: obj =   2.126969827e+03 inf =   0.000e+00 (6051) 1
* 49678: obj =   2.126969827e+03 inf =   0.000e+00 (6050)
* 49724: obj =   2.126969827e+03 inf =   0.000e+00 (6054) 1
* 49774: obj =   2.126969827e+03 inf =   0.000e+00 (6056)
* 49820: obj =   2.126969827e+03 inf =   0.000e+00 (6048) 1
* 49870: obj =   2.126969827e+03 inf =   0.000e+00 (6056)
* 49915: obj =   2.126969827e+03 inf =   0.000e+00 (6071) 1
* 49964: obj =   2.126969827e+03 inf =   0.000e+00 (6055)
* 50008: obj =   2.126969827e+03 inf =   0.000e+00 (6054) 1
* 50058: obj =   2.126969827e+03 inf =   0.000e+00 (6057)
* 50109: obj =   2.126969827e+03 inf =   0.000e+00 (6048)
* 50155: obj =   2.126969827e+03 inf =   0.000e+00 (6045) 1
* 50206: obj =   2.126969827e+03 inf =   0.000e+00 (6052)
* 50252: obj =   2.126969827e+03 inf =   0.000e+00 (6047) 1
* 50303: obj =   2.126969827e+03 inf =   0.000e+00 (6058)
* 50348: obj =   2.126969827e+03 inf =   0.000e+00 (6050) 1
* 50398: obj =   2.126969827e+03 inf =   0.000e+00 (6076)
* 50444: obj =   2.126969827e+03 inf =   0.000e+00 (6066) 1
* 50494: obj =   2.126969827e+03 inf =   0.000e+00 (6086)
* 50540: obj =   2.126969827e+03 inf =   0.000e+00 (6060) 1
* 50590: obj =   2.126969827e+03 inf =   0.000e+00 (6070)
* 50636: obj =   2.126969827e+03 inf =   0.000e+00 (6056) 1
* 50686: obj =   2.126969827e+03 inf =   0.000e+00 (6066)
* 50736: obj =   2.126969827e+03 inf =   0.000e+00 (6068) 1
* 50786: obj =   2.126969827e+03 inf =   0.000e+00 (6071)
* 50836: obj =   2.126969827e+03 inf =   0.000e+00 (6061)
* 50882: obj =   2.126969827e+03 inf =   0.000e+00 (6057) 1
* 50932: obj =   2.126969827e+03 inf =   0.000e+00 (6072)
* 50977: obj =   2.126969827e+03 inf =   0.000e+00 (6080) 1
* 51027: obj =   2.126969827e+03 inf =   0.000e+00 (6055)
* 51072: obj =   2.126969827e+03 inf =   0.000e+00 (6081) 1
* 51121: obj =   2.126969827e+03 inf =   0.000e+00 (6079)
* 51166: obj =   2.126969827e+03 inf =   0.000e+00 (6058) 1
* 51214: obj =   2.126969827e+03 inf =   0.000e+00 (6075)
* 51260: obj =   2.126969827e+03 inf =   0.000e+00 (6064) 1
* 51307: obj =   2.126969827e+03 inf =   0.000e+00 (6064)
* 51356: obj =   2.126969827e+03 inf =   0.000e+00 (6063)
* 51402: obj =   2.126969827e+03 inf =   0.000e+00 (6070) 1
* 51453: obj =   2.126969827e+03 inf =   0.000e+00 (6067)
* 51499: obj =   2.126969827e+03 inf =   0.000e+00 (6067) 1
* 51549: obj =   2.126969827e+03 inf =   0.000e+00 (6056)
* 51595: obj =   2.126969827e+03 inf =   0.000e+00 (6045) 1
* 51645: obj =   2.126969827e+03 inf =   0.000e+00 (6047)
* 51691: obj =   2.126969827e+03 inf =   0.000e+00 (6075) 1
* 51741: obj =   2.126969827e+03 inf =   0.000e+00 (6084)
* 51786: obj =   2.126969827e+03 inf =   0.000e+00 (6072) 1
* 51835: obj =   2.126969827e+03 inf =   0.000e+00 (6093)
* 51884: obj =   2.126969827e+03 inf =   0.000e+00 (6119)
* 51929: obj =   2.126969827e+03 inf =   0.000e+00 (6088) 1
* 51979: obj =   2.126969827e+03 inf =   0.000e+00 (6101)
* 52024: obj =   2.126969827e+03 inf =   0.000e+00 (6102) 1
* 52074: obj =   2.126969827e+03 inf =   0.000e+00 (6085)
* 52119: obj =   2.126969827e+03 inf =   0.000e+00 (6107) 1
* 52169: obj =   2.126969827e+03 inf =   0.000e+00 (6107)
* 52214: obj =   2.126969827e+03 inf =   0.000e+00 (6121) 1
* 52264: obj =   2.126969827e+03 inf =   0.000e+00 (6110)
* 52310: obj =   2.126969827e+03 inf =   0.000e+00 (6120) 1
* 52359: obj =   2.126969827e+03 inf =   0.000e+00 (6108)
* 52405: obj =   2.126969827e+03 inf =   0.000e+00 (6118) 1
* 52454: obj =   2.126969827e+03 inf =   0.000e+00 (6109)
* 52503: obj =   2.126969827e+03 inf =   0.000e+00 (6113)
* 52546: obj =   2.126969827e+03 inf =   0.000e+00 (6155) 1
* 52594: obj =   2.126969827e+03 inf =   0.000e+00 (6141)
* 52639: obj =   2.126969827e+03 inf =   0.000e+00 (6144) 1
* 52688: obj =   2.126969827e+03 inf =   0.000e+00 (6143)
* 52733: obj =   2.126969827e+03 inf =   0.000e+00 (6121) 1
* 52783: obj =   2.126969827e+03 inf =   0.000e+00 (6130)
* 52829: obj =   2.126969827e+03 inf =   0.000e+00 (6125) 1
* 52879: obj =   2.126969827e+03 inf =   0.000e+00 (6125)
* 52924: obj =   2.126969827e+03 inf =   0.000e+00 (6147) 1
* 52974: obj =   2.126969827e+03 inf =   0.000e+00 (6149)
* 53019: obj =   2.126969827e+03 inf =   0.000e+00 (6177) 1
* 53069: obj =   2.126969827e+03 inf =   0.000e+00 (6163)
* 53119: obj =   2.126969827e+03 inf =   0.000e+00 (6163)
* 53165: obj =   2.126969827e+03 inf =   0.000e+00 (6171) 1
* 53215: obj =   2.126969827e+03 inf =   0.000e+00 (6168)
* 53260: obj =   2.126969827e+03 inf =   0.000e+00 (6173) 1
* 53309: obj =   2.126969827e+03 inf =   0.000e+00 (6183)
* 53353: obj =   2.126969827e+03 inf =   0.000e+00 (6161) 1
* 53403: obj =   2.126969827e+03 inf =   0.000e+00 (6174)
* 53448: obj =   2.126969827e+03 inf =   0.000e+00 (6157) 1
* 53498: obj =   2.126969827e+03 inf =   0.000e+00 (6165)
* 53543: obj =   2.126969827e+03 inf =   0.000e+00 (6154) 1
* 53592: obj =   2.126969827e+03 inf =   0.000e+00 (6159)
* 53638: obj =   2.126969827e+03 inf =   0.000e+00 (6161) 1
* 53688: obj =   2.126969827e+03 inf =   0.000e+00 (6157)
* 53737: obj =   2.126969827e+03 inf =   0.000e+00 (6159)
* 53781: obj =   2.126969827e+03 inf =   0.000e+00 (6167) 1
* 53828: obj =   2.126969827e+03 inf =   0.000e+00 (6166)
* 53872: obj =   2.126969827e+03 inf =   0.000e+00 (6178) 1
* 53922: obj =   2.126969827e+03 inf =   0.000e+00 (6193)
* 53967: obj =   2.126969827e+03 inf =   0.000e+00 (6167) 1
* 54017: obj =   2.126969827e+03 inf =   0.000e+00 (6176)
* 54062: obj =   2.126969827e+03 inf =   0.000e+00 (6181) 1
* 54112: obj =   2.126969827e+03 inf =   0.000e+00 (6188)
* 54157: obj =   2.126969827e+03 inf =   0.000e+00 (6186) 1
* 54207: obj =   2.126969827e+03 inf =   0.000e+00 (6191)
* 54257: obj =   2.126969827e+03 inf =   0.000e+00 (6197) 1
* 54307: obj =   2.126969827e+03 inf =   0.000e+00 (6212)
* 54356: obj =   2.126969827e+03 inf =   0.000e+00 (6208)
* 54401: obj =   2.126969827e+03 inf =   0.000e+00 (6189) 1
* 54451: obj =   2.126969827e+03 inf =   0.000e+00 (6193)
* 54496: obj =   2.126969827e+03 inf =   0.000e+00 (6191) 1
* 54545: obj =   2.126969827e+03 inf =   0.000e+00 (6188)
* 54590: obj =   2.126969827e+03 inf =   0.000e+00 (6203) 1
* 54639: obj =   2.126969827e+03 inf =   0.000e+00 (6210)
* 54684: obj =   2.126969827e+03 inf =   0.000e+00 (6195) 1
* 54733: obj =   2.126969827e+03 inf =   0.000e+00 (6223)
* 54779: obj =   2.126969827e+03 inf =   0.000e+00 (6204) 1
* 54827: obj =   2.126969827e+03 inf =   0.000e+00 (6214)
* 54875: obj =   2.126969827e+03 inf =   0.000e+00 (6198)
* 54920: obj =   2.126969827e+03 inf =   0.000e+00 (6246) 1
* 54970: obj =   2.126969827e+03 inf =   0.000e+00 (6210)
* 55015: obj =   2.126969827e+03 inf =   0.000e+00 (6211) 1
* 55062: obj =   2.126969827e+03 inf =   0.000e+00 (6200)
* 55105: obj =   2.126969827e+03 inf =   0.000e+00 (6213) 1
* 55155: obj =   2.126969827e+03 inf =   0.000e+00 (6228)
* 55200: obj =   2.126969827e+03 inf =   0.000e+00 (6227) 1
* 55250: obj =   2.126969827e+03 inf =   0.000e+00 (6236)
* 55296: obj =   2.126969827e+03 inf =   0.000e+00 (6216) 1
* 55346: obj =   2.126969827e+03 inf =   0.000e+00 (6221)
* 55396: obj =   2.126969827e+03 inf =   0.000e+00 (6215)
* 55441: obj =   2.126969827e+03 inf =   0.000e+00 (6208) 1
* 55490: obj =   2.126969827e+03 inf =   0.000e+00 (6203)
* 55536: obj =   2.126969827e+03 inf =   0.000e+00 (6223) 1
* 55585: obj =   2.126969827e+03 inf =   0.000e+00 (6213)
* 55629: obj =   2.126969827e+03 inf =   0.000e+00 (6246) 1
* 55679: obj =   2.126969827e+03 inf =   0.000e+00 (6214)
* 55724: obj =   2.126969827e+03 inf =   0.000e+00 (6214) 1
* 55774: obj =   2.126969827e+03 inf =   0.000e+00 (6214)
* 55819: obj =   2.126969827e+03 inf =   0.000e+00 (6246) 1
* 55868: obj =   2.126969827e+03 inf =   0.000e+00 (6218)
* 55914: obj =   2.126969827e+03 inf =   0.000e+00 (6229) 1
* 55964: obj =   2.126969827e+03 inf =   0.000e+00 (6247)
* 56014: obj =   2.126969827e+03 inf =   0.000e+00 (6241)
* 56059: obj =   2.126969827e+03 inf =   0.000e+00 (6236) 1
* 56109: obj =   2.126969827e+03 inf =   0.000e+00 (6222)
* 56153: obj =   2.126969827e+03 inf =   0.000e+00 (6224) 1
* 56202: obj =   2.126969827e+03 inf =   0.000e+00 (6222)
* 56247: obj =   2.126969827e+03 inf =   0.000e+00 (6258) 1
* 56296: obj =   2.126969827e+03 inf =   0.000e+00 (6213)
* 56338: obj =   2.126969827e+03 inf =   0.000e+00 (6227) 1
* 56385: obj =   2.126969827e+03 inf =   0.000e+00 (6209)
* 56435: obj =   2.126969827e+03 inf =   0.000e+00 (6222)
* 56481: obj =   2.126969827e+03 inf =   0.000e+00 (6196) 1
* 56531: obj =   2.126969827e+03 inf =   0.000e+00 (6217)
* 56576: obj =   2.126969827e+03 inf =   0.000e+00 (6223) 1
* 56626: obj =   2.126969827e+03 inf =   0.000e+00 (6234)
* 56671: obj =   2.126969827e+03 inf =   0.000e+00 (6236) 1
* 56720: obj =   2.126969827e+03 inf =   0.000e+00 (6207)
* 56765: obj =   2.126969827e+03 inf =   0.000e+00 (6222) 1
* 56815: obj =   2.126969827e+03 inf =   0.000e+00 (6234)
* 56860: obj =   2.126969827e+03 inf =   0.000e+00 (6225) 1
* 56910: obj =   2.126969827e+03 inf =   0.000e+00 (6222)
* 56955: obj =   2.126969827e+03 inf =   0.000e+00 (6261) 1
* 57005: obj =   2.126969827e+03 inf =   0.000e+00 (6241)
* 57055: obj =   2.126969827e+03 inf =   0.000e+00 (6250)
* 57100: obj =   2.126969827e+03 inf =   0.000e+00 (6255) 1
* 57150: obj =   2.126969827e+03 inf =   0.000e+00 (6266)
* 57195: obj =   2.126969827e+03 inf =   0.000e+00 (6247) 1
* 57244: obj =   2.126969827e+03 inf =   0.000e+00 (6258)
* 57289: obj =   2.126969827e+03 inf =   0.000e+00 (6258) 1
* 57338: obj =   2.126969827e+03 inf =   0.000e+00 (6266)
* 57382: obj =   2.126969827e+03 inf =   0.000e+00 (6242) 1
* 57431: obj =   2.126969827e+03 inf =   0.000e+00 (6243)
* 57475: obj =   2.126969827e+03 inf =   0.000e+00 (6240) 1
* 57524: obj =   2.126969827e+03 inf =   0.000e+00 (6226)
* 57573: obj =   2.126969827e+03 inf =   0.000e+00 (6242)
* 57617: obj =   2.126969827e+03 inf =   0.000e+00 (6252) 1
* 57665: obj =   2.126969827e+03 inf =   0.000e+00 (6251)
* 57708: obj =   2.126969827e+03 inf =   0.000e+00 (6259) 1
* 57755: obj =   2.126969827e+03 inf =   0.000e+00 (6257)
* 57799: obj =   2.126969827e+03 inf =   0.000e+00 (6252) 1
* 57848: obj =   2.126969827e+03 inf =   0.000e+00 (6248)
* 57893: obj =   2.126969827e+03 inf =   0.000e+00 (6234) 1
* 57943: obj =   2.126969827e+03 inf =   0.000e+00 (6251)
* 57991: obj =   2.126969827e+03 inf =   0.000e+00 (6281) 1
* 58041: obj =   2.126969827e+03 inf =   0.000e+00 (6285)
* 58091: obj =   2.126969827e+03 inf =   0.000e+00 (6269)
* 58136: obj =   2.126969827e+03 inf =   0.000e+00 (6293) 1
* 58185: obj =   2.126969827e+03 inf =   0.000e+00 (6275)
* 58230: obj =   2.126969827e+03 inf =   0.000e+00 (6286) 1
* 58279: obj =   2.126969827e+03 inf =   0.000e+00 (6293)
* 58324: obj =   2.126969827e+03 inf =   0.000e+00 (6300) 1
* 58373: obj =   2.126969827e+03 inf =   0.000e+00 (6283)
* 58418: obj =   2.126969827e+03 inf =   0.000e+00 (6295) 1
* 58467: obj =   2.126969827e+03 inf =   0.000e+00 (6316)
* 58512: obj =   2.126969827e+03 inf =   0.000e+00 (6295) 1
* 58561: obj =   2.126969827e+03 inf =   0.000e+00 (6318)
* 58608: obj =   2.126969827e+03 inf =   0.000e+00 (6287) 1
* 58657: obj =   2.126969827e+03 inf =   0.000e+00 (6309)
* 58706: obj =   2.126969827e+03 inf =   0.000e+00 (6298)
* 58751: obj =   2.126969827e+03 inf =   0.000e+00 (6294) 1
* 58800: obj =   2.126969827e+03 inf =   0.000e+00 (6329)
* 58845: obj =   2.126969827e+03 inf =   0.000e+00 (6313) 1
* 58894: obj =   2.126969827e+03 inf =   0.000e+00 (6327)
* 58937: obj =   2.126969827e+03 inf =   0.000e+00 (6326) 1
* 58984: obj =   2.126969827e+03 inf =   0.000e+00 (6339)
* 59029: obj =   2.126969827e+03 inf =   0.000e+00 (6329) 1
* 59078: obj =   2.126969827e+03 inf =   0.000e+00 (6341)
* 59126: obj =   2.126969827e+03 inf =   0.000e+00 (6326)
* 59166: obj =   2.126969827e+03 inf =   0.000e+00 (6318) 1
* 59208: obj =   2.126969827e+03 inf =   0.000e+00 (6312)
* 59245: obj =   2.126969827e+03 inf =   0.000e+00 (6338) 1
* 59285: obj =   2.126969827e+03 inf =   0.000e+00 (6338)
* 59328: obj =   2.126969827e+03 inf =   0.000e+00 (6335)
* 59364: obj =   2.126969827e+03 inf =   0.000e+00 (6339) 1
* 59406: obj =   2.126969827e+03 inf =   0.000e+00 (6350)
* 59446: obj =   2.126969827e+03 inf =   0.000e+00 (6336) 1
* 59493: obj =   2.126969827e+03 inf =   0.000e+00 (6347)
* 59541: obj =   2.126969827e+03 inf =   0.000e+00 (6329)
* 59583: obj =   2.126969827e+03 inf =   0.000e+00 (6329) 1
* 59628: obj =   2.126969827e+03 inf =   0.000e+00 (6343)
* 59670: obj =   2.126969827e+03 inf =   0.000e+00 (6339) 1
* 59715: obj =   2.126969827e+03 inf =   0.000e+00 (6338)
* 59757: obj =   2.126969827e+03 inf =   0.000e+00 (6354) 1
* 59804: obj =   2.126969827e+03 inf =   0.000e+00 (6355)
* 59851: obj =   2.126969827e+03 inf =   0.000e+00 (6340) 1
* 59898: obj =   2.126969827e+03 inf =   0.000e+00 (6335)
* 59945: obj =   2.126969827e+03 inf =   0.000e+00 (6374)
* 59985: obj =   2.126969827e+03 inf =   0.000e+00 (6359) 1
* 60029: obj =   2.126969827e+03 inf =   0.000e+00 (6357)
* 60070: obj =   2.126969827e+03 inf =   0.000e+00 (6351) 1
* 60116: obj =   2.126969827e+03 inf =   0.000e+00 (6372)
* 60161: obj =   2.126969827e+03 inf =   0.000e+00 (6358)
* 60202: obj =   2.126969827e+03 inf =   0.000e+00 (6354) 1
* 60249: obj =   2.126969827e+03 inf =   0.000e+00 (6349)
* 60293: obj =   2.126969827e+03 inf =   0.000e+00 (6358) 1
* 60341: obj =   2.126969827e+03 inf =   0.000e+00 (6368)
* 60384: obj =   2.126969827e+03 inf =   0.000e+00 (6367) 1
* 60433: obj =   2.126969827e+03 inf =   0.000e+00 (6387)
* 60477: obj =   2.126969827e+03 inf =   0.000e+00 (6388) 1
* 60525: obj =   2.126969827e+03 inf =   0.000e+00 (6377)
* 60570: obj =   2.126969827e+03 inf =   0.000e+00 (6385) 1
* 60618: obj =   2.126969827e+03 inf =   0.000e+00 (6379)
* 60667: obj =   2.126969827e+03 inf =   0.000e+00 (6380)
* 60711: obj =   2.126969827e+03 inf =   0.000e+00 (6376) 1
* 60757: obj =   2.126969827e+03 inf =   0.000e+00 (6380)
* 60799: obj =   2.126969827e+03 inf =   0.000e+00 (6376) 1
* 60847: obj =   2.126969827e+03 inf =   0.000e+00 (6388)
* 60891: obj =   2.126969827e+03 inf =   0.000e+00 (6397) 1
* 60940: obj =   2.126969827e+03 inf =   0.000e+00 (6390)
* 60985: obj =   2.126969827e+03 inf =   0.000e+00 (6407) 1
* 61034: obj =   2.126969827e+03 inf =   0.000e+00 (6397)
* 61082: obj =   2.126969827e+03 inf =   0.000e+00 (6411)
* 61126: obj =   2.126969827e+03 inf =   0.000e+00 (6390) 1
* 61174: obj =   2.126969827e+03 inf =   0.000e+00 (6407)
* 61218: obj =   2.126969827e+03 inf =   0.000e+00 (6415) 1
* 61266: obj =   2.126969827e+03 inf =   0.000e+00 (6415)
* 61310: obj =   2.126969827e+03 inf =   0.000e+00 (6393) 1
* 61358: obj =   2.126969827e+03 inf =   0.000e+00 (6399)
* 61401: obj =   2.126969827e+03 inf =   0.000e+00 (6409) 1
* 61448: obj =   2.126969827e+03 inf =   0.000e+00 (6406)
* 61495: obj =   2.126969827e+03 inf =   0.000e+00 (6415)
* 61538: obj =   2.126969827e+03 inf =   0.000e+00 (6407) 1
* 61586: obj =   2.126969827e+03 inf =   0.000e+00 (6405)
* 61630: obj =   2.126969827e+03 inf =   0.000e+00 (6414) 1
* 61679: obj =   2.126969827e+03 inf =   0.000e+00 (6413)
* 61723: obj =   2.126969827e+03 inf =   0.000e+00 (6426) 1
* 61772: obj =   2.126969827e+03 inf =   0.000e+00 (6423)
* 61816: obj =   2.126969827e+03 inf =   0.000e+00 (6432) 1
* 61864: obj =   2.126969827e+03 inf =   0.000e+00 (6428)
* 61908: obj =   2.126969827e+03 inf =   0.000e+00 (6442) 1
* 61956: obj =   2.126969827e+03 inf =   0.000e+00 (6429)
* 62004: obj =   2.126969827e+03 inf =   0.000e+00 (6419)
* 62048: obj =   2.126969827e+03 inf =   0.000e+00 (6423) 1
* 62097: obj =   2.126969827e+03 inf =   0.000e+00 (6426)
* 62140: obj =   2.126969827e+03 inf =   0.000e+00 (6435) 1
* 62188: obj =   2.126969827e+03 inf =   0.000e+00 (6443)
* 62232: obj =   2.126969827e+03 inf =   0.000e+00 (6430) 1
* 62280: obj =   2.126969827e+03 inf =   0.000e+00 (6428)
* 62325: obj =   2.126969827e+03 inf =   0.000e+00 (6433) 1
* 62371: obj =   2.126969827e+03 inf =   0.000e+00 (6431)
* 62419: obj =   2.126969827e+03 inf =   0.000e+00 (6444)
* 62463: obj =   2.126969827e+03 inf =   0.000e+00 (6452) 1
* 62511: obj =   2.126969827e+03 inf =   0.000e+00 (6453)
* 62555: obj =   2.126969827e+03 inf =   0.000e+00 (6446) 1
* 62603: obj =   2.126969827e+03 inf =   0.000e+00 (6454)
* 62647: obj =   2.126969827e+03 inf =   0.000e+00 (6464) 1
* 62694: obj =   2.126969827e+03 inf =   0.000e+00 (6460)
* 62736: obj =   2.126969827e+03 inf =   0.000e+00 (6472) 1
* 62784: obj =   2.126969827e+03 inf =   0.000e+00 (6466)
* 62832: obj =   2.126969827e+03 inf =   0.000e+00 (6472)
* 62876: obj =   2.126969827e+03 inf =   0.000e+00 (6479) 1
* 62924: obj =   2.126969827e+03 inf =   0.000e+00 (6477)
* 62968: obj =   2.126969827e+03 inf =   0.000e+00 (6501) 1
* 63017: obj =   2.126969827e+03 inf =   0.000e+00 (6494)
* 63061: obj =   2.126969827e+03 inf =   0.000e+00 (6505) 1
* 63109: obj =   2.126969827e+03 inf =   0.000e+00 (6486)
* 63153: obj =   2.126969827e+03 inf =   0.000e+00 (6503) 1
* 63202: obj =   2.126969827e+03 inf =   0.000e+00 (6511)
* 63250: obj =   2.126969827e+03 inf =   0.000e+00 (6520)
* 63295: obj =   2.126969827e+03 inf =   0.000e+00 (6517) 1
* 63343: obj =   2.126969827e+03 inf =   0.000e+00 (6494)
* 63387: obj =   2.126969827e+03 inf =   0.000e+00 (6501) 1
* 63432: obj =   2.126969827e+03 inf =   0.000e+00 (6513)
* 63475: obj =   2.126969827e+03 inf =   0.000e+00 (6509) 1
* 63524: obj =   2.126969827e+03 inf =   0.000e+00 (6493)
* 63567: obj =   2.126969827e+03 inf =   0.000e+00 (6487) 1
* 63615: obj =   2.126969827e+03 inf =   0.000e+00 (6508)
* 63664: obj =   2.126969827e+03 inf =   0.000e+00 (6521)
* 63708: obj =   2.126969827e+03 inf =   0.000e+00 (6510) 1
* 63756: obj =   2.126969827e+03 inf =   0.000e+00 (6511)
* 63797: obj =   2.126969827e+03 inf =   0.000e+00 (6547) 1
* 63843: obj =   2.126969827e+03 inf =   0.000e+00 (6570)
* 63885: obj =   2.126969827e+03 inf =   0.000e+00 (6537) 1
* 63931: obj =   2.126969827e+03 inf =   0.000e+00 (6510)
* 63977: obj =   2.126969827e+03 inf =   0.000e+00 (6518) 1
* 64025: obj =   2.126969827e+03 inf =   0.000e+00 (6517)
* 64074: obj =   2.126969827e+03 inf =   0.000e+00 (6524)
* 64118: obj =   2.126969827e+03 inf =   0.000e+00 (6518) 1
* 64166: obj =   2.126969827e+03 inf =   0.000e+00 (6521)
* 64209: obj =   2.126969827e+03 inf =   0.000e+00 (6512) 1
* 64257: obj =   2.126969827e+03 inf =   0.000e+00 (6513)
* 64300: obj =   2.126969827e+03 inf =   0.000e+00 (6512) 1
* 64348: obj =   2.126969827e+03 inf =   0.000e+00 (6508)
* 64390: obj =   2.126969827e+03 inf =   0.000e+00 (6520) 1
* 64438: obj =   2.126969827e+03 inf =   0.000e+00 (6517)
* 64486: obj =   2.126969827e+03 inf =   0.000e+00 (6534)
* 64529: obj =   2.126969827e+03 inf =   0.000e+00 (6525) 1
* 64576: obj =   2.126969827e+03 inf =   0.000e+00 (6536)
* 64619: obj =   2.126969827e+03 inf =   0.000e+00 (6535) 1
* 64667: obj =   2.126969827e+03 inf =   0.000e+00 (6526)
* 64711: obj =   2.126969827e+03 inf =   0.000e+00 (6519) 1
* 64759: obj =   2.126969827e+03 inf =   0.000e+00 (6526)
* 64807: obj =   2.126969827e+03 inf =   0.000e+00 (6527) 1
* 64854: obj =   2.126969827e+03 inf =   0.000e+00 (6514)
* 64902: obj =   2.126969827e+03 inf =   0.000e+00 (6514)
* 64946: obj =   2.126969827e+03 inf =   0.000e+00 (6535) 1
* 64993: obj =   2.126969827e+03 inf =   0.000e+00 (6557)
* 65036: obj =   2.126969827e+03 inf =   0.000e+00 (6511) 1
* 65083: obj =   2.126969827e+03 inf =   0.000e+00 (6532)
* 65125: obj =   2.126969827e+03 inf =   0.000e+00 (6558) 1
* 65174: obj =   2.126969827e+03 inf =   0.000e+00 (6549)
* 65221: obj =   2.126969827e+03 inf =   0.000e+00 (6560)
* 65262: obj =   2.126969827e+03 inf =   0.000e+00 (6571) 1
* 65307: obj =   2.126969827e+03 inf =   0.000e+00 (6566)
* 65348: obj =   2.126969827e+03 inf =   0.000e+00 (6556) 1
* 65394: obj =   2.126969827e+03 inf =   0.000e+00 (6579)
* 65437: obj =   2.126969827e+03 inf =   0.000e+00 (6602) 1
* 65485: obj =   2.126969827e+03 inf =   0.000e+00 (6596)
* 65529: obj =   2.126969827e+03 inf =   0.000e+00 (6586) 1
* 65577: obj =   2.126969827e+03 inf =   0.000e+00 (6605)
* 65625: obj =   2.126969827e+03 inf =   0.000e+00 (6623)
* 65668: obj =   2.126969827e+03 inf =   0.000e+00 (6603) 1
* 65715: obj =   2.126969827e+03 inf =   0.000e+00 (6601)
* 65758: obj =   2.126969827e+03 inf =   0.000e+00 (6602) 1
* 65805: obj =   2.126969827e+03 inf =   0.000e+00 (6601)
* 65847: obj =   2.126969827e+03 inf =   0.000e+00 (6618) 1
* 65895: obj =   2.126969827e+03 inf =   0.000e+00 (6602)
* 65940: obj =   2.126969827e+03 inf =   0.000e+00 (6599) 1
* 65987: obj =   2.126969827e+03 inf =   0.000e+00 (6620)
* 66034: obj =   2.126969827e+03 inf =   0.000e+00 (6597)
* 66076: obj =   2.126969827e+03 inf =   0.000e+00 (6603) 1
* 66123: obj =   2.126969827e+03 inf =   0.000e+00 (6621)
* 66164: obj =   2.126969827e+03 inf =   0.000e+00 (6613) 1
* 66209: obj =   2.126969827e+03 inf =   0.000e+00 (6606)
* 66250: obj =   2.126969827e+03 inf =   0.000e+00 (6618) 1
* 66298: obj =   2.126969827e+03 inf =   0.000e+00 (6619)
* 66346: obj =   2.126969827e+03 inf =   0.000e+00 (6624)
* 66389: obj =   2.126969827e+03 inf =   0.000e+00 (6629) 1
* 66437: obj =   2.126969827e+03 inf =   0.000e+00 (6623)
* 66478: obj =   2.126969827e+03 inf =   0.000e+00 (6649) 1
* 66523: obj =   2.126969827e+03 inf =   0.000e+00 (6633)
* 66565: obj =   2.126969827e+03 inf =   0.000e+00 (6640) 1
* 66612: obj =   2.126969827e+03 inf =   0.000e+00 (6630)
* 66658: obj =   2.126969827e+03 inf =   0.000e+00 (6632) 1
* 66706: obj =   2.126969827e+03 inf =   0.000e+00 (6638)
* 66754: obj =   2.126969827e+03 inf =   0.000e+00 (6631)
* 66798: obj =   2.126969827e+03 inf =   0.000e+00 (6629) 1
* 66847: obj =   2.126969827e+03 inf =   0.000e+00 (6659)
* 66889: obj =   2.126969827e+03 inf =   0.000e+00 (6668) 1
* 66936: obj =   2.126969827e+03 inf =   0.000e+00 (6657)
* 66978: obj =   2.126969827e+03 inf =   0.000e+00 (6672) 1
* 67024: obj =   2.126969827e+03 inf =   0.000e+00 (6663)
* 67070: obj =   2.126969827e+03 inf =   0.000e+00 (6672) 1
* 67117: obj =   2.126969827e+03 inf =   0.000e+00 (6679)
* 67164: obj =   2.126969827e+03 inf =   0.000e+00 (6694)
* 67206: obj =   2.126969827e+03 inf =   0.000e+00 (6685) 1
* 67253: obj =   2.126969827e+03 inf =   0.000e+00 (6688)
* 67296: obj =   2.126969827e+03 inf =   0.000e+00 (6676) 1
* 67343: obj =   2.126969827e+03 inf =   0.000e+00 (6666)
* 67385: obj =   2.126969827e+03 inf =   0.000e+00 (6674) 1
* 67431: obj =   2.126969827e+03 inf =   0.000e+00 (6680)
* 67477: obj =   2.126969827e+03 inf =   0.000e+00 (6673)
* 67519: obj =   2.126969827e+03 inf =   0.000e+00 (6666) 1
* 67566: obj =   2.126969827e+03 inf =   0.000e+00 (6670)
* 67608: obj =   2.126969827e+03 inf =   0.000e+00 (6658) 1
* 67655: obj =   2.126969827e+03 inf =   0.000e+00 (6654)
* 67697: obj =   2.126969827e+03 inf =   0.000e+00 (6660) 1
* 67742: obj =   2.126969827e+03 inf =   0.000e+00 (6659)
* 67787: obj =   2.126969827e+03 inf =   0.000e+00 (6668)
* 67828: obj =   2.126969827e+03 inf =   0.000e+00 (6685) 1
* 67876: obj =   2.126969827e+03 inf =   0.000e+00 (6699)
* 67920: obj =   2.126969827e+03 inf =   0.000e+00 (6679) 1
* 67967: obj =   2.126969827e+03 inf =   0.000e+00 (6695)
* 68010: obj =   2.126969827e+03 inf =   0.000e+00 (6695) 1
* 68058: obj =   2.126969827e+03 inf =   0.000e+00 (6695)
* 68104: obj =   2.126969827e+03 inf =   0.000e+00 (6704) 1
* 68152: obj =   2.126969827e+03 inf =   0.000e+00 (6701)
* 68199: obj =   2.126969827e+03 inf =   0.000e+00 (6702)
* 68240: obj =   2.126969827e+03 inf =   0.000e+00 (6710) 1
* 68287: obj =   2.126969827e+03 inf =   0.000e+00 (6704)
* 68329: obj =   2.126969827e+03 inf =   0.000e+00 (6709) 1
* 68375: obj =   2.126969827e+03 inf =   0.000e+00 (6714)
* 68415: obj =   2.126969827e+03 inf =   0.000e+00 (6713) 1
* 68461: obj =   2.126969827e+03 inf =   0.000e+00 (6693)
* 68507: obj =   2.126969827e+03 inf =   0.000e+00 (6710)
* 68549: obj =   2.126969827e+03 inf =   0.000e+00 (6716) 1
* 68596: obj =   2.126969827e+03 inf =   0.000e+00 (6714)
* 68639: obj =   2.126969827e+03 inf =   0.000e+00 (6745) 1
* 68684: obj =   2.126969827e+03 inf =   0.000e+00 (6743)
* 68726: obj =   2.126969827e+03 inf =   0.000e+00 (6767) 1
* 68773: obj =   2.126969827e+03 inf =   0.000e+00 (6734)
* 68821: obj =   2.126969827e+03 inf =   0.000e+00 (6747)
* 68864: obj =   2.126969827e+03 inf =   0.000e+00 (6769) 1
* 68912: obj =   2.126969827e+03 inf =   0.000e+00 (6790)
* 68954: obj =   2.126969827e+03 inf =   0.000e+00 (6785) 1
* 69000: obj =   2.126969827e+03 inf =   0.000e+00 (6783)
* 69041: obj =   2.126969827e+03 inf =   0.000e+00 (6789) 1
* 69087: obj =   2.126969827e+03 inf =   0.000e+00 (6793)
* 69133: obj =   2.126969827e+03 inf =   0.000e+00 (6808) 1
* 69180: obj =   2.126969827e+03 inf =   0.000e+00 (6796)
* 69228: obj =   2.126969827e+03 inf =   0.000e+00 (6787)
* 69271: obj =   2.126969827e+03 inf =   0.000e+00 (6805) 1
* 69319: obj =   2.126969827e+03 inf =   0.000e+00 (6801)
* 69362: obj =   2.126969827e+03 inf =   0.000e+00 (6793) 1
* 69409: obj =   2.126969827e+03 inf =   0.000e+00 (6809)
* 69452: obj =   2.126969827e+03 inf =   0.000e+00 (6811) 1
* 69499: obj =   2.126969827e+03 inf =   0.000e+00 (6802)
* 69544: obj =   2.126969827e+03 inf =   0.000e+00 (6827) 1
* 69590: obj =   2.126969827e+03 inf =   0.000e+00 (6820)
* 69636: obj =   2.126969827e+03 inf =   0.000e+00 (6816)
* 69677: obj =   2.126969827e+03 inf =   0.000e+00 (6811) 1
* 69723: obj =   2.126969827e+03 inf =   0.000e+00 (6822)
* 69763: obj =   2.126969827e+03 inf =   0.000e+00 (6817) 1
* 69809: obj =   2.126969827e+03 inf =   0.000e+00 (6818)
* 69853: obj =   2.126969827e+03 inf =   0.000e+00 (6805) 1
* 69898: obj =   2.126969827e+03 inf =   0.000e+00 (6824)
* 69942: obj =   2.126969827e+03 inf =   0.000e+00 (6840)
* 69984: obj =   2.126969827e+03 inf =   0.000e+00 (6865) 1
* 70030: obj =   2.126969827e+03 inf =   0.000e+00 (6850)
* 70072: obj =   2.126969827e+03 inf =   0.000e+00 (6837) 1
* 70120: obj =   2.126969827e+03 inf =   0.000e+00 (6880)
* 70163: obj =   2.126969827e+03 inf =   0.000e+00 (6866) 1
* 70211: obj =   2.126969827e+03 inf =   0.000e+00 (6859)
* 70258: obj =   2.126969827e+03 inf =   0.000e+00 (6895)
* 70301: obj =   2.126969827e+03 inf =   0.000e+00 (6872) 1
* 70349: obj =   2.126969827e+03 inf =   0.000e+00 (6872)
* 70392: obj =   2.126969827e+03 inf =   0.000e+00 (6871) 1
* 70440: obj =   2.126969827e+03 inf =   0.000e+00 (6900)
* 70483: obj =   2.126969827e+03 inf =   0.000e+00 (6893) 1
* 70531: obj =   2.126969827e+03 inf =   0.000e+00 (6894)
* 70576: obj =   2.126969827e+03 inf =   0.000e+00 (6893) 1
* 70624: obj =   2.126969827e+03 inf =   0.000e+00 (6900)
* 70671: obj =   2.126969827e+03 inf =   0.000e+00 (6905)
* 70714: obj =   2.126969827e+03 inf =   0.000e+00 (6906) 1
* 70759: obj =   2.126969827e+03 inf =   0.000e+00 (6899)
* 70800: obj =   2.126969827e+03 inf =   0.000e+00 (6923) 1
* 70844: obj =   2.126969827e+03 inf =   0.000e+00 (6907)
* 70888: obj =   2.126969827e+03 inf =   0.000e+00 (6919) 1
* 70934: obj =   2.126969827e+03 inf =   0.000e+00 (6902)
* 70980: obj =   2.126969827e+03 inf =   0.000e+00 (6923)
* 71021: obj =   2.126969827e+03 inf =   0.000e+00 (6925) 1
* 71066: obj =   2.126969827e+03 inf =   0.000e+00 (6918)
* 71107: obj =   2.126969827e+03 inf =   0.000e+00 (6919) 1
* 71153: obj =   2.126969827e+03 inf =   0.000e+00 (6922)
* 71196: obj =   2.126969827e+03 inf =   0.000e+00 (6922) 1
* 71242: obj =   2.126969827e+03 inf =   0.000e+00 (6920)
* 71288: obj =   2.126969827e+03 inf =   0.000e+00 (6932)
* 71330: obj =   2.126969827e+03 inf =   0.000e+00 (6924) 1
* 71376: obj =   2.126969827e+03 inf =   0.000e+00 (6931)
* 71415: obj =   2.126969827e+03 inf =   0.000e+00 (6948) 1
* 71458: obj =   2.126969827e+03 inf =   0.000e+00 (6942)
* 71505: obj =   2.126969827e+03 inf =   0.000e+00 (6945)
* 71548: obj =   2.126969827e+03 inf =   0.000e+00 (6955) 1
* 71596: obj =   2.126969827e+03 inf =   0.000e+00 (6984)
* 71637: obj =   2.126969827e+03 inf =   0.000e+00 (6973) 1
* 71685: obj =   2.126969827e+03 inf =   0.000e+00 (6978)
* 71727: obj =   2.126969827e+03 inf =   0.000e+00 (6960) 1
* 71774: obj =   2.126969827e+03 inf =   0.000e+00 (6966)
* 71821: obj =   2.126969827e+03 inf =   0.000e+00 (6966) 1
* 71867: obj =   2.126969827e+03 inf =   0.000e+00 (6969)
* 71914: obj =   2.126969827e+03 inf =   0.000e+00 (6948)
* 71956: obj =   2.126969827e+03 inf =   0.000e+00 (6948) 1
* 72002: obj =   2.126969827e+03 inf =   0.000e+00 (6969)
* 72044: obj =   2.126969827e+03 inf =   0.000e+00 (6963) 1
* 72090: obj =   2.126969827e+03 inf =   0.000e+00 (6981)
* 72133: obj =   2.126969827e+03 inf =   0.000e+00 (6972) 1
* 72180: obj =   2.126969827e+03 inf =   0.000e+00 (6957)
* 72225: obj =   2.126969827e+03 inf =   0.000e+00 (6959)
* 72267: obj =   2.126969827e+03 inf =   0.000e+00 (6993) 1
* 72314: obj =   2.126969827e+03 inf =   0.000e+00 (6972)
* 72357: obj =   2.126969827e+03 inf =   0.000e+00 (6974) 1
* 72405: obj =   2.126969827e+03 inf =   0.000e+00 (6973)
* 72448: obj =   2.126969827e+03 inf =   0.000e+00 (6981) 1
* 72496: obj =   2.126969827e+03 inf =   0.000e+00 (6973)
* 72543: obj =   2.126969827e+03 inf =   0.000e+00 (6982)
* 72585: obj =   2.126969827e+03 inf =   0.000e+00 (6977) 1
* 72633: obj =   2.126969827e+03 inf =   0.000e+00 (6985)
* 72675: obj =   2.126969827e+03 inf =   0.000e+00 (7005) 1
* 72721: obj =   2.126969827e+03 inf =   0.000e+00 (6995)
* 72762: obj =   2.126969827e+03 inf =   0.000e+00 (6977) 1
* 72810: obj =   2.126969827e+03 inf =   0.000e+00 (7004)
* 72854: obj =   2.126969827e+03 inf =   0.000e+00 (7014) 1
* 72901: obj =   2.126969827e+03 inf =   0.000e+00 (7052)
* 72948: obj =   2.126969827e+03 inf =   0.000e+00 (7053)
* 72991: obj =   2.126969827e+03 inf =   0.000e+00 (7075) 1
* 73038: obj =   2.126969827e+03 inf =   0.000e+00 (7071)
* 73081: obj =   2.126969827e+03 inf =   0.000e+00 (7055) 1
* 73128: obj =   2.126969827e+03 inf =   0.000e+00 (7080)
* 73171: obj =   2.126969827e+03 inf =   0.000e+00 (7065) 1
* 73219: obj =   2.126969827e+03 inf =   0.000e+00 (7081)
* 73266: obj =   2.126969827e+03 inf =   0.000e+00 (7087)
* 73309: obj =   2.126969827e+03 inf =   0.000e+00 (7071) 1
* 73357: obj =   2.126969827e+03 inf =   0.000e+00 (7063)
* 73400: obj =   2.126969827e+03 inf =   0.000e+00 (7064) 1
* 73448: obj =   2.126969827e+03 inf =   0.000e+00 (7080)
* 73491: obj =   2.126969827e+03 inf =   0.000e+00 (7095) 1
* 73538: obj =   2.126969827e+03 inf =   0.000e+00 (7076)
* 73580: obj =   2.126969827e+03 inf =   0.000e+00 (7072) 1
* 73628: obj =   2.126969827e+03 inf =   0.000e+00 (7097)
* 73675: obj =   2.126969827e+03 inf =   0.000e+00 (7092)
* 73718: obj =   2.126969827e+03 inf =   0.000e+00 (7084) 1
* 73765: obj =   2.126969827e+03 inf =   0.000e+00 (7115)
* 73808: obj =   2.126969827e+03 inf =   0.000e+00 (7102) 1
* 73855: obj =   2.126969827e+03 inf =   0.000e+00 (7087)
* 73898: obj =   2.126969827e+03 inf =   0.000e+00 (7134) 1
* 73944: obj =   2.126969827e+03 inf =   0.000e+00 (7090)
* 73985: obj =   2.126969827e+03 inf =   0.000e+00 (7096) 1
* 74030: obj =   2.126969827e+03 inf =   0.000e+00 (7105)
* 74076: obj =   2.126969827e+03 inf =   0.000e+00 (7101)
* 74118: obj =   2.126969827e+03 inf =   0.000e+00 (7104) 1
* 74164: obj =   2.126969827e+03 inf =   0.000e+00 (7109)
* 74206: obj =   2.126969827e+03 inf =   0.000e+00 (7113) 1
* 74253: obj =   2.126969827e+03 inf =   0.000e+00 (7109)
* 74295: obj =   2.126969827e+03 inf =   0.000e+00 (7112) 1
* 74341: obj =   2.126969827e+03 inf =   0.000e+00 (7098)
* 74386: obj =   2.126969827e+03 inf =   0.000e+00 (7112)
* 74428: obj =   2.126969827e+03 inf =   0.000e+00 (7112) 1
* 74475: obj =   2.126969827e+03 inf =   0.000e+00 (7113)
* 74518: obj =   2.126969827e+03 inf =   0.000e+00 (7117) 1
* 74566: obj =   2.126969827e+03 inf =   0.000e+00 (7135)
* 74608: obj =   2.126969827e+03 inf =   0.000e+00 (7137) 1
* 74656: obj =   2.126969827e+03 inf =   0.000e+00 (7116)
* 74699: obj =   2.126969827e+03 inf =   0.000e+00 (7116) 1
* 74746: obj =   2.126969827e+03 inf =   0.000e+00 (7115)
* 74793: obj =   2.126969827e+03 inf =   0.000e+00 (7143)
* 74835: obj =   2.126969827e+03 inf =   0.000e+00 (7135) 1
* 74882: obj =   2.126969827e+03 inf =   0.000e+00 (7120)
* 74925: obj =   2.126969827e+03 inf =   0.000e+00 (7105) 1
* 74972: obj =   2.126969827e+03 inf =   0.000e+00 (7103)
* 75014: obj =   2.126969827e+03 inf =   0.000e+00 (7135) 1
* 75061: obj =   2.126969827e+03 inf =   0.000e+00 (7117)
* 75108: obj =   2.126969827e+03 inf =   0.000e+00 (7125) 1
* 75155: obj =   2.126969827e+03 inf =   0.000e+00 (7143)
* 75202: obj =   2.126969827e+03 inf =   0.000e+00 (7121)
* 75244: obj =   2.126969827e+03 inf =   0.000e+00 (7131) 1
* 75290: obj =   2.126969827e+03 inf =   0.000e+00 (7150)
* 75333: obj =   2.126969827e+03 inf =   0.000e+00 (7148) 1
* 75381: obj =   2.126969827e+03 inf =   0.000e+00 (7140)
* 75424: obj =   2.126969827e+03 inf =   0.000e+00 (7138) 1
* 75471: obj =   2.126969827e+03 inf =   0.000e+00 (7151)
* 75519: obj =   2.126969827e+03 inf =   0.000e+00 (7140) 1
* 75566: obj =   2.126969827e+03 inf =   0.000e+00 (7165)
* 75614: obj =   2.126969827e+03 inf =   0.000e+00 (7146)
* 75657: obj =   2.126969827e+03 inf =   0.000e+00 (7139) 1
* 75704: obj =   2.126969827e+03 inf =   0.000e+00 (7173)
* 75747: obj =   2.126969827e+03 inf =   0.000e+00 (7183) 1
* 75794: obj =   2.126969827e+03 inf =   0.000e+00 (7192)
* 75836: obj =   2.126969827e+03 inf =   0.000e+00 (7187) 1
* 75882: obj =   2.126969827e+03 inf =   0.000e+00 (7173)
* 75929: obj =   2.126969827e+03 inf =   0.000e+00 (7189)
* 75972: obj =   2.126969827e+03 inf =   0.000e+00 (7187) 1
* 76019: obj =   2.126969827e+03 inf =   0.000e+00 (7182)
* 76062: obj =   2.126969827e+03 inf =   0.000e+00 (7200) 1
* 76109: obj =   2.126969827e+03 inf =   0.000e+00 (7191)
* 76151: obj =   2.126969827e+03 inf =   0.000e+00 (7190) 1
* 76198: obj =   2.126969827e+03 inf =   0.000e+00 (7192)
* 76241: obj =   2.126969827e+03 inf =   0.000e+00 (7195) 1
* 76288: obj =   2.126969827e+03 inf =   0.000e+00 (7189)
* 76332: obj =   2.126969827e+03 inf =   0.000e+00 (7178)
* 76374: obj =   2.126969827e+03 inf =   0.000e+00 (7199) 1
* 76422: obj =   2.126969827e+03 inf =   0.000e+00 (7196)
* 76464: obj =   2.126969827e+03 inf =   0.000e+00 (7194) 1
* 76511: obj =   2.126969827e+03 inf =   0.000e+00 (7178)
* 76554: obj =   2.126969827e+03 inf =   0.000e+00 (7199) 1
* 76602: obj =   2.126969827e+03 inf =   0.000e+00 (7209)
* 76649: obj =   2.126969827e+03 inf =   0.000e+00 (7199) 1
* 76697: obj =   2.126969827e+03 inf =   0.000e+00 (7199)
* 76745: obj =   2.126969827e+03 inf =   0.000e+00 (7242)
* 76788: obj =   2.126969827e+03 inf =   0.000e+00 (7234) 1
* 76836: obj =   2.126969827e+03 inf =   0.000e+00 (7219)
* 76879: obj =   2.126969827e+03 inf =   0.000e+00 (7214) 1
* 76926: obj =   2.126969827e+03 inf =   0.000e+00 (7226)
* 76968: obj =   2.126969827e+03 inf =   0.000e+00 (7220) 1
* 77015: obj =   2.126969827e+03 inf =   0.000e+00 (7222)
* 77058: obj =   2.126969827e+03 inf =   0.000e+00 (7229) 1
* 77105: obj =   2.126969827e+03 inf =   0.000e+00 (7229)
* 77152: obj =   2.126969827e+03 inf =   0.000e+00 (7221)
* 77194: obj =   2.126969827e+03 inf =   0.000e+00 (7224) 1
* 77241: obj =   2.126969827e+03 inf =   0.000e+00 (7250)
* 77283: obj =   2.126969827e+03 inf =   0.000e+00 (7218) 1
* 77329: obj =   2.126969827e+03 inf =   0.000e+00 (7216)
* 77371: obj =   2.126969827e+03 inf =   0.000e+00 (7217) 1
* 77417: obj =   2.126969827e+03 inf =   0.000e+00 (7228)
* 77464: obj =   2.126969827e+03 inf =   0.000e+00 (7226)
* 77506: obj =   2.126969827e+03 inf =   0.000e+00 (7224) 1
* 77553: obj =   2.126969827e+03 inf =   0.000e+00 (7257)
* 77595: obj =   2.126969827e+03 inf =   0.000e+00 (7278) 1
* 77641: obj =   2.126969827e+03 inf =   0.000e+00 (7268)
* 77682: obj =   2.126969827e+03 inf =   0.000e+00 (7280) 1
* 77728: obj =   2.126969827e+03 inf =   0.000e+00 (7276)
* 77775: obj =   2.126969827e+03 inf =   0.000e+00 (7279)
* 77817: obj =   2.126969827e+03 inf =   0.000e+00 (7283) 1
* 77865: obj =   2.126969827e+03 inf =   0.000e+00 (7288)
* 77908: obj =   2.126969827e+03 inf =   0.000e+00 (7257) 1
* 77955: obj =   2.126969827e+03 inf =   0.000e+00 (7264)
* 77998: obj =   2.126969827e+03 inf =   0.000e+00 (7272) 1
* 78045: obj =   2.126969827e+03 inf =   0.000e+00 (7259)
* 78092: obj =   2.126969827e+03 inf =   0.000e+00 (7266) 1
* 78140: obj =   2.126969827e+03 inf =   0.000e+00 (7264)
* 78187: obj =   2.126969827e+03 inf =   0.000e+00 (7264)
* 78229: obj =   2.126969827e+03 inf =   0.000e+00 (7284) 1
* 78277: obj =   2.126969827e+03 inf =   0.000e+00 (7236)
* 78321: obj =   2.126969827e+03 inf =   0.000e+00 (7241) 1
* 78368: obj =   2.126969827e+03 inf =   0.000e+00 (7256)
* 78411: obj =   2.126969827e+03 inf =   0.000e+00 (7234) 1
* 78459: obj =   2.126969827e+03 inf =   0.000e+00 (7250)
* 78505: obj =   2.126969827e+03 inf =   0.000e+00 (7242) 1
* 78550: obj =   2.126969827e+03 inf =   0.000e+00 (7257)
* 78593: obj =   2.126969827e+03 inf =   0.000e+00 (7251)
* 78636: obj =   2.126969827e+03 inf =   0.000e+00 (7245) 1
* 78683: obj =   2.126969827e+03 inf =   0.000e+00 (7267)
* 78723: obj =   2.126969827e+03 inf =   0.000e+00 (7252) 1
* 78770: obj =   2.126969827e+03 inf =   0.000e+00 (7243)
* 78816: obj =   2.126969827e+03 inf =   0.000e+00 (7251) 1
* 78861: obj =   2.126969827e+03 inf =   0.000e+00 (7268)
* 78905: obj =   2.126969827e+03 inf =   0.000e+00 (7258)
* 78947: obj =   2.126969827e+03 inf =   0.000e+00 (7256) 1
* 78994: obj =   2.126969827e+03 inf =   0.000e+00 (7242)
* 79036: obj =   2.126969827e+03 inf =   0.000e+00 (7242) 1
* 79083: obj =   2.126969827e+03 inf =   0.000e+00 (7241)
* 79126: obj =   2.126969827e+03 inf =   0.000e+00 (7253) 1
* 79173: obj =   2.126969827e+03 inf =   0.000e+00 (7251)
* 79220: obj =   2.126969827e+03 inf =   0.000e+00 (7258)
* 79262: obj =   2.126969827e+03 inf =   0.000e+00 (7258) 1
* 79309: obj =   2.126969827e+03 inf =   0.000e+00 (7260)
* 79351: obj =   2.126969827e+03 inf =   0.000e+00 (7263) 1
* 79397: obj =   2.126969827e+03 inf =   0.000e+00 (7246)
* 79439: obj =   2.126969827e+03 inf =   0.000e+00 (7274) 1
* 79486: obj =   2.126969827e+03 inf =   0.000e+00 (7298)
* 79533: obj =   2.126969827e+03 inf =   0.000e+00 (7274)
* 79575: obj =   2.126969827e+03 inf =   0.000e+00 (7267) 1
* 79622: obj =   2.126969827e+03 inf =   0.000e+00 (7256)
* 79664: obj =   2.126969827e+03 inf =   0.000e+00 (7284) 1
* 79711: obj =   2.126969827e+03 inf =   0.000e+00 (7277)
* 79754: obj =   2.126969827e+03 inf =   0.000e+00 (7271) 1
* 79801: obj =   2.126969827e+03 inf =   0.000e+00 (7270)
* 79848: obj =   2.126969827e+03 inf =   0.000e+00 (7274)
* 79890: obj =   2.126969827e+03 inf =   0.000e+00 (7260) 1
* 79937: obj =   2.126969827e+03 inf =   0.000e+00 (7277)
* 79979: obj =   2.126969827e+03 inf =   0.000e+00 (7287) 1
* 80026: obj =   2.126969827e+03 inf =   0.000e+00 (7293)
* 80068: obj =   2.126969827e+03 inf =   0.000e+00 (7298) 1
* 80115: obj =   2.126969827e+03 inf =   0.000e+00 (7324)
* 80161: obj =   2.126969827e+03 inf =   0.000e+00 (7293)
* 80201: obj =   2.126969827e+03 inf =   0.000e+00 (7332) 1
* 80247: obj =   2.126969827e+03 inf =   0.000e+00 (7291)
* 80289: obj =   2.126969827e+03 inf =   0.000e+00 (7300) 1
* 80335: obj =   2.126969827e+03 inf =   0.000e+00 (7302)
* 80376: obj =   2.126969827e+03 inf =   0.000e+00 (7296) 1
* 80422: obj =   2.126969827e+03 inf =   0.000e+00 (7314)
* 80467: obj =   2.126969827e+03 inf =   0.000e+00 (7326) 1
* 80514: obj =   2.126969827e+03 inf =   0.000e+00 (7315)
* 80561: obj =   2.126969827e+03 inf =   0.000e+00 (7313)
* 80603: obj =   2.126969827e+03 inf =   0.000e+00 (7312) 1
* 80650: obj =   2.126969827e+03 inf =   0.000e+00 (7328)
* 80692: obj =   2.126969827e+03 inf =   0.000e+00 (7331) 1
* 80739: obj =   2.126969827e+03 inf =   0.000e+00 (7345)
* 80781: obj =   2.126969827e+03 inf =   0.000e+00 (7373) 1
* 80828: obj =   2.126969827e+03 inf =   0.000e+00 (7337)
* 80871: obj =   2.126969827e+03 inf =   0.000e+00 (7343)
* 80912: obj =   2.126969827e+03 inf =   0.000e+00 (7362) 1
* 80958: obj =   2.126969827e+03 inf =   0.000e+00 (7333)
* 80999: obj =   2.126969827e+03 inf =   0.000e+00 (7356) 1
* 81045: obj =   2.126969827e+03 inf =   0.000e+00 (7351)
* 81086: obj =   2.126969827e+03 inf =   0.000e+00 (7358) 1
* 81132: obj =   2.126969827e+03 inf =   0.000e+00 (7339)
* 81177: obj =   2.126969827e+03 inf =   0.000e+00 (7368)
* 81218: obj =   2.126969827e+03 inf =   0.000e+00 (7360) 1
* 81264: obj =   2.126969827e+03 inf =   0.000e+00 (7373)
* 81305: obj =   2.126969827e+03 inf =   0.000e+00 (7386) 1
* 81351: obj =   2.126969827e+03 inf =   0.000e+00 (7391)
* 81395: obj =   2.126969827e+03 inf =   0.000e+00 (7356) 1
* 81439: obj =   2.126969827e+03 inf =   0.000e+00 (7347)
* 81483: obj =   2.126969827e+03 inf =   0.000e+00 (7364)
* 81525: obj =   2.126969827e+03 inf =   0.000e+00 (7371) 1
* 81571: obj =   2.126969827e+03 inf =   0.000e+00 (7377)
* 81612: obj =   2.126969827e+03 inf =   0.000e+00 (7397) 1
* 81659: obj =   2.126969827e+03 inf =   0.000e+00 (7387)
* 81701: obj =   2.126969827e+03 inf =   0.000e+00 (7389) 1
* 81747: obj =   2.126969827e+03 inf =   0.000e+00 (7402)
* 81792: obj =   2.126969827e+03 inf =   0.000e+00 (7398)
* 81832: obj =   2.126969827e+03 inf =   0.000e+00 (7407) 1
* 81878: obj =   2.126969827e+03 inf =   0.000e+00 (7452)
* 81919: obj =   2.126969827e+03 inf =   0.000e+00 (7422) 1
* 81965: obj =   2.126969827e+03 inf =   0.000e+00 (7441)
* 82010: obj =   2.126969827e+03 inf =   0.000e+00 (7444) 1
* 82056: obj =   2.126969827e+03 inf =   0.000e+00 (7406)
* 82102: obj =   2.126969827e+03 inf =   0.000e+00 (7432)
* 82143: obj =   2.126969827e+03 inf =   0.000e+00 (7418) 1
* 82188: obj =   2.126969827e+03 inf =   0.000e+00 (7414)
* 82229: obj =   2.126969827e+03 inf =   0.000e+00 (7421) 1
* 82275: obj =   2.126969827e+03 inf =   0.000e+00 (7440)
* 82320: obj =   2.126969827e+03 inf =   0.000e+00 (7438) 1
* 82366: obj =   2.126969827e+03 inf =   0.000e+00 (7436)
* 82412: obj =   2.126969827e+03 inf =   0.000e+00 (7421)
* 82454: obj =   2.126969827e+03 inf =   0.000e+00 (7442) 1
* 82500: obj =   2.126969827e+03 inf =   0.000e+00 (7408)
* 82541: obj =   2.126969827e+03 inf =   0.000e+00 (7433) 1
* 82585: obj =   2.126969827e+03 inf =   0.000e+00 (7409)
* 82629: obj =   2.126969827e+03 inf =   0.000e+00 (7421)
* 82669: obj =   2.126969827e+03 inf =   0.000e+00 (7442) 1
* 82711: obj =   2.126969827e+03 inf =   0.000e+00 (7420)
* 82753: obj =   2.126969827e+03 inf =   0.000e+00 (7433) 1
* 82798: obj =   2.126969827e+03 inf =   0.000e+00 (7448)
* 82839: obj =   2.126969827e+03 inf =   0.000e+00 (7466) 1
* 82884: obj =   2.126969827e+03 inf =   0.000e+00 (7461)
* 82927: obj =   2.126969827e+03 inf =   0.000e+00 (7437)
* 82968: obj =   2.126969827e+03 inf =   0.000e+00 (7443) 1
* 83014: obj =   2.126969827e+03 inf =   0.000e+00 (7454)
* 83055: obj =   2.126969827e+03 inf =   0.000e+00 (7476) 1
* 83101: obj =   2.126969827e+03 inf =   0.000e+00 (7478)
* 83145: obj =   2.126969827e+03 inf =   0.000e+00 (7500) 1
* 83190: obj =   2.126969827e+03 inf =   0.000e+00 (7479)
* 83234: obj =   2.126969827e+03 inf =   0.000e+00 (7458)
* 83273: obj =   2.126969827e+03 inf =   0.000e+00 (7464) 1
* 83318: obj =   2.126969827e+03 inf =   0.000e+00 (7470)
* 83359: obj =   2.126969827e+03 inf =   0.000e+00 (7482) 1
* 83404: obj =   2.126969827e+03 inf =   0.000e+00 (7482)
* 83450: obj =   2.126969827e+03 inf =   0.000e+00 (7488)
* 83491: obj =   2.126969827e+03 inf =   0.000e+00 (7494) 1
* 83537: obj =   2.126969827e+03 inf =   0.000e+00 (7464)
* 83578: obj =   2.126969827e+03 inf =   0.000e+00 (7476) 1
* 83624: obj =   2.126969827e+03 inf =   0.000e+00 (7460)
* 83665: obj =   2.126969827e+03 inf =   0.000e+00 (7477) 1
* 83711: obj =   2.126969827e+03 inf =   0.000e+00 (7471)
* 83757: obj =   2.126969827e+03 inf =   0.000e+00 (7469)
* 83798: obj =   2.126969827e+03 inf =   0.000e+00 (7469) 1
* 83843: obj =   2.126969827e+03 inf =   0.000e+00 (7465)
* 83884: obj =   2.126969827e+03 inf =   0.000e+00 (7456) 1
* 83930: obj =   2.126969827e+03 inf =   0.000e+00 (7484)
* 83975: obj =   2.126969827e+03 inf =   0.000e+00 (7481) 1
* 84021: obj =   2.126969827e+03 inf =   0.000e+00 (7479)
* 84067: obj =   2.126969827e+03 inf =   0.000e+00 (7480)
* 84108: obj =   2.126969827e+03 inf =   0.000e+00 (7460) 1
* 84154: obj =   2.126969827e+03 inf =   0.000e+00 (7479)
* 84195: obj =   2.126969827e+03 inf =   0.000e+00 (7457) 1
* 84241: obj =   2.126969827e+03 inf =   0.000e+00 (7476)
* 84283: obj =   2.126969827e+03 inf =   0.000e+00 (7455) 1
* 84329: obj =   2.126969827e+03 inf =   0.000e+00 (7457)
* 84375: obj =   2.126969827e+03 inf =   0.000e+00 (7455)
* 84416: obj =   2.126969827e+03 inf =   0.000e+00 (7465) 1
* 84462: obj =   2.126969827e+03 inf =   0.000e+00 (7482)
* 84503: obj =   2.126969827e+03 inf =   0.000e+00 (7474) 1
* 84549: obj =   2.126969827e+03 inf =   0.000e+00 (7481)
* 84595: obj =   2.126969827e+03 inf =   0.000e+00 (7467) 1
* 84640: obj =   2.126969827e+03 inf =   0.000e+00 (7476)
* 84682: obj =   2.126969827e+03 inf =   0.000e+00 (7482)
* 84722: obj =   2.126969827e+03 inf =   0.000e+00 (7474) 1
* 84767: obj =   2.126969827e+03 inf =   0.000e+00 (7477)
* 84807: obj =   2.126969827e+03 inf =   0.000e+00 (7474) 1
* 84852: obj =   2.126969827e+03 inf =   0.000e+00 (7470)
* 84896: obj =   2.126969827e+03 inf =   0.000e+00 (7461)
* 84937: obj =   2.126969827e+03 inf =   0.000e+00 (7483) 1
* 84980: obj =   2.126969827e+03 inf =   0.000e+00 (7466)
* 85020: obj =   2.126969827e+03 inf =   0.000e+00 (7482) 1
* 85065: obj =   2.126969827e+03 inf =   0.000e+00 (7471)
* 85111: obj =   2.126969827e+03 inf =   0.000e+00 (7476) 1
* 85157: obj =   2.126969827e+03 inf =   0.000e+00 (7473)
* 85201: obj =   2.126969827e+03 inf =   0.000e+00 (7470)
* 85241: obj =   2.126969827e+03 inf =   0.000e+00 (7457) 1
* 85285: obj =   2.126969827e+03 inf =   0.000e+00 (7476)
* 85326: obj =   2.126969827e+03 inf =   0.000e+00 (7476) 1
* 85371: obj =   2.126969827e+03 inf =   0.000e+00 (7471)
* 85416: obj =   2.126969827e+03 inf =   0.000e+00 (7483)
* 85457: obj =   2.126969827e+03 inf =   0.000e+00 (7479) 1
* 85502: obj =   2.126969827e+03 inf =   0.000e+00 (7493)
* 85542: obj =   2.126969827e+03 inf =   0.000e+00 (7474) 1
* 85587: obj =   2.126969827e+03 inf =   0.000e+00 (7474)
* 85632: obj =   2.126969827e+03 inf =   0.000e+00 (7515)
* 85672: obj =   2.126969827e+03 inf =   0.000e+00 (7506) 1
* 85718: obj =   2.126969827e+03 inf =   0.000e+00 (7497)
* 85759: obj =   2.126969827e+03 inf =   0.000e+00 (7492) 1
* 85804: obj =   2.126969827e+03 inf =   0.000e+00 (7497)
* 85844: obj =   2.126969827e+03 inf =   0.000e+00 (7521) 1
* 85889: obj =   2.126969827e+03 inf =   0.000e+00 (7509)
* 85934: obj =   2.126969827e+03 inf =   0.000e+00 (7512)
* 85975: obj =   2.126969827e+03 inf =   0.000e+00 (7514) 1
* 86021: obj =   2.126969827e+03 inf =   0.000e+00 (7531)
* 86062: obj =   2.126969827e+03 inf =   0.000e+00 (7527) 1
* 86106: obj =   2.126969827e+03 inf =   0.000e+00 (7505)
* 86149: obj =   2.126969827e+03 inf =   0.000e+00 (7498)
* 86186: obj =   2.126969827e+03 inf =   0.000e+00 (7497) 1
* 86230: obj =   2.126969827e+03 inf =   0.000e+00 (7532)
* 86270: obj =   2.126969827e+03 inf =   0.000e+00 (7517) 1
* 86315: obj =   2.126969827e+03 inf =   0.000e+00 (7524)
* 86360: obj =   2.126969827e+03 inf =   0.000e+00 (7504)
* 86400: obj =   2.126969827e+03 inf =   0.000e+00 (7505) 1
* 86445: obj =   2.126969827e+03 inf =   0.000e+00 (7489)
* 86485: obj =   2.126969827e+03 inf =   0.000e+00 (7503) 1
* 86530: obj =   2.126969827e+03 inf =   0.000e+00 (7497)
* 86573: obj =   2.126969827e+03 inf =   0.000e+00 (7499) 1
* 86618: obj =   2.126969827e+03 inf =   0.000e+00 (7487)
* 86663: obj =   2.126969827e+03 inf =   0.000e+00 (7507)
* 86703: obj =   2.126969827e+03 inf =   0.000e+00 (7493) 1
* 86748: obj =   2.126969827e+03 inf =   0.000e+00 (7506)
* 86787: obj =   2.126969827e+03 inf =   0.000e+00 (7514) 1
* 86832: obj =   2.126969827e+03 inf =   0.000e+00 (7490)
* 86877: obj =   2.126969827e+03 inf =   0.000e+00 (7490)
* 86917: obj =   2.126969827e+03 inf =   0.000e+00 (7518) 1
* 86962: obj =   2.126969827e+03 inf =   0.000e+00 (7513)
* 87001: obj =   2.126969827e+03 inf =   0.000e+00 (7522) 1
* 87045: obj =   2.126969827e+03 inf =   0.000e+00 (7504)
* 87086: obj =   2.126969827e+03 inf =   0.000e+00 (7500) 1
* 87131: obj =   2.126969827e+03 inf =   0.000e+00 (7506)
* 87176: obj =   2.126969827e+03 inf =   0.000e+00 (7513)
* 87215: obj =   2.126969827e+03 inf =   0.000e+00 (7523) 1
* 87259: obj =   2.126969827e+03 inf =   0.000e+00 (7522)
* 87299: obj =   2.126969827e+03 inf =   0.000e+00 (7516) 1
* 87342: obj =   2.126969827e+03 inf =   0.000e+00 (7507)
* 87386: obj =   2.126969827e+03 inf =   0.000e+00 (7515)
* 87425: obj =   2.126969827e+03 inf =   0.000e+00 (7528) 1
* 87468: obj =   2.126969827e+03 inf =   0.000e+00 (7511)
* 87507: obj =   2.126969827e+03 inf =   0.000e+00 (7511) 1
* 87550: obj =   2.126969827e+03 inf =   0.000e+00 (7522)
* 87595: obj =   2.126969827e+03 inf =   0.000e+00 (7505)
* 87635: obj =   2.126969827e+03 inf =   0.000e+00 (7508) 1
* 87679: obj =   2.126969827e+03 inf =   0.000e+00 (7511)
* 87719: obj =   2.126969827e+03 inf =   0.000e+00 (7528) 1
* 87763: obj =   2.126969827e+03 inf =   0.000e+00 (7528)
* 87807: obj =   2.126969827e+03 inf =   0.000e+00 (7516)
* 87846: obj =   2.126969827e+03 inf =   0.000e+00 (7529) 1
* 87890: obj =   2.126969827e+03 inf =   0.000e+00 (7513)
* 87929: obj =   2.126969827e+03 inf =   0.000e+00 (7547) 1
* 87973: obj =   2.126969827e+03 inf =   0.000e+00 (7536)
* 88014: obj =   2.126969827e+03 inf =   0.000e+00 (7522) 1
* 88058: obj =   2.126969827e+03 inf =   0.000e+00 (7544)
* 88102: obj =   2.126969827e+03 inf =   0.000e+00 (7525)
* 88141: obj =   2.126969827e+03 inf =   0.000e+00 (7550) 1
* 88185: obj =   2.126969827e+03 inf =   0.000e+00 (7536)
* 88224: obj =   2.126969827e+03 inf =   0.000e+00 (7531) 1
* 88268: obj =   2.126969827e+03 inf =   0.000e+00 (7541)
* 88312: obj =   2.126969827e+03 inf =   0.000e+00 (7537)
* 88351: obj =   2.126969827e+03 inf =   0.000e+00 (7518) 1
* 88395: obj =   2.126969827e+03 inf =   0.000e+00 (7535)
* 88434: obj =   2.126969827e+03 inf =   0.000e+00 (7566) 1
* 88478: obj =   2.126969827e+03 inf =   0.000e+00 (7536)
* 88522: obj =   2.126969827e+03 inf =   0.000e+00 (7551)
* 88560: obj =   2.126969827e+03 inf =   0.000e+00 (7564) 1
* 88602: obj =   2.126969827e+03 inf =   0.000e+00 (7543)
* 88641: obj =   2.126969827e+03 inf =   0.000e+00 (7565) 1
* 88686: obj =   2.126969827e+03 inf =   0.000e+00 (7558)
* 88730: obj =   2.126969827e+03 inf =   0.000e+00 (7556)
* 88770: obj =   2.126969827e+03 inf =   0.000e+00 (7564) 1
* 88815: obj =   2.126969827e+03 inf =   0.000e+00 (7560)
* 88855: obj =   2.126969827e+03 inf =   0.000e+00 (7554) 1
* 88898: obj =   2.126969827e+03 inf =   0.000e+00 (7555)
* 88940: obj =   2.126969827e+03 inf =   0.000e+00 (7549)
* 88979: obj =   2.126969827e+03 inf =   0.000e+00 (7558) 1
* 89024: obj =   2.126969827e+03 inf =   0.000e+00 (7549)
* 89064: obj =   2.126969827e+03 inf =   0.000e+00 (7535) 1
* 89108: obj =   2.126969827e+03 inf =   0.000e+00 (7553)
* 89150: obj =   2.126969827e+03 inf =   0.000e+00 (7544) 1
* 89194: obj =   2.126969827e+03 inf =   0.000e+00 (7558)
* 89238: obj =   2.126969827e+03 inf =   0.000e+00 (7558)
* 89275: obj =   2.126969827e+03 inf =   0.000e+00 (7553) 1
* 89320: obj =   2.126969827e+03 inf =   0.000e+00 (7561)
* 89360: obj =   2.126969827e+03 inf =   0.000e+00 (7570) 1
* 89405: obj =   2.126969827e+03 inf =   0.000e+00 (7587)
* 89450: obj =   2.126969827e+03 inf =   0.000e+00 (7557)
* 89490: obj =   2.126969827e+03 inf =   0.000e+00 (7567) 1
* 89535: obj =   2.126969827e+03 inf =   0.000e+00 (7579)
* 89575: obj =   2.126969827e+03 inf =   0.000e+00 (7582) 1
* 89620: obj =   2.126969827e+03 inf =   0.000e+00 (7600)
* 89665: obj =   2.126969827e+03 inf =   0.000e+00 (7585)
* 89705: obj =   2.126969827e+03 inf =   0.000e+00 (7594) 1
* 89750: obj =   2.126969827e+03 inf =   0.000e+00 (7567)
* 89789: obj =   2.126969827e+03 inf =   0.000e+00 (7568) 1
* 89835: obj =   2.126969827e+03 inf =   0.000e+00 (7577)
* 89876: obj =   2.126969827e+03 inf =   0.000e+00 (7572) 1
* 89922: obj =   2.126969827e+03 inf =   0.000e+00 (7571)
* 89968: obj =   2.126969827e+03 inf =   0.000e+00 (7573)
* 90010: obj =   2.126969827e+03 inf =   0.000e+00 (7589) 1
* 90056: obj =   2.126969827e+03 inf =   0.000e+00 (7572)
* 90097: obj =   2.126969827e+03 inf =   0.000e+00 (7591) 1
* 90143: obj =   2.126969827e+03 inf =   0.000e+00 (7564)
* 90184: obj =   2.126969827e+03 inf =   0.000e+00 (7546) 1
* 90228: obj =   2.126969827e+03 inf =   0.000e+00 (7573)
* 90274: obj =   2.126969827e+03 inf =   0.000e+00 (7552)
* 90313: obj =   2.126969827e+03 inf =   0.000e+00 (7558) 1
* 90356: obj =   2.126969827e+03 inf =   0.000e+00 (7545)
* 90395: obj =   2.126969827e+03 inf =   0.000e+00 (7566) 1
* 90440: obj =   2.126969827e+03 inf =   0.000e+00 (7547)
* 90486: obj =   2.126969827e+03 inf =   0.000e+00 (7570) 1
* 90531: obj =   2.126969827e+03 inf =   0.000e+00 (7571)
* 90576: obj =   2.126969827e+03 inf =   0.000e+00 (7541)
* 90617: obj =   2.126969827e+03 inf =   0.000e+00 (7553) 1
* 90662: obj =   2.126969827e+03 inf =   0.000e+00 (7567)
* 90703: obj =   2.126969827e+03 inf =   0.000e+00 (7566) 1
* 90748: obj =   2.126969827e+03 inf =   0.000e+00 (7586)
* 90791: obj =   2.126969827e+03 inf =   0.000e+00 (7555) 1
* 90837: obj =   2.126969827e+03 inf =   0.000e+00 (7577)
* 90882: obj =   2.126969827e+03 inf =   0.000e+00 (7572)
* 90921: obj =   2.126969827e+03 inf =   0.000e+00 (7558) 1
* 90966: obj =   2.126969827e+03 inf =   0.000e+00 (7565)
* 91004: obj =   2.126969827e+03 inf =   0.000e+00 (7577) 1
* 91047: obj =   2.126969827e+03 inf =   0.000e+00 (7571)
* 91091: obj =   2.126969827e+03 inf =   0.000e+00 (7572)
* 91128: obj =   2.126969827e+03 inf =   0.000e+00 (7582) 1
* 91169: obj =   2.126969827e+03 inf =   0.000e+00 (7565)
* 91205: obj =   2.126969827e+03 inf =   0.000e+00 (7564) 1
* 91247: obj =   2.126969827e+03 inf =   0.000e+00 (7551)
* 91290: obj =   2.126969827e+03 inf =   0.000e+00 (7559)
* 91326: obj =   2.126969827e+03 inf =   0.000e+00 (7559) 1
* 91367: obj =   2.126969827e+03 inf =   0.000e+00 (7584)
* 91406: obj =   2.126969827e+03 inf =   0.000e+00 (7585) 1
* 91449: obj =   2.126969827e+03 inf =   0.000e+00 (7567)
* 91490: obj =   2.126969827e+03 inf =   0.000e+00 (7583)
* 91526: obj =   2.126969827e+03 inf =   0.000e+00 (7575) 1
* 91567: obj =   2.126969827e+03 inf =   0.000e+00 (7551)
* 91607: obj =   2.126969827e+03 inf =   0.000e+00 (7551)
* 91643: obj =   2.126969827e+03 inf =   0.000e+00 (7568) 1
* 91684: obj =   2.126969827e+03 inf =   0.000e+00 (7547)
* 91717: obj =   2.126969827e+03 inf =   0.000e+00 (7558) 1
* 91755: obj =   2.126969827e+03 inf =   0.000e+00 (7546)
* 91794: obj =   2.126969827e+03 inf =   0.000e+00 (7554)
* 91830: obj =   2.126969827e+03 inf =   0.000e+00 (7567) 1
* 91872: obj =   2.126969827e+03 inf =   0.000e+00 (7567)
* 91916: obj =   2.126969827e+03 inf =   0.000e+00 (7562)
* 91956: obj =   2.126969827e+03 inf =   0.000e+00 (7552) 1
* 91999: obj =   2.126969827e+03 inf =   0.000e+00 (7563)
* 92037: obj =   2.126969827e+03 inf =   0.000e+00 (7557) 1
* 92080: obj =   2.126969827e+03 inf =   0.000e+00 (7561)
* 92124: obj =   2.126969827e+03 inf =   0.000e+00 (7567)
* 92163: obj =   2.126969827e+03 inf =   0.000e+00 (7561) 1
* 92208: obj =   2.126969827e+03 inf =   0.000e+00 (7568)
* 92249: obj =   2.126969827e+03 inf =   0.000e+00 (7552) 1
* 92294: obj =   2.126969827e+03 inf =   0.000e+00 (7555)
* 92338: obj =   2.126969827e+03 inf =   0.000e+00 (7568) 1
* 92383: obj =   2.126969827e+03 inf =   0.000e+00 (7557)
* 92428: obj =   2.126969827e+03 inf =   0.000e+00 (7563)
* 92468: obj =   2.126969827e+03 inf =   0.000e+00 (7546) 1
* 92514: obj =   2.126969827e+03 inf =   0.000e+00 (7546)
* 92554: obj =   2.126969827e+03 inf =   0.000e+00 (7569) 1
* 92600: obj =   2.126969827e+03 inf =   0.000e+00 (7572)
* 92645: obj =   2.126969827e+03 inf =   0.000e+00 (7566) 1
* 92690: obj =   2.126969827e+03 inf =   0.000e+00 (7607)
* 92735: obj =   2.126969827e+03 inf =   0.000e+00 (7599)
* 92775: obj =   2.126969827e+03 inf =   0.000e+00 (7591) 1
* 92820: obj =   2.126969827e+03 inf =   0.000e+00 (7599)
* 92861: obj =   2.126969827e+03 inf =   0.000e+00 (7596) 1
* 92906: obj =   2.126969827e+03 inf =   0.000e+00 (7587)
* 92950: obj =   2.126969827e+03 inf =   0.000e+00 (7574)
* 92991: obj =   2.126969827e+03 inf =   0.000e+00 (7587) 1
* 93036: obj =   2.126969827e+03 inf =   0.000e+00 (7575)
* 93076: obj =   2.126969827e+03 inf =   0.000e+00 (7583) 1
* 93122: obj =   2.126969827e+03 inf =   0.000e+00 (7568)
* 93161: obj =   2.126969827e+03 inf =   0.000e+00 (7566) 1
* 93202: obj =   2.126969827e+03 inf =   0.000e+00 (7577)
* 93247: obj =   2.126969827e+03 inf =   0.000e+00 (7573)
* 93287: obj =   2.126969827e+03 inf =   0.000e+00 (7566) 1
* 93332: obj =   2.126969827e+03 inf =   0.000e+00 (7574)
* 93372: obj =   2.126969827e+03 inf =   0.000e+00 (7572) 1
* 93417: obj =   2.126969827e+03 inf =   0.000e+00 (7578)
* 93462: obj =   2.126969827e+03 inf =   0.000e+00 (7579)
* 93503: obj =   2.126969827e+03 inf =   0.000e+00 (7583) 1
* 93549: obj =   2.126969827e+03 inf =   0.000e+00 (7572)
* 93591: obj =   2.126969827e+03 inf =   0.000e+00 (7575) 1
* 93637: obj =   2.126969827e+03 inf =   0.000e+00 (7566)
* 93678: obj =   2.126969827e+03 inf =   0.000e+00 (7593) 1
* 93723: obj =   2.126969827e+03 inf =   0.000e+00 (7585)
* 93767: obj =   2.126969827e+03 inf =   0.000e+00 (7578)
* 93807: obj =   2.126969827e+03 inf =   0.000e+00 (7576) 1
* 93852: obj =   2.126969827e+03 inf =   0.000e+00 (7579)
* 93893: obj =   2.126969827e+03 inf =   0.000e+00 (7570) 1
* 93938: obj =   2.126969827e+03 inf =   0.000e+00 (7595)
* 93978: obj =   2.126969827e+03 inf =   0.000e+00 (7589) 1
* 94022: obj =   2.126969827e+03 inf =   0.000e+00 (7600)
* 94067: obj =   2.126969827e+03 inf =   0.000e+00 (7568)
* 94107: obj =   2.126969827e+03 inf =   0.000e+00 (7572) 1
* 94152: obj =   2.126969827e+03 inf =   0.000e+00 (7585)
* 94192: obj =   2.126969827e+03 inf =   0.000e+00 (7589) 1
* 94237: obj =   2.126969827e+03 inf =   0.000e+00 (7571)
* 94282: obj =   2.126969827e+03 inf =   0.000e+00 (7594)
* 94323: obj =   2.126969827e+03 inf =   0.000e+00 (7582) 1
* 94368: obj =   2.126969827e+03 inf =   0.000e+00 (7607)
* 94409: obj =   2.126969827e+03 inf =   0.000e+00 (7573) 1
* 94455: obj =   2.126969827e+03 inf =   0.000e+00 (7607)
* 94496: obj =   2.126969827e+03 inf =   0.000e+00 (7582) 1
* 94542: obj =   2.126969827e+03 inf =   0.000e+00 (7592)
* 94587: obj =   2.126969827e+03 inf =   0.000e+00 (7566)
* 94627: obj =   2.126969827e+03 inf =   0.000e+00 (7585) 1
* 94673: obj =   2.126969827e+03 inf =   0.000e+00 (7579)
* 94714: obj =   2.126969827e+03 inf =   0.000e+00 (7598) 1
* 94759: obj =   2.126969827e+03 inf =   0.000e+00 (7593)
* 94799: obj =   2.126969827e+03 inf =   0.000e+00 (7618) 1
* 94844: obj =   2.126969827e+03 inf =   0.000e+00 (7596)
* 94888: obj =   2.126969827e+03 inf =   0.000e+00 (7620)
* 94928: obj =   2.126969827e+03 inf =   0.000e+00 (7594) 1
* 94973: obj =   2.126969827e+03 inf =   0.000e+00 (7625)
* 95011: obj =   2.126969827e+03 inf =   0.000e+00 (7609) 1
* 95056: obj =   2.126969827e+03 inf =   0.000e+00 (7597)
* 95101: obj =   2.126969827e+03 inf =   0.000e+00 (7623)
* 95140: obj =   2.126969827e+03 inf =   0.000e+00 (7607) 1
* 95185: obj =   2.126969827e+03 inf =   0.000e+00 (7602)
* 95225: obj =   2.126969827e+03 inf =   0.000e+00 (7615) 1
* 95269: obj =   2.126969827e+03 inf =   0.000e+00 (7590)
* 95309: obj =   2.126969827e+03 inf =   0.000e+00 (7615) 1
* 95352: obj =   2.126969827e+03 inf =   0.000e+00 (7612)
* 95393: obj =   2.126969827e+03 inf =   0.000e+00 (7610)
* 95431: obj =   2.126969827e+03 inf =   0.000e+00 (7604) 1
* 95474: obj =   2.126969827e+03 inf =   0.000e+00 (7595)
* 95517: obj =   2.126969827e+03 inf =   0.000e+00 (7614) 1
* 95559: obj =   2.126969827e+03 inf =   0.000e+00 (7592)
* 95601: obj =   2.126969827e+03 inf =   0.000e+00 (7586)
* 95639: obj =   2.126969827e+03 inf =   0.000e+00 (7600) 1
* 95683: obj =   2.126969827e+03 inf =   0.000e+00 (7582)
* 95724: obj =   2.126969827e+03 inf =   0.000e+00 (7588) 1
* 95768: obj =   2.126969827e+03 inf =   0.000e+00 (7584)
* 95814: obj =   2.126969827e+03 inf =   0.000e+00 (7585)
* 95855: obj =   2.126969827e+03 inf =   0.000e+00 (7582) 1
* 95900: obj =   2.126969827e+03 inf =   0.000e+00 (7584)
* 95941: obj =   2.126969827e+03 inf =   0.000e+00 (7590) 1
* 95986: obj =   2.126969827e+03 inf =   0.000e+00 (7568)
* 96026: obj =   2.126969827e+03 inf =   0.000e+00 (7550) 1
* 96070: obj =   2.126969827e+03 inf =   0.000e+00 (7593)
* 96115: obj =   2.126969827e+03 inf =   0.000e+00 (7563)
* 96154: obj =   2.126969827e+03 inf =   0.000e+00 (7553) 1
* 96199: obj =   2.126969827e+03 inf =   0.000e+00 (7570)
* 96239: obj =   2.126969827e+03 inf =   0.000e+00 (7566) 1
* 96284: obj =   2.126969827e+03 inf =   0.000e+00 (7572)
* 96329: obj =   2.126969827e+03 inf =   0.000e+00 (7586)
* 96369: obj =   2.126969827e+03 inf =   0.000e+00 (7567) 1
* 96415: obj =   2.126969827e+03 inf =   0.000e+00 (7562)
* 96456: obj =   2.126969827e+03 inf =   0.000e+00 (7560) 1
* 96502: obj =   2.126969827e+03 inf =   0.000e+00 (7577)
* 96543: obj =   2.126969827e+03 inf =   0.000e+00 (7565) 1
* 96588: obj =   2.126969827e+03 inf =   0.000e+00 (7563)
* 96634: obj =   2.126969827e+03 inf =   0.000e+00 (7591)
* 96675: obj =   2.126969827e+03 inf =   0.000e+00 (7558) 1
* 96721: obj =   2.126969827e+03 inf =   0.000e+00 (7563)
* 96761: obj =   2.126969827e+03 inf =   0.000e+00 (7588) 1
* 96806: obj =   2.126969827e+03 inf =   0.000e+00 (7575)
* 96846: obj =   2.126969827e+03 inf =   0.000e+00 (7574) 1
* 96891: obj =   2.126969827e+03 inf =   0.000e+00 (7559)
* 96936: obj =   2.126969827e+03 inf =   0.000e+00 (7575)
* 96977: obj =   2.126969827e+03 inf =   0.000e+00 (7556) 1
* 97022: obj =   2.126969827e+03 inf =   0.000e+00 (7590)
* 97063: obj =   2.126969827e+03 inf =   0.000e+00 (7597) 1
* 97108: obj =   2.126969827e+03 inf =   0.000e+00 (7586)
* 97148: obj =   2.126969827e+03 inf =   0.000e+00 (7587) 1
* 97193: obj =   2.126969827e+03 inf =   0.000e+00 (7590)
* 97238: obj =   2.126969827e+03 inf =   0.000e+00 (7574)
* 97279: obj =   2.126969827e+03 inf =   0.000e+00 (7586) 1
* 97325: obj =   2.126969827e+03 inf =   0.000e+00 (7589)
* 97366: obj =   2.126969827e+03 inf =   0.000e+00 (7595) 1
* 97412: obj =   2.126969827e+03 inf =   0.000e+00 (7578)
* 97455: obj =   2.126969827e+03 inf =   0.000e+00 (7591) 1
* 97499: obj =   2.126969827e+03 inf =   0.000e+00 (7594)
* 97544: obj =   2.126969827e+03 inf =   0.000e+00 (7579)
* 97585: obj =   2.126969827e+03 inf =   0.000e+00 (7612) 1
* 97630: obj =   2.126969827e+03 inf =   0.000e+00 (7615)
* 97671: obj =   2.126969827e+03 inf =   0.000e+00 (7608) 1
* 97717: obj =   2.126969827e+03 inf =   0.000e+00 (7588)
* 97762: obj =   2.126969827e+03 inf =   0.000e+00 (7590)
* 97803: obj =   2.126969827e+03 inf =   0.000e+00 (7593) 1
* 97849: obj =   2.126969827e+03 inf =   0.000e+00 (7584)
* 97890: obj =   2.126969827e+03 inf =   0.000e+00 (7588) 1
* 97936: obj =   2.126969827e+03 inf =   0.000e+00 (7608)
* 97977: obj =   2.126969827e+03 inf =   0.000e+00 (7617) 1
* 98023: obj =   2.126969827e+03 inf =   0.000e+00 (7585)
* 98068: obj =   2.126969827e+03 inf =   0.000e+00 (7606)
* 98109: obj =   2.126969827e+03 inf =   0.000e+00 (7590) 1
* 98155: obj =   2.126969827e+03 inf =   0.000e+00 (7606)
* 98196: obj =   2.126969827e+03 inf =   0.000e+00 (7605) 1
* 98241: obj =   2.126969827e+03 inf =   0.000e+00 (7612)
* 98285: obj =   2.126969827e+03 inf =   0.000e+00 (7595) 1
* 98330: obj =   2.126969827e+03 inf =   0.000e+00 (7595)
* 98375: obj =   2.126969827e+03 inf =   0.000e+00 (7581)
* 98416: obj =   2.126969827e+03 inf =   0.000e+00 (7596) 1
* 98462: obj =   2.126969827e+03 inf =   0.000e+00 (7616)
* 98503: obj =   2.126969827e+03 inf =   0.000e+00 (7596) 1
* 98549: obj =   2.126969827e+03 inf =   0.000e+00 (7603)
* 98594: obj =   2.126969827e+03 inf =   0.000e+00 (7598)
* 98635: obj =   2.126969827e+03 inf =   0.000e+00 (7589) 1
* 98680: obj =   2.126969827e+03 inf =   0.000e+00 (7600)
* 98720: obj =   2.126969827e+03 inf =   0.000e+00 (7619) 1
* 98765: obj =   2.126969827e+03 inf =   0.000e+00 (7625)
* 98805: obj =   2.126969827e+03 inf =   0.000e+00 (7602) 1
* 98850: obj =   2.126969827e+03 inf =   0.000e+00 (7609)
* 98894: obj =   2.126969827e+03 inf =   0.000e+00 (7598)
* 98933: obj =   2.126969827e+03 inf =   0.000e+00 (7637) 1
* 98977: obj =   2.126969827e+03 inf =   0.000e+00 (7601)
* 99017: obj =   2.126969827e+03 inf =   0.000e+00 (7593) 1
* 99062: obj =   2.126969827e+03 inf =   0.000e+00 (7589)
* 99105: obj =   2.126969827e+03 inf =   0.000e+00 (7599)
* 99145: obj =   2.126969827e+03 inf =   0.000e+00 (7600) 1
* 99190: obj =   2.126969827e+03 inf =   0.000e+00 (7617)
* 99231: obj =   2.126969827e+03 inf =   0.000e+00 (7589) 1
* 99276: obj =   2.126969827e+03 inf =   0.000e+00 (7619)
* 99317: obj =   2.126969827e+03 inf =   0.000e+00 (7614) 1
* 99362: obj =   2.126969827e+03 inf =   0.000e+00 (7605)
* 99407: obj =   2.126969827e+03 inf =   0.000e+00 (7635)
* 99447: obj =   2.126969827e+03 inf =   0.000e+00 (7598) 1
* 99492: obj =   2.126969827e+03 inf =   0.000e+00 (7615)
* 99533: obj =   2.126969827e+03 inf =   0.000e+00 (7624) 1
* 99578: obj =   2.126969827e+03 inf =   0.000e+00 (7604)
* 99619: obj =   2.126969827e+03 inf =   0.000e+00 (7626) 1
* 99664: obj =   2.126969827e+03 inf =   0.000e+00 (7601)
* 99709: obj =   2.126969827e+03 inf =   0.000e+00 (7622)
* 99750: obj =   2.126969827e+03 inf =   0.000e+00 (7619) 1
* 99795: obj =   2.126969827e+03 inf =   0.000e+00 (7639)
* 99836: obj =   2.126969827e+03 inf =   0.000e+00 (7630) 1
* 99881: obj =   2.126969827e+03 inf =   0.000e+00 (7621)
* 99927: obj =   2.126969827e+03 inf =   0.000e+00 (7651)
* 99968: obj =   2.126969827e+03 inf =   0.000e+00 (7645) 1
*100012: obj =   2.126969827e+03 inf =   0.000e+00 (7615)
*100052: obj =   2.126969827e+03 inf =   0.000e+00 (7637) 1
*100097: obj =   2.126969827e+03 inf =   0.000e+00 (7630)
*100138: obj =   2.126969827e+03 inf =   0.000e+00 (7615) 1
*100183: obj =   2.126969827e+03 inf =   0.000e+00 (7615)
*100228: obj =   2.126969827e+03 inf =   0.000e+00 (7624)
*100269: obj =   2.126969827e+03 inf =   0.000e+00 (7625) 1
*100314: obj =   2.126969827e+03 inf =   0.000e+00 (7612)
*100350: obj =   2.126969827e+03 inf =   0.000e+00 (7614) 1
*100393: obj =   2.126969827e+03 inf =   0.000e+00 (7609)
*100438: obj =   2.126969827e+03 inf =   0.000e+00 (7667)
*100479: obj =   2.126969827e+03 inf =   0.000e+00 (7621) 1
*100524: obj =   2.126969827e+03 inf =   0.000e+00 (7674)
*100564: obj =   2.126969827e+03 inf =   0.000e+00 (7609) 1
*100609: obj =   2.126969827e+03 inf =   0.000e+00 (7613)
*100655: obj =   2.126969827e+03 inf =   0.000e+00 (7622)
*100695: obj =   2.126969827e+03 inf =   0.000e+00 (7613) 1
*100740: obj =   2.126969827e+03 inf =   0.000e+00 (7617)
*100780: obj =   2.126969827e+03 inf =   0.000e+00 (7628) 1
*100825: obj =   2.126969827e+03 inf =   0.000e+00 (7605)
*100870: obj =   2.126969827e+03 inf =   0.000e+00 (7628)
*100910: obj =   2.126969827e+03 inf =   0.000e+00 (7602) 1
*100954: obj =   2.126969827e+03 inf =   0.000e+00 (7620)
*100994: obj =   2.126969827e+03 inf =   0.000e+00 (7628) 1
*101039: obj =   2.126969827e+03 inf =   0.000e+00 (7631)
*101079: obj =   2.126969827e+03 inf =   0.000e+00 (7632) 1
*101123: obj =   2.126969827e+03 inf =   0.000e+00 (7633)
*101167: obj =   2.126969827e+03 inf =   0.000e+00 (7635)
*101207: obj =   2.126969827e+03 inf =   0.000e+00 (7622) 1
*101252: obj =   2.126969827e+03 inf =   0.000e+00 (7641)
*101291: obj =   2.126969827e+03 inf =   0.000e+00 (7638) 1
*101335: obj =   2.126969827e+03 inf =   0.000e+00 (7634)
*101380: obj =   2.126969827e+03 inf =   0.000e+00 (7636)
*101420: obj =   2.126969827e+03 inf =   0.000e+00 (7621) 1
*101465: obj =   2.126969827e+03 inf =   0.000e+00 (7626)
*101505: obj =   2.126969827e+03 inf =   0.000e+00 (7668) 1
*101549: obj =   2.126969827e+03 inf =   0.000e+00 (7618)
*101593: obj =   2.126969827e+03 inf =   0.000e+00 (7631)
*101633: obj =   2.126969827e+03 inf =   0.000e+00 (7662) 1
*101679: obj =   2.126969827e+03 inf =   0.000e+00 (7662)
*101719: obj =   2.126969827e+03 inf =   0.000e+00 (7644) 1
*101763: obj =   2.126969827e+03 inf =   0.000e+00 (7650)
*101802: obj =   2.126969827e+03 inf =   0.000e+00 (7645) 1
*101847: obj =   2.126969827e+03 inf =   0.000e+00 (7629)
*101892: obj =   2.126969827e+03 inf =   0.000e+00 (7639)
*101932: obj =   2.126969827e+03 inf =   0.000e+00 (7634) 1
*101977: obj =   2.126969827e+03 inf =   0.000e+00 (7639)
*102017: obj =   2.126969827e+03 inf =   0.000e+00 (7643) 1
*102062: obj =   2.126969827e+03 inf =   0.000e+00 (7646)
*102106: obj =   2.126969827e+03 inf =   0.000e+00 (7634)
*102145: obj =   2.126969827e+03 inf =   0.000e+00 (7641) 1
*102190: obj =   2.126969827e+03 inf =   0.000e+00 (7642)
*102230: obj =   2.126969827e+03 inf =   0.000e+00 (7643) 1
*102275: obj =   2.126969827e+03 inf =   0.000e+00 (7648)
*102317: obj =   2.126969827e+03 inf =   0.000e+00 (7655) 1
*102362: obj =   2.126969827e+03 inf =   0.000e+00 (7644)
*102406: obj =   2.126969827e+03 inf =   0.000e+00 (7636)
*102446: obj =   2.126969827e+03 inf =   0.000e+00 (7632) 1
*102491: obj =   2.126969827e+03 inf =   0.000e+00 (7635)
*102531: obj =   2.126969827e+03 inf =   0.000e+00 (7641) 1
*102576: obj =   2.126969827e+03 inf =   0.000e+00 (7651)
*102621: obj =   2.126969827e+03 inf =   0.000e+00 (7663)
*102661: obj =   2.126969827e+03 inf =   0.000e+00 (7642) 1
*102706: obj =   2.126969827e+03 inf =   0.000e+00 (7648)
*102747: obj =   2.126969827e+03 inf =   0.000e+00 (7656) 1
*102793: obj =   2.126969827e+03 inf =   0.000e+00 (7638)
*102833: obj =   2.126969827e+03 inf =   0.000e+00 (7677) 1
*102879: obj =   2.126969827e+03 inf =   0.000e+00 (7641)
*102924: obj =   2.126969827e+03 inf =   0.000e+00 (7655)
*102965: obj =   2.126969827e+03 inf =   0.000e+00 (7648) 1
*103010: obj =   2.126969827e+03 inf =   0.000e+00 (7672)
*103051: obj =   2.126969827e+03 inf =   0.000e+00 (7641) 1
*103096: obj =   2.126969827e+03 inf =   0.000e+00 (7667)
*103137: obj =   2.126969827e+03 inf =   0.000e+00 (7636) 1
*103181: obj =   2.126969827e+03 inf =   0.000e+00 (7631)
*103225: obj =   2.126969827e+03 inf =   0.000e+00 (7642)
*103265: obj =   2.126969827e+03 inf =   0.000e+00 (7637) 1
*103310: obj =   2.126969827e+03 inf =   0.000e+00 (7692)
*103350: obj =   2.126969827e+03 inf =   0.000e+00 (7640) 1
*103395: obj =   2.126969827e+03 inf =   0.000e+00 (7636)
*103440: obj =   2.126969827e+03 inf =   0.000e+00 (7628)
*103480: obj =   2.126969827e+03 inf =   0.000e+00 (7631) 1
*103525: obj =   2.126969827e+03 inf =   0.000e+00 (7671)
*103566: obj =   2.126969827e+03 inf =   0.000e+00 (7680) 1
*103611: obj =   2.126969827e+03 inf =   0.000e+00 (7652)
*103652: obj =   2.126969827e+03 inf =   0.000e+00 (7702) 1
*103698: obj =   2.126969827e+03 inf =   0.000e+00 (7655)
*103743: obj =   2.126969827e+03 inf =   0.000e+00 (7647)
*103783: obj =   2.126969827e+03 inf =   0.000e+00 (7657) 1
*103828: obj =   2.126969827e+03 inf =   0.000e+00 (7680)
*103868: obj =   2.126969827e+03 inf =   0.000e+00 (7672) 1
*103914: obj =   2.126969827e+03 inf =   0.000e+00 (7659)
*103956: obj =   2.126969827e+03 inf =   0.000e+00 (7657) 1
*104002: obj =   2.126969827e+03 inf =   0.000e+00 (7674)
*104047: obj =   2.126969827e+03 inf =   0.000e+00 (7680)
*104088: obj =   2.126969827e+03 inf =   0.000e+00 (7667) 1
*104133: obj =   2.126969827e+03 inf =   0.000e+00 (7683)
*104173: obj =   2.126969827e+03 inf =   0.000e+00 (7681) 1
*104218: obj =   2.126969827e+03 inf =   0.000e+00 (7677)
*104259: obj =   2.126969827e+03 inf =   0.000e+00 (7739) 1
*104305: obj =   2.126969827e+03 inf =   0.000e+00 (7700)
*104350: obj =   2.126969827e+03 inf =   0.000e+00 (7659)
*104390: obj =   2.126969827e+03 inf =   0.000e+00 (7672) 1
*104435: obj =   2.126969827e+03 inf =   0.000e+00 (7685)
*104475: obj =   2.126969827e+03 inf =   0.000e+00 (7680) 1
*104520: obj =   2.126969827e+03 inf =   0.000e+00 (7687)
*104564: obj =   2.126969827e+03 inf =   0.000e+00 (7658) 1
*104608: obj =   2.126969827e+03 inf =   0.000e+00 (7658)
*104652: obj =   2.126969827e+03 inf =   0.000e+00 (7668)
*104692: obj =   2.126969827e+03 inf =   0.000e+00 (7671) 1
*104736: obj =   2.126969827e+03 inf =   0.000e+00 (7660)
*104776: obj =   2.126969827e+03 inf =   0.000e+00 (7684) 1
*104820: obj =   2.126969827e+03 inf =   0.000e+00 (7690)
*104865: obj =   2.126969827e+03 inf =   0.000e+00 (7679)
*104905: obj =   2.126969827e+03 inf =   0.000e+00 (7669) 1
*104950: obj =   2.126969827e+03 inf =   0.000e+00 (7672)
*104990: obj =   2.126969827e+03 inf =   0.000e+00 (7663) 1
*105035: obj =   2.126969827e+03 inf =   0.000e+00 (7683)
*105080: obj =   2.126969827e+03 inf =   0.000e+00 (7687)
*105120: obj =   2.126969827e+03 inf =   0.000e+00 (7685) 1
*105164: obj =   2.126969827e+03 inf =   0.000e+00 (7667)
*105204: obj =   2.126969827e+03 inf =   0.000e+00 (7670) 1
*105249: obj =   2.126969827e+03 inf =   0.000e+00 (7693)
*105289: obj =   2.126969827e+03 inf =   0.000e+00 (7708) 1
*105334: obj =   2.126969827e+03 inf =   0.000e+00 (7686)
*105379: obj =   2.126969827e+03 inf =   0.000e+00 (7682)
*105419: obj =   2.126969827e+03 inf =   0.000e+00 (7698) 1
*105464: obj =   2.126969827e+03 inf =   0.000e+00 (7692)
*105504: obj =   2.126969827e+03 inf =   0.000e+00 (7692) 1
*105549: obj =   2.126969827e+03 inf =   0.000e+00 (7690)
*105593: obj =   2.126969827e+03 inf =   0.000e+00 (7698) 1
*105638: obj =   2.126969827e+03 inf =   0.000e+00 (7680)
*105682: obj =   2.126969827e+03 inf =   0.000e+00 (7684)
*105722: obj =   2.126969827e+03 inf =   0.000e+00 (7709) 1
*105766: obj =   2.126969827e+03 inf =   0.000e+00 (7723)
*105806: obj =   2.126969827e+03 inf =   0.000e+00 (7704) 1
*105851: obj =   2.126969827e+03 inf =   0.000e+00 (7692)
*105895: obj =   2.126969827e+03 inf =   0.000e+00 (7683)
*105934: obj =   2.126969827e+03 inf =   0.000e+00 (7687) 1
*105978: obj =   2.126969827e+03 inf =   0.000e+00 (7683)
*106016: obj =   2.126969827e+03 inf =   0.000e+00 (7697) 1
*106058: obj =   2.126969827e+03 inf =   0.000e+00 (7683)
*106095: obj =   2.126969827e+03 inf =   0.000e+00 (7694)
*106133: obj =   2.126969827e+03 inf =   0.000e+00 (7687) 1
*106176: obj =   2.126969827e+03 inf =   0.000e+00 (7698)
*106214: obj =   2.126969827e+03 inf =   0.000e+00 (7686) 1
*106255: obj =   2.126969827e+03 inf =   0.000e+00 (7692)
*106297: obj =   2.126969827e+03 inf =   0.000e+00 (7682)
*106336: obj =   2.126969827e+03 inf =   0.000e+00 (7682) 1
*106379: obj =   2.126969827e+03 inf =   0.000e+00 (7725)
*106418: obj =   2.126969827e+03 inf =   0.000e+00 (7681) 1
*106460: obj =   2.126969827e+03 inf =   0.000e+00 (7704)
*106503: obj =   2.126969827e+03 inf =   0.000e+00 (7685)
*106542: obj =   2.126969827e+03 inf =   0.000e+00 (7697) 1
*106586: obj =   2.126969827e+03 inf =   0.000e+00 (7678)
*106625: obj =   2.126969827e+03 inf =   0.000e+00 (7693) 1
*106669: obj =   2.126969827e+03 inf =   0.000e+00 (7688)
*106713: obj =   2.126969827e+03 inf =   0.000e+00 (7679)
*106752: obj =   2.126969827e+03 inf =   0.000e+00 (7679) 1
*106796: obj =   2.126969827e+03 inf =   0.000e+00 (7701)
*106835: obj =   2.126969827e+03 inf =   0.000e+00 (7685) 1
*106878: obj =   2.126969827e+03 inf =   0.000e+00 (7694)
*106922: obj =   2.126969827e+03 inf =   0.000e+00 (7684)
*106960: obj =   2.126969827e+03 inf =   0.000e+00 (7684) 1
*107003: obj =   2.126969827e+03 inf =   0.000e+00 (7679)
*107042: obj =   2.126969827e+03 inf =   0.000e+00 (7687) 1
*107085: obj =   2.126969827e+03 inf =   0.000e+00 (7676)
*107129: obj =   2.126969827e+03 inf =   0.000e+00 (7683)
*107168: obj =   2.126969827e+03 inf =   0.000e+00 (7677) 1
*107211: obj =   2.126969827e+03 inf =   0.000e+00 (7703)
*107249: obj =   2.126969827e+03 inf =   0.000e+00 (7709) 1
*107293: obj =   2.126969827e+03 inf =   0.000e+00 (7687)
*107337: obj =   2.126969827e+03 inf =   0.000e+00 (7703)
*107376: obj =   2.126969827e+03 inf =   0.000e+00 (7687) 1
*107416: obj =   2.126969827e+03 inf =   0.000e+00 (7701)
*107453: obj =   2.126969827e+03 inf =   0.000e+00 (7692) 1
*107497: obj =   2.126969827e+03 inf =   0.000e+00 (7697)
*107541: obj =   2.126969827e+03 inf =   0.000e+00 (7701)
*107581: obj =   2.126969827e+03 inf =   0.000e+00 (7714) 1
*107625: obj =   2.126969827e+03 inf =   0.000e+00 (7673)
*107664: obj =   2.126969827e+03 inf =   0.000e+00 (7692) 1
*107708: obj =   2.126969827e+03 inf =   0.000e+00 (7680)
*107752: obj =   2.126969827e+03 inf =   0.000e+00 (7692)
*107792: obj =   2.126969827e+03 inf =   0.000e+00 (7705) 1
*107836: obj =   2.126969827e+03 inf =   0.000e+00 (7672)
*107875: obj =   2.126969827e+03 inf =   0.000e+00 (7680) 1
*107919: obj =   2.126969827e+03 inf =   0.000e+00 (7675)
*107959: obj =   2.126969827e+03 inf =   0.000e+00 (7673) 1
*108003: obj =   2.126969827e+03 inf =   0.000e+00 (7701)
*108047: obj =   2.126969827e+03 inf =   0.000e+00 (7670)
*108086: obj =   2.126969827e+03 inf =   0.000e+00 (7666) 1
*108130: obj =   2.126969827e+03 inf =   0.000e+00 (7686)
*108169: obj =   2.126969827e+03 inf =   0.000e+00 (7700) 1
*108213: obj =   2.126969827e+03 inf =   0.000e+00 (7666)
*108257: obj =   2.126969827e+03 inf =   0.000e+00 (7683)
*108296: obj =   2.126969827e+03 inf =   0.000e+00 (7703) 1
*108340: obj =   2.126969827e+03 inf =   0.000e+00 (7679)
*108379: obj =   2.126969827e+03 inf =   0.000e+00 (7687) 1
*108423: obj =   2.126969827e+03 inf =   0.000e+00 (7701)
*108468: obj =   2.126969827e+03 inf =   0.000e+00 (7703)
*108508: obj =   2.126969827e+03 inf =   0.000e+00 (7698) 1
*108553: obj =   2.126969827e+03 inf =   0.000e+00 (7688)
*108592: obj =   2.126969827e+03 inf =   0.000e+00 (7707) 1
*108637: obj =   2.126969827e+03 inf =   0.000e+00 (7692)
*108681: obj =   2.126969827e+03 inf =   0.000e+00 (7710)
*108721: obj =   2.126969827e+03 inf =   0.000e+00 (7705) 1
*108765: obj =   2.126969827e+03 inf =   0.000e+00 (7723)
*108803: obj =   2.126969827e+03 inf =   0.000e+00 (7728) 1
*108847: obj =   2.126969827e+03 inf =   0.000e+00 (7712)
*108891: obj =   2.126969827e+03 inf =   0.000e+00 (7727)
*108931: obj =   2.126969827e+03 inf =   0.000e+00 (7711) 1
*108975: obj =   2.126969827e+03 inf =   0.000e+00 (7735)
*109014: obj =   2.126969827e+03 inf =   0.000e+00 (7723) 1
*109058: obj =   2.126969827e+03 inf =   0.000e+00 (7711)
*109099: obj =   2.126969827e+03 inf =   0.000e+00 (7735) 1
*109141: obj =   2.126969827e+03 inf =   0.000e+00 (7758)
*109185: obj =   2.126969827e+03 inf =   0.000e+00 (7721)
*109224: obj =   2.126969827e+03 inf =   0.000e+00 (7700) 1
*109267: obj =   2.126969827e+03 inf =   0.000e+00 (7733)
*109306: obj =   2.126969827e+03 inf =   0.000e+00 (7732) 1
*109350: obj =   2.126969827e+03 inf =   0.000e+00 (7739)
*109393: obj =   2.126969827e+03 inf =   0.000e+00 (7720)
*109432: obj =   2.126969827e+03 inf =   0.000e+00 (7745) 1
*109476: obj =   2.126969827e+03 inf =   0.000e+00 (7722)
*109516: obj =   2.126969827e+03 inf =   0.000e+00 (7730) 1
*109560: obj =   2.126969827e+03 inf =   0.000e+00 (7742)
*109603: obj =   2.126969827e+03 inf =   0.000e+00 (7748)
*109640: obj =   2.126969827e+03 inf =   0.000e+00 (7727) 1
*109683: obj =   2.126969827e+03 inf =   0.000e+00 (7743)
*109722: obj =   2.126969827e+03 inf =   0.000e+00 (7761) 1
*109766: obj =   2.126969827e+03 inf =   0.000e+00 (7728)
*109809: obj =   2.126969827e+03 inf =   0.000e+00 (7734)
*109848: obj =   2.126969827e+03 inf =   0.000e+00 (7745) 1
*109892: obj =   2.126969827e+03 inf =   0.000e+00 (7772)
*109931: obj =   2.126969827e+03 inf =   0.000e+00 (7723) 1
*109975: obj =   2.126969827e+03 inf =   0.000e+00 (7753)
*110018: obj =   2.126969827e+03 inf =   0.000e+00 (7746) 1
*110061: obj =   2.126969827e+03 inf =   0.000e+00 (7742)
*110104: obj =   2.126969827e+03 inf =   0.000e+00 (7742)
*110143: obj =   2.126969827e+03 inf =   0.000e+00 (7737) 1
*110186: obj =   2.126969827e+03 inf =   0.000e+00 (7768)
*110223: obj =   2.126969827e+03 inf =   0.000e+00 (7760) 1
*110265: obj =   2.126969827e+03 inf =   0.000e+00 (7740)
*110308: obj =   2.126969827e+03 inf =   0.000e+00 (7746)
*110347: obj =   2.126969827e+03 inf =   0.000e+00 (7758) 1
*110390: obj =   2.126969827e+03 inf =   0.000e+00 (7770)
*110429: obj =   2.126969827e+03 inf =   0.000e+00 (7778) 1
*110473: obj =   2.126969827e+03 inf =   0.000e+00 (7749)
*110517: obj =   2.126969827e+03 inf =   0.000e+00 (7774)
*110556: obj =   2.126969827e+03 inf =   0.000e+00 (7747) 1
*110599: obj =   2.126969827e+03 inf =   0.000e+00 (7772)
*110638: obj =   2.126969827e+03 inf =   0.000e+00 (7790) 1
*110681: obj =   2.126969827e+03 inf =   0.000e+00 (7789)
*110725: obj =   2.126969827e+03 inf =   0.000e+00 (7828)
*110763: obj =   2.126969827e+03 inf =   0.000e+00 (7799) 1
*110805: obj =   2.126969827e+03 inf =   0.000e+00 (7803)
*110844: obj =   2.126969827e+03 inf =   0.000e+00 (7803) 1
*110887: obj =   2.126969827e+03 inf =   0.000e+00 (7807)
*110929: obj =   2.126969827e+03 inf =   0.000e+00 (7793)
*110968: obj =   2.126969827e+03 inf =   0.000e+00 (7817) 1
*111011: obj =   2.126969827e+03 inf =   0.000e+00 (7789)
*111050: obj =   2.126969827e+03 inf =   0.000e+00 (7801) 1
*111093: obj =   2.126969827e+03 inf =   0.000e+00 (7783)
*111134: obj =   2.126969827e+03 inf =   0.000e+00 (7778) 1
*111177: obj =   2.126969827e+03 inf =   0.000e+00 (7820)
*111221: obj =   2.126969827e+03 inf =   0.000e+00 (7783)
*111259: obj =   2.126969827e+03 inf =   0.000e+00 (7793) 1
*111302: obj =   2.126969827e+03 inf =   0.000e+00 (7783)
*111341: obj =   2.126969827e+03 inf =   0.000e+00 (7810) 1
*111384: obj =   2.126969827e+03 inf =   0.000e+00 (7794)
*111427: obj =   2.126969827e+03 inf =   0.000e+00 (7812)
*111466: obj =   2.126969827e+03 inf =   0.000e+00 (7797) 1
*111510: obj =   2.126969827e+03 inf =   0.000e+00 (7789)
*111549: obj =   2.126969827e+03 inf =   0.000e+00 (7832) 1
*111592: obj =   2.126969827e+03 inf =   0.000e+00 (7805)
*111633: obj =   2.126969827e+03 inf =   0.000e+00 (7803)
*111669: obj =   2.126969827e+03 inf =   0.000e+00 (7822) 1
*111712: obj =   2.126969827e+03 inf =   0.000e+00 (7815)
*111751: obj =   2.126969827e+03 inf =   0.000e+00 (7840) 1
*111795: obj =   2.126969827e+03 inf =   0.000e+00 (7875)
*111838: obj =   2.126969827e+03 inf =   0.000e+00 (7852)
*111877: obj =   2.126969827e+03 inf =   0.000e+00 (7835) 1
*111920: obj =   2.126969827e+03 inf =   0.000e+00 (7854)
*111959: obj =   2.126969827e+03 inf =   0.000e+00 (7835) 1
*112003: obj =   2.126969827e+03 inf =   0.000e+00 (7829)
*112047: obj =   2.126969827e+03 inf =   0.000e+00 (7836)
*112086: obj =   2.126969827e+03 inf =   0.000e+00 (7837) 1
*112129: obj =   2.126969827e+03 inf =   0.000e+00 (7869)
*112168: obj =   2.126969827e+03 inf =   0.000e+00 (7836) 1
*112209: obj =   2.126969827e+03 inf =   0.000e+00 (7855)
*112252: obj =   2.126969827e+03 inf =   0.000e+00 (7854)
*112290: obj =   2.126969827e+03 inf =   0.000e+00 (7858) 1
*112333: obj =   2.126969827e+03 inf =   0.000e+00 (7835)
*112371: obj =   2.126969827e+03 inf =   0.000e+00 (7850) 1
*112415: obj =   2.126969827e+03 inf =   0.000e+00 (7863)
*112459: obj =   2.126969827e+03 inf =   0.000e+00 (7867)
*112496: obj =   2.126969827e+03 inf =   0.000e+00 (7840) 1
*112539: obj =   2.126969827e+03 inf =   0.000e+00 (7877)
*112578: obj =   2.126969827e+03 inf =   0.000e+00 (7878) 1
*112622: obj =   2.126969827e+03 inf =   0.000e+00 (7885)
*112666: obj =   2.126969827e+03 inf =   0.000e+00 (7878)
*112705: obj =   2.126969827e+03 inf =   0.000e+00 (7861) 1
*112749: obj =   2.126969827e+03 inf =   0.000e+00 (7907)
*112787: obj =   2.126969827e+03 inf =   0.000e+00 (7885) 1
*112831: obj =   2.126969827e+03 inf =   0.000e+00 (7888)
*112869: obj =   2.126969827e+03 inf =   0.000e+00 (7883) 1
*112909: obj =   2.126969827e+03 inf =   0.000e+00 (7878)
*112952: obj =   2.126969827e+03 inf =   0.000e+00 (7858)
*112989: obj =   2.126969827e+03 inf =   0.000e+00 (7873) 1
*113029: obj =   2.126969827e+03 inf =   0.000e+00 (7872)
*113069: obj =   2.126969827e+03 inf =   0.000e+00 (7861)
*113106: obj =   2.126969827e+03 inf =   0.000e+00 (7886) 1
*113150: obj =   2.126969827e+03 inf =   0.000e+00 (7880)
*113188: obj =   2.126969827e+03 inf =   0.000e+00 (7903) 1
*113231: obj =   2.126969827e+03 inf =   0.000e+00 (7870)
*113274: obj =   2.126969827e+03 inf =   0.000e+00 (7876) 1
*113318: obj =   2.126969827e+03 inf =   0.000e+00 (7909)
*113362: obj =   2.126969827e+03 inf =   0.000e+00 (7894)
*113401: obj =   2.126969827e+03 inf =   0.000e+00 (7892) 1
*113445: obj =   2.126969827e+03 inf =   0.000e+00 (7886)
*113484: obj =   2.126969827e+03 inf =   0.000e+00 (7915) 1
*113528: obj =   2.126969827e+03 inf =   0.000e+00 (7922)
*113572: obj =   2.126969827e+03 inf =   0.000e+00 (7904)
*113611: obj =   2.126969827e+03 inf =   0.000e+00 (7917) 1
*113654: obj =   2.126969827e+03 inf =   0.000e+00 (7889)
*113693: obj =   2.126969827e+03 inf =   0.000e+00 (7905) 1
*113736: obj =   2.126969827e+03 inf =   0.000e+00 (7935)
*113779: obj =   2.126969827e+03 inf =   0.000e+00 (7912)
*113819: obj =   2.126969827e+03 inf =   0.000e+00 (7942) 1
*113863: obj =   2.126969827e+03 inf =   0.000e+00 (7965)
*113902: obj =   2.126969827e+03 inf =   0.000e+00 (7971) 1
*113946: obj =   2.126969827e+03 inf =   0.000e+00 (7941)
*113989: obj =   2.126969827e+03 inf =   0.000e+00 (7958)
*114028: obj =   2.126969827e+03 inf =   0.000e+00 (7971) 1
*114072: obj =   2.126969827e+03 inf =   0.000e+00 (8013)
*114111: obj =   2.126969827e+03 inf =   0.000e+00 (7998) 1
*114155: obj =   2.126969827e+03 inf =   0.000e+00 (7943)
*114198: obj =   2.126969827e+03 inf =   0.000e+00 (7946)
*114237: obj =   2.126969827e+03 inf =   0.000e+00 (7951) 1
*114280: obj =   2.126969827e+03 inf =   0.000e+00 (7965)
*114319: obj =   2.126969827e+03 inf =   0.000e+00 (7949) 1
*114362: obj =   2.126969827e+03 inf =   0.000e+00 (8006)
*114405: obj =   2.126969827e+03 inf =   0.000e+00 (7989) 1
*114448: obj =   2.126969827e+03 inf =   0.000e+00 (8002)
*114492: obj =   2.126969827e+03 inf =   0.000e+00 (7982)
*114531: obj =   2.126969827e+03 inf =   0.000e+00 (7991) 1
*114575: obj =   2.126969827e+03 inf =   0.000e+00 (7996)
*114614: obj =   2.126969827e+03 inf =   0.000e+00 (8021) 1
*114658: obj =   2.126969827e+03 inf =   0.000e+00 (8015)
*114703: obj =   2.126969827e+03 inf =   0.000e+00 (8023)
*114742: obj =   2.126969827e+03 inf =   0.000e+00 (8015) 1
*114786: obj =   2.126969827e+03 inf =   0.000e+00 (8032)
*114825: obj =   2.126969827e+03 inf =   0.000e+00 (8031) 1
*114869: obj =   2.126969827e+03 inf =   0.000e+00 (8006)
*114913: obj =   2.126969827e+03 inf =   0.000e+00 (8016)
*114952: obj =   2.126969827e+03 inf =   0.000e+00 (8022) 1
*114995: obj =   2.126969827e+03 inf =   0.000e+00 (8017)
*115034: obj =   2.126969827e+03 inf =   0.000e+00 (8028) 1
*115078: obj =   2.126969827e+03 inf =   0.000e+00 (8021)
*115122: obj =   2.126969827e+03 inf =   0.000e+00 (7998) 1
*115166: obj =   2.126969827e+03 inf =   0.000e+00 (8040)
*115210: obj =   2.126969827e+03 inf =   0.000e+00 (8005)
*115248: obj =   2.126969827e+03 inf =   0.000e+00 (7994) 1
*115292: obj =   2.126969827e+03 inf =   0.000e+00 (7997)
*115331: obj =   2.126969827e+03 inf =   0.000e+00 (8027) 1
*115374: obj =   2.126969827e+03 inf =   0.000e+00 (8037)
*115417: obj =   2.126969827e+03 inf =   0.000e+00 (7988)
*115455: obj =   2.126969827e+03 inf =   0.000e+00 (8034) 1
*115499: obj =   2.126969827e+03 inf =   0.000e+00 (8089)
*115537: obj =   2.126969827e+03 inf =   0.000e+00 (8033) 1
*115581: obj =   2.126969827e+03 inf =   0.000e+00 (8058)
*115624: obj =   2.126969827e+03 inf =   0.000e+00 (8068)
*115662: obj =   2.126969827e+03 inf =   0.000e+00 (8041) 1
*115705: obj =   2.126969827e+03 inf =   0.000e+00 (8052)
*115742: obj =   2.126969827e+03 inf =   0.000e+00 (8064) 1
*115784: obj =   2.126969827e+03 inf =   0.000e+00 (8031)
*115827: obj =   2.126969827e+03 inf =   0.000e+00 (8053)
*115865: obj =   2.126969827e+03 inf =   0.000e+00 (8041) 1
*115908: obj =   2.126969827e+03 inf =   0.000e+00 (8059)
*115946: obj =   2.126969827e+03 inf =   0.000e+00 (8040) 1
*115989: obj =   2.126969827e+03 inf =   0.000e+00 (8043)
*116032: obj =   2.126969827e+03 inf =   0.000e+00 (8048)
*116070: obj =   2.126969827e+03 inf =   0.000e+00 (8067) 1
*116113: obj =   2.126969827e+03 inf =   0.000e+00 (8086)
*116151: obj =   2.126969827e+03 inf =   0.000e+00 (8076) 1
*116195: obj =   2.126969827e+03 inf =   0.000e+00 (8059)
*116238: obj =   2.126969827e+03 inf =   0.000e+00 (8090)
*116276: obj =   2.126969827e+03 inf =   0.000e+00 (8069) 1
*116319: obj =   2.126969827e+03 inf =   0.000e+00 (8076)
*116357: obj =   2.126969827e+03 inf =   0.000e+00 (8079) 1
*116400: obj =   2.126969827e+03 inf =   0.000e+00 (8068)
*116443: obj =   2.126969827e+03 inf =   0.000e+00 (8091)
*116481: obj =   2.126969827e+03 inf =   0.000e+00 (8057) 1
*116524: obj =   2.126969827e+03 inf =   0.000e+00 (8115)
*116563: obj =   2.126969827e+03 inf =   0.000e+00 (8062) 1
*116606: obj =   2.126969827e+03 inf =   0.000e+00 (8087)
*116649: obj =   2.126969827e+03 inf =   0.000e+00 (8080)
*116688: obj =   2.126969827e+03 inf =   0.000e+00 (8091) 1
*116732: obj =   2.126969827e+03 inf =   0.000e+00 (8075)
*116771: obj =   2.126969827e+03 inf =   0.000e+00 (8116) 1
*116813: obj =   2.126969827e+03 inf =   0.000e+00 (8118)
*116855: obj =   2.126969827e+03 inf =   0.000e+00 (8090)
*116893: obj =   2.126969827e+03 inf =   0.000e+00 (8071) 1
*116935: obj =   2.126969827e+03 inf =   0.000e+00 (8072)
*116973: obj =   2.126969827e+03 inf =   0.000e+00 (8087) 1
*117015: obj =   2.126969827e+03 inf =   0.000e+00 (8090)
*117058: obj =   2.126969827e+03 inf =   0.000e+00 (8104)
*117095: obj =   2.126969827e+03 inf =   0.000e+00 (8095) 1
*117137: obj =   2.126969827e+03 inf =   0.000e+00 (8076)
*117172: obj =   2.126969827e+03 inf =   0.000e+00 (8090) 1
*117215: obj =   2.126969827e+03 inf =   0.000e+00 (8090)
*117258: obj =   2.126969827e+03 inf =   0.000e+00 (8079)
*117296: obj =   2.126969827e+03 inf =   0.000e+00 (8097) 1
*117339: obj =   2.126969827e+03 inf =   0.000e+00 (8108)
*117380: obj =   2.126969827e+03 inf =   0.000e+00 (8077) 1
*117422: obj =   2.126969827e+03 inf =   0.000e+00 (8065)
*117465: obj =   2.126969827e+03 inf =   0.000e+00 (8105)
*117502: obj =   2.126969827e+03 inf =   0.000e+00 (8082) 1
*117545: obj =   2.126969827e+03 inf =   0.000e+00 (8084)
*117585: obj =   2.126969827e+03 inf =   0.000e+00 (8087) 1
*117628: obj =   2.126969827e+03 inf =   0.000e+00 (8090)
*117671: obj =   2.126969827e+03 inf =   0.000e+00 (8107)
*117710: obj =   2.126969827e+03 inf =   0.000e+00 (8121) 1
*117754: obj =   2.126969827e+03 inf =   0.000e+00 (8104)
*117793: obj =   2.126969827e+03 inf =   0.000e+00 (8141) 1
*117836: obj =   2.126969827e+03 inf =   0.000e+00 (8148)
*117880: obj =   2.126969827e+03 inf =   0.000e+00 (8111)
*117919: obj =   2.126969827e+03 inf =   0.000e+00 (8119) 1
*117963: obj =   2.126969827e+03 inf =   0.000e+00 (8122)
*118000: obj =   2.126969827e+03 inf =   0.000e+00 (8122) 1
*118043: obj =   2.126969827e+03 inf =   0.000e+00 (8113)
*118086: obj =   2.126969827e+03 inf =   0.000e+00 (8119)
*118124: obj =   2.126969827e+03 inf =   0.000e+00 (8117) 1
*118167: obj =   2.126969827e+03 inf =   0.000e+00 (8136)
*118205: obj =   2.126969827e+03 inf =   0.000e+00 (8112) 1
*118248: obj =   2.126969827e+03 inf =   0.000e+00 (8141)
*118291: obj =   2.126969827e+03 inf =   0.000e+00 (8130)
*118329: obj =   2.126969827e+03 inf =   0.000e+00 (8126) 1
*118372: obj =   2.126969827e+03 inf =   0.000e+00 (8101)
*118410: obj =   2.126969827e+03 inf =   0.000e+00 (8145) 1
*118454: obj =   2.126969827e+03 inf =   0.000e+00 (8097)
*118497: obj =   2.126969827e+03 inf =   0.000e+00 (8111)
*118534: obj =   2.126969827e+03 inf =   0.000e+00 (8177) 1
*118577: obj =   2.126969827e+03 inf =   0.000e+00 (8121)
*118616: obj =   2.126969827e+03 inf =   0.000e+00 (8097) 1
*118659: obj =   2.126969827e+03 inf =   0.000e+00 (8119)
*118702: obj =   2.126969827e+03 inf =   0.000e+00 (8141)
*118740: obj =   2.126969827e+03 inf =   0.000e+00 (8144) 1
*118783: obj =   2.126969827e+03 inf =   0.000e+00 (8130)
*118822: obj =   2.126969827e+03 inf =   0.000e+00 (8111) 1
*118865: obj =   2.126969827e+03 inf =   0.000e+00 (8118)
*118908: obj =   2.126969827e+03 inf =   0.000e+00 (8124)
*118946: obj =   2.126969827e+03 inf =   0.000e+00 (8159) 1
*118990: obj =   2.126969827e+03 inf =   0.000e+00 (8150)
*119029: obj =   2.126969827e+03 inf =   0.000e+00 (8172) 1
*119072: obj =   2.126969827e+03 inf =   0.000e+00 (8170)
*119116: obj =   2.126969827e+03 inf =   0.000e+00 (8155)
*119154: obj =   2.126969827e+03 inf =   0.000e+00 (8205) 1
*119198: obj =   2.126969827e+03 inf =   0.000e+00 (8216)
*119238: obj =   2.126969827e+03 inf =   0.000e+00 (8227) 1
*119282: obj =   2.126969827e+03 inf =   0.000e+00 (8249)
*119326: obj =   2.126969827e+03 inf =   0.000e+00 (8223)
*119365: obj =   2.126969827e+03 inf =   0.000e+00 (8221) 1
*119408: obj =   2.126969827e+03 inf =   0.000e+00 (8221)
*119447: obj =   2.126969827e+03 inf =   0.000e+00 (8193) 1
*119491: obj =   2.126969827e+03 inf =   0.000e+00 (8208)
*119535: obj =   2.126969827e+03 inf =   0.000e+00 (8204)
*119574: obj =   2.126969827e+03 inf =   0.000e+00 (8232) 1
*119618: obj =   2.126969827e+03 inf =   0.000e+00 (8226)
*119657: obj =   2.126969827e+03 inf =   0.000e+00 (8225) 1
*119700: obj =   2.126969827e+03 inf =   0.000e+00 (8240)
*119744: obj =   2.126969827e+03 inf =   0.000e+00 (8257)
*119783: obj =   2.126969827e+03 inf =   0.000e+00 (8275) 1
*119826: obj =   2.126969827e+03 inf =   0.000e+00 (8254)
*119864: obj =   2.126969827e+03 inf =   0.000e+00 (8256) 1
*119906: obj =   2.126969827e+03 inf =   0.000e+00 (8222)
*119947: obj =   2.126969827e+03 inf =   0.000e+00 (8255)
*119985: obj =   2.126969827e+03 inf =   0.000e+00 (8245) 1
*120029: obj =   2.126969827e+03 inf =   0.000e+00 (8258)
*120068: obj =   2.126969827e+03 inf =   0.000e+00 (8248) 1
*120112: obj =   2.126969827e+03 inf =   0.000e+00 (8231)
*120156: obj =   2.126969827e+03 inf =   0.000e+00 (8233)
*120195: obj =   2.126969827e+03 inf =   0.000e+00 (8233) 1
*120238: obj =   2.126969827e+03 inf =   0.000e+00 (8229)
*120276: obj =   2.126969827e+03 inf =   0.000e+00 (8215) 1
*120319: obj =   2.126969827e+03 inf =   0.000e+00 (8209)
*120362: obj =   2.126969827e+03 inf =   0.000e+00 (8246)
*120400: obj =   2.126969827e+03 inf =   0.000e+00 (8217) 1
*120443: obj =   2.126969827e+03 inf =   0.000e+00 (8235)
*120481: obj =   2.126969827e+03 inf =   0.000e+00 (8226) 1
*120524: obj =   2.126969827e+03 inf =   0.000e+00 (8242)
*120567: obj =   2.126969827e+03 inf =   0.000e+00 (8287)
*120606: obj =   2.126969827e+03 inf =   0.000e+00 (8249) 1
*120650: obj =   2.126969827e+03 inf =   0.000e+00 (8270)
*120688: obj =   2.126969827e+03 inf =   0.000e+00 (8274) 1
*120731: obj =   2.126969827e+03 inf =   0.000e+00 (8291)
*120775: obj =   2.126969827e+03 inf =   0.000e+00 (8260) 1
*120819: obj =   2.126969827e+03 inf =   0.000e+00 (8270)
*120862: obj =   2.126969827e+03 inf =   0.000e+00 (8260)
*120901: obj =   2.126969827e+03 inf =   0.000e+00 (8243) 1
*120944: obj =   2.126969827e+03 inf =   0.000e+00 (8229)
*120982: obj =   2.126969827e+03 inf =   0.000e+00 (8240) 1
*121025: obj =   2.126969827e+03 inf =   0.000e+00 (8247)
*121068: obj =   2.126969827e+03 inf =   0.000e+00 (8245)
*121104: obj =   2.126969827e+03 inf =   0.000e+00 (8264) 1
*121146: obj =   2.126969827e+03 inf =   0.000e+00 (8239)
*121183: obj =   2.126969827e+03 inf =   0.000e+00 (8235) 1
*121225: obj =   2.126969827e+03 inf =   0.000e+00 (8248)
*121267: obj =   2.126969827e+03 inf =   0.000e+00 (8250)
*121305: obj =   2.126969827e+03 inf =   0.000e+00 (8258) 1
*121348: obj =   2.126969827e+03 inf =   0.000e+00 (8274)
*121391: obj =   2.126969827e+03 inf =   0.000e+00 (8241) 1
*121435: obj =   2.126969827e+03 inf =   0.000e+00 (8290)
*121479: obj =   2.126969827e+03 inf =   0.000e+00 (8254)
*121518: obj =   2.126969827e+03 inf =   0.000e+00 (8251) 1
*121562: obj =   2.126969827e+03 inf =   0.000e+00 (8252)
*121601: obj =   2.126969827e+03 inf =   0.000e+00 (8249) 1
*121645: obj =   2.126969827e+03 inf =   0.000e+00 (8266)
*121690: obj =   2.126969827e+03 inf =   0.000e+00 (8233)
*121729: obj =   2.126969827e+03 inf =   0.000e+00 (8311) 1
*121773: obj =   2.126969827e+03 inf =   0.000e+00 (8300)
*121812: obj =   2.126969827e+03 inf =   0.000e+00 (8298) 1
*121856: obj =   2.126969827e+03 inf =   0.000e+00 (8288)
*121899: obj =   2.126969827e+03 inf =   0.000e+00 (8322)
*121937: obj =   2.126969827e+03 inf =   0.000e+00 (8349) 1
*121980: obj =   2.126969827e+03 inf =   0.000e+00 (8307)
*122019: obj =   2.126969827e+03 inf =   0.000e+00 (8312) 1
*122062: obj =   2.126969827e+03 inf =   0.000e+00 (8309)
*122105: obj =   2.126969827e+03 inf =   0.000e+00 (8321)
*122143: obj =   2.126969827e+03 inf =   0.000e+00 (8294) 1
*122186: obj =   2.126969827e+03 inf =   0.000e+00 (8315)
*122224: obj =   2.126969827e+03 inf =   0.000e+00 (8279) 1
*122266: obj =   2.126969827e+03 inf =   0.000e+00 (8309)
*122309: obj =   2.126969827e+03 inf =   0.000e+00 (8305)
*122346: obj =   2.126969827e+03 inf =   0.000e+00 (8324) 1
*122389: obj =   2.126969827e+03 inf =   0.000e+00 (8308)
*122428: obj =   2.126969827e+03 inf =   0.000e+00 (8314) 1
*122472: obj =   2.126969827e+03 inf =   0.000e+00 (8315)
*122516: obj =   2.126969827e+03 inf =   0.000e+00 (8272)
*122555: obj =   2.126969827e+03 inf =   0.000e+00 (8299) 1
*122598: obj =   2.126969827e+03 inf =   0.000e+00 (8300)
*122635: obj =   2.126969827e+03 inf =   0.000e+00 (8297) 1
*122678: obj =   2.126969827e+03 inf =   0.000e+00 (8293)
*122721: obj =   2.126969827e+03 inf =   0.000e+00 (8305)
*122759: obj =   2.126969827e+03 inf =   0.000e+00 (8308) 1
*122803: obj =   2.126969827e+03 inf =   0.000e+00 (8295)
*122841: obj =   2.126969827e+03 inf =   0.000e+00 (8272) 1
*122884: obj =   2.126969827e+03 inf =   0.000e+00 (8304)
*122927: obj =   2.126969827e+03 inf =   0.000e+00 (8300) 1
*122970: obj =   2.126969827e+03 inf =   0.000e+00 (8282)
*123013: obj =   2.126969827e+03 inf =   0.000e+00 (8279)
*123051: obj =   2.126969827e+03 inf =   0.000e+00 (8315) 1
*123094: obj =   2.126969827e+03 inf =   0.000e+00 (8303)
*123133: obj =   2.126969827e+03 inf =   0.000e+00 (8276) 1
*123176: obj =   2.126969827e+03 inf =   0.000e+00 (8296)
*123219: obj =   2.126969827e+03 inf =   0.000e+00 (8300)
*123257: obj =   2.126969827e+03 inf =   0.000e+00 (8293) 1
*123299: obj =   2.126969827e+03 inf =   0.000e+00 (8294)
*123337: obj =   2.126969827e+03 inf =   0.000e+00 (8303) 1
*123379: obj =   2.126969827e+03 inf =   0.000e+00 (8285)
*123421: obj =   2.126969827e+03 inf =   0.000e+00 (8300)
*123458: obj =   2.126969827e+03 inf =   0.000e+00 (8314) 1
*123501: obj =   2.126969827e+03 inf =   0.000e+00 (8296)
*123541: obj =   2.126969827e+03 inf =   0.000e+00 (8306) 1
*123585: obj =   2.126969827e+03 inf =   0.000e+00 (8319)
*123628: obj =   2.126969827e+03 inf =   0.000e+00 (8309)
*123666: obj =   2.126969827e+03 inf =   0.000e+00 (8319) 1
*123709: obj =   2.126969827e+03 inf =   0.000e+00 (8302)
*123748: obj =   2.126969827e+03 inf =   0.000e+00 (8331) 1
*123791: obj =   2.126969827e+03 inf =   0.000e+00 (8304)
*123834: obj =   2.126969827e+03 inf =   0.000e+00 (8294)
*123871: obj =   2.126969827e+03 inf =   0.000e+00 (8318) 1
*123914: obj =   2.126969827e+03 inf =   0.000e+00 (8308)
*123952: obj =   2.126969827e+03 inf =   0.000e+00 (8323) 1
*123993: obj =   2.126969827e+03 inf =   0.000e+00 (8328)
*124034: obj =   2.126969827e+03 inf =   0.000e+00 (8299)
*124072: obj =   2.126969827e+03 inf =   0.000e+00 (8322) 1
*124115: obj =   2.126969827e+03 inf =   0.000e+00 (8321)
*124156: obj =   2.126969827e+03 inf =   0.000e+00 (8317) 1
*124199: obj =   2.126969827e+03 inf =   0.000e+00 (8347)
*124242: obj =   2.126969827e+03 inf =   0.000e+00 (8328)
*124280: obj =   2.126969827e+03 inf =   0.000e+00 (8317) 1
*124322: obj =   2.126969827e+03 inf =   0.000e+00 (8307)
*124362: obj =   2.126969827e+03 inf =   0.000e+00 (8322) 1
*124404: obj =   2.126969827e+03 inf =   0.000e+00 (8300)
*124446: obj =   2.126969827e+03 inf =   0.000e+00 (8296)
*124484: obj =   2.126969827e+03 inf =   0.000e+00 (8312) 1
*124526: obj =   2.126969827e+03 inf =   0.000e+00 (8353)
*124567: obj =   2.126969827e+03 inf =   0.000e+00 (8308) 1
*124610: obj =   2.126969827e+03 inf =   0.000e+00 (8299)
*124652: obj =   2.126969827e+03 inf =   0.000e+00 (8316)
*124690: obj =   2.126969827e+03 inf =   0.000e+00 (8318) 1
*124732: obj =   2.126969827e+03 inf =   0.000e+00 (8312)
*124775: obj =   2.126969827e+03 inf =   0.000e+00 (8291) 1
*124817: obj =   2.126969827e+03 inf =   0.000e+00 (8300)
*124860: obj =   2.126969827e+03 inf =   0.000e+00 (8303)
*124898: obj =   2.126969827e+03 inf =   0.000e+00 (8291) 1
*124941: obj =   2.126969827e+03 inf =   0.000e+00 (8315)
*124979: obj =   2.126969827e+03 inf =   0.000e+00 (8318) 1
*125021: obj =   2.126969827e+03 inf =   0.000e+00 (8320)
*125064: obj =   2.126969827e+03 inf =   0.000e+00 (8301)
*125102: obj =   2.126969827e+03 inf =   0.000e+00 (8310) 1
*125144: obj =   2.126969827e+03 inf =   0.000e+00 (8321)
*125183: obj =   2.126969827e+03 inf =   0.000e+00 (8309) 1
*125225: obj =   2.126969827e+03 inf =   0.000e+00 (8300)
*125267: obj =   2.126969827e+03 inf =   0.000e+00 (8322)
*125304: obj =   2.126969827e+03 inf =   0.000e+00 (8314) 1
*125345: obj =   2.126969827e+03 inf =   0.000e+00 (8310)
*125385: obj =   2.126969827e+03 inf =   0.000e+00 (8288)
*125420: obj =   2.126969827e+03 inf =   0.000e+00 (8317) 1
*125462: obj =   2.126969827e+03 inf =   0.000e+00 (8375)
*125497: obj =   2.126969827e+03 inf =   0.000e+00 (8347) 1
*125539: obj =   2.126969827e+03 inf =   0.000e+00 (8364)
*125580: obj =   2.126969827e+03 inf =   0.000e+00 (8333)
*125615: obj =   2.126969827e+03 inf =   0.000e+00 (8366) 1
*125654: obj =   2.126969827e+03 inf =   0.000e+00 (8369)
*125695: obj =   2.126969827e+03 inf =   0.000e+00 (8336)
*125733: obj =   2.126969827e+03 inf =   0.000e+00 (8327) 1
*125775: obj =   2.126969827e+03 inf =   0.000e+00 (8355)
*125813: obj =   2.126969827e+03 inf =   0.000e+00 (8357) 1
*125854: obj =   2.126969827e+03 inf =   0.000e+00 (8335)
*125897: obj =   2.126969827e+03 inf =   0.000e+00 (8361)
*125933: obj =   2.126969827e+03 inf =   0.000e+00 (8350) 1
*125974: obj =   2.126969827e+03 inf =   0.000e+00 (8326)
*126010: obj =   2.126969827e+03 inf =   0.000e+00 (8354) 1
*126051: obj =   2.126969827e+03 inf =   0.000e+00 (8355)
*126095: obj =   2.126969827e+03 inf =   0.000e+00 (8371)
*126134: obj =   2.126969827e+03 inf =   0.000e+00 (8337) 1
*126176: obj =   2.126969827e+03 inf =   0.000e+00 (8336)
*126213: obj =   2.126969827e+03 inf =   0.000e+00 (8362) 1
*126255: obj =   2.126969827e+03 inf =   0.000e+00 (8367)
*126297: obj =   2.126969827e+03 inf =   0.000e+00 (8332)
*126333: obj =   2.126969827e+03 inf =   0.000e+00 (8368) 1
*126372: obj =   2.126969827e+03 inf =   0.000e+00 (8357)
*126414: obj =   2.126969827e+03 inf =   0.000e+00 (8352)
*126449: obj =   2.126969827e+03 inf =   0.000e+00 (8361) 1
*126490: obj =   2.126969827e+03 inf =   0.000e+00 (8354)
*126527: obj =   2.126969827e+03 inf =   0.000e+00 (8337) 1
*126570: obj =   2.126969827e+03 inf =   0.000e+00 (8365)
*126612: obj =   2.126969827e+03 inf =   0.000e+00 (8379)
*126647: obj =   2.126969827e+03 inf =   0.000e+00 (8365) 1
*126683: obj =   2.126969827e+03 inf =   0.000e+00 (8366)
*126722: obj =   2.126969827e+03 inf =   0.000e+00 (8354)
*126757: obj =   2.126969827e+03 inf =   0.000e+00 (8365) 1
*126798: obj =   2.126969827e+03 inf =   0.000e+00 (8365)
*126835: obj =   2.126969827e+03 inf =   0.000e+00 (8388) 1
*126876: obj =   2.126969827e+03 inf =   0.000e+00 (8398)
*126918: obj =   2.126969827e+03 inf =   0.000e+00 (8370)
*126954: obj =   2.126969827e+03 inf =   0.000e+00 (8349) 1
*126995: obj =   2.126969827e+03 inf =   0.000e+00 (8385)
*127036: obj =   2.126969827e+03 inf =   0.000e+00 (8395)
*127071: obj =   2.126969827e+03 inf =   0.000e+00 (8395) 1
*127112: obj =   2.126969827e+03 inf =   0.000e+00 (8384)
*127148: obj =   2.126969827e+03 inf =   0.000e+00 (8368) 1
*127189: obj =   2.126969827e+03 inf =   0.000e+00 (8415)
*127230: obj =   2.126969827e+03 inf =   0.000e+00 (8379)
*127265: obj =   2.126969827e+03 inf =   0.000e+00 (8356) 1
*127306: obj =   2.126969827e+03 inf =   0.000e+00 (8349)
*127347: obj =   2.126969827e+03 inf =   0.000e+00 (8387)
*127385: obj =   2.126969827e+03 inf =   0.000e+00 (8361) 1
*127426: obj =   2.126969827e+03 inf =   0.000e+00 (8372)
*127463: obj =   2.126969827e+03 inf =   0.000e+00 (8400) 1
*127504: obj =   2.126969827e+03 inf =   0.000e+00 (8386)
*127545: obj =   2.126969827e+03 inf =   0.000e+00 (8410)
*127581: obj =   2.126969827e+03 inf =   0.000e+00 (8403) 1
*127622: obj =   2.126969827e+03 inf =   0.000e+00 (8435)
*127659: obj =   2.126969827e+03 inf =   0.000e+00 (8420) 1
*127700: obj =   2.126969827e+03 inf =   0.000e+00 (8401)
*127741: obj =   2.126969827e+03 inf =   0.000e+00 (8440)
*127778: obj =   2.126969827e+03 inf =   0.000e+00 (8426) 1
*127822: obj =   2.126969827e+03 inf =   0.000e+00 (8413)
*127861: obj =   2.126969827e+03 inf =   0.000e+00 (8414) 1
*127902: obj =   2.126969827e+03 inf =   0.000e+00 (8422)
*127944: obj =   2.126969827e+03 inf =   0.000e+00 (8416)
*127980: obj =   2.126969827e+03 inf =   0.000e+00 (8413) 1
*128022: obj =   2.126969827e+03 inf =   0.000e+00 (8441)
*128064: obj =   2.126969827e+03 inf =   0.000e+00 (8424) 1
*128105: obj =   2.126969827e+03 inf =   0.000e+00 (8453)
*128146: obj =   2.126969827e+03 inf =   0.000e+00 (8418)
*128183: obj =   2.126969827e+03 inf =   0.000e+00 (8431) 1
*128224: obj =   2.126969827e+03 inf =   0.000e+00 (8426)
*128265: obj =   2.126969827e+03 inf =   0.000e+00 (8422)
*128303: obj =   2.126969827e+03 inf =   0.000e+00 (8431) 1
*128346: obj =   2.126969827e+03 inf =   0.000e+00 (8450)
*128383: obj =   2.126969827e+03 inf =   0.000e+00 (8433) 1
*128424: obj =   2.126969827e+03 inf =   0.000e+00 (8413)
*128465: obj =   2.126969827e+03 inf =   0.000e+00 (8405)
*128504: obj =   2.126969827e+03 inf =   0.000e+00 (8428) 1
*128545: obj =   2.126969827e+03 inf =   0.000e+00 (8421)
*128582: obj =   2.126969827e+03 inf =   0.000e+00 (8443) 1
*128623: obj =   2.126969827e+03 inf =   0.000e+00 (8456)
*128664: obj =   2.126969827e+03 inf =   0.000e+00 (8435)
*128701: obj =   2.126969827e+03 inf =   0.000e+00 (8436) 1
*128744: obj =   2.126969827e+03 inf =   0.000e+00 (8434)
*128786: obj =   2.126969827e+03 inf =   0.000e+00 (8470) 1
*128829: obj =   2.126969827e+03 inf =   0.000e+00 (8468)
*128872: obj =   2.126969827e+03 inf =   0.000e+00 (8467)
*128911: obj =   2.126969827e+03 inf =   0.000e+00 (8466) 1
*128953: obj =   2.126969827e+03 inf =   0.000e+00 (8468)
*128991: obj =   2.126969827e+03 inf =   0.000e+00 (8455) 1
*129035: obj =   2.126969827e+03 inf =   0.000e+00 (8464)
*129078: obj =   2.126969827e+03 inf =   0.000e+00 (8459)
*129117: obj =   2.126969827e+03 inf =   0.000e+00 (8464) 1
*129161: obj =   2.126969827e+03 inf =   0.000e+00 (8498)
*129200: obj =   2.126969827e+03 inf =   0.000e+00 (8477) 1
*129244: obj =   2.126969827e+03 inf =   0.000e+00 (8470)
*129286: obj =   2.126969827e+03 inf =   0.000e+00 (8489)
*129324: obj =   2.126969827e+03 inf =   0.000e+00 (8482) 1
*129366: obj =   2.126969827e+03 inf =   0.000e+00 (8488)
*129405: obj =   2.126969827e+03 inf =   0.000e+00 (8474) 1
*129448: obj =   2.126969827e+03 inf =   0.000e+00 (8450)
*129492: obj =   2.126969827e+03 inf =   0.000e+00 (8480)
*129529: obj =   2.126969827e+03 inf =   0.000e+00 (8487) 1
*129570: obj =   2.126969827e+03 inf =   0.000e+00 (8481)
*129610: obj =   2.126969827e+03 inf =   0.000e+00 (8458) 1
*129651: obj =   2.126969827e+03 inf =   0.000e+00 (8435)
*129693: obj =   2.126969827e+03 inf =   0.000e+00 (8435)
*129730: obj =   2.126969827e+03 inf =   0.000e+00 (8447) 1
*129773: obj =   2.126969827e+03 inf =   0.000e+00 (8484)
*129814: obj =   2.126969827e+03 inf =   0.000e+00 (8522) 1
*129856: obj =   2.126969827e+03 inf =   0.000e+00 (8541)
*129899: obj =   2.126969827e+03 inf =   0.000e+00 (8536)
*129936: obj =   2.126969827e+03 inf =   0.000e+00 (8498) 1
*129979: obj =   2.126969827e+03 inf =   0.000e+00 (8522)
*130021: obj =   2.126969827e+03 inf =   0.000e+00 (8488) 1
*130062: obj =   2.126969827e+03 inf =   0.000e+00 (8511)
*130103: obj =   2.126969827e+03 inf =   0.000e+00 (8504)
*130141: obj =   2.126969827e+03 inf =   0.000e+00 (8514) 1
*130184: obj =   2.126969827e+03 inf =   0.000e+00 (8530)
*130226: obj =   2.126969827e+03 inf =   0.000e+00 (8512) 1
*130269: obj =   2.126969827e+03 inf =   0.000e+00 (8496)
*130312: obj =   2.126969827e+03 inf =   0.000e+00 (8509)
*130350: obj =   2.126969827e+03 inf =   0.000e+00 (8506) 1
*130393: obj =   2.126969827e+03 inf =   0.000e+00 (8493)
*130432: obj =   2.126969827e+03 inf =   0.000e+00 (8504) 1
*130476: obj =   2.126969827e+03 inf =   0.000e+00 (8528)
*130519: obj =   2.126969827e+03 inf =   0.000e+00 (8520)
*130558: obj =   2.126969827e+03 inf =   0.000e+00 (8507) 1
*130601: obj =   2.126969827e+03 inf =   0.000e+00 (8534)
*130640: obj =   2.126969827e+03 inf =   0.000e+00 (8521) 1
*130682: obj =   2.126969827e+03 inf =   0.000e+00 (8522)
*130724: obj =   2.126969827e+03 inf =   0.000e+00 (8529)
*130762: obj =   2.126969827e+03 inf =   0.000e+00 (8520) 1
*130805: obj =   2.126969827e+03 inf =   0.000e+00 (8528)
*130843: obj =   2.126969827e+03 inf =   0.000e+00 (8513) 1
*130885: obj =   2.126969827e+03 inf =   0.000e+00 (8532)
*130927: obj =   2.126969827e+03 inf =   0.000e+00 (8551)
*130965: obj =   2.126969827e+03 inf =   0.000e+00 (8517) 1
*131007: obj =   2.126969827e+03 inf =   0.000e+00 (8533)
*131050: obj =   2.126969827e+03 inf =   0.000e+00 (8553)
*131088: obj =   2.126969827e+03 inf =   0.000e+00 (8549) 1
*131130: obj =   2.126969827e+03 inf =   0.000e+00 (8547)
*131166: obj =   2.126969827e+03 inf =   0.000e+00 (8549) 1
*131208: obj =   2.126969827e+03 inf =   0.000e+00 (8585)
*131250: obj =   2.126969827e+03 inf =   0.000e+00 (8551)
*131287: obj =   2.126969827e+03 inf =   0.000e+00 (8521) 1
*131330: obj =   2.126969827e+03 inf =   0.000e+00 (8522)
*131368: obj =   2.126969827e+03 inf =   0.000e+00 (8550) 1
*131411: obj =   2.126969827e+03 inf =   0.000e+00 (8563)
*131453: obj =   2.126969827e+03 inf =   0.000e+00 (8558)
*131492: obj =   2.126969827e+03 inf =   0.000e+00 (8557) 1
*131535: obj =   2.126969827e+03 inf =   0.000e+00 (8557)
*131573: obj =   2.126969827e+03 inf =   0.000e+00 (8577) 1
*131617: obj =   2.126969827e+03 inf =   0.000e+00 (8541)
*131660: obj =   2.126969827e+03 inf =   0.000e+00 (8555)
*131696: obj =   2.126969827e+03 inf =   0.000e+00 (8558) 1
*131739: obj =   2.126969827e+03 inf =   0.000e+00 (8576)
*131777: obj =   2.126969827e+03 inf =   0.000e+00 (8571) 1
*131820: obj =   2.126969827e+03 inf =   0.000e+00 (8549)
*131863: obj =   2.126969827e+03 inf =   0.000e+00 (8558)
*131900: obj =   2.126969827e+03 inf =   0.000e+00 (8539) 1
*131943: obj =   2.126969827e+03 inf =   0.000e+00 (8540)
*131981: obj =   2.126969827e+03 inf =   0.000e+00 (8518) 1
*132024: obj =   2.126969827e+03 inf =   0.000e+00 (8573)
*132066: obj =   2.126969827e+03 inf =   0.000e+00 (8541)
*132103: obj =   2.126969827e+03 inf =   0.000e+00 (8543) 1
*132145: obj =   2.126969827e+03 inf =   0.000e+00 (8538)
*132183: obj =   2.126969827e+03 inf =   0.000e+00 (8549) 1
*132225: obj =   2.126969827e+03 inf =   0.000e+00 (8566)
*132267: obj =   2.126969827e+03 inf =   0.000e+00 (8546)
*132304: obj =   2.126969827e+03 inf =   0.000e+00 (8577) 1
*132347: obj =   2.126969827e+03 inf =   0.000e+00 (8575)
*132387: obj =   2.126969827e+03 inf =   0.000e+00 (8561) 1
*132430: obj =   2.126969827e+03 inf =   0.000e+00 (8578)
*132473: obj =   2.126969827e+03 inf =   0.000e+00 (8553)
*132511: obj =   2.126969827e+03 inf =   0.000e+00 (8563) 1
*132554: obj =   2.126969827e+03 inf =   0.000e+00 (8538)
*132593: obj =   2.126969827e+03 inf =   0.000e+00 (8575) 1
*132636: obj =   2.126969827e+03 inf =   0.000e+00 (8569)
*132679: obj =   2.126969827e+03 inf =   0.000e+00 (8562)
*132717: obj =   2.126969827e+03 inf =   0.000e+00 (8586) 1
*132760: obj =   2.126969827e+03 inf =   0.000e+00 (8546)
*132797: obj =   2.126969827e+03 inf =   0.000e+00 (8610) 1
*132840: obj =   2.126969827e+03 inf =   0.000e+00 (8599)
*132883: obj =   2.126969827e+03 inf =   0.000e+00 (8593)
*132922: obj =   2.126969827e+03 inf =   0.000e+00 (8590) 1
*132964: obj =   2.126969827e+03 inf =   0.000e+00 (8594)
*133001: obj =   2.126969827e+03 inf =   0.000e+00 (8589) 1
*133044: obj =   2.126969827e+03 inf =   0.000e+00 (8598)
*133086: obj =   2.126969827e+03 inf =   0.000e+00 (8581)
*133123: obj =   2.126969827e+03 inf =   0.000e+00 (8581) 1
*133165: obj =   2.126969827e+03 inf =   0.000e+00 (8584)
*133206: obj =   2.126969827e+03 inf =   0.000e+00 (8582) 1
*133249: obj =   2.126969827e+03 inf =   0.000e+00 (8582)
*133291: obj =   2.126969827e+03 inf =   0.000e+00 (8584)
*133328: obj =   2.126969827e+03 inf =   0.000e+00 (8589) 1
*133369: obj =   2.126969827e+03 inf =   0.000e+00 (8575)
*133408: obj =   2.126969827e+03 inf =   0.000e+00 (8612)
*133444: obj =   2.126969827e+03 inf =   0.000e+00 (8616) 1
*133486: obj =   2.126969827e+03 inf =   0.000e+00 (8592)
*133524: obj =   2.126969827e+03 inf =   0.000e+00 (8590) 1
*133568: obj =   2.126969827e+03 inf =   0.000e+00 (8577)
*133612: obj =   2.126969827e+03 inf =   0.000e+00 (8600)
*133650: obj =   2.126969827e+03 inf =   0.000e+00 (8600) 1
*133694: obj =   2.126969827e+03 inf =   0.000e+00 (8634)
*133732: obj =   2.126969827e+03 inf =   0.000e+00 (8611) 1
*133775: obj =   2.126969827e+03 inf =   0.000e+00 (8616)
*133818: obj =   2.126969827e+03 inf =   0.000e+00 (8617)
*133856: obj =   2.126969827e+03 inf =   0.000e+00 (8637) 1
*133899: obj =   2.126969827e+03 inf =   0.000e+00 (8626)
*133937: obj =   2.126969827e+03 inf =   0.000e+00 (8614) 1
*133979: obj =   2.126969827e+03 inf =   0.000e+00 (8616)
*134022: obj =   2.126969827e+03 inf =   0.000e+00 (8613)
*134059: obj =   2.126969827e+03 inf =   0.000e+00 (8626) 1
*134101: obj =   2.126969827e+03 inf =   0.000e+00 (8642)
*134137: obj =   2.126969827e+03 inf =   0.000e+00 (8609) 1
*134180: obj =   2.126969827e+03 inf =   0.000e+00 (8616)
*134222: obj =   2.126969827e+03 inf =   0.000e+00 (8640)
*134259: obj =   2.126969827e+03 inf =   0.000e+00 (8613) 1
*134302: obj =   2.126969827e+03 inf =   0.000e+00 (8652)
*134339: obj =   2.126969827e+03 inf =   0.000e+00 (8624) 1
*134381: obj =   2.126969827e+03 inf =   0.000e+00 (8651)
*134423: obj =   2.126969827e+03 inf =   0.000e+00 (8634)
*134460: obj =   2.126969827e+03 inf =   0.000e+00 (8637) 1
*134502: obj =   2.126969827e+03 inf =   0.000e+00 (8634)
*134542: obj =   2.126969827e+03 inf =   0.000e+00 (8655) 1
*134585: obj =   2.126969827e+03 inf =   0.000e+00 (8616)
*134628: obj =   2.126969827e+03 inf =   0.000e+00 (8638)
*134666: obj =   2.126969827e+03 inf =   0.000e+00 (8650) 1
*134709: obj =   2.126969827e+03 inf =   0.000e+00 (8651)
*134749: obj =   2.126969827e+03 inf =   0.000e+00 (8636) 1
*134791: obj =   2.126969827e+03 inf =   0.000e+00 (8652)
*134833: obj =   2.126969827e+03 inf =   0.000e+00 (8638)
*134871: obj =   2.126969827e+03 inf =   0.000e+00 (8664) 1
*134914: obj =   2.126969827e+03 inf =   0.000e+00 (8632)
*134956: obj =   2.126969827e+03 inf =   0.000e+00 (8631) 1
*134999: obj =   2.126969827e+03 inf =   0.000e+00 (8619)
*135042: obj =   2.126969827e+03 inf =   0.000e+00 (8604)
*135080: obj =   2.126969827e+03 inf =   0.000e+00 (8594) 1
*135123: obj =   2.126969827e+03 inf =   0.000e+00 (8583)
*135161: obj =   2.126969827e+03 inf =   0.000e+00 (8615) 1
*135204: obj =   2.126969827e+03 inf =   0.000e+00 (8600)
*135246: obj =   2.126969827e+03 inf =   0.000e+00 (8582)
*135284: obj =   2.126969827e+03 inf =   0.000e+00 (8581) 1
*135327: obj =   2.126969827e+03 inf =   0.000e+00 (8570)
*135365: obj =   2.126969827e+03 inf =   0.000e+00 (8586) 1
*135408: obj =   2.126969827e+03 inf =   0.000e+00 (8592)
*135450: obj =   2.126969827e+03 inf =   0.000e+00 (8587)
*135489: obj =   2.126969827e+03 inf =   0.000e+00 (8591) 1
*135532: obj =   2.126969827e+03 inf =   0.000e+00 (8622)
*135570: obj =   2.126969827e+03 inf =   0.000e+00 (8571) 1
*135613: obj =   2.126969827e+03 inf =   0.000e+00 (8597)
*135655: obj =   2.126969827e+03 inf =   0.000e+00 (8593)
*135693: obj =   2.126969827e+03 inf =   0.000e+00 (8618) 1
*135736: obj =   2.126969827e+03 inf =   0.000e+00 (8587)
*135774: obj =   2.126969827e+03 inf =   0.000e+00 (8593) 1
*135817: obj =   2.126969827e+03 inf =   0.000e+00 (8573)
*135860: obj =   2.126969827e+03 inf =   0.000e+00 (8594)
*135899: obj =   2.126969827e+03 inf =   0.000e+00 (8615) 1
*135942: obj =   2.126969827e+03 inf =   0.000e+00 (8614)
*135980: obj =   2.126969827e+03 inf =   0.000e+00 (8606) 1
*136023: obj =   2.126969827e+03 inf =   0.000e+00 (8592)
*136066: obj =   2.126969827e+03 inf =   0.000e+00 (8592)
*136104: obj =   2.126969827e+03 inf =   0.000e+00 (8600) 1
*136146: obj =   2.126969827e+03 inf =   0.000e+00 (8595)
*136185: obj =   2.126969827e+03 inf =   0.000e+00 (8595) 1
*136227: obj =   2.126969827e+03 inf =   0.000e+00 (8579)
*136269: obj =   2.126969827e+03 inf =   0.000e+00 (8602)
*136307: obj =   2.126969827e+03 inf =   0.000e+00 (8600) 1
*136350: obj =   2.126969827e+03 inf =   0.000e+00 (8622)
*136389: obj =   2.126969827e+03 inf =   0.000e+00 (8591) 1
*136432: obj =   2.126969827e+03 inf =   0.000e+00 (8535)
*136475: obj =   2.126969827e+03 inf =   0.000e+00 (8551)
*136513: obj =   2.126969827e+03 inf =   0.000e+00 (8524) 1
*136555: obj =   2.126969827e+03 inf =   0.000e+00 (8532)
*136594: obj =   2.126969827e+03 inf =   0.000e+00 (8546) 1
*136636: obj =   2.126969827e+03 inf =   0.000e+00 (8525)
*136678: obj =   2.126969827e+03 inf =   0.000e+00 (8527)
*136715: obj =   2.126969827e+03 inf =   0.000e+00 (8537) 1
*136756: obj =   2.126969827e+03 inf =   0.000e+00 (8571)
*136796: obj =   2.126969827e+03 inf =   0.000e+00 (8552) 1
*136838: obj =   2.126969827e+03 inf =   0.000e+00 (8554)
*136881: obj =   2.126969827e+03 inf =   0.000e+00 (8544)
*136919: obj =   2.126969827e+03 inf =   0.000e+00 (8555) 1
*136962: obj =   2.126969827e+03 inf =   0.000e+00 (8551)
*137001: obj =   2.126969827e+03 inf =   0.000e+00 (8540) 1
*137041: obj =   2.126969827e+03 inf =   0.000e+00 (8559)
*137082: obj =   2.126969827e+03 inf =   0.000e+00 (8518)
*137119: obj =   2.126969827e+03 inf =   0.000e+00 (8538) 1
*137161: obj =   2.126969827e+03 inf =   0.000e+00 (8545)
*137203: obj =   2.126969827e+03 inf =   0.000e+00 (8516)
*137239: obj =   2.126969827e+03 inf =   0.000e+00 (8548) 1
*137280: obj =   2.126969827e+03 inf =   0.000e+00 (8539)
*137316: obj =   2.126969827e+03 inf =   0.000e+00 (8536) 1
*137358: obj =   2.126969827e+03 inf =   0.000e+00 (8554)
*137400: obj =   2.126969827e+03 inf =   0.000e+00 (8541)
*137438: obj =   2.126969827e+03 inf =   0.000e+00 (8530) 1
*137480: obj =   2.126969827e+03 inf =   0.000e+00 (8560)
*137516: obj =   2.126969827e+03 inf =   0.000e+00 (8554) 1
*137556: obj =   2.126969827e+03 inf =   0.000e+00 (8536)
*137597: obj =   2.126969827e+03 inf =   0.000e+00 (8531)
*137634: obj =   2.126969827e+03 inf =   0.000e+00 (8563) 1
*137675: obj =   2.126969827e+03 inf =   0.000e+00 (8533)
*137716: obj =   2.126969827e+03 inf =   0.000e+00 (8545) 1
*137758: obj =   2.126969827e+03 inf =   0.000e+00 (8558)
*137800: obj =   2.126969827e+03 inf =   0.000e+00 (8467)
*137837: obj =   2.126969827e+03 inf =   0.000e+00 (8509) 1
*137879: obj =   2.126969827e+03 inf =   0.000e+00 (8507)
*137922: obj =   2.126969827e+03 inf =   0.000e+00 (8472) 1
*137965: obj =   2.126969827e+03 inf =   0.000e+00 (8510)
*138007: obj =   2.126969827e+03 inf =   0.000e+00 (8507)
*138044: obj =   2.126969827e+03 inf =   0.000e+00 (8500) 1
*138084: obj =   2.126969827e+03 inf =   0.000e+00 (8522)
*138124: obj =   2.126969827e+03 inf =   0.000e+00 (8518) 1
*138165: obj =   2.126969827e+03 inf =   0.000e+00 (8502)
*138205: obj =   2.126969827e+03 inf =   0.000e+00 (8508)
*138243: obj =   2.126969827e+03 inf =   0.000e+00 (8517) 1
*138285: obj =   2.126969827e+03 inf =   0.000e+00 (8516)
*138324: obj =   2.126969827e+03 inf =   0.000e+00 (8510)
*138361: obj =   2.126969827e+03 inf =   0.000e+00 (8506) 1
*138401: obj =   2.126969827e+03 inf =   0.000e+00 (8515)
*138438: obj =   2.126969827e+03 inf =   0.000e+00 (8514) 1
*138480: obj =   2.126969827e+03 inf =   0.000e+00 (8502)
*138522: obj =   2.126969827e+03 inf =   0.000e+00 (8498)
*138559: obj =   2.126969827e+03 inf =   0.000e+00 (8497) 1
*138601: obj =   2.126969827e+03 inf =   0.000e+00 (8487)
*138638: obj =   2.126969827e+03 inf =   0.000e+00 (8499) 1
*138680: obj =   2.126969827e+03 inf =   0.000e+00 (8489)
*138721: obj =   2.126969827e+03 inf =   0.000e+00 (8482)
*138757: obj =   2.126969827e+03 inf =   0.000e+00 (8482) 1
*138796: obj =   2.126969827e+03 inf =   0.000e+00 (8483)
*138834: obj =   2.126969827e+03 inf =   0.000e+00 (8519) 1
*138872: obj =   2.126969827e+03 inf =   0.000e+00 (8493)
*138911: obj =   2.126969827e+03 inf =   0.000e+00 (8497)
*138947: obj =   2.126969827e+03 inf =   0.000e+00 (8480) 1
*138988: obj =   2.126969827e+03 inf =   0.000e+00 (8485)
*139030: obj =   2.126969827e+03 inf =   0.000e+00 (8507)
*139065: obj =   2.126969827e+03 inf =   0.000e+00 (8479) 1
*139107: obj =   2.126969827e+03 inf =   0.000e+00 (8496)
*139144: obj =   2.126969827e+03 inf =   0.000e+00 (8507) 1
*139186: obj =   2.126969827e+03 inf =   0.000e+00 (8498)
*139228: obj =   2.126969827e+03 inf =   0.000e+00 (8503)
*139265: obj =   2.126969827e+03 inf =   0.000e+00 (8494) 1
*139307: obj =   2.126969827e+03 inf =   0.000e+00 (8498)
*139348: obj =   2.126969827e+03 inf =   0.000e+00 (8510) 1
*139390: obj =   2.126969827e+03 inf =   0.000e+00 (8502)
*139432: obj =   2.126969827e+03 inf =   0.000e+00 (8516)
*139469: obj =   2.126969827e+03 inf =   0.000e+00 (8500) 1
*139511: obj =   2.126969827e+03 inf =   0.000e+00 (8507)
*139553: obj =   2.126969827e+03 inf =   0.000e+00 (8548) 1
*139595: obj =   2.126969827e+03 inf =   0.000e+00 (8532)
*139634: obj =   2.126969827e+03 inf =   0.000e+00 (8536)
*139671: obj =   2.126969827e+03 inf =   0.000e+00 (8532) 1
*139713: obj =   2.126969827e+03 inf =   0.000e+00 (8524)
*139755: obj =   2.126969827e+03 inf =   0.000e+00 (8542)
*139792: obj =   2.126969827e+03 inf =   0.000e+00 (8543) 1
*139833: obj =   2.126969827e+03 inf =   0.000e+00 (8518)
*139870: obj =   2.126969827e+03 inf =   0.000e+00 (8511) 1
*139912: obj =   2.126969827e+03 inf =   0.000e+00 (8545)
*139954: obj =   2.126969827e+03 inf =   0.000e+00 (8543)
*139991: obj =   2.126969827e+03 inf =   0.000e+00 (8536) 1
*140033: obj =   2.126969827e+03 inf =   0.000e+00 (8523)
*140070: obj =   2.126969827e+03 inf =   0.000e+00 (8536) 1
*140111: obj =   2.126969827e+03 inf =   0.000e+00 (8572)
*140152: obj =   2.126969827e+03 inf =   0.000e+00 (8546)
*140189: obj =   2.126969827e+03 inf =   0.000e+00 (8560) 1
*140231: obj =   2.126969827e+03 inf =   0.000e+00 (8557)
*140271: obj =   2.126969827e+03 inf =   0.000e+00 (8571) 1
*140313: obj =   2.126969827e+03 inf =   0.000e+00 (8541)
*140356: obj =   2.126969827e+03 inf =   0.000e+00 (8548)
*140394: obj =   2.126969827e+03 inf =   0.000e+00 (8551) 1
*140436: obj =   2.126969827e+03 inf =   0.000e+00 (8542)
*140474: obj =   2.126969827e+03 inf =   0.000e+00 (8551) 1
*140517: obj =   2.126969827e+03 inf =   0.000e+00 (8557)
*140560: obj =   2.126969827e+03 inf =   0.000e+00 (8554)
*140596: obj =   2.126969827e+03 inf =   0.000e+00 (8518) 1
*140638: obj =   2.126969827e+03 inf =   0.000e+00 (8571)
*140679: obj =   2.126969827e+03 inf =   0.000e+00 (8583) 1
*140721: obj =   2.126969827e+03 inf =   0.000e+00 (8571)
*140763: obj =   2.126969827e+03 inf =   0.000e+00 (8545)
*140800: obj =   2.126969827e+03 inf =   0.000e+00 (8551) 1
*140840: obj =   2.126969827e+03 inf =   0.000e+00 (8563)
*140881: obj =   2.126969827e+03 inf =   0.000e+00 (8576) 1
*140923: obj =   2.126969827e+03 inf =   0.000e+00 (8566)
*140965: obj =   2.126969827e+03 inf =   0.000e+00 (8549)
*141002: obj =   2.126969827e+03 inf =   0.000e+00 (8592) 1
*141043: obj =   2.126969827e+03 inf =   0.000e+00 (8572)
*141084: obj =   2.126969827e+03 inf =   0.000e+00 (8579)
*141121: obj =   2.126969827e+03 inf =   0.000e+00 (8560) 1
*141161: obj =   2.126969827e+03 inf =   0.000e+00 (8569)
*141197: obj =   2.126969827e+03 inf =   0.000e+00 (8560) 1
*141239: obj =   2.126969827e+03 inf =   0.000e+00 (8569)
*141281: obj =   2.126969827e+03 inf =   0.000e+00 (8604)
*141318: obj =   2.126969827e+03 inf =   0.000e+00 (8567) 1
*141360: obj =   2.126969827e+03 inf =   0.000e+00 (8556)
*141397: obj =   2.126969827e+03 inf =   0.000e+00 (8573) 1
*141438: obj =   2.126969827e+03 inf =   0.000e+00 (8569)
*141479: obj =   2.126969827e+03 inf =   0.000e+00 (8561)
*141516: obj =   2.126969827e+03 inf =   0.000e+00 (8558) 1
*141558: obj =   2.126969827e+03 inf =   0.000e+00 (8596)
*141595: obj =   2.126969827e+03 inf =   0.000e+00 (8604) 1
*141637: obj =   2.126969827e+03 inf =   0.000e+00 (8597)
*141678: obj =   2.126969827e+03 inf =   0.000e+00 (8593)
*141715: obj =   2.126969827e+03 inf =   0.000e+00 (8643) 1
*141757: obj =   2.126969827e+03 inf =   0.000e+00 (8631)
*141799: obj =   2.126969827e+03 inf =   0.000e+00 (8629)
*141834: obj =   2.126969827e+03 inf =   0.000e+00 (8643) 1
*141876: obj =   2.126969827e+03 inf =   0.000e+00 (8599)
*141910: obj =   2.126969827e+03 inf =   0.000e+00 (8638) 1
*141952: obj =   2.126969827e+03 inf =   0.000e+00 (8643)
*141994: obj =   2.126969827e+03 inf =   0.000e+00 (8655)
*142031: obj =   2.126969827e+03 inf =   0.000e+00 (8653) 1
*142073: obj =   2.126969827e+03 inf =   0.000e+00 (8635)
*142110: obj =   2.126969827e+03 inf =   0.000e+00 (8671) 1
*142152: obj =   2.126969827e+03 inf =   0.000e+00 (8662)
*142188: obj =   2.126969827e+03 inf =   0.000e+00 (8676)
*142224: obj =   2.126969827e+03 inf =   0.000e+00 (8658) 1
*142265: obj =   2.126969827e+03 inf =   0.000e+00 (8657)
*142307: obj =   2.126969827e+03 inf =   0.000e+00 (8647)
*142345: obj =   2.126969827e+03 inf =   0.000e+00 (8673) 1
*142387: obj =   2.126969827e+03 inf =   0.000e+00 (8645)
*142424: obj =   2.126969827e+03 inf =   0.000e+00 (8669) 1
*142466: obj =   2.126969827e+03 inf =   0.000e+00 (8693)
*142508: obj =   2.126969827e+03 inf =   0.000e+00 (8669)
*142545: obj =   2.126969827e+03 inf =   0.000e+00 (8680) 1
*142587: obj =   2.126969827e+03 inf =   0.000e+00 (8690)
*142623: obj =   2.126969827e+03 inf =   0.000e+00 (8689) 1
*142665: obj =   2.126969827e+03 inf =   0.000e+00 (8740)
*142706: obj =   2.126969827e+03 inf =   0.000e+00 (8685)
*142741: obj =   2.126969827e+03 inf =   0.000e+00 (8683) 1
*142781: obj =   2.126969827e+03 inf =   0.000e+00 (8698)
*142818: obj =   2.126969827e+03 inf =   0.000e+00 (8753) 1
*142859: obj =   2.126969827e+03 inf =   0.000e+00 (8741)
*142900: obj =   2.126969827e+03 inf =   0.000e+00 (8735)
*142937: obj =   2.126969827e+03 inf =   0.000e+00 (8751) 1
*142979: obj =   2.126969827e+03 inf =   0.000e+00 (8738)
*143019: obj =   2.126969827e+03 inf =   0.000e+00 (8749) 1
*143060: obj =   2.126969827e+03 inf =   0.000e+00 (8747)
*143102: obj =   2.126969827e+03 inf =   0.000e+00 (8734)
*143139: obj =   2.126969827e+03 inf =   0.000e+00 (8771) 1
*143180: obj =   2.126969827e+03 inf =   0.000e+00 (8750)
*143222: obj =   2.126969827e+03 inf =   0.000e+00 (8760)
*143259: obj =   2.126969827e+03 inf =   0.000e+00 (8762) 1
*143301: obj =   2.126969827e+03 inf =   0.000e+00 (8738)
*143338: obj =   2.126969827e+03 inf =   0.000e+00 (8746) 1
*143379: obj =   2.126969827e+03 inf =   0.000e+00 (8756)
*143421: obj =   2.126969827e+03 inf =   0.000e+00 (8760)
*143459: obj =   2.126969827e+03 inf =   0.000e+00 (8728) 1
*143502: obj =   2.126969827e+03 inf =   0.000e+00 (8736)
*143540: obj =   2.126969827e+03 inf =   0.000e+00 (8719) 1
*143582: obj =   2.126969827e+03 inf =   0.000e+00 (8734)
*143624: obj =   2.126969827e+03 inf =   0.000e+00 (8744)
*143661: obj =   2.126969827e+03 inf =   0.000e+00 (8719) 1
*143703: obj =   2.126969827e+03 inf =   0.000e+00 (8726)
*143740: obj =   2.126969827e+03 inf =   0.000e+00 (8721) 1
*143782: obj =   2.126969827e+03 inf =   0.000e+00 (8747)
*143824: obj =   2.126969827e+03 inf =   0.000e+00 (8738)
*143861: obj =   2.126969827e+03 inf =   0.000e+00 (8733) 1
*143902: obj =   2.126969827e+03 inf =   0.000e+00 (8708)
*143942: obj =   2.126969827e+03 inf =   0.000e+00 (8753) 1
*143984: obj =   2.126969827e+03 inf =   0.000e+00 (8706)
*144025: obj =   2.126969827e+03 inf =   0.000e+00 (8728)
*144060: obj =   2.126969827e+03 inf =   0.000e+00 (8707) 1
*144099: obj =   2.126969827e+03 inf =   0.000e+00 (8712)
*144140: obj =   2.126969827e+03 inf =   0.000e+00 (8719)
*144177: obj =   2.126969827e+03 inf =   0.000e+00 (8737) 1
*144218: obj =   2.126969827e+03 inf =   0.000e+00 (8713)
*144255: obj =   2.126969827e+03 inf =   0.000e+00 (8710) 1
*144296: obj =   2.126969827e+03 inf =   0.000e+00 (8705)
*144338: obj =   2.126969827e+03 inf =   0.000e+00 (8713)
*144373: obj =   2.126969827e+03 inf =   0.000e+00 (8712) 1
*144413: obj =   2.126969827e+03 inf =   0.000e+00 (8691)
*144450: obj =   2.126969827e+03 inf =   0.000e+00 (8705) 1
*144492: obj =   2.126969827e+03 inf =   0.000e+00 (8701)
*144535: obj =   2.126969827e+03 inf =   0.000e+00 (8720)
*144572: obj =   2.126969827e+03 inf =   0.000e+00 (8716) 1
*144615: obj =   2.126969827e+03 inf =   0.000e+00 (8701)
*144653: obj =   2.126969827e+03 inf =   0.000e+00 (8737) 1
*144695: obj =   2.126969827e+03 inf =   0.000e+00 (8717)
*144737: obj =   2.126969827e+03 inf =   0.000e+00 (8715)
*144775: obj =   2.126969827e+03 inf =   0.000e+00 (8735) 1
*144817: obj =   2.126969827e+03 inf =   0.000e+00 (8725)
*144857: obj =   2.126969827e+03 inf =   0.000e+00 (8727) 1
*144899: obj =   2.126969827e+03 inf =   0.000e+00 (8710)
*144941: obj =   2.126969827e+03 inf =   0.000e+00 (8720)
*144978: obj =   2.126969827e+03 inf =   0.000e+00 (8742) 1
*145020: obj =   2.126969827e+03 inf =   0.000e+00 (8732)
*145061: obj =   2.126969827e+03 inf =   0.000e+00 (8744) 1
*145103: obj =   2.126969827e+03 inf =   0.000e+00 (8719)
*145145: obj =   2.126969827e+03 inf =   0.000e+00 (8736)
*145182: obj =   2.126969827e+03 inf =   0.000e+00 (8743) 1
*145224: obj =   2.126969827e+03 inf =   0.000e+00 (8740)
*145265: obj =   2.126969827e+03 inf =   0.000e+00 (8748) 1
*145304: obj =   2.126969827e+03 inf =   0.000e+00 (8728)
*145343: obj =   2.126969827e+03 inf =   0.000e+00 (8735)
*145379: obj =   2.126969827e+03 inf =   0.000e+00 (8732) 1
*145419: obj =   2.126969827e+03 inf =   0.000e+00 (8731)
*145459: obj =   2.126969827e+03 inf =   0.000e+00 (8715)
*145494: obj =   2.126969827e+03 inf =   0.000e+00 (8732) 1
*145536: obj =   2.126969827e+03 inf =   0.000e+00 (8725)
*145574: obj =   2.126969827e+03 inf =   0.000e+00 (8749) 1
*145616: obj =   2.126969827e+03 inf =   0.000e+00 (8733)
*145658: obj =   2.126969827e+03 inf =   0.000e+00 (8727)
*145696: obj =   2.126969827e+03 inf =   0.000e+00 (8716) 1
*145738: obj =   2.126969827e+03 inf =   0.000e+00 (8721)
*145778: obj =   2.126969827e+03 inf =   0.000e+00 (8744) 1
*145820: obj =   2.126969827e+03 inf =   0.000e+00 (8724)
*145862: obj =   2.126969827e+03 inf =   0.000e+00 (8733)
*145899: obj =   2.126969827e+03 inf =   0.000e+00 (8731) 1
*145941: obj =   2.126969827e+03 inf =   0.000e+00 (8728)
*145983: obj =   2.126969827e+03 inf =   0.000e+00 (8742)
*146020: obj =   2.126969827e+03 inf =   0.000e+00 (8766) 1
*146061: obj =   2.126969827e+03 inf =   0.000e+00 (8712)
*146098: obj =   2.126969827e+03 inf =   0.000e+00 (8737) 1
*146140: obj =   2.126969827e+03 inf =   0.000e+00 (8764)
*146182: obj =   2.126969827e+03 inf =   0.000e+00 (8776)
*146219: obj =   2.126969827e+03 inf =   0.000e+00 (8765) 1
*146261: obj =   2.126969827e+03 inf =   0.000e+00 (8750)
*146298: obj =   2.126969827e+03 inf =   0.000e+00 (8786) 1
*146339: obj =   2.126969827e+03 inf =   0.000e+00 (8763)
*146380: obj =   2.126969827e+03 inf =   0.000e+00 (8736)
*146417: obj =   2.126969827e+03 inf =   0.000e+00 (8753) 1
*146458: obj =   2.126969827e+03 inf =   0.000e+00 (8753)
*146495: obj =   2.126969827e+03 inf =   0.000e+00 (8730) 1
*146532: obj =   2.126969827e+03 inf =   0.000e+00 (8737)
*146572: obj =   2.126969827e+03 inf =   0.000e+00 (8744)
*146610: obj =   2.126969827e+03 inf =   0.000e+00 (8728) 1
*146652: obj =   2.126969827e+03 inf =   0.000e+00 (8746)
*146694: obj =   2.126969827e+03 inf =   0.000e+00 (8729)
*146731: obj =   2.126969827e+03 inf =   0.000e+00 (8740) 1
*146773: obj =   2.126969827e+03 inf =   0.000e+00 (8743)
*146811: obj =   2.126969827e+03 inf =   0.000e+00 (8732) 1
*146854: obj =   2.126969827e+03 inf =   0.000e+00 (8712)
*146896: obj =   2.126969827e+03 inf =   0.000e+00 (8702)
*146933: obj =   2.126969827e+03 inf =   0.000e+00 (8692) 1
*146975: obj =   2.126969827e+03 inf =   0.000e+00 (8698)
*147012: obj =   2.126969827e+03 inf =   0.000e+00 (8693) 1
*147054: obj =   2.126969827e+03 inf =   0.000e+00 (8703)
*147096: obj =   2.126969827e+03 inf =   0.000e+00 (8691)
*147134: obj =   2.126969827e+03 inf =   0.000e+00 (8700) 1
*147176: obj =   2.126969827e+03 inf =   0.000e+00 (8677)
*147213: obj =   2.126969827e+03 inf =   0.000e+00 (8689) 1
*147255: obj =   2.126969827e+03 inf =   0.000e+00 (8707)
*147297: obj =   2.126969827e+03 inf =   0.000e+00 (8700)
*147334: obj =   2.126969827e+03 inf =   0.000e+00 (8704) 1
*147376: obj =   2.126969827e+03 inf =   0.000e+00 (8698)
*147413: obj =   2.126969827e+03 inf =   0.000e+00 (8678) 1
*147454: obj =   2.126969827e+03 inf =   0.000e+00 (8692)
*147496: obj =   2.126969827e+03 inf =   0.000e+00 (8695)
*147533: obj =   2.126969827e+03 inf =   0.000e+00 (8686) 1
*147575: obj =   2.126969827e+03 inf =   0.000e+00 (8677)
*147614: obj =   2.126969827e+03 inf =   0.000e+00 (8698) 1
*147655: obj =   2.126969827e+03 inf =   0.000e+00 (8686)
*147696: obj =   2.126969827e+03 inf =   0.000e+00 (8692)
*147732: obj =   2.126969827e+03 inf =   0.000e+00 (8699) 1
*147773: obj =   2.126969827e+03 inf =   0.000e+00 (8736)
*147815: obj =   2.126969827e+03 inf =   0.000e+00 (8695)
*147853: obj =   2.126969827e+03 inf =   0.000e+00 (8689) 1
*147895: obj =   2.126969827e+03 inf =   0.000e+00 (8705)
*147933: obj =   2.126969827e+03 inf =   0.000e+00 (8721) 1
*147976: obj =   2.126969827e+03 inf =   0.000e+00 (8720)
*148018: obj =   2.126969827e+03 inf =   0.000e+00 (8696)
*148055: obj =   2.126969827e+03 inf =   0.000e+00 (8714) 1
*148097: obj =   2.126969827e+03 inf =   0.000e+00 (8715)
*148134: obj =   2.126969827e+03 inf =   0.000e+00 (8715) 1
*148176: obj =   2.126969827e+03 inf =   0.000e+00 (8688)
*148218: obj =   2.126969827e+03 inf =   0.000e+00 (8701)
*148255: obj =   2.126969827e+03 inf =   0.000e+00 (8736) 1
*148297: obj =   2.126969827e+03 inf =   0.000e+00 (8717)
*148335: obj =   2.126969827e+03 inf =   0.000e+00 (8734) 1
*148377: obj =   2.126969827e+03 inf =   0.000e+00 (8737)
*148419: obj =   2.126969827e+03 inf =   0.000e+00 (8742)
*148456: obj =   2.126969827e+03 inf =   0.000e+00 (8747) 1
*148498: obj =   2.126969827e+03 inf =   0.000e+00 (8733)
*148536: obj =   2.126969827e+03 inf =   0.000e+00 (8765) 1
*148578: obj =   2.126969827e+03 inf =   0.000e+00 (8751)
*148620: obj =   2.126969827e+03 inf =   0.000e+00 (8749)
*148657: obj =   2.126969827e+03 inf =   0.000e+00 (8745) 1
*148698: obj =   2.126969827e+03 inf =   0.000e+00 (8739)
*148735: obj =   2.126969827e+03 inf =   0.000e+00 (8719) 1
*148777: obj =   2.126969827e+03 inf =   0.000e+00 (8732)
*148819: obj =   2.126969827e+03 inf =   0.000e+00 (8719)
*148857: obj =   2.126969827e+03 inf =   0.000e+00 (8750) 1
*148900: obj =   2.126969827e+03 inf =   0.000e+00 (8753)
*148938: obj =   2.126969827e+03 inf =   0.000e+00 (8760) 1
*148979: obj =   2.126969827e+03 inf =   0.000e+00 (8739)
*149021: obj =   2.126969827e+03 inf =   0.000e+00 (8768)
*149059: obj =   2.126969827e+03 inf =   0.000e+00 (8728) 1
*149101: obj =   2.126969827e+03 inf =   0.000e+00 (8726)
*149140: obj =   2.126969827e+03 inf =   0.000e+00 (8735) 1
*149182: obj =   2.126969827e+03 inf =   0.000e+00 (8730)
*149224: obj =   2.126969827e+03 inf =   0.000e+00 (8731)
*149261: obj =   2.126969827e+03 inf =   0.000e+00 (8729) 1
*149303: obj =   2.126969827e+03 inf =   0.000e+00 (8745)
*149344: obj =   2.126969827e+03 inf =   0.000e+00 (8729) 1
*149386: obj =   2.126969827e+03 inf =   0.000e+00 (8727)
*149428: obj =   2.126969827e+03 inf =   0.000e+00 (8732)
*149465: obj =   2.126969827e+03 inf =   0.000e+00 (8738) 1
*149507: obj =   2.126969827e+03 inf =   0.000e+00 (8757)
*149548: obj =   2.126969827e+03 inf =   0.000e+00 (8738) 1
*149590: obj =   2.126969827e+03 inf =   0.000e+00 (8797)
*149632: obj =   2.126969827e+03 inf =   0.000e+00 (8785)
*149669: obj =   2.126969827e+03 inf =   0.000e+00 (8785) 1
*149711: obj =   2.126969827e+03 inf =   0.000e+00 (8799)
*149752: obj =   2.126969827e+03 inf =   0.000e+00 (8789) 1
*149793: obj =   2.126969827e+03 inf =   0.000e+00 (8789)
*149834: obj =   2.126969827e+03 inf =   0.000e+00 (8780)
*149872: obj =   2.126969827e+03 inf =   0.000e+00 (8780) 1
*149914: obj =   2.126969827e+03 inf =   0.000e+00 (8792)
*149955: obj =   2.126969827e+03 inf =   0.000e+00 (8793) 1
*149997: obj =   2.126969827e+03 inf =   0.000e+00 (8770)
*150039: obj =   2.126969827e+03 inf =   0.000e+00 (8799)
*150076: obj =   2.126969827e+03 inf =   0.000e+00 (8786) 1
*150118: obj =   2.126969827e+03 inf =   0.000e+00 (8785)
*150157: obj =   2.126969827e+03 inf =   0.000e+00 (8782) 1
*150199: obj =   2.126969827e+03 inf =   0.000e+00 (8819)
*150240: obj =   2.126969827e+03 inf =   0.000e+00 (8826)
*150277: obj =   2.126969827e+03 inf =   0.000e+00 (8804) 1
*150319: obj =   2.126969827e+03 inf =   0.000e+00 (8828)
*150361: obj =   2.126969827e+03 inf =   0.000e+00 (8819) 1
*150403: obj =   2.126969827e+03 inf =   0.000e+00 (8822)
*150445: obj =   2.126969827e+03 inf =   0.000e+00 (8825)
*150482: obj =   2.126969827e+03 inf =   0.000e+00 (8799) 1
*150524: obj =   2.126969827e+03 inf =   0.000e+00 (8802)
*150564: obj =   2.126969827e+03 inf =   0.000e+00 (8821) 1
*150606: obj =   2.126969827e+03 inf =   0.000e+00 (8788)
*150648: obj =   2.126969827e+03 inf =   0.000e+00 (8789)
*150685: obj =   2.126969827e+03 inf =   0.000e+00 (8819) 1
*150728: obj =   2.126969827e+03 inf =   0.000e+00 (8796)
*150767: obj =   2.126969827e+03 inf =   0.000e+00 (8779) 1
*150809: obj =   2.126969827e+03 inf =   0.000e+00 (8794)
*150851: obj =   2.126969827e+03 inf =   0.000e+00 (8782)
*150887: obj =   2.126969827e+03 inf =   0.000e+00 (8793) 1
*150929: obj =   2.126969827e+03 inf =   0.000e+00 (8792)
*150971: obj =   2.126969827e+03 inf =   0.000e+00 (8789) 1
*151014: obj =   2.126969827e+03 inf =   0.000e+00 (8816)
*151057: obj =   2.126969827e+03 inf =   0.000e+00 (8798)
*151095: obj =   2.126969827e+03 inf =   0.000e+00 (8818) 1
*151137: obj =   2.126969827e+03 inf =   0.000e+00 (8796)
*151174: obj =   2.126969827e+03 inf =   0.000e+00 (8807) 1
*151217: obj =   2.126969827e+03 inf =   0.000e+00 (8816)
*151260: obj =   2.126969827e+03 inf =   0.000e+00 (8821)
*151297: obj =   2.126969827e+03 inf =   0.000e+00 (8855) 1
*151339: obj =   2.126969827e+03 inf =   0.000e+00 (8852)
*151378: obj =   2.126969827e+03 inf =   0.000e+00 (8839) 1
*151421: obj =   2.126969827e+03 inf =   0.000e+00 (8859)
*151463: obj =   2.126969827e+03 inf =   0.000e+00 (8825)
*151500: obj =   2.126969827e+03 inf =   0.000e+00 (8829) 1
*151542: obj =   2.126969827e+03 inf =   0.000e+00 (8814)
*151581: obj =   2.126969827e+03 inf =   0.000e+00 (8800) 1
*151624: obj =   2.126969827e+03 inf =   0.000e+00 (8819)
*151666: obj =   2.126969827e+03 inf =   0.000e+00 (8794)
*151704: obj =   2.126969827e+03 inf =   0.000e+00 (8788) 1
*151746: obj =   2.126969827e+03 inf =   0.000e+00 (8797)
*151785: obj =   2.126969827e+03 inf =   0.000e+00 (8788) 1
*151827: obj =   2.126969827e+03 inf =   0.000e+00 (8805)
*151870: obj =   2.126969827e+03 inf =   0.000e+00 (8809)
*151907: obj =   2.126969827e+03 inf =   0.000e+00 (8821) 1
*151949: obj =   2.126969827e+03 inf =   0.000e+00 (8866)
*151987: obj =   2.126969827e+03 inf =   0.000e+00 (8824) 1
*152029: obj =   2.126969827e+03 inf =   0.000e+00 (8820)
*152072: obj =   2.126969827e+03 inf =   0.000e+00 (8815)
*152110: obj =   2.126969827e+03 inf =   0.000e+00 (8813) 1
*152152: obj =   2.126969827e+03 inf =   0.000e+00 (8813)
*152190: obj =   2.126969827e+03 inf =   0.000e+00 (8838) 1
*152233: obj =   2.126969827e+03 inf =   0.000e+00 (8802)
*152276: obj =   2.126969827e+03 inf =   0.000e+00 (8810)
*152313: obj =   2.126969827e+03 inf =   0.000e+00 (8819) 1
*152356: obj =   2.126969827e+03 inf =   0.000e+00 (8818)
*152397: obj =   2.126969827e+03 inf =   0.000e+00 (8800) 1
*152440: obj =   2.126969827e+03 inf =   0.000e+00 (8815)
*152482: obj =   2.126969827e+03 inf =   0.000e+00 (8830)
*152520: obj =   2.126969827e+03 inf =   0.000e+00 (8780) 1
*152563: obj =   2.126969827e+03 inf =   0.000e+00 (8821)
*152600: obj =   2.126969827e+03 inf =   0.000e+00 (8832) 1
*152642: obj =   2.126969827e+03 inf =   0.000e+00 (8834)
*152684: obj =   2.126969827e+03 inf =   0.000e+00 (8825)
*152720: obj =   2.126969827e+03 inf =   0.000e+00 (8840) 1
*152762: obj =   2.126969827e+03 inf =   0.000e+00 (8843)
*152804: obj =   2.126969827e+03 inf =   0.000e+00 (8842) 1
*152846: obj =   2.126969827e+03 inf =   0.000e+00 (8853)
*152888: obj =   2.126969827e+03 inf =   0.000e+00 (8848)
*152926: obj =   2.126969827e+03 inf =   0.000e+00 (8839) 1
*152968: obj =   2.126969827e+03 inf =   0.000e+00 (8866)
*153008: obj =   2.126969827e+03 inf =   0.000e+00 (8854) 1
*153050: obj =   2.126969827e+03 inf =   0.000e+00 (8818)
*153092: obj =   2.126969827e+03 inf =   0.000e+00 (8826)
*153130: obj =   2.126969827e+03 inf =   0.000e+00 (8832) 1
*153172: obj =   2.126969827e+03 inf =   0.000e+00 (8810)
*153211: obj =   2.126969827e+03 inf =   0.000e+00 (8813) 1
*153254: obj =   2.126969827e+03 inf =   0.000e+00 (8817)
*153297: obj =   2.126969827e+03 inf =   0.000e+00 (8844)
*153335: obj =   2.126969827e+03 inf =   0.000e+00 (8828) 1
*153378: obj =   2.126969827e+03 inf =   0.000e+00 (8828)
*153416: obj =   2.126969827e+03 inf =   0.000e+00 (8883) 1
*153458: obj =   2.126969827e+03 inf =   0.000e+00 (8874)
*153500: obj =   2.126969827e+03 inf =   0.000e+00 (8865)
*153538: obj =   2.126969827e+03 inf =   0.000e+00 (8867) 1
*153581: obj =   2.126969827e+03 inf =   0.000e+00 (8874)
*153619: obj =   2.126969827e+03 inf =   0.000e+00 (8851) 1
*153662: obj =   2.126969827e+03 inf =   0.000e+00 (8881)
*153705: obj =   2.126969827e+03 inf =   0.000e+00 (8875)
*153743: obj =   2.126969827e+03 inf =   0.000e+00 (8877) 1
*153786: obj =   2.126969827e+03 inf =   0.000e+00 (8898)
*153823: obj =   2.126969827e+03 inf =   0.000e+00 (8865) 1
*153866: obj =   2.126969827e+03 inf =   0.000e+00 (8868)
*153909: obj =   2.126969827e+03 inf =   0.000e+00 (8882)
*153946: obj =   2.126969827e+03 inf =   0.000e+00 (8852) 1
*153987: obj =   2.126969827e+03 inf =   0.000e+00 (8870)
*154026: obj =   2.126969827e+03 inf =   0.000e+00 (8866) 1
*154068: obj =   2.126969827e+03 inf =   0.000e+00 (8857)
*154109: obj =   2.126969827e+03 inf =   0.000e+00 (8872)
*154146: obj =   2.126969827e+03 inf =   0.000e+00 (8864) 1
*154189: obj =   2.126969827e+03 inf =   0.000e+00 (8855)
*154230: obj =   2.126969827e+03 inf =   0.000e+00 (8844) 1
*154273: obj =   2.126969827e+03 inf =   0.000e+00 (8856)
*154315: obj =   2.126969827e+03 inf =   0.000e+00 (8839)
*154353: obj =   2.126969827e+03 inf =   0.000e+00 (8853) 1
*154396: obj =   2.126969827e+03 inf =   0.000e+00 (8842)
*154434: obj =   2.126969827e+03 inf =   0.000e+00 (8815) 1
*154476: obj =   2.126969827e+03 inf =   0.000e+00 (8803)
*154519: obj =   2.126969827e+03 inf =   0.000e+00 (8817)
*154557: obj =   2.126969827e+03 inf =   0.000e+00 (8830) 1
*154600: obj =   2.126969827e+03 inf =   0.000e+00 (8842)
*154638: obj =   2.126969827e+03 inf =   0.000e+00 (8831) 1
*154681: obj =   2.126969827e+03 inf =   0.000e+00 (8816)
*154724: obj =   2.126969827e+03 inf =   0.000e+00 (8825)
*154762: obj =   2.126969827e+03 inf =   0.000e+00 (8815) 1
*154804: obj =   2.126969827e+03 inf =   0.000e+00 (8838)
*154842: obj =   2.126969827e+03 inf =   0.000e+00 (8863) 1
*154885: obj =   2.126969827e+03 inf =   0.000e+00 (8843)
*154927: obj =   2.126969827e+03 inf =   0.000e+00 (8842)
*154964: obj =   2.126969827e+03 inf =   0.000e+00 (8833) 1
*155007: obj =   2.126969827e+03 inf =   0.000e+00 (8850)
*155044: obj =   2.126969827e+03 inf =   0.000e+00 (8819) 1
*155086: obj =   2.126969827e+03 inf =   0.000e+00 (8820)
*155128: obj =   2.126969827e+03 inf =   0.000e+00 (8814)
*155165: obj =   2.126969827e+03 inf =   0.000e+00 (8788) 1
*155205: obj =   2.126969827e+03 inf =   0.000e+00 (8791)
*155244: obj =   2.126969827e+03 inf =   0.000e+00 (8798)
*155282: obj =   2.126969827e+03 inf =   0.000e+00 (8800) 1
*155324: obj =   2.126969827e+03 inf =   0.000e+00 (8803)
*155362: obj =   2.126969827e+03 inf =   0.000e+00 (8818) 1
*155404: obj =   2.126969827e+03 inf =   0.000e+00 (8789)
*155446: obj =   2.126969827e+03 inf =   0.000e+00 (8792)
*155484: obj =   2.126969827e+03 inf =   0.000e+00 (8799) 1
*155527: obj =   2.126969827e+03 inf =   0.000e+00 (8821)
*155565: obj =   2.126969827e+03 inf =   0.000e+00 (8782) 1
*155608: obj =   2.126969827e+03 inf =   0.000e+00 (8810)
*155651: obj =   2.126969827e+03 inf =   0.000e+00 (8804)
*155689: obj =   2.126969827e+03 inf =   0.000e+00 (8821) 1
*155732: obj =   2.126969827e+03 inf =   0.000e+00 (8788)
*155770: obj =   2.126969827e+03 inf =   0.000e+00 (8764) 1
*155813: obj =   2.126969827e+03 inf =   0.000e+00 (8779)
*155855: obj =   2.126969827e+03 inf =   0.000e+00 (8763)
*155893: obj =   2.126969827e+03 inf =   0.000e+00 (8798) 1
*155936: obj =   2.126969827e+03 inf =   0.000e+00 (8786)
*155974: obj =   2.126969827e+03 inf =   0.000e+00 (8788) 1
*156016: obj =   2.126969827e+03 inf =   0.000e+00 (8843)
*156058: obj =   2.126969827e+03 inf =   0.000e+00 (8818)
*156095: obj =   2.126969827e+03 inf =   0.000e+00 (8801) 1
*156137: obj =   2.126969827e+03 inf =   0.000e+00 (8786)
*156174: obj =   2.126969827e+03 inf =   0.000e+00 (8813) 1
*156216: obj =   2.126969827e+03 inf =   0.000e+00 (8801)
*156259: obj =   2.126969827e+03 inf =   0.000e+00 (8793)
*156296: obj =   2.126969827e+03 inf =   0.000e+00 (8792) 1
*156336: obj =   2.126969827e+03 inf =   0.000e+00 (8806)
*156372: obj =   2.126969827e+03 inf =   0.000e+00 (8801) 1
*156415: obj =   2.126969827e+03 inf =   0.000e+00 (8798)
*156456: obj =   2.126969827e+03 inf =   0.000e+00 (8830)
*156493: obj =   2.126969827e+03 inf =   0.000e+00 (8805) 1
*156535: obj =   2.126969827e+03 inf =   0.000e+00 (8808)
*156572: obj =   2.126969827e+03 inf =   0.000e+00 (8809) 1
*156615: obj =   2.126969827e+03 inf =   0.000e+00 (8798)
*156657: obj =   2.126969827e+03 inf =   0.000e+00 (8811)
*156695: obj =   2.126969827e+03 inf =   0.000e+00 (8860) 1
*156738: obj =   2.126969827e+03 inf =   0.000e+00 (8849)
*156775: obj =   2.126969827e+03 inf =   0.000e+00 (8831) 1
*156817: obj =   2.126969827e+03 inf =   0.000e+00 (8850)
*156860: obj =   2.126969827e+03 inf =   0.000e+00 (8850)
*156897: obj =   2.126969827e+03 inf =   0.000e+00 (8850) 1
*156939: obj =   2.126969827e+03 inf =   0.000e+00 (8841)
*156978: obj =   2.126969827e+03 inf =   0.000e+00 (8845) 1
*157020: obj =   2.126969827e+03 inf =   0.000e+00 (8841)
*157062: obj =   2.126969827e+03 inf =   0.000e+00 (8845)
*157099: obj =   2.126969827e+03 inf =   0.000e+00 (8862) 1
*157141: obj =   2.126969827e+03 inf =   0.000e+00 (8865)
*157181: obj =   2.126969827e+03 inf =   0.000e+00 (8855) 1
*157223: obj =   2.126969827e+03 inf =   0.000e+00 (8861)
*157265: obj =   2.126969827e+03 inf =   0.000e+00 (8880)
*157302: obj =   2.126969827e+03 inf =   0.000e+00 (8914) 1
*157343: obj =   2.126969827e+03 inf =   0.000e+00 (8865)
*157384: obj =   2.126969827e+03 inf =   0.000e+00 (8860) 1
*157425: obj =   2.126969827e+03 inf =   0.000e+00 (8843)
*157467: obj =   2.126969827e+03 inf =   0.000e+00 (8869)
*157505: obj =   2.126969827e+03 inf =   0.000e+00 (8869) 1
*157548: obj =   2.126969827e+03 inf =   0.000e+00 (8878)
*157587: obj =   2.126969827e+03 inf =   0.000e+00 (8902) 1
*157629: obj =   2.126969827e+03 inf =   0.000e+00 (8892)
*157672: obj =   2.126969827e+03 inf =   0.000e+00 (8896)
*157709: obj =   2.126969827e+03 inf =   0.000e+00 (8886) 1
*157751: obj =   2.126969827e+03 inf =   0.000e+00 (8885)
*157789: obj =   2.126969827e+03 inf =   0.000e+00 (8899) 1
*157832: obj =   2.126969827e+03 inf =   0.000e+00 (8871)
*157874: obj =   2.126969827e+03 inf =   0.000e+00 (8891)
*157912: obj =   2.126969827e+03 inf =   0.000e+00 (8912) 1
*157955: obj =   2.126969827e+03 inf =   0.000e+00 (8905)
*157994: obj =   2.126969827e+03 inf =   0.000e+00 (8870) 1
*158036: obj =   2.126969827e+03 inf =   0.000e+00 (8898)
*158078: obj =   2.126969827e+03 inf =   0.000e+00 (8895)
*158115: obj =   2.126969827e+03 inf =   0.000e+00 (8900) 1
*158157: obj =   2.126969827e+03 inf =   0.000e+00 (8897)
*158198: obj =   2.126969827e+03 inf =   0.000e+00 (8902) 1
*158241: obj =   2.126969827e+03 inf =   0.000e+00 (8898)
*158283: obj =   2.126969827e+03 inf =   0.000e+00 (8873)
*158320: obj =   2.126969827e+03 inf =   0.000e+00 (8894) 1
*158362: obj =   2.126969827e+03 inf =   0.000e+00 (8882)
*158403: obj =   2.126969827e+03 inf =   0.000e+00 (8878) 1
*158444: obj =   2.126969827e+03 inf =   0.000e+00 (8873)
*158485: obj =   2.126969827e+03 inf =   0.000e+00 (8871)
*158522: obj =   2.126969827e+03 inf =   0.000e+00 (8898) 1
*158564: obj =   2.126969827e+03 inf =   0.000e+00 (8878)
*158606: obj =   2.126969827e+03 inf =   0.000e+00 (8902)
*158644: obj =   2.126969827e+03 inf =   0.000e+00 (8879) 1
*158686: obj =   2.126969827e+03 inf =   0.000e+00 (8868)
*158724: obj =   2.126969827e+03 inf =   0.000e+00 (8896) 1
*158767: obj =   2.126969827e+03 inf =   0.000e+00 (8921)
*158810: obj =   2.126969827e+03 inf =   0.000e+00 (8901)
*158848: obj =   2.126969827e+03 inf =   0.000e+00 (8888) 1
*158890: obj =   2.126969827e+03 inf =   0.000e+00 (8886)
*158927: obj =   2.126969827e+03 inf =   0.000e+00 (8901) 1
*158969: obj =   2.126969827e+03 inf =   0.000e+00 (8884)
*159010: obj =   2.126969827e+03 inf =   0.000e+00 (8905)
*159047: obj =   2.126969827e+03 inf =   0.000e+00 (8888) 1
*159089: obj =   2.126969827e+03 inf =   0.000e+00 (8913)
*159126: obj =   2.126969827e+03 inf =   0.000e+00 (8889) 1
*159168: obj =   2.126969827e+03 inf =   0.000e+00 (8887)
*159210: obj =   2.126969827e+03 inf =   0.000e+00 (8904)
*159247: obj =   2.126969827e+03 inf =   0.000e+00 (8920) 1
*159289: obj =   2.126969827e+03 inf =   0.000e+00 (8894)
*159326: obj =   2.126969827e+03 inf =   0.000e+00 (8908) 1
*159368: obj =   2.126969827e+03 inf =   0.000e+00 (8892)
*159410: obj =   2.126969827e+03 inf =   0.000e+00 (8912)
*159447: obj =   2.126969827e+03 inf =   0.000e+00 (8916) 1
*159488: obj =   2.126969827e+03 inf =   0.000e+00 (8915)
*159526: obj =   2.126969827e+03 inf =   0.000e+00 (8911) 1
*159567: obj =   2.126969827e+03 inf =   0.000e+00 (8935)
*159610: obj =   2.126969827e+03 inf =   0.000e+00 (8915)
*159647: obj =   2.126969827e+03 inf =   0.000e+00 (8950) 1
*159689: obj =   2.126969827e+03 inf =   0.000e+00 (8945)
*159728: obj =   2.126969827e+03 inf =   0.000e+00 (8962) 1
*159771: obj =   2.126969827e+03 inf =   0.000e+00 (8943)
*159814: obj =   2.126969827e+03 inf =   0.000e+00 (8959)
*159851: obj =   2.126969827e+03 inf =   0.000e+00 (8933) 1
*159893: obj =   2.126969827e+03 inf =   0.000e+00 (8940)
*159931: obj =   2.126969827e+03 inf =   0.000e+00 (8950) 1
*159973: obj =   2.126969827e+03 inf =   0.000e+00 (8938)
*160015: obj =   2.126969827e+03 inf =   0.000e+00 (8934)
*160052: obj =   2.126969827e+03 inf =   0.000e+00 (8948) 1
*160094: obj =   2.126969827e+03 inf =   0.000e+00 (8962)
*160136: obj =   2.126969827e+03 inf =   0.000e+00 (8951)
*160173: obj =   2.126969827e+03 inf =   0.000e+00 (8929) 1
*160214: obj =   2.126969827e+03 inf =   0.000e+00 (8932)
*160250: obj =   2.126969827e+03 inf =   0.000e+00 (8937) 1
*160291: obj =   2.126969827e+03 inf =   0.000e+00 (8923)
*160332: obj =   2.126969827e+03 inf =   0.000e+00 (8936)
*160369: obj =   2.126969827e+03 inf =   0.000e+00 (8950) 1
*160411: obj =   2.126969827e+03 inf =   0.000e+00 (8969)
*160448: obj =   2.126969827e+03 inf =   0.000e+00 (8941) 1
*160490: obj =   2.126969827e+03 inf =   0.000e+00 (8946)
*160532: obj =   2.126969827e+03 inf =   0.000e+00 (8939)
*160568: obj =   2.126969827e+03 inf =   0.000e+00 (8942) 1
*160608: obj =   2.126969827e+03 inf =   0.000e+00 (8938)
*160645: obj =   2.126969827e+03 inf =   0.000e+00 (8955) 1
*160687: obj =   2.126969827e+03 inf =   0.000e+00 (8972)
*160729: obj =   2.126969827e+03 inf =   0.000e+00 (8963)
*160766: obj =   2.126969827e+03 inf =   0.000e+00 (8954) 1
*160808: obj =   2.126969827e+03 inf =   0.000e+00 (8954)
*160848: obj =   2.126969827e+03 inf =   0.000e+00 (8933) 1
*160890: obj =   2.126969827e+03 inf =   0.000e+00 (8931)
*160933: obj =   2.126969827e+03 inf =   0.000e+00 (8913)
*160970: obj =   2.126969827e+03 inf =   0.000e+00 (8941) 1
*161012: obj =   2.126969827e+03 inf =   0.000e+00 (8944)
*161052: obj =   2.126969827e+03 inf =   0.000e+00 (8923) 1
*161094: obj =   2.126969827e+03 inf =   0.000e+00 (8949)
*161136: obj =   2.126969827e+03 inf =   0.000e+00 (8931)
*161173: obj =   2.126969827e+03 inf =   0.000e+00 (8923) 1
*161215: obj =   2.126969827e+03 inf =   0.000e+00 (8923)
*161255: obj =   2.126969827e+03 inf =   0.000e+00 (8923) 1
*161297: obj =   2.126969827e+03 inf =   0.000e+00 (8901)
*161338: obj =   2.126969827e+03 inf =   0.000e+00 (8910)
*161374: obj =   2.126969827e+03 inf =   0.000e+00 (8918) 1
*161416: obj =   2.126969827e+03 inf =   0.000e+00 (8894)
*161456: obj =   2.126969827e+03 inf =   0.000e+00 (8905)
*161491: obj =   2.126969827e+03 inf =   0.000e+00 (8912) 1
*161532: obj =   2.126969827e+03 inf =   0.000e+00 (8904)
*161568: obj =   2.126969827e+03 inf =   0.000e+00 (8903) 1
*161608: obj =   2.126969827e+03 inf =   0.000e+00 (8916)
*161648: obj =   2.126969827e+03 inf =   0.000e+00 (8918)
*161686: obj =   2.126969827e+03 inf =   0.000e+00 (8921) 1
*161728: obj =   2.126969827e+03 inf =   0.000e+00 (8926)
*161765: obj =   2.126969827e+03 inf =   0.000e+00 (8945) 1
*161807: obj =   2.126969827e+03 inf =   0.000e+00 (8986)
*161849: obj =   2.126969827e+03 inf =   0.000e+00 (8962)
*161886: obj =   2.126969827e+03 inf =   0.000e+00 (8988) 1
*161928: obj =   2.126969827e+03 inf =   0.000e+00 (8995)
*161968: obj =   2.126969827e+03 inf =   0.000e+00 (8950) 1
*162010: obj =   2.126969827e+03 inf =   0.000e+00 (8960)
*162052: obj =   2.126969827e+03 inf =   0.000e+00 (8954)
*162089: obj =   2.126969827e+03 inf =   0.000e+00 (8962) 1
*162131: obj =   2.126969827e+03 inf =   0.000e+00 (8985)
*162170: obj =   2.126969827e+03 inf =   0.000e+00 (8951) 1
*162212: obj =   2.126969827e+03 inf =   0.000e+00 (8970)
*162254: obj =   2.126969827e+03 inf =   0.000e+00 (8961)
*162291: obj =   2.126969827e+03 inf =   0.000e+00 (8955) 1
*162332: obj =   2.126969827e+03 inf =   0.000e+00 (8976)
*162373: obj =   2.126969827e+03 inf =   0.000e+00 (8971)
*162410: obj =   2.126969827e+03 inf =   0.000e+00 (8975) 1
*162452: obj =   2.126969827e+03 inf =   0.000e+00 (8946)
*162489: obj =   2.126969827e+03 inf =   0.000e+00 (8964) 1
*162531: obj =   2.126969827e+03 inf =   0.000e+00 (8984)
*162573: obj =   2.126969827e+03 inf =   0.000e+00 (8961)
*162610: obj =   2.126969827e+03 inf =   0.000e+00 (8966) 1
*162652: obj =   2.126969827e+03 inf =   0.000e+00 (8964)
*162688: obj =   2.126969827e+03 inf =   0.000e+00 (8956) 1
*162725: obj =   2.126969827e+03 inf =   0.000e+00 (8965)
*162767: obj =   2.126969827e+03 inf =   0.000e+00 (8964)
*162804: obj =   2.126969827e+03 inf =   0.000e+00 (8967) 1
*162846: obj =   2.126969827e+03 inf =   0.000e+00 (8996)
*162883: obj =   2.126969827e+03 inf =   0.000e+00 (8964) 1
*162925: obj =   2.126969827e+03 inf =   0.000e+00 (9003)
*162967: obj =   2.126969827e+03 inf =   0.000e+00 (8939)
*163004: obj =   2.126969827e+03 inf =   0.000e+00 (8951) 1
*163046: obj =   2.126969827e+03 inf =   0.000e+00 (8979)
*163087: obj =   2.126969827e+03 inf =   0.000e+00 (8998) 1
*163129: obj =   2.126969827e+03 inf =   0.000e+00 (8973)
*163171: obj =   2.126969827e+03 inf =   0.000e+00 (8978)
*163208: obj =   2.126969827e+03 inf =   0.000e+00 (8996) 1
*163250: obj =   2.126969827e+03 inf =   0.000e+00 (8987)
*163289: obj =   2.126969827e+03 inf =   0.000e+00 (8997) 1
*163331: obj =   2.126969827e+03 inf =   0.000e+00 (8990)
*163372: obj =   2.126969827e+03 inf =   0.000e+00 (8987)
*163409: obj =   2.126969827e+03 inf =   0.000e+00 (8993) 1
*163450: obj =   2.126969827e+03 inf =   0.000e+00 (8993)
*163491: obj =   2.126969827e+03 inf =   0.000e+00 (8984) 1
*163532: obj =   2.126969827e+03 inf =   0.000e+00 (8970)
*163574: obj =   2.126969827e+03 inf =   0.000e+00 (8984)
*163611: obj =   2.126969827e+03 inf =   0.000e+00 (8990) 1
*163652: obj =   2.126969827e+03 inf =   0.000e+00 (8979)
*163693: obj =   2.126969827e+03 inf =   0.000e+00 (8969) 1
*163734: obj =   2.126969827e+03 inf =   0.000e+00 (8968)
*163773: obj =   2.126969827e+03 inf =   0.000e+00 (8955)
*163808: obj =   2.126969827e+03 inf =   0.000e+00 (8927) 1
*163850: obj =   2.126969827e+03 inf =   0.000e+00 (8918)
*163892: obj =   2.126969827e+03 inf =   0.000e+00 (8931)
*163929: obj =   2.126969827e+03 inf =   0.000e+00 (8910) 1
*163970: obj =   2.126969827e+03 inf =   0.000e+00 (8918)
*164007: obj =   2.126969827e+03 inf =   0.000e+00 (8924) 1
*164049: obj =   2.126969827e+03 inf =   0.000e+00 (8915)
*164091: obj =   2.126969827e+03 inf =   0.000e+00 (8890)
*164128: obj =   2.126969827e+03 inf =   0.000e+00 (8895) 1
*164170: obj =   2.126969827e+03 inf =   0.000e+00 (8919)
*164206: obj =   2.126969827e+03 inf =   0.000e+00 (8889) 1
*164248: obj =   2.126969827e+03 inf =   0.000e+00 (8903)
*164291: obj =   2.126969827e+03 inf =   0.000e+00 (8910)
*164328: obj =   2.126969827e+03 inf =   0.000e+00 (8900) 1
*164369: obj =   2.126969827e+03 inf =   0.000e+00 (8892)
*164406: obj =   2.126969827e+03 inf =   0.000e+00 (8885) 1
*164447: obj =   2.126969827e+03 inf =   0.000e+00 (8899)
*164488: obj =   2.126969827e+03 inf =   0.000e+00 (8951)
*164525: obj =   2.126969827e+03 inf =   0.000e+00 (8950) 1
*164566: obj =   2.126969827e+03 inf =   0.000e+00 (8918)
*164606: obj =   2.126969827e+03 inf =   0.000e+00 (8936) 1
*164648: obj =   2.126969827e+03 inf =   0.000e+00 (8903)
*164689: obj =   2.126969827e+03 inf =   0.000e+00 (8923)
*164725: obj =   2.126969827e+03 inf =   0.000e+00 (8914) 1
*164766: obj =   2.126969827e+03 inf =   0.000e+00 (8917)
*164807: obj =   2.126969827e+03 inf =   0.000e+00 (8921)
*164842: obj =   2.126969827e+03 inf =   0.000e+00 (8936) 1
*164882: obj =   2.126969827e+03 inf =   0.000e+00 (8911)
*164918: obj =   2.126969827e+03 inf =   0.000e+00 (8911) 1
*164960: obj =   2.126969827e+03 inf =   0.000e+00 (8906)
*165002: obj =   2.126969827e+03 inf =   0.000e+00 (8902)
*165042: obj =   2.126969827e+03 inf =   0.000e+00 (8917) 1
*165083: obj =   2.126969827e+03 inf =   0.000e+00 (8896)
*165120: obj =   2.126969827e+03 inf =   0.000e+00 (8941) 1
*165161: obj =   2.126969827e+03 inf =   0.000e+00 (8919)
*165201: obj =   2.126969827e+03 inf =   0.000e+00 (8923)
*165238: obj =   2.126969827e+03 inf =   0.000e+00 (8912) 1
*165280: obj =   2.126969827e+03 inf =   0.000e+00 (8925)
*165320: obj =   2.126969827e+03 inf =   0.000e+00 (8922) 1
*165361: obj =   2.126969827e+03 inf =   0.000e+00 (8911)
*165402: obj =   2.126969827e+03 inf =   0.000e+00 (8904)
*165438: obj =   2.126969827e+03 inf =   0.000e+00 (8911) 1
*165480: obj =   2.126969827e+03 inf =   0.000e+00 (8887)
*165522: obj =   2.126969827e+03 inf =   0.000e+00 (8882)
*165558: obj =   2.126969827e+03 inf =   0.000e+00 (8883) 1
*165600: obj =   2.126969827e+03 inf =   0.000e+00 (8904)
*165636: obj =   2.126969827e+03 inf =   0.000e+00 (8882) 1
*165677: obj =   2.126969827e+03 inf =   0.000e+00 (8900)
*165718: obj =   2.126969827e+03 inf =   0.000e+00 (8925)
*165755: obj =   2.126969827e+03 inf =   0.000e+00 (8915) 1
*165797: obj =   2.126969827e+03 inf =   0.000e+00 (8902)
*165834: obj =   2.126969827e+03 inf =   0.000e+00 (8923) 1
*165875: obj =   2.126969827e+03 inf =   0.000e+00 (8922)
*165916: obj =   2.126969827e+03 inf =   0.000e+00 (8888)
*165952: obj =   2.126969827e+03 inf =   0.000e+00 (8901) 1
*165994: obj =   2.126969827e+03 inf =   0.000e+00 (8913)
*166033: obj =   2.126969827e+03 inf =   0.000e+00 (8896) 1
*166074: obj =   2.126969827e+03 inf =   0.000e+00 (8895)
*166116: obj =   2.126969827e+03 inf =   0.000e+00 (8893)
*166153: obj =   2.126969827e+03 inf =   0.000e+00 (8909) 1
*166195: obj =   2.126969827e+03 inf =   0.000e+00 (8894)
*166235: obj =   2.126969827e+03 inf =   0.000e+00 (8911) 1
*166277: obj =   2.126969827e+03 inf =   0.000e+00 (8901)
*166318: obj =   2.126969827e+03 inf =   0.000e+00 (8893)
*166354: obj =   2.126969827e+03 inf =   0.000e+00 (8892) 1
*166395: obj =   2.126969827e+03 inf =   0.000e+00 (8875)
*166435: obj =   2.126969827e+03 inf =   0.000e+00 (8908)
*166471: obj =   2.126969827e+03 inf =   0.000e+00 (8895) 1
*166513: obj =   2.126969827e+03 inf =   0.000e+00 (8883)
*166550: obj =   2.126969827e+03 inf =   0.000e+00 (8899) 1
*166591: obj =   2.126969827e+03 inf =   0.000e+00 (8887)
*166632: obj =   2.126969827e+03 inf =   0.000e+00 (8881)
*166668: obj =   2.126969827e+03 inf =   0.000e+00 (8880) 1
*166709: obj =   2.126969827e+03 inf =   0.000e+00 (8877)
*166745: obj =   2.126969827e+03 inf =   0.000e+00 (8898) 1
*166786: obj =   2.126969827e+03 inf =   0.000e+00 (8892)
*166827: obj =   2.126969827e+03 inf =   0.000e+00 (8889)
*166863: obj =   2.126969827e+03 inf =   0.000e+00 (8882) 1
*166903: obj =   2.126969827e+03 inf =   0.000e+00 (8908)
*166943: obj =   2.126969827e+03 inf =   0.000e+00 (8910)
*166978: obj =   2.126969827e+03 inf =   0.000e+00 (8903) 1
*167020: obj =   2.126969827e+03 inf =   0.000e+00 (8915)
*167057: obj =   2.126969827e+03 inf =   0.000e+00 (8894) 1
*167099: obj =   2.126969827e+03 inf =   0.000e+00 (8883)
*167141: obj =   2.126969827e+03 inf =   0.000e+00 (8894)
*167177: obj =   2.126969827e+03 inf =   0.000e+00 (8879) 1
*167218: obj =   2.126969827e+03 inf =   0.000e+00 (8895)
*167255: obj =   2.126969827e+03 inf =   0.000e+00 (8938) 1
*167296: obj =   2.126969827e+03 inf =   0.000e+00 (8944)
*167337: obj =   2.126969827e+03 inf =   0.000e+00 (8956)
*167374: obj =   2.126969827e+03 inf =   0.000e+00 (8919) 1
*167415: obj =   2.126969827e+03 inf =   0.000e+00 (8974)
*167454: obj =   2.126969827e+03 inf =   0.000e+00 (8938) 1
*167495: obj =   2.126969827e+03 inf =   0.000e+00 (8953)
*167537: obj =   2.126969827e+03 inf =   0.000e+00 (8930)
*167574: obj =   2.126969827e+03 inf =   0.000e+00 (8936) 1
*167615: obj =   2.126969827e+03 inf =   0.000e+00 (8930)
*167656: obj =   2.126969827e+03 inf =   0.000e+00 (8936) 1
*167698: obj =   2.126969827e+03 inf =   0.000e+00 (8953)
*167739: obj =   2.126969827e+03 inf =   0.000e+00 (8935)
*167775: obj =   2.126969827e+03 inf =   0.000e+00 (8944) 1
*167817: obj =   2.126969827e+03 inf =   0.000e+00 (8905)
*167858: obj =   2.126969827e+03 inf =   0.000e+00 (8901) 1
*167900: obj =   2.126969827e+03 inf =   0.000e+00 (8938)
*167941: obj =   2.126969827e+03 inf =   0.000e+00 (8925)
*167977: obj =   2.126969827e+03 inf =   0.000e+00 (8919) 1
*168017: obj =   2.126969827e+03 inf =   0.000e+00 (8937)
*168059: obj =   2.126969827e+03 inf =   0.000e+00 (8911)
*168096: obj =   2.126969827e+03 inf =   0.000e+00 (8935) 1
*168138: obj =   2.126969827e+03 inf =   0.000e+00 (8935)
*168175: obj =   2.126969827e+03 inf =   0.000e+00 (8963) 1
*168216: obj =   2.126969827e+03 inf =   0.000e+00 (8954)
*168257: obj =   2.126969827e+03 inf =   0.000e+00 (8937)
*168294: obj =   2.126969827e+03 inf =   0.000e+00 (8956) 1
*168335: obj =   2.126969827e+03 inf =   0.000e+00 (8986)
*168372: obj =   2.126969827e+03 inf =   0.000e+00 (8999) 1
*168414: obj =   2.126969827e+03 inf =   0.000e+00 (8996)
*168455: obj =   2.126969827e+03 inf =   0.000e+00 (8971)
*168492: obj =   2.126969827e+03 inf =   0.000e+00 (9035) 1
*168534: obj =   2.126969827e+03 inf =   0.000e+00 (8984)
*168571: obj =   2.126969827e+03 inf =   0.000e+00 (8972) 1
*168613: obj =   2.126969827e+03 inf =   0.000e+00 (8992)
*168655: obj =   2.126969827e+03 inf =   0.000e+00 (8951)
*168692: obj =   2.126969827e+03 inf =   0.000e+00 (8951) 1
*168733: obj =   2.126969827e+03 inf =   0.000e+00 (8966)
*168770: obj =   2.126969827e+03 inf =   0.000e+00 (8961) 1
*168811: obj =   2.126969827e+03 inf =   0.000e+00 (8967)
*168852: obj =   2.126969827e+03 inf =   0.000e+00 (8977)
*168887: obj =   2.126969827e+03 inf =   0.000e+00 (8948) 1
*168927: obj =   2.126969827e+03 inf =   0.000e+00 (8947)
*168968: obj =   2.126969827e+03 inf =   0.000e+00 (8957)
*169003: obj =   2.126969827e+03 inf =   0.000e+00 (8970) 1
*169043: obj =   2.126969827e+03 inf =   0.000e+00 (8965)
*169079: obj =   2.126969827e+03 inf =   0.000e+00 (8969) 1
*169120: obj =   2.126969827e+03 inf =   0.000e+00 (8971)
*169162: obj =   2.126969827e+03 inf =   0.000e+00 (8947)
*169199: obj =   2.126969827e+03 inf =   0.000e+00 (8982) 1
*169240: obj =   2.126969827e+03 inf =   0.000e+00 (8972)
*169278: obj =   2.126969827e+03 inf =   0.000e+00 (8964) 1
*169319: obj =   2.126969827e+03 inf =   0.000e+00 (9006)
*169360: obj =   2.126969827e+03 inf =   0.000e+00 (8986)
*169397: obj =   2.126969827e+03 inf =   0.000e+00 (8972) 1
*169438: obj =   2.126969827e+03 inf =   0.000e+00 (8954)
*169479: obj =   2.126969827e+03 inf =   0.000e+00 (8966)
*169515: obj =   2.126969827e+03 inf =   0.000e+00 (8971) 1
*169557: obj =   2.126969827e+03 inf =   0.000e+00 (8974)
*169594: obj =   2.126969827e+03 inf =   0.000e+00 (8954) 1
*169635: obj =   2.126969827e+03 inf =   0.000e+00 (8988)
*169677: obj =   2.126969827e+03 inf =   0.000e+00 (8963)
*169713: obj =   2.126969827e+03 inf =   0.000e+00 (8964) 1
*169754: obj =   2.126969827e+03 inf =   0.000e+00 (8954)
*169791: obj =   2.126969827e+03 inf =   0.000e+00 (8942) 1
*169833: obj =   2.126969827e+03 inf =   0.000e+00 (8953)
*169875: obj =   2.126969827e+03 inf =   0.000e+00 (8961)
*169912: obj =   2.126969827e+03 inf =   0.000e+00 (8994) 1
*169954: obj =   2.126969827e+03 inf =   0.000e+00 (9043)
*169990: obj =   2.126969827e+03 inf =   0.000e+00 (9026) 1
*170032: obj =   2.126969827e+03 inf =   0.000e+00 (9023)
*170070: obj =   2.126969827e+03 inf =   0.000e+00 (9041)
*170104: obj =   2.126969827e+03 inf =   0.000e+00 (9022) 1
*170145: obj =   2.126969827e+03 inf =   0.000e+00 (9022)
*170187: obj =   2.126969827e+03 inf =   0.000e+00 (9019)
*170224: obj =   2.126969827e+03 inf =   0.000e+00 (8985) 1
*170266: obj =   2.126969827e+03 inf =   0.000e+00 (8991)
*170302: obj =   2.126969827e+03 inf =   0.000e+00 (8972) 1
*170344: obj =   2.126969827e+03 inf =   0.000e+00 (8984)
*170386: obj =   2.126969827e+03 inf =   0.000e+00 (8977)
*170422: obj =   2.126969827e+03 inf =   0.000e+00 (9018) 1
*170464: obj =   2.126969827e+03 inf =   0.000e+00 (8975)
*170501: obj =   2.126969827e+03 inf =   0.000e+00 (8991) 1
*170543: obj =   2.126969827e+03 inf =   0.000e+00 (8991)
*170585: obj =   2.126969827e+03 inf =   0.000e+00 (8979)
*170622: obj =   2.126969827e+03 inf =   0.000e+00 (8987) 1
*170664: obj =   2.126969827e+03 inf =   0.000e+00 (9010)
*170701: obj =   2.126969827e+03 inf =   0.000e+00 (8997) 1
*170743: obj =   2.126969827e+03 inf =   0.000e+00 (9006)
*170784: obj =   2.126969827e+03 inf =   0.000e+00 (9004)
*170820: obj =   2.126969827e+03 inf =   0.000e+00 (9013) 1
*170862: obj =   2.126969827e+03 inf =   0.000e+00 (9008)
*170901: obj =   2.126969827e+03 inf =   0.000e+00 (8996) 1
*170942: obj =   2.126969827e+03 inf =   0.000e+00 (9039)
*170983: obj =   2.126969827e+03 inf =   0.000e+00 (9022)
*171019: obj =   2.126969827e+03 inf =   0.000e+00 (9028) 1
*171060: obj =   2.126969827e+03 inf =   0.000e+00 (9008)
*171101: obj =   2.126969827e+03 inf =   0.000e+00 (9016)
*171136: obj =   2.126969827e+03 inf =   0.000e+00 (9013) 1
*171176: obj =   2.126969827e+03 inf =   0.000e+00 (9000)
*171212: obj =   2.126969827e+03 inf =   0.000e+00 (9028) 1
*171253: obj =   2.126969827e+03 inf =   0.000e+00 (9015)
*171294: obj =   2.126969827e+03 inf =   0.000e+00 (9028)
*171329: obj =   2.126969827e+03 inf =   0.000e+00 (9030) 1
*171370: obj =   2.126969827e+03 inf =   0.000e+00 (9027)
*171407: obj =   2.126969827e+03 inf =   0.000e+00 (9023) 1
*171448: obj =   2.126969827e+03 inf =   0.000e+00 (9046)
*171489: obj =   2.126969827e+03 inf =   0.000e+00 (9056)
*171526: obj =   2.126969827e+03 inf =   0.000e+00 (9039) 1
*171568: obj =   2.126969827e+03 inf =   0.000e+00 (9037)
*171609: obj =   2.126969827e+03 inf =   0.000e+00 (9025) 1
*171650: obj =   2.126969827e+03 inf =   0.000e+00 (9049)
*171691: obj =   2.126969827e+03 inf =   0.000e+00 (9026)
*171728: obj =   2.126969827e+03 inf =   0.000e+00 (9032) 1
*171769: obj =   2.126969827e+03 inf =   0.000e+00 (9037)
*171810: obj =   2.126969827e+03 inf =   0.000e+00 (9008)
*171846: obj =   2.126969827e+03 inf =   0.000e+00 (9024) 1
*171887: obj =   2.126969827e+03 inf =   0.000e+00 (9011)
*171923: obj =   2.126969827e+03 inf =   0.000e+00 (9016) 1
*171964: obj =   2.126969827e+03 inf =   0.000e+00 (9021)
*172005: obj =   2.126969827e+03 inf =   0.000e+00 (9021)
*172042: obj =   2.126969827e+03 inf =   0.000e+00 (9057) 1
*172083: obj =   2.126969827e+03 inf =   0.000e+00 (9046)
*172119: obj =   2.126969827e+03 inf =   0.000e+00 (9051) 1
*172160: obj =   2.126969827e+03 inf =   0.000e+00 (9064)
*172200: obj =   2.126969827e+03 inf =   0.000e+00 (9052)
*172236: obj =   2.126969827e+03 inf =   0.000e+00 (9083) 1
*172278: obj =   2.126969827e+03 inf =   0.000e+00 (9055)
*172318: obj =   2.126969827e+03 inf =   0.000e+00 (9069) 1
*172359: obj =   2.126969827e+03 inf =   0.000e+00 (9050)
*172400: obj =   2.126969827e+03 inf =   0.000e+00 (9074)
*172436: obj =   2.126969827e+03 inf =   0.000e+00 (9046) 1
*172477: obj =   2.126969827e+03 inf =   0.000e+00 (9041)
*172518: obj =   2.126969827e+03 inf =   0.000e+00 (9101)
*172554: obj =   2.126969827e+03 inf =   0.000e+00 (9056) 1
*172595: obj =   2.126969827e+03 inf =   0.000e+00 (9043)
*172632: obj =   2.126969827e+03 inf =   0.000e+00 (9049) 1
*172674: obj =   2.126969827e+03 inf =   0.000e+00 (9046)
*172715: obj =   2.126969827e+03 inf =   0.000e+00 (9056)
*172751: obj =   2.126969827e+03 inf =   0.000e+00 (9058) 1
*172792: obj =   2.126969827e+03 inf =   0.000e+00 (9027)
*172828: obj =   2.126969827e+03 inf =   0.000e+00 (9060) 1
*172869: obj =   2.126969827e+03 inf =   0.000e+00 (9053)
*172910: obj =   2.126969827e+03 inf =   0.000e+00 (9059)
*172946: obj =   2.126969827e+03 inf =   0.000e+00 (9070) 1
*172987: obj =   2.126969827e+03 inf =   0.000e+00 (9057)
*173028: obj =   2.126969827e+03 inf =   0.000e+00 (9051) 1
*173069: obj =   2.126969827e+03 inf =   0.000e+00 (9054)
*173110: obj =   2.126969827e+03 inf =   0.000e+00 (9057)
*173146: obj =   2.126969827e+03 inf =   0.000e+00 (9047) 1
*173187: obj =   2.126969827e+03 inf =   0.000e+00 (9055)
*173226: obj =   2.126969827e+03 inf =   0.000e+00 (9069)
*173259: obj =   2.126969827e+03 inf =   0.000e+00 (9058) 1
*173299: obj =   2.126969827e+03 inf =   0.000e+00 (9052)
*173335: obj =   2.126969827e+03 inf =   0.000e+00 (9078) 1
*173376: obj =   2.126969827e+03 inf =   0.000e+00 (9061)
*173417: obj =   2.126969827e+03 inf =   0.000e+00 (9089)
*173452: obj =   2.126969827e+03 inf =   0.000e+00 (9074) 1
*173493: obj =   2.126969827e+03 inf =   0.000e+00 (9075)
*173534: obj =   2.126969827e+03 inf =   0.000e+00 (9085)
*173570: obj =   2.126969827e+03 inf =   0.000e+00 (9092) 1
*173611: obj =   2.126969827e+03 inf =   0.000e+00 (9106)
*173647: obj =   2.126969827e+03 inf =   0.000e+00 (9048) 1
*173688: obj =   2.126969827e+03 inf =   0.000e+00 (9030)
*173727: obj =   2.126969827e+03 inf =   0.000e+00 (9043)
*173761: obj =   2.126969827e+03 inf =   0.000e+00 (9034) 1
*173801: obj =   2.126969827e+03 inf =   0.000e+00 (9065)
*173841: obj =   2.126969827e+03 inf =   0.000e+00 (9065) 1
*173882: obj =   2.126969827e+03 inf =   0.000e+00 (9060)
*173922: obj =   2.126969827e+03 inf =   0.000e+00 (9088)
*173958: obj =   2.126969827e+03 inf =   0.000e+00 (9094) 1
*173999: obj =   2.126969827e+03 inf =   0.000e+00 (9081)
*174040: obj =   2.126969827e+03 inf =   0.000e+00 (9126)
*174076: obj =   2.126969827e+03 inf =   0.000e+00 (9108) 1
*174117: obj =   2.126969827e+03 inf =   0.000e+00 (9105)
*174153: obj =   2.126969827e+03 inf =   0.000e+00 (9116) 1
*174194: obj =   2.126969827e+03 inf =   0.000e+00 (9113)
*174234: obj =   2.126969827e+03 inf =   0.000e+00 (9109)
*174268: obj =   2.126969827e+03 inf =   0.000e+00 (9109) 1
*174309: obj =   2.126969827e+03 inf =   0.000e+00 (9129)
*174348: obj =   2.126969827e+03 inf =   0.000e+00 (9108) 1
*174389: obj =   2.126969827e+03 inf =   0.000e+00 (9126)
*174430: obj =   2.126969827e+03 inf =   0.000e+00 (9132)
*174466: obj =   2.126969827e+03 inf =   0.000e+00 (9126) 1
*174507: obj =   2.126969827e+03 inf =   0.000e+00 (9132)
*174548: obj =   2.126969827e+03 inf =   0.000e+00 (9103)
*174585: obj =   2.126969827e+03 inf =   0.000e+00 (9122) 1
*174626: obj =   2.126969827e+03 inf =   0.000e+00 (9111)
*174663: obj =   2.126969827e+03 inf =   0.000e+00 (9132) 1
*174705: obj =   2.126969827e+03 inf =   0.000e+00 (9138)
*174746: obj =   2.126969827e+03 inf =   0.000e+00 (9125)
*174782: obj =   2.126969827e+03 inf =   0.000e+00 (9113) 1
*174824: obj =   2.126969827e+03 inf =   0.000e+00 (9118)
*174860: obj =   2.126969827e+03 inf =   0.000e+00 (9103) 1
*174901: obj =   2.126969827e+03 inf =   0.000e+00 (9093)
*174941: obj =   2.126969827e+03 inf =   0.000e+00 (9109)
*174975: obj =   2.126969827e+03 inf =   0.000e+00 (9122) 1
*175015: obj =   2.126969827e+03 inf =   0.000e+00 (9136)
*175056: obj =   2.126969827e+03 inf =   0.000e+00 (9120)
*175092: obj =   2.126969827e+03 inf =   0.000e+00 (9123) 1
*175133: obj =   2.126969827e+03 inf =   0.000e+00 (9117)
*175169: obj =   2.126969827e+03 inf =   0.000e+00 (9124) 1
*175210: obj =   2.126969827e+03 inf =   0.000e+00 (9101)
*175250: obj =   2.126969827e+03 inf =   0.000e+00 (9105)
*175285: obj =   2.126969827e+03 inf =   0.000e+00 (9111) 1
*175326: obj =   2.126969827e+03 inf =   0.000e+00 (9115)
*175363: obj =   2.126969827e+03 inf =   0.000e+00 (9139) 1
*175404: obj =   2.126969827e+03 inf =   0.000e+00 (9112)
*175445: obj =   2.126969827e+03 inf =   0.000e+00 (9116)
*175481: obj =   2.126969827e+03 inf =   0.000e+00 (9122) 1
*175522: obj =   2.126969827e+03 inf =   0.000e+00 (9125)
*175564: obj =   2.126969827e+03 inf =   0.000e+00 (9093)
*175600: obj =   2.126969827e+03 inf =   0.000e+00 (9090) 1
*175641: obj =   2.126969827e+03 inf =   0.000e+00 (9113)
*175677: obj =   2.126969827e+03 inf =   0.000e+00 (9128) 1
*175718: obj =   2.126969827e+03 inf =   0.000e+00 (9106)
*175759: obj =   2.126969827e+03 inf =   0.000e+00 (9102)
*175795: obj =   2.126969827e+03 inf =   0.000e+00 (9121) 1
*175836: obj =   2.126969827e+03 inf =   0.000e+00 (9102)
*175872: obj =   2.126969827e+03 inf =   0.000e+00 (9103) 1
*175913: obj =   2.126969827e+03 inf =   0.000e+00 (9095)
*175955: obj =   2.126969827e+03 inf =   0.000e+00 (9150)
*175991: obj =   2.126969827e+03 inf =   0.000e+00 (9101) 1
*176032: obj =   2.126969827e+03 inf =   0.000e+00 (9124)
*176073: obj =   2.126969827e+03 inf =   0.000e+00 (9100) 1
*176115: obj =   2.126969827e+03 inf =   0.000e+00 (9133)
*176154: obj =   2.126969827e+03 inf =   0.000e+00 (9130)
*176189: obj =   2.126969827e+03 inf =   0.000e+00 (9093) 1
*176230: obj =   2.126969827e+03 inf =   0.000e+00 (9097)
*176270: obj =   2.126969827e+03 inf =   0.000e+00 (9098)
*176304: obj =   2.126969827e+03 inf =   0.000e+00 (9087) 1
*176344: obj =   2.126969827e+03 inf =   0.000e+00 (9089)
*176380: obj =   2.126969827e+03 inf =   0.000e+00 (9077) 1
*176421: obj =   2.126969827e+03 inf =   0.000e+00 (9065)
*176463: obj =   2.126969827e+03 inf =   0.000e+00 (9053)
*176499: obj =   2.126969827e+03 inf =   0.000e+00 (9067) 1
*176540: obj =   2.126969827e+03 inf =   0.000e+00 (9067)
*176579: obj =   2.126969827e+03 inf =   0.000e+00 (9058) 1
*176620: obj =   2.126969827e+03 inf =   0.000e+00 (9045)
*176661: obj =   2.126969827e+03 inf =   0.000e+00 (9058)
*176697: obj =   2.126969827e+03 inf =   0.000e+00 (9049) 1
*176738: obj =   2.126969827e+03 inf =   0.000e+00 (9036)
*176779: obj =   2.126969827e+03 inf =   0.000e+00 (9047)
*176815: obj =   2.126969827e+03 inf =   0.000e+00 (9041) 1
*176856: obj =   2.126969827e+03 inf =   0.000e+00 (9041)
*176892: obj =   2.126969827e+03 inf =   0.000e+00 (9032) 1
*176933: obj =   2.126969827e+03 inf =   0.000e+00 (9021)
*176973: obj =   2.126969827e+03 inf =   0.000e+00 (9065)
*177009: obj =   2.126969827e+03 inf =   0.000e+00 (9048) 1
*177050: obj =   2.126969827e+03 inf =   0.000e+00 (9043)
*177086: obj =   2.126969827e+03 inf =   0.000e+00 (9019) 1
*177127: obj =   2.126969827e+03 inf =   0.000e+00 (9055)
*177168: obj =   2.126969827e+03 inf =   0.000e+00 (9067)
*177203: obj =   2.126969827e+03 inf =   0.000e+00 (9058) 1
*177244: obj =   2.126969827e+03 inf =   0.000e+00 (9039)
*177285: obj =   2.126969827e+03 inf =   0.000e+00 (9047)
*177320: obj =   2.126969827e+03 inf =   0.000e+00 (9037) 1
*177358: obj =   2.126969827e+03 inf =   0.000e+00 (9058)
*177391: obj =   2.126969827e+03 inf =   0.000e+00 (9056) 1
*177431: obj =   2.126969827e+03 inf =   0.000e+00 (9045)
*177472: obj =   2.126969827e+03 inf =   0.000e+00 (9067)
*177508: obj =   2.126969827e+03 inf =   0.000e+00 (9087) 1
*177550: obj =   2.126969827e+03 inf =   0.000e+00 (9096)
*177591: obj =   2.126969827e+03 inf =   0.000e+00 (9070)
*177627: obj =   2.126969827e+03 inf =   0.000e+00 (9059) 1
*177668: obj =   2.126969827e+03 inf =   0.000e+00 (9054)
*177704: obj =   2.126969827e+03 inf =   0.000e+00 (9061) 1
*177745: obj =   2.126969827e+03 inf =   0.000e+00 (9059)
*177786: obj =   2.126969827e+03 inf =   0.000e+00 (9042)
*177822: obj =   2.126969827e+03 inf =   0.000e+00 (9056) 1
*177862: obj =   2.126969827e+03 inf =   0.000e+00 (9055)
*177898: obj =   2.126969827e+03 inf =   0.000e+00 (9052) 1
*177939: obj =   2.126969827e+03 inf =   0.000e+00 (9053)
*177979: obj =   2.126969827e+03 inf =   0.000e+00 (9032)
*178015: obj =   2.126969827e+03 inf =   0.000e+00 (9032) 1
*178056: obj =   2.126969827e+03 inf =   0.000e+00 (9028)
*178096: obj =   2.126969827e+03 inf =   0.000e+00 (9064)
*178132: obj =   2.126969827e+03 inf =   0.000e+00 (9035) 1
*178172: obj =   2.126969827e+03 inf =   0.000e+00 (9051)
*178207: obj =   2.126969827e+03 inf =   0.000e+00 (9056) 1
*178248: obj =   2.126969827e+03 inf =   0.000e+00 (9025)
*178288: obj =   2.126969827e+03 inf =   0.000e+00 (9019)
*178323: obj =   2.126969827e+03 inf =   0.000e+00 (9030) 1
*178363: obj =   2.126969827e+03 inf =   0.000e+00 (9038)
*178403: obj =   2.126969827e+03 inf =   0.000e+00 (9023)
*178437: obj =   2.126969827e+03 inf =   0.000e+00 (9025) 1
*178475: obj =   2.126969827e+03 inf =   0.000e+00 (9042)
*178510: obj =   2.126969827e+03 inf =   0.000e+00 (9057) 1
*178550: obj =   2.126969827e+03 inf =   0.000e+00 (9019)
*178591: obj =   2.126969827e+03 inf =   0.000e+00 (9015)
*178627: obj =   2.126969827e+03 inf =   0.000e+00 (9011) 1
*178668: obj =   2.126969827e+03 inf =   0.000e+00 (9016)
*178708: obj =   2.126969827e+03 inf =   0.000e+00 (9015)
*178744: obj =   2.126969827e+03 inf =   0.000e+00 (8989) 1
*178785: obj =   2.126969827e+03 inf =   0.000e+00 (9006)
*178821: obj =   2.126969827e+03 inf =   0.000e+00 (9016) 1
*178861: obj =   2.126969827e+03 inf =   0.000e+00 (8997)
*178902: obj =   2.126969827e+03 inf =   0.000e+00 (8986)
*178938: obj =   2.126969827e+03 inf =   0.000e+00 (9000) 1
*178978: obj =   2.126969827e+03 inf =   0.000e+00 (9018)
*179016: obj =   2.126969827e+03 inf =   0.000e+00 (9007) 1
*179057: obj =   2.126969827e+03 inf =   0.000e+00 (8996)
*179097: obj =   2.126969827e+03 inf =   0.000e+00 (9025)
*179133: obj =   2.126969827e+03 inf =   0.000e+00 (9026) 1
*179173: obj =   2.126969827e+03 inf =   0.000e+00 (9018)
*179213: obj =   2.126969827e+03 inf =   0.000e+00 (9010)
*179248: obj =   2.126969827e+03 inf =   0.000e+00 (9003) 1
*179288: obj =   2.126969827e+03 inf =   0.000e+00 (9011)
*179323: obj =   2.126969827e+03 inf =   0.000e+00 (9007) 1
*179363: obj =   2.126969827e+03 inf =   0.000e+00 (9026)
*179403: obj =   2.126969827e+03 inf =   0.000e+00 (8997)
*179438: obj =   2.126969827e+03 inf =   0.000e+00 (9001) 1
*179477: obj =   2.126969827e+03 inf =   0.000e+00 (9012)
*179516: obj =   2.126969827e+03 inf =   0.000e+00 (9007)
*179551: obj =   2.126969827e+03 inf =   0.000e+00 (9034) 1
*179592: obj =   2.126969827e+03 inf =   0.000e+00 (9009)
*179628: obj =   2.126969827e+03 inf =   0.000e+00 (9004) 1
*179668: obj =   2.126969827e+03 inf =   0.000e+00 (9030)
*179708: obj =   2.126969827e+03 inf =   0.000e+00 (9043)
*179743: obj =   2.126969827e+03 inf =   0.000e+00 (9024) 1
*179784: obj =   2.126969827e+03 inf =   0.000e+00 (9021)
*179825: obj =   2.126969827e+03 inf =   0.000e+00 (9027)
*179861: obj =   2.126969827e+03 inf =   0.000e+00 (9067) 1
*179902: obj =   2.126969827e+03 inf =   0.000e+00 (9039)
*179938: obj =   2.126969827e+03 inf =   0.000e+00 (9037) 1
*179978: obj =   2.126969827e+03 inf =   0.000e+00 (9031)
*180019: obj =   2.126969827e+03 inf =   0.000e+00 (9037)
*180055: obj =   2.126969827e+03 inf =   0.000e+00 (9056) 1
*180095: obj =   2.126969827e+03 inf =   0.000e+00 (9021)
*180131: obj =   2.126969827e+03 inf =   0.000e+00 (9015) 1
*180171: obj =   2.126969827e+03 inf =   0.000e+00 (9009)
*180211: obj =   2.126969827e+03 inf =   0.000e+00 (9002)
*180247: obj =   2.126969827e+03 inf =   0.000e+00 (9020) 1
*180287: obj =   2.126969827e+03 inf =   0.000e+00 (9013)
*180327: obj =   2.126969827e+03 inf =   0.000e+00 (9022)
*180362: obj =   2.126969827e+03 inf =   0.000e+00 (9006) 1
*180402: obj =   2.126969827e+03 inf =   0.000e+00 (9010)
*180437: obj =   2.126969827e+03 inf =   0.000e+00 (9029) 1
*180476: obj =   2.126969827e+03 inf =   0.000e+00 (9014)
*180515: obj =   2.126969827e+03 inf =   0.000e+00 (9016)
*180550: obj =   2.126969827e+03 inf =   0.000e+00 (9001) 1
*180591: obj =   2.126969827e+03 inf =   0.000e+00 (9015)
*180632: obj =   2.126969827e+03 inf =   0.000e+00 (9035)
*180668: obj =   2.126969827e+03 inf =   0.000e+00 (9036) 1
*180709: obj =   2.126969827e+03 inf =   0.000e+00 (9027)
*180745: obj =   2.126969827e+03 inf =   0.000e+00 (9021) 1
*180786: obj =   2.126969827e+03 inf =   0.000e+00 (9042)
*180827: obj =   2.126969827e+03 inf =   0.000e+00 (9040)
*180863: obj =   2.126969827e+03 inf =   0.000e+00 (9026) 1
*180903: obj =   2.126969827e+03 inf =   0.000e+00 (9008)
*180942: obj =   2.126969827e+03 inf =   0.000e+00 (9022) 1
*180983: obj =   2.126969827e+03 inf =   0.000e+00 (9001)
*181024: obj =   2.126969827e+03 inf =   0.000e+00 (9014)
*181060: obj =   2.126969827e+03 inf =   0.000e+00 (8991) 1
*181101: obj =   2.126969827e+03 inf =   0.000e+00 (8994)
*181141: obj =   2.126969827e+03 inf =   0.000e+00 (8994)
*181177: obj =   2.126969827e+03 inf =   0.000e+00 (9007) 1
*181217: obj =   2.126969827e+03 inf =   0.000e+00 (8992)
*181252: obj =   2.126969827e+03 inf =   0.000e+00 (9025) 1
*181292: obj =   2.126969827e+03 inf =   0.000e+00 (9015)
*181332: obj =   2.126969827e+03 inf =   0.000e+00 (9004)
*181367: obj =   2.126969827e+03 inf =   0.000e+00 (9004) 1
*181407: obj =   2.126969827e+03 inf =   0.000e+00 (9006)
*181447: obj =   2.126969827e+03 inf =   0.000e+00 (9008)
*181482: obj =   2.126969827e+03 inf =   0.000e+00 (9012) 1
*181521: obj =   2.126969827e+03 inf =   0.000e+00 (9015)
*181555: obj =   2.126969827e+03 inf =   0.000e+00 (9032) 1
*181595: obj =   2.126969827e+03 inf =   0.000e+00 (9017)
*181636: obj =   2.126969827e+03 inf =   0.000e+00 (9025)
*181672: obj =   2.126969827e+03 inf =   0.000e+00 (9013) 1
*181713: obj =   2.126969827e+03 inf =   0.000e+00 (9016)
*181754: obj =   2.126969827e+03 inf =   0.000e+00 (9009)
*181789: obj =   2.126969827e+03 inf =   0.000e+00 (9019) 1
*181830: obj =   2.126969827e+03 inf =   0.000e+00 (9013)
*181865: obj =   2.126969827e+03 inf =   0.000e+00 (9013) 1
*181906: obj =   2.126969827e+03 inf =   0.000e+00 (9018)
*181947: obj =   2.126969827e+03 inf =   0.000e+00 (8990)
*181983: obj =   2.126969827e+03 inf =   0.000e+00 (9007) 1
*182023: obj =   2.126969827e+03 inf =   0.000e+00 (8991)
*182061: obj =   2.126969827e+03 inf =   0.000e+00 (9003) 1
*182100: obj =   2.126969827e+03 inf =   0.000e+00 (9020)
*182139: obj =   2.126969827e+03 inf =   0.000e+00 (9007)
*182174: obj =   2.126969827e+03 inf =   0.000e+00 (8988) 1
*182214: obj =   2.126969827e+03 inf =   0.000e+00 (9016)
*182254: obj =   2.126969827e+03 inf =   0.000e+00 (8989)
*182290: obj =   2.126969827e+03 inf =   0.000e+00 (9016) 1
*182331: obj =   2.126969827e+03 inf =   0.000e+00 (8983)
*182366: obj =   2.126969827e+03 inf =   0.000e+00 (8997) 1
*182407: obj =   2.126969827e+03 inf =   0.000e+00 (8999)
*182448: obj =   2.126969827e+03 inf =   0.000e+00 (8990)
*182483: obj =   2.126969827e+03 inf =   0.000e+00 (8987) 1
*182522: obj =   2.126969827e+03 inf =   0.000e+00 (9019)
*182562: obj =   2.126969827e+03 inf =   0.000e+00 (9021)
*182597: obj =   2.126969827e+03 inf =   0.000e+00 (9004) 1
*182638: obj =   2.126969827e+03 inf =   0.000e+00 (9019)
*182674: obj =   2.126969827e+03 inf =   0.000e+00 (8998) 1
*182715: obj =   2.126969827e+03 inf =   0.000e+00 (8989)
*182756: obj =   2.126969827e+03 inf =   0.000e+00 (9006)
*182793: obj =   2.126969827e+03 inf =   0.000e+00 (9000) 1
*182834: obj =   2.126969827e+03 inf =   0.000e+00 (8996)
*182872: obj =   2.126969827e+03 inf =   0.000e+00 (9043) 1
*182913: obj =   2.126969827e+03 inf =   0.000e+00 (9021)
*182954: obj =   2.126969827e+03 inf =   0.000e+00 (9004)
*182990: obj =   2.126969827e+03 inf =   0.000e+00 (8995) 1
*183031: obj =   2.126969827e+03 inf =   0.000e+00 (9001)
*183072: obj =   2.126969827e+03 inf =   0.000e+00 (8999)
*183108: obj =   2.126969827e+03 inf =   0.000e+00 (8990) 1
*183148: obj =   2.126969827e+03 inf =   0.000e+00 (8976)
*183183: obj =   2.126969827e+03 inf =   0.000e+00 (8980) 1
*183223: obj =   2.126969827e+03 inf =   0.000e+00 (8982)
*183263: obj =   2.126969827e+03 inf =   0.000e+00 (8983)
*183296: obj =   2.126969827e+03 inf =   0.000e+00 (8968) 1
*183336: obj =   2.126969827e+03 inf =   0.000e+00 (8963)
*183376: obj =   2.126969827e+03 inf =   0.000e+00 (8966)
*183411: obj =   2.126969827e+03 inf =   0.000e+00 (8977) 1
*183451: obj =   2.126969827e+03 inf =   0.000e+00 (8967)
*183486: obj =   2.126969827e+03 inf =   0.000e+00 (8985) 1
*183526: obj =   2.126969827e+03 inf =   0.000e+00 (8975)
*183565: obj =   2.126969827e+03 inf =   0.000e+00 (8978)
*183600: obj =   2.126969827e+03 inf =   0.000e+00 (8991) 1
*183640: obj =   2.126969827e+03 inf =   0.000e+00 (8970)
*183680: obj =   2.126969827e+03 inf =   0.000e+00 (8999)
*183716: obj =   2.126969827e+03 inf =   0.000e+00 (8993) 1
*183756: obj =   2.126969827e+03 inf =   0.000e+00 (8980)
*183791: obj =   2.126969827e+03 inf =   0.000e+00 (8987) 1
*183831: obj =   2.126969827e+03 inf =   0.000e+00 (9010)
*183871: obj =   2.126969827e+03 inf =   0.000e+00 (9029)
*183906: obj =   2.126969827e+03 inf =   0.000e+00 (9013) 1
*183946: obj =   2.126969827e+03 inf =   0.000e+00 (8974)
*183986: obj =   2.126969827e+03 inf =   0.000e+00 (8953)
*184021: obj =   2.126969827e+03 inf =   0.000e+00 (9020) 1
*184061: obj =   2.126969827e+03 inf =   0.000e+00 (8968)
*184096: obj =   2.126969827e+03 inf =   0.000e+00 (8992) 1
*184136: obj =   2.126969827e+03 inf =   0.000e+00 (8963)
*184177: obj =   2.126969827e+03 inf =   0.000e+00 (8892)
*184212: obj =   2.126969827e+03 inf =   0.000e+00 (8909) 1
*184252: obj =   2.126969827e+03 inf =   0.000e+00 (8914)
*184292: obj =   2.126969827e+03 inf =   0.000e+00 (8880)
*184327: obj =   2.126969827e+03 inf =   0.000e+00 (8873) 1
*184367: obj =   2.126969827e+03 inf =   0.000e+00 (8888)
*184402: obj =   2.126969827e+03 inf =   0.000e+00 (8872) 1
*184441: obj =   2.126969827e+03 inf =   0.000e+00 (8907)
*184479: obj =   2.126969827e+03 inf =   0.000e+00 (8868)
*184514: obj =   2.126969827e+03 inf =   0.000e+00 (8879) 1
*184553: obj =   2.126969827e+03 inf =   0.000e+00 (8869)
*184592: obj =   2.126969827e+03 inf =   0.000e+00 (8850)
*184627: obj =   2.126969827e+03 inf =   0.000e+00 (8819) 1
*184667: obj =   2.126969827e+03 inf =   0.000e+00 (8843)
*184703: obj =   2.126969827e+03 inf =   0.000e+00 (8877) 1
*184744: obj =   2.126969827e+03 inf =   0.000e+00 (8849)
*184784: obj =   2.126969827e+03 inf =   0.000e+00 (8869)
*184820: obj =   2.126969827e+03 inf =   0.000e+00 (8874) 1
*184860: obj =   2.126969827e+03 inf =   0.000e+00 (8904)
*184900: obj =   2.126969827e+03 inf =   0.000e+00 (8884)
*184936: obj =   2.126969827e+03 inf =   0.000e+00 (8856) 1
*184976: obj =   2.126969827e+03 inf =   0.000e+00 (8870)
*185012: obj =   2.126969827e+03 inf =   0.000e+00 (8859) 1
*185052: obj =   2.126969827e+03 inf =   0.000e+00 (8845)
*185092: obj =   2.126969827e+03 inf =   0.000e+00 (8845)
*185128: obj =   2.126969827e+03 inf =   0.000e+00 (8848) 1
*185169: obj =   2.126969827e+03 inf =   0.000e+00 (8842)
*185205: obj =   2.126969827e+03 inf =   0.000e+00 (8864) 1
*185245: obj =   2.126969827e+03 inf =   0.000e+00 (8862)
*185285: obj =   2.126969827e+03 inf =   0.000e+00 (8877)
*185320: obj =   2.126969827e+03 inf =   0.000e+00 (8872) 1
*185360: obj =   2.126969827e+03 inf =   0.000e+00 (8885)
*185400: obj =   2.126969827e+03 inf =   0.000e+00 (8870)
*185434: obj =   2.126969827e+03 inf =   0.000e+00 (8883) 1
*185474: obj =   2.126969827e+03 inf =   0.000e+00 (8872)
*185509: obj =   2.126969827e+03 inf =   0.000e+00 (8866) 1
*185549: obj =   2.126969827e+03 inf =   0.000e+00 (8930)
*185589: obj =   2.126969827e+03 inf =   0.000e+00 (8899)
*185622: obj =   2.126969827e+03 inf =   0.000e+00 (8938) 1
*185659: obj =   2.126969827e+03 inf =   0.000e+00 (8915)
*185699: obj =   2.126969827e+03 inf =   0.000e+00 (8915)
*185735: obj =   2.126969827e+03 inf =   0.000e+00 (8885) 1
*185776: obj =   2.126969827e+03 inf =   0.000e+00 (8889)
*185812: obj =   2.126969827e+03 inf =   0.000e+00 (8860) 1
*185853: obj =   2.126969827e+03 inf =   0.000e+00 (8839)
*185893: obj =   2.126969827e+03 inf =   0.000e+00 (8856)
*185929: obj =   2.126969827e+03 inf =   0.000e+00 (8853) 1
*185969: obj =   2.126969827e+03 inf =   0.000e+00 (8852)
*186009: obj =   2.126969827e+03 inf =   0.000e+00 (8867)
*186045: obj =   2.126969827e+03 inf =   0.000e+00 (8868) 1
*186085: obj =   2.126969827e+03 inf =   0.000e+00 (8951)
*186120: obj =   2.126969827e+03 inf =   0.000e+00 (8923) 1
*186160: obj =   2.126969827e+03 inf =   0.000e+00 (8933)
*186200: obj =   2.126969827e+03 inf =   0.000e+00 (8932)
*186235: obj =   2.126969827e+03 inf =   0.000e+00 (8963) 1
*186275: obj =   2.126969827e+03 inf =   0.000e+00 (8926)
*186315: obj =   2.126969827e+03 inf =   0.000e+00 (8922)
*186350: obj =   2.126969827e+03 inf =   0.000e+00 (8919) 1
*186390: obj =   2.126969827e+03 inf =   0.000e+00 (8911)
*186425: obj =   2.126969827e+03 inf =   0.000e+00 (8905) 1
*186465: obj =   2.126969827e+03 inf =   0.000e+00 (8942)
*186504: obj =   2.126969827e+03 inf =   0.000e+00 (8890)
*186540: obj =   2.126969827e+03 inf =   0.000e+00 (8882) 1
*186577: obj =   2.088250348e+03 inf =   0.000e+00 (118633)
*186610: obj =   2.088250348e+03 inf =   0.000e+00 (118610)
*186620: obj =   2.088250348e+03 inf =   0.000e+00 (118592) 1
*186652: obj =   2.088250348e+03 inf =   0.000e+00 (118552)
*186684: obj =   2.088250348e+03 inf =   0.000e+00 (118545)
*186717: obj =   2.088250348e+03 inf =   0.000e+00 (118535)
*186721: obj =   2.088250348e+03 inf =   0.000e+00 (118540) 1
*186754: obj =   2.088250348e+03 inf =   0.000e+00 (118521)
*186786: obj =   2.088250348e+03 inf =   0.000e+00 (118541)
*186817: obj =   2.088250348e+03 inf =   0.000e+00 (118540)
*186822: obj =   2.088250348e+03 inf =   0.000e+00 (118533) 1
*186853: obj =   2.088250348e+03 inf =   0.000e+00 (118559)
*186883: obj =   2.088250348e+03 inf =   0.000e+00 (118536)
*186913: obj =   2.088250348e+03 inf =   0.000e+00 (118488)
*186923: obj =   2.088250348e+03 inf =   0.000e+00 (118484) 1
*186955: obj =   2.088250348e+03 inf =   0.000e+00 (118500)
*186987: obj =   2.088250348e+03 inf =   0.000e+00 (118468)
*187019: obj =   2.088250348e+03 inf =   0.000e+00 (118464)
*187024: obj =   2.088250348e+03 inf =   8.327e-17 (118472) 1
*187056: obj =   2.088250348e+03 inf =   6.939e-17 (118455)
*187087: obj =   2.088250347e+03 inf =   1.574e-04 (118435)
*187118: obj =   2.088250347e+03 inf =   3.152e-04 (118435)
*187125: obj =   2.088250347e+03 inf =   3.152e-04 (118418) 1
*187155: obj =   2.088250347e+03 inf =   4.728e-04 (118441)
*187186: obj =   2.088250347e+03 inf =   4.728e-04 (118414)
*187217: obj =   2.088250347e+03 inf =   4.727e-04 (118397)
*187226: obj =   2.088250347e+03 inf =   4.727e-04 (118390) 1
*187257: obj =   2.088250347e+03 inf =   4.726e-04 (118402)
*187288: obj =   2.088250347e+03 inf =   4.725e-04 (118376)
*187319: obj =   2.088250347e+03 inf =   4.724e-04 (118380)
*187327: obj =   2.088250347e+03 inf =   4.724e-04 (118374) 1
*187359: obj =   2.088250347e+03 inf =   4.723e-04 (118349)
*187391: obj =   2.088250347e+03 inf =   4.723e-04 (118346)
*187422: obj =   2.088250347e+03 inf =   4.722e-04 (118337)
*187428: obj =   2.088250347e+03 inf =   4.722e-04 (118332) 1
*187460: obj =   2.088250347e+03 inf =   4.721e-04 (118355)
*187492: obj =   2.088250347e+03 inf =   4.720e-04 (118333)
*187524: obj =   2.088250347e+03 inf =   4.719e-04 (118350)
*187529: obj =   2.088250346e+03 inf =   9.346e-04 (118350) 1
*187562: obj =   2.088250346e+03 inf =   9.345e-04 (118343)
*187595: obj =   2.088250346e+03 inf =   9.343e-04 (118365)
*187628: obj =   2.088250344e+03 inf =   2.389e-03 (118339)
*187630: obj =   2.088250344e+03 inf =   2.389e-03 (118321) 1
*187663: obj =   2.088250344e+03 inf =   2.389e-03 (118325)
*187696: obj =   2.088250339e+03 inf =   5.148e-03 (118321)
*187729: obj =   2.088250333e+03 inf =   9.322e-03 (118322)
*187731: obj =   2.088250333e+03 inf =   9.464e-03 (118309) 1
*187764: obj =   2.088250318e+03 inf =   1.865e-02 (118328)
*187797: obj =   2.088250317e+03 inf =   1.963e-02 (118313)
*187829: obj =   2.088250312e+03 inf =   2.259e-02 (118303)
*187832: obj =   2.088250312e+03 inf =   2.273e-02 (118317) 1
*187864: obj =   2.088250296e+03 inf =   3.244e-02 (118321)
*187897: obj =   2.088250296e+03 inf =   3.243e-02 (118277)
*187929: obj =   2.088250269e+03 inf =   4.848e-02 (118293)
*187933: obj =   2.088250269e+03 inf =   4.848e-02 (118288) 1
*187964: obj =   2.088250256e+03 inf =   5.677e-02 (118246)
*187995: obj =   2.088250256e+03 inf =   5.676e-02 (118282)
*188027: obj =   2.088250215e+03 inf =   7.964e-02 (118250)
*188034: obj =   2.088250214e+03 inf =   8.022e-02 (118271) 1
*188066: obj =   2.088250205e+03 inf =   8.544e-02 (118288)
*188099: obj =   2.088250192e+03 inf =   9.340e-02 (118234)
*188132: obj =   2.088250192e+03 inf =   9.339e-02 (118238)
*188135: obj =   2.088250192e+03 inf =   9.339e-02 (118238) 1
*188168: obj =   2.088250185e+03 inf =   9.708e-02 (118215)
*188200: obj =   2.088250185e+03 inf =   9.707e-02 (118196)
*188231: obj =   2.088250184e+03 inf =   9.778e-02 (118174)
*188236: obj =   2.088250184e+03 inf =   9.778e-02 (118172) 1
*188268: obj =   2.088250166e+03 inf =   1.071e-01 (118192)
*188300: obj =   2.088250166e+03 inf =   1.071e-01 (118201)
*188332: obj =   2.088250165e+03 inf =   1.078e-01 (118204)
*188337: obj =   2.088250165e+03 inf =   1.078e-01 (118189) 1
*188369: obj =   2.088250164e+03 inf =   1.081e-01 (118176)
*188402: obj =   2.088250117e+03 inf =   1.310e-01 (118152)
*188434: obj =   2.088250115e+03 inf =   1.320e-01 (118149)
*188438: obj =   2.088250115e+03 inf =   1.320e-01 (118167) 1
*188470: obj =   2.088250112e+03 inf =   1.332e-01 (118134)
*188501: obj =   2.088250107e+03 inf =   1.355e-01 (118141)
*188532: obj =   2.088250086e+03 inf =   1.460e-01 (118125)
*188539: obj =   2.088250084e+03 inf =   1.472e-01 (118160) 1
*188572: obj =   2.088250079e+03 inf =   1.497e-01 (118107)
*188604: obj =   2.088250048e+03 inf =   1.650e-01 (118088)
*188637: obj =   2.088249939e+03 inf =   2.181e-01 (118099)
*188640: obj =   2.088249939e+03 inf =   2.181e-01 (118097) 1
*188673: obj =   2.088249905e+03 inf =   2.365e-01 (118109)
*188706: obj =   2.088249889e+03 inf =   2.443e-01 (118124)
*188739: obj =   2.088249885e+03 inf =   2.462e-01 (118121)
*188741: obj =   2.088249885e+03 inf =   2.462e-01 (118124) 1
*188774: obj =   2.088249862e+03 inf =   2.580e-01 (118122)
*188806: obj =   2.088249811e+03 inf =   2.839e-01 (118134)
*188839: obj =   2.088249807e+03 inf =   2.861e-01 (118129)
*188843: obj =   2.088249807e+03 inf =   2.861e-01 (118127) 1
*188876: obj =   2.088249785e+03 inf =   2.971e-01 (118126)
*188909: obj =   2.088249730e+03 inf =   3.254e-01 (118132)
*188942: obj =   2.088249720e+03 inf =   3.303e-01 (118117)
*188944: obj =   2.088249720e+03 inf =   3.303e-01 (118122) 1
*188977: obj =   2.088249690e+03 inf =   3.455e-01 (118092)
*189010: obj =   2.088249651e+03 inf =   3.657e-01 (118107)
*189043: obj =   2.088249637e+03 inf =   3.725e-01 (118073)
*189045: obj =   2.088249636e+03 inf =   3.726e-01 (118069) 1
*189078: obj =   2.088249633e+03 inf =   3.745e-01 (118072)
*189111: obj =   2.088249613e+03 inf =   3.843e-01 (118105)
*189143: obj =   2.088249608e+03 inf =   3.867e-01 (118070)
*189146: obj =   2.088249608e+03 inf =   3.867e-01 (118073) 1
*189178: obj =   2.088249600e+03 inf =   3.908e-01 (118063)
*189210: obj =   2.088249597e+03 inf =   3.918e-01 (118089)
*189243: obj =   2.088249557e+03 inf =   4.117e-01 (118075)
*189247: obj =   2.088249557e+03 inf =   4.117e-01 (118099) 1
*189279: obj =   2.088249556e+03 inf =   4.124e-01 (118076)
*189312: obj =   2.088249556e+03 inf =   4.123e-01 (118082)
*189345: obj =   2.088249528e+03 inf =   4.260e-01 (118116)
*189348: obj =   2.088249528e+03 inf =   4.260e-01 (118109) 1
*189383: obj =   2.088249525e+03 inf =   4.273e-01 (118113)
*189416: obj =   2.088249525e+03 inf =   4.273e-01 (118061)
*189449: obj =   2.088249499e+03 inf =   4.399e-01 (118100) 1
*189481: obj =   2.088249414e+03 inf =   4.805e-01 (118104)
*189513: obj =   2.088249399e+03 inf =   4.880e-01 (118087)
*189546: obj =   2.088249384e+03 inf =   4.950e-01 (118084)
*189550: obj =   2.088249378e+03 inf =   4.977e-01 (118081) 1
*189583: obj =   2.088249378e+03 inf =   4.978e-01 (118074)
*189616: obj =   2.088249344e+03 inf =   5.137e-01 (118049)
*189649: obj =   2.088249288e+03 inf =   5.404e-01 (118054)
*189651: obj =   2.088249288e+03 inf =   5.404e-01 (118056) 1
*189683: obj =   2.088249283e+03 inf =   5.426e-01 (118056)
*189716: obj =   2.088249280e+03 inf =   5.441e-01 (118098)
*189748: obj =   2.088249200e+03 inf =   5.818e-01 (118066)
*189752: obj =   2.088249200e+03 inf =   5.818e-01 (118051) 1
*189785: obj =   2.088249193e+03 inf =   5.850e-01 (118031)
*189818: obj =   2.088249118e+03 inf =   6.204e-01 (118031)
*189851: obj =   2.088249115e+03 inf =   6.219e-01 (117998)
*189853: obj =   2.088249114e+03 inf =   6.223e-01 (117998) 1
*189886: obj =   2.088249111e+03 inf =   6.235e-01 (117986)
*189919: obj =   2.088249111e+03 inf =   6.238e-01 (117979)
*189952: obj =   2.088249073e+03 inf =   6.415e-01 (117984)
*189954: obj =   2.088249073e+03 inf =   6.415e-01 (117975) 1
*189987: obj =   2.088249058e+03 inf =   6.486e-01 (117997)
*190020: obj =   2.088249037e+03 inf =   6.583e-01 (117979)
*190053: obj =   2.088249018e+03 inf =   6.677e-01 (117985)
*190055: obj =   2.088249018e+03 inf =   6.677e-01 (117962) 1
*190088: obj =   2.088248986e+03 inf =   6.825e-01 (117974)
*190121: obj =   2.088248986e+03 inf =   6.825e-01 (117980)
*190153: obj =   2.088248982e+03 inf =   6.840e-01 (117962)
*190156: obj =   2.088248982e+03 inf =   6.840e-01 (117962) 1
*190189: obj =   2.088248982e+03 inf =   6.839e-01 (117966)
*190222: obj =   2.088248948e+03 inf =   6.997e-01 (117943)
*190255: obj =   2.088248940e+03 inf =   7.036e-01 (117924)
*190257: obj =   2.088248940e+03 inf =   7.036e-01 (117925) 1
*190290: obj =   2.088248938e+03 inf =   7.042e-01 (117933)
*190323: obj =   2.088248931e+03 inf =   7.074e-01 (117921)
*190356: obj =   2.088248925e+03 inf =   7.099e-01 (117898)
*190358: obj =   2.088248925e+03 inf =   7.099e-01 (117909) 1
*190390: obj =   2.088248878e+03 inf =   7.318e-01 (117899)
*190422: obj =   2.088248860e+03 inf =   7.400e-01 (117918)
*190453: obj =   2.088248854e+03 inf =   7.429e-01 (117906)
*190459: obj =   2.088248854e+03 inf =   7.429e-01 (117890) 1
*190492: obj =   2.088248848e+03 inf =   7.452e-01 (117883)
*190525: obj =   2.088248847e+03 inf =   7.457e-01 (117882)
*190558: obj =   2.088248787e+03 inf =   7.735e-01 (117883)
*190560: obj =   2.088248787e+03 inf =   7.735e-01 (117877) 1
*190593: obj =   2.088248782e+03 inf =   7.758e-01 (117895)
*190626: obj =   2.088248779e+03 inf =   7.774e-01 (117896)
*190659: obj =   2.088248757e+03 inf =   7.873e-01 (117904)
*190661: obj =   2.088248757e+03 inf =   7.873e-01 (117894) 1
*190693: obj =   2.088248756e+03 inf =   7.877e-01 (117896)
*190725: obj =   2.088248749e+03 inf =   7.913e-01 (117874)
*190757: obj =   2.088248696e+03 inf =   8.162e-01 (117872)
*190762: obj =   2.088248696e+03 inf =   8.162e-01 (117848) 1
*190795: obj =   2.088248666e+03 inf =   8.305e-01 (117840)
*190828: obj =   2.088248645e+03 inf =   8.399e-01 (117820)
*190861: obj =   2.088248613e+03 inf =   8.549e-01 (117838)
*190863: obj =   2.088248613e+03 inf =   8.549e-01 (117847) 1
*190896: obj =   2.088248593e+03 inf =   8.642e-01 (117820)
*190926: obj =   2.088248573e+03 inf =   8.738e-01 (117833)
*190957: obj =   2.088248543e+03 inf =   8.880e-01 (117810)
*190964: obj =   2.088248536e+03 inf =   8.910e-01 (117804) 1
*190995: obj =   2.088248521e+03 inf =   8.978e-01 (117807)
*191026: obj =   2.088248508e+03 inf =   9.037e-01 (117819)
*191059: obj =   2.088248475e+03 inf =   9.194e-01 (117821)
*191065: obj =   2.088248474e+03 inf =   9.199e-01 (117823) 1
*191097: obj =   2.088248458e+03 inf =   9.272e-01 (117836)
*191129: obj =   2.088248403e+03 inf =   9.533e-01 (117831)
*191161: obj =   2.088248343e+03 inf =   9.813e-01 (117806)
*191166: obj =   2.088248340e+03 inf =   9.830e-01 (117808) 1
*191198: obj =   2.088248328e+03 inf =   9.884e-01 (117816)
*191231: obj =   2.088248321e+03 inf =   9.915e-01 (117840)
*191263: obj =   2.088248312e+03 inf =   9.954e-01 (117803)
*191267: obj =   2.088248312e+03 inf =   9.955e-01 (117808) 1
*191299: obj =   2.088248299e+03 inf =   1.002e+00 (117796)
*191331: obj =   2.088248271e+03 inf =   1.014e+00 (117775)
*191364: obj =   2.088248271e+03 inf =   1.014e+00 (117789)
*191368: obj =   2.088248271e+03 inf =   1.014e+00 (117763) 1
*191400: obj =   2.088248254e+03 inf =   1.022e+00 (117762)
*191432: obj =   2.088248159e+03 inf =   1.067e+00 (117759)
*191463: obj =   2.088248157e+03 inf =   1.068e+00 (117761)
*191469: obj =   2.088248157e+03 inf =   1.068e+00 (117752) 1
*191502: obj =   2.088248126e+03 inf =   1.082e+00 (117749)
*191535: obj =   2.088248092e+03 inf =   1.098e+00 (117753)
*191568: obj =   2.088248087e+03 inf =   1.100e+00 (117720)
*191570: obj =   2.088248087e+03 inf =   1.100e+00 (117730) 1
*191603: obj =   2.088248078e+03 inf =   1.105e+00 (117715)
*191636: obj =   2.088248077e+03 inf =   1.105e+00 (117716)
*191669: obj =   2.088247987e+03 inf =   1.147e+00 (117712)
*191671: obj =   2.088247976e+03 inf =   1.153e+00 (117698) 1
*191704: obj =   2.088247976e+03 inf =   1.153e+00 (117703)
*191736: obj =   2.088247951e+03 inf =   1.164e+00 (117693)
*191769: obj =   2.088247910e+03 inf =   1.183e+00 (117694)
*191772: obj =   2.088247898e+03 inf =   1.189e+00 (117689) 1
*191805: obj =   2.088247897e+03 inf =   1.189e+00 (117694)
*191837: obj =   2.088247882e+03 inf =   1.197e+00 (117677)
*191869: obj =   2.088247825e+03 inf =   1.224e+00 (117677)
*191873: obj =   2.088247825e+03 inf =   1.224e+00 (117671) 1
*191905: obj =   2.088247807e+03 inf =   1.232e+00 (117665)
*191937: obj =   2.088247797e+03 inf =   1.237e+00 (117665)
*191969: obj =   2.088247751e+03 inf =   1.258e+00 (117618)
*191974: obj =   2.088247751e+03 inf =   1.259e+00 (117619) 1
*192006: obj =   2.088247737e+03 inf =   1.265e+00 (117646)
*192038: obj =   2.088247736e+03 inf =   1.265e+00 (117653)
*192070: obj =   2.088247716e+03 inf =   1.275e+00 (117653)
*192075: obj =   2.088247703e+03 inf =   1.281e+00 (117646) 1
*192108: obj =   2.088247702e+03 inf =   1.281e+00 (117650)
*192141: obj =   2.088247689e+03 inf =   1.288e+00 (117633)
*192174: obj =   2.088247689e+03 inf =   1.287e+00 (117651)
*192176: obj =   2.088247689e+03 inf =   1.287e+00 (117638) 1
*192209: obj =   2.088247681e+03 inf =   1.291e+00 (117612)
*192242: obj =   2.088247656e+03 inf =   1.303e+00 (117595)
*192275: obj =   2.088247655e+03 inf =   1.303e+00 (117609)
*192277: obj =   2.088247655e+03 inf =   1.303e+00 (117598) 1
*192309: obj =   2.088247653e+03 inf =   1.304e+00 (117599)
*192342: obj =   2.088247650e+03 inf =   1.305e+00 (117603)
*192375: obj =   2.088247621e+03 inf =   1.319e+00 (117581)
*192378: obj =   2.088247621e+03 inf =   1.319e+00 (117585) 1
*192410: obj =   2.088247618e+03 inf =   1.320e+00 (117576)
*192442: obj =   2.088247618e+03 inf =   1.320e+00 (117558)
*192474: obj =   2.088247606e+03 inf =   1.325e+00 (117579)
*192479: obj =   2.088247606e+03 inf =   1.325e+00 (117554) 1
*192512: obj =   2.088247578e+03 inf =   1.339e+00 (117541)
*192545: obj =   2.088247578e+03 inf =   1.339e+00 (117530)
*192578: obj =   2.088247562e+03 inf =   1.346e+00 (117559)
*192580: obj =   2.088247555e+03 inf =   1.349e+00 (117554) 1
*192613: obj =   2.088247524e+03 inf =   1.364e+00 (117551)
*192646: obj =   2.088247522e+03 inf =   1.365e+00 (117535)
*192679: obj =   2.088247520e+03 inf =   1.366e+00 (117541)
*192681: obj =   2.088247520e+03 inf =   1.366e+00 (117543) 1
*192713: obj =   2.088247520e+03 inf =   1.366e+00 (117518)
*192746: obj =   2.088247418e+03 inf =   1.415e+00 (117531)
*192779: obj =   2.088247405e+03 inf =   1.421e+00 (117511)
*192782: obj =   2.088247405e+03 inf =   1.421e+00 (117509) 1
*192815: obj =   2.088247404e+03 inf =   1.421e+00 (117496)
*192848: obj =   2.088247402e+03 inf =   1.422e+00 (117452)
*192881: obj =   2.088247369e+03 inf =   1.438e+00 (117478)
*192883: obj =   2.088247369e+03 inf =   1.438e+00 (117482) 1
*192916: obj =   2.088247342e+03 inf =   1.451e+00 (117504)
*192949: obj =   2.088247311e+03 inf =   1.466e+00 (117526)
*192981: obj =   2.088247284e+03 inf =   1.479e+00 (117492)
*192984: obj =   2.088247284e+03 inf =   1.479e+00 (117512) 1
*193017: obj =   2.088247266e+03 inf =   1.487e+00 (117487)
*193049: obj =   2.088247243e+03 inf =   1.498e+00 (117516)
*193080: obj =   2.088247223e+03 inf =   1.508e+00 (117494)
*193085: obj =   2.088247220e+03 inf =   1.509e+00 (117492) 1
*193118: obj =   2.088247212e+03 inf =   1.514e+00 (117518)
*193151: obj =   2.088247203e+03 inf =   1.518e+00 (117504)
*193184: obj =   2.088247195e+03 inf =   1.521e+00 (117503)
*193186: obj =   2.088247195e+03 inf =   1.521e+00 (117504) 1
*193219: obj =   2.088247159e+03 inf =   1.538e+00 (117512)
*193252: obj =   2.088247152e+03 inf =   1.542e+00 (117505)
*193285: obj =   2.088247118e+03 inf =   1.558e+00 (117501)
*193287: obj =   2.088247118e+03 inf =   1.558e+00 (117489) 1
*193319: obj =   2.088247046e+03 inf =   1.593e+00 (117510)
*193352: obj =   2.088246999e+03 inf =   1.616e+00 (117497)
*193385: obj =   2.088246998e+03 inf =   1.616e+00 (117493)
*193388: obj =   2.088246998e+03 inf =   1.616e+00 (117486) 1
*193421: obj =   2.088246998e+03 inf =   1.615e+00 (117457)
*193454: obj =   2.088246998e+03 inf =   1.615e+00 (117477)
*193486: obj =   2.088246985e+03 inf =   1.621e+00 (117471)
*193489: obj =   2.088246982e+03 inf =   1.623e+00 (117461) 1
*193522: obj =   2.088246969e+03 inf =   1.629e+00 (117450)
*193555: obj =   2.088246902e+03 inf =   1.662e+00 (117478)
*193588: obj =   2.088246848e+03 inf =   1.688e+00 (117458)
*193590: obj =   2.088246848e+03 inf =   1.688e+00 (117459) 1
*193624: obj =   2.088246808e+03 inf =   1.707e+00 (117452)
*193658: obj =   2.088246755e+03 inf =   1.733e+00 (117466)
*193691: obj =   2.088246732e+03 inf =   1.744e+00 (117450) 1
*193724: obj =   2.088246712e+03 inf =   1.754e+00 (117441)
*193757: obj =   2.088246712e+03 inf =   1.753e+00 (117439)
*193790: obj =   2.088246683e+03 inf =   1.767e+00 (117432)
*193792: obj =   2.088246683e+03 inf =   1.767e+00 (117417) 1
*193826: obj =   2.088246656e+03 inf =   1.781e+00 (117404)
*193860: obj =   2.088246648e+03 inf =   1.784e+00 (117397)
*193893: obj =   2.088246639e+03 inf =   1.788e+00 (117375) 1
*193927: obj =   2.088246543e+03 inf =   1.835e+00 (117355)
*193961: obj =   2.088246498e+03 inf =   1.856e+00 (117371)
*193994: obj =   2.088246498e+03 inf =   1.856e+00 (117383) 1
*194027: obj =   2.088246498e+03 inf =   1.856e+00 (117393)
*194060: obj =   2.088246487e+03 inf =   1.861e+00 (117377)
*194093: obj =   2.088246445e+03 inf =   1.881e+00 (117366)
*194095: obj =   2.088246445e+03 inf =   1.881e+00 (117382) 1
*194128: obj =   2.088246427e+03 inf =   1.890e+00 (117369)
*194161: obj =   2.088246409e+03 inf =   1.898e+00 (117367)
*194194: obj =   2.088246401e+03 inf =   1.902e+00 (117348)
*194196: obj =   2.088246401e+03 inf =   1.902e+00 (117359) 1
*194229: obj =   2.088246395e+03 inf =   1.905e+00 (117373)
*194263: obj =   2.088246395e+03 inf =   1.905e+00 (117355)
*194297: obj =   2.088246372e+03 inf =   1.916e+00 (117335) 1
*194330: obj =   2.088246359e+03 inf =   1.922e+00 (117341)
*194363: obj =   2.088246341e+03 inf =   1.930e+00 (117328)
*194396: obj =   2.088246325e+03 inf =   1.938e+00 (117341)
*194398: obj =   2.088246325e+03 inf =   1.938e+00 (117340) 1
*194431: obj =   2.088246309e+03 inf =   1.946e+00 (117330)
*194464: obj =   2.088246273e+03 inf =   1.963e+00 (117328)
*194498: obj =   2.088246258e+03 inf =   1.970e+00 (117284)
*194499: obj =   2.088246257e+03 inf =   1.970e+00 (117299) 1
*194533: obj =   2.088246246e+03 inf =   1.976e+00 (117277)
*194567: obj =   2.088246218e+03 inf =   1.989e+00 (117294)
*194600: obj =   2.088246196e+03 inf =   1.999e+00 (117292) 1
*194632: obj =   2.088246170e+03 inf =   2.012e+00 (117277)
*194666: obj =   2.088246149e+03 inf =   2.022e+00 (117280)
*194700: obj =   2.088246113e+03 inf =   2.039e+00 (117255)
*194701: obj =   2.088246113e+03 inf =   2.039e+00 (117243) 1
*194735: obj =   2.088246075e+03 inf =   2.057e+00 (117244)
*194769: obj =   2.088246066e+03 inf =   2.062e+00 (117235)
*194802: obj =   2.088246057e+03 inf =   2.066e+00 (117238) 1
*194836: obj =   2.088246033e+03 inf =   2.077e+00 (117228)
*194870: obj =   2.088246021e+03 inf =   2.082e+00 (117223)
*194903: obj =   2.088245990e+03 inf =   2.097e+00 (117221) 1
*194937: obj =   2.088245990e+03 inf =   2.097e+00 (117212)
*194971: obj =   2.088245979e+03 inf =   2.102e+00 (117216)
*195004: obj =   2.088245967e+03 inf =   2.107e+00 (117220) 1
*195038: obj =   2.088245947e+03 inf =   2.117e+00 (117205)
*195072: obj =   2.088245946e+03 inf =   2.117e+00 (117225)
*195105: obj =   2.088245916e+03 inf =   2.131e+00 (117199) 1
*195139: obj =   2.088245895e+03 inf =   2.141e+00 (117182)
*195173: obj =   2.088245894e+03 inf =   2.141e+00 (117167)
*195206: obj =   2.088245874e+03 inf =   2.150e+00 (117171) 1
*195240: obj =   2.088245871e+03 inf =   2.152e+00 (117166)
*195275: obj =   2.088245869e+03 inf =   2.152e+00 (117159)
*195307: obj =   2.088245869e+03 inf =   2.152e+00 (117171) 1
*195341: obj =   2.088245851e+03 inf =   2.160e+00 (117152)
*195375: obj =   2.088245820e+03 inf =   2.175e+00 (117147)
*195408: obj =   2.088245801e+03 inf =   2.184e+00 (117146) 1
*195442: obj =   2.088245800e+03 inf =   2.184e+00 (117173)
*195476: obj =   2.088245799e+03 inf =   2.184e+00 (117173)
*195509: obj =   2.088245764e+03 inf =   2.200e+00 (117144) 1
*195544: obj =   2.088245747e+03 inf =   2.208e+00 (117133)
*195579: obj =   2.088245720e+03 inf =   2.220e+00 (117146)
*195610: obj =   2.088245694e+03 inf =   2.232e+00 (117143) 1
*195644: obj =   2.088245639e+03 inf =   2.258e+00 (117133)
*195679: obj =   2.088245627e+03 inf =   2.264e+00 (117128)
*195711: obj =   2.088245606e+03 inf =   2.274e+00 (117142) 1
*195746: obj =   2.088245561e+03 inf =   2.295e+00 (117119)
*195780: obj =   2.088245555e+03 inf =   2.298e+00 (117124)
*195812: obj =   2.088245513e+03 inf =   2.317e+00 (117117) 1
*195846: obj =   2.088245467e+03 inf =   2.339e+00 (117083)
*195880: obj =   2.088245423e+03 inf =   2.359e+00 (117077)
*195913: obj =   2.088245410e+03 inf =   2.365e+00 (117092) 1
*195947: obj =   2.088245368e+03 inf =   2.385e+00 (117108)
*195981: obj =   2.088245368e+03 inf =   2.385e+00 (117085)
*196014: obj =   2.088245368e+03 inf =   2.385e+00 (117087) 1
*196049: obj =   2.088245341e+03 inf =   2.398e+00 (117070)
*196083: obj =   2.088245330e+03 inf =   2.403e+00 (117073)
*196115: obj =   2.088245325e+03 inf =   2.405e+00 (117080) 1
*196149: obj =   2.088245325e+03 inf =   2.405e+00 (117098)
*196183: obj =   2.088245310e+03 inf =   2.412e+00 (117065)
*196216: obj =   2.088245248e+03 inf =   2.442e+00 (117063) 1
*196250: obj =   2.088245241e+03 inf =   2.445e+00 (117030)
*196285: obj =   2.088245221e+03 inf =   2.455e+00 (117016)
*196317: obj =   2.088245218e+03 inf =   2.456e+00 (116997) 1
*196352: obj =   2.088245218e+03 inf =   2.456e+00 (116973)
*196387: obj =   2.088245202e+03 inf =   2.463e+00 (116997)
*196418: obj =   2.088245192e+03 inf =   2.468e+00 (116975) 1
*196453: obj =   2.088245192e+03 inf =   2.468e+00 (116977)
*196488: obj =   2.088245174e+03 inf =   2.476e+00 (116952)
*196519: obj =   2.088245165e+03 inf =   2.480e+00 (116939) 1
*196554: obj =   2.088245149e+03 inf =   2.488e+00 (116924)
*196589: obj =   2.088245093e+03 inf =   2.514e+00 (116930)
*196620: obj =   2.088245058e+03 inf =   2.531e+00 (116936) 1
*196654: obj =   2.088245042e+03 inf =   2.538e+00 (116955)
*196688: obj =   2.088245029e+03 inf =   2.544e+00 (116976)
*196721: obj =   2.088244996e+03 inf =   2.560e+00 (116957) 1
*196755: obj =   2.088244973e+03 inf =   2.571e+00 (116966)
*196789: obj =   2.088244956e+03 inf =   2.578e+00 (116966)
*196822: obj =   2.088244941e+03 inf =   2.585e+00 (116939) 1
*196856: obj =   2.088244938e+03 inf =   2.587e+00 (116960)
*196889: obj =   2.088244938e+03 inf =   2.587e+00 (116981)
*196922: obj =   2.088244936e+03 inf =   2.587e+00 (116976)
*196923: obj =   2.088244936e+03 inf =   2.587e+00 (116968) 1
*196958: obj =   2.088244928e+03 inf =   2.591e+00 (116997)
*196993: obj =   2.088244905e+03 inf =   2.602e+00 (116980)
*197024: obj =   2.088244869e+03 inf =   2.618e+00 (117000) 1
*197059: obj =   2.088244866e+03 inf =   2.619e+00 (116963)
*197094: obj =   2.088244857e+03 inf =   2.624e+00 (116927)
*197125: obj =   2.088244839e+03 inf =   2.632e+00 (116899) 1
*197159: obj =   2.088244824e+03 inf =   2.639e+00 (116910)
*197191: obj =   2.088244820e+03 inf =   2.641e+00 (116901)
*197226: obj =   2.088244805e+03 inf =   2.648e+00 (116880) 1
*197261: obj =   2.088244788e+03 inf =   2.656e+00 (116889)
*197296: obj =   2.088244786e+03 inf =   2.657e+00 (116866)
*197327: obj =   2.088244772e+03 inf =   2.663e+00 (116883) 1
*197362: obj =   2.088244760e+03 inf =   2.669e+00 (116870)
*197397: obj =   2.088244754e+03 inf =   2.672e+00 (116880)
*197428: obj =   2.088244752e+03 inf =   2.672e+00 (116860) 1
*197462: obj =   2.088244722e+03 inf =   2.687e+00 (116859)
*197496: obj =   2.088244720e+03 inf =   2.687e+00 (116831)
*197529: obj =   2.088244681e+03 inf =   2.705e+00 (116833) 1
*197563: obj =   2.088244624e+03 inf =   2.732e+00 (116797)
*197598: obj =   2.088244608e+03 inf =   2.739e+00 (116812)
*197630: obj =   2.088244605e+03 inf =   2.741e+00 (116812) 1
*197665: obj =   2.088244602e+03 inf =   2.742e+00 (116793)
*197700: obj =   2.088244553e+03 inf =   2.764e+00 (116810)
*197731: obj =   2.088244527e+03 inf =   2.774e+00 (116780) 1
*197766: obj =   2.088244526e+03 inf =   2.775e+00 (116787)
*197801: obj =   2.088244491e+03 inf =   2.791e+00 (116787)
*197832: obj =   2.088244476e+03 inf =   2.797e+00 (116799) 1
*197865: obj =   2.088244407e+03 inf =   2.824e+00 (116786)
*197899: obj =   2.088244393e+03 inf =   2.830e+00 (116749)
*197933: obj =   2.088244372e+03 inf =   2.841e+00 (116748) 1
*197968: obj =   2.088244362e+03 inf =   2.845e+00 (116728)
*198003: obj =   2.088244355e+03 inf =   2.848e+00 (116734)
*198034: obj =   2.088244355e+03 inf =   2.849e+00 (116732) 1
*198069: obj =   2.088244355e+03 inf =   2.848e+00 (116724)
*198105: obj =   2.088244353e+03 inf =   2.849e+00 (116713)
*198135: obj =   2.088244338e+03 inf =   2.856e+00 (116693) 1
*198169: obj =   2.088244311e+03 inf =   2.869e+00 (116701)
*198202: obj =   2.088244311e+03 inf =   2.868e+00 (116695)
*198235: obj =   2.088244311e+03 inf =   2.868e+00 (116688)
*198236: obj =   2.088244311e+03 inf =   2.868e+00 (116683) 1
*198270: obj =   2.088244293e+03 inf =   2.876e+00 (116701)
*198305: obj =   2.088244277e+03 inf =   2.884e+00 (116693)
*198337: obj =   2.088244277e+03 inf =   2.884e+00 (116699) 1
*198372: obj =   2.088244274e+03 inf =   2.885e+00 (116684)
*198407: obj =   2.088244274e+03 inf =   2.885e+00 (116651)
*198438: obj =   2.088244274e+03 inf =   2.884e+00 (116658) 1
*198472: obj =   2.088244256e+03 inf =   2.893e+00 (116655)
*198506: obj =   2.088244247e+03 inf =   2.897e+00 (116678)
*198539: obj =   2.088244208e+03 inf =   2.917e+00 (116655) 1
*198574: obj =   2.088244189e+03 inf =   2.926e+00 (116644)
*198608: obj =   2.088244171e+03 inf =   2.935e+00 (116632)
*198640: obj =   2.088244171e+03 inf =   2.934e+00 (116659) 1
*198675: obj =   2.088244170e+03 inf =   2.934e+00 (116644)
*198709: obj =   2.088244150e+03 inf =   2.943e+00 (116636)
*198741: obj =   2.088244077e+03 inf =   2.973e+00 (116650) 1
*198774: obj =   2.088244063e+03 inf =   2.979e+00 (116650)
*198807: obj =   2.088244046e+03 inf =   2.986e+00 (116641)
*198841: obj =   2.088244040e+03 inf =   2.989e+00 (116646)
*198842: obj =   2.088244040e+03 inf =   2.989e+00 (116640) 1
*198876: obj =   2.088244031e+03 inf =   2.993e+00 (116666)
*198911: obj =   2.088244031e+03 inf =   2.993e+00 (116647)
*198943: obj =   2.088244007e+03 inf =   3.002e+00 (116650) 1
*198976: obj =   2.088243966e+03 inf =   3.018e+00 (116625)
*199009: obj =   2.088243906e+03 inf =   3.041e+00 (116633)
*199042: obj =   2.088243906e+03 inf =   3.041e+00 (116640)
*199044: obj =   2.088243906e+03 inf =   3.041e+00 (116634) 1
*199077: obj =   2.088243904e+03 inf =   3.042e+00 (116647)
*199111: obj =   2.088243822e+03 inf =   3.073e+00 (116634)
*199144: obj =   2.088243781e+03 inf =   3.090e+00 (116646)
*199145: obj =   2.088243781e+03 inf =   3.090e+00 (116633) 1
*199178: obj =   2.088243757e+03 inf =   3.100e+00 (116626)
*199212: obj =   2.088243757e+03 inf =   3.100e+00 (116594)
*199246: obj =   2.088243749e+03 inf =   3.103e+00 (116577) 1
*199281: obj =   2.088243748e+03 inf =   3.103e+00 (116559)
*199316: obj =   2.088243702e+03 inf =   3.123e+00 (116559)
*199347: obj =   2.088243612e+03 inf =   3.158e+00 (116539) 1
*199380: obj =   2.088243601e+03 inf =   3.163e+00 (116536)
*199414: obj =   2.088243596e+03 inf =   3.165e+00 (116546)
*199448: obj =   2.088243592e+03 inf =   3.166e+00 (116532) 1
*199483: obj =   2.088243592e+03 inf =   3.166e+00 (116526)
*199518: obj =   2.088243589e+03 inf =   3.167e+00 (116515)
*199549: obj =   2.088243589e+03 inf =   3.167e+00 (116527) 1
*199584: obj =   2.088243548e+03 inf =   3.183e+00 (116511)
*199618: obj =   2.088243532e+03 inf =   3.190e+00 (116485)
*199650: obj =   2.088243517e+03 inf =   3.196e+00 (116493) 1
*199685: obj =   2.088243492e+03 inf =   3.207e+00 (116473)
*199720: obj =   2.088243484e+03 inf =   3.210e+00 (116452)
*199751: obj =   2.088243463e+03 inf =   3.219e+00 (116459) 1
*199784: obj =   2.088243429e+03 inf =   3.232e+00 (116447)
*199818: obj =   2.088243429e+03 inf =   3.231e+00 (116463)
*199851: obj =   2.088243408e+03 inf =   3.239e+00 (116455)
*199852: obj =   2.088243408e+03 inf =   3.239e+00 (116454) 1
*199885: obj =   2.088243281e+03 inf =   3.287e+00 (116468)
*199918: obj =   2.088243238e+03 inf =   3.304e+00 (116468)
*199952: obj =   2.088243220e+03 inf =   3.311e+00 (116452)
*199953: obj =   2.088243220e+03 inf =   3.311e+00 (116449) 1
*199987: obj =   2.088243196e+03 inf =   3.320e+00 (116437)
*200021: obj =   2.088243123e+03 inf =   3.349e+00 (116410)
*200054: obj =   2.088243116e+03 inf =   3.352e+00 (116413) 1
*200088: obj =   2.088243116e+03 inf =   3.352e+00 (116409)
*200121: obj =   2.088243043e+03 inf =   3.380e+00 (116435)
*200153: obj =   2.088243011e+03 inf =   3.391e+00 (116410)
*200155: obj =   2.088243008e+03 inf =   3.392e+00 (116416) 1
*200188: obj =   2.088242996e+03 inf =   3.396e+00 (116412)
*200220: obj =   2.088242995e+03 inf =   3.397e+00 (116404)
*200252: obj =   2.088242970e+03 inf =   3.406e+00 (116376)
*200256: obj =   2.088242970e+03 inf =   3.406e+00 (116374) 1
*200289: obj =   2.088242938e+03 inf =   3.418e+00 (116382)
*200322: obj =   2.088242888e+03 inf =   3.438e+00 (116399)
*200356: obj =   2.088242883e+03 inf =   3.440e+00 (116386)
*200357: obj =   2.088242883e+03 inf =   3.440e+00 (116383) 1
*200391: obj =   2.088242878e+03 inf =   3.442e+00 (116390)
*200424: obj =   2.088242873e+03 inf =   3.444e+00 (116378)
*200457: obj =   2.088242868e+03 inf =   3.446e+00 (116381)
*200458: obj =   2.088242868e+03 inf =   3.446e+00 (116378) 1
*200492: obj =   2.088242868e+03 inf =   3.446e+00 (116372)
*200526: obj =   2.088242838e+03 inf =   3.458e+00 (116380)
*200559: obj =   2.088242830e+03 inf =   3.461e+00 (116371) 1
*200593: obj =   2.088242826e+03 inf =   3.463e+00 (116361)
*200627: obj =   2.088242784e+03 inf =   3.480e+00 (116357)
*200660: obj =   2.088242741e+03 inf =   3.497e+00 (116360) 1
*200694: obj =   2.088242679e+03 inf =   3.523e+00 (116345)
*200728: obj =   2.088242568e+03 inf =   3.567e+00 (116355)
*200761: obj =   2.088242566e+03 inf =   3.567e+00 (116365) 1
*200795: obj =   2.088242565e+03 inf =   3.567e+00 (116337)
*200829: obj =   2.088242541e+03 inf =   3.577e+00 (116337)
*200862: obj =   2.088242539e+03 inf =   3.578e+00 (116349) 1
*200898: obj =   2.088242529e+03 inf =   3.582e+00 (116320)
*200934: obj =   2.088242508e+03 inf =   3.593e+00 (116326)
*200964: obj =   2.088242490e+03 inf =   3.601e+00 (116313) 1
*200998: obj =   2.088242489e+03 inf =   3.601e+00 (116296)
*201032: obj =   2.088242488e+03 inf =   3.601e+00 (116289)
*201065: obj =   2.088242488e+03 inf =   3.601e+00 (116275) 1
*201100: obj =   2.088242484e+03 inf =   3.602e+00 (116262)
*201136: obj =   2.088242481e+03 inf =   3.604e+00 (116296)
*201167: obj =   2.088242481e+03 inf =   3.604e+00 (116293) 1
*201202: obj =   2.088242476e+03 inf =   3.606e+00 (116303)
*201236: obj =   2.088242470e+03 inf =   3.608e+00 (116308)
*201268: obj =   2.088242470e+03 inf =   3.608e+00 (116300) 1
*201302: obj =   2.088242442e+03 inf =   3.619e+00 (116289)
*201336: obj =   2.088242429e+03 inf =   3.623e+00 (116291)
*201369: obj =   2.088242400e+03 inf =   3.634e+00 (116285) 1
*201402: obj =   2.088242400e+03 inf =   3.634e+00 (116286)
*201436: obj =   2.088242389e+03 inf =   3.638e+00 (116294)
*201470: obj =   2.088242386e+03 inf =   3.639e+00 (116303) 1
*201506: obj =   2.088242386e+03 inf =   3.639e+00 (116286)
*201542: obj =   2.088242386e+03 inf =   3.638e+00 (116277)
*201571: obj =   2.088242365e+03 inf =   3.647e+00 (116281) 1
*201606: obj =   2.088242327e+03 inf =   3.664e+00 (116276)
*201640: obj =   2.088242288e+03 inf =   3.680e+00 (116277)
*201672: obj =   2.088242281e+03 inf =   3.684e+00 (116271) 1
*201707: obj =   2.088242248e+03 inf =   3.699e+00 (116260)
*201741: obj =   2.088242219e+03 inf =   3.711e+00 (116255)
*201773: obj =   2.088242193e+03 inf =   3.721e+00 (116249) 1
*201807: obj =   2.088242193e+03 inf =   3.721e+00 (116253)
*201843: obj =   2.088242183e+03 inf =   3.726e+00 (116260)
*201874: obj =   2.088242183e+03 inf =   3.726e+00 (116261) 1
*201910: obj =   2.088242183e+03 inf =   3.725e+00 (116243)
*201946: obj =   2.088242172e+03 inf =   3.731e+00 (116245)
*201975: obj =   2.088242166e+03 inf =   3.734e+00 (116237) 1
*202011: obj =   2.088242165e+03 inf =   3.734e+00 (116241)
*202047: obj =   2.088242165e+03 inf =   3.733e+00 (116234)
*202076: obj =   2.088242163e+03 inf =   3.734e+00 (116246) 1
*202112: obj =   2.088242163e+03 inf =   3.734e+00 (116246)
*202148: obj =   2.088242147e+03 inf =   3.741e+00 (116251)
*202177: obj =   2.088242140e+03 inf =   3.744e+00 (116233) 1
*202214: obj =   2.088242137e+03 inf =   3.746e+00 (116221)
*202250: obj =   2.088242137e+03 inf =   3.745e+00 (116228)
*202278: obj =   2.088242137e+03 inf =   3.745e+00 (116241) 1
*202315: obj =   2.088242124e+03 inf =   3.752e+00 (116252)
*202351: obj =   2.088242115e+03 inf =   3.756e+00 (116231)
*202379: obj =   2.088242115e+03 inf =   3.755e+00 (116248) 1
*202416: obj =   2.088242115e+03 inf =   3.755e+00 (116234)
*202453: obj =   2.088242097e+03 inf =   3.763e+00 (116219)
*202480: obj =   2.088242084e+03 inf =   3.769e+00 (116206) 1
*202516: obj =   2.088242084e+03 inf =   3.769e+00 (116180)
*202552: obj =   2.088242077e+03 inf =   3.772e+00 (116196)
*202582: obj =   2.088242068e+03 inf =   3.776e+00 (116173) 1
*202618: obj =   2.088242043e+03 inf =   3.787e+00 (116177)
*202655: obj =   2.088242022e+03 inf =   3.796e+00 (116155)
*202683: obj =   2.088241987e+03 inf =   3.812e+00 (116170) 1
*202716: obj =   2.088241918e+03 inf =   3.837e+00 (116185)
*202749: obj =   2.088241901e+03 inf =   3.845e+00 (116173)
*202783: obj =   2.088241870e+03 inf =   3.857e+00 (116161)
*202784: obj =   2.088241870e+03 inf =   3.857e+00 (116163) 1
*202817: obj =   2.088241823e+03 inf =   3.874e+00 (116155)
*202850: obj =   2.088241823e+03 inf =   3.874e+00 (116159)
*202885: obj =   2.088241802e+03 inf =   3.884e+00 (116172) 1
*202920: obj =   2.088241802e+03 inf =   3.884e+00 (116171)
*202956: obj =   2.088241794e+03 inf =   3.887e+00 (116168)
*202986: obj =   2.088241783e+03 inf =   3.892e+00 (116142) 1
*203021: obj =   2.088241769e+03 inf =   3.897e+00 (116136)
*203056: obj =   2.088241767e+03 inf =   3.898e+00 (116135)
*203087: obj =   2.088241762e+03 inf =   3.900e+00 (116131) 1
*203122: obj =   2.088241734e+03 inf =   3.912e+00 (116132)
*203157: obj =   2.088241733e+03 inf =   3.912e+00 (116122)
*203188: obj =   2.088241706e+03 inf =   3.923e+00 (116163) 1
*203223: obj =   2.088241706e+03 inf =   3.923e+00 (116133)
*203258: obj =   2.088241706e+03 inf =   3.923e+00 (116127)
*203289: obj =   2.088241700e+03 inf =   3.926e+00 (116125) 1
*203324: obj =   2.088241700e+03 inf =   3.925e+00 (116100)
*203360: obj =   2.088241698e+03 inf =   3.926e+00 (116097)
*203390: obj =   2.088241693e+03 inf =   3.928e+00 (116084) 1
*203427: obj =   2.088241693e+03 inf =   3.927e+00 (116093)
*203464: obj =   2.088241693e+03 inf =   3.927e+00 (116090)
*203491: obj =   2.088241693e+03 inf =   3.927e+00 (116080) 1
*203528: obj =   2.088241668e+03 inf =   3.938e+00 (116074)
*203565: obj =   2.088241646e+03 inf =   3.949e+00 (116052)
*203592: obj =   2.088241634e+03 inf =   3.955e+00 (116039) 1
*203625: obj =   2.088241598e+03 inf =   3.969e+00 (116056)
*203658: obj =   2.088241572e+03 inf =   3.979e+00 (116045)
*203692: obj =   2.088241517e+03 inf =   4.000e+00 (116027)
*203693: obj =   2.088241512e+03 inf =   4.002e+00 (116026) 1
*203727: obj =   2.088241494e+03 inf =   4.009e+00 (116004)
*203761: obj =   2.088241471e+03 inf =   4.019e+00 (115995)
*203794: obj =   2.088241466e+03 inf =   4.021e+00 (115988) 1
*203830: obj =   2.088241461e+03 inf =   4.023e+00 (115984)
*203865: obj =   2.088241454e+03 inf =   4.026e+00 (115991)
*203895: obj =   2.088241423e+03 inf =   4.037e+00 (115980) 1
*203928: obj =   2.088241411e+03 inf =   4.041e+00 (115987)
*203961: obj =   2.088241366e+03 inf =   4.057e+00 (115971)
*203995: obj =   2.088241343e+03 inf =   4.067e+00 (115976)
*203996: obj =   2.088241343e+03 inf =   4.067e+00 (115978) 1
*204031: obj =   2.088241319e+03 inf =   4.076e+00 (115977)
*204065: obj =   2.088241265e+03 inf =   4.098e+00 (115965)
*204097: obj =   2.088241263e+03 inf =   4.099e+00 (115951) 1
*204132: obj =   2.088241256e+03 inf =   4.101e+00 (115964)
*204167: obj =   2.088241256e+03 inf =   4.101e+00 (115946)
*204198: obj =   2.088241233e+03 inf =   4.110e+00 (115941) 1
*204232: obj =   2.088241218e+03 inf =   4.115e+00 (115928)
*204266: obj =   2.088241155e+03 inf =   4.140e+00 (115912)
*204299: obj =   2.088241152e+03 inf =   4.141e+00 (115892) 1
*204334: obj =   2.088241152e+03 inf =   4.141e+00 (115904)
*204369: obj =   2.088241143e+03 inf =   4.145e+00 (115892)
*204400: obj =   2.088241143e+03 inf =   4.145e+00 (115875) 1
*204435: obj =   2.088241143e+03 inf =   4.145e+00 (115882)
*204471: obj =   2.088241143e+03 inf =   4.144e+00 (115878)
*204501: obj =   2.088241143e+03 inf =   4.144e+00 (115897) 1
*204538: obj =   2.088241143e+03 inf =   4.143e+00 (115903)
*204572: obj =   2.088241122e+03 inf =   4.151e+00 (115909)
*204602: obj =   2.088241110e+03 inf =   4.156e+00 (115909) 1
*204636: obj =   2.088241051e+03 inf =   4.179e+00 (115930)
*204670: obj =   2.088241007e+03 inf =   4.197e+00 (115915)
*204703: obj =   2.088240935e+03 inf =   4.224e+00 (115900) 1
*204736: obj =   2.088240909e+03 inf =   4.234e+00 (115877)
*204770: obj =   2.088240908e+03 inf =   4.234e+00 (115861)
*204804: obj =   2.088240877e+03 inf =   4.246e+00 (115862) 1
*204838: obj =   2.088240875e+03 inf =   4.247e+00 (115842)
*204872: obj =   2.088240875e+03 inf =   4.246e+00 (115838)
*204905: obj =   2.088240871e+03 inf =   4.248e+00 (115820) 1
*204939: obj =   2.088240871e+03 inf =   4.247e+00 (115818)
*204972: obj =   2.088240832e+03 inf =   4.262e+00 (115799)
*205005: obj =   2.088240828e+03 inf =   4.263e+00 (115787)
*205006: obj =   2.088240828e+03 inf =   4.263e+00 (115779) 1
*205040: obj =   2.088240808e+03 inf =   4.271e+00 (115793)
*205074: obj =   2.088240739e+03 inf =   4.298e+00 (115795)
*205107: obj =   2.088240720e+03 inf =   4.305e+00 (115783) 1
*205141: obj =   2.088240719e+03 inf =   4.305e+00 (115778)
*205175: obj =   2.088240688e+03 inf =   4.317e+00 (115791)
*205208: obj =   2.088240688e+03 inf =   4.317e+00 (115794) 1
*205242: obj =   2.088240685e+03 inf =   4.317e+00 (115791)
*205276: obj =   2.088240685e+03 inf =   4.317e+00 (115798)
*205309: obj =   2.088240657e+03 inf =   4.328e+00 (115791) 1
*205343: obj =   2.088240657e+03 inf =   4.328e+00 (115805)
*205376: obj =   2.088240657e+03 inf =   4.328e+00 (115792)
*205410: obj =   2.088240650e+03 inf =   4.331e+00 (115785) 1
*205445: obj =   2.088240650e+03 inf =   4.330e+00 (115757)
*205480: obj =   2.088240650e+03 inf =   4.330e+00 (115755)
*205511: obj =   2.088240650e+03 inf =   4.330e+00 (115739) 1
*205544: obj =   2.088240588e+03 inf =   4.354e+00 (115720)
*205578: obj =   2.088240511e+03 inf =   4.384e+00 (115691)
*205612: obj =   2.088240437e+03 inf =   4.414e+00 (115713) 1
*205646: obj =   2.088240425e+03 inf =   4.419e+00 (115723)
*205681: obj =   2.088240424e+03 inf =   4.419e+00 (115742)
*205713: obj =   2.088240424e+03 inf =   4.419e+00 (115735) 1
*205748: obj =   2.088240406e+03 inf =   4.426e+00 (115742)
*205782: obj =   2.088240401e+03 inf =   4.428e+00 (115726)
*205814: obj =   2.088240329e+03 inf =   4.456e+00 (115735) 1
*205845: obj =   2.088240276e+03 inf =   4.476e+00 (115745)
*205878: obj =   2.088240218e+03 inf =   4.498e+00 (115729)
*205912: obj =   2.088240200e+03 inf =   4.505e+00 (115730)
*205915: obj =   2.088240200e+03 inf =   4.505e+00 (115732) 1
*205948: obj =   2.088240200e+03 inf =   4.505e+00 (115717)
*205981: obj =   2.088240199e+03 inf =   4.505e+00 (115714)
*206016: obj =   2.088240199e+03 inf =   4.505e+00 (115731) 1
*206046: obj =   2.088240198e+03 inf =   4.505e+00 (115713)
*206081: obj =   2.088240198e+03 inf =   4.504e+00 (115707)
*206114: obj =   2.088240198e+03 inf =   4.504e+00 (115689)
*206117: obj =   2.088240198e+03 inf =   4.504e+00 (115693) 1
*206150: obj =   2.088240136e+03 inf =   4.528e+00 (115715)
*206183: obj =   2.088240103e+03 inf =   4.541e+00 (115696)
*206216: obj =   2.088240083e+03 inf =   4.549e+00 (115679)
*206218: obj =   2.088240072e+03 inf =   4.553e+00 (115673) 1
*206250: obj =   2.088240047e+03 inf =   4.563e+00 (115654)
*206282: obj =   2.088240037e+03 inf =   4.566e+00 (115653)
*206316: obj =   2.088240031e+03 inf =   4.568e+00 (115641)
*206319: obj =   2.088240031e+03 inf =   4.568e+00 (115636) 1
*206353: obj =   2.088240031e+03 inf =   4.568e+00 (115632)
*206389: obj =   2.088240020e+03 inf =   4.573e+00 (115631)
*206420: obj =   2.088240020e+03 inf =   4.573e+00 (115637) 1
*206453: obj =   2.088240019e+03 inf =   4.573e+00 (115610)
*206485: obj =   2.088240019e+03 inf =   4.573e+00 (115599)
*206517: obj =   2.088239989e+03 inf =   4.584e+00 (115580)
*206521: obj =   2.088239987e+03 inf =   4.585e+00 (115578) 1
*206553: obj =   2.088239943e+03 inf =   4.601e+00 (115594)
*206586: obj =   2.088239912e+03 inf =   4.612e+00 (115594)
*206617: obj =   2.088239848e+03 inf =   4.633e+00 (115594)
*206622: obj =   2.088239848e+03 inf =   4.633e+00 (115602) 1
*206655: obj =   2.088239774e+03 inf =   4.662e+00 (115591)
*206688: obj =   2.088239760e+03 inf =   4.667e+00 (115581)
*206721: obj =   2.088239681e+03 inf =   4.698e+00 (115573)
*206723: obj =   2.088239681e+03 inf =   4.698e+00 (115575) 1
*206757: obj =   2.088239660e+03 inf =   4.706e+00 (115565)
*206792: obj =   2.088239650e+03 inf =   4.710e+00 (115554)
*206824: obj =   2.088239617e+03 inf =   4.722e+00 (115557) 1
*206855: obj =   2.088239592e+03 inf =   4.731e+00 (115569)
*206887: obj =   2.088239549e+03 inf =   4.747e+00 (115558)
*206920: obj =   2.088239513e+03 inf =   4.761e+00 (115569)
*206925: obj =   2.088239513e+03 inf =   4.761e+00 (115569) 1
*206957: obj =   2.088239496e+03 inf =   4.768e+00 (115564)
*206989: obj =   2.088239495e+03 inf =   4.768e+00 (115534)
*207021: obj =   2.088239495e+03 inf =   4.767e+00 (115529)
*207026: obj =   2.088239495e+03 inf =   4.767e+00 (115519) 1
*207058: obj =   2.088239478e+03 inf =   4.774e+00 (115517)
*207090: obj =   2.088239478e+03 inf =   4.774e+00 (115521)
*207123: obj =   2.088239426e+03 inf =   4.795e+00 (115523)
*207127: obj =   2.088239426e+03 inf =   4.795e+00 (115515) 1
*207160: obj =   2.088239408e+03 inf =   4.803e+00 (115510)
*207192: obj =   2.088239408e+03 inf =   4.802e+00 (115496)
*207225: obj =   2.088239374e+03 inf =   4.816e+00 (115502)
*207228: obj =   2.088239374e+03 inf =   4.816e+00 (115507) 1
*207263: obj =   2.088239373e+03 inf =   4.816e+00 (115493)
*207298: obj =   2.088239373e+03 inf =   4.816e+00 (115510)
*207329: obj =   2.088239373e+03 inf =   4.815e+00 (115523) 1
*207363: obj =   2.088239373e+03 inf =   4.815e+00 (115517)
*207397: obj =   2.088239370e+03 inf =   4.816e+00 (115489)
*207430: obj =   2.088239370e+03 inf =   4.815e+00 (115482) 1
*207464: obj =   2.088239370e+03 inf =   4.815e+00 (115496)
*207499: obj =   2.088239370e+03 inf =   4.815e+00 (115497)
*207531: obj =   2.088239368e+03 inf =   4.816e+00 (115482) 1
*207566: obj =   2.088239366e+03 inf =   4.816e+00 (115480)
*207599: obj =   2.088239323e+03 inf =   4.833e+00 (115458)
*207632: obj =   2.088239315e+03 inf =   4.836e+00 (115489) 1
*207665: obj =   2.088239299e+03 inf =   4.843e+00 (115501)
*207697: obj =   2.088239287e+03 inf =   4.848e+00 (115477)
*207731: obj =   2.088239259e+03 inf =   4.859e+00 (115461)
*207733: obj =   2.088239259e+03 inf =   4.859e+00 (115458) 1
*207767: obj =   2.088239205e+03 inf =   4.881e+00 (115458)
*207800: obj =   2.088239133e+03 inf =   4.908e+00 (115455)
*207834: obj =   2.088239133e+03 inf =   4.908e+00 (115457) 1
*207868: obj =   2.088239127e+03 inf =   4.910e+00 (115463)
*207902: obj =   2.088239127e+03 inf =   4.910e+00 (115444)
*207935: obj =   2.088239095e+03 inf =   4.924e+00 (115445) 1
*207969: obj =   2.088239064e+03 inf =   4.937e+00 (115433)
*208003: obj =   2.088239064e+03 inf =   4.936e+00 (115429)
*208036: obj =   2.088239062e+03 inf =   4.937e+00 (115430) 1
*208070: obj =   2.088239062e+03 inf =   4.937e+00 (115426)
*208105: obj =   2.088239057e+03 inf =   4.938e+00 (115432)
*208137: obj =   2.088239025e+03 inf =   4.952e+00 (115422) 1
*208171: obj =   2.088239025e+03 inf =   4.952e+00 (115418)
*208207: obj =   2.088239025e+03 inf =   4.951e+00 (115419)
*208238: obj =   2.088239025e+03 inf =   4.951e+00 (115416) 1
*208274: obj =   2.088239025e+03 inf =   4.950e+00 (115424)
*208309: obj =   2.088239025e+03 inf =   4.950e+00 (115417)
*208339: obj =   2.088239025e+03 inf =   4.949e+00 (115399) 1
*208374: obj =   2.088239007e+03 inf =   4.957e+00 (115406)
*208409: obj =   2.088238994e+03 inf =   4.963e+00 (115407)
*208440: obj =   2.088238994e+03 inf =   4.962e+00 (115399) 1
*208475: obj =   2.088238994e+03 inf =   4.962e+00 (115415)
*208510: obj =   2.088238994e+03 inf =   4.962e+00 (115409)
*208541: obj =   2.088238994e+03 inf =   4.961e+00 (115404) 1
*208576: obj =   2.088238988e+03 inf =   4.964e+00 (115410)
*208607: obj =   2.088238942e+03 inf =   4.981e+00 (115421)
*208638: obj =   2.088238881e+03 inf =   5.002e+00 (115436)
*208642: obj =   2.088238873e+03 inf =   5.005e+00 (115427) 1
*208675: obj =   2.088238858e+03 inf =   5.011e+00 (115399)
*208707: obj =   2.088238808e+03 inf =   5.030e+00 (115419)
*208739: obj =   2.088238764e+03 inf =   5.046e+00 (115412)
*208743: obj =   2.088238764e+03 inf =   5.046e+00 (115408) 1
*208776: obj =   2.088238720e+03 inf =   5.064e+00 (115411)
*208812: obj =   2.088238717e+03 inf =   5.065e+00 (115406)
*208844: obj =   2.088238697e+03 inf =   5.073e+00 (115413) 1
*208877: obj =   2.088238696e+03 inf =   5.073e+00 (115425)
*208910: obj =   2.088238696e+03 inf =   5.072e+00 (115422)
*208945: obj =   2.088238694e+03 inf =   5.073e+00 (115404) 1
*208978: obj =   2.088238656e+03 inf =   5.088e+00 (115402)
*209011: obj =   2.088238656e+03 inf =   5.088e+00 (115386)
*209043: obj =   2.088238645e+03 inf =   5.092e+00 (115390)
*209046: obj =   2.088238645e+03 inf =   5.092e+00 (115380) 1
*209079: obj =   2.088238642e+03 inf =   5.093e+00 (115373)
*209113: obj =   2.088238624e+03 inf =   5.100e+00 (115352)
*209147: obj =   2.088238618e+03 inf =   5.102e+00 (115340) 1
*209182: obj =   2.088238618e+03 inf =   5.102e+00 (115326)
*209217: obj =   2.088238618e+03 inf =   5.101e+00 (115336)
*209248: obj =   2.088238618e+03 inf =   5.101e+00 (115355) 1
*209284: obj =   2.088238617e+03 inf =   5.101e+00 (115371)
*209320: obj =   2.088238614e+03 inf =   5.102e+00 (115348)
*209349: obj =   2.088238609e+03 inf =   5.104e+00 (115342) 1
*209384: obj =   2.088238609e+03 inf =   5.104e+00 (115315)
*209418: obj =   2.088238609e+03 inf =   5.103e+00 (115307)
*209450: obj =   2.088238608e+03 inf =   5.103e+00 (115306) 1
*209484: obj =   2.088238597e+03 inf =   5.107e+00 (115313)
*209517: obj =   2.088238597e+03 inf =   5.107e+00 (115301)
*209551: obj =   2.088238588e+03 inf =   5.111e+00 (115324) 1
*209584: obj =   2.088238563e+03 inf =   5.120e+00 (115341)
*209619: obj =   2.088238546e+03 inf =   5.125e+00 (115319)
*209652: obj =   2.088238525e+03 inf =   5.133e+00 (115343) 1
*209685: obj =   2.088238488e+03 inf =   5.147e+00 (115304)
*209718: obj =   2.088238436e+03 inf =   5.167e+00 (115306)
*209751: obj =   2.088238388e+03 inf =   5.186e+00 (115304)
*209753: obj =   2.088238373e+03 inf =   5.192e+00 (115311) 1
*209787: obj =   2.088238320e+03 inf =   5.214e+00 (115289)
*209822: obj =   2.088238320e+03 inf =   5.213e+00 (115278)
*209854: obj =   2.088238309e+03 inf =   5.217e+00 (115261) 1
*209888: obj =   2.088238302e+03 inf =   5.219e+00 (115269)
*209923: obj =   2.088238292e+03 inf =   5.223e+00 (115268)
*209955: obj =   2.088238287e+03 inf =   5.225e+00 (115290) 1
*209990: obj =   2.088238283e+03 inf =   5.226e+00 (115293)
*210026: obj =   2.088238283e+03 inf =   5.226e+00 (115301)
*210056: obj =   2.088238283e+03 inf =   5.226e+00 (115298) 1
*210091: obj =   2.088238283e+03 inf =   5.225e+00 (115293)
*210125: obj =   2.088238283e+03 inf =   5.225e+00 (115281)
*210157: obj =   2.088238237e+03 inf =   5.241e+00 (115286) 1
*210190: obj =   2.088238227e+03 inf =   5.245e+00 (115290)
*210222: obj =   2.088238179e+03 inf =   5.265e+00 (115286)
*210255: obj =   2.088238168e+03 inf =   5.269e+00 (115278)
*210258: obj =   2.088238143e+03 inf =   5.278e+00 (115275) 1
*210290: obj =   2.088238106e+03 inf =   5.293e+00 (115264)
*210322: obj =   2.088238090e+03 inf =   5.299e+00 (115252)
*210354: obj =   2.088238068e+03 inf =   5.307e+00 (115238)
*210359: obj =   2.088238068e+03 inf =   5.307e+00 (115238) 1
*210391: obj =   2.088237987e+03 inf =   5.338e+00 (115241)
*210424: obj =   2.088237964e+03 inf =   5.347e+00 (115228)
*210456: obj =   2.088237962e+03 inf =   5.348e+00 (115222)
*210460: obj =   2.088237960e+03 inf =   5.349e+00 (115222) 1
*210493: obj =   2.088237956e+03 inf =   5.350e+00 (115220)
*210526: obj =   2.088237947e+03 inf =   5.353e+00 (115217)
*210560: obj =   2.088237936e+03 inf =   5.357e+00 (115213)
*210561: obj =   2.088237936e+03 inf =   5.357e+00 (115207) 1
*210595: obj =   2.088237904e+03 inf =   5.371e+00 (115201)
*210629: obj =   2.088237883e+03 inf =   5.378e+00 (115199)
*210662: obj =   2.088237861e+03 inf =   5.386e+00 (115199) 1
*210695: obj =   2.088237831e+03 inf =   5.397e+00 (115193)
*210728: obj =   2.088237791e+03 inf =   5.411e+00 (115184)
*210761: obj =   2.088237753e+03 inf =   5.426e+00 (115162)
*210763: obj =   2.088237753e+03 inf =   5.426e+00 (115164) 1
*210796: obj =   2.088237678e+03 inf =   5.454e+00 (115178)
*210829: obj =   2.088237655e+03 inf =   5.462e+00 (115168)
*210862: obj =   2.088237638e+03 inf =   5.469e+00 (115167)
*210864: obj =   2.088237632e+03 inf =   5.471e+00 (115165) 1
*210897: obj =   2.088237616e+03 inf =   5.477e+00 (115155)
*210930: obj =   2.088237607e+03 inf =   5.480e+00 (115138)
*210963: obj =   2.088237597e+03 inf =   5.483e+00 (115146)
*210965: obj =   2.088237597e+03 inf =   5.483e+00 (115138) 1
*210998: obj =   2.088237590e+03 inf =   5.486e+00 (115126)
*211031: obj =   2.088237590e+03 inf =   5.486e+00 (115121)
*211064: obj =   2.088237582e+03 inf =   5.488e+00 (115131)
*211066: obj =   2.088237582e+03 inf =   5.488e+00 (115130) 1
*211099: obj =   2.088237568e+03 inf =   5.494e+00 (115129)
*211133: obj =   2.088237549e+03 inf =   5.500e+00 (115129)
*211168: obj =   2.088237547e+03 inf =   5.501e+00 (115127) 1
*211202: obj =   2.088237547e+03 inf =   5.501e+00 (115121)
*211236: obj =   2.088237534e+03 inf =   5.505e+00 (115115)
*211269: obj =   2.088237532e+03 inf =   5.506e+00 (115119) 1
*211302: obj =   2.088237532e+03 inf =   5.505e+00 (115117)
*211335: obj =   2.088237532e+03 inf =   5.505e+00 (115127)
*211370: obj =   2.088237532e+03 inf =   5.504e+00 (115098) 1
*211406: obj =   2.088237532e+03 inf =   5.504e+00 (115098)
*211441: obj =   2.088237532e+03 inf =   5.504e+00 (115117)
*211471: obj =   2.088237527e+03 inf =   5.506e+00 (115105) 1
*211507: obj =   2.088237527e+03 inf =   5.505e+00 (115096)
*211543: obj =   2.088237523e+03 inf =   5.507e+00 (115101)
*211572: obj =   2.088237504e+03 inf =   5.515e+00 (115110) 1
*211607: obj =   2.088237498e+03 inf =   5.517e+00 (115102)
*211641: obj =   2.088237479e+03 inf =   5.524e+00 (115098)
*211672: obj =   2.088237458e+03 inf =   5.532e+00 (115099)
*211673: obj =   2.088237458e+03 inf =   5.532e+00 (115099) 1
*211705: obj =   2.088237433e+03 inf =   5.541e+00 (115086)
*211738: obj =   2.088237360e+03 inf =   5.567e+00 (115099)
*211771: obj =   2.088237289e+03 inf =   5.596e+00 (115076)
*211774: obj =   2.088237278e+03 inf =   5.600e+00 (115081) 1
*211806: obj =   2.088237265e+03 inf =   5.605e+00 (115056)
*211838: obj =   2.088237229e+03 inf =   5.618e+00 (115052)
*211870: obj =   2.088237219e+03 inf =   5.621e+00 (115049)
*211875: obj =   2.088237219e+03 inf =   5.621e+00 (115051) 1
*211908: obj =   2.088237213e+03 inf =   5.624e+00 (115042)
*211942: obj =   2.088237159e+03 inf =   5.646e+00 (115043)
*211975: obj =   2.088237148e+03 inf =   5.651e+00 (115029)
*211976: obj =   2.088237140e+03 inf =   5.655e+00 (115024) 1
*212008: obj =   2.088237086e+03 inf =   5.677e+00 (115014)
*212041: obj =   2.088237082e+03 inf =   5.679e+00 (115001)
*212075: obj =   2.088237081e+03 inf =   5.679e+00 (115013)
*212077: obj =   2.088237081e+03 inf =   5.679e+00 (115015) 1
*212110: obj =   2.088237079e+03 inf =   5.680e+00 (114998)
*212144: obj =   2.088237079e+03 inf =   5.679e+00 (115001)
*212177: obj =   2.088237078e+03 inf =   5.679e+00 (114981)
*212178: obj =   2.088237078e+03 inf =   5.679e+00 (114980) 1
*212211: obj =   2.088237078e+03 inf =   5.679e+00 (114968)
*212244: obj =   2.088237047e+03 inf =   5.691e+00 (114960)
*212278: obj =   2.088237047e+03 inf =   5.691e+00 (114940)
*212279: obj =   2.088237047e+03 inf =   5.691e+00 (114939) 1
*212313: obj =   2.088237047e+03 inf =   5.690e+00 (114933)
*212347: obj =   2.088237047e+03 inf =   5.690e+00 (114950)
*212380: obj =   2.088237047e+03 inf =   5.689e+00 (114939) 1
*212414: obj =   2.088237047e+03 inf =   5.689e+00 (114935)
*212448: obj =   2.088237047e+03 inf =   5.688e+00 (114921)
*212481: obj =   2.088237033e+03 inf =   5.693e+00 (114893) 1
*212515: obj =   2.088237020e+03 inf =   5.698e+00 (114870)
*212548: obj =   2.088236985e+03 inf =   5.711e+00 (114891)
*212582: obj =   2.088236970e+03 inf =   5.716e+00 (114882) 1
*212616: obj =   2.088236926e+03 inf =   5.733e+00 (114870)
*212650: obj =   2.088236923e+03 inf =   5.734e+00 (114878)
*212683: obj =   2.088236904e+03 inf =   5.742e+00 (114850) 1
*212717: obj =   2.088236877e+03 inf =   5.754e+00 (114837)
*212752: obj =   2.088236868e+03 inf =   5.758e+00 (114845)
*212784: obj =   2.088236859e+03 inf =   5.761e+00 (114857) 1
*212818: obj =   2.088236854e+03 inf =   5.763e+00 (114873)
*212854: obj =   2.088236854e+03 inf =   5.763e+00 (114879)
*212885: obj =   2.088236854e+03 inf =   5.762e+00 (114867) 1
*212921: obj =   2.088236854e+03 inf =   5.762e+00 (114870)
*212959: obj =   2.088236854e+03 inf =   5.761e+00 (114878)
*212986: obj =   2.088236839e+03 inf =   5.767e+00 (114874) 1
*213019: obj =   2.088236780e+03 inf =   5.789e+00 (114889)
*213052: obj =   2.088236779e+03 inf =   5.789e+00 (114867)
*213084: obj =   2.088236695e+03 inf =   5.815e+00 (114882)
*213087: obj =   2.088236695e+03 inf =   5.815e+00 (114880) 1
*213119: obj =   2.088236643e+03 inf =   5.831e+00 (114867)
*213151: obj =   2.088236561e+03 inf =   5.856e+00 (114868)
*213183: obj =   2.088236518e+03 inf =   5.869e+00 (114866)
*213188: obj =   2.088236518e+03 inf =   5.869e+00 (114866) 1
*213219: obj =   2.088236438e+03 inf =   5.893e+00 (114873)
*213251: obj =   2.088236387e+03 inf =   5.908e+00 (114856)
*213283: obj =   2.088236386e+03 inf =   5.908e+00 (114851)
*213289: obj =   2.088236386e+03 inf =   5.908e+00 (114857) 1
*213321: obj =   2.088236386e+03 inf =   5.908e+00 (114843)
*213353: obj =   2.088236326e+03 inf =   5.925e+00 (114848)
*213385: obj =   2.088236289e+03 inf =   5.936e+00 (114832)
*213390: obj =   2.088236264e+03 inf =   5.942e+00 (114828) 1
*213421: obj =   2.088236264e+03 inf =   5.942e+00 (114822)
*213453: obj =   2.088236264e+03 inf =   5.942e+00 (114831)
*213485: obj =   2.088236260e+03 inf =   5.943e+00 (114817)
*213491: obj =   2.088236260e+03 inf =   5.943e+00 (114813) 1
*213523: obj =   2.088236260e+03 inf =   5.943e+00 (114808)
*213555: obj =   2.088236237e+03 inf =   5.950e+00 (114817)
*213587: obj =   2.088236233e+03 inf =   5.951e+00 (114808)
*213592: obj =   2.088236233e+03 inf =   5.951e+00 (114825) 1
*213623: obj =   2.088236220e+03 inf =   5.955e+00 (114814)
*213655: obj =   2.088236220e+03 inf =   5.956e+00 (114827)
*213688: obj =   2.088236211e+03 inf =   5.959e+00 (114824)
*213693: obj =   2.088236211e+03 inf =   5.959e+00 (114808) 1
*213725: obj =   2.088236124e+03 inf =   5.984e+00 (114806)
*213757: obj =   2.088236084e+03 inf =   5.995e+00 (114795)
*213789: obj =   2.088236007e+03 inf =   6.016e+00 (114786)
*213794: obj =   2.088235963e+03 inf =   6.029e+00 (114797) 1
*213826: obj =   2.088235960e+03 inf =   6.030e+00 (114766)
*213857: obj =   2.088235960e+03 inf =   6.030e+00 (114759)
*213888: obj =   2.088235958e+03 inf =   6.030e+00 (114779)
*213895: obj =   2.088235956e+03 inf =   6.031e+00 (114773) 1
*213927: obj =   2.088235956e+03 inf =   6.031e+00 (114775)
*213961: obj =   2.088235956e+03 inf =   6.031e+00 (114762)
*213995: obj =   2.088235956e+03 inf =   6.031e+00 (114782)
*213996: obj =   2.088235956e+03 inf =   6.031e+00 (114795) 1
*214030: obj =   2.088235956e+03 inf =   6.030e+00 (114771)
*214065: obj =   2.088235949e+03 inf =   6.033e+00 (114773)
*214097: obj =   2.088235949e+03 inf =   6.033e+00 (114767) 1
*214128: obj =   2.088235936e+03 inf =   6.036e+00 (114750)
*214160: obj =   2.088235903e+03 inf =   6.044e+00 (114739)
*214192: obj =   2.088235903e+03 inf =   6.044e+00 (114719)
*214198: obj =   2.088235903e+03 inf =   6.044e+00 (114719) 1
*214230: obj =   2.088235863e+03 inf =   6.053e+00 (114714)
*214263: obj =   2.088235822e+03 inf =   6.063e+00 (114713)
*214295: obj =   2.088235822e+03 inf =   6.063e+00 (114704)
*214299: obj =   2.088235808e+03 inf =   6.067e+00 (114697) 1
*214330: obj =   2.088235792e+03 inf =   6.071e+00 (114700)
*214362: obj =   2.088235792e+03 inf =   6.071e+00 (114700)
*214394: obj =   2.088235792e+03 inf =   6.071e+00 (114694)
*214400: obj =   2.088235792e+03 inf =   6.071e+00 (114694) 1
*214432: obj =   2.088235718e+03 inf =   6.091e+00 (114686)
*214464: obj =   2.088235640e+03 inf =   6.112e+00 (114675)
*214496: obj =   2.088235518e+03 inf =   6.145e+00 (114657)
*214501: obj =   2.088235511e+03 inf =   6.147e+00 (114661) 1
*214533: obj =   2.088235502e+03 inf =   6.149e+00 (114651)
*214566: obj =   2.088235461e+03 inf =   6.161e+00 (114661)
*214599: obj =   2.088235383e+03 inf =   6.182e+00 (114653)
*214603: obj =   2.088235383e+03 inf =   6.182e+00 (114634) 1
*214635: obj =   2.088235361e+03 inf =   6.189e+00 (114643)
*214668: obj =   2.088235311e+03 inf =   6.206e+00 (114651)
*214700: obj =   2.088235308e+03 inf =   6.207e+00 (114647)
*214704: obj =   2.088235308e+03 inf =   6.207e+00 (114645) 1
*214738: obj =   2.088235308e+03 inf =   6.207e+00 (114650)
*214771: obj =   2.088235303e+03 inf =   6.209e+00 (114652)
*214805: obj =   2.088235302e+03 inf =   6.209e+00 (114626) 1
*214839: obj =   2.088235302e+03 inf =   6.209e+00 (114628)
*214873: obj =   2.088235279e+03 inf =   6.217e+00 (114625)
*214906: obj =   2.088235278e+03 inf =   6.217e+00 (114636) 1
*214940: obj =   2.088235277e+03 inf =   6.217e+00 (114610)
*214975: obj =   2.088235277e+03 inf =   6.217e+00 (114607)
*215007: obj =   2.088235277e+03 inf =   6.216e+00 (114580) 1
*215041: obj =   2.088235263e+03 inf =   6.221e+00 (114582)
*215075: obj =   2.088235262e+03 inf =   6.221e+00 (114599)
*215108: obj =   2.088235262e+03 inf =   6.221e+00 (114599) 1
*215144: obj =   2.088235257e+03 inf =   6.222e+00 (114614)
*215180: obj =   2.088235257e+03 inf =   6.222e+00 (114629)
*215209: obj =   2.088235257e+03 inf =   6.221e+00 (114613) 1
*215244: obj =   2.088235257e+03 inf =   6.221e+00 (114606)
*215279: obj =   2.088235257e+03 inf =   6.220e+00 (114587)
*215310: obj =   2.088235257e+03 inf =   6.220e+00 (114609) 1
*215346: obj =   2.088235241e+03 inf =   6.226e+00 (114608)
*215382: obj =   2.088235239e+03 inf =   6.226e+00 (114600)
*215411: obj =   2.088235239e+03 inf =   6.226e+00 (114584) 1
*215447: obj =   2.088235239e+03 inf =   6.226e+00 (114567)
*215482: obj =   2.088235234e+03 inf =   6.228e+00 (114545)
*215512: obj =   2.088235232e+03 inf =   6.228e+00 (114549) 1
*215547: obj =   2.088235232e+03 inf =   6.228e+00 (114551)
*215579: obj =   2.088235226e+03 inf =   6.229e+00 (114539)
*215612: obj =   2.088235218e+03 inf =   6.232e+00 (114532)
*215613: obj =   2.088235218e+03 inf =   6.232e+00 (114529) 1
*215645: obj =   2.088235218e+03 inf =   6.232e+00 (114545)
*215676: obj =   2.088235166e+03 inf =   6.247e+00 (114540)
*215707: obj =   2.088235020e+03 inf =   6.282e+00 (114519)
*215714: obj =   2.088235019e+03 inf =   6.283e+00 (114514) 1
*215745: obj =   2.088234981e+03 inf =   6.294e+00 (114521)
*215776: obj =   2.088234961e+03 inf =   6.300e+00 (114533)
*215807: obj =   2.088234960e+03 inf =   6.300e+00 (114533)
*215815: obj =   2.088234958e+03 inf =   6.301e+00 (114540) 1
*215846: obj =   2.088234958e+03 inf =   6.301e+00 (114538)
*215881: obj =   2.088234956e+03 inf =   6.302e+00 (114545)
*215915: obj =   2.088234955e+03 inf =   6.301e+00 (114555)
*215916: obj =   2.088234955e+03 inf =   6.301e+00 (114558) 1
*215950: obj =   2.088234950e+03 inf =   6.303e+00 (114544)
*215985: obj =   2.088234946e+03 inf =   6.304e+00 (114536)
*216017: obj =   2.088234946e+03 inf =   6.303e+00 (114521) 1
*216053: obj =   2.088234946e+03 inf =   6.303e+00 (114499)
*216090: obj =   2.088234946e+03 inf =   6.302e+00 (114524)
*216118: obj =   2.088234942e+03 inf =   6.303e+00 (114501) 1
*216152: obj =   2.088234934e+03 inf =   6.306e+00 (114481)
*216187: obj =   2.088234934e+03 inf =   6.305e+00 (114477)
*216219: obj =   2.088234934e+03 inf =   6.305e+00 (114468) 1
*216253: obj =   2.088234918e+03 inf =   6.311e+00 (114454)
*216285: obj =   2.088234857e+03 inf =   6.327e+00 (114449)
*216317: obj =   2.088234823e+03 inf =   6.336e+00 (114443)
*216320: obj =   2.088234823e+03 inf =   6.336e+00 (114447) 1
*216351: obj =   2.088234774e+03 inf =   6.349e+00 (114432)
*216383: obj =   2.088234774e+03 inf =   6.349e+00 (114439)
*216414: obj =   2.088234774e+03 inf =   6.349e+00 (114430)
*216421: obj =   2.088234774e+03 inf =   6.349e+00 (114425) 1
*216454: obj =   2.088234750e+03 inf =   6.354e+00 (114434)
*216487: obj =   2.088234749e+03 inf =   6.355e+00 (114429)
*216519: obj =   2.088234664e+03 inf =   6.376e+00 (114420)
*216522: obj =   2.088234664e+03 inf =   6.376e+00 (114416) 1
*216555: obj =   2.088234664e+03 inf =   6.376e+00 (114419)
*216587: obj =   2.088234642e+03 inf =   6.382e+00 (114437)
*216620: obj =   2.088234599e+03 inf =   6.393e+00 (114418)
*216623: obj =   2.088234591e+03 inf =   6.395e+00 (114415) 1
*216655: obj =   2.088234591e+03 inf =   6.395e+00 (114404)
*216687: obj =   2.088234591e+03 inf =   6.395e+00 (114417)
*216720: obj =   2.088234588e+03 inf =   6.396e+00 (114409)
*216724: obj =   2.088234588e+03 inf =   6.396e+00 (114412) 1
*216756: obj =   2.088234588e+03 inf =   6.396e+00 (114425)
*216788: obj =   2.088234500e+03 inf =   6.422e+00 (114422)
*216822: obj =   2.088234441e+03 inf =   6.438e+00 (114419)
*216825: obj =   2.088234441e+03 inf =   6.438e+00 (114420) 1
*216860: obj =   2.088234440e+03 inf =   6.438e+00 (114398)
*216894: obj =   2.088234440e+03 inf =   6.438e+00 (114394)
*216926: obj =   2.088234426e+03 inf =   6.444e+00 (114391) 1
*216961: obj =   2.088234423e+03 inf =   6.444e+00 (114366)
*216996: obj =   2.088234423e+03 inf =   6.444e+00 (114366)
*217027: obj =   2.088234423e+03 inf =   6.444e+00 (114376) 1
*217059: obj =   2.088234421e+03 inf =   6.444e+00 (114352)
*217094: obj =   2.088234421e+03 inf =   6.443e+00 (114348)
*217128: obj =   2.088234421e+03 inf =   6.443e+00 (114357) 1
*217164: obj =   2.088234421e+03 inf =   6.443e+00 (114349)
*217197: obj =   2.088234414e+03 inf =   6.445e+00 (114340)
*217229: obj =   2.088234401e+03 inf =   6.450e+00 (114330) 1
*217263: obj =   2.088234400e+03 inf =   6.450e+00 (114325)
*217297: obj =   2.088234372e+03 inf =   6.461e+00 (114359)
*217330: obj =   2.088234367e+03 inf =   6.463e+00 (114374) 1
*217364: obj =   2.088234366e+03 inf =   6.463e+00 (114373)
*217399: obj =   2.088234366e+03 inf =   6.462e+00 (114377)
*217432: obj =   2.088234366e+03 inf =   6.462e+00 (114374) 1
*217466: obj =   2.088234366e+03 inf =   6.462e+00 (114379)
*217500: obj =   2.088234366e+03 inf =   6.461e+00 (114378)
*217533: obj =   2.088234366e+03 inf =   6.461e+00 (114379) 1
*217566: obj =   2.088234319e+03 inf =   6.477e+00 (114357)
*217600: obj =   2.088234299e+03 inf =   6.485e+00 (114350)
*217634: obj =   2.088234275e+03 inf =   6.493e+00 (114351) 1
*217670: obj =   2.088234275e+03 inf =   6.493e+00 (114348)
*217704: obj =   2.088234275e+03 inf =   6.493e+00 (114363)
*217735: obj =   2.088234274e+03 inf =   6.493e+00 (114354) 1
*217770: obj =   2.088234264e+03 inf =   6.496e+00 (114334)
*217807: obj =   2.088234264e+03 inf =   6.495e+00 (114328)
*217836: obj =   2.088234261e+03 inf =   6.497e+00 (114330) 1
*217873: obj =   2.088234261e+03 inf =   6.496e+00 (114320)
*217908: obj =   2.088234224e+03 inf =   6.505e+00 (114305)
*217937: obj =   2.088234170e+03 inf =   6.518e+00 (114315) 1
*217970: obj =   2.088234117e+03 inf =   6.533e+00 (114289)
*218005: obj =   2.088234071e+03 inf =   6.545e+00 (114288)
*218038: obj =   2.088234071e+03 inf =   6.545e+00 (114287) 1
*218072: obj =   2.088234071e+03 inf =   6.545e+00 (114274)
*218106: obj =   2.088234070e+03 inf =   6.545e+00 (114273)
*218139: obj =   2.088234016e+03 inf =   6.559e+00 (114285) 1
*218173: obj =   2.088233992e+03 inf =   6.565e+00 (114277)
*218206: obj =   2.088233990e+03 inf =   6.566e+00 (114263)
*218238: obj =   2.088233984e+03 inf =   6.567e+00 (114256)
*218240: obj =   2.088233984e+03 inf =   6.567e+00 (114269) 1
*218273: obj =   2.088233962e+03 inf =   6.573e+00 (114268)
*218306: obj =   2.088233864e+03 inf =   6.599e+00 (114255)
*218339: obj =   2.088233855e+03 inf =   6.601e+00 (114249)
*218341: obj =   2.088233855e+03 inf =   6.601e+00 (114248) 1
*218374: obj =   2.088233855e+03 inf =   6.601e+00 (114239)
*218407: obj =   2.088233855e+03 inf =   6.601e+00 (114237)
*218440: obj =   2.088233780e+03 inf =   6.621e+00 (114232)
*218442: obj =   2.088233780e+03 inf =   6.621e+00 (114231) 1
*218475: obj =   2.088233747e+03 inf =   6.629e+00 (114231)
*218508: obj =   2.088233615e+03 inf =   6.664e+00 (114219)
*218542: obj =   2.088233614e+03 inf =   6.664e+00 (114220)
*218543: obj =   2.088233614e+03 inf =   6.664e+00 (114215) 1
*218577: obj =   2.088233476e+03 inf =   6.699e+00 (114232)
*218610: obj =   2.088233443e+03 inf =   6.708e+00 (114201)
*218642: obj =   2.088233441e+03 inf =   6.708e+00 (114200)
*218644: obj =   2.088233441e+03 inf =   6.708e+00 (114197) 1
*218676: obj =   2.088233441e+03 inf =   6.708e+00 (114190)
*218707: obj =   2.088233403e+03 inf =   6.718e+00 (114154)
*218739: obj =   2.088233402e+03 inf =   6.718e+00 (114163)
*218745: obj =   2.088233402e+03 inf =   6.719e+00 (114168) 1
*218777: obj =   2.088233399e+03 inf =   6.719e+00 (114170)
*218810: obj =   2.088233384e+03 inf =   6.723e+00 (114172)
*218842: obj =   2.088233384e+03 inf =   6.723e+00 (114147)
*218846: obj =   2.088233384e+03 inf =   6.723e+00 (114144) 1
*218879: obj =   2.088233379e+03 inf =   6.725e+00 (114155)
*218911: obj =   2.088233379e+03 inf =   6.725e+00 (114163)
*218943: obj =   2.088233286e+03 inf =   6.753e+00 (114149)
*218947: obj =   2.088233286e+03 inf =   6.753e+00 (114162) 1
*218978: obj =   2.088233283e+03 inf =   6.753e+00 (114153)
*219010: obj =   2.088233283e+03 inf =   6.753e+00 (114159)
*219042: obj =   2.088233283e+03 inf =   6.753e+00 (114154)
*219048: obj =   2.088233283e+03 inf =   6.753e+00 (114155) 1
*219080: obj =   2.088233283e+03 inf =   6.753e+00 (114141)
*219113: obj =   2.088233283e+03 inf =   6.753e+00 (114142)
*219146: obj =   2.088233283e+03 inf =   6.753e+00 (114164)
*219149: obj =   2.088233283e+03 inf =   6.753e+00 (114163) 1
*219181: obj =   2.088233257e+03 inf =   6.760e+00 (114174)
*219217: obj =   2.088233219e+03 inf =   6.771e+00 (114158)
*219250: obj =   2.088233219e+03 inf =   6.771e+00 (114160) 1
*219284: obj =   2.088233209e+03 inf =   6.774e+00 (114167)
*219318: obj =   2.088233209e+03 inf =   6.773e+00 (114184)
*219351: obj =   2.088233188e+03 inf =   6.780e+00 (114179) 1
*219386: obj =   2.088233152e+03 inf =   6.792e+00 (114200)
*219421: obj =   2.088233152e+03 inf =   6.792e+00 (114194)
*219452: obj =   2.088233152e+03 inf =   6.792e+00 (114186) 1
*219486: obj =   2.088233152e+03 inf =   6.791e+00 (114180)
*219521: obj =   2.088233152e+03 inf =   6.791e+00 (114183)
*219553: obj =   2.088233150e+03 inf =   6.791e+00 (114171) 1
*219586: obj =   2.088233090e+03 inf =   6.808e+00 (114170)
*219619: obj =   2.088233077e+03 inf =   6.813e+00 (114169)
*219653: obj =   2.088233057e+03 inf =   6.821e+00 (114175)
*219654: obj =   2.088233056e+03 inf =   6.821e+00 (114176) 1
*219687: obj =   2.088233007e+03 inf =   6.837e+00 (114155)
*219719: obj =   2.088232962e+03 inf =   6.848e+00 (114155)
*219751: obj =   2.088232885e+03 inf =   6.869e+00 (114145)
*219755: obj =   2.088232861e+03 inf =   6.875e+00 (114146) 1
*219789: obj =   2.088232826e+03 inf =   6.883e+00 (114135)
*219825: obj =   2.088232817e+03 inf =   6.885e+00 (114130)
*219857: obj =   2.088232792e+03 inf =   6.892e+00 (114132) 1
*219890: obj =   2.088232707e+03 inf =   6.912e+00 (114128)
*219923: obj =   2.088232677e+03 inf =   6.920e+00 (114120)
*219956: obj =   2.088232610e+03 inf =   6.937e+00 (114121)
*219958: obj =   2.088232610e+03 inf =   6.937e+00 (114119) 1
*219991: obj =   2.088232567e+03 inf =   6.947e+00 (114130)
*220023: obj =   2.088232567e+03 inf =   6.947e+00 (114125)
*220056: obj =   2.088232541e+03 inf =   6.953e+00 (114103)
*220059: obj =   2.088232541e+03 inf =   6.953e+00 (114110) 1
*220091: obj =   2.088232530e+03 inf =   6.956e+00 (114101)
*220123: obj =   2.088232461e+03 inf =   6.975e+00 (114093)
*220155: obj =   2.088232461e+03 inf =   6.975e+00 (114090)
*220160: obj =   2.088232461e+03 inf =   6.975e+00 (114084) 1
*220192: obj =   2.088232370e+03 inf =   6.999e+00 (114085)
*220224: obj =   2.088232340e+03 inf =   7.008e+00 (114057)
*220256: obj =   2.088232209e+03 inf =   7.043e+00 (114053)
*220261: obj =   2.088232158e+03 inf =   7.057e+00 (114054) 1
*220294: obj =   2.088231984e+03 inf =   7.105e+00 (114043)
*220327: obj =   2.088231854e+03 inf =   7.141e+00 (114032)
*220359: obj =   2.088231801e+03 inf =   7.156e+00 (114016)
*220362: obj =   2.088231758e+03 inf =   7.169e+00 (114014) 1
*220394: obj =   2.088231657e+03 inf =   7.197e+00 (114015)
*220426: obj =   2.088231596e+03 inf =   7.215e+00 (114018)
*220459: obj =   2.088231592e+03 inf =   7.216e+00 (114006)
*220463: obj =   2.088231588e+03 inf =   7.218e+00 (113989) 1
*220496: obj =   2.088231588e+03 inf =   7.218e+00 (113987)
*220529: obj =   2.088231588e+03 inf =   7.217e+00 (113995)
*220561: obj =   2.088231541e+03 inf =   7.231e+00 (114005)
*220564: obj =   2.088231532e+03 inf =   7.234e+00 (114005) 1
*220597: obj =   2.088231406e+03 inf =   7.271e+00 (114006)
*220630: obj =   2.088231397e+03 inf =   7.274e+00 (113989)
*220662: obj =   2.088231350e+03 inf =   7.285e+00 (113985)
*220665: obj =   2.088231350e+03 inf =   7.285e+00 (113997) 1
*220698: obj =   2.088231349e+03 inf =   7.286e+00 (113983)
*220732: obj =   2.088231334e+03 inf =   7.291e+00 (113992)
*220766: obj =   2.088231334e+03 inf =   7.291e+00 (113980) 1
*220802: obj =   2.088231324e+03 inf =   7.295e+00 (113985)
*220839: obj =   2.088231324e+03 inf =   7.295e+00 (114003)
*220867: obj =   2.088231318e+03 inf =   7.297e+00 (113989) 1
*220901: obj =   2.088231311e+03 inf =   7.299e+00 (114012)
*220935: obj =   2.088231298e+03 inf =   7.304e+00 (114019)
*220968: obj =   2.088231298e+03 inf =   7.304e+00 (114005) 1
*221001: obj =   2.088231280e+03 inf =   7.309e+00 (113996)
*221034: obj =   2.088231233e+03 inf =   7.321e+00 (113985)
*221066: obj =   2.088231138e+03 inf =   7.346e+00 (113975)
*221069: obj =   2.088231138e+03 inf =   7.346e+00 (113969) 1
*221101: obj =   2.088231137e+03 inf =   7.347e+00 (113963)
*221133: obj =   2.088231081e+03 inf =   7.362e+00 (113951)
*221165: obj =   2.088231081e+03 inf =   7.362e+00 (113939)
*221170: obj =   2.088231081e+03 inf =   7.362e+00 (113938) 1
*221202: obj =   2.088230986e+03 inf =   7.389e+00 (113929)
*221233: obj =   2.088230986e+03 inf =   7.389e+00 (113932)
*221265: obj =   2.088230986e+03 inf =   7.389e+00 (113936)
*221271: obj =   2.088230986e+03 inf =   7.389e+00 (113933) 1
*221303: obj =   2.088230975e+03 inf =   7.392e+00 (113931)
*221335: obj =   2.088230963e+03 inf =   7.395e+00 (113908)
*221367: obj =   2.088230963e+03 inf =   7.395e+00 (113897)
*221372: obj =   2.088230963e+03 inf =   7.394e+00 (113902) 1
*221404: obj =   2.088230940e+03 inf =   7.401e+00 (113894)
*221436: obj =   2.088230894e+03 inf =   7.414e+00 (113894)
*221468: obj =   2.088230815e+03 inf =   7.436e+00 (113893)
*221473: obj =   2.088230815e+03 inf =   7.436e+00 (113893) 1
*221505: obj =   2.088230814e+03 inf =   7.436e+00 (113887)
*221537: obj =   2.088230810e+03 inf =   7.437e+00 (113898)
*221570: obj =   2.088230718e+03 inf =   7.464e+00 (113890)
*221574: obj =   2.088230718e+03 inf =   7.464e+00 (113886) 1
*221607: obj =   2.088230701e+03 inf =   7.469e+00 (113892)
*221638: obj =   2.088230677e+03 inf =   7.477e+00 (113884)
*221667: obj =   2.088230598e+03 inf =   7.499e+00 (113867)
*221675: obj =   2.088230598e+03 inf =   7.499e+00 (113883) 1
*221708: obj =   2.088230593e+03 inf =   7.502e+00 (113886)
*221741: obj =   2.088230530e+03 inf =   7.521e+00 (113877)
*221775: obj =   2.088230527e+03 inf =   7.522e+00 (113879)
*221776: obj =   2.088230527e+03 inf =   7.522e+00 (113879) 1
*221810: obj =   2.088230502e+03 inf =   7.530e+00 (113880)
*221844: obj =   2.088230462e+03 inf =   7.547e+00 (113878)
*221877: obj =   2.088230419e+03 inf =   7.566e+00 (113876) 1
*221911: obj =   2.088230409e+03 inf =   7.570e+00 (113877)
*221946: obj =   2.088230409e+03 inf =   7.569e+00 (113882)
*221978: obj =   2.088230405e+03 inf =   7.571e+00 (113875) 1
*222012: obj =   2.088230359e+03 inf =   7.590e+00 (113877)
*222046: obj =   2.088230359e+03 inf =   7.590e+00 (113875)
*222079: obj =   2.088230359e+03 inf =   7.589e+00 (113889) 1
*222113: obj =   2.088230359e+03 inf =   7.589e+00 (113902)
*222147: obj =   2.088230359e+03 inf =   7.588e+00 (113878)
*222180: obj =   2.088230359e+03 inf =   7.588e+00 (113886) 1
*222216: obj =   2.088230353e+03 inf =   7.588e+00 (113877)
*222249: obj =   2.088230241e+03 inf =   7.618e+00 (113885)
*222281: obj =   2.088230241e+03 inf =   7.618e+00 (113883) 1
*222315: obj =   2.088230240e+03 inf =   7.618e+00 (113869)
*222348: obj =   2.088230141e+03 inf =   7.642e+00 (113872)
*222382: obj =   2.088230136e+03 inf =   7.643e+00 (113866) 1
*222414: obj =   2.088230135e+03 inf =   7.643e+00 (113865)
*222446: obj =   2.088230061e+03 inf =   7.660e+00 (113881)
*222479: obj =   2.088230000e+03 inf =   7.673e+00 (113869)
*222483: obj =   2.088230000e+03 inf =   7.673e+00 (113870) 1
*222516: obj =   2.088230000e+03 inf =   7.673e+00 (113853)
*222549: obj =   2.088229997e+03 inf =   7.674e+00 (113854)
*222582: obj =   2.088229997e+03 inf =   7.674e+00 (113868)
*222584: obj =   2.088229997e+03 inf =   7.674e+00 (113861) 1
*222618: obj =   2.088229860e+03 inf =   7.705e+00 (113848)
*222650: obj =   2.088229814e+03 inf =   7.719e+00 (113848)
*222684: obj =   2.088229790e+03 inf =   7.726e+00 (113864)
*222685: obj =   2.088229790e+03 inf =   7.726e+00 (113866) 1
*222717: obj =   2.088229725e+03 inf =   7.744e+00 (113863)
*222748: obj =   2.088229636e+03 inf =   7.769e+00 (113868)
*222778: obj =   2.088229595e+03 inf =   7.779e+00 (113868)
*222786: obj =   2.088229595e+03 inf =   7.779e+00 (113882) 1
*222817: obj =   2.088229595e+03 inf =   7.779e+00 (113874)
*222848: obj =   2.088229595e+03 inf =   7.779e+00 (113864)
*222880: obj =   2.088229595e+03 inf =   7.778e+00 (113860)
*222887: obj =   2.088229595e+03 inf =   7.778e+00 (113871) 1
*222918: obj =   2.088229595e+03 inf =   7.778e+00 (113875)
*222950: obj =   2.088229571e+03 inf =   7.785e+00 (113865)
*222981: obj =   2.088229571e+03 inf =   7.785e+00 (113843)
*222988: obj =   2.088229571e+03 inf =   7.785e+00 (113847) 1
*223019: obj =   2.088229571e+03 inf =   7.785e+00 (113846)
*223050: obj =   2.088229561e+03 inf =   7.787e+00 (113835)
*223082: obj =   2.088229443e+03 inf =   7.822e+00 (113851)
*223089: obj =   2.088229443e+03 inf =   7.822e+00 (113833) 1
*223121: obj =   2.088229238e+03 inf =   7.882e+00 (113834)
*223154: obj =   2.088229165e+03 inf =   7.904e+00 (113844)
*223186: obj =   2.088229165e+03 inf =   7.904e+00 (113843)
*223190: obj =   2.088229165e+03 inf =   7.904e+00 (113836) 1
*223222: obj =   2.088229165e+03 inf =   7.904e+00 (113833)
*223253: obj =   2.088229011e+03 inf =   7.947e+00 (113829)
*223284: obj =   2.088228957e+03 inf =   7.963e+00 (113819)
*223291: obj =   2.088228957e+03 inf =   7.963e+00 (113823) 1
*223323: obj =   2.088228957e+03 inf =   7.963e+00 (113821)
*223355: obj =   2.088228733e+03 inf =   8.030e+00 (113826)
*223387: obj =   2.088228717e+03 inf =   8.035e+00 (113813)
*223392: obj =   2.088228717e+03 inf =   8.035e+00 (113828) 1
*223424: obj =   2.088228717e+03 inf =   8.034e+00 (113816)
*223456: obj =   2.088228717e+03 inf =   8.034e+00 (113813)
*223488: obj =   2.088228545e+03 inf =   8.086e+00 (113811)
*223493: obj =   2.088228545e+03 inf =   8.086e+00 (113815) 1
*223525: obj =   2.088228538e+03 inf =   8.088e+00 (113820)
*223557: obj =   2.088228538e+03 inf =   8.088e+00 (113816)
*223589: obj =   2.088228520e+03 inf =   8.093e+00 (113807)
*223594: obj =   2.088228520e+03 inf =   8.093e+00 (113805) 1
*223626: obj =   2.088228520e+03 inf =   8.093e+00 (113804)
*223658: obj =   2.088228409e+03 inf =   8.127e+00 (113804)
*223691: obj =   2.088228331e+03 inf =   8.151e+00 (113789)
*223695: obj =   2.088228309e+03 inf =   8.157e+00 (113784) 1
*223727: obj =   2.088228277e+03 inf =   8.167e+00 (113786)
*223760: obj =   2.088228277e+03 inf =   8.167e+00 (113759)
*223792: obj =   2.088228277e+03 inf =   8.166e+00 (113764)
*223796: obj =   2.088228277e+03 inf =   8.166e+00 (113759) 1
*223831: obj =   2.088228277e+03 inf =   8.166e+00 (113761)
*223863: obj =   2.088228277e+03 inf =   8.166e+00 (113778)
*223895: obj =   2.088228170e+03 inf =   8.199e+00 (113780)
*223897: obj =   2.088228170e+03 inf =   8.199e+00 (113776) 1
*223929: obj =   2.088228166e+03 inf =   8.200e+00 (113771)
*223961: obj =   2.088228166e+03 inf =   8.199e+00 (113762)
*223993: obj =   2.088228166e+03 inf =   8.199e+00 (113764)
*223998: obj =   2.088228166e+03 inf =   8.199e+00 (113762) 1
*224029: obj =   2.088228166e+03 inf =   8.199e+00 (113761)
*224061: obj =   2.088228166e+03 inf =   8.198e+00 (113735)
*224094: obj =   2.088228166e+03 inf =   8.198e+00 (113725)
*224099: obj =   2.088228166e+03 inf =   8.198e+00 (113726) 1
*224130: obj =   2.088228166e+03 inf =   8.198e+00 (113714)
*224160: obj =   2.088228166e+03 inf =   8.197e+00 (113724)
*224191: obj =   2.088228166e+03 inf =   8.197e+00 (113728)
*224200: obj =   2.088228166e+03 inf =   8.197e+00 (113722) 1
*224232: obj =   2.088228166e+03 inf =   8.197e+00 (113723)
*224263: obj =   2.088228166e+03 inf =   8.196e+00 (113720)
*224295: obj =   2.088228166e+03 inf =   8.196e+00 (113724)
*224301: obj =   2.088228166e+03 inf =   8.196e+00 (113728) 1
*224333: obj =   2.088228166e+03 inf =   8.196e+00 (113723)
*224365: obj =   2.088228166e+03 inf =   8.195e+00 (113720)
*224397: obj =   2.088228166e+03 inf =   8.194e+00 (113718)
*224402: obj =   2.088228166e+03 inf =   8.194e+00 (113718) 1
*224433: obj =   2.088228160e+03 inf =   8.196e+00 (113718)
*224464: obj =   2.088228160e+03 inf =   8.196e+00 (113717)
*224495: obj =   2.088228160e+03 inf =   8.195e+00 (113705)
*224503: obj =   2.088228160e+03 inf =   8.195e+00 (113703) 1
*224534: obj =   2.088228108e+03 inf =   8.210e+00 (113691)
*224566: obj =   2.088227917e+03 inf =   8.267e+00 (113693)
*224598: obj =   2.088227915e+03 inf =   8.268e+00 (113667)
*224604: obj =   2.088227863e+03 inf =   8.283e+00 (113668) 1
*224636: obj =   2.088227700e+03 inf =   8.330e+00 (113662)
*224669: obj =   2.088227700e+03 inf =   8.330e+00 (113659)
*224701: obj =   2.088227700e+03 inf =   8.330e+00 (113650)
*224705: obj =   2.088227675e+03 inf =   8.337e+00 (113659) 1
*224737: obj =   2.088227596e+03 inf =   8.360e+00 (113656)
*224769: obj =   2.088227469e+03 inf =   8.399e+00 (113662)
*224801: obj =   2.088227455e+03 inf =   8.403e+00 (113645)
*224806: obj =   2.088227455e+03 inf =   8.403e+00 (113641) 1
*224838: obj =   2.088227455e+03 inf =   8.403e+00 (113643)
*224870: obj =   2.088227455e+03 inf =   8.402e+00 (113649)
*224902: obj =   2.088227455e+03 inf =   8.402e+00 (113648)
*224907: obj =   2.088227454e+03 inf =   8.402e+00 (113647) 1
*224938: obj =   2.088227454e+03 inf =   8.402e+00 (113654)
*224969: obj =   2.088227436e+03 inf =   8.407e+00 (113661)
*225001: obj =   2.088227317e+03 inf =   8.445e+00 (113638)
*225008: obj =   2.088227296e+03 inf =   8.452e+00 (113634) 1
*225040: obj =   2.088227290e+03 inf =   8.454e+00 (113630)
*225072: obj =   2.088227280e+03 inf =   8.456e+00 (113621)
*225104: obj =   2.088227280e+03 inf =   8.456e+00 (113625)
*225109: obj =   2.088227280e+03 inf =   8.456e+00 (113616) 1
*225142: obj =   2.088227280e+03 inf =   8.456e+00 (113630)
*225174: obj =   2.088227267e+03 inf =   8.460e+00 (113642)
*225206: obj =   2.088227267e+03 inf =   8.460e+00 (113630)
*225210: obj =   2.088227267e+03 inf =   8.460e+00 (113630) 1
*225243: obj =   2.088227266e+03 inf =   8.460e+00 (113629)
*225279: obj =   2.088227266e+03 inf =   8.459e+00 (113632)
*225310: obj =   2.088227171e+03 inf =   8.488e+00 (113615)
*225311: obj =   2.088227171e+03 inf =   8.488e+00 (113621) 1
*225342: obj =   2.088227116e+03 inf =   8.506e+00 (113616)
*225374: obj =   2.088227031e+03 inf =   8.532e+00 (113603)
*225406: obj =   2.088227031e+03 inf =   8.532e+00 (113609)
*225412: obj =   2.088227031e+03 inf =   8.532e+00 (113600) 1
*225444: obj =   2.088227031e+03 inf =   8.532e+00 (113595)
*225476: obj =   2.088227031e+03 inf =   8.531e+00 (113603)
*225508: obj =   2.088227030e+03 inf =   8.531e+00 (113602)
*225513: obj =   2.088227030e+03 inf =   8.531e+00 (113594) 1
*225547: obj =   2.088227023e+03 inf =   8.534e+00 (113598)
*225580: obj =   2.088226955e+03 inf =   8.555e+00 (113569)
*225612: obj =   2.088226880e+03 inf =   8.579e+00 (113569)
*225614: obj =   2.088226880e+03 inf =   8.579e+00 (113572) 1
*225648: obj =   2.088226880e+03 inf =   8.579e+00 (113553)
*225679: obj =   2.088226830e+03 inf =   8.594e+00 (113541)
*225710: obj =   2.088226830e+03 inf =   8.593e+00 (113538)
*225715: obj =   2.088226830e+03 inf =   8.593e+00 (113532) 1
*225747: obj =   2.088226829e+03 inf =   8.594e+00 (113525)
*225779: obj =   2.088226828e+03 inf =   8.594e+00 (113516)
*225811: obj =   2.088226734e+03 inf =   8.624e+00 (113499)
*225816: obj =   2.088226714e+03 inf =   8.630e+00 (113498) 1
*225847: obj =   2.088226551e+03 inf =   8.682e+00 (113500)
*225878: obj =   2.088226551e+03 inf =   8.682e+00 (113490)
*225909: obj =   2.088226450e+03 inf =   8.714e+00 (113494)
*225917: obj =   2.088226450e+03 inf =   8.714e+00 (113493) 1
*225949: obj =   2.088226450e+03 inf =   8.714e+00 (113486)
*225981: obj =   2.088226387e+03 inf =   8.734e+00 (113479)
*226013: obj =   2.088226339e+03 inf =   8.749e+00 (113482)
*226018: obj =   2.088226337e+03 inf =   8.750e+00 (113486) 1
*226050: obj =   2.088226246e+03 inf =   8.779e+00 (113498)
*226082: obj =   2.088226239e+03 inf =   8.782e+00 (113501)
*226117: obj =   2.088226235e+03 inf =   8.783e+00 (113523)
*226119: obj =   2.088226235e+03 inf =   8.783e+00 (113523) 1
*226153: obj =   2.088226235e+03 inf =   8.783e+00 (113511)
*226185: obj =   2.088226235e+03 inf =   8.783e+00 (113506)
*226217: obj =   2.088226228e+03 inf =   8.785e+00 (113504)
*226220: obj =   2.088226228e+03 inf =   8.785e+00 (113506) 1
*226252: obj =   2.088226161e+03 inf =   8.806e+00 (113500)
*226283: obj =   2.088226161e+03 inf =   8.806e+00 (113501)
*226314: obj =   2.088226161e+03 inf =   8.806e+00 (113483)
*226321: obj =   2.088226161e+03 inf =   8.806e+00 (113475) 1
*226353: obj =   2.088226161e+03 inf =   8.806e+00 (113476)
*226385: obj =   2.088226086e+03 inf =   8.830e+00 (113474)
*226417: obj =   2.088226086e+03 inf =   8.830e+00 (113474)
*226422: obj =   2.088226086e+03 inf =   8.830e+00 (113470) 1
*226454: obj =   2.088226029e+03 inf =   8.849e+00 (113466)
*226486: obj =   2.088226029e+03 inf =   8.849e+00 (113474)
*226517: obj =   2.088226029e+03 inf =   8.848e+00 (113466)
*226523: obj =   2.088226029e+03 inf =   8.848e+00 (113467) 1
*226555: obj =   2.088226029e+03 inf =   8.848e+00 (113481)
*226587: obj =   2.088225930e+03 inf =   8.881e+00 (113493)
*226619: obj =   2.088225819e+03 inf =   8.918e+00 (113494)
*226624: obj =   2.088225799e+03 inf =   8.924e+00 (113485) 1
*226656: obj =   2.088225596e+03 inf =   8.992e+00 (113499)
*226687: obj =   2.088225482e+03 inf =   9.027e+00 (113504)
*226719: obj =   2.088225372e+03 inf =   9.063e+00 (113493)
*226725: obj =   2.088225371e+03 inf =   9.063e+00 (113491) 1
*226758: obj =   2.088225325e+03 inf =   9.081e+00 (113485)
*226792: obj =   2.088225318e+03 inf =   9.083e+00 (113487)
*226826: obj =   2.088225315e+03 inf =   9.083e+00 (113483) 1
*226861: obj =   2.088225314e+03 inf =   9.083e+00 (113488)
*226893: obj =   2.088225259e+03 inf =   9.101e+00 (113488)
*226925: obj =   2.088225202e+03 inf =   9.119e+00 (113489)
*226927: obj =   2.088225199e+03 inf =   9.120e+00 (113488) 1
*226959: obj =   2.088225167e+03 inf =   9.130e+00 (113478)
*226991: obj =   2.088225166e+03 inf =   9.130e+00 (113458)
*227023: obj =   2.088225119e+03 inf =   9.145e+00 (113462)
*227028: obj =   2.088225057e+03 inf =   9.164e+00 (113460) 1
*227060: obj =   2.088225025e+03 inf =   9.175e+00 (113457)
*227092: obj =   2.088225025e+03 inf =   9.175e+00 (113430)
*227124: obj =   2.088225025e+03 inf =   9.174e+00 (113447)
*227129: obj =   2.088225025e+03 inf =   9.174e+00 (113440) 1
*227161: obj =   2.088224996e+03 inf =   9.184e+00 (113427)
*227192: obj =   2.088224911e+03 inf =   9.212e+00 (113432)
*227225: obj =   2.088224909e+03 inf =   9.212e+00 (113432)
*227230: obj =   2.088224909e+03 inf =   9.212e+00 (113431) 1
*227265: obj =   2.088224909e+03 inf =   9.211e+00 (113442)
*227301: obj =   2.088224909e+03 inf =   9.211e+00 (113442)
*227331: obj =   2.088224855e+03 inf =   9.227e+00 (113449) 1
*227362: obj =   2.088224855e+03 inf =   9.226e+00 (113438)
*227394: obj =   2.088224766e+03 inf =   9.255e+00 (113436)
*227426: obj =   2.088224763e+03 inf =   9.256e+00 (113426)
*227432: obj =   2.088224763e+03 inf =   9.256e+00 (113427) 1
*227464: obj =   2.088224763e+03 inf =   9.256e+00 (113419)
*227496: obj =   2.088224757e+03 inf =   9.258e+00 (113420)
*227528: obj =   2.088224757e+03 inf =   9.257e+00 (113413)
*227533: obj =   2.088224757e+03 inf =   9.257e+00 (113419) 1
*227564: obj =   2.088224721e+03 inf =   9.269e+00 (113406)
*227595: obj =   2.088224698e+03 inf =   9.276e+00 (113405)
*227627: obj =   2.088224697e+03 inf =   9.276e+00 (113395)
*227634: obj =   2.088224697e+03 inf =   9.276e+00 (113398) 1
*227667: obj =   2.088224672e+03 inf =   9.284e+00 (113411)
*227700: obj =   2.088224672e+03 inf =   9.283e+00 (113409)
*227733: obj =   2.088224672e+03 inf =   9.283e+00 (113404)
*227735: obj =   2.088224672e+03 inf =   9.283e+00 (113408) 1
*227767: obj =   2.088224672e+03 inf =   9.283e+00 (113393)
*227800: obj =   2.088224671e+03 inf =   9.283e+00 (113409)
*227832: obj =   2.088224657e+03 inf =   9.287e+00 (113415)
*227836: obj =   2.088224657e+03 inf =   9.287e+00 (113413) 1
*227868: obj =   2.088224626e+03 inf =   9.297e+00 (113406)
*227900: obj =   2.088224602e+03 inf =   9.305e+00 (113405)
*227932: obj =   2.088224601e+03 inf =   9.305e+00 (113410)
*227937: obj =   2.088224601e+03 inf =   9.305e+00 (113393) 1
*227968: obj =   2.088224601e+03 inf =   9.304e+00 (113389)
*227999: obj =   2.088224523e+03 inf =   9.329e+00 (113391)
*228031: obj =   2.088224516e+03 inf =   9.331e+00 (113394)
*228038: obj =   2.088224516e+03 inf =   9.330e+00 (113397) 1
*228071: obj =   2.088224516e+03 inf =   9.330e+00 (113381)
*228102: obj =   2.088224516e+03 inf =   9.330e+00 (113386)
*228134: obj =   2.088224516e+03 inf =   9.329e+00 (113381)
*228139: obj =   2.088224516e+03 inf =   9.329e+00 (113382) 1
*228171: obj =   2.088224516e+03 inf =   9.329e+00 (113359)
*228202: obj =   2.088224516e+03 inf =   9.328e+00 (113366)
*228233: obj =   2.088224516e+03 inf =   9.328e+00 (113382)
*228240: obj =   2.088224516e+03 inf =   9.328e+00 (113377) 1
*228272: obj =   2.088224514e+03 inf =   9.328e+00 (113375)
*228301: obj =   2.088224514e+03 inf =   9.327e+00 (113372)
*228327: obj =   2.088224514e+03 inf =   9.327e+00 (113385)
*228341: obj =   2.088224514e+03 inf =   9.326e+00 (113375) 1
*228373: obj =   2.088224514e+03 inf =   9.325e+00 (113378)
*228405: obj =   2.088224511e+03 inf =   9.326e+00 (113381)
*228437: obj =   2.088224511e+03 inf =   9.325e+00 (113388)
*228442: obj =   2.088224511e+03 inf =   9.325e+00 (113380) 1
*228473: obj =   2.088224511e+03 inf =   9.325e+00 (113385)
*228506: obj =   2.088224511e+03 inf =   9.325e+00 (113375)
*228537: obj =   2.088224511e+03 inf =   9.324e+00 (113366)
*228543: obj =   2.088224511e+03 inf =   9.324e+00 (113368) 1
*228575: obj =   2.088224405e+03 inf =   9.360e+00 (113365)
*228607: obj =   2.088224344e+03 inf =   9.380e+00 (113345)
*228639: obj =   2.088224340e+03 inf =   9.381e+00 (113351)
*228644: obj =   2.088224340e+03 inf =   9.381e+00 (113351) 1
*228676: obj =   2.088224313e+03 inf =   9.390e+00 (113340)
*228708: obj =   2.088224231e+03 inf =   9.419e+00 (113342)
*228742: obj =   2.088224154e+03 inf =   9.445e+00 (113355)
*228745: obj =   2.088224154e+03 inf =   9.445e+00 (113350) 1
*228778: obj =   2.088224134e+03 inf =   9.452e+00 (113331)
*228813: obj =   2.088224134e+03 inf =   9.452e+00 (113363)
*228846: obj =   2.088224134e+03 inf =   9.452e+00 (113340) 1
*228878: obj =   2.088224104e+03 inf =   9.462e+00 (113341)
*228909: obj =   2.088223967e+03 inf =   9.510e+00 (113315)
*228940: obj =   2.088223875e+03 inf =   9.542e+00 (113335)
*228947: obj =   2.088223841e+03 inf =   9.555e+00 (113337) 1
*228979: obj =   2.088223704e+03 inf =   9.603e+00 (113332)
*229011: obj =   2.088223686e+03 inf =   9.609e+00 (113317)
*229043: obj =   2.088223669e+03 inf =   9.614e+00 (113316)
*229048: obj =   2.088223665e+03 inf =   9.615e+00 (113323) 1
*229080: obj =   2.088223611e+03 inf =   9.633e+00 (113320)
*229113: obj =   2.088223546e+03 inf =   9.654e+00 (113317)
*229148: obj =   2.088223546e+03 inf =   9.654e+00 (113322)
*229149: obj =   2.088223546e+03 inf =   9.654e+00 (113320) 1
*229184: obj =   2.088223545e+03 inf =   9.653e+00 (113340)
*229218: obj =   2.088223545e+03 inf =   9.652e+00 (113332)
*229250: obj =   2.088223545e+03 inf =   9.652e+00 (113344) 1
*229285: obj =   2.088223545e+03 inf =   9.651e+00 (113353)
*229319: obj =   2.088223518e+03 inf =   9.660e+00 (113359)
*229351: obj =   2.088223518e+03 inf =   9.659e+00 (113350) 1
*229382: obj =   2.088223518e+03 inf =   9.659e+00 (113340)
*229413: obj =   2.088223490e+03 inf =   9.668e+00 (113337)
*229445: obj =   2.088223490e+03 inf =   9.668e+00 (113337)
*229452: obj =   2.088223490e+03 inf =   9.668e+00 (113348) 1
*229484: obj =   2.088223442e+03 inf =   9.681e+00 (113340)
*229516: obj =   2.088223295e+03 inf =   9.725e+00 (113345)
*229548: obj =   2.088223295e+03 inf =   9.725e+00 (113334)
*229553: obj =   2.088223295e+03 inf =   9.725e+00 (113345) 1
*229584: obj =   2.088223268e+03 inf =   9.734e+00 (113326)
*229615: obj =   2.088223239e+03 inf =   9.744e+00 (113323)
*229646: obj =   2.088223189e+03 inf =   9.761e+00 (113318)
*229655: obj =   2.088223188e+03 inf =   9.761e+00 (113314) 1
*229687: obj =   2.088223188e+03 inf =   9.761e+00 (113304)
*229719: obj =   2.088223180e+03 inf =   9.763e+00 (113303)
*229751: obj =   2.088223180e+03 inf =   9.763e+00 (113266)
*229756: obj =   2.088223179e+03 inf =   9.763e+00 (113273) 1
*229787: obj =   2.088223177e+03 inf =   9.763e+00 (113270)
*229818: obj =   2.088223131e+03 inf =   9.780e+00 (113263)
*229848: obj =   2.088223090e+03 inf =   9.794e+00 (113258)
*229857: obj =   2.088223058e+03 inf =   9.805e+00 (113258) 1
*229889: obj =   2.088222918e+03 inf =   9.854e+00 (113266)
*229921: obj =   2.088222918e+03 inf =   9.854e+00 (113262)
*229953: obj =   2.088222918e+03 inf =   9.854e+00 (113255)
*229958: obj =   2.088222918e+03 inf =   9.854e+00 (113255) 1
*229990: obj =   2.088222918e+03 inf =   9.853e+00 (113252)
*230021: obj =   2.088222918e+03 inf =   9.853e+00 (113249)
*230052: obj =   2.088222918e+03 inf =   9.852e+00 (113254)
*230059: obj =   2.088222918e+03 inf =   9.852e+00 (113254) 1
*230092: obj =   2.088222918e+03 inf =   9.852e+00 (113231)
*230124: obj =   2.088222918e+03 inf =   9.852e+00 (113220)
*230156: obj =   2.088222918e+03 inf =   9.852e+00 (113227)
*230160: obj =   2.088222918e+03 inf =   9.851e+00 (113218) 1
*230187: obj =   2.088222918e+03 inf =   9.851e+00 (113217)
*230214: obj =   2.088222918e+03 inf =   9.851e+00 (113212)
*230245: obj =   2.088222916e+03 inf =   9.851e+00 (113204)
*230261: obj =   2.088222916e+03 inf =   9.851e+00 (113193) 1
*230292: obj =   2.088222875e+03 inf =   9.865e+00 (113199)
*230323: obj =   2.088222875e+03 inf =   9.865e+00 (113210)
*230354: obj =   2.088222843e+03 inf =   9.876e+00 (113190)
*230362: obj =   2.088222843e+03 inf =   9.876e+00 (113197) 1
*230393: obj =   2.088222843e+03 inf =   9.875e+00 (113196)
*230424: obj =   2.088222840e+03 inf =   9.876e+00 (113204)
*230455: obj =   2.088222840e+03 inf =   9.876e+00 (113206)
*230463: obj =   2.088222840e+03 inf =   9.876e+00 (113203) 1
*230493: obj =   2.088222840e+03 inf =   9.875e+00 (113195)
*230524: obj =   2.088222726e+03 inf =   9.916e+00 (113196)
*230557: obj =   2.088222720e+03 inf =   9.919e+00 (113195)
*230564: obj =   2.088222719e+03 inf =   9.919e+00 (113215) 1
*230596: obj =   2.088222682e+03 inf =   9.932e+00 (113192)
*230628: obj =   2.088222622e+03 inf =   9.954e+00 (113179)
*230660: obj =   2.088222622e+03 inf =   9.953e+00 (113177)
*230665: obj =   2.088222622e+03 inf =   9.953e+00 (113177) 1
*230696: obj =   2.088222517e+03 inf =   9.992e+00 (113172)
*230727: obj =   2.088222448e+03 inf =   1.002e+01 (113184)
*230757: obj =   2.088222448e+03 inf =   1.002e+01 (113167)
*230766: obj =   2.088222448e+03 inf =   1.002e+01 (113183) 1
*230796: obj =   2.088222389e+03 inf =   1.004e+01 (113166)
*230826: obj =   2.088222387e+03 inf =   1.004e+01 (113170)
*230858: obj =   2.088222387e+03 inf =   1.004e+01 (113170)
*230867: obj =   2.088222387e+03 inf =   1.004e+01 (113167) 1
*230901: obj =   2.088222387e+03 inf =   1.004e+01 (113167)
*230935: obj =   2.088222386e+03 inf =   1.004e+01 (113154)
*230968: obj =   2.088222386e+03 inf =   1.004e+01 (113169) 1
*231002: obj =   2.088222339e+03 inf =   1.005e+01 (113169)
*231034: obj =   2.088222332e+03 inf =   1.005e+01 (113173)
*231066: obj =   2.088222332e+03 inf =   1.005e+01 (113168)
*231069: obj =   2.088222332e+03 inf =   1.005e+01 (113161) 1
*231098: obj =   2.088222332e+03 inf =   1.005e+01 (113159)
*231125: obj =   2.088222332e+03 inf =   1.005e+01 (113148)
*231156: obj =   2.088222332e+03 inf =   1.005e+01 (113128)
*231170: obj =   2.088222332e+03 inf =   1.005e+01 (113130) 1
*231201: obj =   2.088222332e+03 inf =   1.005e+01 (113122)
*231232: obj =   2.088222332e+03 inf =   1.005e+01 (113125)
*231264: obj =   2.088222332e+03 inf =   1.005e+01 (113114)
*231271: obj =   2.088222332e+03 inf =   1.005e+01 (113123) 1
*231303: obj =   2.088222272e+03 inf =   1.007e+01 (113122)
*231334: obj =   2.088222272e+03 inf =   1.007e+01 (113119)
*231365: obj =   2.088222272e+03 inf =   1.007e+01 (113124)
*231372: obj =   2.088222268e+03 inf =   1.007e+01 (113128) 1
*231403: obj =   2.088222268e+03 inf =   1.007e+01 (113130)
*231434: obj =   2.088222251e+03 inf =   1.008e+01 (113116)
*231465: obj =   2.088222251e+03 inf =   1.008e+01 (113102)
*231473: obj =   2.088222251e+03 inf =   1.008e+01 (113128) 1
*231506: obj =   2.088222251e+03 inf =   1.008e+01 (113123)
*231539: obj =   2.088222251e+03 inf =   1.007e+01 (113111)
*231573: obj =   2.088222190e+03 inf =   1.010e+01 (113110)
*231574: obj =   2.088222189e+03 inf =   1.010e+01 (113113) 1
*231606: obj =   2.088222139e+03 inf =   1.011e+01 (113102)
*231637: obj =   2.088222049e+03 inf =   1.015e+01 (113085)
*231669: obj =   2.088222045e+03 inf =   1.015e+01 (113090)
*231675: obj =   2.088222034e+03 inf =   1.015e+01 (113100) 1
*231706: obj =   2.088221984e+03 inf =   1.017e+01 (113087)
*231737: obj =   2.088221882e+03 inf =   1.020e+01 (113080)
*231769: obj =   2.088221816e+03 inf =   1.023e+01 (113097)
*231776: obj =   2.088221784e+03 inf =   1.024e+01 (113098) 1
*231808: obj =   2.088221766e+03 inf =   1.025e+01 (113082)
*231840: obj =   2.088221738e+03 inf =   1.025e+01 (113080)
*231872: obj =   2.088221733e+03 inf =   1.026e+01 (113075)
*231877: obj =   2.088221733e+03 inf =   1.026e+01 (113070) 1
*231909: obj =   2.088221640e+03 inf =   1.029e+01 (113072)
*231941: obj =   2.088221592e+03 inf =   1.031e+01 (113074)
*231973: obj =   2.088221566e+03 inf =   1.032e+01 (113045)
*231978: obj =   2.088221546e+03 inf =   1.032e+01 (113052) 1
*232009: obj =   2.088221523e+03 inf =   1.033e+01 (113072)
*232040: obj =   2.088221459e+03 inf =   1.035e+01 (113076)
*232070: obj =   2.088221459e+03 inf =   1.035e+01 (113083)
*232079: obj =   2.088221459e+03 inf =   1.035e+01 (113080) 1
*232111: obj =   2.088221459e+03 inf =   1.035e+01 (113088)
*232143: obj =   2.088221459e+03 inf =   1.035e+01 (113085)
*232175: obj =   2.088221407e+03 inf =   1.037e+01 (113086)
*232180: obj =   2.088221354e+03 inf =   1.039e+01 (113081) 1
*232212: obj =   2.088221354e+03 inf =   1.039e+01 (113080)
*232244: obj =   2.088221353e+03 inf =   1.039e+01 (113075)
*232276: obj =   2.088221352e+03 inf =   1.039e+01 (113083)
*232281: obj =   2.088221352e+03 inf =   1.039e+01 (113079) 1
*232316: obj =   2.088221346e+03 inf =   1.039e+01 (113047)
*232351: obj =   2.088221346e+03 inf =   1.039e+01 (113043)
*232382: obj =   2.088221346e+03 inf =   1.039e+01 (113047) 1
*232417: obj =   2.088221331e+03 inf =   1.040e+01 (113031)
*232452: obj =   2.088221331e+03 inf =   1.040e+01 (113045)
*232483: obj =   2.088221302e+03 inf =   1.041e+01 (113042) 1
*232517: obj =   2.088221302e+03 inf =   1.041e+01 (113053)
*232552: obj =   2.088221302e+03 inf =   1.041e+01 (113060)
*232584: obj =   2.088221294e+03 inf =   1.041e+01 (113072) 1
*232617: obj =   2.088221279e+03 inf =   1.041e+01 (113060)
*232650: obj =   2.088221279e+03 inf =   1.041e+01 (113062)
*232683: obj =   2.088221211e+03 inf =   1.044e+01 (113062)
*232685: obj =   2.088221211e+03 inf =   1.044e+01 (113059) 1
*232717: obj =   2.088221102e+03 inf =   1.048e+01 (113038)
*232749: obj =   2.088221061e+03 inf =   1.050e+01 (113036)
*232782: obj =   2.088220960e+03 inf =   1.053e+01 (113056)
*232786: obj =   2.088220952e+03 inf =   1.054e+01 (113049) 1
*232817: obj =   2.088220911e+03 inf =   1.055e+01 (113035)
*232850: obj =   2.088220909e+03 inf =   1.055e+01 (113022)
*232886: obj =   2.088220899e+03 inf =   1.056e+01 (113021)
*232887: obj =   2.088220899e+03 inf =   1.056e+01 (113023) 1
*232921: obj =   2.088220896e+03 inf =   1.056e+01 (113024)
*232953: obj =   2.088220799e+03 inf =   1.059e+01 (113003)
*232984: obj =   2.088220750e+03 inf =   1.061e+01 (113014)
*232988: obj =   2.088220750e+03 inf =   1.061e+01 (113011) 1
*233020: obj =   2.088220750e+03 inf =   1.061e+01 (113006)
*233052: obj =   2.088220656e+03 inf =   1.064e+01 (113006)
*233084: obj =   2.088220656e+03 inf =   1.064e+01 (113014)
*233089: obj =   2.088220656e+03 inf =   1.064e+01 (113015) 1
*233121: obj =   2.088220580e+03 inf =   1.067e+01 (113005)
*233154: obj =   2.088220551e+03 inf =   1.068e+01 (113028)
*233188: obj =   2.088220546e+03 inf =   1.069e+01 (113029)
*233190: obj =   2.088220546e+03 inf =   1.069e+01 (113032) 1
*233223: obj =   2.088220534e+03 inf =   1.069e+01 (113051)
*233256: obj =   2.088220534e+03 inf =   1.069e+01 (113035)
*233291: obj =   2.088220526e+03 inf =   1.069e+01 (113019) 1
*233325: obj =   2.088220524e+03 inf =   1.069e+01 (113004)
*233358: obj =   2.088220487e+03 inf =   1.071e+01 (112980)
*233389: obj =   2.088220487e+03 inf =   1.071e+01 (112989)
*233392: obj =   2.088220487e+03 inf =   1.071e+01 (112992) 1
*233424: obj =   2.088220487e+03 inf =   1.071e+01 (112994)
*233455: obj =   2.088220453e+03 inf =   1.072e+01 (112978)
*233487: obj =   2.088220453e+03 inf =   1.072e+01 (112970)
*233493: obj =   2.088220453e+03 inf =   1.072e+01 (112967) 1
*233525: obj =   2.088220453e+03 inf =   1.072e+01 (112947)
*233557: obj =   2.088220452e+03 inf =   1.072e+01 (112929)
*233590: obj =   2.088220384e+03 inf =   1.075e+01 (112923)
*233594: obj =   2.088220384e+03 inf =   1.075e+01 (112919) 1
*233627: obj =   2.088220297e+03 inf =   1.078e+01 (112919)
*233661: obj =   2.088220245e+03 inf =   1.080e+01 (112934)
*233693: obj =   2.088220198e+03 inf =   1.081e+01 (112929)
*233695: obj =   2.088220197e+03 inf =   1.081e+01 (112932) 1
*233726: obj =   2.088220197e+03 inf =   1.081e+01 (112936)
*233757: obj =   2.088220197e+03 inf =   1.081e+01 (112932)
*233788: obj =   2.088220169e+03 inf =   1.082e+01 (112925)
*233796: obj =   2.088220169e+03 inf =   1.082e+01 (112936) 1
*233828: obj =   2.088220169e+03 inf =   1.082e+01 (112912)
*233859: obj =   2.088220169e+03 inf =   1.082e+01 (112918)
*233891: obj =   2.088220169e+03 inf =   1.082e+01 (112898)
*233897: obj =   2.088220169e+03 inf =   1.082e+01 (112896) 1
*233930: obj =   2.088220150e+03 inf =   1.083e+01 (112894)
*233963: obj =   2.088220132e+03 inf =   1.084e+01 (112892)
*233996: obj =   2.088220131e+03 inf =   1.084e+01 (112896)
*233998: obj =   2.088220131e+03 inf =   1.084e+01 (112896) 1
*234032: obj =   2.088220131e+03 inf =   1.083e+01 (112905)
*234067: obj =   2.088220131e+03 inf =   1.083e+01 (112892)
*234099: obj =   2.088220131e+03 inf =   1.083e+01 (112900) 1
*234131: obj =   2.088220115e+03 inf =   1.084e+01 (112902)
*234164: obj =   2.088220115e+03 inf =   1.084e+01 (112888)
*234199: obj =   2.088220115e+03 inf =   1.084e+01 (112891)
*234200: obj =   2.088220115e+03 inf =   1.084e+01 (112890) 1
*234232: obj =   2.088220075e+03 inf =   1.085e+01 (112892)
*234263: obj =   2.088220053e+03 inf =   1.086e+01 (112884)
*234294: obj =   2.088219955e+03 inf =   1.089e+01 (112888)
*234301: obj =   2.088219955e+03 inf =   1.089e+01 (112884) 1
*234332: obj =   2.088219955e+03 inf =   1.089e+01 (112880)
*234363: obj =   2.088219777e+03 inf =   1.095e+01 (112888)
*234394: obj =   2.088219734e+03 inf =   1.096e+01 (112888)
*234402: obj =   2.088219676e+03 inf =   1.098e+01 (112884) 1
*234434: obj =   2.088219589e+03 inf =   1.101e+01 (112880)
*234466: obj =   2.088219520e+03 inf =   1.103e+01 (112872)
*234498: obj =   2.088219394e+03 inf =   1.107e+01 (112870)
*234503: obj =   2.088219354e+03 inf =   1.109e+01 (112860) 1
*234534: obj =   2.088219296e+03 inf =   1.110e+01 (112876)
*234566: obj =   2.088219296e+03 inf =   1.110e+01 (112863)
*234598: obj =   2.088219272e+03 inf =   1.111e+01 (112872)
*234604: obj =   2.088219272e+03 inf =   1.111e+01 (112867) 1
*234636: obj =   2.088219252e+03 inf =   1.112e+01 (112865)
*234670: obj =   2.088219230e+03 inf =   1.113e+01 (112875)
*234703: obj =   2.088219213e+03 inf =   1.113e+01 (112858)
*234705: obj =   2.088219213e+03 inf =   1.113e+01 (112852) 1
*234738: obj =   2.088219211e+03 inf =   1.114e+01 (112849)
*234774: obj =   2.088219211e+03 inf =   1.114e+01 (112842)
*234806: obj =   2.088219157e+03 inf =   1.116e+01 (112839) 1
*234838: obj =   2.088219156e+03 inf =   1.115e+01 (112834)
*234870: obj =   2.088219156e+03 inf =   1.115e+01 (112826)
*234902: obj =   2.088219150e+03 inf =   1.116e+01 (112830)
*234907: obj =   2.088219150e+03 inf =   1.116e+01 (112824) 1
*234940: obj =   2.088219150e+03 inf =   1.116e+01 (112828)
*234973: obj =   2.088219143e+03 inf =   1.116e+01 (112813)
*235005: obj =   2.088219093e+03 inf =   1.118e+01 (112830)
*235008: obj =   2.088219093e+03 inf =   1.118e+01 (112833) 1
*235041: obj =   2.088219076e+03 inf =   1.118e+01 (112824)
*235074: obj =   2.088219076e+03 inf =   1.118e+01 (112838)
*235109: obj =   2.088219076e+03 inf =   1.118e+01 (112834) 1
*235143: obj =   2.088219074e+03 inf =   1.118e+01 (112834)
*235175: obj =   2.088219035e+03 inf =   1.120e+01 (112829)
*235207: obj =   2.088219016e+03 inf =   1.120e+01 (112834)
*235210: obj =   2.088219016e+03 inf =   1.120e+01 (112829) 1
*235242: obj =   2.088219012e+03 inf =   1.120e+01 (112838)
*235274: obj =   2.088218991e+03 inf =   1.121e+01 (112837)
*235306: obj =   2.088218973e+03 inf =   1.122e+01 (112841)
*235311: obj =   2.088218973e+03 inf =   1.122e+01 (112841) 1
*235343: obj =   2.088218969e+03 inf =   1.122e+01 (112836)
*235375: obj =   2.088218968e+03 inf =   1.122e+01 (112834)
*235407: obj =   2.088218968e+03 inf =   1.122e+01 (112836)
*235412: obj =   2.088218968e+03 inf =   1.122e+01 (112842) 1
*235445: obj =   2.088218968e+03 inf =   1.122e+01 (112849)
*235479: obj =   2.088218968e+03 inf =   1.122e+01 (112834)
*235513: obj =   2.088218968e+03 inf =   1.122e+01 (112822) 1
*235549: obj =   2.088218963e+03 inf =   1.122e+01 (112844)
*235583: obj =   2.088218963e+03 inf =   1.122e+01 (112828)
*235614: obj =   2.088218953e+03 inf =   1.122e+01 (112817) 1
*235646: obj =   2.088218947e+03 inf =   1.122e+01 (112825)
*235679: obj =   2.088218878e+03 inf =   1.125e+01 (112819)
*235713: obj =   2.088218831e+03 inf =   1.127e+01 (112804)
*235716: obj =   2.088218831e+03 inf =   1.127e+01 (112811) 1
*235748: obj =   2.088218756e+03 inf =   1.129e+01 (112801)
*235780: obj =   2.088218755e+03 inf =   1.130e+01 (112795)
*235813: obj =   2.088218755e+03 inf =   1.129e+01 (112783)
*235817: obj =   2.088218755e+03 inf =   1.129e+01 (112784) 1
*235847: obj =   2.088218754e+03 inf =   1.129e+01 (112765)
*235881: obj =   2.088218753e+03 inf =   1.129e+01 (112778)
*235915: obj =   2.088218753e+03 inf =   1.129e+01 (112781)
*235918: obj =   2.088218753e+03 inf =   1.129e+01 (112777) 1
*235953: obj =   2.088218752e+03 inf =   1.129e+01 (112780)
*235987: obj =   2.088218739e+03 inf =   1.130e+01 (112794)
*236018: obj =   2.088218673e+03 inf =   1.132e+01 (112792)
*236019: obj =   2.088218673e+03 inf =   1.132e+01 (112795) 1
*236051: obj =   2.088218664e+03 inf =   1.132e+01 (112797)
*236083: obj =   2.088218658e+03 inf =   1.133e+01 (112794)
*236115: obj =   2.088218611e+03 inf =   1.134e+01 (112792)
*236120: obj =   2.088218611e+03 inf =   1.134e+01 (112795) 1
*236151: obj =   2.088218611e+03 inf =   1.134e+01 (112799)
*236183: obj =   2.088218564e+03 inf =   1.136e+01 (112806)
*236215: obj =   2.088218509e+03 inf =   1.138e+01 (112810)
*236221: obj =   2.088218462e+03 inf =   1.140e+01 (112802) 1
*236253: obj =   2.088218462e+03 inf =   1.140e+01 (112807)
*236285: obj =   2.088218440e+03 inf =   1.140e+01 (112805)
*236317: obj =   2.088218424e+03 inf =   1.141e+01 (112803)
*236322: obj =   2.088218424e+03 inf =   1.141e+01 (112802) 1
*236353: obj =   2.088218424e+03 inf =   1.141e+01 (112799)
*236384: obj =   2.088218353e+03 inf =   1.143e+01 (112799)
*236415: obj =   2.088218349e+03 inf =   1.143e+01 (112776)
*236423: obj =   2.088218349e+03 inf =   1.143e+01 (112772) 1
*236454: obj =   2.088218284e+03 inf =   1.145e+01 (112761)
*236486: obj =   2.088218284e+03 inf =   1.145e+01 (112770)
*236517: obj =   2.088218284e+03 inf =   1.145e+01 (112764)
*236524: obj =   2.088218284e+03 inf =   1.145e+01 (112770) 1
*236556: obj =   2.088218284e+03 inf =   1.145e+01 (112765)
*236588: obj =   2.088218268e+03 inf =   1.146e+01 (112772)
*236620: obj =   2.088218231e+03 inf =   1.147e+01 (112771)
*236625: obj =   2.088218231e+03 inf =   1.147e+01 (112766) 1
*236658: obj =   2.088218226e+03 inf =   1.147e+01 (112775)
*236692: obj =   2.088218192e+03 inf =   1.148e+01 (112784)
*236725: obj =   2.088218192e+03 inf =   1.148e+01 (112785)
*236726: obj =   2.088218192e+03 inf =   1.148e+01 (112785) 1
*236758: obj =   2.088218192e+03 inf =   1.148e+01 (112767)
*236790: obj =   2.088218125e+03 inf =   1.151e+01 (112773)
*236823: obj =   2.088218124e+03 inf =   1.151e+01 (112758)
*236827: obj =   2.088218124e+03 inf =   1.151e+01 (112764) 1
*236859: obj =   2.088218124e+03 inf =   1.150e+01 (112760)
*236891: obj =   2.088218124e+03 inf =   1.150e+01 (112748)
*236926: obj =   2.088218123e+03 inf =   1.150e+01 (112762)
*236928: obj =   2.088218123e+03 inf =   1.150e+01 (112761) 1
*236963: obj =   2.088218123e+03 inf =   1.150e+01 (112770)
*236999: obj =   2.088218120e+03 inf =   1.150e+01 (112744)
*237029: obj =   2.088218120e+03 inf =   1.150e+01 (112731) 1
*237065: obj =   2.088218116e+03 inf =   1.150e+01 (112731)
*237100: obj =   2.088218108e+03 inf =   1.151e+01 (112720)
*237130: obj =   2.088218108e+03 inf =   1.151e+01 (112707) 1
*237162: obj =   2.088218108e+03 inf =   1.151e+01 (112694)
*237194: obj =   2.088218108e+03 inf =   1.151e+01 (112700)
*237226: obj =   2.088218108e+03 inf =   1.151e+01 (112690)
*237231: obj =   2.088218108e+03 inf =   1.151e+01 (112684) 1
*237262: obj =   2.088218082e+03 inf =   1.152e+01 (112688)
*237294: obj =   2.088218044e+03 inf =   1.153e+01 (112689)
*237326: obj =   2.088217969e+03 inf =   1.156e+01 (112670)
*237332: obj =   2.088217969e+03 inf =   1.156e+01 (112663) 1
*237362: obj =   2.088217968e+03 inf =   1.156e+01 (112677)
*237392: obj =   2.088217968e+03 inf =   1.156e+01 (112668)
*237422: obj =   2.088217968e+03 inf =   1.156e+01 (112652)
*237433: obj =   2.088217968e+03 inf =   1.156e+01 (112658) 1
*237465: obj =   2.088217968e+03 inf =   1.156e+01 (112663)
*237496: obj =   2.088217966e+03 inf =   1.156e+01 (112655)
*237528: obj =   2.088217966e+03 inf =   1.156e+01 (112642)
*237534: obj =   2.088217966e+03 inf =   1.156e+01 (112645) 1
*237566: obj =   2.088217966e+03 inf =   1.156e+01 (112630)
*237599: obj =   2.088217935e+03 inf =   1.157e+01 (112633)
*237632: obj =   2.088217904e+03 inf =   1.158e+01 (112618)
*237635: obj =   2.088217904e+03 inf =   1.158e+01 (112620) 1
*237667: obj =   2.088217858e+03 inf =   1.160e+01 (112619)
*237699: obj =   2.088217752e+03 inf =   1.164e+01 (112606)
*237730: obj =   2.088217705e+03 inf =   1.166e+01 (112618)
*237736: obj =   2.088217687e+03 inf =   1.166e+01 (112621) 1
*237767: obj =   2.088217684e+03 inf =   1.166e+01 (112633)
*237798: obj =   2.088217558e+03 inf =   1.172e+01 (112631)
*237831: obj =   2.088217536e+03 inf =   1.172e+01 (112641)
*237837: obj =   2.088217536e+03 inf =   1.172e+01 (112635) 1
*237869: obj =   2.088217462e+03 inf =   1.175e+01 (112600)
*237901: obj =   2.088217462e+03 inf =   1.175e+01 (112591)
*237933: obj =   2.088217400e+03 inf =   1.178e+01 (112582)
*237938: obj =   2.088217400e+03 inf =   1.178e+01 (112577) 1
*237970: obj =   2.088217318e+03 inf =   1.181e+01 (112580)
*238001: obj =   2.088217269e+03 inf =   1.183e+01 (112588)
*238032: obj =   2.088217269e+03 inf =   1.183e+01 (112578)
*238039: obj =   2.088217267e+03 inf =   1.183e+01 (112577) 1
*238071: obj =   2.088217266e+03 inf =   1.183e+01 (112580)
*238103: obj =   2.088217222e+03 inf =   1.184e+01 (112578)
*238135: obj =   2.088217221e+03 inf =   1.184e+01 (112572)
*238140: obj =   2.088217221e+03 inf =   1.184e+01 (112561) 1
*238175: obj =   2.088217219e+03 inf =   1.184e+01 (112555)
*238209: obj =   2.088217219e+03 inf =   1.184e+01 (112554)
*238241: obj =   2.088217219e+03 inf =   1.184e+01 (112572) 1
*238278: obj =   2.088217219e+03 inf =   1.184e+01 (112581)
*238310: obj =   2.088217216e+03 inf =   1.184e+01 (112581)
*238340: obj =   2.088217216e+03 inf =   1.184e+01 (112577)
*238342: obj =   2.088217205e+03 inf =   1.185e+01 (112570) 1
*238374: obj =   2.088217191e+03 inf =   1.185e+01 (112580)
*238407: obj =   2.088217171e+03 inf =   1.186e+01 (112565)
*238439: obj =   2.088217171e+03 inf =   1.186e+01 (112570)
*238443: obj =   2.088217171e+03 inf =   1.186e+01 (112566) 1
*238475: obj =   2.088217171e+03 inf =   1.186e+01 (112558)
*238508: obj =   2.088217134e+03 inf =   1.187e+01 (112558)
*238540: obj =   2.088217118e+03 inf =   1.188e+01 (112551)
*238544: obj =   2.088217117e+03 inf =   1.188e+01 (112562) 1
*238577: obj =   2.088217059e+03 inf =   1.190e+01 (112552)
*238609: obj =   2.088217013e+03 inf =   1.192e+01 (112554)
*238641: obj =   2.088217013e+03 inf =   1.192e+01 (112550)
*238646: obj =   2.088217013e+03 inf =   1.192e+01 (112549) 1
*238678: obj =   2.088216989e+03 inf =   1.193e+01 (112552)
*238710: obj =   2.088216988e+03 inf =   1.193e+01 (112548)
*238745: obj =   2.088216988e+03 inf =   1.193e+01 (112535)
*238748: obj =   2.088216988e+03 inf =   1.193e+01 (112534) 1
*238781: obj =   2.088216987e+03 inf =   1.193e+01 (112509)
*238813: obj =   2.088216968e+03 inf =   1.193e+01 (112507)
*238845: obj =   2.088216965e+03 inf =   1.193e+01 (112495)
*238849: obj =   2.088216965e+03 inf =   1.193e+01 (112495) 1
*238882: obj =   2.088216898e+03 inf =   1.196e+01 (112505)
*238914: obj =   2.088216865e+03 inf =   1.197e+01 (112478)
*238946: obj =   2.088216865e+03 inf =   1.197e+01 (112479)
*238950: obj =   2.088216865e+03 inf =   1.197e+01 (112483) 1
*238982: obj =   2.088216807e+03 inf =   1.200e+01 (112483)
*239016: obj =   2.088216801e+03 inf =   1.200e+01 (112499)
*239048: obj =   2.088216722e+03 inf =   1.203e+01 (112525)
*239051: obj =   2.088216722e+03 inf =   1.203e+01 (112525) 1
*239084: obj =   2.088216698e+03 inf =   1.204e+01 (112511)
*239116: obj =   2.088216687e+03 inf =   1.204e+01 (112505)
*239148: obj =   2.088216612e+03 inf =   1.207e+01 (112493)
*239152: obj =   2.088216612e+03 inf =   1.207e+01 (112499) 1
*239183: obj =   2.088216612e+03 inf =   1.206e+01 (112500)
*239214: obj =   2.088216612e+03 inf =   1.206e+01 (112507)
*239243: obj =   2.088216612e+03 inf =   1.206e+01 (112494)
*239253: obj =   2.088216612e+03 inf =   1.206e+01 (112495) 1
*239284: obj =   2.088216593e+03 inf =   1.207e+01 (112489)
*239315: obj =   2.088216570e+03 inf =   1.208e+01 (112485)
*239346: obj =   2.088216550e+03 inf =   1.209e+01 (112475)
*239354: obj =   2.088216550e+03 inf =   1.209e+01 (112482) 1
*239389: obj =   2.088216550e+03 inf =   1.208e+01 (112471)
*239423: obj =   2.088216549e+03 inf =   1.208e+01 (112479)
*239456: obj =   2.088216544e+03 inf =   1.209e+01 (112486) 1
*239491: obj =   2.088216538e+03 inf =   1.209e+01 (112475)
*239521: obj =   2.088216538e+03 inf =   1.209e+01 (112492)
*239554: obj =   2.088216531e+03 inf =   1.209e+01 (112493)
*239557: obj =   2.088216531e+03 inf =   1.209e+01 (112493) 1
*239590: obj =   2.088216524e+03 inf =   1.209e+01 (112494)
*239622: obj =   2.088216447e+03 inf =   1.212e+01 (112490)
*239654: obj =   2.088216446e+03 inf =   1.212e+01 (112496)
*239658: obj =   2.088216433e+03 inf =   1.213e+01 (112495) 1
*239690: obj =   2.088216432e+03 inf =   1.213e+01 (112486)
*239722: obj =   2.088216428e+03 inf =   1.213e+01 (112475)
*239755: obj =   2.088216418e+03 inf =   1.213e+01 (112471)
*239759: obj =   2.088216418e+03 inf =   1.213e+01 (112461) 1
*239790: obj =   2.088216418e+03 inf =   1.213e+01 (112465)
*239822: obj =   2.088216392e+03 inf =   1.214e+01 (112473)
*239854: obj =   2.088216353e+03 inf =   1.216e+01 (112456)
*239860: obj =   2.088216353e+03 inf =   1.216e+01 (112458) 1
*239893: obj =   2.088216339e+03 inf =   1.216e+01 (112463)
*239926: obj =   2.088216338e+03 inf =   1.216e+01 (112467)
*239958: obj =   2.088216337e+03 inf =   1.216e+01 (112456)
*239961: obj =   2.088216337e+03 inf =   1.216e+01 (112452) 1
*239994: obj =   2.088216336e+03 inf =   1.216e+01 (112487)
*240027: obj =   2.088216336e+03 inf =   1.216e+01 (112470)
*240060: obj =   2.088216334e+03 inf =   1.216e+01 (112472)
*240062: obj =   2.088216334e+03 inf =   1.216e+01 (112479) 1
*240094: obj =   2.088216333e+03 inf =   1.216e+01 (112499)
*240126: obj =   2.088216333e+03 inf =   1.216e+01 (112522)
*240159: obj =   2.088216285e+03 inf =   1.218e+01 (112503)
*240163: obj =   2.088216282e+03 inf =   1.218e+01 (112502) 1
*240197: obj =   2.088216282e+03 inf =   1.218e+01 (112509)
*240231: obj =   2.088216282e+03 inf =   1.218e+01 (112500)
*240264: obj =   2.088216282e+03 inf =   1.218e+01 (112483) 1
*240299: obj =   2.088216281e+03 inf =   1.218e+01 (112473)
*240333: obj =   2.088216272e+03 inf =   1.218e+01 (112473)
*240365: obj =   2.088216272e+03 inf =   1.218e+01 (112463) 1
*240400: obj =   2.088216272e+03 inf =   1.218e+01 (112460)
*240435: obj =   2.088216272e+03 inf =   1.218e+01 (112452)
*240466: obj =   2.088216271e+03 inf =   1.218e+01 (112466) 1
*240501: obj =   2.088216271e+03 inf =   1.218e+01 (112463)
*240537: obj =   2.088216271e+03 inf =   1.218e+01 (112466)
*240567: obj =   2.088216271e+03 inf =   1.217e+01 (112460) 1
*240601: obj =   2.088216267e+03 inf =   1.218e+01 (112454)
*240634: obj =   2.088216188e+03 inf =   1.221e+01 (112457)
*240667: obj =   2.088216116e+03 inf =   1.224e+01 (112440)
*240668: obj =   2.088216116e+03 inf =   1.224e+01 (112444) 1
*240700: obj =   2.088216047e+03 inf =   1.227e+01 (112446)
*240733: obj =   2.088215952e+03 inf =   1.231e+01 (112421)
*240760: obj =   2.088215952e+03 inf =   1.231e+01 (112426)
*240769: obj =   2.088215951e+03 inf =   1.231e+01 (112432) 1
*240800: obj =   2.088215950e+03 inf =   1.231e+01 (112428)
*240832: obj =   2.088215950e+03 inf =   1.231e+01 (112436)
*240865: obj =   2.088215825e+03 inf =   1.236e+01 (112420)
*240870: obj =   2.088215825e+03 inf =   1.236e+01 (112411) 1
*240902: obj =   2.088215751e+03 inf =   1.239e+01 (112406)
*240934: obj =   2.088215749e+03 inf =   1.239e+01 (112404)
*240966: obj =   2.088215692e+03 inf =   1.242e+01 (112386)
*240971: obj =   2.088215692e+03 inf =   1.242e+01 (112396) 1
*241003: obj =   2.088215691e+03 inf =   1.242e+01 (112386)
*241035: obj =   2.088215691e+03 inf =   1.242e+01 (112384)
*241067: obj =   2.088215682e+03 inf =   1.242e+01 (112375)
*241072: obj =   2.088215682e+03 inf =   1.242e+01 (112378) 1
*241104: obj =   2.088215682e+03 inf =   1.242e+01 (112375)
*241136: obj =   2.088215677e+03 inf =   1.242e+01 (112392)
*241168: obj =   2.088215677e+03 inf =   1.242e+01 (112384)
*241173: obj =   2.088215677e+03 inf =   1.242e+01 (112388) 1
*241206: obj =   2.088215677e+03 inf =   1.242e+01 (112385)
*241239: obj =   2.088215654e+03 inf =   1.243e+01 (112399)
*241271: obj =   2.088215654e+03 inf =   1.243e+01 (112403)
*241274: obj =   2.088215654e+03 inf =   1.243e+01 (112408) 1
*241307: obj =   2.088215653e+03 inf =   1.243e+01 (112400)
*241342: obj =   2.088215653e+03 inf =   1.243e+01 (112408)
*241375: obj =   2.088215653e+03 inf =   1.243e+01 (112419) 1
*241407: obj =   2.088215653e+03 inf =   1.242e+01 (112412)
*241439: obj =   2.088215646e+03 inf =   1.243e+01 (112407)
*241471: obj =   2.088215623e+03 inf =   1.243e+01 (112400)
*241476: obj =   2.088215623e+03 inf =   1.243e+01 (112401) 1
*241507: obj =   2.088215614e+03 inf =   1.244e+01 (112393)
*241538: obj =   2.088215614e+03 inf =   1.244e+01 (112401)
*241571: obj =   2.088215614e+03 inf =   1.244e+01 (112393)
*241577: obj =   2.088215614e+03 inf =   1.244e+01 (112399) 1
*241609: obj =   2.088215613e+03 inf =   1.244e+01 (112408)
*241641: obj =   2.088215613e+03 inf =   1.244e+01 (112380)
*241674: obj =   2.088215589e+03 inf =   1.244e+01 (112371)
*241678: obj =   2.088215589e+03 inf =   1.244e+01 (112371) 1
*241712: obj =   2.088215583e+03 inf =   1.245e+01 (112378)
*241747: obj =   2.088215583e+03 inf =   1.245e+01 (112389)
*241779: obj =   2.088215583e+03 inf =   1.245e+01 (112386) 1
*241812: obj =   2.088215582e+03 inf =   1.245e+01 (112399)
*241845: obj =   2.088215582e+03 inf =   1.244e+01 (112376)
*241878: obj =   2.088215568e+03 inf =   1.245e+01 (112375)
*241880: obj =   2.088215567e+03 inf =   1.245e+01 (112379) 1
*241912: obj =   2.088215565e+03 inf =   1.245e+01 (112370)
*241945: obj =   2.088215503e+03 inf =   1.248e+01 (112361)
*241978: obj =   2.088215446e+03 inf =   1.250e+01 (112357)
*241981: obj =   2.088215446e+03 inf =   1.250e+01 (112357) 1
*242013: obj =   2.088215442e+03 inf =   1.250e+01 (112370)
*242045: obj =   2.088215441e+03 inf =   1.250e+01 (112359)
*242077: obj =   2.088215387e+03 inf =   1.252e+01 (112357)
*242082: obj =   2.088215387e+03 inf =   1.252e+01 (112358) 1
*242114: obj =   2.088215373e+03 inf =   1.253e+01 (112357)
*242145: obj =   2.088215247e+03 inf =   1.256e+01 (112349)
*242176: obj =   2.088215092e+03 inf =   1.261e+01 (112345)
*242183: obj =   2.088215092e+03 inf =   1.261e+01 (112346) 1
*242214: obj =   2.088215092e+03 inf =   1.261e+01 (112337)
*242246: obj =   2.088215092e+03 inf =   1.261e+01 (112329)
*242277: obj =   2.088215092e+03 inf =   1.261e+01 (112329)
*242284: obj =   2.088215092e+03 inf =   1.261e+01 (112325) 1
*242316: obj =   2.088215092e+03 inf =   1.261e+01 (112319)
*242347: obj =   2.088215092e+03 inf =   1.261e+01 (112328)
*242378: obj =   2.088215092e+03 inf =   1.261e+01 (112334)
*242385: obj =   2.088215092e+03 inf =   1.261e+01 (112334) 1
*242417: obj =   2.088214995e+03 inf =   1.263e+01 (112335)
*242449: obj =   2.088214786e+03 inf =   1.268e+01 (112340)
*242481: obj =   2.088214591e+03 inf =   1.273e+01 (112331)
*242486: obj =   2.088214591e+03 inf =   1.273e+01 (112334) 1
*242517: obj =   2.088214589e+03 inf =   1.273e+01 (112329)
*242548: obj =   2.088214481e+03 inf =   1.276e+01 (112322)
*242578: obj =   2.088214402e+03 inf =   1.278e+01 (112334)
*242587: obj =   2.088214359e+03 inf =   1.279e+01 (112321) 1
*242619: obj =   2.088214343e+03 inf =   1.279e+01 (112316)
*242651: obj =   2.088214343e+03 inf =   1.279e+01 (112311)
*242683: obj =   2.088214335e+03 inf =   1.280e+01 (112320)
*242688: obj =   2.088214335e+03 inf =   1.280e+01 (112313) 1
*242719: obj =   2.088214223e+03 inf =   1.283e+01 (112318)
*242750: obj =   2.088214198e+03 inf =   1.284e+01 (112327)
*242782: obj =   2.088214148e+03 inf =   1.286e+01 (112313)
*242789: obj =   2.088214147e+03 inf =   1.286e+01 (112329) 1
*242822: obj =   2.088214127e+03 inf =   1.287e+01 (112338)
*242854: obj =   2.088214044e+03 inf =   1.290e+01 (112334)
*242887: obj =   2.088214044e+03 inf =   1.290e+01 (112333)
*242890: obj =   2.088214044e+03 inf =   1.290e+01 (112330) 1
*242923: obj =   2.088214043e+03 inf =   1.290e+01 (112322)
*242956: obj =   2.088214042e+03 inf =   1.290e+01 (112319)
*242989: obj =   2.088213930e+03 inf =   1.294e+01 (112319)
*242991: obj =   2.088213930e+03 inf =   1.294e+01 (112317) 1
*243023: obj =   2.088213884e+03 inf =   1.296e+01 (112309)
*243055: obj =   2.088213884e+03 inf =   1.296e+01 (112312)
*243087: obj =   2.088213884e+03 inf =   1.296e+01 (112299)
*243092: obj =   2.088213884e+03 inf =   1.296e+01 (112302) 1
*243119: obj =   2.088213884e+03 inf =   1.296e+01 (112300)
*243147: obj =   2.088213849e+03 inf =   1.297e+01 (112290)
*243178: obj =   2.088213849e+03 inf =   1.297e+01 (112292)
*243193: obj =   2.088213849e+03 inf =   1.297e+01 (112285) 1
*243224: obj =   2.088213771e+03 inf =   1.300e+01 (112277)
*243254: obj =   2.088213771e+03 inf =   1.300e+01 (112275)
*243285: obj =   2.088213771e+03 inf =   1.300e+01 (112277)
*243294: obj =   2.088213771e+03 inf =   1.300e+01 (112276) 1
*243326: obj =   2.088213770e+03 inf =   1.300e+01 (112285)
*243359: obj =   2.088213770e+03 inf =   1.300e+01 (112275)
*243393: obj =   2.088213762e+03 inf =   1.301e+01 (112289)
*243395: obj =   2.088213762e+03 inf =   1.301e+01 (112288) 1
*243429: obj =   2.088213758e+03 inf =   1.301e+01 (112274)
*243463: obj =   2.088213758e+03 inf =   1.301e+01 (112251)
*243496: obj =   2.088213751e+03 inf =   1.301e+01 (112239) 1
*243528: obj =   2.088213751e+03 inf =   1.301e+01 (112244)
*243559: obj =   2.088213751e+03 inf =   1.301e+01 (112247)
*243589: obj =   2.088213751e+03 inf =   1.301e+01 (112247)
*243597: obj =   2.088213741e+03 inf =   1.301e+01 (112250) 1
*243629: obj =   2.088213703e+03 inf =   1.303e+01 (112237)
*243662: obj =   2.088213703e+03 inf =   1.303e+01 (112235)
*243694: obj =   2.088213690e+03 inf =   1.303e+01 (112236)
*243698: obj =   2.088213690e+03 inf =   1.303e+01 (112230) 1
*243733: obj =   2.088213685e+03 inf =   1.303e+01 (112212)
*243765: obj =   2.088213619e+03 inf =   1.306e+01 (112212)
*243797: obj =   2.088213603e+03 inf =   1.306e+01 (112212)
*243799: obj =   2.088213603e+03 inf =   1.306e+01 (112215) 1
*243830: obj =   2.088213558e+03 inf =   1.308e+01 (112196)
*243862: obj =   2.088213523e+03 inf =   1.309e+01 (112194)
*243894: obj =   2.088213490e+03 inf =   1.311e+01 (112197)
*243900: obj =   2.088213490e+03 inf =   1.311e+01 (112197) 1
*243932: obj =   2.088213490e+03 inf =   1.310e+01 (112199)
*243965: obj =   2.088213490e+03 inf =   1.310e+01 (112203)
*243997: obj =   2.088213416e+03 inf =   1.314e+01 (112187)
*244002: obj =   2.088213416e+03 inf =   1.314e+01 (112186) 1
*244034: obj =   2.088213416e+03 inf =   1.314e+01 (112178)
*244065: obj =   2.088213414e+03 inf =   1.314e+01 (112183)
*244096: obj =   2.088213414e+03 inf =   1.314e+01 (112168)
*244103: obj =   2.088213414e+03 inf =   1.314e+01 (112178) 1
*244134: obj =   2.088213365e+03 inf =   1.316e+01 (112182)
*244165: obj =   2.088213365e+03 inf =   1.316e+01 (112181)
*244197: obj =   2.088213365e+03 inf =   1.315e+01 (112187)
*244204: obj =   2.088213365e+03 inf =   1.315e+01 (112168) 1
*244237: obj =   2.088213365e+03 inf =   1.315e+01 (112179)
*244270: obj =   2.088213365e+03 inf =   1.315e+01 (112186)
*244305: obj =   2.088213363e+03 inf =   1.315e+01 (112193) 1
*244338: obj =   2.088213363e+03 inf =   1.315e+01 (112200)
*244370: obj =   2.088213311e+03 inf =   1.317e+01 (112186)
*244402: obj =   2.088213310e+03 inf =   1.317e+01 (112196)
*244406: obj =   2.088213310e+03 inf =   1.317e+01 (112195) 1
*244438: obj =   2.088213310e+03 inf =   1.317e+01 (112190)
*244470: obj =   2.088213310e+03 inf =   1.317e+01 (112190)
*244502: obj =   2.088213310e+03 inf =   1.317e+01 (112187)
*244507: obj =   2.088213310e+03 inf =   1.317e+01 (112190) 1
*244539: obj =   2.088213310e+03 inf =   1.317e+01 (112180)
*244572: obj =   2.088213310e+03 inf =   1.317e+01 (112194)
*244605: obj =   2.088213288e+03 inf =   1.318e+01 (112193)
*244608: obj =   2.088213288e+03 inf =   1.318e+01 (112195) 1
*244640: obj =   2.088213238e+03 inf =   1.319e+01 (112197)
*244671: obj =   2.088213190e+03 inf =   1.321e+01 (112174)
*244702: obj =   2.088213190e+03 inf =   1.321e+01 (112146)
*244709: obj =   2.088213190e+03 inf =   1.321e+01 (112144) 1
*244742: obj =   2.088213186e+03 inf =   1.321e+01 (112145)
*244775: obj =   2.088213167e+03 inf =   1.322e+01 (112129)
*244808: obj =   2.088213166e+03 inf =   1.322e+01 (112133)
*244810: obj =   2.088213166e+03 inf =   1.322e+01 (112137) 1
*244843: obj =   2.088213165e+03 inf =   1.322e+01 (112148)
*244876: obj =   2.088213163e+03 inf =   1.322e+01 (112139)
*244909: obj =   2.088213163e+03 inf =   1.322e+01 (112137)
*244911: obj =   2.088213163e+03 inf =   1.322e+01 (112139) 1
*244943: obj =   2.088213153e+03 inf =   1.322e+01 (112144)
*244976: obj =   2.088213120e+03 inf =   1.324e+01 (112144)
*245010: obj =   2.088213120e+03 inf =   1.324e+01 (112141)
*245012: obj =   2.088213120e+03 inf =   1.324e+01 (112139) 1
*245044: obj =   2.088213120e+03 inf =   1.323e+01 (112149)
*245078: obj =   2.088213120e+03 inf =   1.323e+01 (112151)
*245110: obj =   2.088213120e+03 inf =   1.323e+01 (112149)
*245113: obj =   2.088213120e+03 inf =   1.323e+01 (112151) 1
*245146: obj =   2.088213113e+03 inf =   1.324e+01 (112141)
*245181: obj =   2.088213113e+03 inf =   1.323e+01 (112155)
*245214: obj =   2.088213113e+03 inf =   1.323e+01 (112166) 1
*245250: obj =   2.088213113e+03 inf =   1.323e+01 (112158)
*245285: obj =   2.088213112e+03 inf =   1.323e+01 (112163)
*245315: obj =   2.088213112e+03 inf =   1.323e+01 (112150) 1
*245348: obj =   2.088213111e+03 inf =   1.323e+01 (112154)
*245381: obj =   2.088213111e+03 inf =   1.323e+01 (112147)
*245413: obj =   2.088213110e+03 inf =   1.323e+01 (112147)
*245416: obj =   2.088213110e+03 inf =   1.323e+01 (112148) 1
*245448: obj =   2.088213110e+03 inf =   1.323e+01 (112133)
*245479: obj =   2.088213110e+03 inf =   1.323e+01 (112118)
*245511: obj =   2.088213110e+03 inf =   1.323e+01 (112122)
*245517: obj =   2.088213110e+03 inf =   1.323e+01 (112120) 1
*245551: obj =   2.088213110e+03 inf =   1.323e+01 (112127)
*245586: obj =   2.088213096e+03 inf =   1.323e+01 (112135)
*245618: obj =   2.088213095e+03 inf =   1.323e+01 (112122) 1
*245652: obj =   2.088213094e+03 inf =   1.323e+01 (112120)
*245684: obj =   2.088213069e+03 inf =   1.324e+01 (112114)
*245716: obj =   2.088213060e+03 inf =   1.325e+01 (112116)
*245719: obj =   2.088213060e+03 inf =   1.325e+01 (112110) 1
*245752: obj =   2.088213019e+03 inf =   1.326e+01 (112122)
*245784: obj =   2.088212909e+03 inf =   1.330e+01 (112112)
*245817: obj =   2.088212905e+03 inf =   1.330e+01 (112118)
*245820: obj =   2.088212905e+03 inf =   1.330e+01 (112122) 1
*245853: obj =   2.088212902e+03 inf =   1.330e+01 (112119)
*245885: obj =   2.088212902e+03 inf =   1.330e+01 (112093)
*245917: obj =   2.088212884e+03 inf =   1.331e+01 (112084)
*245921: obj =   2.088212884e+03 inf =   1.331e+01 (112075) 1
*245952: obj =   2.088212859e+03 inf =   1.332e+01 (112081)
*245984: obj =   2.088212841e+03 inf =   1.333e+01 (112091)
*246016: obj =   2.088212840e+03 inf =   1.332e+01 (112098)
*246022: obj =   2.088212840e+03 inf =   1.332e+01 (112101) 1
*246055: obj =   2.088212840e+03 inf =   1.332e+01 (112098)
*246088: obj =   2.088212822e+03 inf =   1.333e+01 (112080)
*246121: obj =   2.088212822e+03 inf =   1.333e+01 (112088)
*246123: obj =   2.088212822e+03 inf =   1.333e+01 (112084) 1
*246158: obj =   2.088212822e+03 inf =   1.333e+01 (112092)
*246192: obj =   2.088212822e+03 inf =   1.333e+01 (112099)
*246224: obj =   2.088212822e+03 inf =   1.333e+01 (112096) 1
*246257: obj =   2.088212812e+03 inf =   1.333e+01 (112082)
*246289: obj =   2.088212783e+03 inf =   1.334e+01 (112071)
*246321: obj =   2.088212766e+03 inf =   1.335e+01 (112061)
*246325: obj =   2.088212766e+03 inf =   1.335e+01 (112060) 1
*246358: obj =   2.088212765e+03 inf =   1.335e+01 (112057)
*246392: obj =   2.088212761e+03 inf =   1.335e+01 (112066)
*246425: obj =   2.088212743e+03 inf =   1.336e+01 (112062)
*246426: obj =   2.088212743e+03 inf =   1.336e+01 (112065) 1
*246458: obj =   2.088212738e+03 inf =   1.336e+01 (112063)
*246489: obj =   2.088212737e+03 inf =   1.336e+01 (112061)
*246520: obj =   2.088212737e+03 inf =   1.336e+01 (112061)
*246527: obj =   2.088212737e+03 inf =   1.336e+01 (112066) 1
*246560: obj =   2.088212727e+03 inf =   1.336e+01 (112066)
*246593: obj =   2.088212718e+03 inf =   1.336e+01 (112070)
*246627: obj =   2.088212718e+03 inf =   1.336e+01 (112057)
*246628: obj =   2.088212718e+03 inf =   1.336e+01 (112055) 1
*246659: obj =   2.088212577e+03 inf =   1.341e+01 (112051)
*246688: obj =   2.088212546e+03 inf =   1.341e+01 (112050)
*246721: obj =   2.088212544e+03 inf =   1.342e+01 (112051)
*246729: obj =   2.088212544e+03 inf =   1.341e+01 (112052) 1
*246763: obj =   2.088212532e+03 inf =   1.342e+01 (112063)
*246795: obj =   2.088212532e+03 inf =   1.342e+01 (112056)
*246830: obj =   2.088212531e+03 inf =   1.342e+01 (112051) 1
*246867: obj =   2.088212530e+03 inf =   1.342e+01 (112049)
*246899: obj =   2.088212527e+03 inf =   1.342e+01 (112055)
*246930: obj =   2.088212527e+03 inf =   1.342e+01 (112045)
*246931: obj =   2.088212527e+03 inf =   1.342e+01 (112043) 1
*246960: obj =   2.088212527e+03 inf =   1.342e+01 (112049)
*246988: obj =   2.088212452e+03 inf =   1.345e+01 (112053)
*247018: obj =   2.088212423e+03 inf =   1.345e+01 (112053)
*247032: obj =   2.088212356e+03 inf =   1.347e+01 (112057) 1
*247063: obj =   2.088212255e+03 inf =   1.350e+01 (112037)
*247094: obj =   2.088212255e+03 inf =   1.350e+01 (112050)
*247124: obj =   2.088212255e+03 inf =   1.350e+01 (112046)
*247133: obj =   2.088212255e+03 inf =   1.350e+01 (112041) 1
*247164: obj =   2.088212255e+03 inf =   1.350e+01 (112032)
*247195: obj =   2.088212227e+03 inf =   1.351e+01 (112030)
*247226: obj =   2.088212227e+03 inf =   1.351e+01 (112032)
*247234: obj =   2.088212227e+03 inf =   1.351e+01 (112034) 1
*247265: obj =   2.088212227e+03 inf =   1.351e+01 (112033)
*247296: obj =   2.088212227e+03 inf =   1.351e+01 (112026)
*247327: obj =   2.088212178e+03 inf =   1.352e+01 (112036)
*247335: obj =   2.088212169e+03 inf =   1.353e+01 (112038) 1
*247367: obj =   2.088211929e+03 inf =   1.359e+01 (112037)
*247398: obj =   2.088211805e+03 inf =   1.362e+01 (112023)
*247429: obj =   2.088211712e+03 inf =   1.365e+01 (112005)
*247436: obj =   2.088211712e+03 inf =   1.365e+01 (112008) 1
*247467: obj =   2.088211712e+03 inf =   1.365e+01 (112005)
*247497: obj =   2.088211702e+03 inf =   1.365e+01 (111993)
*247528: obj =   2.088211514e+03 inf =   1.370e+01 (111991)
*247537: obj =   2.088211495e+03 inf =   1.371e+01 (111991) 1
*247568: obj =   2.088211482e+03 inf =   1.371e+01 (111989)
*247599: obj =   2.088211482e+03 inf =   1.371e+01 (112000)
*247630: obj =   2.088211369e+03 inf =   1.374e+01 (111999)
*247638: obj =   2.088211309e+03 inf =   1.375e+01 (111997) 1
*247669: obj =   2.088211290e+03 inf =   1.376e+01 (111987)
*247700: obj =   2.088211290e+03 inf =   1.376e+01 (111996)
*247733: obj =   2.088211290e+03 inf =   1.376e+01 (111991)
*247739: obj =   2.088211290e+03 inf =   1.376e+01 (111989) 1
*247771: obj =   2.088211276e+03 inf =   1.376e+01 (111983)
*247802: obj =   2.088211236e+03 inf =   1.378e+01 (111975)
*247833: obj =   2.088211138e+03 inf =   1.381e+01 (111997)
*247840: obj =   2.088211138e+03 inf =   1.380e+01 (111994) 1
*247871: obj =   2.088210974e+03 inf =   1.385e+01 (112003)
*247902: obj =   2.088210864e+03 inf =   1.388e+01 (112007)
*247933: obj =   2.088210688e+03 inf =   1.392e+01 (112017)
*247941: obj =   2.088210688e+03 inf =   1.392e+01 (112014) 1
*247971: obj =   2.088210628e+03 inf =   1.394e+01 (112017)
*248002: obj =   2.088210628e+03 inf =   1.394e+01 (112000)
*248034: obj =   2.088210610e+03 inf =   1.395e+01 (112015)
*248042: obj =   2.088210610e+03 inf =   1.395e+01 (112023) 1
*248073: obj =   2.088210610e+03 inf =   1.395e+01 (112004)
*248104: obj =   2.088210610e+03 inf =   1.395e+01 (112019)
*248135: obj =   2.088210604e+03 inf =   1.395e+01 (112021)
*248144: obj =   2.088210604e+03 inf =   1.395e+01 (112016) 1
*248175: obj =   2.088210604e+03 inf =   1.395e+01 (112014)
*248208: obj =   2.088210584e+03 inf =   1.396e+01 (112007)
*248239: obj =   2.088210576e+03 inf =   1.396e+01 (112017)
*248245: obj =   2.088210576e+03 inf =   1.396e+01 (112017) 1
*248277: obj =   2.088210554e+03 inf =   1.397e+01 (112000)
*248308: obj =   2.088210554e+03 inf =   1.397e+01 (111999)
*248338: obj =   2.088210554e+03 inf =   1.397e+01 (112003)
*248346: obj =   2.088210554e+03 inf =   1.397e+01 (111998) 1
*248378: obj =   2.088210554e+03 inf =   1.396e+01 (112004)
*248410: obj =   2.088210554e+03 inf =   1.396e+01 (112006)
*248443: obj =   2.088210554e+03 inf =   1.396e+01 (111998)
*248447: obj =   2.088210554e+03 inf =   1.396e+01 (111996) 1
*248479: obj =   2.088210554e+03 inf =   1.396e+01 (112006)
*248512: obj =   2.088210554e+03 inf =   1.396e+01 (112005)
*248544: obj =   2.088210554e+03 inf =   1.396e+01 (112006)
*248548: obj =   2.088210554e+03 inf =   1.396e+01 (112011) 1
*248582: obj =   2.088210547e+03 inf =   1.396e+01 (112010)
*248613: obj =   2.088210501e+03 inf =   1.398e+01 (111976)
*248644: obj =   2.088210475e+03 inf =   1.399e+01 (111961)
*248649: obj =   2.088210475e+03 inf =   1.399e+01 (111969) 1
*248681: obj =   2.088210474e+03 inf =   1.399e+01 (111982)
*248713: obj =   2.088210474e+03 inf =   1.399e+01 (111982)
*248746: obj =   2.088210474e+03 inf =   1.398e+01 (111979)
*248750: obj =   2.088210474e+03 inf =   1.398e+01 (111973) 1
*248782: obj =   2.088210474e+03 inf =   1.398e+01 (111982)
*248816: obj =   2.088210474e+03 inf =   1.398e+01 (111984)
*248851: obj =   2.088210474e+03 inf =   1.398e+01 (111991) 1
*248884: obj =   2.088210474e+03 inf =   1.398e+01 (112004)
*248917: obj =   2.088210474e+03 inf =   1.398e+01 (112001)
*248951: obj =   2.088210474e+03 inf =   1.398e+01 (112012)
*248952: obj =   2.088210474e+03 inf =   1.398e+01 (112016) 1
*248986: obj =   2.088210463e+03 inf =   1.399e+01 (112031)
*249019: obj =   2.088210461e+03 inf =   1.399e+01 (112012)
*249051: obj =   2.088210425e+03 inf =   1.400e+01 (111980)
*249053: obj =   2.088210401e+03 inf =   1.400e+01 (111989) 1
*249085: obj =   2.088210350e+03 inf =   1.401e+01 (111977)
*249117: obj =   2.088210350e+03 inf =   1.401e+01 (111981)
*249148: obj =   2.088210227e+03 inf =   1.405e+01 (111980)
*249154: obj =   2.088210209e+03 inf =   1.405e+01 (111972) 1
*249186: obj =   2.088210208e+03 inf =   1.405e+01 (111961)
*249218: obj =   2.088210038e+03 inf =   1.409e+01 (111972)
*249250: obj =   2.088209994e+03 inf =   1.410e+01 (111959)
*249255: obj =   2.088209994e+03 inf =   1.410e+01 (111954) 1
*249287: obj =   2.088209994e+03 inf =   1.410e+01 (111961)
*249319: obj =   2.088209994e+03 inf =   1.410e+01 (111951)
*249351: obj =   2.088209943e+03 inf =   1.412e+01 (111944)
*249356: obj =   2.088209923e+03 inf =   1.413e+01 (111943) 1
*249387: obj =   2.088209903e+03 inf =   1.413e+01 (111939)
*249418: obj =   2.088209903e+03 inf =   1.413e+01 (111942)
*249450: obj =   2.088209903e+03 inf =   1.413e+01 (111937)
*249457: obj =   2.088209903e+03 inf =   1.413e+01 (111928) 1
*249488: obj =   2.088209902e+03 inf =   1.413e+01 (111926)
*249519: obj =   2.088209902e+03 inf =   1.413e+01 (111926)
*249550: obj =   2.088209902e+03 inf =   1.413e+01 (111927)
*249558: obj =   2.088209902e+03 inf =   1.413e+01 (111930) 1
*249589: obj =   2.088209902e+03 inf =   1.413e+01 (111927)
*249620: obj =   2.088209897e+03 inf =   1.413e+01 (111912)
*249651: obj =   2.088209897e+03 inf =   1.413e+01 (111922)
*249659: obj =   2.088209897e+03 inf =   1.413e+01 (111908) 1
*249692: obj =   2.088209897e+03 inf =   1.413e+01 (111916)
*249725: obj =   2.088209896e+03 inf =   1.413e+01 (111906)
*249757: obj =   2.088209877e+03 inf =   1.414e+01 (111895)
*249760: obj =   2.088209877e+03 inf =   1.414e+01 (111904) 1
*249792: obj =   2.088209799e+03 inf =   1.416e+01 (111905)
*249824: obj =   2.088209789e+03 inf =   1.416e+01 (111915)
*249856: obj =   2.088209783e+03 inf =   1.416e+01 (111918)
*249861: obj =   2.088209783e+03 inf =   1.416e+01 (111916) 1
*249893: obj =   2.088209771e+03 inf =   1.417e+01 (111932)
*249926: obj =   2.088209770e+03 inf =   1.417e+01 (111940)
*249959: obj =   2.088209766e+03 inf =   1.417e+01 (111951)
*249962: obj =   2.088209766e+03 inf =   1.417e+01 (111952) 1
*249995: obj =   2.088209751e+03 inf =   1.418e+01 (111966)
*250027: obj =   2.088209703e+03 inf =   1.420e+01 (111962)
*250060: obj =   2.088209703e+03 inf =   1.420e+01 (111951)
*250063: obj =   2.088209703e+03 inf =   1.420e+01 (111955) 1
*250098: obj =   2.088209702e+03 inf =   1.420e+01 (111968)
*250132: obj =   2.088209702e+03 inf =   1.419e+01 (111961)
*250164: obj =   2.088209702e+03 inf =   1.419e+01 (111963) 1
*250198: obj =   2.088209701e+03 inf =   1.419e+01 (111968)
*250230: obj =   2.088209693e+03 inf =   1.420e+01 (111952)
*250260: obj =   2.088209692e+03 inf =   1.420e+01 (111935)
*250265: obj =   2.088209691e+03 inf =   1.420e+01 (111931) 1
*250297: obj =   2.088209691e+03 inf =   1.420e+01 (111934)
*250329: obj =   2.088209687e+03 inf =   1.420e+01 (111926)
*250360: obj =   2.088209686e+03 inf =   1.420e+01 (111918)
*250366: obj =   2.088209686e+03 inf =   1.420e+01 (111916) 1
*250398: obj =   2.088209679e+03 inf =   1.420e+01 (111913)
*250430: obj =   2.088209679e+03 inf =   1.420e+01 (111918)
*250461: obj =   2.088209679e+03 inf =   1.420e+01 (111923)
*250467: obj =   2.088209679e+03 inf =   1.420e+01 (111921) 1
*250496: obj =   2.088209679e+03 inf =   1.420e+01 (111920)
*250527: obj =   2.088209679e+03 inf =   1.420e+01 (111917)
*250559: obj =   2.088209677e+03 inf =   1.420e+01 (111912)
*250568: obj =   2.088209677e+03 inf =   1.420e+01 (111899) 1
*250601: obj =   2.088209677e+03 inf =   1.420e+01 (111919)
*250633: obj =   2.088209603e+03 inf =   1.422e+01 (111914)
*250665: obj =   2.088209534e+03 inf =   1.424e+01 (111936)
*250669: obj =   2.088209534e+03 inf =   1.424e+01 (111940) 1
*250702: obj =   2.088209498e+03 inf =   1.425e+01 (111925)
*250734: obj =   2.088209488e+03 inf =   1.426e+01 (111923)
*250768: obj =   2.088209483e+03 inf =   1.426e+01 (111913)
*250770: obj =   2.088209483e+03 inf =   1.426e+01 (111913) 1
*250803: obj =   2.088209468e+03 inf =   1.426e+01 (111895)
*250837: obj =   2.088209468e+03 inf =   1.426e+01 (111892)
*250871: obj =   2.088209468e+03 inf =   1.426e+01 (111867) 1
*250905: obj =   2.088209465e+03 inf =   1.426e+01 (111889)
*250939: obj =   2.088209465e+03 inf =   1.426e+01 (111870)
*250972: obj =   2.088209464e+03 inf =   1.426e+01 (111877) 1
*251007: obj =   2.088209453e+03 inf =   1.426e+01 (111899)
*251040: obj =   2.088209437e+03 inf =   1.427e+01 (111888)
*251070: obj =   2.088209427e+03 inf =   1.427e+01 (111881)
*251073: obj =   2.088209427e+03 inf =   1.427e+01 (111884) 1
*251106: obj =   2.088209395e+03 inf =   1.428e+01 (111894)
*251139: obj =   2.088209395e+03 inf =   1.428e+01 (111878)
*251171: obj =   2.088209359e+03 inf =   1.428e+01 (111881)
*251174: obj =   2.088209349e+03 inf =   1.428e+01 (111884) 1
*251209: obj =   2.088209293e+03 inf =   1.429e+01 (111884)
*251244: obj =   2.088209129e+03 inf =   1.432e+01 (111878)
*251275: obj =   2.088209026e+03 inf =   1.435e+01 (111888) 1
*251309: obj =   2.088209026e+03 inf =   1.435e+01 (111874)
*251343: obj =   2.088209026e+03 inf =   1.435e+01 (111873)
*251376: obj =   2.088209024e+03 inf =   1.434e+01 (111872) 1
*251409: obj =   2.088209024e+03 inf =   1.434e+01 (111872)
*251442: obj =   2.088209024e+03 inf =   1.434e+01 (111864)
*251475: obj =   2.088209024e+03 inf =   1.434e+01 (111863)
*251477: obj =   2.088209024e+03 inf =   1.434e+01 (111863) 1
*251510: obj =   2.088208903e+03 inf =   1.437e+01 (111871)
*251540: obj =   2.088208888e+03 inf =   1.437e+01 (111880)
*251571: obj =   2.088208881e+03 inf =   1.437e+01 (111874)
*251578: obj =   2.088208881e+03 inf =   1.437e+01 (111878) 1
*251611: obj =   2.088208757e+03 inf =   1.440e+01 (111885)
*251643: obj =   2.088208695e+03 inf =   1.441e+01 (111866)
*251676: obj =   2.088208629e+03 inf =   1.443e+01 (111879)
*251679: obj =   2.088208629e+03 inf =   1.443e+01 (111882) 1
*251712: obj =   2.088208626e+03 inf =   1.443e+01 (111872)
*251746: obj =   2.088208626e+03 inf =   1.443e+01 (111850)
*251780: obj =   2.088208602e+03 inf =   1.443e+01 (111856) 1
*251815: obj =   2.088208564e+03 inf =   1.444e+01 (111851)
*251850: obj =   2.088208508e+03 inf =   1.445e+01 (111845)
*251881: obj =   2.088208493e+03 inf =   1.446e+01 (111853) 1
*251916: obj =   2.088208401e+03 inf =   1.447e+01 (111844)
*251952: obj =   2.088208369e+03 inf =   1.448e+01 (111839)
*251983: obj =   2.088208355e+03 inf =   1.448e+01 (111820) 1
*252014: obj =   2.088208354e+03 inf =   1.449e+01 (111827)
*252045: obj =   2.088208354e+03 inf =   1.448e+01 (111817)
*252077: obj =   2.088208325e+03 inf =   1.449e+01 (111796)
*252084: obj =   2.088208323e+03 inf =   1.450e+01 (111793) 1
*252116: obj =   2.088208276e+03 inf =   1.452e+01 (111781)
*252148: obj =   2.088208256e+03 inf =   1.452e+01 (111778)
*252180: obj =   2.088208255e+03 inf =   1.452e+01 (111779)
*252185: obj =   2.088208255e+03 inf =   1.452e+01 (111782) 1
*252217: obj =   2.088208241e+03 inf =   1.453e+01 (111773)
*252249: obj =   2.088208241e+03 inf =   1.453e+01 (111761)
*252282: obj =   2.088208241e+03 inf =   1.453e+01 (111776)
*252286: obj =   2.088208241e+03 inf =   1.453e+01 (111768) 1
*252318: obj =   2.088208241e+03 inf =   1.453e+01 (111766)
*252351: obj =   2.088208234e+03 inf =   1.453e+01 (111758)
*252384: obj =   2.088208234e+03 inf =   1.453e+01 (111773)
*252387: obj =   2.088208234e+03 inf =   1.453e+01 (111769) 1
*252421: obj =   2.088208234e+03 inf =   1.453e+01 (111765)
*252455: obj =   2.088208234e+03 inf =   1.453e+01 (111774)
*252488: obj =   2.088208234e+03 inf =   1.453e+01 (111776) 1
*252521: obj =   2.088208232e+03 inf =   1.453e+01 (111773)
*252553: obj =   2.088208227e+03 inf =   1.453e+01 (111759)
*252586: obj =   2.088208227e+03 inf =   1.453e+01 (111761)
*252589: obj =   2.088208227e+03 inf =   1.453e+01 (111764) 1
*252622: obj =   2.088208215e+03 inf =   1.453e+01 (111751)
*252654: obj =   2.088208176e+03 inf =   1.454e+01 (111745)
*252685: obj =   2.088208173e+03 inf =   1.455e+01 (111762)
*252690: obj =   2.088208169e+03 inf =   1.455e+01 (111757) 1
*252723: obj =   2.088208138e+03 inf =   1.455e+01 (111764)
*252757: obj =   2.088208125e+03 inf =   1.456e+01 (111748)
*252789: obj =   2.088208073e+03 inf =   1.458e+01 (111750)
*252791: obj =   2.088208068e+03 inf =   1.458e+01 (111746) 1
*252823: obj =   2.088208068e+03 inf =   1.458e+01 (111731)
*252855: obj =   2.088208068e+03 inf =   1.458e+01 (111729)
*252887: obj =   2.088208067e+03 inf =   1.458e+01 (111729)
*252892: obj =   2.088208067e+03 inf =   1.458e+01 (111726) 1
*252925: obj =   2.088208063e+03 inf =   1.458e+01 (111723)
*252959: obj =   2.088208063e+03 inf =   1.458e+01 (111739)
*252993: obj =   2.088208062e+03 inf =   1.458e+01 (111749) 1
*253027: obj =   2.088208061e+03 inf =   1.457e+01 (111739)
*253060: obj =   2.088208057e+03 inf =   1.458e+01 (111736)
*253093: obj =   2.088208049e+03 inf =   1.458e+01 (111746)
*253094: obj =   2.088208049e+03 inf =   1.458e+01 (111752) 1
*253124: obj =   2.088208049e+03 inf =   1.458e+01 (111735)
*253155: obj =   2.088208049e+03 inf =   1.458e+01 (111753)
*253187: obj =   2.088208049e+03 inf =   1.458e+01 (111773)
*253195: obj =   2.088208049e+03 inf =   1.458e+01 (111764) 1
*253227: obj =   2.088208049e+03 inf =   1.458e+01 (111746)
*253260: obj =   2.088208034e+03 inf =   1.458e+01 (111742)
*253292: obj =   2.088208026e+03 inf =   1.459e+01 (111737)
*253296: obj =   2.088208025e+03 inf =   1.459e+01 (111739) 1
*253330: obj =   2.088208025e+03 inf =   1.459e+01 (111747)
*253364: obj =   2.088208025e+03 inf =   1.458e+01 (111743)
*253397: obj =   2.088208025e+03 inf =   1.458e+01 (111735) 1
*253431: obj =   2.088208025e+03 inf =   1.458e+01 (111734)
*253466: obj =   2.088208018e+03 inf =   1.458e+01 (111723)
*253498: obj =   2.088208018e+03 inf =   1.458e+01 (111705) 1
*253532: obj =   2.088208018e+03 inf =   1.458e+01 (111714)
*253567: obj =   2.088207994e+03 inf =   1.459e+01 (111721)
*253599: obj =   2.088207977e+03 inf =   1.460e+01 (111714) 1
*253631: obj =   2.088207877e+03 inf =   1.462e+01 (111724)
*253663: obj =   2.088207865e+03 inf =   1.462e+01 (111726)
*253696: obj =   2.088207849e+03 inf =   1.463e+01 (111733)
*253700: obj =   2.088207849e+03 inf =   1.463e+01 (111737) 1
*253734: obj =   2.088207848e+03 inf =   1.463e+01 (111720)
*253767: obj =   2.088207840e+03 inf =   1.463e+01 (111707)
*253800: obj =   2.088207785e+03 inf =   1.464e+01 (111702)
*253801: obj =   2.088207785e+03 inf =   1.464e+01 (111700) 1
*253835: obj =   2.088207785e+03 inf =   1.464e+01 (111700)
*253869: obj =   2.088207784e+03 inf =   1.464e+01 (111704)
*253902: obj =   2.088207768e+03 inf =   1.464e+01 (111692) 1
*253935: obj =   2.088207768e+03 inf =   1.464e+01 (111685)
*253969: obj =   2.088207667e+03 inf =   1.466e+01 (111680)
*254002: obj =   2.088207607e+03 inf =   1.468e+01 (111691)
*254003: obj =   2.088207607e+03 inf =   1.468e+01 (111689) 1
*254037: obj =   2.088207432e+03 inf =   1.471e+01 (111698)
*254071: obj =   2.088207341e+03 inf =   1.472e+01 (111682)
*254104: obj =   2.088207329e+03 inf =   1.472e+01 (111681)
*254105: obj =   2.088207329e+03 inf =   1.472e+01 (111681) 1
*254138: obj =   2.088207329e+03 inf =   1.472e+01 (111683)
*254170: obj =   2.088207329e+03 inf =   1.472e+01 (111679)
*254203: obj =   2.088207311e+03 inf =   1.473e+01 (111674)
*254206: obj =   2.088207311e+03 inf =   1.473e+01 (111675) 1
*254238: obj =   2.088207311e+03 inf =   1.473e+01 (111665)
*254269: obj =   2.088207311e+03 inf =   1.473e+01 (111669)
*254300: obj =   2.088207311e+03 inf =   1.473e+01 (111658)
*254307: obj =   2.088207311e+03 inf =   1.473e+01 (111665) 1
*254339: obj =   2.088207311e+03 inf =   1.473e+01 (111669)
*254373: obj =   2.088207311e+03 inf =   1.473e+01 (111664)
*254407: obj =   2.088207311e+03 inf =   1.473e+01 (111662)
*254408: obj =   2.088207311e+03 inf =   1.473e+01 (111657) 1
*254440: obj =   2.088207311e+03 inf =   1.472e+01 (111634)
*254472: obj =   2.088207311e+03 inf =   1.472e+01 (111632)
*254505: obj =   2.088207311e+03 inf =   1.472e+01 (111634)
*254509: obj =   2.088207311e+03 inf =   1.472e+01 (111635) 1
*254542: obj =   2.088207310e+03 inf =   1.472e+01 (111638)
*254576: obj =   2.088207308e+03 inf =   1.472e+01 (111644)
*254609: obj =   2.088207197e+03 inf =   1.475e+01 (111651)
*254610: obj =   2.088207197e+03 inf =   1.475e+01 (111650) 1
*254642: obj =   2.088207121e+03 inf =   1.476e+01 (111656)
*254674: obj =   2.088206995e+03 inf =   1.480e+01 (111670)
*254705: obj =   2.088206870e+03 inf =   1.484e+01 (111660)
*254711: obj =   2.088206869e+03 inf =   1.484e+01 (111651) 1
*254743: obj =   2.088206853e+03 inf =   1.484e+01 (111682)
*254775: obj =   2.088206833e+03 inf =   1.485e+01 (111679)
*254809: obj =   2.088206812e+03 inf =   1.486e+01 (111669)
*254812: obj =   2.088206812e+03 inf =   1.486e+01 (111672) 1
*254845: obj =   2.088206805e+03 inf =   1.486e+01 (111666)
*254879: obj =   2.088206805e+03 inf =   1.486e+01 (111661)
*254913: obj =   2.088206800e+03 inf =   1.486e+01 (111669) 1
*254946: obj =   2.088206777e+03 inf =   1.487e+01 (111672)
*254979: obj =   2.088206777e+03 inf =   1.487e+01 (111680)
*255011: obj =   2.088206763e+03 inf =   1.488e+01 (111681)
*255014: obj =   2.088206763e+03 inf =   1.488e+01 (111674) 1
*255046: obj =   2.088206761e+03 inf =   1.488e+01 (111659)
*255079: obj =   2.088206758e+03 inf =   1.488e+01 (111660)
*255111: obj =   2.088206757e+03 inf =   1.488e+01 (111661)
*255115: obj =   2.088206757e+03 inf =   1.488e+01 (111666) 1
*255147: obj =   2.088206757e+03 inf =   1.487e+01 (111671)
*255181: obj =   2.088206757e+03 inf =   1.487e+01 (111660)
*255215: obj =   2.088206748e+03 inf =   1.488e+01 (111654)
*255216: obj =   2.088206748e+03 inf =   1.488e+01 (111656) 1
*255250: obj =   2.088206748e+03 inf =   1.488e+01 (111666)
*255284: obj =   2.088206748e+03 inf =   1.488e+01 (111673)
*255317: obj =   2.088206748e+03 inf =   1.487e+01 (111672) 1
*255351: obj =   2.088206748e+03 inf =   1.487e+01 (111667)
*255386: obj =   2.088206748e+03 inf =   1.487e+01 (111666)
*255418: obj =   2.088206723e+03 inf =   1.488e+01 (111658) 1
*255451: obj =   2.088206665e+03 inf =   1.489e+01 (111657)
*255485: obj =   2.088206548e+03 inf =   1.492e+01 (111659)
*255519: obj =   2.088206499e+03 inf =   1.493e+01 (111671) 1
*255553: obj =   2.088206451e+03 inf =   1.494e+01 (111672)
*255587: obj =   2.088206413e+03 inf =   1.495e+01 (111660)
*255620: obj =   2.088206396e+03 inf =   1.495e+01 (111681) 1
*255653: obj =   2.088206304e+03 inf =   1.498e+01 (111678)
*255686: obj =   2.088206285e+03 inf =   1.498e+01 (111672)
*255718: obj =   2.088206282e+03 inf =   1.498e+01 (111678)
*255721: obj =   2.088206281e+03 inf =   1.498e+01 (111673) 1
*255753: obj =   2.088206273e+03 inf =   1.498e+01 (111702)
*255784: obj =   2.088206270e+03 inf =   1.498e+01 (111674)
*255815: obj =   2.088206270e+03 inf =   1.498e+01 (111676)
*255822: obj =   2.088206270e+03 inf =   1.498e+01 (111678) 1
*255854: obj =   2.088206270e+03 inf =   1.498e+01 (111670)
*255886: obj =   2.088206270e+03 inf =   1.498e+01 (111672)
*255918: obj =   2.088206264e+03 inf =   1.499e+01 (111683)
*255923: obj =   2.088206264e+03 inf =   1.499e+01 (111675) 1
*255956: obj =   2.088206264e+03 inf =   1.499e+01 (111673)
*255989: obj =   2.088206263e+03 inf =   1.498e+01 (111669)
*256020: obj =   2.088206241e+03 inf =   1.499e+01 (111665)
*256024: obj =   2.088206218e+03 inf =   1.500e+01 (111664) 1
*256055: obj =   2.088206165e+03 inf =   1.501e+01 (111648)
*256086: obj =   2.088206103e+03 inf =   1.503e+01 (111641)
*256117: obj =   2.088206102e+03 inf =   1.503e+01 (111642)
*256125: obj =   2.088206102e+03 inf =   1.503e+01 (111647) 1
*256155: obj =   2.088206101e+03 inf =   1.503e+01 (111631)
*256186: obj =   2.088206101e+03 inf =   1.503e+01 (111639)
*256217: obj =   2.088206101e+03 inf =   1.503e+01 (111629)
*256226: obj =   2.088206101e+03 inf =   1.503e+01 (111642) 1
*256258: obj =   2.088206070e+03 inf =   1.504e+01 (111648)
*256289: obj =   2.088206037e+03 inf =   1.505e+01 (111641)
*256321: obj =   2.088206036e+03 inf =   1.505e+01 (111626)
*256327: obj =   2.088206036e+03 inf =   1.505e+01 (111624) 1
*256351: obj =   2.088205993e+03 inf =   1.507e+01 (111618)
*256380: obj =   2.088205993e+03 inf =   1.507e+01 (111630)
*256411: obj =   2.088205993e+03 inf =   1.507e+01 (111634)
*256428: obj =   2.088205993e+03 inf =   1.507e+01 (111621) 1
*256459: obj =   2.088205976e+03 inf =   1.508e+01 (111601)
*256489: obj =   2.088205976e+03 inf =   1.508e+01 (111585)
*256519: obj =   2.088205976e+03 inf =   1.507e+01 (111574)
*256529: obj =   2.088205976e+03 inf =   1.507e+01 (111585) 1
*256561: obj =   2.088205960e+03 inf =   1.508e+01 (111566)
*256593: obj =   2.088205901e+03 inf =   1.510e+01 (111554)
*256625: obj =   2.088205856e+03 inf =   1.512e+01 (111553)
*256630: obj =   2.088205853e+03 inf =   1.512e+01 (111550) 1
*256663: obj =   2.088205763e+03 inf =   1.516e+01 (111564)
*256695: obj =   2.088205748e+03 inf =   1.516e+01 (111559)
*256728: obj =   2.088205746e+03 inf =   1.517e+01 (111562)
*256731: obj =   2.088205746e+03 inf =   1.517e+01 (111560) 1
*256764: obj =   2.088205745e+03 inf =   1.517e+01 (111568)
*256797: obj =   2.088205676e+03 inf =   1.518e+01 (111552)
*256830: obj =   2.088205587e+03 inf =   1.520e+01 (111542)
*256832: obj =   2.088205568e+03 inf =   1.520e+01 (111549) 1
*256865: obj =   2.088205454e+03 inf =   1.522e+01 (111545)
*256898: obj =   2.088205257e+03 inf =   1.526e+01 (111560)
*256930: obj =   2.088205182e+03 inf =   1.528e+01 (111554)
*256933: obj =   2.088205173e+03 inf =   1.528e+01 (111549) 1
*256964: obj =   2.088205145e+03 inf =   1.529e+01 (111565)
*256995: obj =   2.088205067e+03 inf =   1.531e+01 (111557)
*257029: obj =   2.088205067e+03 inf =   1.531e+01 (111551)
*257034: obj =   2.088205053e+03 inf =   1.531e+01 (111555) 1
*257067: obj =   2.088205050e+03 inf =   1.531e+01 (111558)
*257101: obj =   2.088205049e+03 inf =   1.531e+01 (111560)
*257134: obj =   2.088205048e+03 inf =   1.531e+01 (111544)
*257135: obj =   2.088205048e+03 inf =   1.531e+01 (111547) 1
*257169: obj =   2.088205048e+03 inf =   1.531e+01 (111560)
*257202: obj =   2.088205039e+03 inf =   1.532e+01 (111552)
*257233: obj =   2.088204878e+03 inf =   1.536e+01 (111544)
*257236: obj =   2.088204849e+03 inf =   1.536e+01 (111544) 1
*257267: obj =   2.088204848e+03 inf =   1.536e+01 (111549)
*257298: obj =   2.088204846e+03 inf =   1.536e+01 (111538)
*257330: obj =   2.088204759e+03 inf =   1.538e+01 (111542)
*257337: obj =   2.088204755e+03 inf =   1.538e+01 (111543) 1
*257369: obj =   2.088204744e+03 inf =   1.539e+01 (111534)
*257402: obj =   2.088204638e+03 inf =   1.541e+01 (111534)
*257435: obj =   2.088204636e+03 inf =   1.541e+01 (111535)
*257439: obj =   2.088204636e+03 inf =   1.541e+01 (111540) 1
*257472: obj =   2.088204528e+03 inf =   1.543e+01 (111525)
*257505: obj =   2.088204526e+03 inf =   1.543e+01 (111521)
*257538: obj =   2.088204526e+03 inf =   1.543e+01 (111527)
*257540: obj =   2.088204526e+03 inf =   1.543e+01 (111516) 1
*257574: obj =   2.088204423e+03 inf =   1.545e+01 (111515)
*257607: obj =   2.088204408e+03 inf =   1.545e+01 (111539)
*257640: obj =   2.088204408e+03 inf =   1.545e+01 (111536)
*257641: obj =   2.088204408e+03 inf =   1.545e+01 (111539) 1
*257674: obj =   2.088204297e+03 inf =   1.548e+01 (111535)
*257707: obj =   2.088204212e+03 inf =   1.550e+01 (111543)
*257740: obj =   2.088204177e+03 inf =   1.552e+01 (111520)
*257742: obj =   2.088204177e+03 inf =   1.552e+01 (111522) 1
*257772: obj =   2.088204177e+03 inf =   1.552e+01 (111518)
*257802: obj =   2.088204110e+03 inf =   1.553e+01 (111524)
*257833: obj =   2.088204039e+03 inf =   1.555e+01 (111522)
*257844: obj =   2.088204029e+03 inf =   1.555e+01 (111515) 1
*257875: obj =   2.088203983e+03 inf =   1.557e+01 (111528)
*257905: obj =   2.088203979e+03 inf =   1.557e+01 (111534)
*257937: obj =   2.088203978e+03 inf =   1.557e+01 (111520)
*257945: obj =   2.088203978e+03 inf =   1.557e+01 (111521) 1
*257977: obj =   2.088203978e+03 inf =   1.557e+01 (111509)
*258010: obj =   2.088203978e+03 inf =   1.557e+01 (111505)
*258043: obj =   2.088203978e+03 inf =   1.557e+01 (111497)
*258046: obj =   2.088203978e+03 inf =   1.557e+01 (111497) 1
*258080: obj =   2.088203978e+03 inf =   1.557e+01 (111496)
*258113: obj =   2.088203959e+03 inf =   1.557e+01 (111491)
*258147: obj =   2.088203959e+03 inf =   1.557e+01 (111493) 1
*258181: obj =   2.088203959e+03 inf =   1.557e+01 (111499)
*258215: obj =   2.088203959e+03 inf =   1.557e+01 (111503)
*258248: obj =   2.088203954e+03 inf =   1.557e+01 (111505) 1
*258280: obj =   2.088203953e+03 inf =   1.557e+01 (111487)
*258312: obj =   2.088203952e+03 inf =   1.557e+01 (111472)
*258345: obj =   2.088203908e+03 inf =   1.558e+01 (111464)
*258349: obj =   2.088203903e+03 inf =   1.558e+01 (111458) 1
*258382: obj =   2.088203902e+03 inf =   1.558e+01 (111461)
*258415: obj =   2.088203902e+03 inf =   1.558e+01 (111461)
*258448: obj =   2.088203902e+03 inf =   1.558e+01 (111459)
*258450: obj =   2.088203902e+03 inf =   1.558e+01 (111458) 1
*258483: obj =   2.088203902e+03 inf =   1.558e+01 (111447)
*258516: obj =   2.088203902e+03 inf =   1.558e+01 (111431)
*258548: obj =   2.088203889e+03 inf =   1.558e+01 (111429)
*258551: obj =   2.088203889e+03 inf =   1.558e+01 (111430) 1
*258584: obj =   2.088203889e+03 inf =   1.558e+01 (111407)
*258617: obj =   2.088203889e+03 inf =   1.558e+01 (111434)
*258649: obj =   2.088203825e+03 inf =   1.560e+01 (111432)
*258653: obj =   2.088203825e+03 inf =   1.560e+01 (111435) 1
*258687: obj =   2.088203808e+03 inf =   1.560e+01 (111430)
*258721: obj =   2.088203737e+03 inf =   1.561e+01 (111432)
*258754: obj =   2.088203704e+03 inf =   1.562e+01 (111426) 1
*258786: obj =   2.088203704e+03 inf =   1.562e+01 (111443)
*258819: obj =   2.088203703e+03 inf =   1.562e+01 (111414)
*258851: obj =   2.088203685e+03 inf =   1.562e+01 (111393)
*258855: obj =   2.088203685e+03 inf =   1.562e+01 (111387) 1
*258887: obj =   2.088203681e+03 inf =   1.563e+01 (111387)
*258920: obj =   2.088203681e+03 inf =   1.563e+01 (111396)
*258952: obj =   2.088203680e+03 inf =   1.563e+01 (111394)
*258956: obj =   2.088203680e+03 inf =   1.563e+01 (111389) 1
*258989: obj =   2.088203680e+03 inf =   1.562e+01 (111404)
*259022: obj =   2.088203680e+03 inf =   1.562e+01 (111396)
*259055: obj =   2.088203680e+03 inf =   1.562e+01 (111390)
*259057: obj =   2.088203677e+03 inf =   1.562e+01 (111396) 1
*259090: obj =   2.088203670e+03 inf =   1.563e+01 (111389)
*259123: obj =   2.088203611e+03 inf =   1.564e+01 (111389)
*259156: obj =   2.088203572e+03 inf =   1.565e+01 (111394)
*259158: obj =   2.088203572e+03 inf =   1.564e+01 (111393) 1
*259190: obj =   2.088203434e+03 inf =   1.567e+01 (111414)
*259222: obj =   2.088203351e+03 inf =   1.569e+01 (111411)
*259254: obj =   2.088203133e+03 inf =   1.573e+01 (111414)
*259259: obj =   2.088203133e+03 inf =   1.573e+01 (111409) 1
*259288: obj =   2.088202985e+03 inf =   1.576e+01 (111420)
*259317: obj =   2.088202984e+03 inf =   1.576e+01 (111414)
*259346: obj =   2.088202856e+03 inf =   1.579e+01 (111410)
*259360: obj =   2.088202827e+03 inf =   1.579e+01 (111418) 1
*259392: obj =   2.088202608e+03 inf =   1.583e+01 (111410)
*259424: obj =   2.088202460e+03 inf =   1.586e+01 (111400)
*259455: obj =   2.088202460e+03 inf =   1.586e+01 (111389)
*259461: obj =   2.088202460e+03 inf =   1.586e+01 (111388) 1
*259493: obj =   2.088202392e+03 inf =   1.588e+01 (111390)
*259526: obj =   2.088202391e+03 inf =   1.588e+01 (111391)
*259558: obj =   2.088202391e+03 inf =   1.588e+01 (111391)
*259562: obj =   2.088202391e+03 inf =   1.588e+01 (111392) 1
*259595: obj =   2.088202372e+03 inf =   1.588e+01 (111386)
*259628: obj =   2.088202299e+03 inf =   1.589e+01 (111380)
*259660: obj =   2.088202154e+03 inf =   1.592e+01 (111379)
*259663: obj =   2.088202109e+03 inf =   1.593e+01 (111381) 1
*259696: obj =   2.088202006e+03 inf =   1.596e+01 (111393)
*259729: obj =   2.088202004e+03 inf =   1.596e+01 (111403)
*259761: obj =   2.088201952e+03 inf =   1.597e+01 (111390)
*259764: obj =   2.088201952e+03 inf =   1.597e+01 (111392) 1
*259795: obj =   2.088201936e+03 inf =   1.598e+01 (111395)
*259827: obj =   2.088201828e+03 inf =   1.600e+01 (111374)
*259858: obj =   2.088201690e+03 inf =   1.603e+01 (111394)
*259865: obj =   2.088201689e+03 inf =   1.603e+01 (111384) 1
*259898: obj =   2.088201687e+03 inf =   1.603e+01 (111372)
*259930: obj =   2.088201686e+03 inf =   1.603e+01 (111376)
*259962: obj =   2.088201667e+03 inf =   1.604e+01 (111372)
*259966: obj =   2.088201667e+03 inf =   1.604e+01 (111370) 1
*259997: obj =   2.088201657e+03 inf =   1.604e+01 (111358)
*260029: obj =   2.088201656e+03 inf =   1.604e+01 (111350)
*260061: obj =   2.088201656e+03 inf =   1.604e+01 (111350)
*260067: obj =   2.088201656e+03 inf =   1.604e+01 (111354) 1
*260101: obj =   2.088201646e+03 inf =   1.604e+01 (111349)
*260134: obj =   2.088201646e+03 inf =   1.604e+01 (111333)
*260167: obj =   2.088201536e+03 inf =   1.606e+01 (111342)
*260168: obj =   2.088201524e+03 inf =   1.607e+01 (111343) 1
*260201: obj =   2.088201464e+03 inf =   1.608e+01 (111344)
*260234: obj =   2.088201464e+03 inf =   1.608e+01 (111342)
*260266: obj =   2.088201464e+03 inf =   1.608e+01 (111340)
*260269: obj =   2.088201464e+03 inf =   1.608e+01 (111345) 1
*260299: obj =   2.088201449e+03 inf =   1.608e+01 (111357)
*260330: obj =   2.088201299e+03 inf =   1.611e+01 (111338)
*260362: obj =   2.088201299e+03 inf =   1.611e+01 (111334)
*260370: obj =   2.088201299e+03 inf =   1.611e+01 (111342) 1
*260401: obj =   2.088201267e+03 inf =   1.612e+01 (111351)
*260432: obj =   2.088201129e+03 inf =   1.614e+01 (111341)
*260463: obj =   2.088201017e+03 inf =   1.617e+01 (111351)
*260471: obj =   2.088201017e+03 inf =   1.617e+01 (111345) 1
*260503: obj =   2.088201017e+03 inf =   1.617e+01 (111346)
*260535: obj =   2.088201017e+03 inf =   1.617e+01 (111333)
*260566: obj =   2.088200933e+03 inf =   1.618e+01 (111333)
*260572: obj =   2.088200899e+03 inf =   1.619e+01 (111324) 1
*260605: obj =   2.088200892e+03 inf =   1.619e+01 (111330)
*260637: obj =   2.088200860e+03 inf =   1.620e+01 (111326)
*260669: obj =   2.088200761e+03 inf =   1.622e+01 (111330)
*260673: obj =   2.088200761e+03 inf =   1.622e+01 (111331) 1
*260705: obj =   2.088200752e+03 inf =   1.622e+01 (111319)
*260737: obj =   2.088200750e+03 inf =   1.622e+01 (111324)
*260766: obj =   2.088200722e+03 inf =   1.623e+01 (111337)
*260774: obj =   2.088200722e+03 inf =   1.623e+01 (111347) 1
*260807: obj =   2.088200618e+03 inf =   1.625e+01 (111340)
*260839: obj =   2.088200496e+03 inf =   1.627e+01 (111343)
*260871: obj =   2.088200349e+03 inf =   1.630e+01 (111333)
*260875: obj =   2.088200349e+03 inf =   1.630e+01 (111332) 1
*260906: obj =   2.088200330e+03 inf =   1.631e+01 (111318)
*260936: obj =   2.088200322e+03 inf =   1.631e+01 (111320)
*260965: obj =   2.088200182e+03 inf =   1.634e+01 (111317)
*260977: obj =   2.088200182e+03 inf =   1.634e+01 (111313) 1
*261008: obj =   2.088200181e+03 inf =   1.634e+01 (111317)
*261040: obj =   2.088200148e+03 inf =   1.635e+01 (111306)
*261072: obj =   2.088200065e+03 inf =   1.637e+01 (111303)
*261078: obj =   2.088200065e+03 inf =   1.637e+01 (111305) 1
*261109: obj =   2.088200065e+03 inf =   1.637e+01 (111307)
*261142: obj =   2.088200065e+03 inf =   1.637e+01 (111308)
*261175: obj =   2.088200065e+03 inf =   1.636e+01 (111306)
*261179: obj =   2.088200065e+03 inf =   1.636e+01 (111301) 1
*261212: obj =   2.088199953e+03 inf =   1.639e+01 (111297)
*261245: obj =   2.088199953e+03 inf =   1.639e+01 (111286)
*261278: obj =   2.088199924e+03 inf =   1.639e+01 (111274)
*261280: obj =   2.088199924e+03 inf =   1.639e+01 (111275) 1
*261313: obj =   2.088199918e+03 inf =   1.639e+01 (111274)
*261346: obj =   2.088199833e+03 inf =   1.641e+01 (111274)
*261379: obj =   2.088199817e+03 inf =   1.641e+01 (111259)
*261381: obj =   2.088199817e+03 inf =   1.641e+01 (111256) 1
*261413: obj =   2.088199817e+03 inf =   1.641e+01 (111261)
*261445: obj =   2.088199817e+03 inf =   1.641e+01 (111260)
*261476: obj =   2.088199817e+03 inf =   1.641e+01 (111263)
*261482: obj =   2.088199817e+03 inf =   1.641e+01 (111254) 1
*261515: obj =   2.088199817e+03 inf =   1.641e+01 (111249)
*261548: obj =   2.088199725e+03 inf =   1.643e+01 (111254)
*261580: obj =   2.088199724e+03 inf =   1.643e+01 (111232)
*261583: obj =   2.088199724e+03 inf =   1.643e+01 (111232) 1
*261616: obj =   2.088199684e+03 inf =   1.644e+01 (111236)
*261649: obj =   2.088199570e+03 inf =   1.646e+01 (111231)
*261683: obj =   2.088199549e+03 inf =   1.647e+01 (111243)
*261684: obj =   2.088199549e+03 inf =   1.647e+01 (111243) 1
*261717: obj =   2.088199549e+03 inf =   1.647e+01 (111237)
*261750: obj =   2.088199549e+03 inf =   1.647e+01 (111234)
*261782: obj =   2.088199441e+03 inf =   1.649e+01 (111239)
*261785: obj =   2.088199441e+03 inf =   1.649e+01 (111243) 1
*261818: obj =   2.088199441e+03 inf =   1.649e+01 (111253)
*261851: obj =   2.088199356e+03 inf =   1.651e+01 (111239)
*261884: obj =   2.088199353e+03 inf =   1.651e+01 (111230)
*261886: obj =   2.088199353e+03 inf =   1.651e+01 (111236) 1
*261918: obj =   2.088199352e+03 inf =   1.651e+01 (111247)
*261951: obj =   2.088199350e+03 inf =   1.651e+01 (111258)
*261983: obj =   2.088199350e+03 inf =   1.651e+01 (111268)
*261987: obj =   2.088199350e+03 inf =   1.651e+01 (111264) 1
*262020: obj =   2.088199350e+03 inf =   1.651e+01 (111262)
*262053: obj =   2.088199339e+03 inf =   1.651e+01 (111260)
*262086: obj =   2.088199335e+03 inf =   1.651e+01 (111239)
*262088: obj =   2.088199335e+03 inf =   1.651e+01 (111238) 1
*262121: obj =   2.088199335e+03 inf =   1.651e+01 (111223)
*262154: obj =   2.088199334e+03 inf =   1.651e+01 (111207)
*262187: obj =   2.088199334e+03 inf =   1.651e+01 (111215)
*262189: obj =   2.088199334e+03 inf =   1.651e+01 (111218) 1
*262224: obj =   2.088199334e+03 inf =   1.651e+01 (111219)
*262259: obj =   2.088199334e+03 inf =   1.651e+01 (111211)
*262290: obj =   2.088199331e+03 inf =   1.651e+01 (111224) 1
*262324: obj =   2.088199286e+03 inf =   1.652e+01 (111221)
*262358: obj =   2.088199286e+03 inf =   1.652e+01 (111222)
*262391: obj =   2.088199286e+03 inf =   1.652e+01 (111210) 1
*262424: obj =   2.088199284e+03 inf =   1.652e+01 (111223)
*262457: obj =   2.088199284e+03 inf =   1.652e+01 (111215)
*262489: obj =   2.088199284e+03 inf =   1.652e+01 (111221)
*262492: obj =   2.088199284e+03 inf =   1.652e+01 (111216) 1
*262525: obj =   2.088199284e+03 inf =   1.652e+01 (111217)
*262558: obj =   2.088199284e+03 inf =   1.652e+01 (111220)
*262591: obj =   2.088199284e+03 inf =   1.651e+01 (111218)
*262594: obj =   2.088199284e+03 inf =   1.651e+01 (111218) 1
*262626: obj =   2.088199284e+03 inf =   1.651e+01 (111221)
*262658: obj =   2.088199284e+03 inf =   1.651e+01 (111210)
*262690: obj =   2.088199284e+03 inf =   1.651e+01 (111202)
*262696: obj =   2.088199284e+03 inf =   1.651e+01 (111198) 1
*262728: obj =   2.088199284e+03 inf =   1.651e+01 (111205)
*262761: obj =   2.088199245e+03 inf =   1.652e+01 (111195)
*262793: obj =   2.088199129e+03 inf =   1.655e+01 (111183)
*262797: obj =   2.088199080e+03 inf =   1.656e+01 (111185) 1
*262829: obj =   2.088199002e+03 inf =   1.657e+01 (111180)
*262863: obj =   2.088198956e+03 inf =   1.658e+01 (111171)
*262897: obj =   2.088198884e+03 inf =   1.660e+01 (111164)
*262898: obj =   2.088198884e+03 inf =   1.660e+01 (111166) 1
*262931: obj =   2.088198882e+03 inf =   1.660e+01 (111173)
*262964: obj =   2.088198881e+03 inf =   1.660e+01 (111174)
*262996: obj =   2.088198881e+03 inf =   1.660e+01 (111175)
*262999: obj =   2.088198881e+03 inf =   1.660e+01 (111173) 1
*263031: obj =   2.088198881e+03 inf =   1.660e+01 (111170)
*263063: obj =   2.088198881e+03 inf =   1.660e+01 (111158)
*263096: obj =   2.088198881e+03 inf =   1.660e+01 (111160)
*263100: obj =   2.088198881e+03 inf =   1.660e+01 (111158) 1
*263132: obj =   2.088198880e+03 inf =   1.660e+01 (111155)
*263164: obj =   2.088198880e+03 inf =   1.659e+01 (111148)
*263197: obj =   2.088198880e+03 inf =   1.659e+01 (111154)
*263201: obj =   2.088198880e+03 inf =   1.659e+01 (111157) 1
*263234: obj =   2.088198877e+03 inf =   1.659e+01 (111155)
*263267: obj =   2.088198877e+03 inf =   1.659e+01 (111153)
*263300: obj =   2.088198877e+03 inf =   1.659e+01 (111155)
*263302: obj =   2.088198877e+03 inf =   1.659e+01 (111158) 1
*263335: obj =   2.088198877e+03 inf =   1.659e+01 (111165)
*263368: obj =   2.088198877e+03 inf =   1.659e+01 (111172)
*263401: obj =   2.088198877e+03 inf =   1.659e+01 (111167)
*263403: obj =   2.088198877e+03 inf =   1.659e+01 (111160) 1
*263434: obj =   2.088198877e+03 inf =   1.659e+01 (111172)
*263465: obj =   2.088198877e+03 inf =   1.659e+01 (111189)
*263497: obj =   2.088198874e+03 inf =   1.659e+01 (111179)
*263504: obj =   2.088198874e+03 inf =   1.659e+01 (111173) 1
*263538: obj =   2.088198874e+03 inf =   1.659e+01 (111190)
*263571: obj =   2.088198874e+03 inf =   1.659e+01 (111188)
*263603: obj =   2.088198820e+03 inf =   1.660e+01 (111174)
*263605: obj =   2.088198820e+03 inf =   1.660e+01 (111168) 1
*263637: obj =   2.088198758e+03 inf =   1.661e+01 (111167)
*263670: obj =   2.088198758e+03 inf =   1.661e+01 (111172)
*263703: obj =   2.088198758e+03 inf =   1.661e+01 (111163)
*263707: obj =   2.088198758e+03 inf =   1.661e+01 (111164) 1
*263740: obj =   2.088198755e+03 inf =   1.661e+01 (111156)
*263773: obj =   2.088198747e+03 inf =   1.661e+01 (111163)
*263805: obj =   2.088198747e+03 inf =   1.661e+01 (111142)
*263808: obj =   2.088198747e+03 inf =   1.661e+01 (111139) 1
*263840: obj =   2.088198747e+03 inf =   1.661e+01 (111125)
*263872: obj =   2.088198747e+03 inf =   1.661e+01 (111127)
*263905: obj =   2.088198745e+03 inf =   1.661e+01 (111122)
*263909: obj =   2.088198745e+03 inf =   1.661e+01 (111128) 1
*263942: obj =   2.088198660e+03 inf =   1.663e+01 (111135)
*263975: obj =   2.088198542e+03 inf =   1.666e+01 (111129)
*264008: obj =   2.088198516e+03 inf =   1.667e+01 (111122)
*264010: obj =   2.088198510e+03 inf =   1.668e+01 (111131) 1
*264043: obj =   2.088198490e+03 inf =   1.668e+01 (111132)
*264076: obj =   2.088198473e+03 inf =   1.669e+01 (111149)
*264110: obj =   2.088198470e+03 inf =   1.669e+01 (111139)
*264111: obj =   2.088198470e+03 inf =   1.669e+01 (111143) 1
*264147: obj =   2.088198470e+03 inf =   1.669e+01 (111139)
*264178: obj =   2.088198470e+03 inf =   1.669e+01 (111130)
*264210: obj =   2.088198373e+03 inf =   1.671e+01 (111131)
*264212: obj =   2.088198373e+03 inf =   1.671e+01 (111130) 1
*264245: obj =   2.088198210e+03 inf =   1.674e+01 (111134)
*264278: obj =   2.088198086e+03 inf =   1.677e+01 (111137)
*264311: obj =   2.088198037e+03 inf =   1.678e+01 (111132)
*264313: obj =   2.088198037e+03 inf =   1.678e+01 (111131) 1
*264345: obj =   2.088198036e+03 inf =   1.678e+01 (111129)
*264377: obj =   2.088198035e+03 inf =   1.678e+01 (111142)
*264410: obj =   2.088198035e+03 inf =   1.678e+01 (111140)
*264414: obj =   2.088198035e+03 inf =   1.678e+01 (111142) 1
*264446: obj =   2.088198034e+03 inf =   1.678e+01 (111147)
*264478: obj =   2.088198034e+03 inf =   1.678e+01 (111156)
*264510: obj =   2.088198016e+03 inf =   1.678e+01 (111146)
*264516: obj =   2.088198015e+03 inf =   1.678e+01 (111148) 1
*264548: obj =   2.088198015e+03 inf =   1.678e+01 (111130)
*264580: obj =   2.088198015e+03 inf =   1.678e+01 (111137)
*264612: obj =   2.088198015e+03 inf =   1.678e+01 (111155)
*264618: obj =   2.088198015e+03 inf =   1.678e+01 (111150) 1
*264651: obj =   2.088198015e+03 inf =   1.678e+01 (111137)
*264684: obj =   2.088197961e+03 inf =   1.679e+01 (111156)
*264717: obj =   2.088197880e+03 inf =   1.681e+01 (111149)
*264719: obj =   2.088197880e+03 inf =   1.681e+01 (111151) 1
*264752: obj =   2.088197739e+03 inf =   1.684e+01 (111160)
*264785: obj =   2.088197739e+03 inf =   1.684e+01 (111158)
*264818: obj =   2.088197726e+03 inf =   1.684e+01 (111143)
*264820: obj =   2.088197726e+03 inf =   1.684e+01 (111144) 1
*264851: obj =   2.088197713e+03 inf =   1.685e+01 (111140)
*264881: obj =   2.088197689e+03 inf =   1.686e+01 (111140)
*264913: obj =   2.088197654e+03 inf =   1.687e+01 (111131)
*264921: obj =   2.088197619e+03 inf =   1.688e+01 (111131) 1
*264954: obj =   2.088197561e+03 inf =   1.689e+01 (111133)
*264987: obj =   2.088197520e+03 inf =   1.690e+01 (111118)
*265020: obj =   2.088197507e+03 inf =   1.690e+01 (111116)
*265022: obj =   2.088197481e+03 inf =   1.690e+01 (111114) 1
*265055: obj =   2.088197379e+03 inf =   1.693e+01 (111113)
*265088: obj =   2.088197338e+03 inf =   1.693e+01 (111100)
*265121: obj =   2.088197314e+03 inf =   1.694e+01 (111103)
*265123: obj =   2.088197314e+03 inf =   1.694e+01 (111105) 1
*265156: obj =   2.088197311e+03 inf =   1.694e+01 (111102)
*265189: obj =   2.088197311e+03 inf =   1.694e+01 (111102)
*265222: obj =   2.088197311e+03 inf =   1.694e+01 (111114)
*265224: obj =   2.088197311e+03 inf =   1.694e+01 (111111) 1
*265256: obj =   2.088197302e+03 inf =   1.694e+01 (111103)
*265288: obj =   2.088197292e+03 inf =   1.694e+01 (111101)
*265320: obj =   2.088197163e+03 inf =   1.697e+01 (111101)
*265325: obj =   2.088197163e+03 inf =   1.697e+01 (111108) 1
*265356: obj =   2.088197163e+03 inf =   1.697e+01 (111107)
*265387: obj =   2.088196968e+03 inf =   1.702e+01 (111110)
*265418: obj =   2.088196837e+03 inf =   1.705e+01 (111104)
*265426: obj =   2.088196837e+03 inf =   1.705e+01 (111107) 1
*265458: obj =   2.088196828e+03 inf =   1.705e+01 (111116)
*265490: obj =   2.088196828e+03 inf =   1.705e+01 (111110)
*265522: obj =   2.088196828e+03 inf =   1.705e+01 (111111)
*265527: obj =   2.088196828e+03 inf =   1.705e+01 (111101) 1
*265559: obj =   2.088196828e+03 inf =   1.705e+01 (111088)
*265591: obj =   2.088196828e+03 inf =   1.705e+01 (111090)
*265623: obj =   2.088196828e+03 inf =   1.705e+01 (111090)
*265628: obj =   2.088196828e+03 inf =   1.705e+01 (111094) 1
*265660: obj =   2.088196827e+03 inf =   1.705e+01 (111097)
*265691: obj =   2.088196803e+03 inf =   1.705e+01 (111110)
*265722: obj =   2.088196674e+03 inf =   1.707e+01 (111110)
*265729: obj =   2.088196653e+03 inf =   1.708e+01 (111108) 1
*265761: obj =   2.088196533e+03 inf =   1.710e+01 (111101)
*265794: obj =   2.088196490e+03 inf =   1.711e+01 (111093)
*265828: obj =   2.088196487e+03 inf =   1.711e+01 (111088)
*265830: obj =   2.088196475e+03 inf =   1.712e+01 (111087) 1
*265861: obj =   2.088196471e+03 inf =   1.712e+01 (111089)
*265894: obj =   2.088196471e+03 inf =   1.712e+01 (111086)
*265927: obj =   2.088196467e+03 inf =   1.712e+01 (111099)
*265931: obj =   2.088196467e+03 inf =   1.712e+01 (111091) 1
*265965: obj =   2.088196467e+03 inf =   1.712e+01 (111099)
*266000: obj =   2.088196430e+03 inf =   1.712e+01 (111100)
*266032: obj =   2.088196413e+03 inf =   1.713e+01 (111102) 1
*266065: obj =   2.088196410e+03 inf =   1.713e+01 (111113)
*266098: obj =   2.088196410e+03 inf =   1.713e+01 (111119)
*266130: obj =   2.088196351e+03 inf =   1.714e+01 (111125)
*266133: obj =   2.088196307e+03 inf =   1.715e+01 (111105) 1
*266166: obj =   2.088196145e+03 inf =   1.719e+01 (111121)
*266199: obj =   2.088196085e+03 inf =   1.720e+01 (111111)
*266231: obj =   2.088196081e+03 inf =   1.720e+01 (111110)
*266235: obj =   2.088196081e+03 inf =   1.720e+01 (111107) 1
*266267: obj =   2.088195968e+03 inf =   1.722e+01 (111110)
*266300: obj =   2.088195848e+03 inf =   1.725e+01 (111106)
*266333: obj =   2.088195728e+03 inf =   1.728e+01 (111097)
*266336: obj =   2.088195728e+03 inf =   1.728e+01 (111097) 1
*266368: obj =   2.088195638e+03 inf =   1.730e+01 (111103)
*266400: obj =   2.088195635e+03 inf =   1.730e+01 (111113)
*266433: obj =   2.088195633e+03 inf =   1.730e+01 (111095)
*266437: obj =   2.088195633e+03 inf =   1.730e+01 (111099) 1
*266470: obj =   2.088195633e+03 inf =   1.730e+01 (111104)
*266503: obj =   2.088195629e+03 inf =   1.730e+01 (111099)
*266536: obj =   2.088195628e+03 inf =   1.730e+01 (111106)
*266538: obj =   2.088195628e+03 inf =   1.730e+01 (111097) 1
*266571: obj =   2.088195628e+03 inf =   1.730e+01 (111115)
*266604: obj =   2.088195625e+03 inf =   1.730e+01 (111123)
*266637: obj =   2.088195593e+03 inf =   1.731e+01 (111122)
*266639: obj =   2.088195593e+03 inf =   1.731e+01 (111138) 1
*266671: obj =   2.088195554e+03 inf =   1.732e+01 (111102)
*266704: obj =   2.088195448e+03 inf =   1.734e+01 (111090)
*266737: obj =   2.088195413e+03 inf =   1.735e+01 (111096)
*266740: obj =   2.088195391e+03 inf =   1.735e+01 (111095) 1
*266773: obj =   2.088195235e+03 inf =   1.739e+01 (111104)
*266806: obj =   2.088195172e+03 inf =   1.740e+01 (111095)
*266839: obj =   2.088195091e+03 inf =   1.742e+01 (111077)
*266841: obj =   2.088195091e+03 inf =   1.742e+01 (111078) 1
*266874: obj =   2.088195091e+03 inf =   1.742e+01 (111084)
*266909: obj =   2.088195088e+03 inf =   1.742e+01 (111086)
*266942: obj =   2.088195040e+03 inf =   1.743e+01 (111083) 1
*266975: obj =   2.088195040e+03 inf =   1.743e+01 (111076)
*267008: obj =   2.088195040e+03 inf =   1.743e+01 (111056)
*267041: obj =   2.088195040e+03 inf =   1.743e+01 (111057)
*267043: obj =   2.088195040e+03 inf =   1.743e+01 (111053) 1
*267076: obj =   2.088194900e+03 inf =   1.746e+01 (111050)
*267109: obj =   2.088194801e+03 inf =   1.748e+01 (111055)
*267142: obj =   2.088194792e+03 inf =   1.748e+01 (111060)
*267144: obj =   2.088194792e+03 inf =   1.748e+01 (111061) 1
*267177: obj =   2.088194792e+03 inf =   1.748e+01 (111066)
*267210: obj =   2.088194791e+03 inf =   1.748e+01 (111060)
*267243: obj =   2.088194791e+03 inf =   1.748e+01 (111054)
*267245: obj =   2.088194791e+03 inf =   1.748e+01 (111058) 1
*267280: obj =   2.088194791e+03 inf =   1.748e+01 (111065)
*267314: obj =   2.088194791e+03 inf =   1.748e+01 (111042)
*267346: obj =   2.088194791e+03 inf =   1.748e+01 (111038) 1
*267380: obj =   2.088194791e+03 inf =   1.747e+01 (111040)
*267411: obj =   2.088194697e+03 inf =   1.749e+01 (111044)
*267444: obj =   2.088194601e+03 inf =   1.752e+01 (111030)
*267447: obj =   2.088194601e+03 inf =   1.752e+01 (111027) 1
*267479: obj =   2.088194601e+03 inf =   1.752e+01 (111027)
*267511: obj =   2.088194601e+03 inf =   1.751e+01 (111034)
*267543: obj =   2.088194505e+03 inf =   1.754e+01 (111031)
*267548: obj =   2.088194479e+03 inf =   1.754e+01 (111030) 1
*267580: obj =   2.088194474e+03 inf =   1.754e+01 (111020)
*267612: obj =   2.088194474e+03 inf =   1.754e+01 (111018)
*267644: obj =   2.088194370e+03 inf =   1.757e+01 (111008)
*267649: obj =   2.088194370e+03 inf =   1.757e+01 (111007) 1
*267682: obj =   2.088194274e+03 inf =   1.759e+01 (111019)
*267716: obj =   2.088194224e+03 inf =   1.760e+01 (111018)
*267749: obj =   2.088194033e+03 inf =   1.764e+01 (111024)
*267751: obj =   2.088194033e+03 inf =   1.764e+01 (111021) 1
*267784: obj =   2.088193931e+03 inf =   1.766e+01 (111010)
*267817: obj =   2.088193803e+03 inf =   1.769e+01 (111006)
*267850: obj =   2.088193716e+03 inf =   1.771e+01 (111003)
*267852: obj =   2.088193716e+03 inf =   1.771e+01 (111006) 1
*267884: obj =   2.088193568e+03 inf =   1.775e+01 (111025)
*267918: obj =   2.088193498e+03 inf =   1.776e+01 (111027)
*267952: obj =   2.088193498e+03 inf =   1.776e+01 (111032)
*267953: obj =   2.088193498e+03 inf =   1.776e+01 (111031) 1
*267986: obj =   2.088193497e+03 inf =   1.776e+01 (111035)
*268018: obj =   2.088193491e+03 inf =   1.776e+01 (111042)
*268050: obj =   2.088193491e+03 inf =   1.776e+01 (111038)
*268054: obj =   2.088193491e+03 inf =   1.776e+01 (111031) 1
*268086: obj =   2.088193467e+03 inf =   1.777e+01 (111023)
*268117: obj =   2.088193467e+03 inf =   1.777e+01 (111020)
*268151: obj =   2.088193466e+03 inf =   1.776e+01 (111011)
*268155: obj =   2.088193466e+03 inf =   1.776e+01 (111021) 1
*268188: obj =   2.088193466e+03 inf =   1.776e+01 (111007)
*268220: obj =   2.088193466e+03 inf =   1.776e+01 (111001)
*268252: obj =   2.088193461e+03 inf =   1.776e+01 (110998)
*268256: obj =   2.088193461e+03 inf =   1.776e+01 (110995) 1
*268289: obj =   2.088193461e+03 inf =   1.776e+01 (111002)
*268322: obj =   2.088193461e+03 inf =   1.776e+01 (111005)
*268354: obj =   2.088193461e+03 inf =   1.776e+01 (111007)
*268357: obj =   2.088193461e+03 inf =   1.776e+01 (111006) 1
*268389: obj =   2.088193425e+03 inf =   1.777e+01 (111013)
*268422: obj =   2.088193424e+03 inf =   1.777e+01 (111000)
*268455: obj =   2.088193424e+03 inf =   1.777e+01 (110992)
*268458: obj =   2.088193424e+03 inf =   1.777e+01 (110991) 1
*268491: obj =   2.088193377e+03 inf =   1.779e+01 (110991)
*268524: obj =   2.088193374e+03 inf =   1.779e+01 (110990)
*268556: obj =   2.088193357e+03 inf =   1.780e+01 (110991)
*268559: obj =   2.088193357e+03 inf =   1.780e+01 (110989) 1
*268587: obj =   2.088193342e+03 inf =   1.781e+01 (110988)
*268614: obj =   2.088193342e+03 inf =   1.780e+01 (111004)
*268643: obj =   2.088193341e+03 inf =   1.780e+01 (111002)
*268660: obj =   2.088193341e+03 inf =   1.780e+01 (110993) 1
*268691: obj =   2.088193336e+03 inf =   1.781e+01 (110993)
*268722: obj =   2.088193336e+03 inf =   1.780e+01 (110986)
*268747: obj =   2.088193335e+03 inf =   1.780e+01 (110990)
*268761: obj =   2.088193335e+03 inf =   1.780e+01 (110975) 1
*268792: obj =   2.088193334e+03 inf =   1.780e+01 (110976)
*268824: obj =   2.088193334e+03 inf =   1.780e+01 (110977)
*268855: obj =   2.088193296e+03 inf =   1.781e+01 (110974)
*268862: obj =   2.088193282e+03 inf =   1.782e+01 (110964) 1
*268894: obj =   2.088193278e+03 inf =   1.782e+01 (110979)
*268925: obj =   2.088193278e+03 inf =   1.782e+01 (110975)
*268957: obj =   2.088193256e+03 inf =   1.782e+01 (110971)
*268963: obj =   2.088193256e+03 inf =   1.782e+01 (110963) 1
*268996: obj =   2.088193214e+03 inf =   1.783e+01 (110972)
*269030: obj =   2.088193133e+03 inf =   1.785e+01 (110958)
*269063: obj =   2.088193133e+03 inf =   1.785e+01 (110961)
*269064: obj =   2.088193133e+03 inf =   1.785e+01 (110962) 1
*269096: obj =   2.088193128e+03 inf =   1.785e+01 (110954)
*269128: obj =   2.088193128e+03 inf =   1.785e+01 (110953)
*269160: obj =   2.088193128e+03 inf =   1.785e+01 (110960)
*269165: obj =   2.088193128e+03 inf =   1.785e+01 (110962) 1
*269193: obj =   2.088193128e+03 inf =   1.785e+01 (110961)
*269221: obj =   2.088193114e+03 inf =   1.785e+01 (110966)
*269246: obj =   2.088193002e+03 inf =   1.787e+01 (110963)
*269266: obj =   2.088192936e+03 inf =   1.789e+01 (110958) 1
*269293: obj =   2.088192840e+03 inf =   1.791e+01 (110954)
*269320: obj =   2.088192838e+03 inf =   1.791e+01 (110951)
*269346: obj =   2.088192838e+03 inf =   1.791e+01 (110963)
*269367: obj =   2.088192824e+03 inf =   1.791e+01 (110960) 1
*269395: obj =   2.088192728e+03 inf =   1.793e+01 (110957)
*269421: obj =   2.088192728e+03 inf =   1.793e+01 (110957)
*269447: obj =   2.088192728e+03 inf =   1.793e+01 (110949)
*269468: obj =   2.088192728e+03 inf =   1.793e+01 (110956) 1
*269495: obj =   2.088192608e+03 inf =   1.796e+01 (110954)
*269522: obj =   2.088192468e+03 inf =   1.799e+01 (110949)
*269549: obj =   2.088192399e+03 inf =   1.801e+01 (110942)
*269569: obj =   2.088192324e+03 inf =   1.803e+01 (110946) 1
*269597: obj =   2.088192201e+03 inf =   1.806e+01 (110937)
*269626: obj =   2.088192198e+03 inf =   1.806e+01 (110945)
*269654: obj =   2.088192125e+03 inf =   1.808e+01 (110942)
*269670: obj =   2.088192120e+03 inf =   1.808e+01 (110929) 1
*269698: obj =   2.088192093e+03 inf =   1.809e+01 (110928)
*269725: obj =   2.088192090e+03 inf =   1.809e+01 (110922)
*269753: obj =   2.088192047e+03 inf =   1.810e+01 (110942)
*269771: obj =   2.088192040e+03 inf =   1.810e+01 (110927) 1
*269802: obj =   2.088192002e+03 inf =   1.811e+01 (110920)
*269832: obj =   2.088191910e+03 inf =   1.813e+01 (110918)
*269861: obj =   2.088191909e+03 inf =   1.813e+01 (110895)
*269872: obj =   2.088191909e+03 inf =   1.813e+01 (110896) 1
*269906: obj =   2.088191909e+03 inf =   1.813e+01 (110890)
*269938: obj =   2.088191909e+03 inf =   1.813e+01 (110869)
*269970: obj =   2.088191909e+03 inf =   1.812e+01 (110873)
*269973: obj =   2.088191909e+03 inf =   1.812e+01 (110870) 1
*270006: obj =   2.088191909e+03 inf =   1.812e+01 (110856)
*270039: obj =   2.088191872e+03 inf =   1.813e+01 (110860)
*270072: obj =   2.088191839e+03 inf =   1.814e+01 (110865)
*270074: obj =   2.088191839e+03 inf =   1.814e+01 (110864) 1
*270107: obj =   2.088191839e+03 inf =   1.814e+01 (110855)
*270140: obj =   2.088191817e+03 inf =   1.814e+01 (110863)
*270172: obj =   2.088191817e+03 inf =   1.814e+01 (110843)
*270175: obj =   2.088191817e+03 inf =   1.814e+01 (110842) 1
*270203: obj =   2.088191813e+03 inf =   1.814e+01 (110843)
*270231: obj =   2.088191812e+03 inf =   1.814e+01 (110837)
*270259: obj =   2.088191802e+03 inf =   1.815e+01 (110833)
*270276: obj =   2.088191673e+03 inf =   1.818e+01 (110840) 1
*270306: obj =   2.088191671e+03 inf =   1.818e+01 (110843)
*270336: obj =   2.088191648e+03 inf =   1.819e+01 (110843)
*270366: obj =   2.088191564e+03 inf =   1.821e+01 (110841)
*270377: obj =   2.088191486e+03 inf =   1.823e+01 (110839) 1
*270405: obj =   2.088191309e+03 inf =   1.827e+01 (110840)
*270433: obj =   2.088191208e+03 inf =   1.830e+01 (110833)
*270462: obj =   2.088191207e+03 inf =   1.830e+01 (110832)
*270478: obj =   2.088191207e+03 inf =   1.830e+01 (110829) 1
*270508: obj =   2.088191206e+03 inf =   1.829e+01 (110834)
*270537: obj =   2.088191206e+03 inf =   1.829e+01 (110823)
*270564: obj =   2.088191206e+03 inf =   1.829e+01 (110821)
*270579: obj =   2.088191206e+03 inf =   1.829e+01 (110822) 1
*270608: obj =   2.088191194e+03 inf =   1.830e+01 (110826)
*270637: obj =   2.088191194e+03 inf =   1.830e+01 (110840)
*270666: obj =   2.088191194e+03 inf =   1.830e+01 (110834)
*270680: obj =   2.088191155e+03 inf =   1.831e+01 (110841) 1
*270710: obj =   2.088191071e+03 inf =   1.833e+01 (110830)
*270740: obj =   2.088190981e+03 inf =   1.835e+01 (110839)
*270769: obj =   2.088190980e+03 inf =   1.835e+01 (110834)
*270781: obj =   2.088190980e+03 inf =   1.835e+01 (110826) 1
*270810: obj =   2.088190980e+03 inf =   1.835e+01 (110825)
*270839: obj =   2.088190956e+03 inf =   1.836e+01 (110833)
*270869: obj =   2.088190949e+03 inf =   1.836e+01 (110841)
*270882: obj =   2.088190949e+03 inf =   1.836e+01 (110836) 1
*270912: obj =   2.088190948e+03 inf =   1.836e+01 (110840)
*270942: obj =   2.088190948e+03 inf =   1.836e+01 (110856)
*270972: obj =   2.088190940e+03 inf =   1.836e+01 (110858)
*270983: obj =   2.088190923e+03 inf =   1.837e+01 (110855) 1
*271016: obj =   2.088190912e+03 inf =   1.838e+01 (110870)
*271049: obj =   2.088190884e+03 inf =   1.838e+01 (110856)
*271082: obj =   2.088190883e+03 inf =   1.838e+01 (110845)
*271084: obj =   2.088190883e+03 inf =   1.838e+01 (110845) 1
*271117: obj =   2.088190834e+03 inf =   1.839e+01 (110842)
*271150: obj =   2.088190812e+03 inf =   1.840e+01 (110841)
*271183: obj =   2.088190660e+03 inf =   1.843e+01 (110850)
*271185: obj =   2.088190628e+03 inf =   1.844e+01 (110851) 1
*271215: obj =   2.088190628e+03 inf =   1.844e+01 (110843)
*271244: obj =   2.088190614e+03 inf =   1.844e+01 (110835)
*271274: obj =   2.088190499e+03 inf =   1.847e+01 (110826)
*271287: obj =   2.088190462e+03 inf =   1.848e+01 (110830) 1
*271317: obj =   2.088190462e+03 inf =   1.848e+01 (110839)
*271347: obj =   2.088190462e+03 inf =   1.848e+01 (110830)
*271377: obj =   2.088190422e+03 inf =   1.849e+01 (110837)
*271388: obj =   2.088190383e+03 inf =   1.850e+01 (110830) 1
*271418: obj =   2.088190378e+03 inf =   1.850e+01 (110837)
*271447: obj =   2.088190377e+03 inf =   1.850e+01 (110821)
*271476: obj =   2.088190328e+03 inf =   1.851e+01 (110819)
*271489: obj =   2.088190328e+03 inf =   1.851e+01 (110824) 1
*271518: obj =   2.088190328e+03 inf =   1.851e+01 (110824)
*271544: obj =   2.088190222e+03 inf =   1.853e+01 (110826)
*271573: obj =   2.088190103e+03 inf =   1.856e+01 (110834)
*271590: obj =   2.088189905e+03 inf =   1.861e+01 (110836) 1
*271618: obj =   2.088189787e+03 inf =   1.863e+01 (110820)
*271646: obj =   2.088189760e+03 inf =   1.864e+01 (110825)
*271676: obj =   2.088189748e+03 inf =   1.864e+01 (110818)
*271691: obj =   2.088189695e+03 inf =   1.865e+01 (110819) 1
*271721: obj =   2.088189659e+03 inf =   1.866e+01 (110824)
*271751: obj =   2.088189657e+03 inf =   1.866e+01 (110809)
*271780: obj =   2.088189630e+03 inf =   1.867e+01 (110793)
*271792: obj =   2.088189630e+03 inf =   1.867e+01 (110799) 1
*271821: obj =   2.088189629e+03 inf =   1.867e+01 (110772)
*271850: obj =   2.088189584e+03 inf =   1.868e+01 (110786)
*271879: obj =   2.088189580e+03 inf =   1.868e+01 (110784)
*271893: obj =   2.088189556e+03 inf =   1.869e+01 (110773) 1
*271923: obj =   2.088189475e+03 inf =   1.871e+01 (110784)
*271952: obj =   2.088189474e+03 inf =   1.871e+01 (110772)
*271981: obj =   2.088189474e+03 inf =   1.871e+01 (110773)
*271994: obj =   2.088189456e+03 inf =   1.872e+01 (110776) 1
*272024: obj =   2.088189455e+03 inf =   1.872e+01 (110778)
*272054: obj =   2.088189455e+03 inf =   1.872e+01 (110778)
*272084: obj =   2.088189412e+03 inf =   1.873e+01 (110788)
*272095: obj =   2.088189412e+03 inf =   1.873e+01 (110810) 1
*272126: obj =   2.088189397e+03 inf =   1.874e+01 (110791)
*272156: obj =   2.088189397e+03 inf =   1.874e+01 (110782)
*272186: obj =   2.088189397e+03 inf =   1.874e+01 (110791)
*272196: obj =   2.088189397e+03 inf =   1.874e+01 (110798) 1
*272230: obj =   2.088189397e+03 inf =   1.874e+01 (110803)
*272264: obj =   2.088189397e+03 inf =   1.873e+01 (110803)
*272297: obj =   2.088189397e+03 inf =   1.873e+01 (110798) 1
*272330: obj =   2.088189369e+03 inf =   1.874e+01 (110810)
*272364: obj =   2.088189369e+03 inf =   1.874e+01 (110798)
*272397: obj =   2.088189359e+03 inf =   1.875e+01 (110805)
*272398: obj =   2.088189359e+03 inf =   1.875e+01 (110805) 1
*272433: obj =   2.088189359e+03 inf =   1.874e+01 (110812)
*272467: obj =   2.088189359e+03 inf =   1.874e+01 (110825)
*272499: obj =   2.088189359e+03 inf =   1.874e+01 (110823) 1
*272529: obj =   2.088189356e+03 inf =   1.874e+01 (110814)
*272559: obj =   2.088189307e+03 inf =   1.875e+01 (110816)
*272590: obj =   2.088189300e+03 inf =   1.875e+01 (110818)
*272600: obj =   2.088189300e+03 inf =   1.875e+01 (110818) 1
*272627: obj =   2.088189284e+03 inf =   1.876e+01 (110821)
*272658: obj =   2.088189226e+03 inf =   1.877e+01 (110837)
*272690: obj =   2.088189198e+03 inf =   1.877e+01 (110808)
*272701: obj =   2.088189184e+03 inf =   1.878e+01 (110793) 1
*272735: obj =   2.088189148e+03 inf =   1.879e+01 (110803)
*272768: obj =   2.088189125e+03 inf =   1.879e+01 (110788)
*272802: obj =   2.088189122e+03 inf =   1.879e+01 (110762) 1
*272836: obj =   2.088189116e+03 inf =   1.879e+01 (110768)
*272869: obj =   2.088189044e+03 inf =   1.881e+01 (110761)
*272902: obj =   2.088188950e+03 inf =   1.884e+01 (110757)
*272903: obj =   2.088188950e+03 inf =   1.884e+01 (110766) 1
*272935: obj =   2.088188856e+03 inf =   1.886e+01 (110744)
*272966: obj =   2.088188843e+03 inf =   1.886e+01 (110768)
*272998: obj =   2.088188741e+03 inf =   1.889e+01 (110753)
*273005: obj =   2.088188739e+03 inf =   1.889e+01 (110747) 1
*273038: obj =   2.088188635e+03 inf =   1.891e+01 (110755)
*273071: obj =   2.088188600e+03 inf =   1.892e+01 (110751)
*273104: obj =   2.088188510e+03 inf =   1.894e+01 (110765)
*273106: obj =   2.088188509e+03 inf =   1.894e+01 (110768) 1
*273139: obj =   2.088188419e+03 inf =   1.896e+01 (110784)
*273172: obj =   2.088188418e+03 inf =   1.896e+01 (110765)
*273205: obj =   2.088188418e+03 inf =   1.896e+01 (110773)
*273207: obj =   2.088188418e+03 inf =   1.896e+01 (110770) 1
*273239: obj =   2.088188418e+03 inf =   1.896e+01 (110768)
*273271: obj =   2.088188418e+03 inf =   1.896e+01 (110776)
*273303: obj =   2.088188418e+03 inf =   1.896e+01 (110759)
*273308: obj =   2.088188418e+03 inf =   1.896e+01 (110765) 1
*273341: obj =   2.088188418e+03 inf =   1.896e+01 (110768)
*273374: obj =   2.088188377e+03 inf =   1.897e+01 (110781)
*273406: obj =   2.088188342e+03 inf =   1.897e+01 (110783)
*273409: obj =   2.088188311e+03 inf =   1.898e+01 (110783) 1
*273441: obj =   2.088188281e+03 inf =   1.899e+01 (110787)
*273473: obj =   2.088188169e+03 inf =   1.901e+01 (110787)
*273505: obj =   2.088188005e+03 inf =   1.905e+01 (110785)
*273510: obj =   2.088187964e+03 inf =   1.906e+01 (110781) 1
*273541: obj =   2.088187829e+03 inf =   1.909e+01 (110782)
*273572: obj =   2.088187695e+03 inf =   1.912e+01 (110773)
*273603: obj =   2.088187527e+03 inf =   1.916e+01 (110781)
*273611: obj =   2.088187527e+03 inf =   1.916e+01 (110778) 1
*273644: obj =   2.088187488e+03 inf =   1.917e+01 (110785)
*273677: obj =   2.088187399e+03 inf =   1.919e+01 (110772)
*273710: obj =   2.088187283e+03 inf =   1.922e+01 (110776)
*273713: obj =   2.088187263e+03 inf =   1.922e+01 (110777) 1
*273744: obj =   2.088187178e+03 inf =   1.924e+01 (110771)
*273776: obj =   2.088187099e+03 inf =   1.926e+01 (110768)
*273810: obj =   2.088187055e+03 inf =   1.928e+01 (110774)
*273814: obj =   2.088187054e+03 inf =   1.928e+01 (110774) 1
*273848: obj =   2.088186943e+03 inf =   1.930e+01 (110767)
*273882: obj =   2.088186863e+03 inf =   1.932e+01 (110762)
*273915: obj =   2.088186856e+03 inf =   1.932e+01 (110763) 1
*273948: obj =   2.088186804e+03 inf =   1.933e+01 (110771)
*273981: obj =   2.088186639e+03 inf =   1.937e+01 (110759)
*274014: obj =   2.088186639e+03 inf =   1.937e+01 (110757)
*274016: obj =   2.088186639e+03 inf =   1.937e+01 (110765) 1
*274048: obj =   2.088186638e+03 inf =   1.937e+01 (110759)
*274080: obj =   2.088186635e+03 inf =   1.937e+01 (110750)
*274111: obj =   2.088186635e+03 inf =   1.937e+01 (110746)
*274118: obj =   2.088186635e+03 inf =   1.937e+01 (110742) 1
*274149: obj =   2.088186635e+03 inf =   1.937e+01 (110740)
*274181: obj =   2.088186537e+03 inf =   1.939e+01 (110749)
*274213: obj =   2.088186536e+03 inf =   1.939e+01 (110751)
*274219: obj =   2.088186487e+03 inf =   1.940e+01 (110745) 1
*274251: obj =   2.088186295e+03 inf =   1.945e+01 (110764)
*274282: obj =   2.088186264e+03 inf =   1.945e+01 (110761)
*274313: obj =   2.088186149e+03 inf =   1.948e+01 (110762)
*274320: obj =   2.088186149e+03 inf =   1.948e+01 (110758) 1
*274351: obj =   2.088186033e+03 inf =   1.950e+01 (110765)
*274383: obj =   2.088186033e+03 inf =   1.950e+01 (110765)
*274414: obj =   2.088186033e+03 inf =   1.950e+01 (110761)
*274421: obj =   2.088186033e+03 inf =   1.950e+01 (110761) 1
*274453: obj =   2.088185987e+03 inf =   1.951e+01 (110745)
*274484: obj =   2.088185902e+03 inf =   1.953e+01 (110742)
*274516: obj =   2.088185752e+03 inf =   1.956e+01 (110734)
*274522: obj =   2.088185752e+03 inf =   1.956e+01 (110736) 1
*274554: obj =   2.088185683e+03 inf =   1.958e+01 (110742)
*274586: obj =   2.088185565e+03 inf =   1.961e+01 (110744)
*274618: obj =   2.088185555e+03 inf =   1.961e+01 (110733)
*274623: obj =   2.088185527e+03 inf =   1.962e+01 (110744) 1
*274655: obj =   2.088185368e+03 inf =   1.965e+01 (110742)
*274687: obj =   2.088185317e+03 inf =   1.967e+01 (110741)
*274719: obj =   2.088185317e+03 inf =   1.967e+01 (110742)
*274724: obj =   2.088185315e+03 inf =   1.967e+01 (110745) 1
*274757: obj =   2.088185315e+03 inf =   1.967e+01 (110726)
*274790: obj =   2.088185315e+03 inf =   1.966e+01 (110731)
*274822: obj =   2.088185315e+03 inf =   1.966e+01 (110713)
*274825: obj =   2.088185315e+03 inf =   1.966e+01 (110711) 1
*274857: obj =   2.088185315e+03 inf =   1.966e+01 (110709)
*274888: obj =   2.088185314e+03 inf =   1.966e+01 (110715)
*274920: obj =   2.088185247e+03 inf =   1.968e+01 (110718)
*274926: obj =   2.088185205e+03 inf =   1.969e+01 (110724) 1
*274959: obj =   2.088185094e+03 inf =   1.972e+01 (110705)
*274990: obj =   2.088185051e+03 inf =   1.973e+01 (110688)
*275023: obj =   2.088184964e+03 inf =   1.975e+01 (110698)
*275027: obj =   2.088184951e+03 inf =   1.975e+01 (110685) 1
*275060: obj =   2.088184911e+03 inf =   1.976e+01 (110676)
*275092: obj =   2.088184910e+03 inf =   1.976e+01 (110683)
*275124: obj =   2.088184910e+03 inf =   1.976e+01 (110671)
*275128: obj =   2.088184910e+03 inf =   1.976e+01 (110676) 1
*275160: obj =   2.088184909e+03 inf =   1.976e+01 (110674)
*275192: obj =   2.088184907e+03 inf =   1.976e+01 (110672)
*275224: obj =   2.088184907e+03 inf =   1.976e+01 (110684)
*275229: obj =   2.088184907e+03 inf =   1.976e+01 (110682) 1
*275259: obj =   2.088184849e+03 inf =   1.978e+01 (110677)
*275290: obj =   2.088184701e+03 inf =   1.982e+01 (110684)
*275321: obj =   2.088184657e+03 inf =   1.983e+01 (110686)
*275330: obj =   2.088184657e+03 inf =   1.983e+01 (110678) 1
*275361: obj =   2.088184560e+03 inf =   1.985e+01 (110683)
*275392: obj =   2.088184484e+03 inf =   1.987e+01 (110682)
*275423: obj =   2.088184484e+03 inf =   1.987e+01 (110693)
*275431: obj =   2.088184484e+03 inf =   1.987e+01 (110703) 1
*275461: obj =   2.088184484e+03 inf =   1.987e+01 (110694)
*275490: obj =   2.088184484e+03 inf =   1.987e+01 (110691)
*275519: obj =   2.088184483e+03 inf =   1.987e+01 (110687)
*275532: obj =   2.088184483e+03 inf =   1.987e+01 (110677) 1
*275563: obj =   2.088184400e+03 inf =   1.989e+01 (110673)
*275593: obj =   2.088184245e+03 inf =   1.994e+01 (110688)
*275623: obj =   2.088184222e+03 inf =   1.994e+01 (110679)
*275633: obj =   2.088184218e+03 inf =   1.994e+01 (110680) 1
*275665: obj =   2.088184091e+03 inf =   1.997e+01 (110671)
*275697: obj =   2.088184036e+03 inf =   1.999e+01 (110679)
*275729: obj =   2.088183906e+03 inf =   2.002e+01 (110662)
*275734: obj =   2.088183906e+03 inf =   2.002e+01 (110660) 1
*275766: obj =   2.088183808e+03 inf =   2.005e+01 (110668)
*275797: obj =   2.088183771e+03 inf =   2.006e+01 (110645)
*275829: obj =   2.088183707e+03 inf =   2.007e+01 (110645)
*275836: obj =   2.088183643e+03 inf =   2.009e+01 (110636) 1
*275869: obj =   2.088183587e+03 inf =   2.010e+01 (110645)
*275901: obj =   2.088183427e+03 inf =   2.014e+01 (110645)
*275933: obj =   2.088183357e+03 inf =   2.016e+01 (110635)
*275937: obj =   2.088183355e+03 inf =   2.016e+01 (110644) 1
*275969: obj =   2.088183210e+03 inf =   2.020e+01 (110643)
*276001: obj =   2.088182979e+03 inf =   2.026e+01 (110632)
*276033: obj =   2.088182866e+03 inf =   2.029e+01 (110624)
*276038: obj =   2.088182866e+03 inf =   2.029e+01 (110618) 1
*276070: obj =   2.088182814e+03 inf =   2.031e+01 (110623)
*276103: obj =   2.088182812e+03 inf =   2.031e+01 (110625)
*276135: obj =   2.088182809e+03 inf =   2.031e+01 (110615)
*276139: obj =   2.088182809e+03 inf =   2.031e+01 (110617) 1
*276168: obj =   2.088182806e+03 inf =   2.031e+01 (110624)
*276199: obj =   2.088182805e+03 inf =   2.031e+01 (110617)
*276229: obj =   2.088182805e+03 inf =   2.031e+01 (110621)
*276240: obj =   2.088182805e+03 inf =   2.031e+01 (110621) 1
*276271: obj =   2.088182772e+03 inf =   2.031e+01 (110618)
*276302: obj =   2.088182772e+03 inf =   2.031e+01 (110604)
*276332: obj =   2.088182770e+03 inf =   2.031e+01 (110603)
*276341: obj =   2.088182767e+03 inf =   2.031e+01 (110609) 1
*276374: obj =   2.088182767e+03 inf =   2.031e+01 (110592)
*276408: obj =   2.088182767e+03 inf =   2.031e+01 (110607)
*276442: obj =   2.088182767e+03 inf =   2.031e+01 (110609) 1
*276476: obj =   2.088182767e+03 inf =   2.031e+01 (110606)
*276510: obj =   2.088182767e+03 inf =   2.031e+01 (110605)
*276542: obj =   2.088182767e+03 inf =   2.031e+01 (110602)
*276543: obj =   2.088182767e+03 inf =   2.031e+01 (110598) 1
*276573: obj =   2.088182754e+03 inf =   2.031e+01 (110614)
*276604: obj =   2.088182754e+03 inf =   2.031e+01 (110611)
*276634: obj =   2.088182754e+03 inf =   2.031e+01 (110622)
*276644: obj =   2.088182754e+03 inf =   2.031e+01 (110626) 1
*276672: obj =   2.088182745e+03 inf =   2.031e+01 (110622)
*276700: obj =   2.088182745e+03 inf =   2.031e+01 (110619)
*276728: obj =   2.088182745e+03 inf =   2.031e+01 (110612)
*276745: obj =   2.088182708e+03 inf =   2.032e+01 (110614) 1
*276773: obj =   2.088182564e+03 inf =   2.036e+01 (110605)
*276802: obj =   2.088182551e+03 inf =   2.036e+01 (110607)
*276831: obj =   2.088182540e+03 inf =   2.037e+01 (110605)
*276846: obj =   2.088182540e+03 inf =   2.037e+01 (110603) 1
*276874: obj =   2.088182540e+03 inf =   2.037e+01 (110626)
*276900: obj =   2.088182540e+03 inf =   2.036e+01 (110613)
*276925: obj =   2.088182538e+03 inf =   2.036e+01 (110611)
*276947: obj =   2.088182538e+03 inf =   2.036e+01 (110598) 1
*276975: obj =   2.088182537e+03 inf =   2.036e+01 (110600)
*277003: obj =   2.088182537e+03 inf =   2.036e+01 (110601)
*277030: obj =   2.088182537e+03 inf =   2.036e+01 (110610)
*277048: obj =   2.088182537e+03 inf =   2.036e+01 (110601) 1
*277075: obj =   2.088182534e+03 inf =   2.036e+01 (110590)
*277102: obj =   2.088182531e+03 inf =   2.037e+01 (110596)
*277127: obj =   2.088182531e+03 inf =   2.036e+01 (110601)
*277149: obj =   2.088182531e+03 inf =   2.036e+01 (110585) 1
*277175: obj =   2.088182531e+03 inf =   2.036e+01 (110590)
*277200: obj =   2.088182515e+03 inf =   2.037e+01 (110594)
*277225: obj =   2.088182514e+03 inf =   2.037e+01 (110599)
*277250: obj =   2.088182493e+03 inf =   2.037e+01 (110604) 1
*277276: obj =   2.088182394e+03 inf =   2.040e+01 (110603)
*277302: obj =   2.088182308e+03 inf =   2.043e+01 (110603)
*277327: obj =   2.088182281e+03 inf =   2.043e+01 (110592)
*277351: obj =   2.088182281e+03 inf =   2.043e+01 (110600) 1
*277379: obj =   2.088182281e+03 inf =   2.043e+01 (110602)
*277408: obj =   2.088182281e+03 inf =   2.043e+01 (110600)
*277435: obj =   2.088182281e+03 inf =   2.043e+01 (110598)
*277452: obj =   2.088182212e+03 inf =   2.045e+01 (110592) 1
*277480: obj =   2.088182036e+03 inf =   2.050e+01 (110610)
*277508: obj =   2.088181955e+03 inf =   2.052e+01 (110601)
*277538: obj =   2.088181955e+03 inf =   2.052e+01 (110572)
*277553: obj =   2.088181954e+03 inf =   2.052e+01 (110564) 1
*277583: obj =   2.088181954e+03 inf =   2.052e+01 (110573)
*277612: obj =   2.088181883e+03 inf =   2.054e+01 (110575)
*277641: obj =   2.088181842e+03 inf =   2.056e+01 (110553)
*277654: obj =   2.088181822e+03 inf =   2.056e+01 (110556) 1
*277680: obj =   2.088181822e+03 inf =   2.056e+01 (110540)
*277709: obj =   2.088181802e+03 inf =   2.057e+01 (110535)
*277738: obj =   2.088181667e+03 inf =   2.060e+01 (110538)
*277756: obj =   2.088181559e+03 inf =   2.063e+01 (110547) 1
*277785: obj =   2.088181493e+03 inf =   2.065e+01 (110558)
*277813: obj =   2.088181390e+03 inf =   2.068e+01 (110555)
*277840: obj =   2.088181372e+03 inf =   2.068e+01 (110528)
*277857: obj =   2.088181350e+03 inf =   2.069e+01 (110527) 1
*277884: obj =   2.088181329e+03 inf =   2.069e+01 (110535)
*277910: obj =   2.088181326e+03 inf =   2.069e+01 (110531)
*277937: obj =   2.088181233e+03 inf =   2.072e+01 (110530)
*277958: obj =   2.088181183e+03 inf =   2.074e+01 (110538) 1
*277986: obj =   2.088181118e+03 inf =   2.075e+01 (110537)
*278016: obj =   2.088181109e+03 inf =   2.076e+01 (110533)
*278046: obj =   2.088181109e+03 inf =   2.076e+01 (110544)
*278059: obj =   2.088181109e+03 inf =   2.076e+01 (110539) 1
*278088: obj =   2.088181108e+03 inf =   2.076e+01 (110541)
*278116: obj =   2.088181106e+03 inf =   2.076e+01 (110540)
*278145: obj =   2.088181105e+03 inf =   2.076e+01 (110541)
*278160: obj =   2.088181105e+03 inf =   2.076e+01 (110539) 1
*278184: obj =   2.088181105e+03 inf =   2.075e+01 (110542)
*278213: obj =   2.088181073e+03 inf =   2.076e+01 (110542)
*278242: obj =   2.088181067e+03 inf =   2.076e+01 (110539)
*278261: obj =   2.088181067e+03 inf =   2.076e+01 (110539) 1
*278292: obj =   2.088180930e+03 inf =   2.080e+01 (110530)
*278322: obj =   2.088180930e+03 inf =   2.080e+01 (110526)
*278352: obj =   2.088180900e+03 inf =   2.081e+01 (110519)
*278362: obj =   2.088180899e+03 inf =   2.081e+01 (110530) 1
*278392: obj =   2.088180899e+03 inf =   2.081e+01 (110524)
*278423: obj =   2.088180865e+03 inf =   2.082e+01 (110505)
*278454: obj =   2.088180865e+03 inf =   2.081e+01 (110513)
*278463: obj =   2.088180865e+03 inf =   2.081e+01 (110511) 1
*278494: obj =   2.088180801e+03 inf =   2.083e+01 (110514)
*278525: obj =   2.088180800e+03 inf =   2.083e+01 (110527)
*278556: obj =   2.088180696e+03 inf =   2.086e+01 (110516)
*278564: obj =   2.088180667e+03 inf =   2.087e+01 (110523) 1
*278595: obj =   2.088180665e+03 inf =   2.087e+01 (110520)
*278626: obj =   2.088180658e+03 inf =   2.087e+01 (110530)
*278657: obj =   2.088180658e+03 inf =   2.087e+01 (110537)
*278665: obj =   2.088180658e+03 inf =   2.087e+01 (110523) 1
*278698: obj =   2.088180658e+03 inf =   2.087e+01 (110519)
*278732: obj =   2.088180658e+03 inf =   2.087e+01 (110501)
*278764: obj =   2.088180658e+03 inf =   2.087e+01 (110503)
*278766: obj =   2.088180658e+03 inf =   2.087e+01 (110505) 1
*278797: obj =   2.088180658e+03 inf =   2.087e+01 (110488)
*278827: obj =   2.088180625e+03 inf =   2.088e+01 (110491)
*278858: obj =   2.088180510e+03 inf =   2.092e+01 (110504)
*278867: obj =   2.088180509e+03 inf =   2.092e+01 (110493) 1
*278898: obj =   2.088180509e+03 inf =   2.092e+01 (110496)
*278930: obj =   2.088180509e+03 inf =   2.091e+01 (110490)
*278961: obj =   2.088180509e+03 inf =   2.091e+01 (110486)
*278968: obj =   2.088180506e+03 inf =   2.091e+01 (110486) 1
*278999: obj =   2.088180506e+03 inf =   2.091e+01 (110479)
*279030: obj =   2.088180506e+03 inf =   2.091e+01 (110486)
*279061: obj =   2.088180506e+03 inf =   2.091e+01 (110478)
*279069: obj =   2.088180506e+03 inf =   2.091e+01 (110479) 1
*279099: obj =   2.088180506e+03 inf =   2.091e+01 (110481)
*279131: obj =   2.088180506e+03 inf =   2.091e+01 (110454)
*279164: obj =   2.088180506e+03 inf =   2.091e+01 (110447)
*279170: obj =   2.088180506e+03 inf =   2.091e+01 (110445) 1
*279204: obj =   2.088180506e+03 inf =   2.091e+01 (110434)
*279238: obj =   2.088180506e+03 inf =   2.091e+01 (110438)
*279271: obj =   2.088180506e+03 inf =   2.090e+01 (110440) 1
*279304: obj =   2.088180506e+03 inf =   2.090e+01 (110421)
*279335: obj =   2.088180506e+03 inf =   2.090e+01 (110425)
*279365: obj =   2.088180502e+03 inf =   2.090e+01 (110415)
*279372: obj =   2.088180502e+03 inf =   2.090e+01 (110413) 1
*279404: obj =   2.088180502e+03 inf =   2.090e+01 (110403)
*279435: obj =   2.088180502e+03 inf =   2.090e+01 (110410)
*279466: obj =   2.088180500e+03 inf =   2.090e+01 (110417)
*279473: obj =   2.088180500e+03 inf =   2.090e+01 (110418) 1
*279504: obj =   2.088180428e+03 inf =   2.092e+01 (110417)
*279536: obj =   2.088180428e+03 inf =   2.092e+01 (110416)
*279567: obj =   2.088180428e+03 inf =   2.092e+01 (110409)
*279574: obj =   2.088180428e+03 inf =   2.092e+01 (110412) 1
*279606: obj =   2.088180428e+03 inf =   2.092e+01 (110411)
*279638: obj =   2.088180382e+03 inf =   2.094e+01 (110439)
*279670: obj =   2.088180370e+03 inf =   2.094e+01 (110429)
*279676: obj =   2.088180370e+03 inf =   2.094e+01 (110437) 1
*279708: obj =   2.088180369e+03 inf =   2.094e+01 (110434)
*279741: obj =   2.088180368e+03 inf =   2.094e+01 (110442)
*279774: obj =   2.088180368e+03 inf =   2.094e+01 (110451)
*279777: obj =   2.088180368e+03 inf =   2.094e+01 (110446) 1
*279811: obj =   2.088180367e+03 inf =   2.094e+01 (110450)
*279845: obj =   2.088180367e+03 inf =   2.094e+01 (110458)
*279878: obj =   2.088180364e+03 inf =   2.094e+01 (110465) 1
*279913: obj =   2.088180359e+03 inf =   2.094e+01 (110474)
*279947: obj =   2.088180349e+03 inf =   2.094e+01 (110474)
*279978: obj =   2.088180296e+03 inf =   2.096e+01 (110475)
*279979: obj =   2.088180296e+03 inf =   2.096e+01 (110476) 1
*280010: obj =   2.088180254e+03 inf =   2.097e+01 (110479)
*280042: obj =   2.088180254e+03 inf =   2.097e+01 (110469)
*280074: obj =   2.088180088e+03 inf =   2.101e+01 (110458)
*280080: obj =   2.088180069e+03 inf =   2.102e+01 (110460) 1
*280112: obj =   2.088179934e+03 inf =   2.105e+01 (110465)
*280144: obj =   2.088179816e+03 inf =   2.108e+01 (110469)
*280177: obj =   2.088179809e+03 inf =   2.108e+01 (110441)
*280181: obj =   2.088179809e+03 inf =   2.108e+01 (110440) 1
*280214: obj =   2.088179789e+03 inf =   2.109e+01 (110438)
*280247: obj =   2.088179771e+03 inf =   2.109e+01 (110422)
*280280: obj =   2.088179769e+03 inf =   2.109e+01 (110424)
*280282: obj =   2.088179769e+03 inf =   2.109e+01 (110417) 1
*280314: obj =   2.088179768e+03 inf =   2.109e+01 (110417)
*280346: obj =   2.088179768e+03 inf =   2.109e+01 (110417)
*280377: obj =   2.088179768e+03 inf =   2.109e+01 (110420)
*280383: obj =   2.088179768e+03 inf =   2.109e+01 (110417) 1
*280415: obj =   2.088179652e+03 inf =   2.112e+01 (110406)
*280447: obj =   2.088179641e+03 inf =   2.112e+01 (110381)
*280479: obj =   2.088179640e+03 inf =   2.112e+01 (110377)
*280484: obj =   2.088179640e+03 inf =   2.112e+01 (110369) 1
*280516: obj =   2.088179559e+03 inf =   2.114e+01 (110372)
*280548: obj =   2.088179482e+03 inf =   2.117e+01 (110373)
*280579: obj =   2.088179482e+03 inf =   2.116e+01 (110381)
*280585: obj =   2.088179482e+03 inf =   2.116e+01 (110379) 1
*280617: obj =   2.088179482e+03 inf =   2.116e+01 (110372)
*280649: obj =   2.088179477e+03 inf =   2.116e+01 (110370)
*280681: obj =   2.088179477e+03 inf =   2.116e+01 (110375)
*280686: obj =   2.088179458e+03 inf =   2.117e+01 (110384) 1
*280718: obj =   2.088179325e+03 inf =   2.120e+01 (110379)
*280750: obj =   2.088179320e+03 inf =   2.121e+01 (110388)
*280782: obj =   2.088179317e+03 inf =   2.121e+01 (110375)
*280787: obj =   2.088179311e+03 inf =   2.121e+01 (110386) 1
*280819: obj =   2.088179309e+03 inf =   2.121e+01 (110384)
*280851: obj =   2.088179309e+03 inf =   2.121e+01 (110387)
*280884: obj =   2.088179308e+03 inf =   2.121e+01 (110406)
*280888: obj =   2.088179308e+03 inf =   2.121e+01 (110410) 1
*280920: obj =   2.088179296e+03 inf =   2.121e+01 (110414)
*280951: obj =   2.088179271e+03 inf =   2.122e+01 (110406)
*280982: obj =   2.088179132e+03 inf =   2.125e+01 (110411)
*280989: obj =   2.088179106e+03 inf =   2.125e+01 (110404) 1
*281021: obj =   2.088179106e+03 inf =   2.125e+01 (110398)
*281053: obj =   2.088179106e+03 inf =   2.125e+01 (110407)
*281084: obj =   2.088179106e+03 inf =   2.125e+01 (110397)
*281090: obj =   2.088179095e+03 inf =   2.126e+01 (110393) 1
*281121: obj =   2.088179095e+03 inf =   2.125e+01 (110377)
*281152: obj =   2.088179095e+03 inf =   2.125e+01 (110379)
*281183: obj =   2.088179095e+03 inf =   2.125e+01 (110367)
*281191: obj =   2.088179095e+03 inf =   2.125e+01 (110370) 1
*281222: obj =   2.088179070e+03 inf =   2.126e+01 (110369)
*281253: obj =   2.088178960e+03 inf =   2.129e+01 (110367)
*281284: obj =   2.088178927e+03 inf =   2.129e+01 (110363)
*281292: obj =   2.088178927e+03 inf =   2.129e+01 (110366) 1
*281323: obj =   2.088178927e+03 inf =   2.129e+01 (110364)
*281354: obj =   2.088178849e+03 inf =   2.131e+01 (110362)
*281385: obj =   2.088178821e+03 inf =   2.132e+01 (110344)
*281393: obj =   2.088178821e+03 inf =   2.132e+01 (110342) 1
*281424: obj =   2.088178821e+03 inf =   2.132e+01 (110333)
*281455: obj =   2.088178771e+03 inf =   2.133e+01 (110339)
*281486: obj =   2.088178623e+03 inf =   2.138e+01 (110328)
*281494: obj =   2.088178623e+03 inf =   2.138e+01 (110333) 1
*281525: obj =   2.088178570e+03 inf =   2.140e+01 (110349)
*281555: obj =   2.088178570e+03 inf =   2.139e+01 (110338)
*281585: obj =   2.088178569e+03 inf =   2.139e+01 (110342)
*281595: obj =   2.088178569e+03 inf =   2.139e+01 (110337) 1
*281626: obj =   2.088178478e+03 inf =   2.142e+01 (110328)
*281658: obj =   2.088178418e+03 inf =   2.144e+01 (110329)
*281690: obj =   2.088178305e+03 inf =   2.147e+01 (110338)
*281696: obj =   2.088178304e+03 inf =   2.147e+01 (110335) 1
*281728: obj =   2.088178098e+03 inf =   2.154e+01 (110329)
*281759: obj =   2.088178098e+03 inf =   2.154e+01 (110334)
*281791: obj =   2.088178066e+03 inf =   2.155e+01 (110341)
*281797: obj =   2.088178066e+03 inf =   2.155e+01 (110343) 1
*281829: obj =   2.088178066e+03 inf =   2.155e+01 (110339)
*281860: obj =   2.088178066e+03 inf =   2.155e+01 (110340)
*281891: obj =   2.088178066e+03 inf =   2.155e+01 (110351)
*281898: obj =   2.088178066e+03 inf =   2.155e+01 (110357) 1
*281931: obj =   2.088177985e+03 inf =   2.158e+01 (110351)
*281966: obj =   2.088177985e+03 inf =   2.158e+01 (110356)
*281998: obj =   2.088177967e+03 inf =   2.158e+01 (110347)
*281999: obj =   2.088177967e+03 inf =   2.158e+01 (110351) 1
*282032: obj =   2.088177967e+03 inf =   2.158e+01 (110335)
*282067: obj =   2.088177965e+03 inf =   2.158e+01 (110319)
*282100: obj =   2.088177961e+03 inf =   2.158e+01 (110316) 1
*282133: obj =   2.088177961e+03 inf =   2.158e+01 (110317)
*282167: obj =   2.088177961e+03 inf =   2.158e+01 (110328)
*282200: obj =   2.088177961e+03 inf =   2.158e+01 (110313)
*282201: obj =   2.088177961e+03 inf =   2.158e+01 (110307) 1
*282234: obj =   2.088177958e+03 inf =   2.158e+01 (110312)
*282268: obj =   2.088177958e+03 inf =   2.158e+01 (110340)
*282302: obj =   2.088177958e+03 inf =   2.158e+01 (110350) 1
*282335: obj =   2.088177958e+03 inf =   2.158e+01 (110348)
*282368: obj =   2.088177958e+03 inf =   2.158e+01 (110348)
*282401: obj =   2.088177958e+03 inf =   2.157e+01 (110346)
*282403: obj =   2.088177958e+03 inf =   2.157e+01 (110344) 1
*282438: obj =   2.088177952e+03 inf =   2.158e+01 (110347)
*282472: obj =   2.088177952e+03 inf =   2.157e+01 (110341)
*282504: obj =   2.088177937e+03 inf =   2.158e+01 (110320) 1
*282538: obj =   2.088177936e+03 inf =   2.158e+01 (110313)
*282572: obj =   2.088177936e+03 inf =   2.158e+01 (110313)
*282605: obj =   2.088177936e+03 inf =   2.158e+01 (110310) 1
*282638: obj =   2.088177936e+03 inf =   2.157e+01 (110314)
*282669: obj =   2.088177930e+03 inf =   2.158e+01 (110327)
*282700: obj =   2.088177925e+03 inf =   2.158e+01 (110320)
*282706: obj =   2.088177925e+03 inf =   2.158e+01 (110321) 1
*282740: obj =   2.088177921e+03 inf =   2.158e+01 (110334)
*282772: obj =   2.088177884e+03 inf =   2.159e+01 (110345)
*282804: obj =   2.088177818e+03 inf =   2.160e+01 (110343)
*282807: obj =   2.088177818e+03 inf =   2.160e+01 (110342) 1
*282838: obj =   2.088177694e+03 inf =   2.163e+01 (110353)
*282870: obj =   2.088177681e+03 inf =   2.163e+01 (110346)
*282903: obj =   2.088177680e+03 inf =   2.163e+01 (110344)
*282908: obj =   2.088177680e+03 inf =   2.163e+01 (110342) 1
*282941: obj =   2.088177678e+03 inf =   2.163e+01 (110341)
*282974: obj =   2.088177678e+03 inf =   2.163e+01 (110322)
*283006: obj =   2.088177627e+03 inf =   2.165e+01 (110316)
*283009: obj =   2.088177627e+03 inf =   2.165e+01 (110310) 1
*283040: obj =   2.088177557e+03 inf =   2.167e+01 (110324)
*283071: obj =   2.088177490e+03 inf =   2.169e+01 (110326)
*283102: obj =   2.088177490e+03 inf =   2.169e+01 (110322)
*283110: obj =   2.088177490e+03 inf =   2.169e+01 (110313) 1
*283141: obj =   2.088177490e+03 inf =   2.169e+01 (110314)
*283173: obj =   2.088177490e+03 inf =   2.169e+01 (110301)
*283205: obj =   2.088177490e+03 inf =   2.169e+01 (110312)
*283211: obj =   2.088177490e+03 inf =   2.169e+01 (110308) 1
*283243: obj =   2.088177490e+03 inf =   2.168e+01 (110311)
*283276: obj =   2.088177490e+03 inf =   2.168e+01 (110314)
*283309: obj =   2.088177485e+03 inf =   2.168e+01 (110313)
*283312: obj =   2.088177485e+03 inf =   2.168e+01 (110310) 1
*283345: obj =   2.088177479e+03 inf =   2.169e+01 (110325)
*283378: obj =   2.088177479e+03 inf =   2.168e+01 (110297)
*283412: obj =   2.088177479e+03 inf =   2.168e+01 (110306)
*283413: obj =   2.088177479e+03 inf =   2.168e+01 (110309) 1
*283446: obj =   2.088177465e+03 inf =   2.169e+01 (110319)
*283478: obj =   2.088177465e+03 inf =   2.169e+01 (110319)
*283512: obj =   2.088177463e+03 inf =   2.169e+01 (110324)
*283514: obj =   2.088177463e+03 inf =   2.169e+01 (110328) 1
*283549: obj =   2.088177463e+03 inf =   2.169e+01 (110312)
*283582: obj =   2.088177463e+03 inf =   2.168e+01 (110310)
*283614: obj =   2.088177452e+03 inf =   2.169e+01 (110296)
*283615: obj =   2.088177452e+03 inf =   2.169e+01 (110294) 1
*283647: obj =   2.088177417e+03 inf =   2.170e+01 (110311)
*283680: obj =   2.088177417e+03 inf =   2.170e+01 (110316)
*283712: obj =   2.088177393e+03 inf =   2.171e+01 (110300)
*283716: obj =   2.088177391e+03 inf =   2.171e+01 (110305) 1
*283750: obj =   2.088177390e+03 inf =   2.170e+01 (110314)
*283783: obj =   2.088177389e+03 inf =   2.170e+01 (110311)
*283816: obj =   2.088177310e+03 inf =   2.172e+01 (110318)
*283817: obj =   2.088177310e+03 inf =   2.172e+01 (110319) 1
*283850: obj =   2.088177287e+03 inf =   2.173e+01 (110296)
*283883: obj =   2.088177244e+03 inf =   2.174e+01 (110301)
*283917: obj =   2.088177161e+03 inf =   2.176e+01 (110301)
*283918: obj =   2.088177155e+03 inf =   2.176e+01 (110304) 1
*283952: obj =   2.088177082e+03 inf =   2.177e+01 (110310)
*283986: obj =   2.088177053e+03 inf =   2.178e+01 (110303)
*284019: obj =   2.088176968e+03 inf =   2.180e+01 (110298) 1
*284052: obj =   2.088176948e+03 inf =   2.181e+01 (110293)
*284085: obj =   2.088176946e+03 inf =   2.181e+01 (110304)
*284118: obj =   2.088176925e+03 inf =   2.181e+01 (110305)
*284120: obj =   2.088176925e+03 inf =   2.181e+01 (110307) 1
*284152: obj =   2.088176905e+03 inf =   2.182e+01 (110283)
*284184: obj =   2.088176822e+03 inf =   2.184e+01 (110293)
*284216: obj =   2.088176731e+03 inf =   2.187e+01 (110294)
*284221: obj =   2.088176731e+03 inf =   2.187e+01 (110293) 1
*284253: obj =   2.088176731e+03 inf =   2.186e+01 (110297)
*284284: obj =   2.088176731e+03 inf =   2.186e+01 (110279)
*284315: obj =   2.088176706e+03 inf =   2.187e+01 (110288)
*284322: obj =   2.088176705e+03 inf =   2.187e+01 (110297) 1
*284354: obj =   2.088176523e+03 inf =   2.192e+01 (110286)
*284386: obj =   2.088176492e+03 inf =   2.193e+01 (110293)
*284418: obj =   2.088176470e+03 inf =   2.193e+01 (110291)
*284423: obj =   2.088176470e+03 inf =   2.193e+01 (110302) 1
*284454: obj =   2.088176435e+03 inf =   2.194e+01 (110313)
*284485: obj =   2.088176435e+03 inf =   2.194e+01 (110305)
*284517: obj =   2.088176435e+03 inf =   2.194e+01 (110292)
*284524: obj =   2.088176435e+03 inf =   2.194e+01 (110310) 1
*284558: obj =   2.088176435e+03 inf =   2.194e+01 (110278)
*284591: obj =   2.088176435e+03 inf =   2.194e+01 (110266)
*284623: obj =   2.088176424e+03 inf =   2.194e+01 (110261)
*284625: obj =   2.088176424e+03 inf =   2.194e+01 (110256) 1
*284658: obj =   2.088176371e+03 inf =   2.195e+01 (110248)
*284690: obj =   2.088176360e+03 inf =   2.196e+01 (110244)
*284722: obj =   2.088176247e+03 inf =   2.199e+01 (110246)
*284726: obj =   2.088176246e+03 inf =   2.199e+01 (110239) 1
*284758: obj =   2.088176126e+03 inf =   2.202e+01 (110241)
*284790: obj =   2.088176124e+03 inf =   2.202e+01 (110240)
*284822: obj =   2.088176124e+03 inf =   2.202e+01 (110239)
*284827: obj =   2.088176116e+03 inf =   2.202e+01 (110245) 1
*284861: obj =   2.088176087e+03 inf =   2.203e+01 (110245)
*284893: obj =   2.088176083e+03 inf =   2.203e+01 (110223)
*284925: obj =   2.088176083e+03 inf =   2.203e+01 (110241)
*284928: obj =   2.088176082e+03 inf =   2.203e+01 (110240) 1
*284958: obj =   2.088176082e+03 inf =   2.203e+01 (110229)
*284989: obj =   2.088176082e+03 inf =   2.203e+01 (110217)
*285019: obj =   2.088176082e+03 inf =   2.203e+01 (110242)
*285030: obj =   2.088176082e+03 inf =   2.203e+01 (110241) 1
*285063: obj =   2.088176082e+03 inf =   2.203e+01 (110273)
*285095: obj =   2.088176082e+03 inf =   2.203e+01 (110258)
*285128: obj =   2.088176082e+03 inf =   2.202e+01 (110248)
*285131: obj =   2.088176082e+03 inf =   2.202e+01 (110249) 1
*285163: obj =   2.088176074e+03 inf =   2.203e+01 (110241)
*285195: obj =   2.088176067e+03 inf =   2.203e+01 (110252)
*285227: obj =   2.088176067e+03 inf =   2.203e+01 (110257)
*285232: obj =   2.088176067e+03 inf =   2.203e+01 (110253) 1
*285266: obj =   2.088176066e+03 inf =   2.203e+01 (110246)
*285300: obj =   2.088176066e+03 inf =   2.203e+01 (110225)
*285333: obj =   2.088176066e+03 inf =   2.202e+01 (110238) 1
*285368: obj =   2.088176066e+03 inf =   2.202e+01 (110234)
*285403: obj =   2.088176066e+03 inf =   2.202e+01 (110218)
*285434: obj =   2.088176065e+03 inf =   2.202e+01 (110221) 1
*285469: obj =   2.088176063e+03 inf =   2.202e+01 (110224)
*285504: obj =   2.088176063e+03 inf =   2.202e+01 (110236)
*285535: obj =   2.088176059e+03 inf =   2.202e+01 (110256) 1
*285570: obj =   2.088175994e+03 inf =   2.203e+01 (110258)
*285604: obj =   2.088175989e+03 inf =   2.203e+01 (110252)
*285636: obj =   2.088175945e+03 inf =   2.205e+01 (110246) 1
*285666: obj =   2.088175907e+03 inf =   2.206e+01 (110237)
*285697: obj =   2.088175853e+03 inf =   2.207e+01 (110245)
*285729: obj =   2.088175847e+03 inf =   2.207e+01 (110229)
*285737: obj =   2.088175847e+03 inf =   2.207e+01 (110228) 1
*285769: obj =   2.088175810e+03 inf =   2.208e+01 (110225)
*285803: obj =   2.088175810e+03 inf =   2.208e+01 (110221)
*285834: obj =   2.088175810e+03 inf =   2.208e+01 (110200)
*285838: obj =   2.088175810e+03 inf =   2.208e+01 (110199) 1
*285868: obj =   2.088175809e+03 inf =   2.208e+01 (110170)
*285899: obj =   2.088175756e+03 inf =   2.210e+01 (110165)
*285929: obj =   2.088175755e+03 inf =   2.210e+01 (110169)
*285939: obj =   2.088175755e+03 inf =   2.210e+01 (110171) 1
*285970: obj =   2.088175734e+03 inf =   2.210e+01 (110177)
*286001: obj =   2.088175734e+03 inf =   2.210e+01 (110176)
*286032: obj =   2.088175734e+03 inf =   2.210e+01 (110186)
*286040: obj =   2.088175673e+03 inf =   2.212e+01 (110186) 1
*286071: obj =   2.088175616e+03 inf =   2.214e+01 (110195)
*286102: obj =   2.088175615e+03 inf =   2.214e+01 (110205)
*286133: obj =   2.088175615e+03 inf =   2.214e+01 (110200)
*286141: obj =   2.088175615e+03 inf =   2.214e+01 (110199) 1
*286173: obj =   2.088175615e+03 inf =   2.214e+01 (110197)
*286204: obj =   2.088175615e+03 inf =   2.213e+01 (110177)
*286235: obj =   2.088175615e+03 inf =   2.213e+01 (110179)
*286242: obj =   2.088175615e+03 inf =   2.213e+01 (110170) 1
*286275: obj =   2.088175615e+03 inf =   2.213e+01 (110170)
*286309: obj =   2.088175615e+03 inf =   2.213e+01 (110159)
*286343: obj =   2.088175615e+03 inf =   2.213e+01 (110156) 1
*286376: obj =   2.088175615e+03 inf =   2.213e+01 (110158)
*286410: obj =   2.088175615e+03 inf =   2.213e+01 (110153)
*286444: obj =   2.088175615e+03 inf =   2.213e+01 (110163) 1
*286478: obj =   2.088175615e+03 inf =   2.213e+01 (110172)
*286512: obj =   2.088175615e+03 inf =   2.212e+01 (110168)
*286545: obj =   2.088175615e+03 inf =   2.212e+01 (110185) 1
*286579: obj =   2.088175615e+03 inf =   2.212e+01 (110182)
*286613: obj =   2.088175615e+03 inf =   2.212e+01 (110182)
*286645: obj =   2.088175600e+03 inf =   2.212e+01 (110163)
*286646: obj =   2.088175600e+03 inf =   2.212e+01 (110162) 1
*286678: obj =   2.088175599e+03 inf =   2.212e+01 (110152)
*286710: obj =   2.088175594e+03 inf =   2.213e+01 (110160)
*286743: obj =   2.088175594e+03 inf =   2.213e+01 (110155)
*286747: obj =   2.088175594e+03 inf =   2.213e+01 (110156) 1
*286780: obj =   2.088175593e+03 inf =   2.213e+01 (110167)
*286812: obj =   2.088175593e+03 inf =   2.212e+01 (110171)
*286844: obj =   2.088175592e+03 inf =   2.212e+01 (110169)
*286848: obj =   2.088175592e+03 inf =   2.212e+01 (110171) 1
*286880: obj =   2.088175592e+03 inf =   2.212e+01 (110184)
*286912: obj =   2.088175548e+03 inf =   2.213e+01 (110186)
*286946: obj =   2.088175480e+03 inf =   2.215e+01 (110184)
*286949: obj =   2.088175480e+03 inf =   2.215e+01 (110180) 1
*286983: obj =   2.088175480e+03 inf =   2.215e+01 (110173)
*287018: obj =   2.088175415e+03 inf =   2.216e+01 (110176)
*287050: obj =   2.088175415e+03 inf =   2.216e+01 (110177) 1
*287084: obj =   2.088175388e+03 inf =   2.217e+01 (110174)
*287118: obj =   2.088175315e+03 inf =   2.218e+01 (110180)
*287151: obj =   2.088175315e+03 inf =   2.218e+01 (110178) 1
*287184: obj =   2.088175236e+03 inf =   2.220e+01 (110184)
*287217: obj =   2.088175189e+03 inf =   2.221e+01 (110183)
*287251: obj =   2.088175077e+03 inf =   2.224e+01 (110176)
*287252: obj =   2.088175077e+03 inf =   2.224e+01 (110180) 1
*287286: obj =   2.088175077e+03 inf =   2.224e+01 (110191)
*287322: obj =   2.088175076e+03 inf =   2.223e+01 (110196)
*287353: obj =   2.088175043e+03 inf =   2.224e+01 (110209) 1
*287386: obj =   2.088175043e+03 inf =   2.224e+01 (110198)
*287418: obj =   2.088175043e+03 inf =   2.224e+01 (110204)
*287451: obj =   2.088174876e+03 inf =   2.228e+01 (110196)
*287454: obj =   2.088174862e+03 inf =   2.228e+01 (110192) 1
*287487: obj =   2.088174800e+03 inf =   2.229e+01 (110200)
*287520: obj =   2.088174652e+03 inf =   2.233e+01 (110194)
*287553: obj =   2.088174543e+03 inf =   2.235e+01 (110197)
*287555: obj =   2.088174543e+03 inf =   2.235e+01 (110198) 1
*287586: obj =   2.088174514e+03 inf =   2.236e+01 (110195)
*287616: obj =   2.088174514e+03 inf =   2.236e+01 (110190)
*287649: obj =   2.088174460e+03 inf =   2.237e+01 (110206)
*287656: obj =   2.088174460e+03 inf =   2.237e+01 (110192) 1
*287689: obj =   2.088174306e+03 inf =   2.241e+01 (110217)
*287721: obj =   2.088174299e+03 inf =   2.241e+01 (110219)
*287752: obj =   2.088174270e+03 inf =   2.242e+01 (110208)
*287757: obj =   2.088174270e+03 inf =   2.242e+01 (110194) 1
*287789: obj =   2.088174218e+03 inf =   2.243e+01 (110191)
*287820: obj =   2.088174217e+03 inf =   2.243e+01 (110188)
*287851: obj =   2.088174217e+03 inf =   2.243e+01 (110177)
*287858: obj =   2.088174217e+03 inf =   2.243e+01 (110183) 1
*287888: obj =   2.088174203e+03 inf =   2.243e+01 (110178)
*287918: obj =   2.088174202e+03 inf =   2.243e+01 (110167)
*287949: obj =   2.088174202e+03 inf =   2.243e+01 (110160)
*287959: obj =   2.088174202e+03 inf =   2.243e+01 (110162) 1
*287984: obj =   2.088174202e+03 inf =   2.243e+01 (110154)
*288009: obj =   2.088174202e+03 inf =   2.243e+01 (110136)
*288034: obj =   2.088174202e+03 inf =   2.243e+01 (110145)
*288060: obj =   2.088174202e+03 inf =   2.243e+01 (110135) 1
*288091: obj =   2.088174190e+03 inf =   2.243e+01 (110128)
*288122: obj =   2.088174190e+03 inf =   2.243e+01 (110145)
*288153: obj =   2.088174190e+03 inf =   2.243e+01 (110171)
*288161: obj =   2.088174190e+03 inf =   2.243e+01 (110163) 1
*288193: obj =   2.088174190e+03 inf =   2.243e+01 (110149)
*288225: obj =   2.088174187e+03 inf =   2.243e+01 (110130)
*288258: obj =   2.088174166e+03 inf =   2.244e+01 (110113)
*288262: obj =   2.088174166e+03 inf =   2.244e+01 (110116) 1
*288296: obj =   2.088174166e+03 inf =   2.243e+01 (110128)
*288327: obj =   2.088174166e+03 inf =   2.243e+01 (110138)
*288357: obj =   2.088174166e+03 inf =   2.243e+01 (110129)
*288363: obj =   2.088174166e+03 inf =   2.243e+01 (110127) 1
*288394: obj =   2.088174159e+03 inf =   2.244e+01 (110117)
*288426: obj =   2.088174158e+03 inf =   2.243e+01 (110123)
*288458: obj =   2.088174158e+03 inf =   2.243e+01 (110126)
*288464: obj =   2.088174158e+03 inf =   2.243e+01 (110145) 1
*288498: obj =   2.088174158e+03 inf =   2.243e+01 (110120)
*288532: obj =   2.088174158e+03 inf =   2.243e+01 (110115)
*288565: obj =   2.088174158e+03 inf =   2.243e+01 (110099) 1
*288599: obj =   2.088174158e+03 inf =   2.243e+01 (110082)
*288632: obj =   2.088174157e+03 inf =   2.243e+01 (110092)
*288664: obj =   2.088174149e+03 inf =   2.243e+01 (110096)
*288666: obj =   2.088174149e+03 inf =   2.243e+01 (110106) 1
*288697: obj =   2.088174121e+03 inf =   2.244e+01 (110096)
*288729: obj =   2.088174031e+03 inf =   2.248e+01 (110089)
*288762: obj =   2.088174031e+03 inf =   2.248e+01 (110061)
*288767: obj =   2.088174031e+03 inf =   2.248e+01 (110070) 1
*288801: obj =   2.088174030e+03 inf =   2.248e+01 (110082)
*288832: obj =   2.088174029e+03 inf =   2.248e+01 (110054)
*288863: obj =   2.088174029e+03 inf =   2.248e+01 (110064)
*288868: obj =   2.088174029e+03 inf =   2.248e+01 (110069) 1
*288898: obj =   2.088174019e+03 inf =   2.248e+01 (110064)
*288928: obj =   2.088174019e+03 inf =   2.248e+01 (110060)
*288959: obj =   2.088174019e+03 inf =   2.248e+01 (110083)
*288969: obj =   2.088174019e+03 inf =   2.248e+01 (110069) 1
*289001: obj =   2.088174019e+03 inf =   2.248e+01 (110062)
*289033: obj =   2.088174019e+03 inf =   2.247e+01 (110062)
*289064: obj =   2.088174019e+03 inf =   2.247e+01 (110045)
*289070: obj =   2.088174019e+03 inf =   2.247e+01 (110058) 1
*289100: obj =   2.088174019e+03 inf =   2.247e+01 (110046)
*289130: obj =   2.088174019e+03 inf =   2.247e+01 (110049)
*289160: obj =   2.088174019e+03 inf =   2.247e+01 (110056)
*289171: obj =   2.088174019e+03 inf =   2.247e+01 (110046) 1
*289202: obj =   2.088174019e+03 inf =   2.247e+01 (110048)
*289233: obj =   2.088174014e+03 inf =   2.247e+01 (110054)
*289263: obj =   2.088174014e+03 inf =   2.247e+01 (110046)
*289272: obj =   2.088174014e+03 inf =   2.247e+01 (110041) 1
*289303: obj =   2.088174014e+03 inf =   2.247e+01 (110039)
*289334: obj =   2.088174014e+03 inf =   2.247e+01 (110020)
*289365: obj =   2.088173991e+03 inf =   2.247e+01 (110014)
*289373: obj =   2.088173991e+03 inf =   2.247e+01 (110011) 1
*289404: obj =   2.088173989e+03 inf =   2.247e+01 (109996)
*289435: obj =   2.088173989e+03 inf =   2.247e+01 (109996)
*289466: obj =   2.088173989e+03 inf =   2.247e+01 (109994)
*289474: obj =   2.088173989e+03 inf =   2.247e+01 (110002) 1
*289505: obj =   2.088173953e+03 inf =   2.248e+01 (109996)
*289536: obj =   2.088173953e+03 inf =   2.248e+01 (109999)
*289567: obj =   2.088173953e+03 inf =   2.248e+01 (110002)
*289575: obj =   2.088173953e+03 inf =   2.248e+01 (110012) 1
*289606: obj =   2.088173953e+03 inf =   2.248e+01 (110021)
*289637: obj =   2.088173953e+03 inf =   2.248e+01 (110006)
*289668: obj =   2.088173953e+03 inf =   2.248e+01 (110005)
*289676: obj =   2.088173953e+03 inf =   2.248e+01 (110005) 1
*289707: obj =   2.088173953e+03 inf =   2.248e+01 (110015)
*289738: obj =   2.088173932e+03 inf =   2.248e+01 (109999)
*289769: obj =   2.088173932e+03 inf =   2.248e+01 (110003)
*289778: obj =   2.088173905e+03 inf =   2.249e+01 (109996) 1
*289809: obj =   2.088173887e+03 inf =   2.250e+01 (110005)
*289841: obj =   2.088173830e+03 inf =   2.252e+01 (110015)
*289873: obj =   2.088173829e+03 inf =   2.252e+01 (110040)
*289879: obj =   2.088173829e+03 inf =   2.252e+01 (110036) 1
*289912: obj =   2.088173829e+03 inf =   2.252e+01 (110037)
*289945: obj =   2.088173829e+03 inf =   2.252e+01 (110038)
*289978: obj =   2.088173828e+03 inf =   2.251e+01 (110046)
*289980: obj =   2.088173828e+03 inf =   2.251e+01 (110053) 1
*290012: obj =   2.088173828e+03 inf =   2.251e+01 (110041)
*290044: obj =   2.088173785e+03 inf =   2.253e+01 (110038)
*290076: obj =   2.088173775e+03 inf =   2.253e+01 (110046)
*290081: obj =   2.088173775e+03 inf =   2.253e+01 (110044) 1
*290113: obj =   2.088173767e+03 inf =   2.254e+01 (110047)
*290146: obj =   2.088173766e+03 inf =   2.254e+01 (110063)
*290180: obj =   2.088173766e+03 inf =   2.254e+01 (110071)
*290182: obj =   2.088173766e+03 inf =   2.254e+01 (110070) 1
*290215: obj =   2.088173766e+03 inf =   2.253e+01 (110059)
*290248: obj =   2.088173766e+03 inf =   2.253e+01 (110047)
*290281: obj =   2.088173766e+03 inf =   2.253e+01 (110027)
*290284: obj =   2.088173766e+03 inf =   2.253e+01 (110030) 1
*290317: obj =   2.088173760e+03 inf =   2.253e+01 (110052)
*290350: obj =   2.088173752e+03 inf =   2.254e+01 (110041)
*290384: obj =   2.088173752e+03 inf =   2.254e+01 (110043)
*290385: obj =   2.088173752e+03 inf =   2.254e+01 (110039) 1
*290418: obj =   2.088173752e+03 inf =   2.254e+01 (110037)
*290451: obj =   2.088173742e+03 inf =   2.254e+01 (110033)
*290483: obj =   2.088173742e+03 inf =   2.254e+01 (110026)
*290486: obj =   2.088173742e+03 inf =   2.254e+01 (110034) 1
*290519: obj =   2.088173742e+03 inf =   2.254e+01 (110008)
*290552: obj =   2.088173742e+03 inf =   2.253e+01 (109992)
*290585: obj =   2.088173742e+03 inf =   2.253e+01 (110004)
*290587: obj =   2.088173742e+03 inf =   2.253e+01 (110009) 1
*290620: obj =   2.088173720e+03 inf =   2.254e+01 (110038)
*290652: obj =   2.088173697e+03 inf =   2.255e+01 (110026)
*290683: obj =   2.088173697e+03 inf =   2.255e+01 (110035)
*290688: obj =   2.088173697e+03 inf =   2.255e+01 (110032) 1
*290721: obj =   2.088173696e+03 inf =   2.255e+01 (110058)
*290753: obj =   2.088173691e+03 inf =   2.255e+01 (110040)
*290786: obj =   2.088173691e+03 inf =   2.255e+01 (110030)
*290789: obj =   2.088173691e+03 inf =   2.255e+01 (110028) 1
*290821: obj =   2.088173652e+03 inf =   2.257e+01 (110003)
*290855: obj =   2.088173645e+03 inf =   2.257e+01 (110011)
*290888: obj =   2.088173645e+03 inf =   2.257e+01 (110004)
*290890: obj =   2.088173645e+03 inf =   2.257e+01 (110011) 1
*290922: obj =   2.088173632e+03 inf =   2.258e+01 (110015)
*290955: obj =   2.088173632e+03 inf =   2.257e+01 (110018)
*290989: obj =   2.088173632e+03 inf =   2.257e+01 (110013)
*290991: obj =   2.088173632e+03 inf =   2.257e+01 (110017) 1
*291026: obj =   2.088173629e+03 inf =   2.257e+01 (110021)
*291060: obj =   2.088173629e+03 inf =   2.257e+01 (110024)
*291092: obj =   2.088173629e+03 inf =   2.257e+01 (110009) 1
*291123: obj =   2.088173613e+03 inf =   2.258e+01 (109999)
*291155: obj =   2.088173613e+03 inf =   2.258e+01 (109996)
*291187: obj =   2.088173613e+03 inf =   2.258e+01 (109999)
*291193: obj =   2.088173613e+03 inf =   2.258e+01 (110004) 1
*291225: obj =   2.088173595e+03 inf =   2.258e+01 (110005)
*291258: obj =   2.088173594e+03 inf =   2.258e+01 (109995)
*291291: obj =   2.088173593e+03 inf =   2.258e+01 (109991)
*291294: obj =   2.088173593e+03 inf =   2.258e+01 (109997) 1
*291324: obj =   2.088173558e+03 inf =   2.259e+01 (109997)
*291356: obj =   2.088173544e+03 inf =   2.260e+01 (110002)
*291388: obj =   2.088173534e+03 inf =   2.260e+01 (110010)
*291395: obj =   2.088173534e+03 inf =   2.260e+01 (110006) 1
*291426: obj =   2.088173534e+03 inf =   2.260e+01 (110010)
*291456: obj =   2.088173533e+03 inf =   2.260e+01 (110009)
*291485: obj =   2.088173533e+03 inf =   2.260e+01 (110003)
*291496: obj =   2.088173533e+03 inf =   2.260e+01 (109992) 1
*291526: obj =   2.088173523e+03 inf =   2.260e+01 (109984)
*291556: obj =   2.088173523e+03 inf =   2.260e+01 (109976)
*291587: obj =   2.088173523e+03 inf =   2.260e+01 (109977)
*291597: obj =   2.088173515e+03 inf =   2.260e+01 (109980) 1
*291628: obj =   2.088173515e+03 inf =   2.260e+01 (109984)
*291659: obj =   2.088173515e+03 inf =   2.260e+01 (110002)
*291690: obj =   2.088173515e+03 inf =   2.260e+01 (110001)
*291698: obj =   2.088173515e+03 inf =   2.260e+01 (109995) 1
*291730: obj =   2.088173515e+03 inf =   2.260e+01 (110015)
*291762: obj =   2.088173515e+03 inf =   2.260e+01 (110016)
*291793: obj =   2.088173515e+03 inf =   2.260e+01 (110000)
*291799: obj =   2.088173507e+03 inf =   2.260e+01 (110004) 1
*291829: obj =   2.088173488e+03 inf =   2.261e+01 (109987)
*291859: obj =   2.088173474e+03 inf =   2.261e+01 (109989)
*291888: obj =   2.088173419e+03 inf =   2.263e+01 (109978)
*291900: obj =   2.088173404e+03 inf =   2.264e+01 (109982) 1
*291931: obj =   2.088173403e+03 inf =   2.264e+01 (110003)
*291962: obj =   2.088173403e+03 inf =   2.264e+01 (109989)
*291994: obj =   2.088173397e+03 inf =   2.264e+01 (109986)
*292001: obj =   2.088173397e+03 inf =   2.264e+01 (109986) 1
*292032: obj =   2.088173397e+03 inf =   2.264e+01 (109982)
*292064: obj =   2.088173397e+03 inf =   2.264e+01 (109986)
*292096: obj =   2.088173390e+03 inf =   2.264e+01 (109960)
*292102: obj =   2.088173390e+03 inf =   2.264e+01 (109958) 1
*292134: obj =   2.088173390e+03 inf =   2.264e+01 (109959)
*292167: obj =   2.088173390e+03 inf =   2.264e+01 (109951)
*292200: obj =   2.088173388e+03 inf =   2.264e+01 (109944)
*292203: obj =   2.088173388e+03 inf =   2.264e+01 (109944) 1
*292232: obj =   2.088173321e+03 inf =   2.266e+01 (109936)
*292261: obj =   2.088173230e+03 inf =   2.268e+01 (109931)
*292291: obj =   2.088173179e+03 inf =   2.270e+01 (109931)
*292304: obj =   2.088173160e+03 inf =   2.270e+01 (109934) 1
*292331: obj =   2.088173062e+03 inf =   2.273e+01 (109938)
*292358: obj =   2.088173062e+03 inf =   2.273e+01 (109944)
*292387: obj =   2.088173062e+03 inf =   2.273e+01 (109943)
*292405: obj =   2.088172988e+03 inf =   2.274e+01 (109947) 1
*292434: obj =   2.088172918e+03 inf =   2.276e+01 (109942)
*292463: obj =   2.088172805e+03 inf =   2.278e+01 (109931)
*292492: obj =   2.088172698e+03 inf =   2.281e+01 (109932)
*292506: obj =   2.088172696e+03 inf =   2.281e+01 (109934) 1
*292535: obj =   2.088172694e+03 inf =   2.281e+01 (109944)
*292564: obj =   2.088172691e+03 inf =   2.281e+01 (109935)
*292594: obj =   2.088172690e+03 inf =   2.281e+01 (109948)
*292607: obj =   2.088172690e+03 inf =   2.281e+01 (109943) 1
*292637: obj =   2.088172690e+03 inf =   2.281e+01 (109950)
*292666: obj =   2.088172680e+03 inf =   2.281e+01 (109956)
*292695: obj =   2.088172671e+03 inf =   2.281e+01 (109952)
*292708: obj =   2.088172671e+03 inf =   2.281e+01 (109965) 1
*292737: obj =   2.088172669e+03 inf =   2.282e+01 (109980)
*292769: obj =   2.088172643e+03 inf =   2.282e+01 (110002)
*292798: obj =   2.088172565e+03 inf =   2.284e+01 (109977)
*292809: obj =   2.088172565e+03 inf =   2.284e+01 (109978) 1
*292839: obj =   2.088172527e+03 inf =   2.285e+01 (109984)
*292869: obj =   2.088172526e+03 inf =   2.285e+01 (109986)
*292899: obj =   2.088172526e+03 inf =   2.285e+01 (109979)
*292910: obj =   2.088172496e+03 inf =   2.286e+01 (109978) 1
*292941: obj =   2.088172496e+03 inf =   2.286e+01 (109977)
*292972: obj =   2.088172496e+03 inf =   2.286e+01 (109982)
*293004: obj =   2.088172486e+03 inf =   2.286e+01 (109986)
*293011: obj =   2.088172486e+03 inf =   2.286e+01 (109988) 1
*293044: obj =   2.088172483e+03 inf =   2.286e+01 (109972)
*293077: obj =   2.088172482e+03 inf =   2.286e+01 (109956)
*293109: obj =   2.088172482e+03 inf =   2.286e+01 (109970)
*293112: obj =   2.088172482e+03 inf =   2.286e+01 (109965) 1
*293145: obj =   2.088172482e+03 inf =   2.286e+01 (109961)
*293178: obj =   2.088172482e+03 inf =   2.286e+01 (109970)
*293211: obj =   2.088172482e+03 inf =   2.286e+01 (109973)
*293213: obj =   2.088172482e+03 inf =   2.286e+01 (109968) 1
*293241: obj =   2.088172482e+03 inf =   2.285e+01 (109982)
*293274: obj =   2.088172482e+03 inf =   2.285e+01 (109982)
*293308: obj =   2.088172482e+03 inf =   2.285e+01 (109999)
*293314: obj =   2.088172482e+03 inf =   2.285e+01 (110000) 1
*293347: obj =   2.088172482e+03 inf =   2.285e+01 (109995)
*293380: obj =   2.088172482e+03 inf =   2.285e+01 (109996)
*293413: obj =   2.088172482e+03 inf =   2.285e+01 (110006)
*293415: obj =   2.088172482e+03 inf =   2.285e+01 (110008) 1
*293446: obj =   2.088172474e+03 inf =   2.285e+01 (109997)
*293477: obj =   2.088172425e+03 inf =   2.286e+01 (110003)
*293508: obj =   2.088172416e+03 inf =   2.286e+01 (109992)
*293516: obj =   2.088172416e+03 inf =   2.286e+01 (109991) 1
*293547: obj =   2.088172313e+03 inf =   2.289e+01 (109984)
*293578: obj =   2.088172306e+03 inf =   2.289e+01 (109987)
*293608: obj =   2.088172273e+03 inf =   2.290e+01 (109986)
*293617: obj =   2.088172273e+03 inf =   2.290e+01 (109982) 1
*293648: obj =   2.088172243e+03 inf =   2.291e+01 (110005)
*293679: obj =   2.088172201e+03 inf =   2.292e+01 (110003)
*293710: obj =   2.088172075e+03 inf =   2.295e+01 (110002)
*293719: obj =   2.088172029e+03 inf =   2.296e+01 (110002) 1
*293751: obj =   2.088171941e+03 inf =   2.299e+01 (109993)
*293781: obj =   2.088171934e+03 inf =   2.299e+01 (109985)
*293811: obj =   2.088171934e+03 inf =   2.299e+01 (109999)
*293820: obj =   2.088171934e+03 inf =   2.299e+01 (109982) 1
*293852: obj =   2.088171931e+03 inf =   2.299e+01 (109996)
*293882: obj =   2.088171930e+03 inf =   2.299e+01 (109999)
*293910: obj =   2.088171930e+03 inf =   2.299e+01 (109997)
*293921: obj =   2.088171930e+03 inf =   2.299e+01 (109994) 1
*293951: obj =   2.088171889e+03 inf =   2.300e+01 (109991)
*293981: obj =   2.088171817e+03 inf =   2.302e+01 (110005)
*294011: obj =   2.088171814e+03 inf =   2.302e+01 (109987)
*294022: obj =   2.088171814e+03 inf =   2.302e+01 (109983) 1
*294052: obj =   2.088171814e+03 inf =   2.302e+01 (109973)
*294082: obj =   2.088171813e+03 inf =   2.302e+01 (109972)
*294112: obj =   2.088171741e+03 inf =   2.304e+01 (109967)
*294123: obj =   2.088171740e+03 inf =   2.304e+01 (109967) 1
*294153: obj =   2.088171740e+03 inf =   2.304e+01 (109963)
*294183: obj =   2.088171740e+03 inf =   2.304e+01 (109968)
*294213: obj =   2.088171740e+03 inf =   2.304e+01 (109960)
*294224: obj =   2.088171740e+03 inf =   2.304e+01 (109956) 1
*294253: obj =   2.088171740e+03 inf =   2.304e+01 (109968)
*294281: obj =   2.088171740e+03 inf =   2.304e+01 (109959)
*294306: obj =   2.088171740e+03 inf =   2.304e+01 (109965)
*294325: obj =   2.088171740e+03 inf =   2.304e+01 (109966) 1
*294356: obj =   2.088171740e+03 inf =   2.304e+01 (109959)
*294386: obj =   2.088171663e+03 inf =   2.306e+01 (109943)
*294416: obj =   2.088171543e+03 inf =   2.309e+01 (109937)
*294426: obj =   2.088171489e+03 inf =   2.311e+01 (109938) 1
*294456: obj =   2.088171489e+03 inf =   2.311e+01 (109940)
*294486: obj =   2.088171489e+03 inf =   2.311e+01 (109952)
*294516: obj =   2.088171488e+03 inf =   2.311e+01 (109937)
*294527: obj =   2.088171487e+03 inf =   2.311e+01 (109935) 1
*294557: obj =   2.088171487e+03 inf =   2.311e+01 (109936)
*294587: obj =   2.088171487e+03 inf =   2.311e+01 (109957)
*294617: obj =   2.088171487e+03 inf =   2.310e+01 (109938)
*294628: obj =   2.088171487e+03 inf =   2.310e+01 (109942) 1
*294658: obj =   2.088171340e+03 inf =   2.315e+01 (109957)
*294688: obj =   2.088171201e+03 inf =   2.319e+01 (109959)
*294718: obj =   2.088171201e+03 inf =   2.319e+01 (109950)
*294729: obj =   2.088171201e+03 inf =   2.319e+01 (109962) 1
*294759: obj =   2.088171201e+03 inf =   2.319e+01 (109953)
*294788: obj =   2.088171201e+03 inf =   2.319e+01 (109964)
*294817: obj =   2.088171201e+03 inf =   2.319e+01 (109959)
*294830: obj =   2.088171201e+03 inf =   2.319e+01 (109952) 1
*294861: obj =   2.088171201e+03 inf =   2.319e+01 (109953)
*294891: obj =   2.088171193e+03 inf =   2.319e+01 (109964)
*294921: obj =   2.088171127e+03 inf =   2.320e+01 (109958)
*294931: obj =   2.088171097e+03 inf =   2.321e+01 (109962) 1
*294962: obj =   2.088171094e+03 inf =   2.321e+01 (109955)
*294992: obj =   2.088171022e+03 inf =   2.323e+01 (109974)
*295022: obj =   2.088170987e+03 inf =   2.324e+01 (109967)
*295033: obj =   2.088170987e+03 inf =   2.324e+01 (109963) 1
*295063: obj =   2.088170987e+03 inf =   2.324e+01 (109966)
*295093: obj =   2.088170960e+03 inf =   2.325e+01 (109963)
*295124: obj =   2.088170783e+03 inf =   2.330e+01 (109959)
*295134: obj =   2.088170739e+03 inf =   2.331e+01 (109953) 1
*295163: obj =   2.088170734e+03 inf =   2.331e+01 (109951)
*295192: obj =   2.088170734e+03 inf =   2.331e+01 (109939)
*295222: obj =   2.088170734e+03 inf =   2.331e+01 (109924)
*295236: obj =   2.088170712e+03 inf =   2.332e+01 (109917) 1
*295266: obj =   2.088170712e+03 inf =   2.332e+01 (109910)
*295295: obj =   2.088170703e+03 inf =   2.332e+01 (109912)
*295322: obj =   2.088170703e+03 inf =   2.332e+01 (109908)
*295338: obj =   2.088170703e+03 inf =   2.332e+01 (109921) 1
*295367: obj =   2.088170703e+03 inf =   2.332e+01 (109897)
*295396: obj =   2.088170703e+03 inf =   2.332e+01 (109884)
*295425: obj =   2.088170703e+03 inf =   2.331e+01 (109889)
*295439: obj =   2.088170703e+03 inf =   2.331e+01 (109884) 1
*295467: obj =   2.088170703e+03 inf =   2.331e+01 (109894)
*295495: obj =   2.088170703e+03 inf =   2.331e+01 (109902)
*295524: obj =   2.088170703e+03 inf =   2.331e+01 (109903)
*295540: obj =   2.088170703e+03 inf =   2.331e+01 (109902) 1
*295570: obj =   2.088170703e+03 inf =   2.331e+01 (109913)
*295599: obj =   2.088170703e+03 inf =   2.331e+01 (109903)
*295628: obj =   2.088170703e+03 inf =   2.331e+01 (109893)
*295641: obj =   2.088170703e+03 inf =   2.331e+01 (109890) 1
*295671: obj =   2.088170662e+03 inf =   2.332e+01 (109892)
*295701: obj =   2.088170546e+03 inf =   2.335e+01 (109890)
*295731: obj =   2.088170544e+03 inf =   2.335e+01 (109908)
*295742: obj =   2.088170544e+03 inf =   2.335e+01 (109909) 1
*295771: obj =   2.088170395e+03 inf =   2.340e+01 (109903)
*295800: obj =   2.088170286e+03 inf =   2.343e+01 (109902)
*295831: obj =   2.088170245e+03 inf =   2.344e+01 (109885)
*295843: obj =   2.088170222e+03 inf =   2.345e+01 (109883) 1
*295874: obj =   2.088170221e+03 inf =   2.345e+01 (109860)
*295904: obj =   2.088170217e+03 inf =   2.345e+01 (109850)
*295934: obj =   2.088170216e+03 inf =   2.345e+01 (109848)
*295944: obj =   2.088170216e+03 inf =   2.345e+01 (109841) 1
*295974: obj =   2.088170216e+03 inf =   2.345e+01 (109854)
*296005: obj =   2.088170216e+03 inf =   2.345e+01 (109859)
*296036: obj =   2.088170177e+03 inf =   2.346e+01 (109872)
*296045: obj =   2.088170177e+03 inf =   2.346e+01 (109860) 1
*296075: obj =   2.088170177e+03 inf =   2.346e+01 (109861)
*296105: obj =   2.088170083e+03 inf =   2.348e+01 (109879)
*296135: obj =   2.088170083e+03 inf =   2.348e+01 (109861)
*296148: obj =   2.088170083e+03 inf =   2.348e+01 (109859) 1
*296178: obj =   2.088170030e+03 inf =   2.350e+01 (109858)
*296208: obj =   2.088169988e+03 inf =   2.351e+01 (109853)
*296238: obj =   2.088169931e+03 inf =   2.353e+01 (109860)
*296249: obj =   2.088169931e+03 inf =   2.353e+01 (109857) 1
*296276: obj =   2.088169930e+03 inf =   2.353e+01 (109846)
*296302: obj =   2.088169930e+03 inf =   2.353e+01 (109845)
*296331: obj =   2.088169930e+03 inf =   2.353e+01 (109850)
*296350: obj =   2.088169930e+03 inf =   2.352e+01 (109847) 1
*296379: obj =   2.088169930e+03 inf =   2.352e+01 (109829)
*296408: obj =   2.088169930e+03 inf =   2.352e+01 (109842)
*296437: obj =   2.088169930e+03 inf =   2.352e+01 (109835)
*296451: obj =   2.088169930e+03 inf =   2.352e+01 (109836) 1
*296481: obj =   2.088169926e+03 inf =   2.352e+01 (109849)
*296511: obj =   2.088169926e+03 inf =   2.352e+01 (109846)
*296541: obj =   2.088169926e+03 inf =   2.352e+01 (109855)
*296552: obj =   2.088169926e+03 inf =   2.352e+01 (109859) 1
*296582: obj =   2.088169926e+03 inf =   2.352e+01 (109858)
*296612: obj =   2.088169924e+03 inf =   2.352e+01 (109862)
*296642: obj =   2.088169924e+03 inf =   2.352e+01 (109864)
*296653: obj =   2.088169924e+03 inf =   2.352e+01 (109866) 1
*296683: obj =   2.088169876e+03 inf =   2.353e+01 (109854)
*296713: obj =   2.088169876e+03 inf =   2.353e+01 (109862)
*296743: obj =   2.088169876e+03 inf =   2.353e+01 (109846)
*296754: obj =   2.088169876e+03 inf =   2.353e+01 (109865) 1
*296784: obj =   2.088169762e+03 inf =   2.356e+01 (109862)
*296814: obj =   2.088169646e+03 inf =   2.360e+01 (109864)
*296845: obj =   2.088169519e+03 inf =   2.364e+01 (109855)
*296855: obj =   2.088169485e+03 inf =   2.366e+01 (109864) 1
*296879: obj =   2.088169384e+03 inf =   2.369e+01 (109856)
*296909: obj =   2.088169270e+03 inf =   2.372e+01 (109832)
*296940: obj =   2.088169155e+03 inf =   2.376e+01 (109830)
*296956: obj =   2.088169071e+03 inf =   2.379e+01 (109843) 1
*296986: obj =   2.088169009e+03 inf =   2.381e+01 (109829)
*297017: obj =   2.088169007e+03 inf =   2.381e+01 (109829)
*297047: obj =   2.088169007e+03 inf =   2.381e+01 (109825)
*297058: obj =   2.088168974e+03 inf =   2.382e+01 (109819) 1
*297089: obj =   2.088168974e+03 inf =   2.382e+01 (109811)
*297119: obj =   2.088168972e+03 inf =   2.382e+01 (109809)
*297149: obj =   2.088168972e+03 inf =   2.382e+01 (109797)
*297159: obj =   2.088168972e+03 inf =   2.382e+01 (109794) 1
*297189: obj =   2.088168969e+03 inf =   2.382e+01 (109786)
*297219: obj =   2.088168969e+03 inf =   2.381e+01 (109787)
*297249: obj =   2.088168967e+03 inf =   2.381e+01 (109794)
*297260: obj =   2.088168864e+03 inf =   2.385e+01 (109792) 1
*297289: obj =   2.088168864e+03 inf =   2.385e+01 (109801)
*297319: obj =   2.088168864e+03 inf =   2.385e+01 (109804)
*297350: obj =   2.088168808e+03 inf =   2.387e+01 (109813)
*297361: obj =   2.088168765e+03 inf =   2.388e+01 (109817) 1
*297392: obj =   2.088168751e+03 inf =   2.388e+01 (109823)
*297423: obj =   2.088168751e+03 inf =   2.388e+01 (109830)
*297454: obj =   2.088168751e+03 inf =   2.388e+01 (109831)
*297462: obj =   2.088168751e+03 inf =   2.388e+01 (109833) 1
*297492: obj =   2.088168751e+03 inf =   2.388e+01 (109832)
*297522: obj =   2.088168751e+03 inf =   2.388e+01 (109833)
*297551: obj =   2.088168751e+03 inf =   2.388e+01 (109835)
*297563: obj =   2.088168751e+03 inf =   2.388e+01 (109837) 1
*297594: obj =   2.088168751e+03 inf =   2.388e+01 (109835)
*297625: obj =   2.088168751e+03 inf =   2.388e+01 (109830)
*297655: obj =   2.088168651e+03 inf =   2.391e+01 (109824)
*297664: obj =   2.088168631e+03 inf =   2.392e+01 (109835) 1
*297694: obj =   2.088168631e+03 inf =   2.392e+01 (109834)
*297725: obj =   2.088168594e+03 inf =   2.393e+01 (109825)
*297755: obj =   2.088168516e+03 inf =   2.396e+01 (109836)
*297765: obj =   2.088168456e+03 inf =   2.398e+01 (109826) 1
*297794: obj =   2.088168411e+03 inf =   2.400e+01 (109823)
*297824: obj =   2.088168390e+03 inf =   2.400e+01 (109832)
*297854: obj =   2.088168334e+03 inf =   2.403e+01 (109834)
*297866: obj =   2.088168313e+03 inf =   2.403e+01 (109829) 1
*297897: obj =   2.088168312e+03 inf =   2.403e+01 (109820)
*297928: obj =   2.088168312e+03 inf =   2.403e+01 (109811)
*297959: obj =   2.088168312e+03 inf =   2.403e+01 (109813)
*297967: obj =   2.088168312e+03 inf =   2.403e+01 (109804) 1
*297999: obj =   2.088168311e+03 inf =   2.403e+01 (109801)
*298031: obj =   2.088168301e+03 inf =   2.403e+01 (109797)
*298064: obj =   2.088168260e+03 inf =   2.404e+01 (109792)
*298068: obj =   2.088168260e+03 inf =   2.404e+01 (109789) 1
*298101: obj =   2.088168189e+03 inf =   2.406e+01 (109797)
*298133: obj =   2.088168136e+03 inf =   2.407e+01 (109798)
*298165: obj =   2.088168059e+03 inf =   2.409e+01 (109798)
*298169: obj =   2.088168035e+03 inf =   2.410e+01 (109797) 1
*298201: obj =   2.088167975e+03 inf =   2.411e+01 (109797)
*298232: obj =   2.088167951e+03 inf =   2.411e+01 (109790)
*298264: obj =   2.088167951e+03 inf =   2.411e+01 (109789)
*298270: obj =   2.088167934e+03 inf =   2.412e+01 (109789) 1
*298302: obj =   2.088167834e+03 inf =   2.414e+01 (109789)
*298334: obj =   2.088167702e+03 inf =   2.417e+01 (109786)
*298366: obj =   2.088167606e+03 inf =   2.419e+01 (109780)
*298371: obj =   2.088167606e+03 inf =   2.419e+01 (109779) 1
*298401: obj =   2.088167537e+03 inf =   2.421e+01 (109791)
*298431: obj =   2.088167526e+03 inf =   2.421e+01 (109797)
*298463: obj =   2.088167526e+03 inf =   2.421e+01 (109809)
*298472: obj =   2.088167526e+03 inf =   2.421e+01 (109807) 1
*298503: obj =   2.088167526e+03 inf =   2.421e+01 (109808)
*298534: obj =   2.088167468e+03 inf =   2.422e+01 (109804)
*298564: obj =   2.088167463e+03 inf =   2.422e+01 (109808)
*298573: obj =   2.088167463e+03 inf =   2.422e+01 (109806) 1
*298604: obj =   2.088167383e+03 inf =   2.424e+01 (109796)
*298635: obj =   2.088167280e+03 inf =   2.427e+01 (109789)
*298665: obj =   2.088167259e+03 inf =   2.427e+01 (109785)
*298675: obj =   2.088167250e+03 inf =   2.427e+01 (109779) 1
*298706: obj =   2.088167239e+03 inf =   2.428e+01 (109793)
*298737: obj =   2.088167239e+03 inf =   2.428e+01 (109788)
*298767: obj =   2.088167148e+03 inf =   2.430e+01 (109790)
*298776: obj =   2.088167148e+03 inf =   2.430e+01 (109788) 1
*298806: obj =   2.088167095e+03 inf =   2.432e+01 (109793)
*298836: obj =   2.088167095e+03 inf =   2.432e+01 (109780)
*298868: obj =   2.088167084e+03 inf =   2.432e+01 (109770)
*298877: obj =   2.088167084e+03 inf =   2.432e+01 (109766) 1
*298910: obj =   2.088167084e+03 inf =   2.432e+01 (109774)
*298941: obj =   2.088167084e+03 inf =   2.432e+01 (109762)
*298972: obj =   2.088167066e+03 inf =   2.433e+01 (109742)
*298978: obj =   2.088167065e+03 inf =   2.433e+01 (109743) 1
*299009: obj =   2.088167064e+03 inf =   2.433e+01 (109739)
*299041: obj =   2.088167062e+03 inf =   2.433e+01 (109727)
*299072: obj =   2.088167062e+03 inf =   2.432e+01 (109741)
*299079: obj =   2.088167062e+03 inf =   2.432e+01 (109724) 1
*299110: obj =   2.088167062e+03 inf =   2.432e+01 (109712)
*299142: obj =   2.088167062e+03 inf =   2.432e+01 (109708)
*299175: obj =   2.088167062e+03 inf =   2.432e+01 (109722)
*299180: obj =   2.088167062e+03 inf =   2.432e+01 (109718) 1
*299213: obj =   2.088167062e+03 inf =   2.432e+01 (109710)
*299246: obj =   2.088167062e+03 inf =   2.432e+01 (109702)
*299278: obj =   2.088167062e+03 inf =   2.432e+01 (109691)
*299281: obj =   2.088167062e+03 inf =   2.432e+01 (109690) 1
*299313: obj =   2.088167062e+03 inf =   2.432e+01 (109695)
*299345: obj =   2.088167062e+03 inf =   2.432e+01 (109688)
*299378: obj =   2.088167062e+03 inf =   2.431e+01 (109690)
*299382: obj =   2.088167062e+03 inf =   2.431e+01 (109686) 1
*299415: obj =   2.088167062e+03 inf =   2.431e+01 (109681)
*299449: obj =   2.088167060e+03 inf =   2.431e+01 (109679)
*299482: obj =   2.088167060e+03 inf =   2.431e+01 (109677)
*299483: obj =   2.088167060e+03 inf =   2.431e+01 (109677) 1
*299517: obj =   2.088167060e+03 inf =   2.431e+01 (109672)
*299552: obj =   2.088167060e+03 inf =   2.431e+01 (109688)
*299584: obj =   2.088167060e+03 inf =   2.430e+01 (109689) 1
*299618: obj =   2.088167060e+03 inf =   2.430e+01 (109691)
*299650: obj =   2.088167030e+03 inf =   2.431e+01 (109703)
*299681: obj =   2.088166981e+03 inf =   2.433e+01 (109692)
*299685: obj =   2.088166979e+03 inf =   2.433e+01 (109683) 1
*299718: obj =   2.088166972e+03 inf =   2.433e+01 (109687)
*299748: obj =   2.088166924e+03 inf =   2.435e+01 (109684)
*299778: obj =   2.088166906e+03 inf =   2.435e+01 (109682)
*299786: obj =   2.088166876e+03 inf =   2.436e+01 (109696) 1
*299817: obj =   2.088166836e+03 inf =   2.437e+01 (109690)
*299848: obj =   2.088166786e+03 inf =   2.438e+01 (109685)
*299879: obj =   2.088166665e+03 inf =   2.441e+01 (109677)
*299887: obj =   2.088166610e+03 inf =   2.442e+01 (109678) 1
*299917: obj =   2.088166582e+03 inf =   2.443e+01 (109680)
*299947: obj =   2.088166581e+03 inf =   2.443e+01 (109663)
*299977: obj =   2.088166525e+03 inf =   2.445e+01 (109673)
*299988: obj =   2.088166496e+03 inf =   2.446e+01 (109667) 1
*300018: obj =   2.088166478e+03 inf =   2.446e+01 (109674)
*300048: obj =   2.088166474e+03 inf =   2.446e+01 (109660)
*300078: obj =   2.088166473e+03 inf =   2.446e+01 (109654)
*300089: obj =   2.088166473e+03 inf =   2.446e+01 (109659) 1
*300118: obj =   2.088166381e+03 inf =   2.449e+01 (109675)
*300150: obj =   2.088166380e+03 inf =   2.449e+01 (109691)
*300182: obj =   2.088166378e+03 inf =   2.449e+01 (109671)
*300190: obj =   2.088166378e+03 inf =   2.449e+01 (109666) 1
*300222: obj =   2.088166378e+03 inf =   2.449e+01 (109683)
*300253: obj =   2.088166378e+03 inf =   2.449e+01 (109679)
*300285: obj =   2.088166368e+03 inf =   2.449e+01 (109686)
*300291: obj =   2.088166368e+03 inf =   2.449e+01 (109682) 1
*300326: obj =   2.088166365e+03 inf =   2.449e+01 (109690)
*300361: obj =   2.088166365e+03 inf =   2.449e+01 (109682)
*300392: obj =   2.088166365e+03 inf =   2.449e+01 (109695) 1
*300424: obj =   2.088166365e+03 inf =   2.449e+01 (109668)
*300456: obj =   2.088166365e+03 inf =   2.449e+01 (109674)
*300485: obj =   2.088166360e+03 inf =   2.449e+01 (109670)
*300493: obj =   2.088166360e+03 inf =   2.449e+01 (109641) 1
*300524: obj =   2.088166354e+03 inf =   2.449e+01 (109656)
*300555: obj =   2.088166344e+03 inf =   2.449e+01 (109642)
*300586: obj =   2.088166344e+03 inf =   2.449e+01 (109648)
*300594: obj =   2.088166344e+03 inf =   2.449e+01 (109662) 1
*300624: obj =   2.088166344e+03 inf =   2.449e+01 (109658)
*300654: obj =   2.088166330e+03 inf =   2.449e+01 (109643)
*300685: obj =   2.088166309e+03 inf =   2.450e+01 (109639)
*300695: obj =   2.088166282e+03 inf =   2.450e+01 (109634) 1
*300725: obj =   2.088166258e+03 inf =   2.451e+01 (109638)
*300755: obj =   2.088166258e+03 inf =   2.451e+01 (109630)
*300785: obj =   2.088166258e+03 inf =   2.451e+01 (109634)
*300797: obj =   2.088166258e+03 inf =   2.451e+01 (109622) 1
*300828: obj =   2.088166258e+03 inf =   2.451e+01 (109642)
*300861: obj =   2.088166258e+03 inf =   2.451e+01 (109661)
*300895: obj =   2.088166257e+03 inf =   2.451e+01 (109654)
*300898: obj =   2.088166257e+03 inf =   2.451e+01 (109653) 1
*300932: obj =   2.088166254e+03 inf =   2.451e+01 (109663)
*300965: obj =   2.088166205e+03 inf =   2.452e+01 (109662)
*300999: obj =   2.088166204e+03 inf =   2.452e+01 (109671) 1
*301032: obj =   2.088166199e+03 inf =   2.452e+01 (109660)
*301065: obj =   2.088166115e+03 inf =   2.454e+01 (109669)
*301098: obj =   2.088166075e+03 inf =   2.455e+01 (109659)
*301100: obj =   2.088166075e+03 inf =   2.455e+01 (109661) 1
*301133: obj =   2.088166070e+03 inf =   2.455e+01 (109654)
*301165: obj =   2.088165935e+03 inf =   2.458e+01 (109649)
*301197: obj =   2.088165795e+03 inf =   2.462e+01 (109665)
*301201: obj =   2.088165771e+03 inf =   2.462e+01 (109630) 1
*301232: obj =   2.088165651e+03 inf =   2.465e+01 (109643)
*301263: obj =   2.088165630e+03 inf =   2.466e+01 (109628)
*301294: obj =   2.088165627e+03 inf =   2.466e+01 (109633)
*301302: obj =   2.088165627e+03 inf =   2.466e+01 (109642) 1
*301333: obj =   2.088165627e+03 inf =   2.466e+01 (109635)
*301363: obj =   2.088165627e+03 inf =   2.466e+01 (109636)
*301394: obj =   2.088165564e+03 inf =   2.468e+01 (109632)
*301403: obj =   2.088165564e+03 inf =   2.468e+01 (109628) 1
*301433: obj =   2.088165490e+03 inf =   2.469e+01 (109622)
*301464: obj =   2.088165490e+03 inf =   2.469e+01 (109633)
*301496: obj =   2.088165401e+03 inf =   2.472e+01 (109629)
*301504: obj =   2.088165401e+03 inf =   2.472e+01 (109651) 1
*301536: obj =   2.088165401e+03 inf =   2.472e+01 (109652)
*301568: obj =   2.088165401e+03 inf =   2.472e+01 (109642)
*301600: obj =   2.088165401e+03 inf =   2.472e+01 (109646)
*301605: obj =   2.088165401e+03 inf =   2.472e+01 (109643) 1
*301637: obj =   2.088165401e+03 inf =   2.472e+01 (109621)
*301669: obj =   2.088165401e+03 inf =   2.472e+01 (109609)
*301701: obj =   2.088165401e+03 inf =   2.472e+01 (109591)
*301707: obj =   2.088165401e+03 inf =   2.472e+01 (109600) 1
*301729: obj =   2.088165401e+03 inf =   2.471e+01 (109595)
*301749: obj =   2.088165401e+03 inf =   2.471e+01 (109590)
*301773: obj =   2.088165401e+03 inf =   2.471e+01 (109597)
*301803: obj =   2.088165401e+03 inf =   2.471e+01 (109574)
*301808: obj =   2.088165381e+03 inf =   2.472e+01 (109581) 1
*301830: obj =   2.088165321e+03 inf =   2.473e+01 (109577)
*301859: obj =   2.088165182e+03 inf =   2.477e+01 (109583)
*301889: obj =   2.088165055e+03 inf =   2.480e+01 (109591)
*301909: obj =   2.088165000e+03 inf =   2.482e+01 (109609) 1
*301932: obj =   2.088164976e+03 inf =   2.483e+01 (109603)
*301957: obj =   2.088164945e+03 inf =   2.483e+01 (109598)
*301982: obj =   2.088164945e+03 inf =   2.483e+01 (109620)
*302007: obj =   2.088164945e+03 inf =   2.483e+01 (109618)
*302010: obj =   2.088164945e+03 inf =   2.483e+01 (109633) 1
*302034: obj =   2.088164945e+03 inf =   2.483e+01 (109615)
*302060: obj =   2.088164945e+03 inf =   2.483e+01 (109617)
*302085: obj =   2.088164945e+03 inf =   2.483e+01 (109601)
*302110: obj =   2.088164945e+03 inf =   2.483e+01 (109619)
*302111: obj =   2.088164945e+03 inf =   2.483e+01 (109621) 1
*302137: obj =   2.088164945e+03 inf =   2.483e+01 (109619)
*302164: obj =   2.088164945e+03 inf =   2.483e+01 (109625)
*302191: obj =   2.088164945e+03 inf =   2.483e+01 (109609)
*302212: obj =   2.088164945e+03 inf =   2.483e+01 (109620) 1
*302237: obj =   2.088164861e+03 inf =   2.485e+01 (109589)
*302262: obj =   2.088164861e+03 inf =   2.485e+01 (109593)
*302288: obj =   2.088164793e+03 inf =   2.487e+01 (109593)
*302313: obj =   2.088164775e+03 inf =   2.488e+01 (109595) 1
*302337: obj =   2.088164775e+03 inf =   2.488e+01 (109601)
*302361: obj =   2.088164775e+03 inf =   2.488e+01 (109597)
*302384: obj =   2.088164775e+03 inf =   2.488e+01 (109598)
*302408: obj =   2.088164775e+03 inf =   2.487e+01 (109596)
*302414: obj =   2.088164775e+03 inf =   2.487e+01 (109595) 1
*302440: obj =   2.088164775e+03 inf =   2.487e+01 (109591)
*302466: obj =   2.088164775e+03 inf =   2.487e+01 (109594)
*302492: obj =   2.088164758e+03 inf =   2.488e+01 (109602)
*302515: obj =   2.088164758e+03 inf =   2.488e+01 (109600) 1
*302542: obj =   2.088164758e+03 inf =   2.487e+01 (109597)
*302568: obj =   2.088164730e+03 inf =   2.488e+01 (109593)
*302594: obj =   2.088164723e+03 inf =   2.488e+01 (109593)
*302616: obj =   2.088164723e+03 inf =   2.488e+01 (109598) 1
*302643: obj =   2.088164721e+03 inf =   2.488e+01 (109585)
*302670: obj =   2.088164721e+03 inf =   2.488e+01 (109587)
*302697: obj =   2.088164632e+03 inf =   2.491e+01 (109579)
*302717: obj =   2.088164618e+03 inf =   2.491e+01 (109581) 1
*302749: obj =   2.088164616e+03 inf =   2.491e+01 (109573)
*302781: obj =   2.088164616e+03 inf =   2.491e+01 (109584)
*302812: obj =   2.088164616e+03 inf =   2.491e+01 (109590)
*302819: obj =   2.088164616e+03 inf =   2.491e+01 (109588) 1
*302847: obj =   2.088164614e+03 inf =   2.491e+01 (109590)
*302875: obj =   2.088164614e+03 inf =   2.491e+01 (109589)
*302904: obj =   2.088164614e+03 inf =   2.491e+01 (109562)
*302920: obj =   2.088164614e+03 inf =   2.491e+01 (109569) 1
*302947: obj =   2.088164614e+03 inf =   2.491e+01 (109571)
*302974: obj =   2.088164614e+03 inf =   2.491e+01 (109553)
*303002: obj =   2.088164614e+03 inf =   2.491e+01 (109555)
*303021: obj =   2.088164614e+03 inf =   2.491e+01 (109549) 1
*303050: obj =   2.088164614e+03 inf =   2.491e+01 (109564)
*303078: obj =   2.088164613e+03 inf =   2.491e+01 (109556)
*303105: obj =   2.088164613e+03 inf =   2.491e+01 (109548)
*303122: obj =   2.088164613e+03 inf =   2.491e+01 (109537) 1
*303157: obj =   2.088164613e+03 inf =   2.491e+01 (109544)
*303191: obj =   2.088164612e+03 inf =   2.491e+01 (109547)
*303223: obj =   2.088164602e+03 inf =   2.491e+01 (109543) 1
*303255: obj =   2.088164587e+03 inf =   2.491e+01 (109544)
*303288: obj =   2.088164587e+03 inf =   2.491e+01 (109534)
*303320: obj =   2.088164587e+03 inf =   2.491e+01 (109529)
*303324: obj =   2.088164587e+03 inf =   2.491e+01 (109532) 1
*303356: obj =   2.088164587e+03 inf =   2.491e+01 (109534)
*303388: obj =   2.088164587e+03 inf =   2.491e+01 (109529)
*303419: obj =   2.088164587e+03 inf =   2.491e+01 (109531)
*303425: obj =   2.088164587e+03 inf =   2.491e+01 (109526) 1
*303457: obj =   2.088164587e+03 inf =   2.490e+01 (109520)
*303489: obj =   2.088164587e+03 inf =   2.490e+01 (109547)
*303521: obj =   2.088164587e+03 inf =   2.490e+01 (109551)
*303526: obj =   2.088164587e+03 inf =   2.490e+01 (109546) 1
*303558: obj =   2.088164587e+03 inf =   2.490e+01 (109563)
*303590: obj =   2.088164587e+03 inf =   2.490e+01 (109564)
*303622: obj =   2.088164587e+03 inf =   2.490e+01 (109572)
*303627: obj =   2.088164587e+03 inf =   2.490e+01 (109569) 1
*303648: obj =   2.088164587e+03 inf =   2.490e+01 (109561)
*303666: obj =   2.088164587e+03 inf =   2.490e+01 (109560)
*303684: obj =   2.088164587e+03 inf =   2.490e+01 (109551)
*303703: obj =   2.088164587e+03 inf =   2.490e+01 (109537)
*303722: obj =   2.088164587e+03 inf =   2.490e+01 (109542)
*303728: obj =   2.088164587e+03 inf =   2.490e+01 (109551) 1
*303759: obj =   2.088164587e+03 inf =   2.490e+01 (109566)
*303789: obj =   2.088164587e+03 inf =   2.490e+01 (109568)
*303820: obj =   2.088164587e+03 inf =   2.489e+01 (109582)
*303829: obj =   2.088164587e+03 inf =   2.489e+01 (109580) 1
*303860: obj =   2.088164587e+03 inf =   2.489e+01 (109578)
*303892: obj =   2.088164587e+03 inf =   2.489e+01 (109567)
*303925: obj =   2.088164587e+03 inf =   2.489e+01 (109558)
*303930: obj =   2.088164587e+03 inf =   2.489e+01 (109557) 1
*303963: obj =   2.088164577e+03 inf =   2.490e+01 (109557)
*303996: obj =   2.088164577e+03 inf =   2.489e+01 (109570)
*304030: obj =   2.088164547e+03 inf =   2.490e+01 (109573)
*304031: obj =   2.088164545e+03 inf =   2.490e+01 (109571) 1
*304064: obj =   2.088164518e+03 inf =   2.491e+01 (109584)
*304096: obj =   2.088164433e+03 inf =   2.493e+01 (109592)
*304129: obj =   2.088164364e+03 inf =   2.494e+01 (109583)
*304132: obj =   2.088164364e+03 inf =   2.494e+01 (109578) 1
*304164: obj =   2.088164292e+03 inf =   2.496e+01 (109586)
*304196: obj =   2.088164255e+03 inf =   2.497e+01 (109587)
*304228: obj =   2.088164255e+03 inf =   2.497e+01 (109583)
*304233: obj =   2.088164255e+03 inf =   2.497e+01 (109581) 1
*304266: obj =   2.088164255e+03 inf =   2.497e+01 (109566)
*304297: obj =   2.088164245e+03 inf =   2.497e+01 (109569)
*304326: obj =   2.088164217e+03 inf =   2.498e+01 (109563)
*304334: obj =   2.088164216e+03 inf =   2.498e+01 (109561) 1
*304364: obj =   2.088164195e+03 inf =   2.499e+01 (109573)
*304394: obj =   2.088164140e+03 inf =   2.500e+01 (109574)
*304424: obj =   2.088164120e+03 inf =   2.501e+01 (109580)
*304435: obj =   2.088164109e+03 inf =   2.501e+01 (109574) 1
*304464: obj =   2.088164108e+03 inf =   2.501e+01 (109581)
*304492: obj =   2.088164108e+03 inf =   2.501e+01 (109575)
*304521: obj =   2.088164108e+03 inf =   2.501e+01 (109581)
*304536: obj =   2.088164108e+03 inf =   2.501e+01 (109569) 1
*304566: obj =   2.088164108e+03 inf =   2.501e+01 (109580)
*304596: obj =   2.088164019e+03 inf =   2.503e+01 (109579)
*304625: obj =   2.088164011e+03 inf =   2.503e+01 (109584)
*304637: obj =   2.088163959e+03 inf =   2.505e+01 (109595) 1
*304668: obj =   2.088163814e+03 inf =   2.509e+01 (109590)
*304698: obj =   2.088163792e+03 inf =   2.509e+01 (109587)
*304729: obj =   2.088163778e+03 inf =   2.510e+01 (109590)
*304739: obj =   2.088163764e+03 inf =   2.510e+01 (109591) 1
*304770: obj =   2.088163757e+03 inf =   2.511e+01 (109590)
*304802: obj =   2.088163756e+03 inf =   2.511e+01 (109600)
*304832: obj =   2.088163753e+03 inf =   2.511e+01 (109593)
*304840: obj =   2.088163753e+03 inf =   2.511e+01 (109588) 1
*304862: obj =   2.088163753e+03 inf =   2.511e+01 (109583)
*304884: obj =   2.088163752e+03 inf =   2.511e+01 (109585)
*304905: obj =   2.088163752e+03 inf =   2.511e+01 (109582)
*304927: obj =   2.088163751e+03 inf =   2.511e+01 (109582)
*304941: obj =   2.088163751e+03 inf =   2.511e+01 (109578) 1
*304969: obj =   2.088163747e+03 inf =   2.511e+01 (109581)
*304999: obj =   2.088163747e+03 inf =   2.511e+01 (109573)
*305018: obj =   2.088163747e+03 inf =   2.511e+01 (109569)
*305037: obj =   2.088163747e+03 inf =   2.511e+01 (109571)
*305042: obj =   2.088163747e+03 inf =   2.510e+01 (109566) 1
*305072: obj =   2.088163747e+03 inf =   2.510e+01 (109569)
*305104: obj =   2.088163742e+03 inf =   2.510e+01 (109573)
*305137: obj =   2.088163742e+03 inf =   2.510e+01 (109595)
*305143: obj =   2.088163742e+03 inf =   2.510e+01 (109598) 1
*305174: obj =   2.088163741e+03 inf =   2.510e+01 (109585)
*305204: obj =   2.088163741e+03 inf =   2.510e+01 (109596)
*305233: obj =   2.088163741e+03 inf =   2.510e+01 (109590)
*305244: obj =   2.088163741e+03 inf =   2.510e+01 (109588) 1
*305273: obj =   2.088163741e+03 inf =   2.510e+01 (109586)
*305303: obj =   2.088163741e+03 inf =   2.510e+01 (109577)
*305332: obj =   2.088163741e+03 inf =   2.510e+01 (109578)
*305345: obj =   2.088163728e+03 inf =   2.510e+01 (109580) 1
*305375: obj =   2.088163728e+03 inf =   2.510e+01 (109579)
*305404: obj =   2.088163728e+03 inf =   2.510e+01 (109576)
*305434: obj =   2.088163716e+03 inf =   2.510e+01 (109573)
*305447: obj =   2.088163716e+03 inf =   2.510e+01 (109571) 1
*305477: obj =   2.088163716e+03 inf =   2.510e+01 (109575)
*305507: obj =   2.088163716e+03 inf =   2.510e+01 (109556)
*305537: obj =   2.088163716e+03 inf =   2.510e+01 (109553)
*305548: obj =   2.088163716e+03 inf =   2.510e+01 (109544) 1
*305576: obj =   2.088163716e+03 inf =   2.509e+01 (109546)
*305600: obj =   2.088163716e+03 inf =   2.509e+01 (109550)
*305628: obj =   2.088163716e+03 inf =   2.509e+01 (109550)
*305649: obj =   2.088163716e+03 inf =   2.509e+01 (109544) 1
*305679: obj =   2.088163653e+03 inf =   2.511e+01 (109553)
*305709: obj =   2.088163625e+03 inf =   2.512e+01 (109538)
*305737: obj =   2.088163611e+03 inf =   2.513e+01 (109525)
*305750: obj =   2.088163567e+03 inf =   2.514e+01 (109522) 1
*305780: obj =   2.088163542e+03 inf =   2.515e+01 (109522)
*305810: obj =   2.088163533e+03 inf =   2.515e+01 (109522)
*305841: obj =   2.088163501e+03 inf =   2.517e+01 (109522)
*305851: obj =   2.088163501e+03 inf =   2.516e+01 (109523) 1
*305883: obj =   2.088163500e+03 inf =   2.516e+01 (109509)
*305915: obj =   2.088163500e+03 inf =   2.516e+01 (109498)
*305947: obj =   2.088163500e+03 inf =   2.516e+01 (109507)
*305952: obj =   2.088163500e+03 inf =   2.516e+01 (109498) 1
*305984: obj =   2.088163500e+03 inf =   2.516e+01 (109513)
*306015: obj =   2.088163491e+03 inf =   2.516e+01 (109498)
*306047: obj =   2.088163490e+03 inf =   2.516e+01 (109507)
*306053: obj =   2.088163490e+03 inf =   2.516e+01 (109512) 1
*306085: obj =   2.088163490e+03 inf =   2.516e+01 (109507)
*306116: obj =   2.088163489e+03 inf =   2.516e+01 (109493)
*306146: obj =   2.088163489e+03 inf =   2.516e+01 (109511)
*306154: obj =   2.088163475e+03 inf =   2.517e+01 (109500) 1
*306184: obj =   2.088163431e+03 inf =   2.518e+01 (109494)
*306214: obj =   2.088163431e+03 inf =   2.518e+01 (109487)
*306245: obj =   2.088163401e+03 inf =   2.519e+01 (109483)
*306255: obj =   2.088163401e+03 inf =   2.519e+01 (109472) 1
*306285: obj =   2.088163401e+03 inf =   2.519e+01 (109472)
*306314: obj =   2.088163401e+03 inf =   2.519e+01 (109465)
*306344: obj =   2.088163388e+03 inf =   2.519e+01 (109467)
*306356: obj =   2.088163370e+03 inf =   2.520e+01 (109469) 1
*306386: obj =   2.088163370e+03 inf =   2.520e+01 (109464)
*306416: obj =   2.088163350e+03 inf =   2.521e+01 (109467)
*306446: obj =   2.088163341e+03 inf =   2.521e+01 (109468)
*306457: obj =   2.088163341e+03 inf =   2.521e+01 (109470) 1
*306486: obj =   2.088163341e+03 inf =   2.521e+01 (109474)
*306515: obj =   2.088163341e+03 inf =   2.521e+01 (109483)
*306545: obj =   2.088163341e+03 inf =   2.521e+01 (109503)
*306558: obj =   2.088163341e+03 inf =   2.520e+01 (109503) 1
*306589: obj =   2.088163322e+03 inf =   2.521e+01 (109515)
*306620: obj =   2.088163322e+03 inf =   2.521e+01 (109490)
*306651: obj =   2.088163319e+03 inf =   2.521e+01 (109479)
*306660: obj =   2.088163319e+03 inf =   2.521e+01 (109484) 1
*306690: obj =   2.088163319e+03 inf =   2.521e+01 (109491)
*306718: obj =   2.088163319e+03 inf =   2.521e+01 (109482)
*306746: obj =   2.088163317e+03 inf =   2.521e+01 (109484)
*306762: obj =   2.088163297e+03 inf =   2.522e+01 (109490) 1
*306793: obj =   2.088163276e+03 inf =   2.523e+01 (109469)
*306824: obj =   2.088163253e+03 inf =   2.524e+01 (109452)
*306855: obj =   2.088163244e+03 inf =   2.524e+01 (109466)
*306863: obj =   2.088163244e+03 inf =   2.524e+01 (109470) 1
*306895: obj =   2.088163244e+03 inf =   2.524e+01 (109465)
*306928: obj =   2.088163243e+03 inf =   2.524e+01 (109480)
*306961: obj =   2.088163233e+03 inf =   2.524e+01 (109486)
*306964: obj =   2.088163233e+03 inf =   2.524e+01 (109481) 1
*306999: obj =   2.088163230e+03 inf =   2.524e+01 (109469)
*307033: obj =   2.088163219e+03 inf =   2.524e+01 (109472)
*307065: obj =   2.088163154e+03 inf =   2.526e+01 (109471) 1
*307097: obj =   2.088163133e+03 inf =   2.527e+01 (109467)
*307129: obj =   2.088163062e+03 inf =   2.528e+01 (109477)
*307160: obj =   2.088163021e+03 inf =   2.529e+01 (109478)
*307166: obj =   2.088163013e+03 inf =   2.529e+01 (109478) 1
*307197: obj =   2.088162929e+03 inf =   2.531e+01 (109483)
*307229: obj =   2.088162916e+03 inf =   2.531e+01 (109477)
*307261: obj =   2.088162898e+03 inf =   2.532e+01 (109477)
*307267: obj =   2.088162898e+03 inf =   2.532e+01 (109474) 1
*307299: obj =   2.088162869e+03 inf =   2.532e+01 (109475)
*307331: obj =   2.088162864e+03 inf =   2.533e+01 (109476)
*307362: obj =   2.088162864e+03 inf =   2.533e+01 (109479)
*307368: obj =   2.088162864e+03 inf =   2.533e+01 (109477) 1
*307396: obj =   2.088162864e+03 inf =   2.533e+01 (109472)
*307426: obj =   2.088162864e+03 inf =   2.533e+01 (109484)
*307456: obj =   2.088162816e+03 inf =   2.534e+01 (109490)
*307469: obj =   2.088162770e+03 inf =   2.535e+01 (109488) 1
*307500: obj =   2.088162681e+03 inf =   2.536e+01 (109486)
*307529: obj =   2.088162600e+03 inf =   2.538e+01 (109486)
*307557: obj =   2.088162569e+03 inf =   2.539e+01 (109502)
*307570: obj =   2.088162569e+03 inf =   2.539e+01 (109503) 1
*307600: obj =   2.088162479e+03 inf =   2.540e+01 (109512)
*307630: obj =   2.088162337e+03 inf =   2.543e+01 (109510)
*307660: obj =   2.088162289e+03 inf =   2.544e+01 (109496)
*307671: obj =   2.088162285e+03 inf =   2.544e+01 (109488) 1
*307700: obj =   2.088162232e+03 inf =   2.545e+01 (109474)
*307732: obj =   2.088162232e+03 inf =   2.545e+01 (109466)
*307760: obj =   2.088162232e+03 inf =   2.545e+01 (109462)
*307772: obj =   2.088162232e+03 inf =   2.545e+01 (109464) 1
*307802: obj =   2.088162231e+03 inf =   2.545e+01 (109444)
*307834: obj =   2.088162231e+03 inf =   2.545e+01 (109447)
*307866: obj =   2.088162231e+03 inf =   2.545e+01 (109479)
*307873: obj =   2.088162231e+03 inf =   2.545e+01 (109477) 1
*307906: obj =   2.088162230e+03 inf =   2.545e+01 (109470)
*307938: obj =   2.088162230e+03 inf =   2.545e+01 (109480)
*307969: obj =   2.088162230e+03 inf =   2.545e+01 (109471)
*307974: obj =   2.088162213e+03 inf =   2.546e+01 (109469) 1
*308003: obj =   2.088162213e+03 inf =   2.546e+01 (109484)
*308033: obj =   2.088162213e+03 inf =   2.545e+01 (109474)
*308063: obj =   2.088162212e+03 inf =   2.545e+01 (109471)
*308075: obj =   2.088162212e+03 inf =   2.545e+01 (109467) 1
*308102: obj =   2.088162187e+03 inf =   2.546e+01 (109468)
*308129: obj =   2.088162183e+03 inf =   2.546e+01 (109460)
*308157: obj =   2.088162182e+03 inf =   2.546e+01 (109449)
*308176: obj =   2.088162182e+03 inf =   2.546e+01 (109440) 1
*308203: obj =   2.088162182e+03 inf =   2.546e+01 (109451)
*308230: obj =   2.088162182e+03 inf =   2.546e+01 (109452)
*308256: obj =   2.088162181e+03 inf =   2.546e+01 (109455)
*308277: obj =   2.088162181e+03 inf =   2.546e+01 (109446) 1
*308303: obj =   2.088162181e+03 inf =   2.545e+01 (109453)
*308327: obj =   2.088162181e+03 inf =   2.545e+01 (109455)
*308351: obj =   2.088162181e+03 inf =   2.545e+01 (109450)
*308375: obj =   2.088162181e+03 inf =   2.545e+01 (109440)
*308378: obj =   2.088162181e+03 inf =   2.545e+01 (109448) 1
*308405: obj =   2.088162180e+03 inf =   2.545e+01 (109442)
*308431: obj =   2.088162180e+03 inf =   2.545e+01 (109452)
*308458: obj =   2.088162180e+03 inf =   2.545e+01 (109444)
*308479: obj =   2.088162180e+03 inf =   2.545e+01 (109442) 1
*308507: obj =   2.088162180e+03 inf =   2.545e+01 (109456)
*308534: obj =   2.088162180e+03 inf =   2.545e+01 (109451)
*308561: obj =   2.088162180e+03 inf =   2.544e+01 (109464)
*308580: obj =   2.088162180e+03 inf =   2.544e+01 (109456) 1
*308608: obj =   2.088162180e+03 inf =   2.544e+01 (109462)
*308636: obj =   2.088162180e+03 inf =   2.544e+01 (109464)
*308665: obj =   2.088162174e+03 inf =   2.544e+01 (109459)
*308681: obj =   2.088162174e+03 inf =   2.544e+01 (109445) 1
*308706: obj =   2.088162096e+03 inf =   2.546e+01 (109464)
*308731: obj =   2.088162096e+03 inf =   2.547e+01 (109448)
*308756: obj =   2.088162096e+03 inf =   2.547e+01 (109453)
*308781: obj =   2.088162073e+03 inf =   2.547e+01 (109463)
*308782: obj =   2.088162066e+03 inf =   2.547e+01 (109469) 1
*308808: obj =   2.088162014e+03 inf =   2.549e+01 (109450)
*308834: obj =   2.088162013e+03 inf =   2.549e+01 (109454)
*308860: obj =   2.088161999e+03 inf =   2.549e+01 (109474)
*308884: obj =   2.088161999e+03 inf =   2.549e+01 (109467) 1
*308911: obj =   2.088161998e+03 inf =   2.549e+01 (109463)
*308938: obj =   2.088161983e+03 inf =   2.549e+01 (109467)
*308967: obj =   2.088161983e+03 inf =   2.549e+01 (109462)
*308986: obj =   2.088161983e+03 inf =   2.549e+01 (109464) 1
*309016: obj =   2.088161965e+03 inf =   2.550e+01 (109464)
*309046: obj =   2.088161964e+03 inf =   2.550e+01 (109446)
*309074: obj =   2.088161964e+03 inf =   2.550e+01 (109454)
*309087: obj =   2.088161964e+03 inf =   2.550e+01 (109451) 1
*309118: obj =   2.088161962e+03 inf =   2.550e+01 (109458)
*309148: obj =   2.088161962e+03 inf =   2.550e+01 (109447)
*309177: obj =   2.088161949e+03 inf =   2.550e+01 (109436)
*309188: obj =   2.088161949e+03 inf =   2.550e+01 (109435) 1
*309217: obj =   2.088161939e+03 inf =   2.550e+01 (109440)
*309246: obj =   2.088161918e+03 inf =   2.551e+01 (109462)
*309275: obj =   2.088161918e+03 inf =   2.551e+01 (109465)
*309289: obj =   2.088161918e+03 inf =   2.551e+01 (109467) 1
*309319: obj =   2.088161918e+03 inf =   2.551e+01 (109464)
*309349: obj =   2.088161918e+03 inf =   2.551e+01 (109466)
*309379: obj =   2.088161918e+03 inf =   2.551e+01 (109465)
*309390: obj =   2.088161918e+03 inf =   2.550e+01 (109470) 1
*309420: obj =   2.088161918e+03 inf =   2.550e+01 (109457)
*309450: obj =   2.088161918e+03 inf =   2.550e+01 (109478)
*309480: obj =   2.088161918e+03 inf =   2.550e+01 (109445)
*309491: obj =   2.088161918e+03 inf =   2.550e+01 (109451) 1
*309521: obj =   2.088161918e+03 inf =   2.550e+01 (109448)
*309551: obj =   2.088161918e+03 inf =   2.550e+01 (109447)
*309581: obj =   2.088161918e+03 inf =   2.550e+01 (109439)
*309592: obj =   2.088161918e+03 inf =   2.550e+01 (109442) 1
*309622: obj =   2.088161918e+03 inf =   2.550e+01 (109454)
*309649: obj =   2.088161913e+03 inf =   2.550e+01 (109443)
*309678: obj =   2.088161901e+03 inf =   2.550e+01 (109451)
*309694: obj =   2.088161894e+03 inf =   2.550e+01 (109458) 1
*309724: obj =   2.088161854e+03 inf =   2.551e+01 (109452)
*309753: obj =   2.088161846e+03 inf =   2.551e+01 (109454)
*309782: obj =   2.088161846e+03 inf =   2.551e+01 (109435)
*309795: obj =   2.088161843e+03 inf =   2.551e+01 (109443) 1
*309823: obj =   2.088161791e+03 inf =   2.552e+01 (109446)
*309854: obj =   2.088161786e+03 inf =   2.553e+01 (109438)
*309884: obj =   2.088161773e+03 inf =   2.553e+01 (109438)
*309896: obj =   2.088161772e+03 inf =   2.553e+01 (109441) 1
*309924: obj =   2.088161657e+03 inf =   2.557e+01 (109423)
*309950: obj =   2.088161608e+03 inf =   2.558e+01 (109414)
*309978: obj =   2.088161606e+03 inf =   2.558e+01 (109400)
*309997: obj =   2.088161603e+03 inf =   2.558e+01 (109394) 1
*310024: obj =   2.088161603e+03 inf =   2.558e+01 (109399)
*310052: obj =   2.088161603e+03 inf =   2.558e+01 (109395)
*310082: obj =   2.088161603e+03 inf =   2.558e+01 (109394)
*310098: obj =   2.088161600e+03 inf =   2.558e+01 (109398) 1
*310126: obj =   2.088161600e+03 inf =   2.558e+01 (109404)
*310154: obj =   2.088161600e+03 inf =   2.558e+01 (109406)
*310182: obj =   2.088161600e+03 inf =   2.558e+01 (109397)
*310199: obj =   2.088161600e+03 inf =   2.558e+01 (109392) 1
*310227: obj =   2.088161600e+03 inf =   2.558e+01 (109393)
*310255: obj =   2.088161600e+03 inf =   2.558e+01 (109388)
*310284: obj =   2.088161600e+03 inf =   2.558e+01 (109378)
*310300: obj =   2.088161600e+03 inf =   2.557e+01 (109367) 1
*310329: obj =   2.088161600e+03 inf =   2.557e+01 (109359)
*310359: obj =   2.088161600e+03 inf =   2.557e+01 (109361)
*310389: obj =   2.088161600e+03 inf =   2.557e+01 (109353)
*310401: obj =   2.088161600e+03 inf =   2.557e+01 (109358) 1
*310431: obj =   2.088161600e+03 inf =   2.557e+01 (109355)
*310461: obj =   2.088161600e+03 inf =   2.557e+01 (109374)
*310490: obj =   2.088161600e+03 inf =   2.557e+01 (109368)
*310502: obj =   2.088161600e+03 inf =   2.556e+01 (109376) 1
*310533: obj =   2.088161598e+03 inf =   2.556e+01 (109372)
*310563: obj =   2.088161598e+03 inf =   2.556e+01 (109379)
*310594: obj =   2.088161598e+03 inf =   2.556e+01 (109381)
*310603: obj =   2.088161598e+03 inf =   2.556e+01 (109377) 1
*310634: obj =   2.088161598e+03 inf =   2.556e+01 (109381)
*310662: obj =   2.088161575e+03 inf =   2.556e+01 (109385)
*310691: obj =   2.088161575e+03 inf =   2.556e+01 (109374)
*310704: obj =   2.088161574e+03 inf =   2.556e+01 (109371) 1
*310732: obj =   2.088161573e+03 inf =   2.556e+01 (109362)
*310759: obj =   2.088161559e+03 inf =   2.557e+01 (109375)
*310787: obj =   2.088161531e+03 inf =   2.557e+01 (109360)
*310806: obj =   2.088161511e+03 inf =   2.558e+01 (109360) 1
*310834: obj =   2.088161440e+03 inf =   2.560e+01 (109357)
*310865: obj =   2.088161428e+03 inf =   2.561e+01 (109346)
*310894: obj =   2.088161425e+03 inf =   2.561e+01 (109342)
*310907: obj =   2.088161425e+03 inf =   2.561e+01 (109343) 1
*310935: obj =   2.088161407e+03 inf =   2.561e+01 (109343)
*310962: obj =   2.088161287e+03 inf =   2.565e+01 (109326)
*310988: obj =   2.088161254e+03 inf =   2.566e+01 (109329)
*311008: obj =   2.088161235e+03 inf =   2.567e+01 (109333) 1
*311035: obj =   2.088161179e+03 inf =   2.569e+01 (109321)
*311062: obj =   2.088161162e+03 inf =   2.569e+01 (109324)
*311089: obj =   2.088161162e+03 inf =   2.569e+01 (109316)
*311109: obj =   2.088161162e+03 inf =   2.569e+01 (109309) 1
*311136: obj =   2.088161101e+03 inf =   2.571e+01 (109322)
*311163: obj =   2.088160989e+03 inf =   2.575e+01 (109329)
*311190: obj =   2.088160928e+03 inf =   2.577e+01 (109328)
*311210: obj =   2.088160817e+03 inf =   2.580e+01 (109316) 1
*311237: obj =   2.088160800e+03 inf =   2.581e+01 (109325)
*311264: obj =   2.088160800e+03 inf =   2.580e+01 (109332)
*311290: obj =   2.088160800e+03 inf =   2.580e+01 (109333)
*311311: obj =   2.088160681e+03 inf =   2.584e+01 (109324) 1
*311339: obj =   2.088160615e+03 inf =   2.586e+01 (109329)
*311367: obj =   2.088160615e+03 inf =   2.586e+01 (109333)
*311396: obj =   2.088160615e+03 inf =   2.586e+01 (109325)
*311412: obj =   2.088160615e+03 inf =   2.586e+01 (109314) 1
*311440: obj =   2.088160613e+03 inf =   2.586e+01 (109325)
*311467: obj =   2.088160570e+03 inf =   2.587e+01 (109326)
*311494: obj =   2.088160439e+03 inf =   2.591e+01 (109330)
*311513: obj =   2.088160421e+03 inf =   2.591e+01 (109327) 1
*311539: obj =   2.088160410e+03 inf =   2.592e+01 (109313)
*311566: obj =   2.088160410e+03 inf =   2.592e+01 (109310)
*311594: obj =   2.088160408e+03 inf =   2.592e+01 (109305)
*311614: obj =   2.088160408e+03 inf =   2.592e+01 (109299) 1
*311645: obj =   2.088160376e+03 inf =   2.592e+01 (109291)
*311675: obj =   2.088160290e+03 inf =   2.595e+01 (109290)
*311705: obj =   2.088160207e+03 inf =   2.597e+01 (109289)
*311715: obj =   2.088160207e+03 inf =   2.597e+01 (109287) 1
*311745: obj =   2.088160207e+03 inf =   2.597e+01 (109276)
*311775: obj =   2.088160207e+03 inf =   2.597e+01 (109275)
*311804: obj =   2.088160207e+03 inf =   2.596e+01 (109268)
*311816: obj =   2.088160196e+03 inf =   2.597e+01 (109268) 1
*311847: obj =   2.088160080e+03 inf =   2.600e+01 (109260)
*311879: obj =   2.088160080e+03 inf =   2.600e+01 (109264)
*311910: obj =   2.088160051e+03 inf =   2.601e+01 (109274)
*311917: obj =   2.088160051e+03 inf =   2.601e+01 (109268) 1
*311950: obj =   2.088160051e+03 inf =   2.601e+01 (109269)
*311981: obj =   2.088160000e+03 inf =   2.602e+01 (109277)
*312013: obj =   2.088159953e+03 inf =   2.603e+01 (109263)
*312018: obj =   2.088159953e+03 inf =   2.603e+01 (109262) 1
*312051: obj =   2.088159918e+03 inf =   2.604e+01 (109265)
*312083: obj =   2.088159773e+03 inf =   2.607e+01 (109276)
*312115: obj =   2.088159643e+03 inf =   2.609e+01 (109271)
*312119: obj =   2.088159625e+03 inf =   2.610e+01 (109274) 1
*312150: obj =   2.088159583e+03 inf =   2.611e+01 (109283)
*312181: obj =   2.088159566e+03 inf =   2.611e+01 (109280)
*312212: obj =   2.088159566e+03 inf =   2.611e+01 (109268)
*312220: obj =   2.088159566e+03 inf =   2.611e+01 (109271) 1
*312252: obj =   2.088159544e+03 inf =   2.611e+01 (109279)
*312283: obj =   2.088159458e+03 inf =   2.613e+01 (109283)
*312313: obj =   2.088159458e+03 inf =   2.613e+01 (109283)
*312321: obj =   2.088159458e+03 inf =   2.613e+01 (109290) 1
*312350: obj =   2.088159458e+03 inf =   2.613e+01 (109292)
*312380: obj =   2.088159458e+03 inf =   2.613e+01 (109281)
*312409: obj =   2.088159458e+03 inf =   2.613e+01 (109286)
*312422: obj =   2.088159373e+03 inf =   2.615e+01 (109282) 1
*312453: obj =   2.088159186e+03 inf =   2.619e+01 (109275)
*312483: obj =   2.088159186e+03 inf =   2.619e+01 (109279)
*312514: obj =   2.088158985e+03 inf =   2.623e+01 (109307)
*312523: obj =   2.088158974e+03 inf =   2.623e+01 (109292) 1
*312555: obj =   2.088158970e+03 inf =   2.624e+01 (109303)
*312586: obj =   2.088158969e+03 inf =   2.624e+01 (109294)
*312616: obj =   2.088158969e+03 inf =   2.624e+01 (109310)
*312624: obj =   2.088158969e+03 inf =   2.624e+01 (109310) 1
*312655: obj =   2.088158969e+03 inf =   2.624e+01 (109309)
*312685: obj =   2.088158969e+03 inf =   2.623e+01 (109302)
*312715: obj =   2.088158969e+03 inf =   2.623e+01 (109302)
*312725: obj =   2.088158969e+03 inf =   2.623e+01 (109299) 1
*312756: obj =   2.088158968e+03 inf =   2.624e+01 (109278)
*312787: obj =   2.088158961e+03 inf =   2.624e+01 (109292)
*312817: obj =   2.088158956e+03 inf =   2.624e+01 (109284)
*312826: obj =   2.088158955e+03 inf =   2.624e+01 (109285) 1
*312856: obj =   2.088158955e+03 inf =   2.624e+01 (109275)
*312886: obj =   2.088158955e+03 inf =   2.624e+01 (109276)
*312916: obj =   2.088158955e+03 inf =   2.624e+01 (109297)
*312927: obj =   2.088158955e+03 inf =   2.624e+01 (109294) 1
*312958: obj =   2.088158955e+03 inf =   2.624e+01 (109284)
*312990: obj =   2.088158955e+03 inf =   2.624e+01 (109282)
*313022: obj =   2.088158955e+03 inf =   2.623e+01 (109286)
*313028: obj =   2.088158955e+03 inf =   2.623e+01 (109286) 1
*313061: obj =   2.088158950e+03 inf =   2.624e+01 (109282)
*313094: obj =   2.088158928e+03 inf =   2.624e+01 (109270)
*313127: obj =   2.088158928e+03 inf =   2.624e+01 (109272)
*313129: obj =   2.088158928e+03 inf =   2.624e+01 (109272) 1
*313162: obj =   2.088158928e+03 inf =   2.624e+01 (109266)
*313194: obj =   2.088158928e+03 inf =   2.624e+01 (109281)
*313226: obj =   2.088158928e+03 inf =   2.624e+01 (109271)
*313230: obj =   2.088158928e+03 inf =   2.624e+01 (109272) 1
*313267: obj =   2.088158927e+03 inf =   2.624e+01 (109259)
*313300: obj =   2.088158927e+03 inf =   2.624e+01 (109268)
*313331: obj =   2.088158924e+03 inf =   2.624e+01 (109255) 1
*313362: obj =   2.088158924e+03 inf =   2.624e+01 (109237)
*313393: obj =   2.088158924e+03 inf =   2.624e+01 (109240)
*313421: obj =   2.088158924e+03 inf =   2.623e+01 (109236)
*313432: obj =   2.088158924e+03 inf =   2.623e+01 (109213) 1
*313464: obj =   2.088158923e+03 inf =   2.623e+01 (109220)
*313496: obj =   2.088158923e+03 inf =   2.623e+01 (109235)
*313529: obj =   2.088158923e+03 inf =   2.623e+01 (109230)
*313533: obj =   2.088158923e+03 inf =   2.623e+01 (109230) 1
*313565: obj =   2.088158923e+03 inf =   2.623e+01 (109219)
*313597: obj =   2.088158923e+03 inf =   2.623e+01 (109232)
*313629: obj =   2.088158923e+03 inf =   2.622e+01 (109236)
*313634: obj =   2.088158923e+03 inf =   2.622e+01 (109238) 1
*313666: obj =   2.088158923e+03 inf =   2.622e+01 (109237)
*313698: obj =   2.088158923e+03 inf =   2.622e+01 (109242)
*313730: obj =   2.088158922e+03 inf =   2.622e+01 (109220)
*313736: obj =   2.088158922e+03 inf =   2.622e+01 (109220) 1
*313765: obj =   2.088158922e+03 inf =   2.622e+01 (109210)
*313796: obj =   2.088158922e+03 inf =   2.622e+01 (109209)
*313826: obj =   2.088158908e+03 inf =   2.622e+01 (109199)
*313837: obj =   2.088158901e+03 inf =   2.622e+01 (109197) 1
*313867: obj =   2.088158890e+03 inf =   2.623e+01 (109187)
*313896: obj =   2.088158861e+03 inf =   2.624e+01 (109183)
*313925: obj =   2.088158861e+03 inf =   2.624e+01 (109178)
*313939: obj =   2.088158861e+03 inf =   2.624e+01 (109174) 1
*313966: obj =   2.088158861e+03 inf =   2.624e+01 (109172)
*313995: obj =   2.088158861e+03 inf =   2.624e+01 (109166)
*314023: obj =   2.088158858e+03 inf =   2.624e+01 (109174)
*314040: obj =   2.088158858e+03 inf =   2.624e+01 (109180) 1
*314069: obj =   2.088158858e+03 inf =   2.624e+01 (109177)
*314100: obj =   2.088158858e+03 inf =   2.623e+01 (109170)
*314131: obj =   2.088158858e+03 inf =   2.623e+01 (109163)
*314142: obj =   2.088158858e+03 inf =   2.623e+01 (109165) 1
*314172: obj =   2.088158858e+03 inf =   2.623e+01 (109167)
*314201: obj =   2.088158827e+03 inf =   2.624e+01 (109178)
*314232: obj =   2.088158826e+03 inf =   2.624e+01 (109184)
*314243: obj =   2.088158826e+03 inf =   2.624e+01 (109185) 1
*314272: obj =   2.088158826e+03 inf =   2.624e+01 (109194)
*314301: obj =   2.088158778e+03 inf =   2.625e+01 (109177)
*314331: obj =   2.088158777e+03 inf =   2.626e+01 (109184)
*314344: obj =   2.088158777e+03 inf =   2.625e+01 (109182) 1
*314376: obj =   2.088158771e+03 inf =   2.626e+01 (109177)
*314407: obj =   2.088158771e+03 inf =   2.626e+01 (109171)
*314438: obj =   2.088158771e+03 inf =   2.626e+01 (109179)
*314445: obj =   2.088158770e+03 inf =   2.626e+01 (109180) 1
*314477: obj =   2.088158769e+03 inf =   2.626e+01 (109173)
*314508: obj =   2.088158769e+03 inf =   2.625e+01 (109173)
*314539: obj =   2.088158755e+03 inf =   2.626e+01 (109178)
*314546: obj =   2.088158755e+03 inf =   2.626e+01 (109181) 1
*314578: obj =   2.088158755e+03 inf =   2.626e+01 (109167)
*314610: obj =   2.088158749e+03 inf =   2.626e+01 (109149)
*314643: obj =   2.088158734e+03 inf =   2.627e+01 (109151)
*314647: obj =   2.088158734e+03 inf =   2.627e+01 (109145) 1
*314679: obj =   2.088158734e+03 inf =   2.627e+01 (109125)
*314711: obj =   2.088158733e+03 inf =   2.627e+01 (109113)
*314744: obj =   2.088158686e+03 inf =   2.628e+01 (109115)
*314748: obj =   2.088158666e+03 inf =   2.628e+01 (109121) 1
*314778: obj =   2.088158629e+03 inf =   2.629e+01 (109127)
*314808: obj =   2.088158628e+03 inf =   2.629e+01 (109120)
*314838: obj =   2.088158627e+03 inf =   2.629e+01 (109111)
*314849: obj =   2.088158627e+03 inf =   2.629e+01 (109112) 1
*314878: obj =   2.088158627e+03 inf =   2.629e+01 (109111)
*314909: obj =   2.088158627e+03 inf =   2.629e+01 (109126)
*314939: obj =   2.088158541e+03 inf =   2.632e+01 (109138)
*314950: obj =   2.088158470e+03 inf =   2.634e+01 (109149) 1
*314980: obj =   2.088158422e+03 inf =   2.635e+01 (109130)
*315009: obj =   2.088158421e+03 inf =   2.635e+01 (109134)
*315038: obj =   2.088158346e+03 inf =   2.637e+01 (109133)
*315051: obj =   2.088158344e+03 inf =   2.637e+01 (109134) 1
*315080: obj =   2.088158343e+03 inf =   2.637e+01 (109140)
*315110: obj =   2.088158341e+03 inf =   2.637e+01 (109142)
*315139: obj =   2.088158314e+03 inf =   2.638e+01 (109144)
*315153: obj =   2.088158314e+03 inf =   2.638e+01 (109140) 1
*315181: obj =   2.088158314e+03 inf =   2.638e+01 (109123)
*315212: obj =   2.088158310e+03 inf =   2.638e+01 (109145)
*315241: obj =   2.088158310e+03 inf =   2.638e+01 (109144)
*315254: obj =   2.088158310e+03 inf =   2.638e+01 (109138) 1
*315281: obj =   2.088158310e+03 inf =   2.638e+01 (109135)
*315309: obj =   2.088158310e+03 inf =   2.638e+01 (109115)
*315338: obj =   2.088158310e+03 inf =   2.638e+01 (109109)
*315355: obj =   2.088158310e+03 inf =   2.638e+01 (109114) 1
*315385: obj =   2.088158310e+03 inf =   2.638e+01 (109115)
*315414: obj =   2.088158304e+03 inf =   2.638e+01 (109109)
*315442: obj =   2.088158300e+03 inf =   2.638e+01 (109112)
*315456: obj =   2.088158300e+03 inf =   2.638e+01 (109112) 1
*315487: obj =   2.088158299e+03 inf =   2.638e+01 (109112)
*315518: obj =   2.088158299e+03 inf =   2.638e+01 (109127)
*315549: obj =   2.088158279e+03 inf =   2.638e+01 (109126)
*315557: obj =   2.088158279e+03 inf =   2.638e+01 (109125) 1
*315588: obj =   2.088158279e+03 inf =   2.638e+01 (109111)
*315617: obj =   2.088158279e+03 inf =   2.638e+01 (109103)
*315644: obj =   2.088158279e+03 inf =   2.638e+01 (109109)
*315658: obj =   2.088158278e+03 inf =   2.638e+01 (109101) 1
*315688: obj =   2.088158278e+03 inf =   2.638e+01 (109094)
*315719: obj =   2.088158277e+03 inf =   2.638e+01 (109084)
*315748: obj =   2.088158213e+03 inf =   2.640e+01 (109073)
*315759: obj =   2.088158211e+03 inf =   2.640e+01 (109077) 1
*315789: obj =   2.088158178e+03 inf =   2.641e+01 (109065)
*315819: obj =   2.088158114e+03 inf =   2.643e+01 (109063)
*315848: obj =   2.088158112e+03 inf =   2.643e+01 (109064)
*315860: obj =   2.088158112e+03 inf =   2.643e+01 (109059) 1
*315890: obj =   2.088158099e+03 inf =   2.643e+01 (109060)
*315920: obj =   2.088158075e+03 inf =   2.644e+01 (109039)
*315950: obj =   2.088157974e+03 inf =   2.647e+01 (109032)
*315961: obj =   2.088157971e+03 inf =   2.647e+01 (109033) 1
*315991: obj =   2.088157971e+03 inf =   2.647e+01 (109043)
*316023: obj =   2.088157925e+03 inf =   2.648e+01 (109034)
*316054: obj =   2.088157924e+03 inf =   2.648e+01 (109036)
*316062: obj =   2.088157924e+03 inf =   2.648e+01 (109042) 1
*316094: obj =   2.088157924e+03 inf =   2.648e+01 (109046)
*316125: obj =   2.088157923e+03 inf =   2.648e+01 (109055)
*316157: obj =   2.088157917e+03 inf =   2.648e+01 (109059)
*316163: obj =   2.088157917e+03 inf =   2.648e+01 (109061) 1
*316194: obj =   2.088157917e+03 inf =   2.648e+01 (109063)
*316226: obj =   2.088157917e+03 inf =   2.648e+01 (109065)
*316258: obj =   2.088157916e+03 inf =   2.648e+01 (109058)
*316264: obj =   2.088157916e+03 inf =   2.648e+01 (109058) 1
*316293: obj =   2.088157891e+03 inf =   2.649e+01 (109078)
*316321: obj =   2.088157875e+03 inf =   2.649e+01 (109074)
*316349: obj =   2.088157875e+03 inf =   2.649e+01 (109077)
*316365: obj =   2.088157875e+03 inf =   2.649e+01 (109078) 1
*316394: obj =   2.088157786e+03 inf =   2.651e+01 (109089)
*316423: obj =   2.088157770e+03 inf =   2.652e+01 (109085)
*316451: obj =   2.088157770e+03 inf =   2.651e+01 (109092)
*316466: obj =   2.088157770e+03 inf =   2.651e+01 (109089) 1
*316494: obj =   2.088157767e+03 inf =   2.651e+01 (109087)
*316519: obj =   2.088157767e+03 inf =   2.651e+01 (109100)
*316547: obj =   2.088157767e+03 inf =   2.651e+01 (109080)
*316567: obj =   2.088157725e+03 inf =   2.652e+01 (109085) 1
*316595: obj =   2.088157610e+03 inf =   2.656e+01 (109087)
*316623: obj =   2.088157517e+03 inf =   2.659e+01 (109088)
*316651: obj =   2.088157517e+03 inf =   2.659e+01 (109073)
*316668: obj =   2.088157473e+03 inf =   2.660e+01 (109058) 1
*316696: obj =   2.088157451e+03 inf =   2.661e+01 (109073)
*316725: obj =   2.088157451e+03 inf =   2.661e+01 (109070)
*316754: obj =   2.088157451e+03 inf =   2.661e+01 (109048)
*316769: obj =   2.088157451e+03 inf =   2.661e+01 (109024) 1
*316798: obj =   2.088157451e+03 inf =   2.660e+01 (109038)
*316827: obj =   2.088157385e+03 inf =   2.663e+01 (109064)
*316855: obj =   2.088157295e+03 inf =   2.665e+01 (109057)
*316870: obj =   2.088157258e+03 inf =   2.666e+01 (109060) 1
*316897: obj =   2.088157258e+03 inf =   2.666e+01 (109062)
*316925: obj =   2.088157222e+03 inf =   2.667e+01 (109067)
*316951: obj =   2.088157222e+03 inf =   2.667e+01 (109060)
*316971: obj =   2.088157222e+03 inf =   2.667e+01 (109056) 1
*316996: obj =   2.088157205e+03 inf =   2.668e+01 (109051)
*317023: obj =   2.088157205e+03 inf =   2.667e+01 (109050)
*317051: obj =   2.088157205e+03 inf =   2.667e+01 (109055)
*317072: obj =   2.088157205e+03 inf =   2.667e+01 (109045) 1
*317100: obj =   2.088157205e+03 inf =   2.667e+01 (109027)
*317129: obj =   2.088157204e+03 inf =   2.667e+01 (109020)
*317158: obj =   2.088157203e+03 inf =   2.667e+01 (109012)
*317173: obj =   2.088157203e+03 inf =   2.667e+01 (109020) 1
*317205: obj =   2.088157203e+03 inf =   2.667e+01 (109023)
*317236: obj =   2.088157203e+03 inf =   2.667e+01 (109021)
*317266: obj =   2.088157203e+03 inf =   2.667e+01 (109047)
*317274: obj =   2.088157203e+03 inf =   2.667e+01 (109039) 1
*317304: obj =   2.088157203e+03 inf =   2.667e+01 (109048)
*317334: obj =   2.088157203e+03 inf =   2.666e+01 (109047)
*317365: obj =   2.088157203e+03 inf =   2.666e+01 (109038)
*317375: obj =   2.088157203e+03 inf =   2.666e+01 (109042) 1
*317405: obj =   2.088157203e+03 inf =   2.666e+01 (109036)
*317435: obj =   2.088157203e+03 inf =   2.666e+01 (109042)
*317465: obj =   2.088157203e+03 inf =   2.666e+01 (109023)
*317476: obj =   2.088157203e+03 inf =   2.666e+01 (109019) 1
*317507: obj =   2.088157203e+03 inf =   2.666e+01 (109024)
*317538: obj =   2.088157203e+03 inf =   2.666e+01 (109029)
*317568: obj =   2.088157203e+03 inf =   2.666e+01 (109050)
*317577: obj =   2.088157203e+03 inf =   2.666e+01 (109042) 1
*317608: obj =   2.088157203e+03 inf =   2.665e+01 (109034)
*317639: obj =   2.088157201e+03 inf =   2.665e+01 (109053)
*317668: obj =   2.088157201e+03 inf =   2.665e+01 (109052)
*317678: obj =   2.088157201e+03 inf =   2.665e+01 (109054) 1
*317708: obj =   2.088157201e+03 inf =   2.665e+01 (109055)
*317735: obj =   2.088157201e+03 inf =   2.665e+01 (109028)
*317763: obj =   2.088157106e+03 inf =   2.668e+01 (109045)
*317779: obj =   2.088157047e+03 inf =   2.669e+01 (109039) 1
*317808: obj =   2.088157029e+03 inf =   2.670e+01 (109043)
*317837: obj =   2.088156999e+03 inf =   2.671e+01 (109030)
*317866: obj =   2.088156911e+03 inf =   2.673e+01 (109023)
*317880: obj =   2.088156911e+03 inf =   2.673e+01 (109031) 1
*317912: obj =   2.088156902e+03 inf =   2.673e+01 (109039)
*317943: obj =   2.088156898e+03 inf =   2.673e+01 (109035)
*317971: obj =   2.088156898e+03 inf =   2.673e+01 (109036)
*317981: obj =   2.088156888e+03 inf =   2.673e+01 (109035) 1
*318012: obj =   2.088156803e+03 inf =   2.675e+01 (109021)
*318044: obj =   2.088156803e+03 inf =   2.675e+01 (109042)
*318076: obj =   2.088156803e+03 inf =   2.675e+01 (109053)
*318082: obj =   2.088156803e+03 inf =   2.675e+01 (109055) 1
*318115: obj =   2.088156802e+03 inf =   2.675e+01 (109061)
*318145: obj =   2.088156730e+03 inf =   2.677e+01 (109061)
*318176: obj =   2.088156656e+03 inf =   2.678e+01 (109067)
*318183: obj =   2.088156655e+03 inf =   2.678e+01 (109070) 1
*318214: obj =   2.088156655e+03 inf =   2.678e+01 (109053)
*318244: obj =   2.088156655e+03 inf =   2.678e+01 (109052)
*318274: obj =   2.088156655e+03 inf =   2.678e+01 (109045)
*318284: obj =   2.088156655e+03 inf =   2.678e+01 (109046) 1
*318314: obj =   2.088156655e+03 inf =   2.678e+01 (109052)
*318344: obj =   2.088156654e+03 inf =   2.678e+01 (109047)
*318371: obj =   2.088156654e+03 inf =   2.678e+01 (109049)
*318385: obj =   2.088156654e+03 inf =   2.678e+01 (109049) 1
*318416: obj =   2.088156654e+03 inf =   2.678e+01 (109052)
*318447: obj =   2.088156654e+03 inf =   2.678e+01 (109044)
*318478: obj =   2.088156654e+03 inf =   2.678e+01 (109055)
*318486: obj =   2.088156654e+03 inf =   2.678e+01 (109048) 1
*318517: obj =   2.088156436e+03 inf =   2.683e+01 (109074)
*318548: obj =   2.088156412e+03 inf =   2.683e+01 (109064)
*318579: obj =   2.088156412e+03 inf =   2.683e+01 (109066)
*318587: obj =   2.088156412e+03 inf =   2.683e+01 (109066) 1
*318617: obj =   2.088156412e+03 inf =   2.683e+01 (109055)
*318647: obj =   2.088156412e+03 inf =   2.683e+01 (109070)
*318677: obj =   2.088156309e+03 inf =   2.686e+01 (109064)
*318688: obj =   2.088156263e+03 inf =   2.687e+01 (109056) 1
*318718: obj =   2.088156165e+03 inf =   2.690e+01 (109063)
*318747: obj =   2.088156163e+03 inf =   2.690e+01 (109060)
*318775: obj =   2.088156135e+03 inf =   2.690e+01 (109041)
*318790: obj =   2.088156134e+03 inf =   2.690e+01 (109044) 1
*318819: obj =   2.088156077e+03 inf =   2.692e+01 (109047)
*318848: obj =   2.088156004e+03 inf =   2.694e+01 (109054)
*318877: obj =   2.088155973e+03 inf =   2.694e+01 (109059)
*318891: obj =   2.088155973e+03 inf =   2.694e+01 (109055) 1
*318921: obj =   2.088155970e+03 inf =   2.694e+01 (109057)
*318950: obj =   2.088155970e+03 inf =   2.694e+01 (109034)
*318979: obj =   2.088155960e+03 inf =   2.695e+01 (109055)
*318992: obj =   2.088155960e+03 inf =   2.695e+01 (109049) 1
*319023: obj =   2.088155958e+03 inf =   2.695e+01 (109039)
*319056: obj =   2.088155958e+03 inf =   2.695e+01 (109040)
*319088: obj =   2.088155957e+03 inf =   2.694e+01 (109039)
*319093: obj =   2.088155957e+03 inf =   2.694e+01 (109036) 1
*319123: obj =   2.088155957e+03 inf =   2.694e+01 (109044)
*319153: obj =   2.088155957e+03 inf =   2.694e+01 (109039)
*319183: obj =   2.088155957e+03 inf =   2.694e+01 (109039)
*319194: obj =   2.088155957e+03 inf =   2.694e+01 (109042) 1
*319216: obj =   2.088155918e+03 inf =   2.696e+01 (109042)
*319237: obj =   2.088155918e+03 inf =   2.696e+01 (109044)
*319258: obj =   2.088155902e+03 inf =   2.696e+01 (109059)
*319281: obj =   2.088155902e+03 inf =   2.696e+01 (109066)
*319295: obj =   2.088155902e+03 inf =   2.696e+01 (109062) 1
*319322: obj =   2.088155886e+03 inf =   2.696e+01 (109072)
*319347: obj =   2.088155790e+03 inf =   2.700e+01 (109069)
*319373: obj =   2.088155749e+03 inf =   2.701e+01 (109071)
*319396: obj =   2.088155626e+03 inf =   2.705e+01 (109078) 1
*319423: obj =   2.088155557e+03 inf =   2.707e+01 (109063)
*319450: obj =   2.088155557e+03 inf =   2.707e+01 (109063)
*319478: obj =   2.088155557e+03 inf =   2.707e+01 (109065)
*319497: obj =   2.088155557e+03 inf =   2.707e+01 (109074) 1
*319525: obj =   2.088155556e+03 inf =   2.707e+01 (109078)
*319553: obj =   2.088155556e+03 inf =   2.707e+01 (109077)
*319579: obj =   2.088155556e+03 inf =   2.706e+01 (109066)
*319598: obj =   2.088155556e+03 inf =   2.706e+01 (109062) 1
*319627: obj =   2.088155556e+03 inf =   2.706e+01 (109070)
*319655: obj =   2.088155521e+03 inf =   2.707e+01 (109058)
*319682: obj =   2.088155452e+03 inf =   2.710e+01 (109069)
*319699: obj =   2.088155440e+03 inf =   2.710e+01 (109080) 1
*319727: obj =   2.088155421e+03 inf =   2.711e+01 (109085)
*319755: obj =   2.088155373e+03 inf =   2.713e+01 (109076)
*319785: obj =   2.088155340e+03 inf =   2.714e+01 (109066)
*319800: obj =   2.088155329e+03 inf =   2.714e+01 (109058) 1
*319820: obj =   2.088155308e+03 inf =   2.715e+01 (109061)
*319841: obj =   2.088155287e+03 inf =   2.716e+01 (109050)
*319863: obj =   2.088155286e+03 inf =   2.716e+01 (109053)
*319884: obj =   2.088155276e+03 inf =   2.716e+01 (109040)
*319901: obj =   2.088155276e+03 inf =   2.716e+01 (109048) 1
*319932: obj =   2.088155276e+03 inf =   2.716e+01 (109036)
*319960: obj =   2.088155275e+03 inf =   2.716e+01 (109019)
*319989: obj =   2.088155274e+03 inf =   2.716e+01 (109021)
*320002: obj =   2.088155274e+03 inf =   2.716e+01 (109027) 1
*320031: obj =   2.088155273e+03 inf =   2.716e+01 (109033)
*320061: obj =   2.088155272e+03 inf =   2.716e+01 (109024)
*320093: obj =   2.088155272e+03 inf =   2.716e+01 (109034)
*320103: obj =   2.088155272e+03 inf =   2.716e+01 (109042) 1
*320133: obj =   2.088155272e+03 inf =   2.715e+01 (109031)
*320162: obj =   2.088155266e+03 inf =   2.716e+01 (109031)
*320193: obj =   2.088155266e+03 inf =   2.716e+01 (109036)
*320204: obj =   2.088155266e+03 inf =   2.716e+01 (109041) 1
*320231: obj =   2.088155234e+03 inf =   2.716e+01 (109037)
*320259: obj =   2.088155234e+03 inf =   2.716e+01 (109036)
*320285: obj =   2.088155232e+03 inf =   2.716e+01 (109026)
*320305: obj =   2.088155232e+03 inf =   2.716e+01 (109027) 1
*320332: obj =   2.088155222e+03 inf =   2.716e+01 (109024)
*320359: obj =   2.088155189e+03 inf =   2.717e+01 (109023)
*320386: obj =   2.088155187e+03 inf =   2.717e+01 (109023)
*320406: obj =   2.088155185e+03 inf =   2.717e+01 (109022) 1
*320435: obj =   2.088155172e+03 inf =   2.718e+01 (109020)
*320463: obj =   2.088155144e+03 inf =   2.719e+01 (109016)
*320489: obj =   2.088155061e+03 inf =   2.721e+01 (109024)
*320507: obj =   2.088155016e+03 inf =   2.722e+01 (109020) 1
*320535: obj =   2.088154911e+03 inf =   2.726e+01 (109021)
*320562: obj =   2.088154910e+03 inf =   2.726e+01 (109019)
*320590: obj =   2.088154910e+03 inf =   2.726e+01 (109018)
*320608: obj =   2.088154910e+03 inf =   2.726e+01 (109009) 1
*320636: obj =   2.088154910e+03 inf =   2.726e+01 (109017)
*320665: obj =   2.088154839e+03 inf =   2.728e+01 (109010)
*320694: obj =   2.088154756e+03 inf =   2.730e+01 (109012)
*320709: obj =   2.088154720e+03 inf =   2.731e+01 (109016) 1
*320737: obj =   2.088154680e+03 inf =   2.732e+01 (109009)
*320766: obj =   2.088154657e+03 inf =   2.733e+01 (108993)
*320797: obj =   2.088154622e+03 inf =   2.734e+01 (108995)
*320810: obj =   2.088154622e+03 inf =   2.734e+01 (109003) 1
*320840: obj =   2.088154613e+03 inf =   2.735e+01 (108994)
*320871: obj =   2.088154588e+03 inf =   2.736e+01 (108992)
*320902: obj =   2.088154553e+03 inf =   2.737e+01 (109006)
*320911: obj =   2.088154553e+03 inf =   2.737e+01 (108992) 1
*320942: obj =   2.088154553e+03 inf =   2.737e+01 (109000)
*320973: obj =   2.088154553e+03 inf =   2.737e+01 (108982)
*321003: obj =   2.088154545e+03 inf =   2.737e+01 (109000)
*321012: obj =   2.088154545e+03 inf =   2.737e+01 (108993) 1
*321043: obj =   2.088154541e+03 inf =   2.737e+01 (108973)
*321075: obj =   2.088154540e+03 inf =   2.737e+01 (108975)
*321108: obj =   2.088154540e+03 inf =   2.737e+01 (108997)
*321113: obj =   2.088154540e+03 inf =   2.737e+01 (108989) 1
*321144: obj =   2.088154540e+03 inf =   2.737e+01 (109003)
*321177: obj =   2.088154538e+03 inf =   2.737e+01 (109015)
*321210: obj =   2.088154538e+03 inf =   2.737e+01 (109028)
*321214: obj =   2.088154538e+03 inf =   2.737e+01 (109024) 1
*321246: obj =   2.088154533e+03 inf =   2.737e+01 (109027)
*321277: obj =   2.088154533e+03 inf =   2.737e+01 (109018)
*321308: obj =   2.088154533e+03 inf =   2.736e+01 (109006)
*321315: obj =   2.088154533e+03 inf =   2.736e+01 (109012) 1
*321346: obj =   2.088154532e+03 inf =   2.736e+01 (109009)
*321378: obj =   2.088154532e+03 inf =   2.736e+01 (109007)
*321409: obj =   2.088154532e+03 inf =   2.736e+01 (109012)
*321416: obj =   2.088154532e+03 inf =   2.736e+01 (109009) 1
*321448: obj =   2.088154532e+03 inf =   2.736e+01 (109025)
*321476: obj =   2.088154532e+03 inf =   2.736e+01 (109008)
*321505: obj =   2.088154532e+03 inf =   2.735e+01 (109010)
*321517: obj =   2.088154532e+03 inf =   2.735e+01 (109013) 1
*321545: obj =   2.088154532e+03 inf =   2.735e+01 (109017)
*321574: obj =   2.088154532e+03 inf =   2.735e+01 (109011)
*321602: obj =   2.088154532e+03 inf =   2.735e+01 (109006)
*321618: obj =   2.088154532e+03 inf =   2.735e+01 (109006) 1
*321646: obj =   2.088154532e+03 inf =   2.735e+01 (109024)
*321673: obj =   2.088154532e+03 inf =   2.735e+01 (109028)
*321701: obj =   2.088154501e+03 inf =   2.735e+01 (109009)
*321719: obj =   2.088154501e+03 inf =   2.735e+01 (109006) 1
*321748: obj =   2.088154476e+03 inf =   2.737e+01 (108999)
*321775: obj =   2.088154414e+03 inf =   2.738e+01 (109019)
*321800: obj =   2.088154414e+03 inf =   2.738e+01 (109004)
*321820: obj =   2.088154335e+03 inf =   2.741e+01 (109001) 1
*321849: obj =   2.088154327e+03 inf =   2.741e+01 (108996)
*321878: obj =   2.088154316e+03 inf =   2.742e+01 (108995)
*321907: obj =   2.088154314e+03 inf =   2.742e+01 (108991)
*321921: obj =   2.088154313e+03 inf =   2.742e+01 (108995) 1
*321950: obj =   2.088154305e+03 inf =   2.742e+01 (108984)
*321980: obj =   2.088154305e+03 inf =   2.742e+01 (108975)
*322011: obj =   2.088154305e+03 inf =   2.742e+01 (108980)
*322022: obj =   2.088154298e+03 inf =   2.742e+01 (108981) 1
*322053: obj =   2.088154298e+03 inf =   2.742e+01 (108971)
*322083: obj =   2.088154273e+03 inf =   2.743e+01 (108978)
*322111: obj =   2.088154273e+03 inf =   2.743e+01 (108990)
*322123: obj =   2.088154273e+03 inf =   2.742e+01 (108995) 1
*322150: obj =   2.088154162e+03 inf =   2.746e+01 (108988)
*322180: obj =   2.088154157e+03 inf =   2.746e+01 (108990)
*322209: obj =   2.088154157e+03 inf =   2.746e+01 (108993)
*322224: obj =   2.088154157e+03 inf =   2.746e+01 (108985) 1
*322253: obj =   2.088154132e+03 inf =   2.746e+01 (108991)
*322282: obj =   2.088153967e+03 inf =   2.751e+01 (108991)
*322310: obj =   2.088153836e+03 inf =   2.754e+01 (108993)
*322325: obj =   2.088153805e+03 inf =   2.755e+01 (108975) 1
*322353: obj =   2.088153805e+03 inf =   2.755e+01 (108967)
*322381: obj =   2.088153805e+03 inf =   2.755e+01 (108980)
*322410: obj =   2.088153730e+03 inf =   2.757e+01 (108978)
*322426: obj =   2.088153651e+03 inf =   2.759e+01 (108981) 1
*322454: obj =   2.088153497e+03 inf =   2.763e+01 (108979)
*322482: obj =   2.088153421e+03 inf =   2.765e+01 (108974)
*322511: obj =   2.088153324e+03 inf =   2.768e+01 (108977)
*322527: obj =   2.088153324e+03 inf =   2.768e+01 (108977) 1
*322556: obj =   2.088153324e+03 inf =   2.768e+01 (108988)
*322584: obj =   2.088153324e+03 inf =   2.768e+01 (108979)
*322608: obj =   2.088153324e+03 inf =   2.768e+01 (108984)
*322628: obj =   2.088153261e+03 inf =   2.769e+01 (108984) 1
*322653: obj =   2.088153261e+03 inf =   2.769e+01 (108969)
*322680: obj =   2.088153238e+03 inf =   2.770e+01 (108970)
*322708: obj =   2.088153198e+03 inf =   2.771e+01 (108974)
*322729: obj =   2.088153100e+03 inf =   2.773e+01 (108975) 1
*322754: obj =   2.088153100e+03 inf =   2.773e+01 (108969)
*322780: obj =   2.088153100e+03 inf =   2.773e+01 (108963)
*322805: obj =   2.088153096e+03 inf =   2.774e+01 (108940)
*322830: obj =   2.088153027e+03 inf =   2.775e+01 (108942) 1
*322857: obj =   2.088153013e+03 inf =   2.776e+01 (108936)
*322883: obj =   2.088153013e+03 inf =   2.776e+01 (108931)
*322912: obj =   2.088153013e+03 inf =   2.776e+01 (108929)
*322931: obj =   2.088152986e+03 inf =   2.776e+01 (108922) 1
*322958: obj =   2.088152931e+03 inf =   2.777e+01 (108920)
*322987: obj =   2.088152796e+03 inf =   2.780e+01 (108908)
*323015: obj =   2.088152720e+03 inf =   2.782e+01 (108917)
*323032: obj =   2.088152649e+03 inf =   2.784e+01 (108917) 1
*323060: obj =   2.088152535e+03 inf =   2.786e+01 (108918)
*323088: obj =   2.088152535e+03 inf =   2.786e+01 (108927)
*323114: obj =   2.088152515e+03 inf =   2.787e+01 (108915)
*323133: obj =   2.088152478e+03 inf =   2.788e+01 (108941) 1
*323161: obj =   2.088152468e+03 inf =   2.789e+01 (108938)
*323188: obj =   2.088152456e+03 inf =   2.789e+01 (108937)
*323214: obj =   2.088152455e+03 inf =   2.789e+01 (108925)
*323234: obj =   2.088152455e+03 inf =   2.789e+01 (108933) 1
*323261: obj =   2.088152454e+03 inf =   2.789e+01 (108927)
*323291: obj =   2.088152450e+03 inf =   2.789e+01 (108899)
*323321: obj =   2.088152450e+03 inf =   2.789e+01 (108890)
*323335: obj =   2.088152449e+03 inf =   2.789e+01 (108887) 1
*323367: obj =   2.088152435e+03 inf =   2.790e+01 (108879)
*323397: obj =   2.088152435e+03 inf =   2.790e+01 (108897)
*323425: obj =   2.088152435e+03 inf =   2.790e+01 (108910)
*323436: obj =   2.088152435e+03 inf =   2.789e+01 (108910) 1
*323462: obj =   2.088152435e+03 inf =   2.789e+01 (108902)
*323490: obj =   2.088152435e+03 inf =   2.789e+01 (108899)
*323518: obj =   2.088152435e+03 inf =   2.789e+01 (108894)
*323537: obj =   2.088152435e+03 inf =   2.789e+01 (108894) 1
*323567: obj =   2.088152419e+03 inf =   2.790e+01 (108899)
*323596: obj =   2.088152419e+03 inf =   2.790e+01 (108899)
*323626: obj =   2.088152419e+03 inf =   2.790e+01 (108905)
*323638: obj =   2.088152419e+03 inf =   2.789e+01 (108916) 1
*323667: obj =   2.088152401e+03 inf =   2.790e+01 (108927)
*323696: obj =   2.088152399e+03 inf =   2.790e+01 (108928)
*323723: obj =   2.088152292e+03 inf =   2.794e+01 (108940)
*323739: obj =   2.088152267e+03 inf =   2.794e+01 (108931) 1
*323767: obj =   2.088152260e+03 inf =   2.795e+01 (108928)
*323793: obj =   2.088152250e+03 inf =   2.795e+01 (108924)
*323821: obj =   2.088152250e+03 inf =   2.795e+01 (108914)
*323841: obj =   2.088152242e+03 inf =   2.795e+01 (108927) 1
*323869: obj =   2.088152242e+03 inf =   2.795e+01 (108919)
*323897: obj =   2.088152242e+03 inf =   2.795e+01 (108900)
*323926: obj =   2.088152237e+03 inf =   2.795e+01 (108888)
*323942: obj =   2.088152237e+03 inf =   2.795e+01 (108890) 1
*323972: obj =   2.088152237e+03 inf =   2.795e+01 (108906)
*324003: obj =   2.088152237e+03 inf =   2.795e+01 (108897)
*324031: obj =   2.088152237e+03 inf =   2.795e+01 (108878)
*324043: obj =   2.088152237e+03 inf =   2.795e+01 (108878) 1
*324072: obj =   2.088152230e+03 inf =   2.795e+01 (108880)
*324098: obj =   2.088152207e+03 inf =   2.796e+01 (108888)
*324125: obj =   2.088152206e+03 inf =   2.796e+01 (108884)
*324145: obj =   2.088152206e+03 inf =   2.796e+01 (108886) 1
*324172: obj =   2.088152205e+03 inf =   2.796e+01 (108882)
*324198: obj =   2.088152164e+03 inf =   2.797e+01 (108868)
*324225: obj =   2.088152109e+03 inf =   2.799e+01 (108881)
*324246: obj =   2.088152079e+03 inf =   2.800e+01 (108874) 1
*324273: obj =   2.088152079e+03 inf =   2.800e+01 (108880)
*324301: obj =   2.088152079e+03 inf =   2.800e+01 (108871)
*324328: obj =   2.088152079e+03 inf =   2.800e+01 (108873)
*324347: obj =   2.088152079e+03 inf =   2.800e+01 (108869) 1
*324374: obj =   2.088152079e+03 inf =   2.800e+01 (108861)
*324400: obj =   2.088151979e+03 inf =   2.803e+01 (108871)
*324428: obj =   2.088151914e+03 inf =   2.805e+01 (108866)
*324448: obj =   2.088151877e+03 inf =   2.806e+01 (108867) 1
*324476: obj =   2.088151877e+03 inf =   2.806e+01 (108861)
*324503: obj =   2.088151873e+03 inf =   2.806e+01 (108861)
*324530: obj =   2.088151873e+03 inf =   2.806e+01 (108867)
*324549: obj =   2.088151873e+03 inf =   2.806e+01 (108868) 1
*324579: obj =   2.088151873e+03 inf =   2.806e+01 (108863)
*324607: obj =   2.088151873e+03 inf =   2.806e+01 (108863)
*324636: obj =   2.088151873e+03 inf =   2.806e+01 (108858)
*324650: obj =   2.088151873e+03 inf =   2.806e+01 (108857) 1
*324678: obj =   2.088151827e+03 inf =   2.807e+01 (108875)
*324707: obj =   2.088151769e+03 inf =   2.809e+01 (108872)
*324736: obj =   2.088151711e+03 inf =   2.811e+01 (108870)
*324752: obj =   2.088151711e+03 inf =   2.811e+01 (108852) 1
*324780: obj =   2.088151646e+03 inf =   2.814e+01 (108861)
*324807: obj =   2.088151646e+03 inf =   2.814e+01 (108873)
*324837: obj =   2.088151630e+03 inf =   2.815e+01 (108875)
*324853: obj =   2.088151622e+03 inf =   2.815e+01 (108871) 1
*324882: obj =   2.088151622e+03 inf =   2.815e+01 (108864)
*324911: obj =   2.088151622e+03 inf =   2.815e+01 (108871)
*324938: obj =   2.088151622e+03 inf =   2.815e+01 (108858)
*324954: obj =   2.088151622e+03 inf =   2.814e+01 (108866) 1
*324981: obj =   2.088151618e+03 inf =   2.815e+01 (108854)
*325009: obj =   2.088151618e+03 inf =   2.814e+01 (108861)
*325037: obj =   2.088151618e+03 inf =   2.814e+01 (108858)
*325055: obj =   2.088151618e+03 inf =   2.814e+01 (108861) 1
*325083: obj =   2.088151618e+03 inf =   2.814e+01 (108870)
*325111: obj =   2.088151606e+03 inf =   2.814e+01 (108873)
*325136: obj =   2.088151552e+03 inf =   2.816e+01 (108872)
*325156: obj =   2.088151552e+03 inf =   2.816e+01 (108871) 1
*325181: obj =   2.088151540e+03 inf =   2.816e+01 (108886)
*325207: obj =   2.088151540e+03 inf =   2.816e+01 (108884)
*325235: obj =   2.088151538e+03 inf =   2.816e+01 (108866)
*325257: obj =   2.088151538e+03 inf =   2.816e+01 (108869) 1
*325284: obj =   2.088151470e+03 inf =   2.818e+01 (108869)
*325308: obj =   2.088151444e+03 inf =   2.819e+01 (108874)
*325334: obj =   2.088151444e+03 inf =   2.819e+01 (108870)
*325358: obj =   2.088151444e+03 inf =   2.819e+01 (108860) 1
*325385: obj =   2.088151444e+03 inf =   2.819e+01 (108859)
*325413: obj =   2.088151444e+03 inf =   2.818e+01 (108851)
*325437: obj =   2.088151444e+03 inf =   2.818e+01 (108851)
*325459: obj =   2.088151444e+03 inf =   2.818e+01 (108846) 1
*325484: obj =   2.088151428e+03 inf =   2.819e+01 (108857)
*325511: obj =   2.088151428e+03 inf =   2.819e+01 (108857)
*325537: obj =   2.088151428e+03 inf =   2.819e+01 (108863)
*325560: obj =   2.088151428e+03 inf =   2.819e+01 (108869) 1
*325587: obj =   2.088151428e+03 inf =   2.819e+01 (108876)
*325614: obj =   2.088151428e+03 inf =   2.818e+01 (108884)
*325639: obj =   2.088151428e+03 inf =   2.818e+01 (108885)
*325661: obj =   2.088151422e+03 inf =   2.818e+01 (108893) 1
*325686: obj =   2.088151374e+03 inf =   2.820e+01 (108903)
*325713: obj =   2.088151355e+03 inf =   2.820e+01 (108903)
*325738: obj =   2.088151355e+03 inf =   2.820e+01 (108888)
*325761: obj =   2.088151305e+03 inf =   2.821e+01 (108871)
*325762: obj =   2.088151305e+03 inf =   2.821e+01 (108876) 1
*325786: obj =   2.088151305e+03 inf =   2.821e+01 (108883)
*325813: obj =   2.088151305e+03 inf =   2.821e+01 (108902)
*325840: obj =   2.088151302e+03 inf =   2.821e+01 (108890)
*325863: obj =   2.088151302e+03 inf =   2.821e+01 (108882) 1
*325889: obj =   2.088151302e+03 inf =   2.821e+01 (108899)
*325913: obj =   2.088151289e+03 inf =   2.821e+01 (108890)
*325937: obj =   2.088151287e+03 inf =   2.821e+01 (108906)
*325961: obj =   2.088151224e+03 inf =   2.823e+01 (108899)
*325964: obj =   2.088151198e+03 inf =   2.823e+01 (108895) 1
*325986: obj =   2.088151071e+03 inf =   2.826e+01 (108890)
*326008: obj =   2.088151018e+03 inf =   2.828e+01 (108886)
*326032: obj =   2.088151003e+03 inf =   2.828e+01 (108875)
*326053: obj =   2.088150988e+03 inf =   2.828e+01 (108887)
*326065: obj =   2.088150988e+03 inf =   2.828e+01 (108881) 1
*326089: obj =   2.088150988e+03 inf =   2.828e+01 (108883)
*326116: obj =   2.088150988e+03 inf =   2.828e+01 (108880)
*326143: obj =   2.088150987e+03 inf =   2.828e+01 (108878)
*326167: obj =   2.088150978e+03 inf =   2.828e+01 (108877) 1
*326193: obj =   2.088150977e+03 inf =   2.828e+01 (108871)
*326220: obj =   2.088150977e+03 inf =   2.828e+01 (108877)
*326244: obj =   2.088150977e+03 inf =   2.828e+01 (108858)
*326268: obj =   2.088150977e+03 inf =   2.828e+01 (108849) 1
*326294: obj =   2.088150976e+03 inf =   2.828e+01 (108837)
*326319: obj =   2.088150976e+03 inf =   2.828e+01 (108841)
*326345: obj =   2.088150976e+03 inf =   2.828e+01 (108842)
*326369: obj =   2.088150946e+03 inf =   2.828e+01 (108833) 1
*326396: obj =   2.088150875e+03 inf =   2.830e+01 (108823)
*326423: obj =   2.088150820e+03 inf =   2.831e+01 (108823)
*326447: obj =   2.088150820e+03 inf =   2.831e+01 (108822)
*326470: obj =   2.088150819e+03 inf =   2.831e+01 (108828) 1
*326489: obj =   2.088150819e+03 inf =   2.831e+01 (108820)
*326511: obj =   2.088150819e+03 inf =   2.831e+01 (108807)
*326533: obj =   2.088150819e+03 inf =   2.831e+01 (108820)
*326552: obj =   2.088150819e+03 inf =   2.831e+01 (108813)
*326571: obj =   2.088150819e+03 inf =   2.831e+01 (108814)
*326572: obj =   2.088150819e+03 inf =   2.831e+01 (108814) 1
*326597: obj =   2.088150819e+03 inf =   2.831e+01 (108816)
*326621: obj =   2.088150819e+03 inf =   2.831e+01 (108804)
*326644: obj =   2.088150819e+03 inf =   2.831e+01 (108803)
*326668: obj =   2.088150742e+03 inf =   2.833e+01 (108794)
*326673: obj =   2.088150708e+03 inf =   2.833e+01 (108798) 1
*326692: obj =   2.088150698e+03 inf =   2.834e+01 (108797)
*326712: obj =   2.088150652e+03 inf =   2.835e+01 (108791)
*326733: obj =   2.088150606e+03 inf =   2.836e+01 (108792)
*326754: obj =   2.088150605e+03 inf =   2.836e+01 (108786)
*326774: obj =   2.088150605e+03 inf =   2.836e+01 (108799) 1
*326801: obj =   2.088150604e+03 inf =   2.836e+01 (108794)
*326825: obj =   2.088150603e+03 inf =   2.836e+01 (108787)
*326852: obj =   2.088150582e+03 inf =   2.837e+01 (108782)
*326875: obj =   2.088150571e+03 inf =   2.837e+01 (108791) 1
*326902: obj =   2.088150567e+03 inf =   2.838e+01 (108780)
*326928: obj =   2.088150567e+03 inf =   2.838e+01 (108792)
*326952: obj =   2.088150561e+03 inf =   2.838e+01 (108793)
*326976: obj =   2.088150560e+03 inf =   2.838e+01 (108791) 1
*327001: obj =   2.088150560e+03 inf =   2.837e+01 (108803)
*327028: obj =   2.088150560e+03 inf =   2.837e+01 (108816)
*327054: obj =   2.088150560e+03 inf =   2.837e+01 (108816)
*327077: obj =   2.088150560e+03 inf =   2.837e+01 (108802) 1
*327104: obj =   2.088150494e+03 inf =   2.839e+01 (108805)
*327130: obj =   2.088150493e+03 inf =   2.839e+01 (108801)
*327156: obj =   2.088150413e+03 inf =   2.841e+01 (108800)
*327178: obj =   2.088150398e+03 inf =   2.842e+01 (108807) 1
*327204: obj =   2.088150388e+03 inf =   2.842e+01 (108814)
*327233: obj =   2.088150387e+03 inf =   2.842e+01 (108808)
*327261: obj =   2.088150387e+03 inf =   2.842e+01 (108801)
*327279: obj =   2.088150284e+03 inf =   2.845e+01 (108806) 1
*327306: obj =   2.088150234e+03 inf =   2.846e+01 (108794)
*327333: obj =   2.088150127e+03 inf =   2.849e+01 (108805)
*327362: obj =   2.088150109e+03 inf =   2.850e+01 (108810)
*327380: obj =   2.088150109e+03 inf =   2.850e+01 (108813) 1
*327409: obj =   2.088150103e+03 inf =   2.850e+01 (108817)
*327438: obj =   2.088150050e+03 inf =   2.851e+01 (108817)
*327467: obj =   2.088150017e+03 inf =   2.852e+01 (108807)
*327481: obj =   2.088150017e+03 inf =   2.852e+01 (108805) 1
*327510: obj =   2.088149967e+03 inf =   2.853e+01 (108792)
*327537: obj =   2.088149864e+03 inf =   2.856e+01 (108796)
*327565: obj =   2.088149761e+03 inf =   2.859e+01 (108815)
*327582: obj =   2.088149727e+03 inf =   2.860e+01 (108806) 1
*327612: obj =   2.088149727e+03 inf =   2.860e+01 (108783)
*327642: obj =   2.088149677e+03 inf =   2.861e+01 (108785)
*327671: obj =   2.088149676e+03 inf =   2.861e+01 (108804)
*327683: obj =   2.088149676e+03 inf =   2.861e+01 (108793) 1
*327710: obj =   2.088149550e+03 inf =   2.865e+01 (108797)
*327738: obj =   2.088149439e+03 inf =   2.868e+01 (108807)
*327768: obj =   2.088149396e+03 inf =   2.869e+01 (108808)
*327784: obj =   2.088149396e+03 inf =   2.869e+01 (108803) 1
*327813: obj =   2.088149348e+03 inf =   2.871e+01 (108795)
*327841: obj =   2.088149292e+03 inf =   2.872e+01 (108800)
*327870: obj =   2.088149196e+03 inf =   2.874e+01 (108777)
*327885: obj =   2.088149137e+03 inf =   2.876e+01 (108770) 1
*327914: obj =   2.088149125e+03 inf =   2.876e+01 (108784)
*327940: obj =   2.088149092e+03 inf =   2.877e+01 (108794)
*327968: obj =   2.088149092e+03 inf =   2.877e+01 (108791)
*327986: obj =   2.088149092e+03 inf =   2.877e+01 (108786) 1
*328015: obj =   2.088149092e+03 inf =   2.877e+01 (108763)
*328044: obj =   2.088149092e+03 inf =   2.877e+01 (108757)
*328074: obj =   2.088149092e+03 inf =   2.876e+01 (108759)
*328087: obj =   2.088149092e+03 inf =   2.876e+01 (108757) 1
*328114: obj =   2.088149092e+03 inf =   2.876e+01 (108761)
*328140: obj =   2.088149092e+03 inf =   2.876e+01 (108756)
*328163: obj =   2.088149092e+03 inf =   2.876e+01 (108754)
*328186: obj =   2.088149092e+03 inf =   2.876e+01 (108754)
*328188: obj =   2.088149092e+03 inf =   2.876e+01 (108749) 1
*328215: obj =   2.088149092e+03 inf =   2.876e+01 (108749)
*328244: obj =   2.088149042e+03 inf =   2.877e+01 (108756)
*328271: obj =   2.088148923e+03 inf =   2.880e+01 (108755)
*328289: obj =   2.088148904e+03 inf =   2.881e+01 (108751) 1
*328317: obj =   2.088148903e+03 inf =   2.881e+01 (108756)
*328345: obj =   2.088148903e+03 inf =   2.881e+01 (108753)
*328371: obj =   2.088148903e+03 inf =   2.881e+01 (108749)
*328390: obj =   2.088148867e+03 inf =   2.882e+01 (108747) 1
*328415: obj =   2.088148794e+03 inf =   2.884e+01 (108748)
*328442: obj =   2.088148768e+03 inf =   2.884e+01 (108756)
*328471: obj =   2.088148673e+03 inf =   2.887e+01 (108747)
*328491: obj =   2.088148669e+03 inf =   2.887e+01 (108742) 1
*328519: obj =   2.088148580e+03 inf =   2.889e+01 (108745)
*328545: obj =   2.088148579e+03 inf =   2.889e+01 (108743)
*328572: obj =   2.088148578e+03 inf =   2.889e+01 (108721)
*328592: obj =   2.088148432e+03 inf =   2.893e+01 (108721) 1
*328621: obj =   2.088148286e+03 inf =   2.897e+01 (108712)
*328649: obj =   2.088148170e+03 inf =   2.900e+01 (108727)
*328674: obj =   2.088148168e+03 inf =   2.900e+01 (108719)
*328693: obj =   2.088148162e+03 inf =   2.900e+01 (108726) 1
*328720: obj =   2.088148158e+03 inf =   2.900e+01 (108741)
*328751: obj =   2.088148157e+03 inf =   2.900e+01 (108746)
*328781: obj =   2.088148153e+03 inf =   2.900e+01 (108734)
*328795: obj =   2.088148151e+03 inf =   2.900e+01 (108749) 1
*328824: obj =   2.088148080e+03 inf =   2.902e+01 (108731)
*328852: obj =   2.088147915e+03 inf =   2.906e+01 (108725)
*328879: obj =   2.088147871e+03 inf =   2.907e+01 (108706)
*328896: obj =   2.088147792e+03 inf =   2.909e+01 (108710) 1
*328924: obj =   2.088147692e+03 inf =   2.912e+01 (108712)
*328951: obj =   2.088147648e+03 inf =   2.914e+01 (108720)
*328978: obj =   2.088147648e+03 inf =   2.914e+01 (108724)
*328997: obj =   2.088147605e+03 inf =   2.915e+01 (108716) 1
*329026: obj =   2.088147563e+03 inf =   2.916e+01 (108714)
*329056: obj =   2.088147520e+03 inf =   2.917e+01 (108705)
*329084: obj =   2.088147418e+03 inf =   2.920e+01 (108700)
*329098: obj =   2.088147418e+03 inf =   2.920e+01 (108709) 1
*329128: obj =   2.088147405e+03 inf =   2.920e+01 (108686)
*329154: obj =   2.088147326e+03 inf =   2.922e+01 (108689)
*329182: obj =   2.088147206e+03 inf =   2.926e+01 (108705)
*329199: obj =   2.088147165e+03 inf =   2.927e+01 (108706) 1
*329228: obj =   2.088147163e+03 inf =   2.927e+01 (108693)
*329257: obj =   2.088147163e+03 inf =   2.927e+01 (108686)
*329286: obj =   2.088147161e+03 inf =   2.927e+01 (108693)
*329300: obj =   2.088147161e+03 inf =   2.927e+01 (108692) 1
*329328: obj =   2.088147161e+03 inf =   2.927e+01 (108693)
*329355: obj =   2.088147159e+03 inf =   2.927e+01 (108683)
*329384: obj =   2.088147159e+03 inf =   2.926e+01 (108675)
*329402: obj =   2.088147159e+03 inf =   2.926e+01 (108684) 1
*329431: obj =   2.088147146e+03 inf =   2.927e+01 (108687)
*329457: obj =   2.088147146e+03 inf =   2.927e+01 (108687)
*329486: obj =   2.088147146e+03 inf =   2.927e+01 (108688)
*329503: obj =   2.088147146e+03 inf =   2.927e+01 (108682) 1
*329528: obj =   2.088147146e+03 inf =   2.927e+01 (108667)
*329559: obj =   2.088147146e+03 inf =   2.927e+01 (108679)
*329589: obj =   2.088147146e+03 inf =   2.927e+01 (108680)
*329604: obj =   2.088147146e+03 inf =   2.927e+01 (108686) 1
*329634: obj =   2.088147146e+03 inf =   2.926e+01 (108690)
*329664: obj =   2.088147128e+03 inf =   2.927e+01 (108678)
*329689: obj =   2.088147096e+03 inf =   2.927e+01 (108675)
*329705: obj =   2.088147061e+03 inf =   2.928e+01 (108691) 1
*329732: obj =   2.088147051e+03 inf =   2.929e+01 (108675)
*329757: obj =   2.088147026e+03 inf =   2.929e+01 (108666)
*329782: obj =   2.088146908e+03 inf =   2.933e+01 (108675)
*329806: obj =   2.088146891e+03 inf =   2.933e+01 (108666) 1
*329831: obj =   2.088146890e+03 inf =   2.933e+01 (108657)
*329858: obj =   2.088146821e+03 inf =   2.935e+01 (108665)
*329884: obj =   2.088146802e+03 inf =   2.935e+01 (108654)
*329907: obj =   2.088146795e+03 inf =   2.935e+01 (108663) 1
*329927: obj =   2.088146726e+03 inf =   2.937e+01 (108677)
*329951: obj =   2.088146671e+03 inf =   2.939e+01 (108677)
*329977: obj =   2.088146610e+03 inf =   2.941e+01 (108665)
*330001: obj =   2.088146505e+03 inf =   2.944e+01 (108671)
*330008: obj =   2.088146505e+03 inf =   2.944e+01 (108675) 1
*330032: obj =   2.088146505e+03 inf =   2.944e+01 (108679)
*330060: obj =   2.088146505e+03 inf =   2.944e+01 (108683)
*330088: obj =   2.088146503e+03 inf =   2.944e+01 (108685)
*330109: obj =   2.088146495e+03 inf =   2.944e+01 (108693) 1
*330140: obj =   2.088146495e+03 inf =   2.944e+01 (108713)
*330169: obj =   2.088146494e+03 inf =   2.944e+01 (108710)
*330196: obj =   2.088146494e+03 inf =   2.944e+01 (108708)
*330210: obj =   2.088146465e+03 inf =   2.945e+01 (108714) 1
*330239: obj =   2.088146353e+03 inf =   2.948e+01 (108717)
*330267: obj =   2.088146324e+03 inf =   2.949e+01 (108718)
*330295: obj =   2.088146323e+03 inf =   2.949e+01 (108721)
*330311: obj =   2.088146322e+03 inf =   2.949e+01 (108714) 1
*330340: obj =   2.088146320e+03 inf =   2.949e+01 (108723)
*330370: obj =   2.088146320e+03 inf =   2.949e+01 (108725)
*330399: obj =   2.088146320e+03 inf =   2.948e+01 (108704)
*330412: obj =   2.088146320e+03 inf =   2.948e+01 (108708) 1
*330440: obj =   2.088146320e+03 inf =   2.948e+01 (108700)
*330467: obj =   2.088146320e+03 inf =   2.948e+01 (108677)
*330497: obj =   2.088146320e+03 inf =   2.948e+01 (108681)
*330513: obj =   2.088146320e+03 inf =   2.948e+01 (108684) 1
*330543: obj =   2.088146320e+03 inf =   2.948e+01 (108684)
*330573: obj =   2.088146314e+03 inf =   2.948e+01 (108689)
*330601: obj =   2.088146313e+03 inf =   2.948e+01 (108698)
*330614: obj =   2.088146313e+03 inf =   2.948e+01 (108696) 1
*330644: obj =   2.088146313e+03 inf =   2.948e+01 (108708)
*330673: obj =   2.088146311e+03 inf =   2.948e+01 (108679)
*330702: obj =   2.088146311e+03 inf =   2.948e+01 (108665)
*330716: obj =   2.088146311e+03 inf =   2.948e+01 (108664) 1
*330746: obj =   2.088146301e+03 inf =   2.948e+01 (108679)
*330775: obj =   2.088146301e+03 inf =   2.948e+01 (108666)
*330804: obj =   2.088146300e+03 inf =   2.948e+01 (108678)
*330817: obj =   2.088146300e+03 inf =   2.948e+01 (108682) 1
*330848: obj =   2.088146300e+03 inf =   2.948e+01 (108694)
*330878: obj =   2.088146234e+03 inf =   2.950e+01 (108678)
*330905: obj =   2.088146191e+03 inf =   2.951e+01 (108682)
*330918: obj =   2.088146150e+03 inf =   2.952e+01 (108681) 1
*330946: obj =   2.088146127e+03 inf =   2.953e+01 (108673)
*330975: obj =   2.088146127e+03 inf =   2.953e+01 (108682)
*331003: obj =   2.088146072e+03 inf =   2.954e+01 (108683)
*331019: obj =   2.088146072e+03 inf =   2.954e+01 (108679) 1
*331046: obj =   2.088146056e+03 inf =   2.955e+01 (108681)
*331075: obj =   2.088146056e+03 inf =   2.955e+01 (108659)
*331104: obj =   2.088145943e+03 inf =   2.958e+01 (108641)
*331120: obj =   2.088145942e+03 inf =   2.958e+01 (108643) 1
*331146: obj =   2.088145855e+03 inf =   2.960e+01 (108652)
*331175: obj =   2.088145791e+03 inf =   2.962e+01 (108656)
*331205: obj =   2.088145790e+03 inf =   2.962e+01 (108675)
*331221: obj =   2.088145789e+03 inf =   2.962e+01 (108656) 1
*331247: obj =   2.088145789e+03 inf =   2.962e+01 (108668)
*331274: obj =   2.088145754e+03 inf =   2.963e+01 (108644)
*331302: obj =   2.088145661e+03 inf =   2.966e+01 (108650)
*331322: obj =   2.088145627e+03 inf =   2.967e+01 (108646) 1
*331347: obj =   2.088145544e+03 inf =   2.969e+01 (108649)
*331374: obj =   2.088145544e+03 inf =   2.969e+01 (108634)
*331402: obj =   2.088145396e+03 inf =   2.973e+01 (108640)
*331423: obj =   2.088145341e+03 inf =   2.974e+01 (108641) 1
*331449: obj =   2.088145340e+03 inf =   2.974e+01 (108626)
*331478: obj =   2.088145336e+03 inf =   2.974e+01 (108641)
*331507: obj =   2.088145225e+03 inf =   2.977e+01 (108650)
*331524: obj =   2.088145149e+03 inf =   2.979e+01 (108654) 1
*331551: obj =   2.088145002e+03 inf =   2.984e+01 (108653)
*331579: obj =   2.088144946e+03 inf =   2.985e+01 (108648)
*331608: obj =   2.088144904e+03 inf =   2.986e+01 (108631)
*331626: obj =   2.088144876e+03 inf =   2.987e+01 (108627) 1
*331654: obj =   2.088144875e+03 inf =   2.987e+01 (108617)
*331681: obj =   2.088144800e+03 inf =   2.989e+01 (108615)
*331710: obj =   2.088144644e+03 inf =   2.994e+01 (108609)
*331727: obj =   2.088144639e+03 inf =   2.994e+01 (108614) 1
*331756: obj =   2.088144639e+03 inf =   2.994e+01 (108623)
*331783: obj =   2.088144638e+03 inf =   2.994e+01 (108619)
*331810: obj =   2.088144511e+03 inf =   2.997e+01 (108619)
*331828: obj =   2.088144452e+03 inf =   2.999e+01 (108620) 1
*331857: obj =   2.088144423e+03 inf =   3.000e+01 (108625)
*331885: obj =   2.088144297e+03 inf =   3.004e+01 (108604)
*331912: obj =   2.088144178e+03 inf =   3.007e+01 (108616)
*331929: obj =   2.088144133e+03 inf =   3.009e+01 (108611) 1
*331957: obj =   2.088144075e+03 inf =   3.010e+01 (108618)
*331985: obj =   2.088143975e+03 inf =   3.013e+01 (108623)
*332012: obj =   2.088143867e+03 inf =   3.016e+01 (108616)
*332030: obj =   2.088143867e+03 inf =   3.016e+01 (108617) 1
*332059: obj =   2.088143832e+03 inf =   3.017e+01 (108624)
*332089: obj =   2.088143825e+03 inf =   3.017e+01 (108637)
*332120: obj =   2.088143825e+03 inf =   3.017e+01 (108633)
*332131: obj =   2.088143824e+03 inf =   3.017e+01 (108633) 1
*332160: obj =   2.088143823e+03 inf =   3.017e+01 (108628)
*332190: obj =   2.088143823e+03 inf =   3.017e+01 (108636)
*332219: obj =   2.088143792e+03 inf =   3.017e+01 (108634)
*332232: obj =   2.088143792e+03 inf =   3.017e+01 (108639) 1
*332261: obj =   2.088143792e+03 inf =   3.017e+01 (108636)
*332290: obj =   2.088143792e+03 inf =   3.017e+01 (108628)
*332319: obj =   2.088143792e+03 inf =   3.017e+01 (108630)
*332334: obj =   2.088143792e+03 inf =   3.017e+01 (108633) 1
*332363: obj =   2.088143792e+03 inf =   3.017e+01 (108645)
*332391: obj =   2.088143792e+03 inf =   3.017e+01 (108634)
*332419: obj =   2.088143792e+03 inf =   3.017e+01 (108630)
*332435: obj =   2.088143792e+03 inf =   3.017e+01 (108637) 1
*332465: obj =   2.088143707e+03 inf =   3.019e+01 (108627)
*332495: obj =   2.088143706e+03 inf =   3.019e+01 (108624)
*332523: obj =   2.088143693e+03 inf =   3.019e+01 (108635)
*332536: obj =   2.088143691e+03 inf =   3.019e+01 (108632) 1
*332562: obj =   2.088143691e+03 inf =   3.019e+01 (108626)
*332590: obj =   2.088143691e+03 inf =   3.019e+01 (108635)
*332617: obj =   2.088143691e+03 inf =   3.019e+01 (108615)
*332637: obj =   2.088143690e+03 inf =   3.019e+01 (108630) 1
*332663: obj =   2.088143690e+03 inf =   3.019e+01 (108634)
*332691: obj =   2.088143646e+03 inf =   3.020e+01 (108633)
*332720: obj =   2.088143537e+03 inf =   3.023e+01 (108630)
*332738: obj =   2.088143525e+03 inf =   3.023e+01 (108620) 1
*332766: obj =   2.088143486e+03 inf =   3.024e+01 (108626)
*332790: obj =   2.088143426e+03 inf =   3.026e+01 (108633)
*332816: obj =   2.088143394e+03 inf =   3.027e+01 (108644)
*332839: obj =   2.088143342e+03 inf =   3.028e+01 (108641) 1
*332867: obj =   2.088143330e+03 inf =   3.029e+01 (108633)
*332894: obj =   2.088143330e+03 inf =   3.029e+01 (108623)
*332921: obj =   2.088143330e+03 inf =   3.028e+01 (108610)
*332940: obj =   2.088143330e+03 inf =   3.028e+01 (108614) 1
*332967: obj =   2.088143330e+03 inf =   3.028e+01 (108613)
*332994: obj =   2.088143329e+03 inf =   3.028e+01 (108619)
*333022: obj =   2.088143329e+03 inf =   3.028e+01 (108627)
*333041: obj =   2.088143329e+03 inf =   3.028e+01 (108616) 1
*333067: obj =   2.088143329e+03 inf =   3.028e+01 (108621)
*333094: obj =   2.088143328e+03 inf =   3.028e+01 (108625)
*333121: obj =   2.088143328e+03 inf =   3.028e+01 (108628)
*333142: obj =   2.088143328e+03 inf =   3.028e+01 (108624) 1
*333169: obj =   2.088143328e+03 inf =   3.028e+01 (108632)
*333193: obj =   2.088143328e+03 inf =   3.028e+01 (108647)
*333221: obj =   2.088143328e+03 inf =   3.028e+01 (108653)
*333243: obj =   2.088143328e+03 inf =   3.028e+01 (108665) 1
*333270: obj =   2.088143328e+03 inf =   3.027e+01 (108650)
*333296: obj =   2.088143327e+03 inf =   3.027e+01 (108670)
*333321: obj =   2.088143231e+03 inf =   3.030e+01 (108653)
*333344: obj =   2.088143194e+03 inf =   3.031e+01 (108658) 1
*333371: obj =   2.088143094e+03 inf =   3.034e+01 (108646)
*333395: obj =   2.088143094e+03 inf =   3.034e+01 (108641)
*333418: obj =   2.088143094e+03 inf =   3.034e+01 (108629)
*333445: obj =   2.088143094e+03 inf =   3.034e+01 (108638) 1
*333473: obj =   2.088143094e+03 inf =   3.034e+01 (108634)
*333500: obj =   2.088143094e+03 inf =   3.034e+01 (108640)
*333523: obj =   2.088143094e+03 inf =   3.034e+01 (108647)
*333546: obj =   2.088143093e+03 inf =   3.033e+01 (108641) 1
*333570: obj =   2.088143093e+03 inf =   3.033e+01 (108638)
*333596: obj =   2.088143093e+03 inf =   3.033e+01 (108647)
*333619: obj =   2.088143093e+03 inf =   3.033e+01 (108651)
*333641: obj =   2.088143093e+03 inf =   3.033e+01 (108661)
*333648: obj =   2.088143093e+03 inf =   3.033e+01 (108655) 1
*333671: obj =   2.088143071e+03 inf =   3.034e+01 (108647)
*333694: obj =   2.088142955e+03 inf =   3.036e+01 (108646)
*333718: obj =   2.088142888e+03 inf =   3.038e+01 (108645)
*333741: obj =   2.088142853e+03 inf =   3.039e+01 (108618)
*333749: obj =   2.088142822e+03 inf =   3.040e+01 (108624) 1
*333771: obj =   2.088142786e+03 inf =   3.041e+01 (108641)
*333794: obj =   2.088142732e+03 inf =   3.042e+01 (108632)
*333819: obj =   2.088142661e+03 inf =   3.044e+01 (108636)
*333841: obj =   2.088142660e+03 inf =   3.044e+01 (108640)
*333850: obj =   2.088142659e+03 inf =   3.044e+01 (108648) 1
*333871: obj =   2.088142631e+03 inf =   3.045e+01 (108635)
*333897: obj =   2.088142619e+03 inf =   3.046e+01 (108630)
*333923: obj =   2.088142571e+03 inf =   3.047e+01 (108635)
*333945: obj =   2.088142512e+03 inf =   3.048e+01 (108619)
*333951: obj =   2.088142504e+03 inf =   3.049e+01 (108616) 1
*333972: obj =   2.088142503e+03 inf =   3.049e+01 (108619)
*333996: obj =   2.088142503e+03 inf =   3.049e+01 (108617)
*334021: obj =   2.088142503e+03 inf =   3.049e+01 (108619)
*334043: obj =   2.088142457e+03 inf =   3.050e+01 (108608)
*334052: obj =   2.088142457e+03 inf =   3.050e+01 (108613) 1
*334075: obj =   2.088142457e+03 inf =   3.050e+01 (108614)
*334099: obj =   2.088142446e+03 inf =   3.050e+01 (108605)
*334122: obj =   2.088142445e+03 inf =   3.050e+01 (108601)
*334145: obj =   2.088142406e+03 inf =   3.051e+01 (108601)
*334153: obj =   2.088142405e+03 inf =   3.051e+01 (108591) 1
*334175: obj =   2.088142394e+03 inf =   3.051e+01 (108586)
*334198: obj =   2.088142394e+03 inf =   3.051e+01 (108577)
*334222: obj =   2.088142394e+03 inf =   3.051e+01 (108588)
*334245: obj =   2.088142394e+03 inf =   3.051e+01 (108576)
*334254: obj =   2.088142342e+03 inf =   3.052e+01 (108571) 1
*334276: obj =   2.088142342e+03 inf =   3.052e+01 (108584)
*334300: obj =   2.088142273e+03 inf =   3.055e+01 (108570)
*334326: obj =   2.088142269e+03 inf =   3.055e+01 (108569)
*334350: obj =   2.088142269e+03 inf =   3.055e+01 (108562)
*334355: obj =   2.088142269e+03 inf =   3.055e+01 (108565) 1
*334377: obj =   2.088142196e+03 inf =   3.058e+01 (108569)
*334401: obj =   2.088142160e+03 inf =   3.059e+01 (108569)
*334427: obj =   2.088142160e+03 inf =   3.059e+01 (108565)
*334452: obj =   2.088142160e+03 inf =   3.059e+01 (108551)
*334456: obj =   2.088142160e+03 inf =   3.059e+01 (108550) 1
*334480: obj =   2.088142157e+03 inf =   3.059e+01 (108562)
*334503: obj =   2.088142157e+03 inf =   3.059e+01 (108568)
*334529: obj =   2.088142157e+03 inf =   3.059e+01 (108542)
*334554: obj =   2.088142157e+03 inf =   3.059e+01 (108549)
*334557: obj =   2.088142157e+03 inf =   3.059e+01 (108550) 1
*334582: obj =   2.088142101e+03 inf =   3.060e+01 (108546)
*334607: obj =   2.088142099e+03 inf =   3.061e+01 (108550)
*334632: obj =   2.088142099e+03 inf =   3.060e+01 (108554)
*334658: obj =   2.088142099e+03 inf =   3.060e+01 (108551) 1
*334684: obj =   2.088142036e+03 inf =   3.063e+01 (108552)
*334710: obj =   2.088142010e+03 inf =   3.063e+01 (108526)
*334735: obj =   2.088141996e+03 inf =   3.064e+01 (108524)
*334759: obj =   2.088141995e+03 inf =   3.064e+01 (108526) 1
*334784: obj =   2.088141995e+03 inf =   3.064e+01 (108531)
*334811: obj =   2.088141894e+03 inf =   3.067e+01 (108531)
*334836: obj =   2.088141827e+03 inf =   3.069e+01 (108530)
*334859: obj =   2.088141679e+03 inf =   3.074e+01 (108527)
*334860: obj =   2.088141679e+03 inf =   3.074e+01 (108532) 1
*334884: obj =   2.088141677e+03 inf =   3.074e+01 (108524)
*334910: obj =   2.088141649e+03 inf =   3.075e+01 (108528)
*334935: obj =   2.088141642e+03 inf =   3.075e+01 (108538)
*334958: obj =   2.088141642e+03 inf =   3.075e+01 (108541)
*334961: obj =   2.088141642e+03 inf =   3.075e+01 (108542) 1
*334983: obj =   2.088141641e+03 inf =   3.075e+01 (108535)
*335009: obj =   2.088141639e+03 inf =   3.075e+01 (108542)
*335035: obj =   2.088141632e+03 inf =   3.075e+01 (108548)
*335057: obj =   2.088141623e+03 inf =   3.075e+01 (108553)
*335062: obj =   2.088141617e+03 inf =   3.075e+01 (108548) 1
*335085: obj =   2.088141617e+03 inf =   3.075e+01 (108548)
*335112: obj =   2.088141617e+03 inf =   3.075e+01 (108546)
*335139: obj =   2.088141526e+03 inf =   3.077e+01 (108542)
*335162: obj =   2.088141481e+03 inf =   3.078e+01 (108541)
*335163: obj =   2.088141470e+03 inf =   3.078e+01 (108544) 1
*335186: obj =   2.088141443e+03 inf =   3.079e+01 (108547)
*335212: obj =   2.088141325e+03 inf =   3.081e+01 (108540)
*335237: obj =   2.088141292e+03 inf =   3.082e+01 (108542)
*335260: obj =   2.088141234e+03 inf =   3.083e+01 (108540)
*335264: obj =   2.088141234e+03 inf =   3.083e+01 (108540) 1
*335288: obj =   2.088141148e+03 inf =   3.085e+01 (108540)
*335311: obj =   2.088141078e+03 inf =   3.086e+01 (108544)
*335335: obj =   2.088141027e+03 inf =   3.087e+01 (108549)
*335360: obj =   2.088141026e+03 inf =   3.087e+01 (108552)
*335365: obj =   2.088141011e+03 inf =   3.088e+01 (108552) 1
*335387: obj =   2.088140952e+03 inf =   3.089e+01 (108549)
*335410: obj =   2.088140865e+03 inf =   3.090e+01 (108555)
*335436: obj =   2.088140797e+03 inf =   3.092e+01 (108557)
*335462: obj =   2.088140789e+03 inf =   3.092e+01 (108562)
*335466: obj =   2.088140782e+03 inf =   3.092e+01 (108559) 1
*335488: obj =   2.088140782e+03 inf =   3.092e+01 (108558)
*335511: obj =   2.088140712e+03 inf =   3.093e+01 (108553)
*335536: obj =   2.088140690e+03 inf =   3.094e+01 (108547)
*335562: obj =   2.088140690e+03 inf =   3.094e+01 (108536)
*335567: obj =   2.088140690e+03 inf =   3.094e+01 (108537) 1
*335589: obj =   2.088140690e+03 inf =   3.094e+01 (108538)
*335613: obj =   2.088140690e+03 inf =   3.094e+01 (108530)
*335640: obj =   2.088140690e+03 inf =   3.094e+01 (108530)
*335664: obj =   2.088140687e+03 inf =   3.094e+01 (108524)
*335668: obj =   2.088140687e+03 inf =   3.094e+01 (108517) 1
*335693: obj =   2.088140687e+03 inf =   3.094e+01 (108529)
*335718: obj =   2.088140680e+03 inf =   3.094e+01 (108508)
*335743: obj =   2.088140680e+03 inf =   3.094e+01 (108533)
*335769: obj =   2.088140663e+03 inf =   3.094e+01 (108531) 1
*335794: obj =   2.088140663e+03 inf =   3.094e+01 (108531)
*335818: obj =   2.088140650e+03 inf =   3.095e+01 (108532)
*335843: obj =   2.088140650e+03 inf =   3.095e+01 (108537)
*335869: obj =   2.088140650e+03 inf =   3.095e+01 (108526)
*335870: obj =   2.088140650e+03 inf =   3.095e+01 (108530) 1
*335896: obj =   2.088140634e+03 inf =   3.095e+01 (108537)
*335922: obj =   2.088140634e+03 inf =   3.095e+01 (108527)
*335951: obj =   2.088140629e+03 inf =   3.095e+01 (108542)
*335971: obj =   2.088140598e+03 inf =   3.096e+01 (108540) 1
*335999: obj =   2.088140597e+03 inf =   3.096e+01 (108540)
*336025: obj =   2.088140568e+03 inf =   3.096e+01 (108544)
*336052: obj =   2.088140568e+03 inf =   3.096e+01 (108538)
*336072: obj =   2.088140568e+03 inf =   3.096e+01 (108530) 1
*336099: obj =   2.088140528e+03 inf =   3.097e+01 (108537)
*336124: obj =   2.088140406e+03 inf =   3.100e+01 (108539)
*336149: obj =   2.088140388e+03 inf =   3.100e+01 (108531)
*336173: obj =   2.088140387e+03 inf =   3.100e+01 (108541) 1
*336199: obj =   2.088140387e+03 inf =   3.100e+01 (108530)
*336223: obj =   2.088140387e+03 inf =   3.100e+01 (108529)
*336249: obj =   2.088140386e+03 inf =   3.100e+01 (108536)
*336274: obj =   2.088140386e+03 inf =   3.100e+01 (108520) 1
*336301: obj =   2.088140386e+03 inf =   3.100e+01 (108525)
*336324: obj =   2.088140386e+03 inf =   3.100e+01 (108527)
*336350: obj =   2.088140386e+03 inf =   3.100e+01 (108530)
*336375: obj =   2.088140386e+03 inf =   3.100e+01 (108530) 1
*336400: obj =   2.088140386e+03 inf =   3.100e+01 (108530)
*336424: obj =   2.088140386e+03 inf =   3.100e+01 (108528)
*336449: obj =   2.088140364e+03 inf =   3.100e+01 (108532)
*336474: obj =   2.088140296e+03 inf =   3.102e+01 (108534)
*336476: obj =   2.088140296e+03 inf =   3.102e+01 (108529) 1
*336497: obj =   2.088140219e+03 inf =   3.103e+01 (108518)
*336521: obj =   2.088140219e+03 inf =   3.103e+01 (108523)
*336544: obj =   2.088140219e+03 inf =   3.103e+01 (108523)
*336568: obj =   2.088140219e+03 inf =   3.103e+01 (108522)
*336577: obj =   2.088140219e+03 inf =   3.103e+01 (108525) 1
*336602: obj =   2.088140219e+03 inf =   3.103e+01 (108518)
*336623: obj =   2.088140189e+03 inf =   3.104e+01 (108526)
*336647: obj =   2.088140134e+03 inf =   3.105e+01 (108521)
*336673: obj =   2.088140075e+03 inf =   3.107e+01 (108527)
*336678: obj =   2.088140075e+03 inf =   3.107e+01 (108536) 1
*336700: obj =   2.088140075e+03 inf =   3.107e+01 (108531)
*336722: obj =   2.088139994e+03 inf =   3.109e+01 (108527)
*336748: obj =   2.088139993e+03 inf =   3.109e+01 (108534)
*336772: obj =   2.088139970e+03 inf =   3.110e+01 (108520)
*336779: obj =   2.088139970e+03 inf =   3.110e+01 (108522) 1
*336801: obj =   2.088139968e+03 inf =   3.110e+01 (108506)
*336824: obj =   2.088139968e+03 inf =   3.110e+01 (108509)
*336848: obj =   2.088139907e+03 inf =   3.111e+01 (108523)
*336870: obj =   2.088139840e+03 inf =   3.113e+01 (108507)
*336881: obj =   2.088139808e+03 inf =   3.114e+01 (108514) 1
*336904: obj =   2.088139807e+03 inf =   3.114e+01 (108519)
*336925: obj =   2.088139806e+03 inf =   3.114e+01 (108510)
*336949: obj =   2.088139778e+03 inf =   3.115e+01 (108518)
*336973: obj =   2.088139683e+03 inf =   3.118e+01 (108517)
*336982: obj =   2.088139640e+03 inf =   3.119e+01 (108526) 1
*337002: obj =   2.088139619e+03 inf =   3.120e+01 (108511)
*337024: obj =   2.088139619e+03 inf =   3.120e+01 (108505)
*337049: obj =   2.088139615e+03 inf =   3.120e+01 (108499)
*337076: obj =   2.088139610e+03 inf =   3.120e+01 (108483)
*337083: obj =   2.088139610e+03 inf =   3.120e+01 (108486) 1
*337106: obj =   2.088139599e+03 inf =   3.121e+01 (108479)
*337130: obj =   2.088139599e+03 inf =   3.121e+01 (108483)
*337155: obj =   2.088139599e+03 inf =   3.121e+01 (108477)
*337179: obj =   2.088139599e+03 inf =   3.120e+01 (108458)
*337184: obj =   2.088139599e+03 inf =   3.120e+01 (108450) 1
*337208: obj =   2.088139599e+03 inf =   3.120e+01 (108442)
*337231: obj =   2.088139598e+03 inf =   3.120e+01 (108446)
*337254: obj =   2.088139562e+03 inf =   3.122e+01 (108452)
*337280: obj =   2.088139561e+03 inf =   3.122e+01 (108454)
*337285: obj =   2.088139561e+03 inf =   3.122e+01 (108447) 1
*337313: obj =   2.088139561e+03 inf =   3.121e+01 (108456)
*337336: obj =   2.088139561e+03 inf =   3.121e+01 (108454)
*337361: obj =   2.088139561e+03 inf =   3.121e+01 (108453)
*337386: obj =   2.088139561e+03 inf =   3.121e+01 (108450) 1
*337411: obj =   2.088139561e+03 inf =   3.121e+01 (108434)
*337434: obj =   2.088139561e+03 inf =   3.121e+01 (108451)
*337461: obj =   2.088139561e+03 inf =   3.121e+01 (108444)
*337487: obj =   2.088139561e+03 inf =   3.121e+01 (108449) 1
*337513: obj =   2.088139561e+03 inf =   3.120e+01 (108457)
*337541: obj =   2.088139561e+03 inf =   3.120e+01 (108467)
*337567: obj =   2.088139561e+03 inf =   3.120e+01 (108450)
*337588: obj =   2.088139561e+03 inf =   3.119e+01 (108452) 1
*337614: obj =   2.088139561e+03 inf =   3.119e+01 (108439)
*337639: obj =   2.088139558e+03 inf =   3.119e+01 (108438)
*337664: obj =   2.088139558e+03 inf =   3.119e+01 (108439)
*337689: obj =   2.088139549e+03 inf =   3.120e+01 (108429) 1
*337715: obj =   2.088139531e+03 inf =   3.120e+01 (108444)
*337738: obj =   2.088139519e+03 inf =   3.121e+01 (108447)
*337762: obj =   2.088139502e+03 inf =   3.121e+01 (108446)
*337788: obj =   2.088139479e+03 inf =   3.122e+01 (108449)
*337790: obj =   2.088139479e+03 inf =   3.122e+01 (108446) 1
*337817: obj =   2.088139470e+03 inf =   3.122e+01 (108450)
*337840: obj =   2.088139461e+03 inf =   3.122e+01 (108461)
*337865: obj =   2.088139422e+03 inf =   3.124e+01 (108451)
*337890: obj =   2.088139390e+03 inf =   3.125e+01 (108455)
*337891: obj =   2.088139381e+03 inf =   3.125e+01 (108453) 1
*337915: obj =   2.088139363e+03 inf =   3.126e+01 (108455)
*337938: obj =   2.088139363e+03 inf =   3.126e+01 (108457)
*337962: obj =   2.088139362e+03 inf =   3.126e+01 (108463)
*337987: obj =   2.088139352e+03 inf =   3.126e+01 (108474)
*337992: obj =   2.088139348e+03 inf =   3.126e+01 (108464) 1
*338015: obj =   2.088139332e+03 inf =   3.127e+01 (108468)
*338040: obj =   2.088139288e+03 inf =   3.128e+01 (108464)
*338065: obj =   2.088139179e+03 inf =   3.131e+01 (108468)
*338089: obj =   2.088139168e+03 inf =   3.131e+01 (108472)
*338093: obj =   2.088139168e+03 inf =   3.131e+01 (108475) 1
*338114: obj =   2.088139126e+03 inf =   3.133e+01 (108479)
*338137: obj =   2.088139093e+03 inf =   3.134e+01 (108461)
*338163: obj =   2.088139028e+03 inf =   3.136e+01 (108461)
*338189: obj =   2.088139028e+03 inf =   3.136e+01 (108457)
*338194: obj =   2.088139028e+03 inf =   3.136e+01 (108452) 1
*338219: obj =   2.088139010e+03 inf =   3.136e+01 (108448)
*338242: obj =   2.088138925e+03 inf =   3.139e+01 (108453)
*338264: obj =   2.088138916e+03 inf =   3.139e+01 (108452)
*338289: obj =   2.088138916e+03 inf =   3.139e+01 (108453)
*338295: obj =   2.088138916e+03 inf =   3.139e+01 (108450) 1
*338318: obj =   2.088138916e+03 inf =   3.139e+01 (108453)
*338341: obj =   2.088138916e+03 inf =   3.139e+01 (108454)
*338364: obj =   2.088138848e+03 inf =   3.141e+01 (108448)
*338388: obj =   2.088138848e+03 inf =   3.141e+01 (108458)
*338396: obj =   2.088138848e+03 inf =   3.141e+01 (108457) 1
*338418: obj =   2.088138848e+03 inf =   3.141e+01 (108455)
*338442: obj =   2.088138848e+03 inf =   3.141e+01 (108448)
*338466: obj =   2.088138848e+03 inf =   3.141e+01 (108443)
*338486: obj =   2.088138848e+03 inf =   3.141e+01 (108433)
*338497: obj =   2.088138848e+03 inf =   3.141e+01 (108434) 1
*338517: obj =   2.088138848e+03 inf =   3.141e+01 (108425)
*338540: obj =   2.088138848e+03 inf =   3.140e+01 (108430)
*338565: obj =   2.088138848e+03 inf =   3.140e+01 (108414)
*338588: obj =   2.088138848e+03 inf =   3.140e+01 (108429)
*338598: obj =   2.088138848e+03 inf =   3.140e+01 (108423) 1
*338621: obj =   2.088138848e+03 inf =   3.140e+01 (108439)
*338646: obj =   2.088138848e+03 inf =   3.140e+01 (108423)
*338671: obj =   2.088138848e+03 inf =   3.139e+01 (108430)
*338695: obj =   2.088138848e+03 inf =   3.139e+01 (108447)
*338700: obj =   2.088138848e+03 inf =   3.139e+01 (108440) 1
*338726: obj =   2.088138840e+03 inf =   3.140e+01 (108437)
*338751: obj =   2.088138762e+03 inf =   3.142e+01 (108435)
*338774: obj =   2.088138694e+03 inf =   3.145e+01 (108440)
*338798: obj =   2.088138693e+03 inf =   3.145e+01 (108446)
*338801: obj =   2.088138660e+03 inf =   3.146e+01 (108443) 1
*338824: obj =   2.088138633e+03 inf =   3.147e+01 (108447)
*338851: obj =   2.088138633e+03 inf =   3.147e+01 (108451)
*338877: obj =   2.088138619e+03 inf =   3.147e+01 (108453)
*338898: obj =   2.088138614e+03 inf =   3.147e+01 (108431)
*338902: obj =   2.088138614e+03 inf =   3.147e+01 (108443) 1
*338924: obj =   2.088138611e+03 inf =   3.147e+01 (108440)
*338945: obj =   2.088138601e+03 inf =   3.148e+01 (108444)
*338970: obj =   2.088138553e+03 inf =   3.149e+01 (108446)
*338996: obj =   2.088138546e+03 inf =   3.150e+01 (108441)
*339003: obj =   2.088138546e+03 inf =   3.150e+01 (108439) 1
*339026: obj =   2.088138517e+03 inf =   3.151e+01 (108428)
*339049: obj =   2.088138517e+03 inf =   3.151e+01 (108426)
*339072: obj =   2.088138516e+03 inf =   3.151e+01 (108430)
*339096: obj =   2.088138516e+03 inf =   3.151e+01 (108423)
*339104: obj =   2.088138516e+03 inf =   3.151e+01 (108422) 1
*339127: obj =   2.088138516e+03 inf =   3.151e+01 (108432)
*339151: obj =   2.088138515e+03 inf =   3.151e+01 (108424)
*339173: obj =   2.088138515e+03 inf =   3.150e+01 (108430)
*339193: obj =   2.088138515e+03 inf =   3.150e+01 (108432)
*339205: obj =   2.088138515e+03 inf =   3.150e+01 (108428) 1
*339227: obj =   2.088138515e+03 inf =   3.150e+01 (108430)
*339251: obj =   2.088138515e+03 inf =   3.150e+01 (108434)
*339273: obj =   2.088138515e+03 inf =   3.150e+01 (108436)
*339292: obj =   2.088138515e+03 inf =   3.150e+01 (108432)
*339306: obj =   2.088138515e+03 inf =   3.150e+01 (108439) 1
*339330: obj =   2.088138515e+03 inf =   3.150e+01 (108433)
*339354: obj =   2.088138515e+03 inf =   3.150e+01 (108429)
*339382: obj =   2.088138515e+03 inf =   3.150e+01 (108427)
*339407: obj =   2.088138515e+03 inf =   3.149e+01 (108436) 1
*339435: obj =   2.088138515e+03 inf =   3.149e+01 (108449)
*339464: obj =   2.088138515e+03 inf =   3.149e+01 (108450)
*339494: obj =   2.088138501e+03 inf =   3.149e+01 (108454)
*339508: obj =   2.088138493e+03 inf =   3.149e+01 (108461) 1
*339538: obj =   2.088138465e+03 inf =   3.150e+01 (108447)
*339561: obj =   2.088138414e+03 inf =   3.151e+01 (108450)
*339580: obj =   2.088138380e+03 inf =   3.152e+01 (108456)
*339605: obj =   2.088138380e+03 inf =   3.152e+01 (108450)
*339609: obj =   2.088138380e+03 inf =   3.152e+01 (108449) 1
*339638: obj =   2.088138371e+03 inf =   3.152e+01 (108454)
*339668: obj =   2.088138370e+03 inf =   3.152e+01 (108448)
*339696: obj =   2.088138362e+03 inf =   3.152e+01 (108445)
*339711: obj =   2.088138352e+03 inf =   3.152e+01 (108441) 1
*339735: obj =   2.088138303e+03 inf =   3.154e+01 (108417)
*339760: obj =   2.088138268e+03 inf =   3.155e+01 (108423)
*339785: obj =   2.088138230e+03 inf =   3.156e+01 (108434)
*339810: obj =   2.088138225e+03 inf =   3.156e+01 (108437)
*339812: obj =   2.088138225e+03 inf =   3.156e+01 (108433) 1
*339836: obj =   2.088138225e+03 inf =   3.156e+01 (108420)
*339860: obj =   2.088138150e+03 inf =   3.158e+01 (108420)
*339885: obj =   2.088138148e+03 inf =   3.158e+01 (108437)
*339911: obj =   2.088138055e+03 inf =   3.161e+01 (108425)
*339913: obj =   2.088138055e+03 inf =   3.161e+01 (108424) 1
*339939: obj =   2.088138000e+03 inf =   3.163e+01 (108418)
*339964: obj =   2.088137973e+03 inf =   3.164e+01 (108437)
*339988: obj =   2.088137973e+03 inf =   3.164e+01 (108423)
*340011: obj =   2.088137972e+03 inf =   3.164e+01 (108424)
*340015: obj =   2.088137972e+03 inf =   3.164e+01 (108416) 1
*340041: obj =   2.088137964e+03 inf =   3.164e+01 (108420)
*340066: obj =   2.088137925e+03 inf =   3.165e+01 (108429)
*340092: obj =   2.088137910e+03 inf =   3.166e+01 (108415)
*340116: obj =   2.088137910e+03 inf =   3.166e+01 (108423) 1
*340139: obj =   2.088137910e+03 inf =   3.166e+01 (108416)
*340160: obj =   2.088137880e+03 inf =   3.166e+01 (108440)
*340177: obj =   2.088137875e+03 inf =   3.167e+01 (108426)
*340197: obj =   2.088137875e+03 inf =   3.167e+01 (108404)
*340217: obj =   2.088137875e+03 inf =   3.167e+01 (108414) 1
*340241: obj =   2.088137875e+03 inf =   3.167e+01 (108412)
*340265: obj =   2.088137819e+03 inf =   3.169e+01 (108420)
*340290: obj =   2.088137714e+03 inf =   3.172e+01 (108404)
*340315: obj =   2.088137624e+03 inf =   3.175e+01 (108413)
*340318: obj =   2.088137602e+03 inf =   3.176e+01 (108416) 1
*340343: obj =   2.088137541e+03 inf =   3.178e+01 (108413)
*340366: obj =   2.088137541e+03 inf =   3.178e+01 (108398)
*340391: obj =   2.088137540e+03 inf =   3.178e+01 (108415)
*340417: obj =   2.088137540e+03 inf =   3.178e+01 (108402)
*340419: obj =   2.088137540e+03 inf =   3.178e+01 (108409) 1
*340445: obj =   2.088137539e+03 inf =   3.178e+01 (108386)
*340471: obj =   2.088137539e+03 inf =   3.178e+01 (108393)
*340497: obj =   2.088137539e+03 inf =   3.178e+01 (108381)
*340520: obj =   2.088137539e+03 inf =   3.178e+01 (108382) 1
*340544: obj =   2.088137539e+03 inf =   3.178e+01 (108384)
*340569: obj =   2.088137539e+03 inf =   3.178e+01 (108373)
*340595: obj =   2.088137539e+03 inf =   3.178e+01 (108376)
*340621: obj =   2.088137539e+03 inf =   3.177e+01 (108381) 1
*340648: obj =   2.088137539e+03 inf =   3.177e+01 (108379)
*340672: obj =   2.088137535e+03 inf =   3.177e+01 (108389)
*340691: obj =   2.088137535e+03 inf =   3.177e+01 (108380)
*340708: obj =   2.088137502e+03 inf =   3.178e+01 (108394)
*340722: obj =   2.088137469e+03 inf =   3.180e+01 (108392) 1
*340747: obj =   2.088137380e+03 inf =   3.183e+01 (108413)
*340771: obj =   2.088137323e+03 inf =   3.185e+01 (108396)
*340795: obj =   2.088137323e+03 inf =   3.185e+01 (108381)
*340819: obj =   2.088137291e+03 inf =   3.186e+01 (108385)
*340823: obj =   2.088137290e+03 inf =   3.186e+01 (108388) 1
*340848: obj =   2.088137256e+03 inf =   3.187e+01 (108385)
*340872: obj =   2.088137208e+03 inf =   3.189e+01 (108388)
*340896: obj =   2.088137157e+03 inf =   3.191e+01 (108399)
*340920: obj =   2.088137157e+03 inf =   3.191e+01 (108395)
*340925: obj =   2.088137157e+03 inf =   3.191e+01 (108394) 1
*340950: obj =   2.088137157e+03 inf =   3.191e+01 (108388)
*340976: obj =   2.088137157e+03 inf =   3.190e+01 (108375)
*341003: obj =   2.088137156e+03 inf =   3.190e+01 (108390)
*341026: obj =   2.088137156e+03 inf =   3.190e+01 (108386) 1
*341053: obj =   2.088137156e+03 inf =   3.190e+01 (108387)
*341079: obj =   2.088137148e+03 inf =   3.190e+01 (108381)
*341104: obj =   2.088137148e+03 inf =   3.190e+01 (108379)
*341127: obj =   2.088137148e+03 inf =   3.190e+01 (108397) 1
*341152: obj =   2.088137148e+03 inf =   3.190e+01 (108399)
*341177: obj =   2.088137148e+03 inf =   3.190e+01 (108389)
*341202: obj =   2.088137148e+03 inf =   3.190e+01 (108384)
*341226: obj =   2.088137148e+03 inf =   3.190e+01 (108384)
*341228: obj =   2.088137148e+03 inf =   3.190e+01 (108381) 1
*341253: obj =   2.088137148e+03 inf =   3.190e+01 (108386)
*341278: obj =   2.088137148e+03 inf =   3.190e+01 (108374)
*341303: obj =   2.088137136e+03 inf =   3.190e+01 (108377)
*341327: obj =   2.088137136e+03 inf =   3.190e+01 (108385)
*341329: obj =   2.088137136e+03 inf =   3.190e+01 (108390) 1
*341354: obj =   2.088137136e+03 inf =   3.190e+01 (108379)
*341379: obj =   2.088137136e+03 inf =   3.190e+01 (108376)
*341404: obj =   2.088137136e+03 inf =   3.189e+01 (108377)
*341430: obj =   2.088137136e+03 inf =   3.189e+01 (108380) 1
*341457: obj =   2.088137136e+03 inf =   3.189e+01 (108398)
*341483: obj =   2.088137136e+03 inf =   3.189e+01 (108412)
*341508: obj =   2.088137136e+03 inf =   3.189e+01 (108406)
*341531: obj =   2.088137136e+03 inf =   3.189e+01 (108423) 1
*341556: obj =   2.088137118e+03 inf =   3.190e+01 (108420)
*341581: obj =   2.088137116e+03 inf =   3.190e+01 (108410)
*341605: obj =   2.088137116e+03 inf =   3.190e+01 (108415)
*341629: obj =   2.088137090e+03 inf =   3.191e+01 (108407)
*341632: obj =   2.088137090e+03 inf =   3.191e+01 (108407) 1
*341657: obj =   2.088137089e+03 inf =   3.191e+01 (108414)
*341682: obj =   2.088137050e+03 inf =   3.192e+01 (108397)
*341706: obj =   2.088137007e+03 inf =   3.193e+01 (108388)
*341731: obj =   2.088136971e+03 inf =   3.194e+01 (108392)
*341733: obj =   2.088136964e+03 inf =   3.194e+01 (108393) 1
*341757: obj =   2.088136957e+03 inf =   3.194e+01 (108394)
*341780: obj =   2.088136940e+03 inf =   3.195e+01 (108394)
*341804: obj =   2.088136922e+03 inf =   3.196e+01 (108382)
*341828: obj =   2.088136922e+03 inf =   3.196e+01 (108397)
*341835: obj =   2.088136922e+03 inf =   3.196e+01 (108390) 1
*341858: obj =   2.088136920e+03 inf =   3.196e+01 (108400)
*341881: obj =   2.088136920e+03 inf =   3.196e+01 (108398)
*341904: obj =   2.088136859e+03 inf =   3.198e+01 (108400)
*341928: obj =   2.088136854e+03 inf =   3.198e+01 (108396)
*341936: obj =   2.088136854e+03 inf =   3.198e+01 (108391) 1
*341957: obj =   2.088136854e+03 inf =   3.198e+01 (108399)
*341978: obj =   2.088136853e+03 inf =   3.198e+01 (108395)
*342004: obj =   2.088136853e+03 inf =   3.198e+01 (108398)
*342030: obj =   2.088136853e+03 inf =   3.198e+01 (108400)
*342037: obj =   2.088136853e+03 inf =   3.198e+01 (108404) 1
*342065: obj =   2.088136853e+03 inf =   3.198e+01 (108405)
*342093: obj =   2.088136853e+03 inf =   3.198e+01 (108403)
*342121: obj =   2.088136853e+03 inf =   3.198e+01 (108402)
*342138: obj =   2.088136853e+03 inf =   3.198e+01 (108400) 1
*342167: obj =   2.088136853e+03 inf =   3.197e+01 (108400)
*342196: obj =   2.088136853e+03 inf =   3.197e+01 (108398)
*342227: obj =   2.088136853e+03 inf =   3.197e+01 (108399)
*342239: obj =   2.088136850e+03 inf =   3.197e+01 (108401) 1
*342270: obj =   2.088136850e+03 inf =   3.197e+01 (108399)
*342299: obj =   2.088136850e+03 inf =   3.196e+01 (108406)
*342327: obj =   2.088136850e+03 inf =   3.196e+01 (108406)
*342340: obj =   2.088136850e+03 inf =   3.196e+01 (108407) 1
*342369: obj =   2.088136850e+03 inf =   3.196e+01 (108399)
*342397: obj =   2.088136850e+03 inf =   3.196e+01 (108407)
*342427: obj =   2.088136846e+03 inf =   3.196e+01 (108398)
*342441: obj =   2.088136846e+03 inf =   3.196e+01 (108402) 1
*342470: obj =   2.088136846e+03 inf =   3.196e+01 (108397)
*342498: obj =   2.088136846e+03 inf =   3.196e+01 (108395)
*342526: obj =   2.088136846e+03 inf =   3.195e+01 (108398)
*342542: obj =   2.088136846e+03 inf =   3.195e+01 (108407) 1
*342571: obj =   2.088136830e+03 inf =   3.196e+01 (108414)
*342600: obj =   2.088136815e+03 inf =   3.197e+01 (108399)
*342628: obj =   2.088136815e+03 inf =   3.197e+01 (108393)
*342644: obj =   2.088136815e+03 inf =   3.197e+01 (108403) 1
*342672: obj =   2.088136814e+03 inf =   3.197e+01 (108393)
*342700: obj =   2.088136813e+03 inf =   3.197e+01 (108396)
*342729: obj =   2.088136812e+03 inf =   3.196e+01 (108387)
*342745: obj =   2.088136774e+03 inf =   3.198e+01 (108388) 1
*342772: obj =   2.088136774e+03 inf =   3.198e+01 (108377)
*342800: obj =   2.088136768e+03 inf =   3.198e+01 (108383)
*342828: obj =   2.088136768e+03 inf =   3.198e+01 (108386)
*342846: obj =   2.088136768e+03 inf =   3.198e+01 (108385) 1
*342875: obj =   2.088136768e+03 inf =   3.198e+01 (108404)
*342900: obj =   2.088136760e+03 inf =   3.198e+01 (108376)
*342924: obj =   2.088136760e+03 inf =   3.198e+01 (108383)
*342947: obj =   2.088136760e+03 inf =   3.198e+01 (108385) 1
*342974: obj =   2.088136678e+03 inf =   3.201e+01 (108388)
*343000: obj =   2.088136668e+03 inf =   3.201e+01 (108370)
*343026: obj =   2.088136634e+03 inf =   3.202e+01 (108375)
*343048: obj =   2.088136634e+03 inf =   3.202e+01 (108372) 1
*343075: obj =   2.088136583e+03 inf =   3.204e+01 (108373)
*343102: obj =   2.088136499e+03 inf =   3.206e+01 (108378)
*343129: obj =   2.088136391e+03 inf =   3.210e+01 (108375)
*343149: obj =   2.088136305e+03 inf =   3.212e+01 (108385) 1
*343177: obj =   2.088136246e+03 inf =   3.214e+01 (108380)
*343205: obj =   2.088136245e+03 inf =   3.214e+01 (108385)
*343235: obj =   2.088136245e+03 inf =   3.214e+01 (108395)
*343250: obj =   2.088136245e+03 inf =   3.214e+01 (108391) 1
*343280: obj =   2.088136245e+03 inf =   3.214e+01 (108395)
*343310: obj =   2.088136245e+03 inf =   3.214e+01 (108396)
*343341: obj =   2.088136241e+03 inf =   3.214e+01 (108418)
*343351: obj =   2.088136241e+03 inf =   3.214e+01 (108421) 1
*343380: obj =   2.088136240e+03 inf =   3.214e+01 (108421)
*343408: obj =   2.088136240e+03 inf =   3.214e+01 (108406)
*343435: obj =   2.088136232e+03 inf =   3.214e+01 (108407)
*343452: obj =   2.088136232e+03 inf =   3.214e+01 (108413) 1
*343482: obj =   2.088136232e+03 inf =   3.214e+01 (108410)
*343512: obj =   2.088136226e+03 inf =   3.214e+01 (108417)
*343541: obj =   2.088136226e+03 inf =   3.214e+01 (108404)
*343553: obj =   2.088136226e+03 inf =   3.213e+01 (108413) 1
*343583: obj =   2.088136226e+03 inf =   3.213e+01 (108405)
*343613: obj =   2.088136226e+03 inf =   3.213e+01 (108408)
*343643: obj =   2.088136226e+03 inf =   3.213e+01 (108404)
*343654: obj =   2.088136226e+03 inf =   3.213e+01 (108403) 1
*343680: obj =   2.088136226e+03 inf =   3.213e+01 (108385)
*343704: obj =   2.088136201e+03 inf =   3.214e+01 (108386)
*343731: obj =   2.088136110e+03 inf =   3.216e+01 (108369)
*343755: obj =   2.088136065e+03 inf =   3.218e+01 (108358) 1
*343782: obj =   2.088136045e+03 inf =   3.218e+01 (108354)
*343810: obj =   2.088136009e+03 inf =   3.219e+01 (108363)
*343836: obj =   2.088136008e+03 inf =   3.219e+01 (108365)
*343856: obj =   2.088136003e+03 inf =   3.220e+01 (108364) 1
*343885: obj =   2.088135976e+03 inf =   3.221e+01 (108351)
*343913: obj =   2.088135972e+03 inf =   3.221e+01 (108348)
*343942: obj =   2.088135972e+03 inf =   3.221e+01 (108329)
*343957: obj =   2.088135972e+03 inf =   3.221e+01 (108330) 1
*343986: obj =   2.088135972e+03 inf =   3.221e+01 (108319)
*344015: obj =   2.088135967e+03 inf =   3.221e+01 (108333)
*344043: obj =   2.088135966e+03 inf =   3.221e+01 (108331)
*344058: obj =   2.088135966e+03 inf =   3.221e+01 (108333) 1
*344086: obj =   2.088135966e+03 inf =   3.221e+01 (108339)
*344114: obj =   2.088135966e+03 inf =   3.221e+01 (108336)
*344142: obj =   2.088135964e+03 inf =   3.221e+01 (108337)
*344160: obj =   2.088135964e+03 inf =   3.220e+01 (108322) 1
*344189: obj =   2.088135964e+03 inf =   3.220e+01 (108333)
*344219: obj =   2.088135964e+03 inf =   3.220e+01 (108335)
*344249: obj =   2.088135964e+03 inf =   3.220e+01 (108338)
*344261: obj =   2.088135964e+03 inf =   3.220e+01 (108334) 1
*344292: obj =   2.088135964e+03 inf =   3.220e+01 (108333)
*344322: obj =   2.088135956e+03 inf =   3.220e+01 (108316)
*344351: obj =   2.088135915e+03 inf =   3.221e+01 (108312)
*344363: obj =   2.088135915e+03 inf =   3.221e+01 (108310) 1
*344392: obj =   2.088135915e+03 inf =   3.221e+01 (108304)
*344422: obj =   2.088135914e+03 inf =   3.221e+01 (108306)
*344451: obj =   2.088135914e+03 inf =   3.221e+01 (108313)
*344464: obj =   2.088135914e+03 inf =   3.221e+01 (108307) 1
*344495: obj =   2.088135914e+03 inf =   3.221e+01 (108311)
*344525: obj =   2.088135914e+03 inf =   3.221e+01 (108324)
*344555: obj =   2.088135881e+03 inf =   3.221e+01 (108314)
*344565: obj =   2.088135818e+03 inf =   3.223e+01 (108314) 1
*344595: obj =   2.088135785e+03 inf =   3.224e+01 (108310)
*344625: obj =   2.088135752e+03 inf =   3.224e+01 (108317)
*344655: obj =   2.088135651e+03 inf =   3.226e+01 (108314)
*344666: obj =   2.088135643e+03 inf =   3.227e+01 (108317) 1
*344695: obj =   2.088135634e+03 inf =   3.227e+01 (108327)
*344724: obj =   2.088135558e+03 inf =   3.229e+01 (108333)
*344754: obj =   2.088135505e+03 inf =   3.231e+01 (108312)
*344768: obj =   2.088135454e+03 inf =   3.232e+01 (108314) 1
*344799: obj =   2.088135420e+03 inf =   3.233e+01 (108308)
*344830: obj =   2.088135420e+03 inf =   3.233e+01 (108299)
*344862: obj =   2.088135420e+03 inf =   3.233e+01 (108289)
*344869: obj =   2.088135420e+03 inf =   3.233e+01 (108291) 1
*344902: obj =   2.088135420e+03 inf =   3.233e+01 (108335)
*344932: obj =   2.088135403e+03 inf =   3.233e+01 (108314)
*344962: obj =   2.088135403e+03 inf =   3.233e+01 (108312)
*344970: obj =   2.088135385e+03 inf =   3.233e+01 (108313) 1
*344999: obj =   2.088135318e+03 inf =   3.235e+01 (108329)
*345028: obj =   2.088135311e+03 inf =   3.235e+01 (108316)
*345058: obj =   2.088135311e+03 inf =   3.235e+01 (108323)
*345071: obj =   2.088135311e+03 inf =   3.235e+01 (108320) 1
*345101: obj =   2.088135311e+03 inf =   3.235e+01 (108320)
*345131: obj =   2.088135311e+03 inf =   3.235e+01 (108319)
*345164: obj =   2.088135305e+03 inf =   3.235e+01 (108328)
*345172: obj =   2.088135305e+03 inf =   3.235e+01 (108314) 1
*345202: obj =   2.088135305e+03 inf =   3.235e+01 (108320)
*345232: obj =   2.088135305e+03 inf =   3.235e+01 (108321)
*345263: obj =   2.088135302e+03 inf =   3.235e+01 (108327)
*345273: obj =   2.088135302e+03 inf =   3.235e+01 (108324) 1
*345303: obj =   2.088135302e+03 inf =   3.235e+01 (108325)
*345333: obj =   2.088135302e+03 inf =   3.235e+01 (108316)
*345364: obj =   2.088135302e+03 inf =   3.234e+01 (108320)
*345374: obj =   2.088135302e+03 inf =   3.234e+01 (108321) 1
*345405: obj =   2.088135302e+03 inf =   3.234e+01 (108318)
*345435: obj =   2.088135302e+03 inf =   3.234e+01 (108315)
*345465: obj =   2.088135256e+03 inf =   3.236e+01 (108314)
*345476: obj =   2.088135206e+03 inf =   3.237e+01 (108309) 1
*345507: obj =   2.088135143e+03 inf =   3.239e+01 (108306)
*345537: obj =   2.088135133e+03 inf =   3.240e+01 (108314)
*345567: obj =   2.088135133e+03 inf =   3.240e+01 (108303)
*345577: obj =   2.088135132e+03 inf =   3.240e+01 (108304) 1
*345608: obj =   2.088135117e+03 inf =   3.240e+01 (108316)
*345638: obj =   2.088135117e+03 inf =   3.240e+01 (108319)
*345668: obj =   2.088135116e+03 inf =   3.240e+01 (108312)
*345678: obj =   2.088135114e+03 inf =   3.240e+01 (108311) 1
*345708: obj =   2.088135112e+03 inf =   3.240e+01 (108312)
*345738: obj =   2.088135069e+03 inf =   3.241e+01 (108303)
*345768: obj =   2.088135069e+03 inf =   3.241e+01 (108304)
*345781: obj =   2.088135068e+03 inf =   3.241e+01 (108308) 1
*345811: obj =   2.088135068e+03 inf =   3.241e+01 (108324)
*345841: obj =   2.088135019e+03 inf =   3.242e+01 (108333)
*345871: obj =   2.088135019e+03 inf =   3.242e+01 (108315)
*345882: obj =   2.088135019e+03 inf =   3.242e+01 (108320) 1
*345912: obj =   2.088135019e+03 inf =   3.242e+01 (108314)
*345941: obj =   2.088135004e+03 inf =   3.242e+01 (108315)
*345972: obj =   2.088134921e+03 inf =   3.245e+01 (108301)
*345983: obj =   2.088134921e+03 inf =   3.245e+01 (108295) 1
*346014: obj =   2.088134921e+03 inf =   3.244e+01 (108284)
*346045: obj =   2.088134921e+03 inf =   3.244e+01 (108290)
*346077: obj =   2.088134921e+03 inf =   3.244e+01 (108278)
*346084: obj =   2.088134917e+03 inf =   3.244e+01 (108284) 1
*346117: obj =   2.088134917e+03 inf =   3.244e+01 (108283)
*346149: obj =   2.088134917e+03 inf =   3.244e+01 (108288)
*346181: obj =   2.088134917e+03 inf =   3.244e+01 (108303)
*346185: obj =   2.088134917e+03 inf =   3.244e+01 (108309) 1
*346218: obj =   2.088134917e+03 inf =   3.243e+01 (108307)
*346248: obj =   2.088134894e+03 inf =   3.244e+01 (108314)
*346277: obj =   2.088134865e+03 inf =   3.245e+01 (108308)
*346286: obj =   2.088134819e+03 inf =   3.246e+01 (108306) 1
*346315: obj =   2.088134676e+03 inf =   3.249e+01 (108299)
*346345: obj =   2.088134595e+03 inf =   3.251e+01 (108293)
*346375: obj =   2.088134497e+03 inf =   3.253e+01 (108305)
*346387: obj =   2.088134451e+03 inf =   3.254e+01 (108301) 1
*346417: obj =   2.088134451e+03 inf =   3.254e+01 (108314)
*346447: obj =   2.088134451e+03 inf =   3.254e+01 (108305)
*346477: obj =   2.088134397e+03 inf =   3.256e+01 (108313)
*346488: obj =   2.088134397e+03 inf =   3.256e+01 (108307) 1
*346517: obj =   2.088134397e+03 inf =   3.256e+01 (108308)
*346546: obj =   2.088134397e+03 inf =   3.256e+01 (108296)
*346575: obj =   2.088134397e+03 inf =   3.256e+01 (108289)
*346589: obj =   2.088134397e+03 inf =   3.256e+01 (108312) 1
*346618: obj =   2.088134397e+03 inf =   3.256e+01 (108305)
*346648: obj =   2.088134397e+03 inf =   3.256e+01 (108287)
*346677: obj =   2.088134397e+03 inf =   3.255e+01 (108310)
*346691: obj =   2.088134397e+03 inf =   3.255e+01 (108303) 1
*346721: obj =   2.088134397e+03 inf =   3.255e+01 (108303)
*346750: obj =   2.088134397e+03 inf =   3.255e+01 (108288)
*346779: obj =   2.088134397e+03 inf =   3.255e+01 (108287)
*346792: obj =   2.088134397e+03 inf =   3.255e+01 (108277) 1
*346820: obj =   2.088134357e+03 inf =   3.257e+01 (108276)
*346849: obj =   2.088134320e+03 inf =   3.258e+01 (108269)
*346879: obj =   2.088134227e+03 inf =   3.260e+01 (108290)
*346893: obj =   2.088134200e+03 inf =   3.261e+01 (108282) 1
*346923: obj =   2.088134124e+03 inf =   3.263e+01 (108277)
*346955: obj =   2.088134084e+03 inf =   3.264e+01 (108273)
*346985: obj =   2.088134051e+03 inf =   3.265e+01 (108267)
*346994: obj =   2.088134051e+03 inf =   3.265e+01 (108275) 1
*347024: obj =   2.088133976e+03 inf =   3.267e+01 (108271)
*347053: obj =   2.088133894e+03 inf =   3.269e+01 (108264)
*347082: obj =   2.088133894e+03 inf =   3.269e+01 (108251)
*347095: obj =   2.088133894e+03 inf =   3.269e+01 (108258) 1
*347124: obj =   2.088133893e+03 inf =   3.269e+01 (108248)
*347153: obj =   2.088133892e+03 inf =   3.269e+01 (108256)
*347182: obj =   2.088133892e+03 inf =   3.269e+01 (108255)
*347196: obj =   2.088133892e+03 inf =   3.269e+01 (108253) 1
*347225: obj =   2.088133890e+03 inf =   3.269e+01 (108249)
*347256: obj =   2.088133878e+03 inf =   3.270e+01 (108265)
*347287: obj =   2.088133876e+03 inf =   3.270e+01 (108271)
*347297: obj =   2.088133876e+03 inf =   3.270e+01 (108276) 1
*347329: obj =   2.088133871e+03 inf =   3.270e+01 (108269)
*347361: obj =   2.088133870e+03 inf =   3.270e+01 (108268)
*347393: obj =   2.088133866e+03 inf =   3.270e+01 (108248)
*347398: obj =   2.088133866e+03 inf =   3.270e+01 (108254) 1
*347430: obj =   2.088133858e+03 inf =   3.270e+01 (108260)
*347462: obj =   2.088133858e+03 inf =   3.270e+01 (108265)
*347494: obj =   2.088133851e+03 inf =   3.271e+01 (108264)
*347499: obj =   2.088133851e+03 inf =   3.271e+01 (108263) 1
*347531: obj =   2.088133845e+03 inf =   3.271e+01 (108279)
*347563: obj =   2.088133845e+03 inf =   3.270e+01 (108261)
*347595: obj =   2.088133845e+03 inf =   3.270e+01 (108275)
*347600: obj =   2.088133842e+03 inf =   3.270e+01 (108276) 1
*347632: obj =   2.088133842e+03 inf =   3.270e+01 (108263)
*347664: obj =   2.088133842e+03 inf =   3.270e+01 (108274)
*347692: obj =   2.088133827e+03 inf =   3.271e+01 (108278)
*347701: obj =   2.088133826e+03 inf =   3.271e+01 (108283) 1
*347731: obj =   2.088133804e+03 inf =   3.271e+01 (108257)
*347761: obj =   2.088133726e+03 inf =   3.274e+01 (108256)
*347790: obj =   2.088133715e+03 inf =   3.274e+01 (108255)
*347802: obj =   2.088133715e+03 inf =   3.274e+01 (108252) 1
*347831: obj =   2.088133638e+03 inf =   3.276e+01 (108248)
*347860: obj =   2.088133616e+03 inf =   3.277e+01 (108238)
*347889: obj =   2.088133580e+03 inf =   3.278e+01 (108228)
*347903: obj =   2.088133565e+03 inf =   3.279e+01 (108231) 1
*347934: obj =   2.088133527e+03 inf =   3.280e+01 (108226)
*347963: obj =   2.088133434e+03 inf =   3.283e+01 (108220)
*347992: obj =   2.088133391e+03 inf =   3.284e+01 (108216)
*348004: obj =   2.088133391e+03 inf =   3.284e+01 (108224) 1
*348034: obj =   2.088133390e+03 inf =   3.284e+01 (108218)
*348064: obj =   2.088133339e+03 inf =   3.285e+01 (108241)
*348095: obj =   2.088133336e+03 inf =   3.285e+01 (108237)
*348105: obj =   2.088133336e+03 inf =   3.285e+01 (108239) 1
*348136: obj =   2.088133308e+03 inf =   3.286e+01 (108229)
*348166: obj =   2.088133274e+03 inf =   3.287e+01 (108224)
*348195: obj =   2.088133272e+03 inf =   3.287e+01 (108211)
*348206: obj =   2.088133272e+03 inf =   3.287e+01 (108210) 1
*348236: obj =   2.088133272e+03 inf =   3.287e+01 (108214)
*348266: obj =   2.088133270e+03 inf =   3.287e+01 (108227)
*348295: obj =   2.088133269e+03 inf =   3.287e+01 (108220)
*348307: obj =   2.088133269e+03 inf =   3.287e+01 (108223) 1
*348336: obj =   2.088133186e+03 inf =   3.289e+01 (108225)
*348365: obj =   2.088133186e+03 inf =   3.289e+01 (108214)
*348395: obj =   2.088133186e+03 inf =   3.289e+01 (108204)
*348408: obj =   2.088133186e+03 inf =   3.289e+01 (108209) 1
*348437: obj =   2.088133185e+03 inf =   3.289e+01 (108208)
*348466: obj =   2.088133184e+03 inf =   3.289e+01 (108205)
*348492: obj =   2.088133183e+03 inf =   3.289e+01 (108207)
*348509: obj =   2.088133181e+03 inf =   3.289e+01 (108197) 1
*348538: obj =   2.088133181e+03 inf =   3.289e+01 (108191)
*348566: obj =   2.088133181e+03 inf =   3.289e+01 (108191)
*348595: obj =   2.088133162e+03 inf =   3.289e+01 (108190)
*348610: obj =   2.088133126e+03 inf =   3.290e+01 (108196) 1
*348640: obj =   2.088132990e+03 inf =   3.294e+01 (108192)
*348670: obj =   2.088132928e+03 inf =   3.296e+01 (108183)
*348700: obj =   2.088132871e+03 inf =   3.297e+01 (108189)
*348711: obj =   2.088132871e+03 inf =   3.297e+01 (108203) 1
*348741: obj =   2.088132864e+03 inf =   3.297e+01 (108206)
*348769: obj =   2.088132864e+03 inf =   3.297e+01 (108195)
*348798: obj =   2.088132864e+03 inf =   3.297e+01 (108193)
*348812: obj =   2.088132864e+03 inf =   3.297e+01 (108205) 1
*348842: obj =   2.088132829e+03 inf =   3.298e+01 (108198)
*348872: obj =   2.088132796e+03 inf =   3.299e+01 (108179)
*348901: obj =   2.088132785e+03 inf =   3.300e+01 (108188)
*348913: obj =   2.088132785e+03 inf =   3.300e+01 (108183) 1
*348944: obj =   2.088132785e+03 inf =   3.300e+01 (108172)
*348976: obj =   2.088132784e+03 inf =   3.300e+01 (108175)
*349006: obj =   2.088132728e+03 inf =   3.301e+01 (108181)
*349014: obj =   2.088132728e+03 inf =   3.301e+01 (108182) 1
*349044: obj =   2.088132680e+03 inf =   3.303e+01 (108179)
*349073: obj =   2.088132599e+03 inf =   3.305e+01 (108186)
*349102: obj =   2.088132570e+03 inf =   3.306e+01 (108181)
*349115: obj =   2.088132564e+03 inf =   3.306e+01 (108192) 1
*349144: obj =   2.088132409e+03 inf =   3.310e+01 (108190)
*349173: obj =   2.088132342e+03 inf =   3.312e+01 (108198)
*349201: obj =   2.088132264e+03 inf =   3.315e+01 (108188)
*349216: obj =   2.088132264e+03 inf =   3.315e+01 (108190) 1
*349244: obj =   2.088132260e+03 inf =   3.315e+01 (108203)
*349272: obj =   2.088132140e+03 inf =   3.318e+01 (108206)
*349300: obj =   2.088132140e+03 inf =   3.318e+01 (108201)
*349317: obj =   2.088132140e+03 inf =   3.318e+01 (108183) 1
*349345: obj =   2.088132078e+03 inf =   3.320e+01 (108192)
*349371: obj =   2.088131994e+03 inf =   3.322e+01 (108176)
*349400: obj =   2.088131946e+03 inf =   3.324e+01 (108181)
*349418: obj =   2.088131942e+03 inf =   3.324e+01 (108191) 1
*349448: obj =   2.088131941e+03 inf =   3.324e+01 (108195)
*349479: obj =   2.088131941e+03 inf =   3.324e+01 (108180)
*349510: obj =   2.088131941e+03 inf =   3.323e+01 (108172)
*349519: obj =   2.088131941e+03 inf =   3.323e+01 (108173) 1
*349552: obj =   2.088131941e+03 inf =   3.323e+01 (108185)
*349585: obj =   2.088131938e+03 inf =   3.323e+01 (108172)
*349620: obj =   2.088131905e+03 inf =   3.323e+01 (108186) 1
*349655: obj =   2.088131893e+03 inf =   3.324e+01 (108195)
*349687: obj =   2.088131880e+03 inf =   3.324e+01 (108177)
*349717: obj =   2.088131859e+03 inf =   3.324e+01 (108171)
*349721: obj =   2.088131848e+03 inf =   3.324e+01 (108180) 1
*349752: obj =   2.088131831e+03 inf =   3.325e+01 (108161)
*349782: obj =   2.088131810e+03 inf =   3.326e+01 (108158)
*349812: obj =   2.088131788e+03 inf =   3.326e+01 (108144)
*349823: obj =   2.088131788e+03 inf =   3.326e+01 (108140) 1
*349853: obj =   2.088131708e+03 inf =   3.328e+01 (108152)
*349883: obj =   2.088131627e+03 inf =   3.331e+01 (108133)
*349913: obj =   2.088131590e+03 inf =   3.332e+01 (108140)
*349924: obj =   2.088131560e+03 inf =   3.333e+01 (108151) 1
*349955: obj =   2.088131495e+03 inf =   3.334e+01 (108145)
*349985: obj =   2.088131495e+03 inf =   3.334e+01 (108130)
*350015: obj =   2.088131495e+03 inf =   3.334e+01 (108146)
*350026: obj =   2.088131495e+03 inf =   3.334e+01 (108152) 1
*350056: obj =   2.088131493e+03 inf =   3.334e+01 (108142)
*350086: obj =   2.088131355e+03 inf =   3.338e+01 (108142)
*350116: obj =   2.088131324e+03 inf =   3.339e+01 (108142)
*350127: obj =   2.088131324e+03 inf =   3.339e+01 (108147) 1
*350156: obj =   2.088131226e+03 inf =   3.342e+01 (108144)
*350185: obj =   2.088131224e+03 inf =   3.342e+01 (108141)
*350215: obj =   2.088131224e+03 inf =   3.342e+01 (108125)
*350228: obj =   2.088131211e+03 inf =   3.342e+01 (108131) 1
*350260: obj =   2.088131180e+03 inf =   3.343e+01 (108128)
*350290: obj =   2.088131178e+03 inf =   3.343e+01 (108132)
*350319: obj =   2.088131177e+03 inf =   3.343e+01 (108144)
*350329: obj =   2.088131177e+03 inf =   3.343e+01 (108144) 1
*350359: obj =   2.088131166e+03 inf =   3.343e+01 (108127)
*350389: obj =   2.088131149e+03 inf =   3.343e+01 (108122)
*350418: obj =   2.088131072e+03 inf =   3.345e+01 (108120)
*350430: obj =   2.088131072e+03 inf =   3.345e+01 (108118) 1
*350460: obj =   2.088131058e+03 inf =   3.346e+01 (108128)
*350490: obj =   2.088130937e+03 inf =   3.349e+01 (108120)
*350519: obj =   2.088130894e+03 inf =   3.350e+01 (108127)
*350531: obj =   2.088130894e+03 inf =   3.350e+01 (108135) 1
*350562: obj =   2.088130894e+03 inf =   3.350e+01 (108139)
*350592: obj =   2.088130872e+03 inf =   3.351e+01 (108120)
*350623: obj =   2.088130792e+03 inf =   3.353e+01 (108127)
*350632: obj =   2.088130776e+03 inf =   3.353e+01 (108125) 1
*350662: obj =   2.088130602e+03 inf =   3.358e+01 (108141)
*350692: obj =   2.088130537e+03 inf =   3.360e+01 (108118)
*350722: obj =   2.088130447e+03 inf =   3.363e+01 (108139)
*350733: obj =   2.088130424e+03 inf =   3.363e+01 (108141) 1
*350764: obj =   2.088130356e+03 inf =   3.365e+01 (108138)
*350795: obj =   2.088130354e+03 inf =   3.365e+01 (108139)
*350827: obj =   2.088130321e+03 inf =   3.366e+01 (108143)
*350835: obj =   2.088130316e+03 inf =   3.366e+01 (108132) 1
*350867: obj =   2.088130267e+03 inf =   3.367e+01 (108122)
*350898: obj =   2.088130199e+03 inf =   3.369e+01 (108133)
*350929: obj =   2.088130153e+03 inf =   3.370e+01 (108121)
*350936: obj =   2.088130115e+03 inf =   3.372e+01 (108126) 1
*350967: obj =   2.088130094e+03 inf =   3.372e+01 (108118)
*350997: obj =   2.088130087e+03 inf =   3.372e+01 (108123)
*351028: obj =   2.088130071e+03 inf =   3.373e+01 (108130)
*351037: obj =   2.088130071e+03 inf =   3.373e+01 (108130) 1
*351069: obj =   2.088130071e+03 inf =   3.373e+01 (108121)
*351100: obj =   2.088130071e+03 inf =   3.373e+01 (108119)
*351132: obj =   2.088130071e+03 inf =   3.373e+01 (108104)
*351138: obj =   2.088130071e+03 inf =   3.373e+01 (108102) 1
*351171: obj =   2.088130071e+03 inf =   3.373e+01 (108101)
*351203: obj =   2.088130071e+03 inf =   3.372e+01 (108097)
*351234: obj =   2.088130071e+03 inf =   3.372e+01 (108111)
*351239: obj =   2.088130071e+03 inf =   3.372e+01 (108112) 1
*351271: obj =   2.088130071e+03 inf =   3.372e+01 (108113)
*351304: obj =   2.088130071e+03 inf =   3.372e+01 (108134)
*351336: obj =   2.088130071e+03 inf =   3.372e+01 (108125)
*351340: obj =   2.088130071e+03 inf =   3.372e+01 (108123) 1
*351373: obj =   2.088130071e+03 inf =   3.372e+01 (108130)
*351406: obj =   2.088130070e+03 inf =   3.371e+01 (108136)
*351435: obj =   2.088129967e+03 inf =   3.374e+01 (108127)
*351441: obj =   2.088129967e+03 inf =   3.374e+01 (108131) 1
*351471: obj =   2.088129929e+03 inf =   3.375e+01 (108138)
*351501: obj =   2.088129925e+03 inf =   3.375e+01 (108136)
*351532: obj =   2.088129925e+03 inf =   3.375e+01 (108134)
*351542: obj =   2.088129925e+03 inf =   3.375e+01 (108137) 1
*351572: obj =   2.088129924e+03 inf =   3.375e+01 (108133)
*351602: obj =   2.088129923e+03 inf =   3.375e+01 (108126)
*351631: obj =   2.088129922e+03 inf =   3.375e+01 (108139)
*351643: obj =   2.088129922e+03 inf =   3.375e+01 (108125) 1
*351670: obj =   2.088129908e+03 inf =   3.375e+01 (108124)
*351697: obj =   2.088129809e+03 inf =   3.378e+01 (108121)
*351726: obj =   2.088129740e+03 inf =   3.380e+01 (108123)
*351744: obj =   2.088129740e+03 inf =   3.380e+01 (108121) 1
*351771: obj =   2.088129714e+03 inf =   3.381e+01 (108123)
*351799: obj =   2.088129714e+03 inf =   3.381e+01 (108116)
*351827: obj =   2.088129655e+03 inf =   3.382e+01 (108102)
*351845: obj =   2.088129564e+03 inf =   3.385e+01 (108117) 1
*351875: obj =   2.088129534e+03 inf =   3.386e+01 (108126)
*351904: obj =   2.088129510e+03 inf =   3.387e+01 (108130)
*351928: obj =   2.088129469e+03 inf =   3.388e+01 (108129)
*351946: obj =   2.088129359e+03 inf =   3.391e+01 (108129) 1
*351974: obj =   2.088129261e+03 inf =   3.394e+01 (108135)
*352002: obj =   2.088129115e+03 inf =   3.398e+01 (108131)
*352030: obj =   2.088129070e+03 inf =   3.399e+01 (108129)
*352047: obj =   2.088129070e+03 inf =   3.399e+01 (108119) 1
*352076: obj =   2.088129069e+03 inf =   3.399e+01 (108087)
*352105: obj =   2.088129065e+03 inf =   3.400e+01 (108102)
*352132: obj =   2.088129061e+03 inf =   3.400e+01 (108108)
*352149: obj =   2.088129060e+03 inf =   3.400e+01 (108102) 1
*352181: obj =   2.088129060e+03 inf =   3.400e+01 (108103)
*352212: obj =   2.088129052e+03 inf =   3.400e+01 (108112)
*352243: obj =   2.088129007e+03 inf =   3.400e+01 (108100)
*352250: obj =   2.088129007e+03 inf =   3.400e+01 (108105) 1
*352280: obj =   2.088128959e+03 inf =   3.401e+01 (108107)
*352309: obj =   2.088128917e+03 inf =   3.402e+01 (108113)
*352339: obj =   2.088128916e+03 inf =   3.402e+01 (108112)
*352351: obj =   2.088128875e+03 inf =   3.402e+01 (108116) 1
*352381: obj =   2.088128759e+03 inf =   3.404e+01 (108113)
*352410: obj =   2.088128689e+03 inf =   3.405e+01 (108115)
*352439: obj =   2.088128597e+03 inf =   3.407e+01 (108119)
*352452: obj =   2.088128566e+03 inf =   3.408e+01 (108118) 1
*352480: obj =   2.088128556e+03 inf =   3.408e+01 (108132)
*352508: obj =   2.088128490e+03 inf =   3.410e+01 (108138)
*352537: obj =   2.088128390e+03 inf =   3.412e+01 (108136)
*352553: obj =   2.088128388e+03 inf =   3.412e+01 (108138) 1
*352580: obj =   2.088128316e+03 inf =   3.414e+01 (108137)
*352608: obj =   2.088128271e+03 inf =   3.415e+01 (108140)
*352636: obj =   2.088128212e+03 inf =   3.416e+01 (108138)
*352654: obj =   2.088128139e+03 inf =   3.418e+01 (108134) 1
*352683: obj =   2.088128082e+03 inf =   3.419e+01 (108138)
*352712: obj =   2.088127999e+03 inf =   3.421e+01 (108134)
*352742: obj =   2.088127988e+03 inf =   3.421e+01 (108132)
*352755: obj =   2.088127988e+03 inf =   3.421e+01 (108128) 1
*352785: obj =   2.088127986e+03 inf =   3.421e+01 (108140)
*352814: obj =   2.088127952e+03 inf =   3.422e+01 (108124)
*352841: obj =   2.088127951e+03 inf =   3.422e+01 (108119)
*352856: obj =   2.088127937e+03 inf =   3.422e+01 (108119) 1
*352885: obj =   2.088127912e+03 inf =   3.423e+01 (108110)
*352914: obj =   2.088127911e+03 inf =   3.423e+01 (108117)
*352944: obj =   2.088127908e+03 inf =   3.423e+01 (108116)
*352958: obj =   2.088127908e+03 inf =   3.423e+01 (108126) 1
*352990: obj =   2.088127908e+03 inf =   3.423e+01 (108134)
*353020: obj =   2.088127906e+03 inf =   3.423e+01 (108113)
*353048: obj =   2.088127890e+03 inf =   3.424e+01 (108119)
*353059: obj =   2.088127880e+03 inf =   3.424e+01 (108103) 1
*353088: obj =   2.088127862e+03 inf =   3.425e+01 (108115)
*353118: obj =   2.088127853e+03 inf =   3.425e+01 (108106)
*353147: obj =   2.088127853e+03 inf =   3.425e+01 (108099)
*353160: obj =   2.088127829e+03 inf =   3.426e+01 (108102) 1
*353190: obj =   2.088127726e+03 inf =   3.429e+01 (108090)
*353219: obj =   2.088127722e+03 inf =   3.429e+01 (108068)
*353248: obj =   2.088127722e+03 inf =   3.429e+01 (108076)
*353261: obj =   2.088127722e+03 inf =   3.429e+01 (108074) 1
*353292: obj =   2.088127717e+03 inf =   3.429e+01 (108063)
*353324: obj =   2.088127717e+03 inf =   3.429e+01 (108073)
*353356: obj =   2.088127717e+03 inf =   3.429e+01 (108065)
*353362: obj =   2.088127717e+03 inf =   3.429e+01 (108064) 1
*353392: obj =   2.088127717e+03 inf =   3.429e+01 (108069)
*353422: obj =   2.088127717e+03 inf =   3.429e+01 (108072)
*353452: obj =   2.088127717e+03 inf =   3.429e+01 (108076)
*353463: obj =   2.088127717e+03 inf =   3.429e+01 (108080) 1
*353494: obj =   2.088127692e+03 inf =   3.429e+01 (108085)
*353524: obj =   2.088127692e+03 inf =   3.429e+01 (108095)
*353554: obj =   2.088127692e+03 inf =   3.429e+01 (108095)
*353564: obj =   2.088127692e+03 inf =   3.429e+01 (108096) 1
*353594: obj =   2.088127691e+03 inf =   3.429e+01 (108110)
*353624: obj =   2.088127686e+03 inf =   3.429e+01 (108091)
*353653: obj =   2.088127684e+03 inf =   3.429e+01 (108095)
*353665: obj =   2.088127684e+03 inf =   3.429e+01 (108101) 1
*353695: obj =   2.088127651e+03 inf =   3.430e+01 (108085)
*353725: obj =   2.088127646e+03 inf =   3.430e+01 (108079)
*353754: obj =   2.088127608e+03 inf =   3.431e+01 (108064)
*353766: obj =   2.088127579e+03 inf =   3.432e+01 (108062) 1
*353790: obj =   2.088127525e+03 inf =   3.433e+01 (108067)
*353812: obj =   2.088127485e+03 inf =   3.435e+01 (108084)
*353831: obj =   2.088127451e+03 inf =   3.436e+01 (108080)
*353851: obj =   2.088127451e+03 inf =   3.436e+01 (108072)
*353868: obj =   2.088127418e+03 inf =   3.437e+01 (108073) 1
*353892: obj =   2.088127418e+03 inf =   3.437e+01 (108069)
*353916: obj =   2.088127418e+03 inf =   3.437e+01 (108064)
*353940: obj =   2.088127417e+03 inf =   3.437e+01 (108068)
*353965: obj =   2.088127417e+03 inf =   3.437e+01 (108076)
*353969: obj =   2.088127417e+03 inf =   3.437e+01 (108072) 1
*353994: obj =   2.088127398e+03 inf =   3.437e+01 (108080)
*354019: obj =   2.088127324e+03 inf =   3.439e+01 (108080)
*354044: obj =   2.088127274e+03 inf =   3.441e+01 (108080)
*354070: obj =   2.088127254e+03 inf =   3.441e+01 (108086) 1
*354094: obj =   2.088127235e+03 inf =   3.442e+01 (108083)
*354118: obj =   2.088127235e+03 inf =   3.442e+01 (108087)
*354143: obj =   2.088127224e+03 inf =   3.442e+01 (108087)
*354168: obj =   2.088127171e+03 inf =   3.444e+01 (108083)
*354171: obj =   2.088127171e+03 inf =   3.444e+01 (108087) 1
*354196: obj =   2.088127170e+03 inf =   3.444e+01 (108068)
*354222: obj =   2.088127170e+03 inf =   3.444e+01 (108061)
*354247: obj =   2.088127170e+03 inf =   3.443e+01 (108056)
*354272: obj =   2.088127170e+03 inf =   3.443e+01 (108054) 1
*354297: obj =   2.088127169e+03 inf =   3.443e+01 (108041)
*354326: obj =   2.088127169e+03 inf =   3.443e+01 (108048)
*354357: obj =   2.088127169e+03 inf =   3.443e+01 (108034)
*354373: obj =   2.088127169e+03 inf =   3.443e+01 (108030) 1
*354404: obj =   2.088127169e+03 inf =   3.443e+01 (108021)
*354435: obj =   2.088127169e+03 inf =   3.442e+01 (108031)
*354467: obj =   2.088127169e+03 inf =   3.442e+01 (108019)
*354474: obj =   2.088127169e+03 inf =   3.442e+01 (108025) 1
*354505: obj =   2.088127169e+03 inf =   3.442e+01 (108023)
*354535: obj =   2.088127169e+03 inf =   3.442e+01 (108018)
*354567: obj =   2.088127169e+03 inf =   3.442e+01 (108040)
*354575: obj =   2.088127169e+03 inf =   3.442e+01 (108040) 1
*354610: obj =   2.088127169e+03 inf =   3.442e+01 (108035)
*354643: obj =   2.088127169e+03 inf =   3.441e+01 (108020)
*354675: obj =   2.088127154e+03 inf =   3.442e+01 (108022)
*354676: obj =   2.088127154e+03 inf =   3.442e+01 (108022) 1
*354707: obj =   2.088127152e+03 inf =   3.442e+01 (108036)
*354738: obj =   2.088127135e+03 inf =   3.442e+01 (108031)
*354769: obj =   2.088127102e+03 inf =   3.443e+01 (108026)
*354777: obj =   2.088127077e+03 inf =   3.444e+01 (108037) 1
*354808: obj =   2.088127016e+03 inf =   3.446e+01 (108044)
*354838: obj =   2.088126917e+03 inf =   3.449e+01 (108025)
*354868: obj =   2.088126874e+03 inf =   3.450e+01 (108025)
*354879: obj =   2.088126859e+03 inf =   3.451e+01 (108030) 1
*354909: obj =   2.088126836e+03 inf =   3.451e+01 (108031)
*354941: obj =   2.088126827e+03 inf =   3.451e+01 (108034)
*354973: obj =   2.088126822e+03 inf =   3.451e+01 (108031)
*354981: obj =   2.088126822e+03 inf =   3.451e+01 (108030) 1
*355012: obj =   2.088126822e+03 inf =   3.451e+01 (108017)
*355043: obj =   2.088126821e+03 inf =   3.451e+01 (108017)
*355073: obj =   2.088126787e+03 inf =   3.452e+01 (108035)
*355082: obj =   2.088126787e+03 inf =   3.452e+01 (108030) 1
*355114: obj =   2.088126786e+03 inf =   3.452e+01 (108013)
*355146: obj =   2.088126785e+03 inf =   3.452e+01 (108008)
*355177: obj =   2.088126774e+03 inf =   3.453e+01 (108008)
*355183: obj =   2.088126774e+03 inf =   3.452e+01 (107999) 1
*355215: obj =   2.088126773e+03 inf =   3.452e+01 (108008)
*355246: obj =   2.088126773e+03 inf =   3.452e+01 (108016)
*355278: obj =   2.088126754e+03 inf =   3.453e+01 (108001)
*355284: obj =   2.088126726e+03 inf =   3.454e+01 (108002) 1
*355313: obj =   2.088126690e+03 inf =   3.455e+01 (108007)
*355342: obj =   2.088126690e+03 inf =   3.455e+01 (108020)
*355373: obj =   2.088126690e+03 inf =   3.454e+01 (108010)
*355385: obj =   2.088126690e+03 inf =   3.454e+01 (108008) 1
*355416: obj =   2.088126690e+03 inf =   3.454e+01 (108017)
*355448: obj =   2.088126690e+03 inf =   3.454e+01 (108026)
*355479: obj =   2.088126690e+03 inf =   3.454e+01 (108024)
*355486: obj =   2.088126690e+03 inf =   3.454e+01 (108026) 1
*355516: obj =   2.088126690e+03 inf =   3.453e+01 (108035)
*355546: obj =   2.088126690e+03 inf =   3.453e+01 (108031)
*355576: obj =   2.088126612e+03 inf =   3.455e+01 (108019)
*355587: obj =   2.088126603e+03 inf =   3.456e+01 (108037) 1
*355617: obj =   2.088126538e+03 inf =   3.458e+01 (108026)
*355647: obj =   2.088126472e+03 inf =   3.460e+01 (108023)
*355677: obj =   2.088126355e+03 inf =   3.463e+01 (108027)
*355688: obj =   2.088126355e+03 inf =   3.463e+01 (108012) 1
*355719: obj =   2.088126352e+03 inf =   3.463e+01 (108022)
*355750: obj =   2.088126342e+03 inf =   3.463e+01 (108010)
*355780: obj =   2.088126269e+03 inf =   3.466e+01 (108003)
*355789: obj =   2.088126257e+03 inf =   3.466e+01 (108020) 1
*355820: obj =   2.088126197e+03 inf =   3.468e+01 (108006)
*355851: obj =   2.088126183e+03 inf =   3.468e+01 (108010)
*355882: obj =   2.088126141e+03 inf =   3.469e+01 (107994)
*355890: obj =   2.088126141e+03 inf =   3.469e+01 (107987) 1
*355922: obj =   2.088126141e+03 inf =   3.469e+01 (107982)
*355954: obj =   2.088126141e+03 inf =   3.469e+01 (107978)
*355985: obj =   2.088126133e+03 inf =   3.469e+01 (107985)
*355991: obj =   2.088126133e+03 inf =   3.469e+01 (107978) 1
*356022: obj =   2.088126133e+03 inf =   3.469e+01 (107979)
*356054: obj =   2.088126133e+03 inf =   3.469e+01 (107979)
*356084: obj =   2.088126133e+03 inf =   3.469e+01 (107959)
*356092: obj =   2.088126133e+03 inf =   3.469e+01 (107970) 1
*356123: obj =   2.088126133e+03 inf =   3.469e+01 (107961)
*356153: obj =   2.088126133e+03 inf =   3.469e+01 (107948)
*356184: obj =   2.088126133e+03 inf =   3.468e+01 (107945)
*356193: obj =   2.088126133e+03 inf =   3.468e+01 (107950) 1
*356225: obj =   2.088126133e+03 inf =   3.468e+01 (107951)
*356255: obj =   2.088126133e+03 inf =   3.468e+01 (107944)
*356286: obj =   2.088126133e+03 inf =   3.468e+01 (107937)
*356294: obj =   2.088126133e+03 inf =   3.468e+01 (107933) 1
*356325: obj =   2.088126133e+03 inf =   3.468e+01 (107937)
*356356: obj =   2.088126133e+03 inf =   3.468e+01 (107928)
*356388: obj =   2.088126133e+03 inf =   3.467e+01 (107946)
*356395: obj =   2.088126133e+03 inf =   3.467e+01 (107946) 1
*356427: obj =   2.088126132e+03 inf =   3.467e+01 (107942)
*356460: obj =   2.088126132e+03 inf =   3.467e+01 (107936)
*356491: obj =   2.088126132e+03 inf =   3.467e+01 (107940)
*356496: obj =   2.088126132e+03 inf =   3.467e+01 (107936) 1
*356528: obj =   2.088126132e+03 inf =   3.467e+01 (107925)
*356559: obj =   2.088126132e+03 inf =   3.466e+01 (107920)
*356591: obj =   2.088126131e+03 inf =   3.466e+01 (107917)
*356597: obj =   2.088126131e+03 inf =   3.466e+01 (107921) 1
*356630: obj =   2.088126131e+03 inf =   3.466e+01 (107925)
*356663: obj =   2.088126131e+03 inf =   3.466e+01 (107925)
*356694: obj =   2.088126131e+03 inf =   3.466e+01 (107935)
*356698: obj =   2.088126131e+03 inf =   3.466e+01 (107945) 1
*356730: obj =   2.088126131e+03 inf =   3.466e+01 (107945)
*356762: obj =   2.088126100e+03 inf =   3.467e+01 (107933)
*356794: obj =   2.088126064e+03 inf =   3.468e+01 (107948)
*356799: obj =   2.088126062e+03 inf =   3.468e+01 (107943) 1
*356831: obj =   2.088125992e+03 inf =   3.470e+01 (107941)
*356861: obj =   2.088125991e+03 inf =   3.470e+01 (107941)
*356891: obj =   2.088125985e+03 inf =   3.470e+01 (107948)
*356900: obj =   2.088125984e+03 inf =   3.470e+01 (107945) 1
*356930: obj =   2.088125919e+03 inf =   3.472e+01 (107951)
*356959: obj =   2.088125912e+03 inf =   3.472e+01 (107939)
*356988: obj =   2.088125909e+03 inf =   3.472e+01 (107933)
*357001: obj =   2.088125909e+03 inf =   3.472e+01 (107940) 1
*357031: obj =   2.088125908e+03 inf =   3.472e+01 (107950)
*357061: obj =   2.088125907e+03 inf =   3.472e+01 (107941)
*357092: obj =   2.088125907e+03 inf =   3.472e+01 (107938)
*357103: obj =   2.088125906e+03 inf =   3.472e+01 (107937) 1
*357134: obj =   2.088125906e+03 inf =   3.472e+01 (107948)
*357165: obj =   2.088125898e+03 inf =   3.472e+01 (107934)
*357196: obj =   2.088125888e+03 inf =   3.473e+01 (107941)
*357204: obj =   2.088125887e+03 inf =   3.473e+01 (107937) 1
*357234: obj =   2.088125887e+03 inf =   3.472e+01 (107929)
*357265: obj =   2.088125887e+03 inf =   3.472e+01 (107929)
*357297: obj =   2.088125887e+03 inf =   3.472e+01 (107921)
*357305: obj =   2.088125887e+03 inf =   3.472e+01 (107921) 1
*357338: obj =   2.088125885e+03 inf =   3.472e+01 (107918)
*357370: obj =   2.088125785e+03 inf =   3.474e+01 (107923)
*357401: obj =   2.088125754e+03 inf =   3.474e+01 (107923)
*357406: obj =   2.088125754e+03 inf =   3.474e+01 (107929) 1
*357438: obj =   2.088125687e+03 inf =   3.475e+01 (107916)
*357468: obj =   2.088125617e+03 inf =   3.477e+01 (107915)
*357497: obj =   2.088125617e+03 inf =   3.477e+01 (107919)
*357507: obj =   2.088125609e+03 inf =   3.477e+01 (107920) 1
*357537: obj =   2.088125476e+03 inf =   3.480e+01 (107906)
*357568: obj =   2.088125347e+03 inf =   3.483e+01 (107912)
*357598: obj =   2.088125277e+03 inf =   3.485e+01 (107906)
*357609: obj =   2.088125277e+03 inf =   3.485e+01 (107912) 1
*357639: obj =   2.088125277e+03 inf =   3.485e+01 (107913)
*357669: obj =   2.088125275e+03 inf =   3.485e+01 (107905)
*357699: obj =   2.088125272e+03 inf =   3.485e+01 (107897)
*357710: obj =   2.088125251e+03 inf =   3.486e+01 (107902) 1
*357740: obj =   2.088125225e+03 inf =   3.486e+01 (107900)
*357772: obj =   2.088125218e+03 inf =   3.487e+01 (107913)
*357804: obj =   2.088125174e+03 inf =   3.487e+01 (107901)
*357811: obj =   2.088125174e+03 inf =   3.487e+01 (107895) 1
*357842: obj =   2.088125154e+03 inf =   3.488e+01 (107903)
*357871: obj =   2.088125153e+03 inf =   3.488e+01 (107907)
*357901: obj =   2.088125153e+03 inf =   3.488e+01 (107904)
*357912: obj =   2.088125153e+03 inf =   3.488e+01 (107908) 1
*357942: obj =   2.088125120e+03 inf =   3.489e+01 (107899)
*357972: obj =   2.088125104e+03 inf =   3.490e+01 (107898)
*358002: obj =   2.088125028e+03 inf =   3.492e+01 (107893)
*358013: obj =   2.088125028e+03 inf =   3.492e+01 (107897) 1
*358043: obj =   2.088124997e+03 inf =   3.493e+01 (107899)
*358073: obj =   2.088124890e+03 inf =   3.496e+01 (107907)
*358103: obj =   2.088124866e+03 inf =   3.497e+01 (107888)
*358114: obj =   2.088124841e+03 inf =   3.498e+01 (107892) 1
*358143: obj =   2.088124841e+03 inf =   3.498e+01 (107905)
*358171: obj =   2.088124783e+03 inf =   3.499e+01 (107916)
*358201: obj =   2.088124767e+03 inf =   3.500e+01 (107905)
*358215: obj =   2.088124734e+03 inf =   3.501e+01 (107904) 1
*358246: obj =   2.088124694e+03 inf =   3.502e+01 (107901)
*358276: obj =   2.088124680e+03 inf =   3.503e+01 (107900)
*358307: obj =   2.088124666e+03 inf =   3.503e+01 (107902)
*358316: obj =   2.088124666e+03 inf =   3.503e+01 (107907) 1
*358347: obj =   2.088124633e+03 inf =   3.505e+01 (107913)
*358379: obj =   2.088124632e+03 inf =   3.505e+01 (107895)
*358410: obj =   2.088124621e+03 inf =   3.505e+01 (107898)
*358417: obj =   2.088124619e+03 inf =   3.505e+01 (107888) 1
*358449: obj =   2.088124619e+03 inf =   3.505e+01 (107881)
*358481: obj =   2.088124618e+03 inf =   3.505e+01 (107893)
*358514: obj =   2.088124618e+03 inf =   3.504e+01 (107900)
*358518: obj =   2.088124618e+03 inf =   3.504e+01 (107902) 1
*358551: obj =   2.088124618e+03 inf =   3.504e+01 (107887)
*358583: obj =   2.088124618e+03 inf =   3.504e+01 (107892)
*358615: obj =   2.088124615e+03 inf =   3.504e+01 (107869)
*358619: obj =   2.088124615e+03 inf =   3.504e+01 (107868) 1
*358651: obj =   2.088124615e+03 inf =   3.504e+01 (107872)
*358684: obj =   2.088124612e+03 inf =   3.504e+01 (107884)
*358713: obj =   2.088124612e+03 inf =   3.504e+01 (107894)
*358720: obj =   2.088124612e+03 inf =   3.504e+01 (107897) 1
*358749: obj =   2.088124609e+03 inf =   3.504e+01 (107911)
*358779: obj =   2.088124544e+03 inf =   3.506e+01 (107931)
*358811: obj =   2.088124544e+03 inf =   3.506e+01 (107901)
*358821: obj =   2.088124544e+03 inf =   3.506e+01 (107908) 1
*358851: obj =   2.088124537e+03 inf =   3.506e+01 (107902)
*358881: obj =   2.088124537e+03 inf =   3.506e+01 (107902)
*358911: obj =   2.088124507e+03 inf =   3.507e+01 (107903)
*358922: obj =   2.088124484e+03 inf =   3.508e+01 (107903) 1
*358952: obj =   2.088124417e+03 inf =   3.510e+01 (107908)
*358980: obj =   2.088124417e+03 inf =   3.510e+01 (107899)
*359007: obj =   2.088124417e+03 inf =   3.510e+01 (107892)
*359023: obj =   2.088124367e+03 inf =   3.511e+01 (107894) 1
*359052: obj =   2.088124313e+03 inf =   3.513e+01 (107900)
*359080: obj =   2.088124313e+03 inf =   3.513e+01 (107900)
*359108: obj =   2.088124313e+03 inf =   3.513e+01 (107902)
*359124: obj =   2.088124306e+03 inf =   3.513e+01 (107897) 1
*359153: obj =   2.088124172e+03 inf =   3.518e+01 (107893)
*359181: obj =   2.088124112e+03 inf =   3.519e+01 (107878)
*359209: obj =   2.088124027e+03 inf =   3.522e+01 (107883)
*359225: obj =   2.088123995e+03 inf =   3.523e+01 (107885) 1
*359253: obj =   2.088123961e+03 inf =   3.524e+01 (107866)
*359282: obj =   2.088123961e+03 inf =   3.524e+01 (107852)
*359311: obj =   2.088123961e+03 inf =   3.524e+01 (107863)
*359326: obj =   2.088123961e+03 inf =   3.524e+01 (107857) 1
*359355: obj =   2.088123961e+03 inf =   3.524e+01 (107859)
*359384: obj =   2.088123961e+03 inf =   3.524e+01 (107862)
*359412: obj =   2.088123961e+03 inf =   3.524e+01 (107872)
*359427: obj =   2.088123960e+03 inf =   3.523e+01 (107865) 1
*359456: obj =   2.088123960e+03 inf =   3.523e+01 (107870)
*359485: obj =   2.088123955e+03 inf =   3.523e+01 (107873)
*359515: obj =   2.088123952e+03 inf =   3.523e+01 (107864)
*359528: obj =   2.088123952e+03 inf =   3.523e+01 (107856) 1
*359555: obj =   2.088123952e+03 inf =   3.523e+01 (107856)
*359581: obj =   2.088123952e+03 inf =   3.523e+01 (107869)
*359608: obj =   2.088123952e+03 inf =   3.523e+01 (107865)
*359629: obj =   2.088123951e+03 inf =   3.523e+01 (107854) 1
*359656: obj =   2.088123951e+03 inf =   3.523e+01 (107855)
*359686: obj =   2.088123951e+03 inf =   3.522e+01 (107855)
*359716: obj =   2.088123951e+03 inf =   3.522e+01 (107856)
*359730: obj =   2.088123951e+03 inf =   3.522e+01 (107844) 1
*359759: obj =   2.088123873e+03 inf =   3.525e+01 (107867)
*359787: obj =   2.088123867e+03 inf =   3.525e+01 (107859)
*359814: obj =   2.088123856e+03 inf =   3.526e+01 (107864)
*359831: obj =   2.088123799e+03 inf =   3.528e+01 (107850) 1
*359860: obj =   2.088123783e+03 inf =   3.528e+01 (107848)
*359890: obj =   2.088123759e+03 inf =   3.529e+01 (107863)
*359920: obj =   2.088123718e+03 inf =   3.530e+01 (107836)
*359932: obj =   2.088123717e+03 inf =   3.530e+01 (107831) 1
*359963: obj =   2.088123702e+03 inf =   3.531e+01 (107832)
*359994: obj =   2.088123702e+03 inf =   3.531e+01 (107834)
*360025: obj =   2.088123701e+03 inf =   3.531e+01 (107823)
*360034: obj =   2.088123701e+03 inf =   3.531e+01 (107822) 1
*360064: obj =   2.088123701e+03 inf =   3.531e+01 (107832)
*360093: obj =   2.088123697e+03 inf =   3.531e+01 (107843)
*360122: obj =   2.088123616e+03 inf =   3.533e+01 (107842)
*360135: obj =   2.088123583e+03 inf =   3.534e+01 (107838) 1
*360164: obj =   2.088123576e+03 inf =   3.534e+01 (107835)
*360193: obj =   2.088123559e+03 inf =   3.535e+01 (107834)
*360222: obj =   2.088123559e+03 inf =   3.535e+01 (107836)
*360236: obj =   2.088123559e+03 inf =   3.535e+01 (107836) 1
*360265: obj =   2.088123559e+03 inf =   3.535e+01 (107845)
*360294: obj =   2.088123559e+03 inf =   3.535e+01 (107833)
*360325: obj =   2.088123558e+03 inf =   3.535e+01 (107833)
*360337: obj =   2.088123502e+03 inf =   3.536e+01 (107843) 1
*360366: obj =   2.088123477e+03 inf =   3.537e+01 (107846)
*360395: obj =   2.088123472e+03 inf =   3.537e+01 (107838)
*360423: obj =   2.088123461e+03 inf =   3.537e+01 (107828)
*360438: obj =   2.088123425e+03 inf =   3.539e+01 (107821) 1
*360465: obj =   2.088123391e+03 inf =   3.540e+01 (107827)
*360494: obj =   2.088123391e+03 inf =   3.540e+01 (107828)
*360522: obj =   2.088123355e+03 inf =   3.541e+01 (107837)
*360539: obj =   2.088123296e+03 inf =   3.543e+01 (107842) 1
*360568: obj =   2.088123293e+03 inf =   3.543e+01 (107840)
*360598: obj =   2.088123256e+03 inf =   3.544e+01 (107834)
*360627: obj =   2.088123250e+03 inf =   3.544e+01 (107837)
*360640: obj =   2.088123250e+03 inf =   3.544e+01 (107833) 1
*360671: obj =   2.088123250e+03 inf =   3.544e+01 (107838)
*360701: obj =   2.088123201e+03 inf =   3.545e+01 (107844)
*360729: obj =   2.088123113e+03 inf =   3.549e+01 (107847)
*360741: obj =   2.088123113e+03 inf =   3.549e+01 (107840) 1
*360768: obj =   2.088123112e+03 inf =   3.549e+01 (107823)
*360797: obj =   2.088123084e+03 inf =   3.550e+01 (107814)
*360825: obj =   2.088123022e+03 inf =   3.551e+01 (107819)
*360842: obj =   2.088123008e+03 inf =   3.551e+01 (107811) 1
*360873: obj =   2.088123002e+03 inf =   3.551e+01 (107808)
*360903: obj =   2.088123002e+03 inf =   3.551e+01 (107812)
*360933: obj =   2.088123002e+03 inf =   3.551e+01 (107815)
*360943: obj =   2.088123002e+03 inf =   3.551e+01 (107809) 1
*360971: obj =   2.088122997e+03 inf =   3.551e+01 (107826)
*360999: obj =   2.088122880e+03 inf =   3.555e+01 (107845)
*361027: obj =   2.088122878e+03 inf =   3.555e+01 (107831)
*361044: obj =   2.088122877e+03 inf =   3.555e+01 (107825) 1
*361070: obj =   2.088122830e+03 inf =   3.556e+01 (107831)
*361097: obj =   2.088122830e+03 inf =   3.556e+01 (107837)
*361125: obj =   2.088122797e+03 inf =   3.557e+01 (107827)
*361145: obj =   2.088122729e+03 inf =   3.560e+01 (107820) 1
*361175: obj =   2.088122562e+03 inf =   3.565e+01 (107821)
*361205: obj =   2.088122492e+03 inf =   3.567e+01 (107828)
*361235: obj =   2.088122489e+03 inf =   3.567e+01 (107815)
*361246: obj =   2.088122460e+03 inf =   3.568e+01 (107814) 1
*361274: obj =   2.088122391e+03 inf =   3.570e+01 (107798)
*361302: obj =   2.088122391e+03 inf =   3.570e+01 (107815)
*361332: obj =   2.088122390e+03 inf =   3.570e+01 (107818)
*361349: obj =   2.088122390e+03 inf =   3.570e+01 (107807) 1
*361379: obj =   2.088122388e+03 inf =   3.570e+01 (107803)
*361408: obj =   2.088122387e+03 inf =   3.570e+01 (107794)
*361437: obj =   2.088122387e+03 inf =   3.569e+01 (107808)
*361450: obj =   2.088122387e+03 inf =   3.569e+01 (107807) 1
*361479: obj =   2.088122387e+03 inf =   3.569e+01 (107816)
*361507: obj =   2.088122387e+03 inf =   3.569e+01 (107820)
*361536: obj =   2.088122377e+03 inf =   3.569e+01 (107813)
*361551: obj =   2.088122377e+03 inf =   3.569e+01 (107803) 1
*361581: obj =   2.088122377e+03 inf =   3.569e+01 (107811)
*361611: obj =   2.088122377e+03 inf =   3.568e+01 (107820)
*361641: obj =   2.088122377e+03 inf =   3.568e+01 (107823)
*361652: obj =   2.088122377e+03 inf =   3.568e+01 (107814) 1
*361684: obj =   2.088122377e+03 inf =   3.568e+01 (107810)
*361713: obj =   2.088122347e+03 inf =   3.569e+01 (107810)
*361742: obj =   2.088122301e+03 inf =   3.570e+01 (107825)
*361753: obj =   2.088122301e+03 inf =   3.570e+01 (107835) 1
*361779: obj =   2.088122281e+03 inf =   3.570e+01 (107824)
*361806: obj =   2.088122194e+03 inf =   3.573e+01 (107826)
*361835: obj =   2.088122185e+03 inf =   3.573e+01 (107815)
*361855: obj =   2.088122164e+03 inf =   3.573e+01 (107815) 1
*361885: obj =   2.088122131e+03 inf =   3.574e+01 (107813)
*361914: obj =   2.088122131e+03 inf =   3.574e+01 (107804)
*361943: obj =   2.088122115e+03 inf =   3.575e+01 (107803)
*361956: obj =   2.088122104e+03 inf =   3.575e+01 (107784) 1
*361985: obj =   2.088122082e+03 inf =   3.576e+01 (107798)
*362014: obj =   2.088122069e+03 inf =   3.577e+01 (107790)
*362043: obj =   2.088122068e+03 inf =   3.576e+01 (107778)
*362057: obj =   2.088122061e+03 inf =   3.577e+01 (107784) 1
*362086: obj =   2.088122053e+03 inf =   3.577e+01 (107779)
*362114: obj =   2.088122053e+03 inf =   3.577e+01 (107780)
*362144: obj =   2.088122053e+03 inf =   3.577e+01 (107789)
*362158: obj =   2.088122053e+03 inf =   3.577e+01 (107804) 1
*362185: obj =   2.088122048e+03 inf =   3.577e+01 (107810)
*362214: obj =   2.088122048e+03 inf =   3.577e+01 (107804)
*362243: obj =   2.088122048e+03 inf =   3.576e+01 (107792)
*362259: obj =   2.088122048e+03 inf =   3.576e+01 (107788) 1
*362290: obj =   2.088122048e+03 inf =   3.576e+01 (107791)
*362320: obj =   2.088122044e+03 inf =   3.576e+01 (107790)
*362352: obj =   2.088122044e+03 inf =   3.576e+01 (107795)
*362360: obj =   2.088122044e+03 inf =   3.576e+01 (107793) 1
*362391: obj =   2.088122025e+03 inf =   3.576e+01 (107773)
*362421: obj =   2.088122025e+03 inf =   3.576e+01 (107772)
*362452: obj =   2.088122024e+03 inf =   3.576e+01 (107769)
*362461: obj =   2.088122024e+03 inf =   3.576e+01 (107767) 1
*362494: obj =   2.088122024e+03 inf =   3.576e+01 (107767)
*362526: obj =   2.088122024e+03 inf =   3.576e+01 (107778)
*362556: obj =   2.088121966e+03 inf =   3.577e+01 (107794)
*362562: obj =   2.088121940e+03 inf =   3.577e+01 (107782) 1
*362593: obj =   2.088121931e+03 inf =   3.578e+01 (107789)
*362620: obj =   2.088121931e+03 inf =   3.578e+01 (107800)
*362645: obj =   2.088121931e+03 inf =   3.577e+01 (107793)
*362663: obj =   2.088121931e+03 inf =   3.577e+01 (107787) 1
*362693: obj =   2.088121836e+03 inf =   3.579e+01 (107790)
*362722: obj =   2.088121835e+03 inf =   3.579e+01 (107801)
*362751: obj =   2.088121831e+03 inf =   3.579e+01 (107783)
*362764: obj =   2.088121821e+03 inf =   3.580e+01 (107776) 1
*362794: obj =   2.088121805e+03 inf =   3.580e+01 (107785)
*362825: obj =   2.088121805e+03 inf =   3.580e+01 (107782)
*362856: obj =   2.088121805e+03 inf =   3.580e+01 (107767)
*362865: obj =   2.088121805e+03 inf =   3.580e+01 (107788) 1
*362896: obj =   2.088121805e+03 inf =   3.580e+01 (107790)
*362926: obj =   2.088121798e+03 inf =   3.580e+01 (107790)
*362956: obj =   2.088121798e+03 inf =   3.580e+01 (107778)
*362966: obj =   2.088121798e+03 inf =   3.580e+01 (107768) 1
*362996: obj =   2.088121798e+03 inf =   3.580e+01 (107773)
*363026: obj =   2.088121798e+03 inf =   3.580e+01 (107765)
*363059: obj =   2.088121798e+03 inf =   3.580e+01 (107772)
*363067: obj =   2.088121798e+03 inf =   3.580e+01 (107765) 1
*363100: obj =   2.088121798e+03 inf =   3.580e+01 (107763)
*363131: obj =   2.088121798e+03 inf =   3.580e+01 (107777)
*363163: obj =   2.088121795e+03 inf =   3.580e+01 (107779)
*363168: obj =   2.088121795e+03 inf =   3.580e+01 (107766) 1
*363200: obj =   2.088121795e+03 inf =   3.580e+01 (107782)
*363233: obj =   2.088121795e+03 inf =   3.579e+01 (107774)
*363266: obj =   2.088121795e+03 inf =   3.579e+01 (107784)
*363269: obj =   2.088121795e+03 inf =   3.579e+01 (107783) 1
*363303: obj =   2.088121795e+03 inf =   3.579e+01 (107772)
*363334: obj =   2.088121795e+03 inf =   3.579e+01 (107779)
*363365: obj =   2.088121795e+03 inf =   3.579e+01 (107776)
*363370: obj =   2.088121795e+03 inf =   3.579e+01 (107784) 1
*363400: obj =   2.088121781e+03 inf =   3.580e+01 (107793)
*363431: obj =   2.088121781e+03 inf =   3.580e+01 (107806)
*363461: obj =   2.088121781e+03 inf =   3.579e+01 (107793)
*363471: obj =   2.088121781e+03 inf =   3.579e+01 (107798) 1
*363501: obj =   2.088121781e+03 inf =   3.579e+01 (107783)
*363531: obj =   2.088121781e+03 inf =   3.579e+01 (107800)
*363562: obj =   2.088121781e+03 inf =   3.578e+01 (107779)
*363572: obj =   2.088121781e+03 inf =   3.578e+01 (107773) 1
*363603: obj =   2.088121781e+03 inf =   3.578e+01 (107789)
*363634: obj =   2.088121781e+03 inf =   3.577e+01 (107793)
*363666: obj =   2.088121781e+03 inf =   3.577e+01 (107797)
*363673: obj =   2.088121781e+03 inf =   3.577e+01 (107791) 1
*363704: obj =   2.088121781e+03 inf =   3.577e+01 (107815)
*363733: obj =   2.088121777e+03 inf =   3.577e+01 (107801)
*363764: obj =   2.088121739e+03 inf =   3.578e+01 (107809)
*363774: obj =   2.088121719e+03 inf =   3.579e+01 (107812) 1
*363804: obj =   2.088121661e+03 inf =   3.580e+01 (107803)
*363833: obj =   2.088121639e+03 inf =   3.581e+01 (107812)
*363862: obj =   2.088121637e+03 inf =   3.581e+01 (107806)
*363875: obj =   2.088121637e+03 inf =   3.581e+01 (107808) 1
*363905: obj =   2.088121628e+03 inf =   3.581e+01 (107811)
*363936: obj =   2.088121624e+03 inf =   3.581e+01 (107838)
*363967: obj =   2.088121624e+03 inf =   3.581e+01 (107826)
*363976: obj =   2.088121624e+03 inf =   3.581e+01 (107831) 1
*364007: obj =   2.088121624e+03 inf =   3.581e+01 (107831)
*364037: obj =   2.088121623e+03 inf =   3.581e+01 (107847)
*364068: obj =   2.088121623e+03 inf =   3.581e+01 (107852)
*364077: obj =   2.088121623e+03 inf =   3.581e+01 (107850) 1
*364108: obj =   2.088121614e+03 inf =   3.581e+01 (107849)
*364137: obj =   2.088121606e+03 inf =   3.581e+01 (107833)
*364167: obj =   2.088121591e+03 inf =   3.581e+01 (107834)
*364179: obj =   2.088121591e+03 inf =   3.581e+01 (107839) 1
*364209: obj =   2.088121590e+03 inf =   3.581e+01 (107810)
*364239: obj =   2.088121590e+03 inf =   3.581e+01 (107807)
*364268: obj =   2.088121590e+03 inf =   3.581e+01 (107800)
*364280: obj =   2.088121590e+03 inf =   3.581e+01 (107800) 1
*364309: obj =   2.088121590e+03 inf =   3.581e+01 (107787)
*364337: obj =   2.088121590e+03 inf =   3.581e+01 (107787)
*364363: obj =   2.088121590e+03 inf =   3.581e+01 (107779)
*364381: obj =   2.088121590e+03 inf =   3.581e+01 (107785) 1
*364410: obj =   2.088121590e+03 inf =   3.581e+01 (107778)
*364440: obj =   2.088121590e+03 inf =   3.581e+01 (107790)
*364469: obj =   2.088121590e+03 inf =   3.580e+01 (107770)
*364482: obj =   2.088121590e+03 inf =   3.580e+01 (107778) 1
*364512: obj =   2.088121583e+03 inf =   3.580e+01 (107786)
*364542: obj =   2.088121471e+03 inf =   3.584e+01 (107786)
*364572: obj =   2.088121407e+03 inf =   3.586e+01 (107788)
*364583: obj =   2.088121344e+03 inf =   3.588e+01 (107795) 1
*364613: obj =   2.088121309e+03 inf =   3.589e+01 (107787)
*364643: obj =   2.088121309e+03 inf =   3.589e+01 (107786)
*364672: obj =   2.088121308e+03 inf =   3.589e+01 (107800)
*364684: obj =   2.088121303e+03 inf =   3.589e+01 (107787) 1
*364715: obj =   2.088121260e+03 inf =   3.591e+01 (107787)
*364745: obj =   2.088121256e+03 inf =   3.591e+01 (107785)
*364776: obj =   2.088121221e+03 inf =   3.592e+01 (107793)
*364785: obj =   2.088121221e+03 inf =   3.592e+01 (107806) 1
*364816: obj =   2.088121220e+03 inf =   3.591e+01 (107787)
*364846: obj =   2.088121219e+03 inf =   3.591e+01 (107789)
*364876: obj =   2.088121219e+03 inf =   3.591e+01 (107797)
*364886: obj =   2.088121219e+03 inf =   3.591e+01 (107800) 1
*364916: obj =   2.088121219e+03 inf =   3.591e+01 (107795)
*364946: obj =   2.088121157e+03 inf =   3.593e+01 (107796)
*364976: obj =   2.088121153e+03 inf =   3.593e+01 (107794)
*364987: obj =   2.088121153e+03 inf =   3.593e+01 (107789) 1
*365017: obj =   2.088121097e+03 inf =   3.595e+01 (107774)
*365048: obj =   2.088121095e+03 inf =   3.595e+01 (107784)
*365080: obj =   2.088121089e+03 inf =   3.595e+01 (107772)
*365088: obj =   2.088121087e+03 inf =   3.595e+01 (107773) 1
*365122: obj =   2.088121065e+03 inf =   3.595e+01 (107777)
*365156: obj =   2.088121038e+03 inf =   3.596e+01 (107763)
*365185: obj =   2.088120969e+03 inf =   3.598e+01 (107769)
*365189: obj =   2.088120969e+03 inf =   3.598e+01 (107765) 1
*365220: obj =   2.088120861e+03 inf =   3.601e+01 (107782)
*365250: obj =   2.088120781e+03 inf =   3.604e+01 (107786)
*365280: obj =   2.088120774e+03 inf =   3.604e+01 (107779)
*365290: obj =   2.088120773e+03 inf =   3.604e+01 (107785) 1
*365320: obj =   2.088120773e+03 inf =   3.604e+01 (107799)
*365350: obj =   2.088120753e+03 inf =   3.605e+01 (107779)
*365379: obj =   2.088120753e+03 inf =   3.605e+01 (107793)
*365391: obj =   2.088120752e+03 inf =   3.605e+01 (107791) 1
*365421: obj =   2.088120702e+03 inf =   3.606e+01 (107780)
*365450: obj =   2.088120701e+03 inf =   3.606e+01 (107787)
*365479: obj =   2.088120562e+03 inf =   3.610e+01 (107780)
*365492: obj =   2.088120558e+03 inf =   3.610e+01 (107777) 1
*365521: obj =   2.088120509e+03 inf =   3.612e+01 (107763)
*365550: obj =   2.088120466e+03 inf =   3.613e+01 (107764)
*365580: obj =   2.088120392e+03 inf =   3.615e+01 (107766)
*365593: obj =   2.088120337e+03 inf =   3.617e+01 (107770) 1
*365623: obj =   2.088120336e+03 inf =   3.617e+01 (107769)
*365652: obj =   2.088120233e+03 inf =   3.620e+01 (107765)
*365682: obj =   2.088120187e+03 inf =   3.621e+01 (107772)
*365694: obj =   2.088120184e+03 inf =   3.621e+01 (107773) 1
*365724: obj =   2.088120184e+03 inf =   3.621e+01 (107764)
*365753: obj =   2.088120184e+03 inf =   3.621e+01 (107767)
*365783: obj =   2.088120135e+03 inf =   3.623e+01 (107766)
*365795: obj =   2.088120118e+03 inf =   3.624e+01 (107759) 1
*365825: obj =   2.088120081e+03 inf =   3.625e+01 (107750)
*365857: obj =   2.088120051e+03 inf =   3.626e+01 (107751)
*365889: obj =   2.088120031e+03 inf =   3.627e+01 (107761)
*365896: obj =   2.088120031e+03 inf =   3.627e+01 (107765) 1
*365916: obj =   2.088120031e+03 inf =   3.627e+01 (107761)
*365946: obj =   2.088120009e+03 inf =   3.627e+01 (107742)
*365976: obj =   2.088120009e+03 inf =   3.627e+01 (107738)
*365998: obj =   2.088120000e+03 inf =   3.627e+01 (107746) 1
*366031: obj =   2.088119969e+03 inf =   3.628e+01 (107747)
*366063: obj =   2.088119912e+03 inf =   3.629e+01 (107737)
*366094: obj =   2.088119829e+03 inf =   3.630e+01 (107750)
*366099: obj =   2.088119829e+03 inf =   3.630e+01 (107740) 1
*366131: obj =   2.088119795e+03 inf =   3.631e+01 (107747)
*366163: obj =   2.088119788e+03 inf =   3.631e+01 (107740)
*366194: obj =   2.088119780e+03 inf =   3.631e+01 (107730)
*366200: obj =   2.088119780e+03 inf =   3.631e+01 (107736) 1
*366231: obj =   2.088119780e+03 inf =   3.631e+01 (107731)
*366262: obj =   2.088119780e+03 inf =   3.631e+01 (107714)
*366293: obj =   2.088119765e+03 inf =   3.632e+01 (107726)
*366301: obj =   2.088119765e+03 inf =   3.632e+01 (107721) 1
*366332: obj =   2.088119759e+03 inf =   3.632e+01 (107702)
*366363: obj =   2.088119753e+03 inf =   3.632e+01 (107700)
*366394: obj =   2.088119753e+03 inf =   3.632e+01 (107700)
*366402: obj =   2.088119753e+03 inf =   3.632e+01 (107702) 1
*366434: obj =   2.088119753e+03 inf =   3.632e+01 (107688)
*366467: obj =   2.088119753e+03 inf =   3.631e+01 (107682)
*366500: obj =   2.088119751e+03 inf =   3.631e+01 (107684)
*366503: obj =   2.088119751e+03 inf =   3.631e+01 (107685) 1
*366533: obj =   2.088119750e+03 inf =   3.631e+01 (107683)
*366561: obj =   2.088119747e+03 inf =   3.631e+01 (107669)
*366591: obj =   2.088119747e+03 inf =   3.631e+01 (107662)
*366604: obj =   2.088119747e+03 inf =   3.631e+01 (107657) 1
*366635: obj =   2.088119747e+03 inf =   3.631e+01 (107665)
*366666: obj =   2.088119740e+03 inf =   3.631e+01 (107665)
*366696: obj =   2.088119733e+03 inf =   3.632e+01 (107665)
*366705: obj =   2.088119733e+03 inf =   3.632e+01 (107658) 1
*366735: obj =   2.088119727e+03 inf =   3.632e+01 (107657)
*366765: obj =   2.088119711e+03 inf =   3.632e+01 (107670)
*366797: obj =   2.088119695e+03 inf =   3.632e+01 (107648)
*366806: obj =   2.088119695e+03 inf =   3.632e+01 (107653) 1
*366835: obj =   2.088119691e+03 inf =   3.632e+01 (107660)
*366864: obj =   2.088119650e+03 inf =   3.633e+01 (107687)
*366892: obj =   2.088119576e+03 inf =   3.635e+01 (107680)
*366907: obj =   2.088119523e+03 inf =   3.636e+01 (107693) 1
*366937: obj =   2.088119493e+03 inf =   3.636e+01 (107686)
*366968: obj =   2.088119463e+03 inf =   3.637e+01 (107681)
*366997: obj =   2.088119392e+03 inf =   3.639e+01 (107672)
*367008: obj =   2.088119392e+03 inf =   3.639e+01 (107672) 1
*367038: obj =   2.088119359e+03 inf =   3.640e+01 (107672)
*367068: obj =   2.088119317e+03 inf =   3.642e+01 (107683)
*367098: obj =   2.088119317e+03 inf =   3.642e+01 (107682)
*367109: obj =   2.088119317e+03 inf =   3.642e+01 (107672) 1
*367139: obj =   2.088119301e+03 inf =   3.642e+01 (107686)
*367170: obj =   2.088119301e+03 inf =   3.642e+01 (107688)
*367201: obj =   2.088119300e+03 inf =   3.642e+01 (107700)
*367210: obj =   2.088119300e+03 inf =   3.642e+01 (107690) 1
*367244: obj =   2.088119295e+03 inf =   3.642e+01 (107691)
*367277: obj =   2.088119293e+03 inf =   3.642e+01 (107697)
*367306: obj =   2.088119244e+03 inf =   3.644e+01 (107693)
*367311: obj =   2.088119244e+03 inf =   3.644e+01 (107699) 1
*367338: obj =   2.088119215e+03 inf =   3.645e+01 (107707)
*367366: obj =   2.088119215e+03 inf =   3.645e+01 (107701)
*367395: obj =   2.088119181e+03 inf =   3.646e+01 (107694)
*367412: obj =   2.088119157e+03 inf =   3.646e+01 (107693) 1
*367441: obj =   2.088119081e+03 inf =   3.649e+01 (107682)
*367470: obj =   2.088119028e+03 inf =   3.651e+01 (107685)
*367499: obj =   2.088119028e+03 inf =   3.650e+01 (107691)
*367513: obj =   2.088119022e+03 inf =   3.651e+01 (107689) 1
*367542: obj =   2.088119022e+03 inf =   3.651e+01 (107691)
*367571: obj =   2.088119021e+03 inf =   3.651e+01 (107691)
*367599: obj =   2.088119021e+03 inf =   3.651e+01 (107682)
*367614: obj =   2.088119015e+03 inf =   3.651e+01 (107675) 1
*367642: obj =   2.088118908e+03 inf =   3.654e+01 (107675)
*367671: obj =   2.088118836e+03 inf =   3.656e+01 (107679)
*367700: obj =   2.088118749e+03 inf =   3.659e+01 (107666)
*367715: obj =   2.088118733e+03 inf =   3.659e+01 (107672) 1
*367745: obj =   2.088118666e+03 inf =   3.662e+01 (107649)
*367774: obj =   2.088118659e+03 inf =   3.662e+01 (107650)
*367804: obj =   2.088118581e+03 inf =   3.664e+01 (107662)
*367816: obj =   2.088118581e+03 inf =   3.664e+01 (107675) 1
*367844: obj =   2.088118537e+03 inf =   3.665e+01 (107684)
*367872: obj =   2.088118422e+03 inf =   3.669e+01 (107662)
*367900: obj =   2.088118378e+03 inf =   3.670e+01 (107662)
*367917: obj =   2.088118322e+03 inf =   3.672e+01 (107661) 1
*367945: obj =   2.088118282e+03 inf =   3.673e+01 (107679)
*367977: obj =   2.088118238e+03 inf =   3.674e+01 (107686)
*368006: obj =   2.088118122e+03 inf =   3.677e+01 (107685)
*368018: obj =   2.088118122e+03 inf =   3.677e+01 (107670) 1
*368044: obj =   2.088118122e+03 inf =   3.677e+01 (107674)
*368072: obj =   2.088118102e+03 inf =   3.678e+01 (107660)
*368100: obj =   2.088118102e+03 inf =   3.677e+01 (107656)
*368119: obj =   2.088118080e+03 inf =   3.678e+01 (107648) 1
*368147: obj =   2.088118080e+03 inf =   3.678e+01 (107640)
*368175: obj =   2.088118080e+03 inf =   3.678e+01 (107638)
*368199: obj =   2.088118080e+03 inf =   3.678e+01 (107626)
*368220: obj =   2.088118024e+03 inf =   3.679e+01 (107636) 1
*368248: obj =   2.088117951e+03 inf =   3.681e+01 (107632)
*368276: obj =   2.088117871e+03 inf =   3.684e+01 (107637)
*368304: obj =   2.088117838e+03 inf =   3.685e+01 (107641)
*368321: obj =   2.088117838e+03 inf =   3.685e+01 (107650) 1
*368349: obj =   2.088117838e+03 inf =   3.684e+01 (107653)
*368377: obj =   2.088117838e+03 inf =   3.684e+01 (107648)
*368405: obj =   2.088117838e+03 inf =   3.684e+01 (107638)
*368422: obj =   2.088117838e+03 inf =   3.684e+01 (107640) 1
*368449: obj =   2.088117838e+03 inf =   3.684e+01 (107631)
*368476: obj =   2.088117838e+03 inf =   3.684e+01 (107635)
*368503: obj =   2.088117720e+03 inf =   3.687e+01 (107646)
*368523: obj =   2.088117672e+03 inf =   3.688e+01 (107647) 1
*368549: obj =   2.088117650e+03 inf =   3.689e+01 (107652)
*368576: obj =   2.088117578e+03 inf =   3.692e+01 (107646)
*368604: obj =   2.088117578e+03 inf =   3.692e+01 (107643)
*368624: obj =   2.088117578e+03 inf =   3.692e+01 (107637) 1
*368652: obj =   2.088117578e+03 inf =   3.692e+01 (107641)
*368679: obj =   2.088117578e+03 inf =   3.692e+01 (107649)
*368706: obj =   2.088117578e+03 inf =   3.692e+01 (107656)
*368725: obj =   2.088117502e+03 inf =   3.694e+01 (107651) 1
*368753: obj =   2.088117352e+03 inf =   3.699e+01 (107652)
*368781: obj =   2.088117348e+03 inf =   3.699e+01 (107651)
*368809: obj =   2.088117319e+03 inf =   3.700e+01 (107653)
*368826: obj =   2.088117274e+03 inf =   3.701e+01 (107650) 1
*368855: obj =   2.088117240e+03 inf =   3.702e+01 (107638)
*368884: obj =   2.088117210e+03 inf =   3.703e+01 (107645)
*368913: obj =   2.088117144e+03 inf =   3.705e+01 (107647)
*368927: obj =   2.088117121e+03 inf =   3.705e+01 (107654) 1
*368959: obj =   2.088117097e+03 inf =   3.706e+01 (107663)
*368990: obj =   2.088117087e+03 inf =   3.706e+01 (107662)
*369020: obj =   2.088117086e+03 inf =   3.706e+01 (107649)
*369028: obj =   2.088117086e+03 inf =   3.706e+01 (107644) 1
*369055: obj =   2.088117000e+03 inf =   3.709e+01 (107662)
*369082: obj =   2.088116985e+03 inf =   3.709e+01 (107672)
*369109: obj =   2.088116915e+03 inf =   3.712e+01 (107680)
*369129: obj =   2.088116795e+03 inf =   3.715e+01 (107673) 1
*369156: obj =   2.088116767e+03 inf =   3.716e+01 (107672)
*369183: obj =   2.088116693e+03 inf =   3.719e+01 (107669)
*369210: obj =   2.088116665e+03 inf =   3.719e+01 (107668)
*369230: obj =   2.088116644e+03 inf =   3.720e+01 (107670) 1
*369258: obj =   2.088116630e+03 inf =   3.720e+01 (107662)
*369286: obj =   2.088116630e+03 inf =   3.720e+01 (107660)
*369312: obj =   2.088116630e+03 inf =   3.720e+01 (107671)
*369331: obj =   2.088116629e+03 inf =   3.720e+01 (107683) 1
*369359: obj =   2.088116629e+03 inf =   3.720e+01 (107672)
*369387: obj =   2.088116629e+03 inf =   3.720e+01 (107682)
*369416: obj =   2.088116629e+03 inf =   3.719e+01 (107683)
*369432: obj =   2.088116626e+03 inf =   3.720e+01 (107675) 1
*369460: obj =   2.088116626e+03 inf =   3.719e+01 (107683)
*369487: obj =   2.088116626e+03 inf =   3.719e+01 (107677)
*369516: obj =   2.088116626e+03 inf =   3.719e+01 (107672)
*369533: obj =   2.088116626e+03 inf =   3.719e+01 (107667) 1
*369563: obj =   2.088116626e+03 inf =   3.719e+01 (107657)
*369593: obj =   2.088116626e+03 inf =   3.719e+01 (107655)
*369625: obj =   2.088116611e+03 inf =   3.719e+01 (107665)
*369634: obj =   2.088116611e+03 inf =   3.719e+01 (107662) 1
*369665: obj =   2.088116611e+03 inf =   3.719e+01 (107665)
*369697: obj =   2.088116608e+03 inf =   3.719e+01 (107664)
*369725: obj =   2.088116608e+03 inf =   3.719e+01 (107650)
*369735: obj =   2.088116608e+03 inf =   3.719e+01 (107647) 1
*369762: obj =   2.088116598e+03 inf =   3.719e+01 (107635)
*369789: obj =   2.088116598e+03 inf =   3.719e+01 (107638)
*369816: obj =   2.088116593e+03 inf =   3.719e+01 (107645)
*369837: obj =   2.088116575e+03 inf =   3.720e+01 (107636) 1
*369864: obj =   2.088116492e+03 inf =   3.722e+01 (107628)
*369892: obj =   2.088116477e+03 inf =   3.723e+01 (107612)
*369920: obj =   2.088116390e+03 inf =   3.726e+01 (107601)
*369938: obj =   2.088116363e+03 inf =   3.727e+01 (107604) 1
*369967: obj =   2.088116362e+03 inf =   3.727e+01 (107609)
*369995: obj =   2.088116333e+03 inf =   3.728e+01 (107608)
*370023: obj =   2.088116322e+03 inf =   3.728e+01 (107602)
*370039: obj =   2.088116320e+03 inf =   3.728e+01 (107612) 1
*370065: obj =   2.088116250e+03 inf =   3.730e+01 (107625)
*370092: obj =   2.088116250e+03 inf =   3.730e+01 (107612)
*370118: obj =   2.088116250e+03 inf =   3.730e+01 (107630)
*370140: obj =   2.088116235e+03 inf =   3.731e+01 (107626) 1
*370161: obj =   2.088116175e+03 inf =   3.732e+01 (107640)
*370182: obj =   2.088116080e+03 inf =   3.735e+01 (107633)
*370206: obj =   2.088116017e+03 inf =   3.736e+01 (107638)
*370230: obj =   2.088115999e+03 inf =   3.737e+01 (107629)
*370241: obj =   2.088115990e+03 inf =   3.737e+01 (107630) 1
*370268: obj =   2.088115895e+03 inf =   3.739e+01 (107627)
*370296: obj =   2.088115840e+03 inf =   3.741e+01 (107627)
*370323: obj =   2.088115839e+03 inf =   3.741e+01 (107625)
*370342: obj =   2.088115838e+03 inf =   3.741e+01 (107632) 1
*370372: obj =   2.088115838e+03 inf =   3.740e+01 (107614)
*370402: obj =   2.088115838e+03 inf =   3.740e+01 (107623)
*370432: obj =   2.088115825e+03 inf =   3.741e+01 (107622)
*370443: obj =   2.088115822e+03 inf =   3.741e+01 (107623) 1
*370474: obj =   2.088115822e+03 inf =   3.741e+01 (107649)
*370505: obj =   2.088115822e+03 inf =   3.741e+01 (107639)
*370535: obj =   2.088115821e+03 inf =   3.740e+01 (107616)
*370544: obj =   2.088115821e+03 inf =   3.740e+01 (107613) 1
*370575: obj =   2.088115813e+03 inf =   3.741e+01 (107618)
*370607: obj =   2.088115813e+03 inf =   3.741e+01 (107621)
*370639: obj =   2.088115813e+03 inf =   3.741e+01 (107615)
*370645: obj =   2.088115813e+03 inf =   3.741e+01 (107618) 1
*370675: obj =   2.088115811e+03 inf =   3.741e+01 (107621)
*370705: obj =   2.088115811e+03 inf =   3.740e+01 (107620)
*370734: obj =   2.088115810e+03 inf =   3.740e+01 (107626)
*370746: obj =   2.088115810e+03 inf =   3.740e+01 (107634) 1
*370777: obj =   2.088115805e+03 inf =   3.740e+01 (107641)
*370806: obj =   2.088115768e+03 inf =   3.741e+01 (107624)
*370834: obj =   2.088115768e+03 inf =   3.741e+01 (107603)
*370847: obj =   2.088115766e+03 inf =   3.741e+01 (107613) 1
*370873: obj =   2.088115766e+03 inf =   3.741e+01 (107619)
*370903: obj =   2.088115765e+03 inf =   3.741e+01 (107622)
*370932: obj =   2.088115765e+03 inf =   3.741e+01 (107622)
*370948: obj =   2.088115765e+03 inf =   3.741e+01 (107630) 1
*370978: obj =   2.088115765e+03 inf =   3.741e+01 (107644)
*371003: obj =   2.088115765e+03 inf =   3.741e+01 (107651)
*371031: obj =   2.088115765e+03 inf =   3.741e+01 (107638)
*371049: obj =   2.088115765e+03 inf =   3.741e+01 (107631) 1
*371078: obj =   2.088115765e+03 inf =   3.741e+01 (107621)
*371107: obj =   2.088115760e+03 inf =   3.741e+01 (107618)
*371136: obj =   2.088115740e+03 inf =   3.742e+01 (107625)
*371150: obj =   2.088115740e+03 inf =   3.742e+01 (107622) 1
*371180: obj =   2.088115740e+03 inf =   3.741e+01 (107628)
*371210: obj =   2.088115711e+03 inf =   3.742e+01 (107608)
*371241: obj =   2.088115684e+03 inf =   3.743e+01 (107603)
*371251: obj =   2.088115684e+03 inf =   3.743e+01 (107612) 1
*371280: obj =   2.088115684e+03 inf =   3.743e+01 (107601)
*371309: obj =   2.088115684e+03 inf =   3.743e+01 (107608)
*371338: obj =   2.088115684e+03 inf =   3.742e+01 (107599)
*371352: obj =   2.088115684e+03 inf =   3.742e+01 (107601) 1
*371383: obj =   2.088115684e+03 inf =   3.742e+01 (107617)
*371414: obj =   2.088115684e+03 inf =   3.742e+01 (107609)
*371448: obj =   2.088115684e+03 inf =   3.742e+01 (107602)
*371453: obj =   2.088115684e+03 inf =   3.742e+01 (107594) 1
*371483: obj =   2.088115684e+03 inf =   3.742e+01 (107591)
*371513: obj =   2.088115684e+03 inf =   3.742e+01 (107588)
*371542: obj =   2.088115684e+03 inf =   3.741e+01 (107583)
*371554: obj =   2.088115684e+03 inf =   3.741e+01 (107577) 1
*371584: obj =   2.088115683e+03 inf =   3.741e+01 (107573)
*371613: obj =   2.088115683e+03 inf =   3.741e+01 (107571)
*371642: obj =   2.088115683e+03 inf =   3.741e+01 (107558)
*371655: obj =   2.088115680e+03 inf =   3.741e+01 (107568) 1
*371684: obj =   2.088115680e+03 inf =   3.741e+01 (107564)
*371713: obj =   2.088115680e+03 inf =   3.741e+01 (107558)
*371743: obj =   2.088115639e+03 inf =   3.742e+01 (107553)
*371756: obj =   2.088115637e+03 inf =   3.742e+01 (107555) 1
*371786: obj =   2.088115579e+03 inf =   3.743e+01 (107527)
*371815: obj =   2.088115576e+03 inf =   3.743e+01 (107543)
*371844: obj =   2.088115573e+03 inf =   3.743e+01 (107538)
*371857: obj =   2.088115545e+03 inf =   3.744e+01 (107544) 1
*371887: obj =   2.088115509e+03 inf =   3.745e+01 (107530)
*371916: obj =   2.088115475e+03 inf =   3.746e+01 (107536)
*371945: obj =   2.088115414e+03 inf =   3.748e+01 (107530)
*371958: obj =   2.088115405e+03 inf =   3.749e+01 (107529) 1
*371984: obj =   2.088115405e+03 inf =   3.748e+01 (107540)
*372012: obj =   2.088115324e+03 inf =   3.751e+01 (107533)
*372040: obj =   2.088115276e+03 inf =   3.753e+01 (107539)
*372059: obj =   2.088115272e+03 inf =   3.753e+01 (107531) 1
*372091: obj =   2.088115272e+03 inf =   3.753e+01 (107535)
*372116: obj =   2.088115272e+03 inf =   3.753e+01 (107540)
*372144: obj =   2.088115272e+03 inf =   3.752e+01 (107539)
*372160: obj =   2.088115272e+03 inf =   3.752e+01 (107533) 1
*372191: obj =   2.088115272e+03 inf =   3.752e+01 (107544)
*372221: obj =   2.088115210e+03 inf =   3.754e+01 (107549)
*372251: obj =   2.088115210e+03 inf =   3.754e+01 (107552)
*372261: obj =   2.088115210e+03 inf =   3.754e+01 (107539) 1
*372292: obj =   2.088115194e+03 inf =   3.754e+01 (107539)
*372323: obj =   2.088115135e+03 inf =   3.756e+01 (107529)
*372353: obj =   2.088115120e+03 inf =   3.757e+01 (107541)
*372362: obj =   2.088115120e+03 inf =   3.757e+01 (107539) 1
*372392: obj =   2.088115120e+03 inf =   3.756e+01 (107541)
*372422: obj =   2.088115010e+03 inf =   3.760e+01 (107537)
*372452: obj =   2.088114920e+03 inf =   3.763e+01 (107543)
*372463: obj =   2.088114904e+03 inf =   3.763e+01 (107548) 1
*372493: obj =   2.088114882e+03 inf =   3.764e+01 (107550)
*372523: obj =   2.088114780e+03 inf =   3.767e+01 (107548)
*372552: obj =   2.088114772e+03 inf =   3.768e+01 (107541)
*372564: obj =   2.088114772e+03 inf =   3.768e+01 (107538) 1
*372594: obj =   2.088114744e+03 inf =   3.769e+01 (107543)
*372624: obj =   2.088114672e+03 inf =   3.771e+01 (107546)
*372653: obj =   2.088114672e+03 inf =   3.771e+01 (107545)
*372665: obj =   2.088114672e+03 inf =   3.771e+01 (107543) 1
*372695: obj =   2.088114672e+03 inf =   3.771e+01 (107547)
*372725: obj =   2.088114649e+03 inf =   3.771e+01 (107558)
*372756: obj =   2.088114591e+03 inf =   3.773e+01 (107557)
*372766: obj =   2.088114581e+03 inf =   3.773e+01 (107559) 1
*372796: obj =   2.088114491e+03 inf =   3.776e+01 (107546)
*372826: obj =   2.088114445e+03 inf =   3.778e+01 (107542)
*372856: obj =   2.088114442e+03 inf =   3.778e+01 (107559)
*372867: obj =   2.088114442e+03 inf =   3.778e+01 (107548) 1
*372897: obj =   2.088114440e+03 inf =   3.778e+01 (107537)
*372929: obj =   2.088114439e+03 inf =   3.778e+01 (107545)
*372959: obj =   2.088114329e+03 inf =   3.782e+01 (107545)
*372968: obj =   2.088114329e+03 inf =   3.782e+01 (107555) 1
*372999: obj =   2.088114328e+03 inf =   3.782e+01 (107549)
*373030: obj =   2.088114256e+03 inf =   3.784e+01 (107553)
*373060: obj =   2.088114184e+03 inf =   3.786e+01 (107553)
*373069: obj =   2.088114142e+03 inf =   3.787e+01 (107549) 1
*373097: obj =   2.088114031e+03 inf =   3.791e+01 (107547)
*373124: obj =   2.088114009e+03 inf =   3.791e+01 (107538)
*373151: obj =   2.088113945e+03 inf =   3.793e+01 (107546)
*373170: obj =   2.088113945e+03 inf =   3.793e+01 (107542) 1
*373201: obj =   2.088113926e+03 inf =   3.794e+01 (107570)
*373232: obj =   2.088113920e+03 inf =   3.794e+01 (107555)
*373262: obj =   2.088113849e+03 inf =   3.796e+01 (107551)
*373271: obj =   2.088113810e+03 inf =   3.797e+01 (107553) 1
*373300: obj =   2.088113778e+03 inf =   3.798e+01 (107557)
*373333: obj =   2.088113778e+03 inf =   3.798e+01 (107554)
*373364: obj =   2.088113778e+03 inf =   3.798e+01 (107568)
*373372: obj =   2.088113778e+03 inf =   3.798e+01 (107561) 1
*373401: obj =   2.088113778e+03 inf =   3.798e+01 (107552)
*373430: obj =   2.088113778e+03 inf =   3.798e+01 (107556)
*373458: obj =   2.088113778e+03 inf =   3.797e+01 (107564)
*373473: obj =   2.088113778e+03 inf =   3.797e+01 (107562) 1
*373502: obj =   2.088113778e+03 inf =   3.797e+01 (107566)
*373531: obj =   2.088113775e+03 inf =   3.797e+01 (107557)
*373561: obj =   2.088113756e+03 inf =   3.797e+01 (107559)
*373574: obj =   2.088113756e+03 inf =   3.797e+01 (107550) 1
*373603: obj =   2.088113732e+03 inf =   3.798e+01 (107542)
*373631: obj =   2.088113729e+03 inf =   3.798e+01 (107551)
*373659: obj =   2.088113645e+03 inf =   3.800e+01 (107540)
*373675: obj =   2.088113628e+03 inf =   3.800e+01 (107533) 1
*373706: obj =   2.088113628e+03 inf =   3.800e+01 (107568)
*373736: obj =   2.088113573e+03 inf =   3.802e+01 (107565)
*373768: obj =   2.088113550e+03 inf =   3.802e+01 (107567)
*373776: obj =   2.088113549e+03 inf =   3.802e+01 (107560) 1
*373806: obj =   2.088113542e+03 inf =   3.802e+01 (107570)
*373836: obj =   2.088113538e+03 inf =   3.802e+01 (107563)
*373865: obj =   2.088113538e+03 inf =   3.802e+01 (107562)
*373877: obj =   2.088113484e+03 inf =   3.804e+01 (107555) 1
*373906: obj =   2.088113452e+03 inf =   3.805e+01 (107565)
*373934: obj =   2.088113452e+03 inf =   3.805e+01 (107567)
*373962: obj =   2.088113414e+03 inf =   3.806e+01 (107576)
*373978: obj =   2.088113398e+03 inf =   3.807e+01 (107576) 1
*374006: obj =   2.088113398e+03 inf =   3.807e+01 (107571)
*374034: obj =   2.088113362e+03 inf =   3.808e+01 (107576)
*374062: obj =   2.088113362e+03 inf =   3.808e+01 (107583)
*374079: obj =   2.088113362e+03 inf =   3.807e+01 (107574) 1
*374109: obj =   2.088113288e+03 inf =   3.810e+01 (107592)
*374137: obj =   2.088113224e+03 inf =   3.811e+01 (107586)
*374161: obj =   2.088113220e+03 inf =   3.811e+01 (107592)
*374180: obj =   2.088113220e+03 inf =   3.811e+01 (107588) 1
*374208: obj =   2.088113220e+03 inf =   3.811e+01 (107590)
*374237: obj =   2.088113152e+03 inf =   3.813e+01 (107582)
*374266: obj =   2.088113081e+03 inf =   3.815e+01 (107582)
*374281: obj =   2.088113081e+03 inf =   3.815e+01 (107563) 1
*374309: obj =   2.088113030e+03 inf =   3.817e+01 (107564)
*374340: obj =   2.088113017e+03 inf =   3.817e+01 (107568)
*374367: obj =   2.088112963e+03 inf =   3.819e+01 (107563)
*374382: obj =   2.088112962e+03 inf =   3.819e+01 (107558) 1
*374409: obj =   2.088112962e+03 inf =   3.819e+01 (107551)
*374437: obj =   2.088112962e+03 inf =   3.818e+01 (107545)
*374464: obj =   2.088112961e+03 inf =   3.818e+01 (107542)
*374483: obj =   2.088112884e+03 inf =   3.820e+01 (107553) 1
*374511: obj =   2.088112812e+03 inf =   3.823e+01 (107542)
*374538: obj =   2.088112732e+03 inf =   3.825e+01 (107542)
*374565: obj =   2.088112732e+03 inf =   3.825e+01 (107544)
*374584: obj =   2.088112660e+03 inf =   3.827e+01 (107548) 1
*374611: obj =   2.088112566e+03 inf =   3.831e+01 (107542)
*374639: obj =   2.088112514e+03 inf =   3.832e+01 (107527)
*374667: obj =   2.088112510e+03 inf =   3.832e+01 (107539)
*374685: obj =   2.088112510e+03 inf =   3.832e+01 (107537) 1
*374712: obj =   2.088112473e+03 inf =   3.834e+01 (107561)
*374739: obj =   2.088112467e+03 inf =   3.834e+01 (107540)
*374767: obj =   2.088112439e+03 inf =   3.834e+01 (107543)
*374786: obj =   2.088112412e+03 inf =   3.835e+01 (107541) 1
*374814: obj =   2.088112380e+03 inf =   3.836e+01 (107555)
*374842: obj =   2.088112380e+03 inf =   3.836e+01 (107545)
*374869: obj =   2.088112379e+03 inf =   3.836e+01 (107539)
*374887: obj =   2.088112379e+03 inf =   3.836e+01 (107543) 1
*374914: obj =   2.088112378e+03 inf =   3.836e+01 (107541)
*374942: obj =   2.088112320e+03 inf =   3.837e+01 (107531)
*374970: obj =   2.088112259e+03 inf =   3.839e+01 (107513)
*374988: obj =   2.088112210e+03 inf =   3.841e+01 (107498) 1
*375018: obj =   2.088112200e+03 inf =   3.841e+01 (107512)
*375048: obj =   2.088112158e+03 inf =   3.843e+01 (107502)
*375078: obj =   2.088112111e+03 inf =   3.844e+01 (107499)
*375089: obj =   2.088112094e+03 inf =   3.845e+01 (107499) 1
*375116: obj =   2.088112090e+03 inf =   3.845e+01 (107487)
*375145: obj =   2.088112050e+03 inf =   3.846e+01 (107479)
*375174: obj =   2.088112049e+03 inf =   3.846e+01 (107472)
*375190: obj =   2.088112049e+03 inf =   3.846e+01 (107465) 1
*375218: obj =   2.088112049e+03 inf =   3.846e+01 (107468)
*375246: obj =   2.088111997e+03 inf =   3.847e+01 (107471)
*375273: obj =   2.088111960e+03 inf =   3.848e+01 (107476)
*375291: obj =   2.088111960e+03 inf =   3.848e+01 (107477) 1
*375319: obj =   2.088111911e+03 inf =   3.850e+01 (107479)
*375346: obj =   2.088111911e+03 inf =   3.850e+01 (107479)
*375373: obj =   2.088111911e+03 inf =   3.850e+01 (107462)
*375393: obj =   2.088111910e+03 inf =   3.850e+01 (107464) 1
*375420: obj =   2.088111910e+03 inf =   3.850e+01 (107455)
*375447: obj =   2.088111910e+03 inf =   3.850e+01 (107462)
*375474: obj =   2.088111896e+03 inf =   3.850e+01 (107448)
*375494: obj =   2.088111896e+03 inf =   3.850e+01 (107443) 1
*375520: obj =   2.088111896e+03 inf =   3.850e+01 (107449)
*375548: obj =   2.088111896e+03 inf =   3.849e+01 (107455)
*375575: obj =   2.088111896e+03 inf =   3.849e+01 (107453)
*375595: obj =   2.088111896e+03 inf =   3.849e+01 (107461) 1
*375620: obj =   2.088111820e+03 inf =   3.851e+01 (107456)
*375645: obj =   2.088111760e+03 inf =   3.853e+01 (107461)
*375671: obj =   2.088111704e+03 inf =   3.855e+01 (107448)
*375696: obj =   2.088111704e+03 inf =   3.855e+01 (107443) 1
*375724: obj =   2.088111697e+03 inf =   3.855e+01 (107453)
*375751: obj =   2.088111641e+03 inf =   3.857e+01 (107451)
*375779: obj =   2.088111593e+03 inf =   3.858e+01 (107453)
*375797: obj =   2.088111553e+03 inf =   3.860e+01 (107458) 1
*375824: obj =   2.088111553e+03 inf =   3.860e+01 (107468)
*375852: obj =   2.088111493e+03 inf =   3.862e+01 (107457)
*375880: obj =   2.088111441e+03 inf =   3.863e+01 (107457)
*375899: obj =   2.088111437e+03 inf =   3.863e+01 (107460) 1
*375928: obj =   2.088111398e+03 inf =   3.864e+01 (107464)
*375955: obj =   2.088111378e+03 inf =   3.865e+01 (107454)
*375982: obj =   2.088111377e+03 inf =   3.865e+01 (107450)
*376000: obj =   2.088111372e+03 inf =   3.865e+01 (107447) 1
*376026: obj =   2.088111353e+03 inf =   3.865e+01 (107435)
*376052: obj =   2.088111250e+03 inf =   3.868e+01 (107450)
*376078: obj =   2.088111248e+03 inf =   3.868e+01 (107460)
*376102: obj =   2.088111205e+03 inf =   3.869e+01 (107452) 1
*376127: obj =   2.088111146e+03 inf =   3.871e+01 (107448)
*376154: obj =   2.088111039e+03 inf =   3.874e+01 (107468)
*376180: obj =   2.088111013e+03 inf =   3.875e+01 (107453)
*376203: obj =   2.088110978e+03 inf =   3.876e+01 (107465) 1
*376229: obj =   2.088110977e+03 inf =   3.876e+01 (107452)
*376253: obj =   2.088110977e+03 inf =   3.876e+01 (107450)
*376273: obj =   2.088110887e+03 inf =   3.879e+01 (107451)
*376295: obj =   2.088110861e+03 inf =   3.880e+01 (107457)
*376305: obj =   2.088110821e+03 inf =   3.881e+01 (107451) 1
*376331: obj =   2.088110719e+03 inf =   3.885e+01 (107456)
*376358: obj =   2.088110647e+03 inf =   3.887e+01 (107462)
*376385: obj =   2.088110646e+03 inf =   3.887e+01 (107473)
*376406: obj =   2.088110646e+03 inf =   3.887e+01 (107462) 1
*376432: obj =   2.088110556e+03 inf =   3.890e+01 (107475)
*376457: obj =   2.088110511e+03 inf =   3.892e+01 (107470)
*376482: obj =   2.088110371e+03 inf =   3.896e+01 (107478)
*376507: obj =   2.088110299e+03 inf =   3.899e+01 (107475) 1
*376532: obj =   2.088110223e+03 inf =   3.901e+01 (107473)
*376557: obj =   2.088110223e+03 inf =   3.901e+01 (107476)
*376581: obj =   2.088110145e+03 inf =   3.904e+01 (107468)
*376606: obj =   2.088110145e+03 inf =   3.904e+01 (107452)
*376608: obj =   2.088110145e+03 inf =   3.904e+01 (107457) 1
*376633: obj =   2.088110101e+03 inf =   3.905e+01 (107469)
*376659: obj =   2.088110101e+03 inf =   3.905e+01 (107461)
*376684: obj =   2.088110101e+03 inf =   3.905e+01 (107472)
*376709: obj =   2.088110101e+03 inf =   3.905e+01 (107466) 1
*376737: obj =   2.088110041e+03 inf =   3.907e+01 (107468)
*376766: obj =   2.088109961e+03 inf =   3.909e+01 (107454)
*376795: obj =   2.088109938e+03 inf =   3.910e+01 (107452)
*376811: obj =   2.088109854e+03 inf =   3.913e+01 (107465) 1
*376839: obj =   2.088109827e+03 inf =   3.914e+01 (107454)
*376868: obj =   2.088109764e+03 inf =   3.916e+01 (107460)
*376896: obj =   2.088109691e+03 inf =   3.918e+01 (107474)
*376912: obj =   2.088109623e+03 inf =   3.921e+01 (107465) 1
*376941: obj =   2.088109553e+03 inf =   3.923e+01 (107473)
*376971: obj =   2.088109524e+03 inf =   3.924e+01 (107467)
*377001: obj =   2.088109522e+03 inf =   3.924e+01 (107465)
*377013: obj =   2.088109522e+03 inf =   3.924e+01 (107448) 1
*377043: obj =   2.088109522e+03 inf =   3.924e+01 (107452)
*377073: obj =   2.088109480e+03 inf =   3.926e+01 (107448)
*377103: obj =   2.088109430e+03 inf =   3.927e+01 (107439)
*377114: obj =   2.088109383e+03 inf =   3.929e+01 (107450) 1
*377144: obj =   2.088109312e+03 inf =   3.931e+01 (107451)
*377173: obj =   2.088109234e+03 inf =   3.934e+01 (107459)
*377203: obj =   2.088109194e+03 inf =   3.935e+01 (107457)
*377215: obj =   2.088109130e+03 inf =   3.938e+01 (107456) 1
*377243: obj =   2.088109082e+03 inf =   3.939e+01 (107453)
*377271: obj =   2.088109026e+03 inf =   3.941e+01 (107438)
*377304: obj =   2.088109012e+03 inf =   3.941e+01 (107441)
*377316: obj =   2.088109012e+03 inf =   3.941e+01 (107440) 1
*377346: obj =   2.088109012e+03 inf =   3.941e+01 (107430)
*377375: obj =   2.088109011e+03 inf =   3.941e+01 (107442)
*377406: obj =   2.088109011e+03 inf =   3.941e+01 (107454)
*377417: obj =   2.088109011e+03 inf =   3.941e+01 (107451) 1
*377449: obj =   2.088109011e+03 inf =   3.941e+01 (107442)
*377482: obj =   2.088109008e+03 inf =   3.940e+01 (107452)
*377515: obj =   2.088109007e+03 inf =   3.940e+01 (107449)
*377518: obj =   2.088109007e+03 inf =   3.940e+01 (107448) 1
*377550: obj =   2.088109004e+03 inf =   3.940e+01 (107450)
*377582: obj =   2.088109004e+03 inf =   3.940e+01 (107444)
*377615: obj =   2.088108964e+03 inf =   3.941e+01 (107452)
*377620: obj =   2.088108964e+03 inf =   3.941e+01 (107451) 1
*377652: obj =   2.088108964e+03 inf =   3.941e+01 (107444)
*377681: obj =   2.088108964e+03 inf =   3.941e+01 (107441)
*377710: obj =   2.088108961e+03 inf =   3.941e+01 (107450)
*377721: obj =   2.088108951e+03 inf =   3.941e+01 (107442) 1
*377752: obj =   2.088108928e+03 inf =   3.942e+01 (107446)
*377780: obj =   2.088108923e+03 inf =   3.942e+01 (107453)
*377808: obj =   2.088108901e+03 inf =   3.943e+01 (107456)
*377822: obj =   2.088108901e+03 inf =   3.943e+01 (107463) 1
*377852: obj =   2.088108901e+03 inf =   3.942e+01 (107452)
*377883: obj =   2.088108901e+03 inf =   3.942e+01 (107461)
*377913: obj =   2.088108900e+03 inf =   3.942e+01 (107449)
*377923: obj =   2.088108900e+03 inf =   3.942e+01 (107452) 1
*377955: obj =   2.088108900e+03 inf =   3.942e+01 (107452)
*377985: obj =   2.088108895e+03 inf =   3.942e+01 (107452)
*378014: obj =   2.088108846e+03 inf =   3.944e+01 (107458)
*378024: obj =   2.088108827e+03 inf =   3.945e+01 (107472) 1
*378053: obj =   2.088108826e+03 inf =   3.945e+01 (107459)
*378081: obj =   2.088108751e+03 inf =   3.947e+01 (107457)
*378110: obj =   2.088108650e+03 inf =   3.950e+01 (107452)
*378126: obj =   2.088108649e+03 inf =   3.950e+01 (107449) 1
*378158: obj =   2.088108595e+03 inf =   3.952e+01 (107461)
*378187: obj =   2.088108511e+03 inf =   3.955e+01 (107463)
*378217: obj =   2.088108501e+03 inf =   3.955e+01 (107463)
*378227: obj =   2.088108496e+03 inf =   3.955e+01 (107470) 1
*378258: obj =   2.088108486e+03 inf =   3.955e+01 (107471)
*378288: obj =   2.088108486e+03 inf =   3.955e+01 (107461)
*378317: obj =   2.088108450e+03 inf =   3.956e+01 (107468)
*378328: obj =   2.088108436e+03 inf =   3.957e+01 (107483) 1
*378359: obj =   2.088108387e+03 inf =   3.959e+01 (107457)
*378389: obj =   2.088108383e+03 inf =   3.959e+01 (107470)
*378421: obj =   2.088108383e+03 inf =   3.959e+01 (107449)
*378429: obj =   2.088108383e+03 inf =   3.958e+01 (107448) 1
*378457: obj =   2.088108379e+03 inf =   3.959e+01 (107428)
*378483: obj =   2.088108376e+03 inf =   3.959e+01 (107442)
*378509: obj =   2.088108376e+03 inf =   3.959e+01 (107446)
*378530: obj =   2.088108376e+03 inf =   3.959e+01 (107436) 1
*378561: obj =   2.088108369e+03 inf =   3.959e+01 (107440)
*378592: obj =   2.088108369e+03 inf =   3.959e+01 (107449)
*378623: obj =   2.088108369e+03 inf =   3.959e+01 (107452)
*378631: obj =   2.088108369e+03 inf =   3.959e+01 (107447) 1
*378662: obj =   2.088108369e+03 inf =   3.958e+01 (107431)
*378688: obj =   2.088108369e+03 inf =   3.958e+01 (107444)
*378715: obj =   2.088108369e+03 inf =   3.958e+01 (107448)
*378732: obj =   2.088108369e+03 inf =   3.958e+01 (107438) 1
*378760: obj =   2.088108328e+03 inf =   3.959e+01 (107410)
*378787: obj =   2.088108307e+03 inf =   3.960e+01 (107436)
*378815: obj =   2.088108300e+03 inf =   3.960e+01 (107406)
*378833: obj =   2.088108292e+03 inf =   3.960e+01 (107400) 1
*378861: obj =   2.088108268e+03 inf =   3.961e+01 (107405)
*378889: obj =   2.088108240e+03 inf =   3.962e+01 (107401)
*378916: obj =   2.088108224e+03 inf =   3.962e+01 (107411)
*378934: obj =   2.088108140e+03 inf =   3.965e+01 (107399) 1
*378962: obj =   2.088108131e+03 inf =   3.966e+01 (107396)
*378992: obj =   2.088108073e+03 inf =   3.967e+01 (107392)
*379020: obj =   2.088108073e+03 inf =   3.967e+01 (107404)
*379035: obj =   2.088108073e+03 inf =   3.967e+01 (107391) 1
*379062: obj =   2.088108022e+03 inf =   3.969e+01 (107398)
*379089: obj =   2.088108014e+03 inf =   3.969e+01 (107400)
*379117: obj =   2.088107973e+03 inf =   3.970e+01 (107412)
*379136: obj =   2.088107971e+03 inf =   3.971e+01 (107417) 1
*379163: obj =   2.088107958e+03 inf =   3.971e+01 (107394)
*379190: obj =   2.088107956e+03 inf =   3.971e+01 (107391)
*379217: obj =   2.088107955e+03 inf =   3.971e+01 (107386)
*379238: obj =   2.088107955e+03 inf =   3.971e+01 (107385) 1
*379267: obj =   2.088107955e+03 inf =   3.971e+01 (107393)
*379294: obj =   2.088107953e+03 inf =   3.971e+01 (107379)
*379324: obj =   2.088107953e+03 inf =   3.971e+01 (107380)
*379339: obj =   2.088107947e+03 inf =   3.971e+01 (107383) 1
*379371: obj =   2.088107947e+03 inf =   3.971e+01 (107382)
*379402: obj =   2.088107947e+03 inf =   3.970e+01 (107374)
*379431: obj =   2.088107947e+03 inf =   3.970e+01 (107353)
*379440: obj =   2.088107947e+03 inf =   3.970e+01 (107351) 1
*379468: obj =   2.088107947e+03 inf =   3.970e+01 (107366)
*379497: obj =   2.088107947e+03 inf =   3.970e+01 (107369)
*379525: obj =   2.088107947e+03 inf =   3.970e+01 (107372)
*379541: obj =   2.088107947e+03 inf =   3.970e+01 (107368) 1
*379569: obj =   2.088107947e+03 inf =   3.970e+01 (107373)
*379598: obj =   2.088107946e+03 inf =   3.970e+01 (107381)
*379628: obj =   2.088107946e+03 inf =   3.969e+01 (107379)
*379642: obj =   2.088107946e+03 inf =   3.969e+01 (107380) 1
*379674: obj =   2.088107935e+03 inf =   3.969e+01 (107389)
*379706: obj =   2.088107927e+03 inf =   3.969e+01 (107386)
*379735: obj =   2.088107893e+03 inf =   3.970e+01 (107392)
*379743: obj =   2.088107892e+03 inf =   3.970e+01 (107396) 1
*379772: obj =   2.088107842e+03 inf =   3.972e+01 (107392)
*379801: obj =   2.088107788e+03 inf =   3.974e+01 (107378)
*379830: obj =   2.088107770e+03 inf =   3.975e+01 (107393)
*379846: obj =   2.088107769e+03 inf =   3.975e+01 (107415) 1
*379876: obj =   2.088107753e+03 inf =   3.975e+01 (107399)
*379908: obj =   2.088107730e+03 inf =   3.975e+01 (107381)
*379940: obj =   2.088107721e+03 inf =   3.975e+01 (107381)
*379947: obj =   2.088107721e+03 inf =   3.975e+01 (107384) 1
*379979: obj =   2.088107714e+03 inf =   3.975e+01 (107388)
*380011: obj =   2.088107627e+03 inf =   3.976e+01 (107393)
*380042: obj =   2.088107614e+03 inf =   3.977e+01 (107395)
*380048: obj =   2.088107585e+03 inf =   3.977e+01 (107397) 1
*380077: obj =   2.088107539e+03 inf =   3.978e+01 (107391)
*380105: obj =   2.088107513e+03 inf =   3.978e+01 (107402)
*380133: obj =   2.088107513e+03 inf =   3.978e+01 (107413)
*380149: obj =   2.088107504e+03 inf =   3.978e+01 (107398) 1
*380178: obj =   2.088107435e+03 inf =   3.979e+01 (107394)
*380206: obj =   2.088107366e+03 inf =   3.980e+01 (107404)
*380233: obj =   2.088107366e+03 inf =   3.980e+01 (107408)
*380250: obj =   2.088107366e+03 inf =   3.980e+01 (107409) 1
*380279: obj =   2.088107366e+03 inf =   3.980e+01 (107409)
*380308: obj =   2.088107364e+03 inf =   3.980e+01 (107402)
*380336: obj =   2.088107344e+03 inf =   3.981e+01 (107411)
*380351: obj =   2.088107344e+03 inf =   3.981e+01 (107413) 1
*380379: obj =   2.088107316e+03 inf =   3.981e+01 (107413)
*380407: obj =   2.088107190e+03 inf =   3.985e+01 (107413)
*380435: obj =   2.088107094e+03 inf =   3.988e+01 (107424)
*380452: obj =   2.088107094e+03 inf =   3.988e+01 (107433) 1
*380476: obj =   2.088107092e+03 inf =   3.988e+01 (107425)
*380502: obj =   2.088107083e+03 inf =   3.988e+01 (107435)
*380530: obj =   2.088107045e+03 inf =   3.989e+01 (107444)
*380553: obj =   2.088106984e+03 inf =   3.991e+01 (107440) 1
*380580: obj =   2.088106896e+03 inf =   3.993e+01 (107426)
*380606: obj =   2.088106859e+03 inf =   3.994e+01 (107426)
*380629: obj =   2.088106851e+03 inf =   3.994e+01 (107433)
*380651: obj =   2.088106851e+03 inf =   3.994e+01 (107444)
*380654: obj =   2.088106851e+03 inf =   3.994e+01 (107441) 1
*380682: obj =   2.088106851e+03 inf =   3.994e+01 (107433)
*380709: obj =   2.088106850e+03 inf =   3.994e+01 (107441)
*380737: obj =   2.088106821e+03 inf =   3.995e+01 (107434)
*380755: obj =   2.088106798e+03 inf =   3.995e+01 (107430) 1
*380783: obj =   2.088106717e+03 inf =   3.998e+01 (107429)
*380812: obj =   2.088106704e+03 inf =   3.998e+01 (107425)
*380840: obj =   2.088106665e+03 inf =   3.999e+01 (107409)
*380856: obj =   2.088106647e+03 inf =   4.000e+01 (107422) 1
*380885: obj =   2.088106647e+03 inf =   4.000e+01 (107417)
*380913: obj =   2.088106591e+03 inf =   4.002e+01 (107418)
*380941: obj =   2.088106588e+03 inf =   4.002e+01 (107420)
*380957: obj =   2.088106582e+03 inf =   4.002e+01 (107414) 1
*380988: obj =   2.088106532e+03 inf =   4.003e+01 (107416)
*381016: obj =   2.088106487e+03 inf =   4.005e+01 (107427)
*381045: obj =   2.088106482e+03 inf =   4.005e+01 (107412)
*381058: obj =   2.088106482e+03 inf =   4.005e+01 (107423) 1
*381088: obj =   2.088106482e+03 inf =   4.005e+01 (107402)
*381117: obj =   2.088106482e+03 inf =   4.005e+01 (107402)
*381146: obj =   2.088106478e+03 inf =   4.005e+01 (107373)
*381159: obj =   2.088106478e+03 inf =   4.005e+01 (107369) 1
*381188: obj =   2.088106477e+03 inf =   4.004e+01 (107367)
*381215: obj =   2.088106424e+03 inf =   4.006e+01 (107367)
*381239: obj =   2.088106418e+03 inf =   4.006e+01 (107377)
*381260: obj =   2.088106418e+03 inf =   4.006e+01 (107373) 1
*381286: obj =   2.088106418e+03 inf =   4.006e+01 (107368)
*381312: obj =   2.088106293e+03 inf =   4.011e+01 (107363)
*381338: obj =   2.088106229e+03 inf =   4.013e+01 (107364)
*381361: obj =   2.088106221e+03 inf =   4.013e+01 (107355) 1
*381388: obj =   2.088106219e+03 inf =   4.013e+01 (107373)
*381416: obj =   2.088106179e+03 inf =   4.015e+01 (107366)
*381445: obj =   2.088106178e+03 inf =   4.015e+01 (107350)
*381463: obj =   2.088106178e+03 inf =   4.015e+01 (107345) 1
*381494: obj =   2.088106178e+03 inf =   4.014e+01 (107333)
*381523: obj =   2.088106178e+03 inf =   4.014e+01 (107343)
*381551: obj =   2.088106176e+03 inf =   4.014e+01 (107342)
*381564: obj =   2.088106176e+03 inf =   4.014e+01 (107360) 1
*381595: obj =   2.088106176e+03 inf =   4.014e+01 (107362)
*381625: obj =   2.088106176e+03 inf =   4.014e+01 (107377)
*381655: obj =   2.088106176e+03 inf =   4.014e+01 (107401)
*381665: obj =   2.088106176e+03 inf =   4.014e+01 (107398) 1
*381694: obj =   2.088106176e+03 inf =   4.014e+01 (107397)
*381722: obj =   2.088106174e+03 inf =   4.014e+01 (107385)
*381750: obj =   2.088106142e+03 inf =   4.015e+01 (107389)
*381766: obj =   2.088106130e+03 inf =   4.015e+01 (107402) 1
*381794: obj =   2.088106074e+03 inf =   4.017e+01 (107409)
*381822: obj =   2.088106043e+03 inf =   4.018e+01 (107399)
*381851: obj =   2.088106008e+03 inf =   4.019e+01 (107422)
*381868: obj =   2.088105979e+03 inf =   4.020e+01 (107428) 1
*381900: obj =   2.088105961e+03 inf =   4.020e+01 (107418)
*381929: obj =   2.088105937e+03 inf =   4.021e+01 (107418)
*381958: obj =   2.088105894e+03 inf =   4.023e+01 (107405)
*381969: obj =   2.088105879e+03 inf =   4.023e+01 (107420) 1
*382004: obj =   2.088105860e+03 inf =   4.023e+01 (107425)
*382037: obj =   2.088105847e+03 inf =   4.023e+01 (107431)
*382068: obj =   2.088105826e+03 inf =   4.024e+01 (107435)
*382071: obj =   2.088105826e+03 inf =   4.024e+01 (107431) 1
*382101: obj =   2.088105826e+03 inf =   4.024e+01 (107452)
*382131: obj =   2.088105822e+03 inf =   4.024e+01 (107435)
*382161: obj =   2.088105822e+03 inf =   4.024e+01 (107435)
*382172: obj =   2.088105822e+03 inf =   4.024e+01 (107426) 1
*382201: obj =   2.088105820e+03 inf =   4.024e+01 (107412)
*382230: obj =   2.088105747e+03 inf =   4.026e+01 (107423)
*382260: obj =   2.088105706e+03 inf =   4.027e+01 (107434)
*382273: obj =   2.088105695e+03 inf =   4.027e+01 (107430) 1
*382304: obj =   2.088105642e+03 inf =   4.029e+01 (107442)
*382334: obj =   2.088105638e+03 inf =   4.029e+01 (107439)
*382364: obj =   2.088105598e+03 inf =   4.031e+01 (107427)
*382374: obj =   2.088105587e+03 inf =   4.031e+01 (107421) 1
*382404: obj =   2.088105559e+03 inf =   4.032e+01 (107424)
*382434: obj =   2.088105476e+03 inf =   4.035e+01 (107426)
*382463: obj =   2.088105458e+03 inf =   4.035e+01 (107433)
*382475: obj =   2.088105458e+03 inf =   4.035e+01 (107416) 1
*382506: obj =   2.088105457e+03 inf =   4.035e+01 (107410)
*382537: obj =   2.088105418e+03 inf =   4.036e+01 (107420)
*382568: obj =   2.088105389e+03 inf =   4.037e+01 (107428)
*382576: obj =   2.088105389e+03 inf =   4.037e+01 (107428) 1
*382603: obj =   2.088105388e+03 inf =   4.037e+01 (107426)
*382635: obj =   2.088105363e+03 inf =   4.037e+01 (107423)
*382665: obj =   2.088105363e+03 inf =   4.037e+01 (107432)
*382677: obj =   2.088105363e+03 inf =   4.037e+01 (107435) 1
*382707: obj =   2.088105363e+03 inf =   4.037e+01 (107432)
*382737: obj =   2.088105363e+03 inf =   4.037e+01 (107429)
*382766: obj =   2.088105361e+03 inf =   4.037e+01 (107427)
*382778: obj =   2.088105361e+03 inf =   4.037e+01 (107436) 1
*382807: obj =   2.088105309e+03 inf =   4.038e+01 (107448)
*382837: obj =   2.088105277e+03 inf =   4.039e+01 (107443)
*382867: obj =   2.088105276e+03 inf =   4.039e+01 (107444)
*382879: obj =   2.088105276e+03 inf =   4.039e+01 (107442) 1
*382909: obj =   2.088105247e+03 inf =   4.040e+01 (107425)
*382938: obj =   2.088105243e+03 inf =   4.040e+01 (107449)
*382967: obj =   2.088105202e+03 inf =   4.041e+01 (107444)
*382980: obj =   2.088105202e+03 inf =   4.041e+01 (107437) 1
*383010: obj =   2.088105164e+03 inf =   4.042e+01 (107443)
*383040: obj =   2.088105159e+03 inf =   4.042e+01 (107436)
*383070: obj =   2.088105159e+03 inf =   4.042e+01 (107421)
*383081: obj =   2.088105142e+03 inf =   4.042e+01 (107428) 1
*383110: obj =   2.088105071e+03 inf =   4.045e+01 (107428)
*383138: obj =   2.088105042e+03 inf =   4.045e+01 (107437)
*383165: obj =   2.088105030e+03 inf =   4.046e+01 (107420)
*383182: obj =   2.088105017e+03 inf =   4.046e+01 (107421) 1
*383212: obj =   2.088104939e+03 inf =   4.049e+01 (107420)
*383241: obj =   2.088104865e+03 inf =   4.051e+01 (107414)
*383272: obj =   2.088104862e+03 inf =   4.051e+01 (107408)
*383283: obj =   2.088104846e+03 inf =   4.051e+01 (107404) 1
*383310: obj =   2.088104730e+03 inf =   4.055e+01 (107403)
*383338: obj =   2.088104705e+03 inf =   4.056e+01 (107397)
*383366: obj =   2.088104605e+03 inf =   4.059e+01 (107402)
*383384: obj =   2.088104546e+03 inf =   4.061e+01 (107394) 1
*383412: obj =   2.088104474e+03 inf =   4.063e+01 (107391)
*383440: obj =   2.088104429e+03 inf =   4.065e+01 (107389)
*383468: obj =   2.088104429e+03 inf =   4.065e+01 (107413)
*383485: obj =   2.088104429e+03 inf =   4.065e+01 (107416) 1
*383514: obj =   2.088104392e+03 inf =   4.066e+01 (107399)
*383543: obj =   2.088104228e+03 inf =   4.072e+01 (107414)
*383573: obj =   2.088104187e+03 inf =   4.073e+01 (107414)
*383586: obj =   2.088104162e+03 inf =   4.074e+01 (107410) 1
*383616: obj =   2.088104155e+03 inf =   4.074e+01 (107405)
*383648: obj =   2.088104129e+03 inf =   4.075e+01 (107414)
*383682: obj =   2.088104129e+03 inf =   4.075e+01 (107405)
*383687: obj =   2.088104129e+03 inf =   4.075e+01 (107411) 1
*383719: obj =   2.088104110e+03 inf =   4.075e+01 (107415)
*383747: obj =   2.088104078e+03 inf =   4.076e+01 (107398)
*383775: obj =   2.088104004e+03 inf =   4.079e+01 (107417)
*383788: obj =   2.088103994e+03 inf =   4.079e+01 (107397) 1
*383816: obj =   2.088103961e+03 inf =   4.080e+01 (107417)
*383844: obj =   2.088103946e+03 inf =   4.081e+01 (107412)
*383872: obj =   2.088103932e+03 inf =   4.081e+01 (107408)
*383889: obj =   2.088103930e+03 inf =   4.081e+01 (107412) 1
*383917: obj =   2.088103824e+03 inf =   4.084e+01 (107419)
*383945: obj =   2.088103793e+03 inf =   4.085e+01 (107388)
*383975: obj =   2.088103786e+03 inf =   4.085e+01 (107379)
*383990: obj =   2.088103786e+03 inf =   4.085e+01 (107390) 1
*384020: obj =   2.088103786e+03 inf =   4.085e+01 (107381)
*384049: obj =   2.088103786e+03 inf =   4.085e+01 (107379)
*384078: obj =   2.088103785e+03 inf =   4.085e+01 (107392)
*384091: obj =   2.088103785e+03 inf =   4.085e+01 (107376) 1
*384118: obj =   2.088103719e+03 inf =   4.087e+01 (107385)
*384145: obj =   2.088103651e+03 inf =   4.090e+01 (107382)
*384174: obj =   2.088103559e+03 inf =   4.092e+01 (107390)
*384192: obj =   2.088103526e+03 inf =   4.093e+01 (107395) 1
*384220: obj =   2.088103526e+03 inf =   4.093e+01 (107387)
*384249: obj =   2.088103502e+03 inf =   4.094e+01 (107390)
*384275: obj =   2.088103497e+03 inf =   4.094e+01 (107391)
*384293: obj =   2.088103497e+03 inf =   4.094e+01 (107394) 1
*384321: obj =   2.088103497e+03 inf =   4.094e+01 (107397)
*384349: obj =   2.088103497e+03 inf =   4.094e+01 (107396)
*384375: obj =   2.088103466e+03 inf =   4.095e+01 (107388)
*384396: obj =   2.088103449e+03 inf =   4.095e+01 (107399) 1
*384424: obj =   2.088103449e+03 inf =   4.095e+01 (107408)
*384452: obj =   2.088103449e+03 inf =   4.095e+01 (107407)
*384482: obj =   2.088103435e+03 inf =   4.095e+01 (107393)
*384497: obj =   2.088103435e+03 inf =   4.095e+01 (107390) 1
*384526: obj =   2.088103400e+03 inf =   4.096e+01 (107381)
*384554: obj =   2.088103399e+03 inf =   4.096e+01 (107374)
*384582: obj =   2.088103386e+03 inf =   4.097e+01 (107352)
*384598: obj =   2.088103386e+03 inf =   4.096e+01 (107346) 1
*384629: obj =   2.088103384e+03 inf =   4.096e+01 (107345)
*384657: obj =   2.088103337e+03 inf =   4.098e+01 (107348)
*384684: obj =   2.088103306e+03 inf =   4.099e+01 (107355)
*384699: obj =   2.088103261e+03 inf =   4.100e+01 (107347) 1
*384727: obj =   2.088103173e+03 inf =   4.103e+01 (107347)
*384756: obj =   2.088103172e+03 inf =   4.103e+01 (107345)
*384784: obj =   2.088103172e+03 inf =   4.103e+01 (107351)
*384800: obj =   2.088103139e+03 inf =   4.104e+01 (107344) 1
*384827: obj =   2.088103070e+03 inf =   4.107e+01 (107362)
*384855: obj =   2.088103065e+03 inf =   4.107e+01 (107347)
*384884: obj =   2.088102990e+03 inf =   4.109e+01 (107353)
*384901: obj =   2.088102973e+03 inf =   4.109e+01 (107371) 1
*384928: obj =   2.088102933e+03 inf =   4.111e+01 (107372)
*384953: obj =   2.088102933e+03 inf =   4.111e+01 (107367)
*384981: obj =   2.088102873e+03 inf =   4.113e+01 (107357)
*385002: obj =   2.088102870e+03 inf =   4.113e+01 (107350) 1
*385029: obj =   2.088102843e+03 inf =   4.113e+01 (107338)
*385055: obj =   2.088102806e+03 inf =   4.114e+01 (107333)
*385081: obj =   2.088102800e+03 inf =   4.114e+01 (107340)
*385104: obj =   2.088102800e+03 inf =   4.114e+01 (107322) 1
*385127: obj =   2.088102799e+03 inf =   4.114e+01 (107334)
*385149: obj =   2.088102799e+03 inf =   4.114e+01 (107348)
*385174: obj =   2.088102799e+03 inf =   4.114e+01 (107354)
*385202: obj =   2.088102737e+03 inf =   4.117e+01 (107347)
*385205: obj =   2.088102737e+03 inf =   4.117e+01 (107351) 1
*385234: obj =   2.088102716e+03 inf =   4.117e+01 (107355)
*385263: obj =   2.088102715e+03 inf =   4.117e+01 (107359)
*385291: obj =   2.088102715e+03 inf =   4.117e+01 (107343)
*385306: obj =   2.088102675e+03 inf =   4.118e+01 (107350) 1
*385334: obj =   2.088102573e+03 inf =   4.122e+01 (107349)
*385362: obj =   2.088102545e+03 inf =   4.123e+01 (107331)
*385390: obj =   2.088102459e+03 inf =   4.126e+01 (107340)
*385407: obj =   2.088102425e+03 inf =   4.126e+01 (107333) 1
*385435: obj =   2.088102383e+03 inf =   4.128e+01 (107339)
*385464: obj =   2.088102326e+03 inf =   4.130e+01 (107332)
*385492: obj =   2.088102221e+03 inf =   4.133e+01 (107331)
*385508: obj =   2.088102210e+03 inf =   4.133e+01 (107321) 1
*385537: obj =   2.088102111e+03 inf =   4.137e+01 (107323)
*385566: obj =   2.088102110e+03 inf =   4.137e+01 (107310)
*385594: obj =   2.088102109e+03 inf =   4.137e+01 (107312)
*385609: obj =   2.088102061e+03 inf =   4.138e+01 (107311) 1
*385638: obj =   2.088101988e+03 inf =   4.141e+01 (107321)
*385667: obj =   2.088101923e+03 inf =   4.143e+01 (107316)
*385697: obj =   2.088101923e+03 inf =   4.143e+01 (107318)
*385710: obj =   2.088101923e+03 inf =   4.143e+01 (107316) 1
*385740: obj =   2.088101922e+03 inf =   4.143e+01 (107313)
*385769: obj =   2.088101922e+03 inf =   4.143e+01 (107293)
*385798: obj =   2.088101922e+03 inf =   4.143e+01 (107291)
*385814: obj =   2.088101922e+03 inf =   4.143e+01 (107298) 1
*385842: obj =   2.088101884e+03 inf =   4.144e+01 (107295)
*385870: obj =   2.088101810e+03 inf =   4.146e+01 (107285)
*385899: obj =   2.088101770e+03 inf =   4.147e+01 (107295)
*385915: obj =   2.088101770e+03 inf =   4.147e+01 (107298) 1
*385945: obj =   2.088101724e+03 inf =   4.149e+01 (107292)
*385977: obj =   2.088101679e+03 inf =   4.150e+01 (107285)
*386006: obj =   2.088101669e+03 inf =   4.150e+01 (107275)
*386016: obj =   2.088101669e+03 inf =   4.150e+01 (107288) 1
*386043: obj =   2.088101669e+03 inf =   4.150e+01 (107288)
*386069: obj =   2.088101605e+03 inf =   4.153e+01 (107284)
*386096: obj =   2.088101583e+03 inf =   4.153e+01 (107288)
*386117: obj =   2.088101475e+03 inf =   4.157e+01 (107289) 1
*386145: obj =   2.088101419e+03 inf =   4.159e+01 (107281)
*386174: obj =   2.088101312e+03 inf =   4.163e+01 (107280)
*386204: obj =   2.088101299e+03 inf =   4.163e+01 (107297)
*386218: obj =   2.088101289e+03 inf =   4.163e+01 (107298) 1
*386248: obj =   2.088101264e+03 inf =   4.164e+01 (107308)
*386277: obj =   2.088101219e+03 inf =   4.166e+01 (107301)
*386306: obj =   2.088101219e+03 inf =   4.166e+01 (107295)
*386319: obj =   2.088101219e+03 inf =   4.166e+01 (107291) 1
*386348: obj =   2.088101137e+03 inf =   4.168e+01 (107291)
*386380: obj =   2.088101109e+03 inf =   4.169e+01 (107290)
*386412: obj =   2.088101090e+03 inf =   4.169e+01 (107285)
*386420: obj =   2.088101090e+03 inf =   4.169e+01 (107274) 1
*386448: obj =   2.088101061e+03 inf =   4.170e+01 (107256)
*386476: obj =   2.088101061e+03 inf =   4.170e+01 (107254)
*386504: obj =   2.088101060e+03 inf =   4.170e+01 (107260)
*386521: obj =   2.088101060e+03 inf =   4.170e+01 (107263) 1
*386549: obj =   2.088101060e+03 inf =   4.170e+01 (107245)
*386577: obj =   2.088101060e+03 inf =   4.170e+01 (107246)
*386605: obj =   2.088100981e+03 inf =   4.172e+01 (107236)
*386622: obj =   2.088100924e+03 inf =   4.174e+01 (107247) 1
*386650: obj =   2.088100924e+03 inf =   4.174e+01 (107236)
*386679: obj =   2.088100855e+03 inf =   4.177e+01 (107242)
*386708: obj =   2.088100767e+03 inf =   4.179e+01 (107229)
*386723: obj =   2.088100728e+03 inf =   4.181e+01 (107232) 1
*386754: obj =   2.088100616e+03 inf =   4.184e+01 (107227)
*386784: obj =   2.088100568e+03 inf =   4.186e+01 (107241)
*386814: obj =   2.088100481e+03 inf =   4.188e+01 (107239)
*386824: obj =   2.088100480e+03 inf =   4.188e+01 (107224) 1
*386854: obj =   2.088100480e+03 inf =   4.188e+01 (107232)
*386883: obj =   2.088100471e+03 inf =   4.188e+01 (107212)
*386907: obj =   2.088100444e+03 inf =   4.189e+01 (107225)
*386926: obj =   2.088100434e+03 inf =   4.189e+01 (107232) 1
*386954: obj =   2.088100383e+03 inf =   4.191e+01 (107237)
*386981: obj =   2.088100381e+03 inf =   4.191e+01 (107231)
*387010: obj =   2.088100339e+03 inf =   4.192e+01 (107236)
*387027: obj =   2.088100339e+03 inf =   4.192e+01 (107233) 1
*387056: obj =   2.088100337e+03 inf =   4.192e+01 (107240)
*387086: obj =   2.088100308e+03 inf =   4.193e+01 (107243)
*387114: obj =   2.088100275e+03 inf =   4.194e+01 (107241)
*387128: obj =   2.088100275e+03 inf =   4.194e+01 (107243) 1
*387158: obj =   2.088100272e+03 inf =   4.194e+01 (107239)
*387190: obj =   2.088100253e+03 inf =   4.194e+01 (107245)
*387219: obj =   2.088100204e+03 inf =   4.196e+01 (107266)
*387230: obj =   2.088100204e+03 inf =   4.196e+01 (107276) 1
*387259: obj =   2.088100200e+03 inf =   4.196e+01 (107275)
*387290: obj =   2.088100200e+03 inf =   4.196e+01 (107272)
*387320: obj =   2.088100186e+03 inf =   4.196e+01 (107262)
*387331: obj =   2.088100186e+03 inf =   4.196e+01 (107264) 1
*387360: obj =   2.088100186e+03 inf =   4.196e+01 (107276)
*387389: obj =   2.088100158e+03 inf =   4.197e+01 (107284)
*387421: obj =   2.088100092e+03 inf =   4.200e+01 (107282)
*387433: obj =   2.088100091e+03 inf =   4.200e+01 (107280) 1
*387461: obj =   2.088100091e+03 inf =   4.200e+01 (107273)
*387488: obj =   2.088100032e+03 inf =   4.202e+01 (107286)
*387518: obj =   2.088099967e+03 inf =   4.204e+01 (107291)
*387534: obj =   2.088099967e+03 inf =   4.204e+01 (107288) 1
*387568: obj =   2.088099967e+03 inf =   4.204e+01 (107303)
*387597: obj =   2.088099921e+03 inf =   4.205e+01 (107293)
*387626: obj =   2.088099860e+03 inf =   4.207e+01 (107293)
*387635: obj =   2.088099860e+03 inf =   4.207e+01 (107303) 1
*387664: obj =   2.088099732e+03 inf =   4.212e+01 (107305)
*387693: obj =   2.088099609e+03 inf =   4.216e+01 (107302)
*387722: obj =   2.088099609e+03 inf =   4.216e+01 (107307)
*387736: obj =   2.088099609e+03 inf =   4.216e+01 (107314) 1
*387767: obj =   2.088099550e+03 inf =   4.218e+01 (107304)
*387797: obj =   2.088099548e+03 inf =   4.218e+01 (107298)
*387828: obj =   2.088099548e+03 inf =   4.218e+01 (107292)
*387837: obj =   2.088099548e+03 inf =   4.218e+01 (107285) 1
*387867: obj =   2.088099465e+03 inf =   4.222e+01 (107291)
*387901: obj =   2.088099408e+03 inf =   4.223e+01 (107279)
*387932: obj =   2.088099392e+03 inf =   4.224e+01 (107294)
*387938: obj =   2.088099372e+03 inf =   4.224e+01 (107288) 1
*387969: obj =   2.088099324e+03 inf =   4.226e+01 (107291)
*388001: obj =   2.088099264e+03 inf =   4.228e+01 (107284)
*388031: obj =   2.088099199e+03 inf =   4.230e+01 (107279)
*388039: obj =   2.088099199e+03 inf =   4.230e+01 (107276) 1
*388069: obj =   2.088099186e+03 inf =   4.230e+01 (107265)
*388099: obj =   2.088099186e+03 inf =   4.230e+01 (107273)
*388129: obj =   2.088099100e+03 inf =   4.234e+01 (107274)
*388140: obj =   2.088099030e+03 inf =   4.236e+01 (107281) 1
*388171: obj =   2.088098861e+03 inf =   4.242e+01 (107279)
*388202: obj =   2.088098765e+03 inf =   4.246e+01 (107280)
*388229: obj =   2.088098672e+03 inf =   4.249e+01 (107270)
*388241: obj =   2.088098671e+03 inf =   4.249e+01 (107276) 1
*388272: obj =   2.088098634e+03 inf =   4.251e+01 (107276)
*388303: obj =   2.088098549e+03 inf =   4.253e+01 (107273)
*388335: obj =   2.088098539e+03 inf =   4.254e+01 (107286)
*388342: obj =   2.088098539e+03 inf =   4.254e+01 (107283) 1
*388373: obj =   2.088098393e+03 inf =   4.259e+01 (107295)
*388404: obj =   2.088098360e+03 inf =   4.260e+01 (107296)
*388437: obj =   2.088098262e+03 inf =   4.263e+01 (107279)
*388443: obj =   2.088098244e+03 inf =   4.264e+01 (107271) 1
*388474: obj =   2.088098097e+03 inf =   4.269e+01 (107286)
*388508: obj =   2.088098088e+03 inf =   4.269e+01 (107272)
*388543: obj =   2.088098078e+03 inf =   4.269e+01 (107277)
*388544: obj =   2.088098078e+03 inf =   4.269e+01 (107277) 1
*388578: obj =   2.088098077e+03 inf =   4.269e+01 (107274)
*388611: obj =   2.088098077e+03 inf =   4.269e+01 (107278)
*388643: obj =   2.088098077e+03 inf =   4.269e+01 (107277)
*388645: obj =   2.088098077e+03 inf =   4.269e+01 (107283) 1
*388677: obj =   2.088098077e+03 inf =   4.269e+01 (107289)
*388709: obj =   2.088098077e+03 inf =   4.269e+01 (107278)
*388741: obj =   2.088098077e+03 inf =   4.269e+01 (107270)
*388746: obj =   2.088098077e+03 inf =   4.269e+01 (107275) 1
*388779: obj =   2.088098077e+03 inf =   4.268e+01 (107258)
*388812: obj =   2.088098077e+03 inf =   4.268e+01 (107261)
*388846: obj =   2.088098050e+03 inf =   4.269e+01 (107261)
*388847: obj =   2.088098050e+03 inf =   4.269e+01 (107256) 1
*388878: obj =   2.088098034e+03 inf =   4.270e+01 (107248)
*388909: obj =   2.088098008e+03 inf =   4.270e+01 (107248)
*388939: obj =   2.088098007e+03 inf =   4.270e+01 (107238)
*388948: obj =   2.088098007e+03 inf =   4.270e+01 (107235) 1
*388980: obj =   2.088098004e+03 inf =   4.270e+01 (107231)
*389011: obj =   2.088097973e+03 inf =   4.271e+01 (107211)
*389041: obj =   2.088097967e+03 inf =   4.272e+01 (107223)
*389050: obj =   2.088097967e+03 inf =   4.272e+01 (107224) 1
*389080: obj =   2.088097921e+03 inf =   4.273e+01 (107221)
*389109: obj =   2.088097852e+03 inf =   4.275e+01 (107238)
*389139: obj =   2.088097851e+03 inf =   4.275e+01 (107231)
*389151: obj =   2.088097851e+03 inf =   4.275e+01 (107229) 1
*389181: obj =   2.088097768e+03 inf =   4.278e+01 (107224)
*389211: obj =   2.088097705e+03 inf =   4.280e+01 (107227)
*389241: obj =   2.088097705e+03 inf =   4.280e+01 (107227)
*389252: obj =   2.088097705e+03 inf =   4.280e+01 (107222) 1
*389285: obj =   2.088097703e+03 inf =   4.280e+01 (107229)
*389317: obj =   2.088097702e+03 inf =   4.280e+01 (107246)
*389347: obj =   2.088097702e+03 inf =   4.280e+01 (107249)
*389353: obj =   2.088097702e+03 inf =   4.280e+01 (107251) 1
*389385: obj =   2.088097702e+03 inf =   4.280e+01 (107235)
*389417: obj =   2.088097701e+03 inf =   4.279e+01 (107239)
*389450: obj =   2.088097701e+03 inf =   4.279e+01 (107236)
*389454: obj =   2.088097701e+03 inf =   4.279e+01 (107227) 1
*389487: obj =   2.088097699e+03 inf =   4.279e+01 (107220)
*389521: obj =   2.088097699e+03 inf =   4.279e+01 (107221)
*389555: obj =   2.088097699e+03 inf =   4.279e+01 (107212) 1
*389589: obj =   2.088097699e+03 inf =   4.278e+01 (107203)
*389621: obj =   2.088097699e+03 inf =   4.278e+01 (107194)
*389655: obj =   2.088097699e+03 inf =   4.278e+01 (107190)
*389656: obj =   2.088097699e+03 inf =   4.278e+01 (107193) 1
*389690: obj =   2.088097672e+03 inf =   4.278e+01 (107214)
*389723: obj =   2.088097657e+03 inf =   4.278e+01 (107211)
*389752: obj =   2.088097654e+03 inf =   4.278e+01 (107207)
*389757: obj =   2.088097654e+03 inf =   4.278e+01 (107205) 1
*389790: obj =   2.088097654e+03 inf =   4.278e+01 (107208)
*389823: obj =   2.088097640e+03 inf =   4.278e+01 (107211)
*389848: obj =   2.088097595e+03 inf =   4.279e+01 (107217)
*389858: obj =   2.088097546e+03 inf =   4.281e+01 (107205) 1
*389888: obj =   2.088097511e+03 inf =   4.282e+01 (107214)
*389920: obj =   2.088097488e+03 inf =   4.283e+01 (107219)
*389952: obj =   2.088097468e+03 inf =   4.283e+01 (107215)
*389959: obj =   2.088097468e+03 inf =   4.283e+01 (107203) 1
*389989: obj =   2.088097463e+03 inf =   4.283e+01 (107210)
*390019: obj =   2.088097410e+03 inf =   4.285e+01 (107215)
*390049: obj =   2.088097353e+03 inf =   4.288e+01 (107207)
*390060: obj =   2.088097285e+03 inf =   4.290e+01 (107217) 1
*390089: obj =   2.088097266e+03 inf =   4.291e+01 (107203)
*390119: obj =   2.088097265e+03 inf =   4.291e+01 (107215)
*390149: obj =   2.088097265e+03 inf =   4.291e+01 (107220)
*390161: obj =   2.088097265e+03 inf =   4.291e+01 (107212) 1
*390190: obj =   2.088097230e+03 inf =   4.292e+01 (107209)
*390219: obj =   2.088097130e+03 inf =   4.295e+01 (107220)
*390249: obj =   2.088097062e+03 inf =   4.298e+01 (107227)
*390262: obj =   2.088097011e+03 inf =   4.299e+01 (107228) 1
*390297: obj =   2.088097000e+03 inf =   4.300e+01 (107220)
*390330: obj =   2.088096942e+03 inf =   4.301e+01 (107224)
*390360: obj =   2.088096853e+03 inf =   4.304e+01 (107237)
*390363: obj =   2.088096853e+03 inf =   4.304e+01 (107232) 1
*390394: obj =   2.088096851e+03 inf =   4.304e+01 (107237)
*390425: obj =   2.088096849e+03 inf =   4.304e+01 (107237)
*390453: obj =   2.088096849e+03 inf =   4.304e+01 (107225)
*390464: obj =   2.088096834e+03 inf =   4.304e+01 (107224) 1
*390492: obj =   2.088096828e+03 inf =   4.305e+01 (107220)
*390520: obj =   2.088096828e+03 inf =   4.304e+01 (107216)
*390548: obj =   2.088096828e+03 inf =   4.304e+01 (107218)
*390565: obj =   2.088096782e+03 inf =   4.306e+01 (107216) 1
*390595: obj =   2.088096753e+03 inf =   4.307e+01 (107225)
*390625: obj =   2.088096675e+03 inf =   4.310e+01 (107223)
*390655: obj =   2.088096640e+03 inf =   4.311e+01 (107220)
*390666: obj =   2.088096638e+03 inf =   4.311e+01 (107215) 1
*390697: obj =   2.088096637e+03 inf =   4.311e+01 (107220)
*390728: obj =   2.088096637e+03 inf =   4.311e+01 (107217)
*390759: obj =   2.088096637e+03 inf =   4.310e+01 (107218)
*390768: obj =   2.088096637e+03 inf =   4.310e+01 (107227) 1
*390799: obj =   2.088096637e+03 inf =   4.310e+01 (107219)
*390830: obj =   2.088096636e+03 inf =   4.310e+01 (107226)
*390861: obj =   2.088096636e+03 inf =   4.310e+01 (107211)
*390869: obj =   2.088096636e+03 inf =   4.310e+01 (107223) 1
*390900: obj =   2.088096634e+03 inf =   4.310e+01 (107204)
*390930: obj =   2.088096634e+03 inf =   4.310e+01 (107201)
*390960: obj =   2.088096591e+03 inf =   4.311e+01 (107199)
*390971: obj =   2.088096535e+03 inf =   4.313e+01 (107201) 1
*391004: obj =   2.088096528e+03 inf =   4.314e+01 (107213)
*391038: obj =   2.088096517e+03 inf =   4.313e+01 (107235)
*391068: obj =   2.088096490e+03 inf =   4.314e+01 (107254)
*391072: obj =   2.088096484e+03 inf =   4.314e+01 (107252) 1
*391097: obj =   2.088096389e+03 inf =   4.318e+01 (107254)
*391122: obj =   2.088096317e+03 inf =   4.320e+01 (107233)
*391147: obj =   2.088096264e+03 inf =   4.321e+01 (107228)
*391172: obj =   2.088096183e+03 inf =   4.324e+01 (107229)
*391173: obj =   2.088096178e+03 inf =   4.324e+01 (107218) 1
*391203: obj =   2.088096138e+03 inf =   4.325e+01 (107237)
*391234: obj =   2.088096059e+03 inf =   4.327e+01 (107243)
*391267: obj =   2.088096053e+03 inf =   4.327e+01 (107241)
*391274: obj =   2.088096052e+03 inf =   4.327e+01 (107235) 1
*391304: obj =   2.088096052e+03 inf =   4.327e+01 (107227)
*391331: obj =   2.088096029e+03 inf =   4.328e+01 (107220)
*391358: obj =   2.088096004e+03 inf =   4.329e+01 (107209)
*391375: obj =   2.088095975e+03 inf =   4.330e+01 (107206) 1
*391405: obj =   2.088095975e+03 inf =   4.330e+01 (107213)
*391435: obj =   2.088095967e+03 inf =   4.330e+01 (107207)
*391467: obj =   2.088095910e+03 inf =   4.331e+01 (107182)
*391476: obj =   2.088095910e+03 inf =   4.331e+01 (107177) 1
*391506: obj =   2.088095910e+03 inf =   4.331e+01 (107187)
*391536: obj =   2.088095910e+03 inf =   4.331e+01 (107198)
*391562: obj =   2.088095910e+03 inf =   4.331e+01 (107199)
*391577: obj =   2.088095910e+03 inf =   4.330e+01 (107198) 1
*391609: obj =   2.088095895e+03 inf =   4.330e+01 (107195)
*391645: obj =   2.088095895e+03 inf =   4.330e+01 (107184)
*391678: obj =   2.088095885e+03 inf =   4.330e+01 (107176) 1
*391713: obj =   2.088095885e+03 inf =   4.330e+01 (107177)
*391744: obj =   2.088095851e+03 inf =   4.331e+01 (107179)
*391775: obj =   2.088095705e+03 inf =   4.336e+01 (107185)
*391779: obj =   2.088095705e+03 inf =   4.336e+01 (107186) 1
*391810: obj =   2.088095631e+03 inf =   4.339e+01 (107181)
*391841: obj =   2.088095626e+03 inf =   4.339e+01 (107173)
*391872: obj =   2.088095547e+03 inf =   4.341e+01 (107181)
*391881: obj =   2.088095535e+03 inf =   4.342e+01 (107180) 1
*391915: obj =   2.088095528e+03 inf =   4.341e+01 (107183)
*391946: obj =   2.088095434e+03 inf =   4.345e+01 (107177)
*391977: obj =   2.088095378e+03 inf =   4.347e+01 (107181)
*391982: obj =   2.088095377e+03 inf =   4.347e+01 (107180) 1
*392015: obj =   2.088095377e+03 inf =   4.346e+01 (107176)
*392046: obj =   2.088095352e+03 inf =   4.347e+01 (107179)
*392077: obj =   2.088095346e+03 inf =   4.347e+01 (107175)
*392083: obj =   2.088095334e+03 inf =   4.348e+01 (107183) 1
*392114: obj =   2.088095334e+03 inf =   4.348e+01 (107180)
*392145: obj =   2.088095334e+03 inf =   4.348e+01 (107190)
*392176: obj =   2.088095237e+03 inf =   4.351e+01 (107179)
*392184: obj =   2.088095236e+03 inf =   4.351e+01 (107180) 1
*392215: obj =   2.088095195e+03 inf =   4.353e+01 (107180)
*392245: obj =   2.088095131e+03 inf =   4.355e+01 (107181)
*392277: obj =   2.088095043e+03 inf =   4.358e+01 (107166)
*392285: obj =   2.088095043e+03 inf =   4.358e+01 (107161) 1
*392321: obj =   2.088095043e+03 inf =   4.358e+01 (107174)
*392354: obj =   2.088095043e+03 inf =   4.357e+01 (107157)
*392386: obj =   2.088095043e+03 inf =   4.357e+01 (107146) 1
*392419: obj =   2.088095033e+03 inf =   4.357e+01 (107132)
*392453: obj =   2.088095028e+03 inf =   4.357e+01 (107144)
*392487: obj =   2.088094977e+03 inf =   4.358e+01 (107136) 1
*392523: obj =   2.088094920e+03 inf =   4.358e+01 (107132)
*392558: obj =   2.088094920e+03 inf =   4.358e+01 (107133)
*392588: obj =   2.088094919e+03 inf =   4.358e+01 (107144) 1
*392624: obj =   2.088094894e+03 inf =   4.358e+01 (107150)
*392660: obj =   2.088094857e+03 inf =   4.358e+01 (107155)
*392689: obj =   2.088094832e+03 inf =   4.359e+01 (107156) 1
*392725: obj =   2.088094819e+03 inf =   4.359e+01 (107154)
*392758: obj =   2.088094819e+03 inf =   4.359e+01 (107156)
*392788: obj =   2.088094791e+03 inf =   4.359e+01 (107160)
*392791: obj =   2.088094791e+03 inf =   4.359e+01 (107168) 1
*392824: obj =   2.088094741e+03 inf =   4.361e+01 (107169)
*392856: obj =   2.088094711e+03 inf =   4.362e+01 (107164)
*392887: obj =   2.088094695e+03 inf =   4.363e+01 (107152)
*392892: obj =   2.088094695e+03 inf =   4.363e+01 (107153) 1
*392926: obj =   2.088094645e+03 inf =   4.364e+01 (107162)
*392957: obj =   2.088094603e+03 inf =   4.366e+01 (107156)
*392989: obj =   2.088094602e+03 inf =   4.366e+01 (107141)
*392993: obj =   2.088094602e+03 inf =   4.366e+01 (107152) 1
*393024: obj =   2.088094598e+03 inf =   4.366e+01 (107155)
*393056: obj =   2.088094597e+03 inf =   4.366e+01 (107154)
*393089: obj =   2.088094591e+03 inf =   4.366e+01 (107150)
*393094: obj =   2.088094591e+03 inf =   4.366e+01 (107163) 1
*393128: obj =   2.088094591e+03 inf =   4.366e+01 (107143)
*393163: obj =   2.088094589e+03 inf =   4.366e+01 (107158)
*393195: obj =   2.088094589e+03 inf =   4.366e+01 (107152) 1
*393229: obj =   2.088094589e+03 inf =   4.365e+01 (107139)
*393262: obj =   2.088094589e+03 inf =   4.365e+01 (107131)
*393295: obj =   2.088094589e+03 inf =   4.365e+01 (107139)
*393296: obj =   2.088094589e+03 inf =   4.365e+01 (107141) 1
*393332: obj =   2.088094589e+03 inf =   4.365e+01 (107127)
*393367: obj =   2.088094550e+03 inf =   4.365e+01 (107119)
*393397: obj =   2.088094550e+03 inf =   4.365e+01 (107118) 1
*393429: obj =   2.088094550e+03 inf =   4.365e+01 (107113)
*393460: obj =   2.088094531e+03 inf =   4.366e+01 (107111)
*393492: obj =   2.088094531e+03 inf =   4.366e+01 (107104)
*393498: obj =   2.088094531e+03 inf =   4.366e+01 (107105) 1
*393530: obj =   2.088094531e+03 inf =   4.365e+01 (107116)
*393562: obj =   2.088094531e+03 inf =   4.365e+01 (107112)
*393594: obj =   2.088094531e+03 inf =   4.365e+01 (107124)
*393599: obj =   2.088094531e+03 inf =   4.365e+01 (107118) 1
*393632: obj =   2.088094531e+03 inf =   4.365e+01 (107110)
*393666: obj =   2.088094531e+03 inf =   4.365e+01 (107112)
*393699: obj =   2.088094531e+03 inf =   4.365e+01 (107122)
*393700: obj =   2.088094531e+03 inf =   4.365e+01 (107116) 1
*393734: obj =   2.088094523e+03 inf =   4.365e+01 (107116)
*393766: obj =   2.088094516e+03 inf =   4.365e+01 (107115)
*393800: obj =   2.088094482e+03 inf =   4.366e+01 (107115)
*393801: obj =   2.088094482e+03 inf =   4.366e+01 (107117) 1
*393833: obj =   2.088094438e+03 inf =   4.368e+01 (107109)
*393868: obj =   2.088094425e+03 inf =   4.368e+01 (107106)
*393902: obj =   2.088094384e+03 inf =   4.368e+01 (107132) 1
*393936: obj =   2.088094377e+03 inf =   4.368e+01 (107123)
*393965: obj =   2.088094376e+03 inf =   4.368e+01 (107134)
*393994: obj =   2.088094334e+03 inf =   4.370e+01 (107138)
*394004: obj =   2.088094300e+03 inf =   4.371e+01 (107144) 1
*394035: obj =   2.088094244e+03 inf =   4.373e+01 (107134)
*394066: obj =   2.088094219e+03 inf =   4.374e+01 (107149)
*394100: obj =   2.088094195e+03 inf =   4.375e+01 (107137)
*394105: obj =   2.088094179e+03 inf =   4.375e+01 (107144) 1
*394136: obj =   2.088094078e+03 inf =   4.379e+01 (107145)
*394166: obj =   2.088093968e+03 inf =   4.383e+01 (107141)
*394196: obj =   2.088093886e+03 inf =   4.386e+01 (107152)
*394206: obj =   2.088093886e+03 inf =   4.386e+01 (107145) 1
*394237: obj =   2.088093886e+03 inf =   4.386e+01 (107148)
*394269: obj =   2.088093884e+03 inf =   4.386e+01 (107119)
*394301: obj =   2.088093884e+03 inf =   4.386e+01 (107148)
*394307: obj =   2.088093883e+03 inf =   4.386e+01 (107148) 1
*394340: obj =   2.088093883e+03 inf =   4.386e+01 (107161)
*394373: obj =   2.088093883e+03 inf =   4.386e+01 (107159)
*394405: obj =   2.088093883e+03 inf =   4.385e+01 (107143)
*394408: obj =   2.088093883e+03 inf =   4.385e+01 (107143) 1
*394442: obj =   2.088093883e+03 inf =   4.385e+01 (107151)
*394476: obj =   2.088093883e+03 inf =   4.385e+01 (107158)
*394509: obj =   2.088093883e+03 inf =   4.385e+01 (107155) 1
*394544: obj =   2.088093883e+03 inf =   4.384e+01 (107148)
*394579: obj =   2.088093883e+03 inf =   4.384e+01 (107140)
*394609: obj =   2.088093781e+03 inf =   4.388e+01 (107125)
*394610: obj =   2.088093781e+03 inf =   4.388e+01 (107127) 1
*394640: obj =   2.088093718e+03 inf =   4.390e+01 (107131)
*394670: obj =   2.088093718e+03 inf =   4.390e+01 (107121)
*394700: obj =   2.088093705e+03 inf =   4.391e+01 (107136)
*394711: obj =   2.088093705e+03 inf =   4.391e+01 (107137) 1
*394743: obj =   2.088093703e+03 inf =   4.391e+01 (107117)
*394774: obj =   2.088093702e+03 inf =   4.391e+01 (107134)
*394806: obj =   2.088093702e+03 inf =   4.391e+01 (107141)
*394812: obj =   2.088093702e+03 inf =   4.391e+01 (107152) 1
*394845: obj =   2.088093701e+03 inf =   4.391e+01 (107141)
*394876: obj =   2.088093696e+03 inf =   4.391e+01 (107127)
*394909: obj =   2.088093635e+03 inf =   4.393e+01 (107119)
*394913: obj =   2.088093629e+03 inf =   4.393e+01 (107122) 1
*394946: obj =   2.088093606e+03 inf =   4.394e+01 (107102)
*394979: obj =   2.088093603e+03 inf =   4.394e+01 (107103)
*395013: obj =   2.088093602e+03 inf =   4.394e+01 (107089)
*395014: obj =   2.088093602e+03 inf =   4.394e+01 (107089) 1
*395048: obj =   2.088093601e+03 inf =   4.394e+01 (107083)
*395083: obj =   2.088093600e+03 inf =   4.394e+01 (107087)
*395115: obj =   2.088093600e+03 inf =   4.393e+01 (107111) 1
*395149: obj =   2.088093600e+03 inf =   4.393e+01 (107109)
*395182: obj =   2.088093591e+03 inf =   4.393e+01 (107107)
*395213: obj =   2.088093590e+03 inf =   4.393e+01 (107109)
*395216: obj =   2.088093590e+03 inf =   4.393e+01 (107114) 1
*395250: obj =   2.088093589e+03 inf =   4.393e+01 (107131)
*395284: obj =   2.088093586e+03 inf =   4.393e+01 (107131)
*395317: obj =   2.088093584e+03 inf =   4.393e+01 (107121) 1
*395353: obj =   2.088093581e+03 inf =   4.393e+01 (107115)
*395389: obj =   2.088093581e+03 inf =   4.392e+01 (107094)
*395418: obj =   2.088093581e+03 inf =   4.392e+01 (107109) 1
*395454: obj =   2.088093572e+03 inf =   4.392e+01 (107119)
*395490: obj =   2.088093572e+03 inf =   4.391e+01 (107107)
*395520: obj =   2.088093572e+03 inf =   4.391e+01 (107117) 1
*395556: obj =   2.088093572e+03 inf =   4.391e+01 (107107)
*395592: obj =   2.088093542e+03 inf =   4.391e+01 (107112)
*395621: obj =   2.088093542e+03 inf =   4.391e+01 (107128) 1
*395656: obj =   2.088093539e+03 inf =   4.391e+01 (107140)
*395690: obj =   2.088093539e+03 inf =   4.391e+01 (107136)
*395722: obj =   2.088093539e+03 inf =   4.390e+01 (107115) 1
*395756: obj =   2.088093539e+03 inf =   4.390e+01 (107123)
*395791: obj =   2.088093521e+03 inf =   4.390e+01 (107120)
*395823: obj =   2.088093501e+03 inf =   4.391e+01 (107132) 1
*395854: obj =   2.088093472e+03 inf =   4.392e+01 (107134)
*395890: obj =   2.088093472e+03 inf =   4.392e+01 (107142)
*395924: obj =   2.088093472e+03 inf =   4.392e+01 (107110) 1
*395955: obj =   2.088093452e+03 inf =   4.392e+01 (107125)
*395986: obj =   2.088093387e+03 inf =   4.393e+01 (107116)
*396017: obj =   2.088093384e+03 inf =   4.393e+01 (107095)
*396025: obj =   2.088093384e+03 inf =   4.393e+01 (107095) 1
*396056: obj =   2.088093347e+03 inf =   4.393e+01 (107097)
*396087: obj =   2.088093236e+03 inf =   4.395e+01 (107090)
*396118: obj =   2.088093078e+03 inf =   4.397e+01 (107086)
*396126: obj =   2.088093068e+03 inf =   4.397e+01 (107078) 1
*396157: obj =   2.088093047e+03 inf =   4.398e+01 (107073)
*396189: obj =   2.088093038e+03 inf =   4.398e+01 (107088)
*396220: obj =   2.088093000e+03 inf =   4.398e+01 (107077)
*396227: obj =   2.088093000e+03 inf =   4.398e+01 (107091) 1
*396258: obj =   2.088092947e+03 inf =   4.399e+01 (107081)
*396289: obj =   2.088092861e+03 inf =   4.400e+01 (107079)
*396320: obj =   2.088092861e+03 inf =   4.400e+01 (107062)
*396328: obj =   2.088092861e+03 inf =   4.400e+01 (107066) 1
*396360: obj =   2.088092850e+03 inf =   4.400e+01 (107063)
*396391: obj =   2.088092823e+03 inf =   4.400e+01 (107062)
*396420: obj =   2.088092813e+03 inf =   4.400e+01 (107077)
*396429: obj =   2.088092813e+03 inf =   4.400e+01 (107085) 1
*396458: obj =   2.088092731e+03 inf =   4.401e+01 (107071)
*396487: obj =   2.088092729e+03 inf =   4.401e+01 (107077)
*396516: obj =   2.088092666e+03 inf =   4.402e+01 (107079)
*396530: obj =   2.088092615e+03 inf =   4.402e+01 (107081) 1
*396556: obj =   2.088092570e+03 inf =   4.403e+01 (107079)
*396584: obj =   2.088092463e+03 inf =   4.404e+01 (107081)
*396613: obj =   2.088092366e+03 inf =   4.406e+01 (107086)
*396631: obj =   2.088092366e+03 inf =   4.406e+01 (107075) 1
*396660: obj =   2.088092365e+03 inf =   4.406e+01 (107089)
*396689: obj =   2.088092257e+03 inf =   4.407e+01 (107086)
*396719: obj =   2.088092213e+03 inf =   4.408e+01 (107077)
*396732: obj =   2.088092213e+03 inf =   4.408e+01 (107075) 1
*396761: obj =   2.088092184e+03 inf =   4.408e+01 (107095)
*396791: obj =   2.088092182e+03 inf =   4.408e+01 (107100)
*396821: obj =   2.088092182e+03 inf =   4.408e+01 (107106)
*396834: obj =   2.088092182e+03 inf =   4.408e+01 (107100) 1
*396864: obj =   2.088092182e+03 inf =   4.408e+01 (107085)
*396895: obj =   2.088092157e+03 inf =   4.409e+01 (107084)
*396926: obj =   2.088092096e+03 inf =   4.410e+01 (107090)
*396935: obj =   2.088092090e+03 inf =   4.410e+01 (107089) 1
*396965: obj =   2.088092034e+03 inf =   4.411e+01 (107104)
*396995: obj =   2.088092031e+03 inf =   4.411e+01 (107106)
*397026: obj =   2.088092027e+03 inf =   4.411e+01 (107110)
*397036: obj =   2.088092027e+03 inf =   4.411e+01 (107111) 1
*397066: obj =   2.088092027e+03 inf =   4.411e+01 (107117)
*397096: obj =   2.088092026e+03 inf =   4.411e+01 (107117)
*397125: obj =   2.088092026e+03 inf =   4.411e+01 (107118)
*397137: obj =   2.088092026e+03 inf =   4.411e+01 (107121) 1
*397170: obj =   2.088092026e+03 inf =   4.410e+01 (107129)
*397201: obj =   2.088092026e+03 inf =   4.410e+01 (107129)
*397233: obj =   2.088092008e+03 inf =   4.411e+01 (107129)
*397238: obj =   2.088092008e+03 inf =   4.411e+01 (107131) 1
*397269: obj =   2.088092008e+03 inf =   4.411e+01 (107135)
*397301: obj =   2.088091925e+03 inf =   4.412e+01 (107127)
*397333: obj =   2.088091854e+03 inf =   4.413e+01 (107135)
*397339: obj =   2.088091854e+03 inf =   4.413e+01 (107129) 1
*397373: obj =   2.088091854e+03 inf =   4.413e+01 (107113)
*397407: obj =   2.088091854e+03 inf =   4.413e+01 (107144)
*397440: obj =   2.088091854e+03 inf =   4.413e+01 (107156) 1
*397474: obj =   2.088091854e+03 inf =   4.413e+01 (107155)
*397503: obj =   2.088091854e+03 inf =   4.412e+01 (107138)
*397532: obj =   2.088091774e+03 inf =   4.415e+01 (107130)
*397541: obj =   2.088091768e+03 inf =   4.415e+01 (107123) 1
*397569: obj =   2.088091670e+03 inf =   4.418e+01 (107133)
*397594: obj =   2.088091565e+03 inf =   4.421e+01 (107135)
*397621: obj =   2.088091560e+03 inf =   4.421e+01 (107142)
*397642: obj =   2.088091533e+03 inf =   4.422e+01 (107125) 1
*397670: obj =   2.088091533e+03 inf =   4.422e+01 (107133)
*397699: obj =   2.088091430e+03 inf =   4.425e+01 (107137)
*397727: obj =   2.088091430e+03 inf =   4.425e+01 (107145)
*397743: obj =   2.088091429e+03 inf =   4.425e+01 (107132) 1
*397770: obj =   2.088091408e+03 inf =   4.426e+01 (107131)
*397796: obj =   2.088091407e+03 inf =   4.426e+01 (107108)
*397823: obj =   2.088091404e+03 inf =   4.426e+01 (107120)
*397844: obj =   2.088091353e+03 inf =   4.427e+01 (107121) 1
*397870: obj =   2.088091269e+03 inf =   4.428e+01 (107114)
*397894: obj =   2.088091234e+03 inf =   4.429e+01 (107123)
*397918: obj =   2.088091232e+03 inf =   4.429e+01 (107118)
*397944: obj =   2.088091224e+03 inf =   4.429e+01 (107110)
*397945: obj =   2.088091224e+03 inf =   4.429e+01 (107112) 1
*397971: obj =   2.088091224e+03 inf =   4.429e+01 (107111)
*397997: obj =   2.088091155e+03 inf =   4.432e+01 (107123)
*398023: obj =   2.088091137e+03 inf =   4.432e+01 (107119)
*398046: obj =   2.088091137e+03 inf =   4.432e+01 (107123) 1
*398076: obj =   2.088091130e+03 inf =   4.433e+01 (107128)
*398107: obj =   2.088091130e+03 inf =   4.432e+01 (107129)
*398137: obj =   2.088091037e+03 inf =   4.435e+01 (107134)
*398147: obj =   2.088091017e+03 inf =   4.435e+01 (107125) 1
*398177: obj =   2.088090913e+03 inf =   4.438e+01 (107136)
*398207: obj =   2.088090860e+03 inf =   4.439e+01 (107144)
*398237: obj =   2.088090860e+03 inf =   4.440e+01 (107134)
*398248: obj =   2.088090860e+03 inf =   4.439e+01 (107138) 1
*398278: obj =   2.088090860e+03 inf =   4.439e+01 (107118)
*398309: obj =   2.088090860e+03 inf =   4.439e+01 (107125)
*398339: obj =   2.088090860e+03 inf =   4.439e+01 (107116)
*398349: obj =   2.088090860e+03 inf =   4.439e+01 (107115) 1
*398379: obj =   2.088090860e+03 inf =   4.439e+01 (107127)
*398409: obj =   2.088090860e+03 inf =   4.439e+01 (107122)
*398444: obj =   2.088090860e+03 inf =   4.439e+01 (107141)
*398450: obj =   2.088090860e+03 inf =   4.438e+01 (107130) 1
*398481: obj =   2.088090790e+03 inf =   4.441e+01 (107132)
*398510: obj =   2.088090786e+03 inf =   4.441e+01 (107141)
*398539: obj =   2.088090786e+03 inf =   4.441e+01 (107131)
*398551: obj =   2.088090758e+03 inf =   4.442e+01 (107127) 1
*398579: obj =   2.088090678e+03 inf =   4.444e+01 (107122)
*398608: obj =   2.088090626e+03 inf =   4.446e+01 (107098)
*398637: obj =   2.088090626e+03 inf =   4.446e+01 (107109)
*398652: obj =   2.088090626e+03 inf =   4.446e+01 (107109) 1
*398680: obj =   2.088090626e+03 inf =   4.446e+01 (107116)
*398709: obj =   2.088090626e+03 inf =   4.446e+01 (107110)
*398738: obj =   2.088090555e+03 inf =   4.448e+01 (107120)
*398753: obj =   2.088090492e+03 inf =   4.450e+01 (107109) 1
*398783: obj =   2.088090445e+03 inf =   4.452e+01 (107114)
*398813: obj =   2.088090428e+03 inf =   4.452e+01 (107117)
*398843: obj =   2.088090426e+03 inf =   4.452e+01 (107124)
*398854: obj =   2.088090426e+03 inf =   4.452e+01 (107121) 1
*398885: obj =   2.088090305e+03 inf =   4.456e+01 (107126)
*398915: obj =   2.088090212e+03 inf =   4.459e+01 (107115)
*398945: obj =   2.088090069e+03 inf =   4.463e+01 (107099)
*398955: obj =   2.088090069e+03 inf =   4.463e+01 (107097) 1
*398985: obj =   2.088089991e+03 inf =   4.465e+01 (107088)
*399014: obj =   2.088089958e+03 inf =   4.466e+01 (107095)
*399045: obj =   2.088089953e+03 inf =   4.466e+01 (107110)
*399056: obj =   2.088089935e+03 inf =   4.467e+01 (107124) 1
*399085: obj =   2.088089838e+03 inf =   4.470e+01 (107108)
*399115: obj =   2.088089814e+03 inf =   4.471e+01 (107107)
*399144: obj =   2.088089813e+03 inf =   4.471e+01 (107070)
*399157: obj =   2.088089800e+03 inf =   4.471e+01 (107064) 1
*399191: obj =   2.088089794e+03 inf =   4.471e+01 (107068)
*399222: obj =   2.088089764e+03 inf =   4.472e+01 (107079)
*399258: obj =   2.088089764e+03 inf =   4.472e+01 (107078) 1
*399288: obj =   2.088089764e+03 inf =   4.472e+01 (107067)
*399317: obj =   2.088089764e+03 inf =   4.472e+01 (107065)
*399347: obj =   2.088089686e+03 inf =   4.474e+01 (107073)
*399359: obj =   2.088089642e+03 inf =   4.476e+01 (107066) 1
*399388: obj =   2.088089562e+03 inf =   4.478e+01 (107058)
*399416: obj =   2.088089504e+03 inf =   4.480e+01 (107069)
*399444: obj =   2.088089397e+03 inf =   4.484e+01 (107073)
*399460: obj =   2.088089397e+03 inf =   4.484e+01 (107081) 1
*399490: obj =   2.088089397e+03 inf =   4.484e+01 (107088)
*399521: obj =   2.088089397e+03 inf =   4.483e+01 (107079)
*399551: obj =   2.088089255e+03 inf =   4.488e+01 (107073)
*399561: obj =   2.088089200e+03 inf =   4.490e+01 (107070) 1
*399590: obj =   2.088089117e+03 inf =   4.493e+01 (107069)
*399619: obj =   2.088089036e+03 inf =   4.496e+01 (107072)
*399648: obj =   2.088088938e+03 inf =   4.499e+01 (107076)
*399662: obj =   2.088088872e+03 inf =   4.501e+01 (107073) 1
*399689: obj =   2.088088872e+03 inf =   4.501e+01 (107068)
*399718: obj =   2.088088808e+03 inf =   4.503e+01 (107072)
*399748: obj =   2.088088808e+03 inf =   4.503e+01 (107075)
*399763: obj =   2.088088808e+03 inf =   4.503e+01 (107074) 1
*399787: obj =   2.088088808e+03 inf =   4.503e+01 (107070)
*399810: obj =   2.088088807e+03 inf =   4.503e+01 (107086)
*399833: obj =   2.088088807e+03 inf =   4.503e+01 (107087)
*399856: obj =   2.088088714e+03 inf =   4.506e+01 (107091)
*399864: obj =   2.088088690e+03 inf =   4.507e+01 (107073) 1
*399888: obj =   2.088088690e+03 inf =   4.507e+01 (107079)
*399912: obj =   2.088088689e+03 inf =   4.507e+01 (107055)
*399937: obj =   2.088088610e+03 inf =   4.509e+01 (107058)
*399961: obj =   2.088088610e+03 inf =   4.509e+01 (107073)
*399965: obj =   2.088088610e+03 inf =   4.509e+01 (107062) 1
*399987: obj =   2.088088599e+03 inf =   4.509e+01 (107073)
*400011: obj =   2.088088559e+03 inf =   4.511e+01 (107044)
*400036: obj =   2.088088559e+03 inf =   4.511e+01 (107057)
*400059: obj =   2.088088544e+03 inf =   4.511e+01 (107058)
*400066: obj =   2.088088544e+03 inf =   4.511e+01 (107054) 1
*400091: obj =   2.088088532e+03 inf =   4.511e+01 (107066)
*400115: obj =   2.088088530e+03 inf =   4.511e+01 (107060)
*400140: obj =   2.088088526e+03 inf =   4.511e+01 (107055)
*400166: obj =   2.088088526e+03 inf =   4.511e+01 (107042)
*400167: obj =   2.088088526e+03 inf =   4.511e+01 (107042) 1
*400192: obj =   2.088088526e+03 inf =   4.511e+01 (107047)
*400216: obj =   2.088088526e+03 inf =   4.511e+01 (107053)
*400241: obj =   2.088088526e+03 inf =   4.511e+01 (107056)
*400266: obj =   2.088088526e+03 inf =   4.511e+01 (107061)
*400268: obj =   2.088088526e+03 inf =   4.511e+01 (107059) 1
*400295: obj =   2.088088526e+03 inf =   4.511e+01 (107062)
*400324: obj =   2.088088526e+03 inf =   4.511e+01 (107058)
*400351: obj =   2.088088526e+03 inf =   4.511e+01 (107053)
*400369: obj =   2.088088526e+03 inf =   4.511e+01 (107058) 1
*400394: obj =   2.088088526e+03 inf =   4.511e+01 (107063)
*400418: obj =   2.088088526e+03 inf =   4.511e+01 (107061)
*400445: obj =   2.088088526e+03 inf =   4.511e+01 (107050)
*400470: obj =   2.088088526e+03 inf =   4.511e+01 (107050) 1
*400494: obj =   2.088088526e+03 inf =   4.511e+01 (107053)
*400521: obj =   2.088088508e+03 inf =   4.511e+01 (107037)
*400546: obj =   2.088088448e+03 inf =   4.513e+01 (107054)
*400571: obj =   2.088088348e+03 inf =   4.516e+01 (107041) 1
*400595: obj =   2.088088293e+03 inf =   4.518e+01 (107054)
*400619: obj =   2.088088248e+03 inf =   4.520e+01 (107055)
*400643: obj =   2.088088151e+03 inf =   4.523e+01 (107058)
*400668: obj =   2.088088147e+03 inf =   4.523e+01 (107055)
*400672: obj =   2.088088147e+03 inf =   4.523e+01 (107064) 1
*400696: obj =   2.088088147e+03 inf =   4.523e+01 (107046)
*400720: obj =   2.088088146e+03 inf =   4.523e+01 (107039)
*400744: obj =   2.088088143e+03 inf =   4.523e+01 (107033)
*400769: obj =   2.088088140e+03 inf =   4.523e+01 (107023)
*400773: obj =   2.088088139e+03 inf =   4.523e+01 (107008) 1
*400798: obj =   2.088088139e+03 inf =   4.523e+01 (107018)
*400822: obj =   2.088088139e+03 inf =   4.523e+01 (107022)
*400847: obj =   2.088088139e+03 inf =   4.523e+01 (107014)
*400871: obj =   2.088088139e+03 inf =   4.523e+01 (107009)
*400874: obj =   2.088088139e+03 inf =   4.523e+01 (107024) 1
*400900: obj =   2.088088138e+03 inf =   4.523e+01 (107020)
*400926: obj =   2.088088100e+03 inf =   4.524e+01 (107026)
*400952: obj =   2.088088040e+03 inf =   4.525e+01 (107017)
*400975: obj =   2.088087981e+03 inf =   4.527e+01 (107017) 1
*400999: obj =   2.088087981e+03 inf =   4.527e+01 (107014)
*401023: obj =   2.088087886e+03 inf =   4.530e+01 (107031)
*401047: obj =   2.088087886e+03 inf =   4.530e+01 (107037)
*401071: obj =   2.088087885e+03 inf =   4.530e+01 (107050)
*401076: obj =   2.088087885e+03 inf =   4.530e+01 (107052) 1
*401101: obj =   2.088087884e+03 inf =   4.530e+01 (107046)
*401126: obj =   2.088087861e+03 inf =   4.530e+01 (107035)
*401150: obj =   2.088087857e+03 inf =   4.530e+01 (107046)
*401176: obj =   2.088087849e+03 inf =   4.530e+01 (107043)
*401177: obj =   2.088087849e+03 inf =   4.530e+01 (107039) 1
*401201: obj =   2.088087828e+03 inf =   4.530e+01 (107037)
*401226: obj =   2.088087703e+03 inf =   4.534e+01 (107046)
*401251: obj =   2.088087663e+03 inf =   4.535e+01 (107048)
*401275: obj =   2.088087627e+03 inf =   4.537e+01 (107054)
*401278: obj =   2.088087627e+03 inf =   4.537e+01 (107050) 1
*401302: obj =   2.088087581e+03 inf =   4.538e+01 (107042)
*401327: obj =   2.088087581e+03 inf =   4.538e+01 (107057)
*401352: obj =   2.088087472e+03 inf =   4.542e+01 (107054)
*401377: obj =   2.088087412e+03 inf =   4.544e+01 (107052)
*401379: obj =   2.088087405e+03 inf =   4.544e+01 (107054) 1
*401403: obj =   2.088087334e+03 inf =   4.546e+01 (107051)
*401428: obj =   2.088087291e+03 inf =   4.548e+01 (107038)
*401453: obj =   2.088087291e+03 inf =   4.548e+01 (107043)
*401478: obj =   2.088087291e+03 inf =   4.548e+01 (107034)
*401480: obj =   2.088087267e+03 inf =   4.549e+01 (107033) 1
*401505: obj =   2.088087193e+03 inf =   4.551e+01 (107032)
*401530: obj =   2.088087193e+03 inf =   4.551e+01 (107037)
*401557: obj =   2.088087157e+03 inf =   4.552e+01 (107028)
*401581: obj =   2.088087033e+03 inf =   4.556e+01 (107027) 1
*401605: obj =   2.088086873e+03 inf =   4.561e+01 (107017)
*401629: obj =   2.088086743e+03 inf =   4.565e+01 (107020)
*401654: obj =   2.088086743e+03 inf =   4.565e+01 (107020)
*401678: obj =   2.088086715e+03 inf =   4.566e+01 (107041)
*401682: obj =   2.088086715e+03 inf =   4.566e+01 (107029) 1
*401707: obj =   2.088086580e+03 inf =   4.570e+01 (107027)
*401732: obj =   2.088086527e+03 inf =   4.572e+01 (107022)
*401756: obj =   2.088086452e+03 inf =   4.574e+01 (107016)
*401781: obj =   2.088086452e+03 inf =   4.574e+01 (107019)
*401783: obj =   2.088086452e+03 inf =   4.574e+01 (107027) 1
*401808: obj =   2.088086434e+03 inf =   4.575e+01 (107021)
*401833: obj =   2.088086434e+03 inf =   4.575e+01 (107027)
*401858: obj =   2.088086434e+03 inf =   4.575e+01 (107018)
*401883: obj =   2.088086433e+03 inf =   4.575e+01 (107025)
*401884: obj =   2.088086419e+03 inf =   4.575e+01 (107025) 1
*401909: obj =   2.088086344e+03 inf =   4.578e+01 (107020)
*401934: obj =   2.088086266e+03 inf =   4.580e+01 (107052)
*401958: obj =   2.088086146e+03 inf =   4.584e+01 (107059)
*401985: obj =   2.088086146e+03 inf =   4.584e+01 (107052) 1
*402013: obj =   2.088086145e+03 inf =   4.584e+01 (107060)
*402039: obj =   2.088086145e+03 inf =   4.584e+01 (107057)
*402065: obj =   2.088086123e+03 inf =   4.585e+01 (107040)
*402086: obj =   2.088086111e+03 inf =   4.585e+01 (107035) 1
*402111: obj =   2.088086031e+03 inf =   4.588e+01 (107036)
*402136: obj =   2.088086031e+03 inf =   4.588e+01 (107039)
*402161: obj =   2.088086031e+03 inf =   4.588e+01 (107045)
*402186: obj =   2.088086031e+03 inf =   4.588e+01 (107030)
*402187: obj =   2.088086031e+03 inf =   4.588e+01 (107037) 1
*402212: obj =   2.088086007e+03 inf =   4.589e+01 (107036)
*402237: obj =   2.088086007e+03 inf =   4.589e+01 (107048)
*402262: obj =   2.088085991e+03 inf =   4.589e+01 (107042)
*402288: obj =   2.088085988e+03 inf =   4.589e+01 (107049) 1
*402314: obj =   2.088085978e+03 inf =   4.589e+01 (107049)
*402339: obj =   2.088085891e+03 inf =   4.592e+01 (107048)
*402364: obj =   2.088085839e+03 inf =   4.594e+01 (107045)
*402389: obj =   2.088085770e+03 inf =   4.597e+01 (107041) 1
*402414: obj =   2.088085758e+03 inf =   4.597e+01 (107054)
*402439: obj =   2.088085687e+03 inf =   4.600e+01 (107052)
*402463: obj =   2.088085633e+03 inf =   4.602e+01 (107046)
*402487: obj =   2.088085478e+03 inf =   4.607e+01 (107045)
*402490: obj =   2.088085478e+03 inf =   4.607e+01 (107042) 1
*402516: obj =   2.088085478e+03 inf =   4.607e+01 (107034)
*402541: obj =   2.088085478e+03 inf =   4.607e+01 (107033)
*402566: obj =   2.088085478e+03 inf =   4.607e+01 (107036)
*402591: obj =   2.088085478e+03 inf =   4.607e+01 (107048)
*402592: obj =   2.088085478e+03 inf =   4.607e+01 (107049) 1
*402617: obj =   2.088085376e+03 inf =   4.611e+01 (107023)
*402644: obj =   2.088085271e+03 inf =   4.614e+01 (107027)
*402670: obj =   2.088085235e+03 inf =   4.615e+01 (107030)
*402693: obj =   2.088085226e+03 inf =   4.616e+01 (107036) 1
*402717: obj =   2.088085134e+03 inf =   4.619e+01 (107027)
*402741: obj =   2.088085134e+03 inf =   4.619e+01 (107040)
*402767: obj =   2.088085127e+03 inf =   4.619e+01 (107029)
*402792: obj =   2.088085127e+03 inf =   4.619e+01 (107021)
*402794: obj =   2.088085127e+03 inf =   4.619e+01 (107017) 1
*402819: obj =   2.088085127e+03 inf =   4.619e+01 (107023)
*402844: obj =   2.088085058e+03 inf =   4.621e+01 (107027)
*402871: obj =   2.088085057e+03 inf =   4.621e+01 (107028)
*402895: obj =   2.088085025e+03 inf =   4.622e+01 (107035) 1
*402920: obj =   2.088084977e+03 inf =   4.624e+01 (107028)
*402945: obj =   2.088084952e+03 inf =   4.625e+01 (107040)
*402972: obj =   2.088084856e+03 inf =   4.628e+01 (107028)
*402996: obj =   2.088084772e+03 inf =   4.631e+01 (107041) 1
*403020: obj =   2.088084749e+03 inf =   4.631e+01 (107044)
*403045: obj =   2.088084682e+03 inf =   4.634e+01 (107039)
*403072: obj =   2.088084667e+03 inf =   4.634e+01 (107021)
*403097: obj =   2.088084588e+03 inf =   4.637e+01 (107046) 1
*403122: obj =   2.088084569e+03 inf =   4.638e+01 (107024)
*403149: obj =   2.088084554e+03 inf =   4.638e+01 (107021)
*403175: obj =   2.088084553e+03 inf =   4.638e+01 (107014)
*403198: obj =   2.088084553e+03 inf =   4.638e+01 (107009) 1
*403223: obj =   2.088084549e+03 inf =   4.638e+01 (107016)
*403248: obj =   2.088084536e+03 inf =   4.639e+01 (107013)
*403274: obj =   2.088084528e+03 inf =   4.639e+01 (106998)
*403299: obj =   2.088084528e+03 inf =   4.639e+01 (107002) 1
*403324: obj =   2.088084528e+03 inf =   4.639e+01 (107000)
*403349: obj =   2.088084528e+03 inf =   4.638e+01 (106999)
*403374: obj =   2.088084505e+03 inf =   4.639e+01 (107005)
*403398: obj =   2.088084505e+03 inf =   4.639e+01 (107010)
*403400: obj =   2.088084505e+03 inf =   4.639e+01 (107007) 1
*403425: obj =   2.088084505e+03 inf =   4.639e+01 (107019)
*403450: obj =   2.088084505e+03 inf =   4.639e+01 (107018)
*403475: obj =   2.088084505e+03 inf =   4.639e+01 (107017)
*403501: obj =   2.088084505e+03 inf =   4.639e+01 (107012) 1
*403526: obj =   2.088084505e+03 inf =   4.639e+01 (107008)
*403547: obj =   2.088084505e+03 inf =   4.639e+01 (107003)
*403569: obj =   2.088084505e+03 inf =   4.639e+01 (107004)
*403593: obj =   2.088084491e+03 inf =   4.639e+01 (106995)
*403602: obj =   2.088084491e+03 inf =   4.639e+01 (106993) 1
*403627: obj =   2.088084491e+03 inf =   4.639e+01 (107002)
*403651: obj =   2.088084491e+03 inf =   4.638e+01 (107002)
*403676: obj =   2.088084491e+03 inf =   4.638e+01 (106998)
*403701: obj =   2.088084491e+03 inf =   4.638e+01 (107015)
*403703: obj =   2.088084491e+03 inf =   4.638e+01 (107017) 1
*403730: obj =   2.088084487e+03 inf =   4.638e+01 (107028)
*403755: obj =   2.088084453e+03 inf =   4.639e+01 (107021)
*403781: obj =   2.088084443e+03 inf =   4.640e+01 (107001)
*403804: obj =   2.088084441e+03 inf =   4.639e+01 (107000) 1
*403828: obj =   2.088084439e+03 inf =   4.639e+01 (106997)
*403853: obj =   2.088084397e+03 inf =   4.641e+01 (106982)
*403878: obj =   2.088084333e+03 inf =   4.643e+01 (106992)
*403904: obj =   2.088084333e+03 inf =   4.643e+01 (107001)
*403905: obj =   2.088084333e+03 inf =   4.643e+01 (107002) 1
*403931: obj =   2.088084317e+03 inf =   4.644e+01 (107015)
*403956: obj =   2.088084287e+03 inf =   4.644e+01 (107010)
*403980: obj =   2.088084276e+03 inf =   4.645e+01 (106996)
*404004: obj =   2.088084251e+03 inf =   4.645e+01 (107000)
*404006: obj =   2.088084251e+03 inf =   4.645e+01 (107003) 1
*404032: obj =   2.088084249e+03 inf =   4.645e+01 (107009)
*404056: obj =   2.088084204e+03 inf =   4.647e+01 (107013)
*404081: obj =   2.088084191e+03 inf =   4.647e+01 (107001)
*404107: obj =   2.088084161e+03 inf =   4.648e+01 (106991) 1
*404132: obj =   2.088084156e+03 inf =   4.648e+01 (106969)
*404158: obj =   2.088084155e+03 inf =   4.648e+01 (106970)
*404183: obj =   2.088084155e+03 inf =   4.648e+01 (106979)
*404208: obj =   2.088084154e+03 inf =   4.648e+01 (106970) 1
*404234: obj =   2.088084140e+03 inf =   4.648e+01 (106974)
*404260: obj =   2.088084139e+03 inf =   4.648e+01 (106986)
*404286: obj =   2.088084139e+03 inf =   4.648e+01 (106981)
*404310: obj =   2.088084139e+03 inf =   4.647e+01 (106973) 1
*404336: obj =   2.088084137e+03 inf =   4.647e+01 (106966)
*404362: obj =   2.088084137e+03 inf =   4.647e+01 (106943)
*404388: obj =   2.088084137e+03 inf =   4.647e+01 (106935)
*404411: obj =   2.088084136e+03 inf =   4.647e+01 (106941) 1
*404437: obj =   2.088084126e+03 inf =   4.647e+01 (106936)
*404465: obj =   2.088084126e+03 inf =   4.647e+01 (106933)
*404491: obj =   2.088084126e+03 inf =   4.646e+01 (106938)
*404512: obj =   2.088084126e+03 inf =   4.646e+01 (106934) 1
*404538: obj =   2.088084098e+03 inf =   4.647e+01 (106943)
*404563: obj =   2.088084098e+03 inf =   4.647e+01 (106934)
*404588: obj =   2.088084098e+03 inf =   4.646e+01 (106925)
*404613: obj =   2.088084012e+03 inf =   4.649e+01 (106933) 1
*404638: obj =   2.088083937e+03 inf =   4.652e+01 (106923)
*404663: obj =   2.088083913e+03 inf =   4.653e+01 (106912)
*404688: obj =   2.088083913e+03 inf =   4.653e+01 (106910)
*404713: obj =   2.088083913e+03 inf =   4.653e+01 (106911)
*404714: obj =   2.088083913e+03 inf =   4.653e+01 (106912) 1
*404740: obj =   2.088083913e+03 inf =   4.653e+01 (106928)
*404766: obj =   2.088083908e+03 inf =   4.653e+01 (106927)
*404791: obj =   2.088083901e+03 inf =   4.653e+01 (106919)
*404815: obj =   2.088083901e+03 inf =   4.653e+01 (106924) 1
*404840: obj =   2.088083843e+03 inf =   4.655e+01 (106912)
*404867: obj =   2.088083811e+03 inf =   4.656e+01 (106929)
*404894: obj =   2.088083811e+03 inf =   4.655e+01 (106896)
*404916: obj =   2.088083758e+03 inf =   4.657e+01 (106908) 1
*404941: obj =   2.088083743e+03 inf =   4.658e+01 (106897)
*404966: obj =   2.088083743e+03 inf =   4.658e+01 (106909)
*404992: obj =   2.088083734e+03 inf =   4.658e+01 (106908)
*405017: obj =   2.088083724e+03 inf =   4.658e+01 (106911) 1
*405045: obj =   2.088083723e+03 inf =   4.658e+01 (106914)
*405072: obj =   2.088083723e+03 inf =   4.658e+01 (106906)
*405097: obj =   2.088083703e+03 inf =   4.659e+01 (106911)
*405118: obj =   2.088083703e+03 inf =   4.659e+01 (106909) 1
*405143: obj =   2.088083685e+03 inf =   4.659e+01 (106921)
*405168: obj =   2.088083685e+03 inf =   4.659e+01 (106916)
*405194: obj =   2.088083685e+03 inf =   4.659e+01 (106918)
*405219: obj =   2.088083685e+03 inf =   4.659e+01 (106925) 1
*405245: obj =   2.088083684e+03 inf =   4.658e+01 (106915)
*405271: obj =   2.088083684e+03 inf =   4.658e+01 (106905)
*405299: obj =   2.088083684e+03 inf =   4.658e+01 (106916)
*405320: obj =   2.088083684e+03 inf =   4.658e+01 (106915) 1
*405346: obj =   2.088083684e+03 inf =   4.658e+01 (106916)
*405371: obj =   2.088083684e+03 inf =   4.657e+01 (106926)
*405396: obj =   2.088083684e+03 inf =   4.657e+01 (106901)
*405421: obj =   2.088083668e+03 inf =   4.658e+01 (106925) 1
*405447: obj =   2.088083668e+03 inf =   4.658e+01 (106903)
*405473: obj =   2.088083668e+03 inf =   4.657e+01 (106901)
*405499: obj =   2.088083668e+03 inf =   4.657e+01 (106918)
*405522: obj =   2.088083668e+03 inf =   4.657e+01 (106906) 1
*405548: obj =   2.088083668e+03 inf =   4.657e+01 (106912)
*405576: obj =   2.088083667e+03 inf =   4.657e+01 (106913)
*405604: obj =   2.088083667e+03 inf =   4.657e+01 (106930)
*405623: obj =   2.088083667e+03 inf =   4.657e+01 (106898) 1
*405651: obj =   2.088083667e+03 inf =   4.656e+01 (106894)
*405678: obj =   2.088083667e+03 inf =   4.656e+01 (106905)
*405706: obj =   2.088083667e+03 inf =   4.656e+01 (106898)
*405724: obj =   2.088083667e+03 inf =   4.656e+01 (106917) 1
*405752: obj =   2.088083667e+03 inf =   4.656e+01 (106923)
*405778: obj =   2.088083645e+03 inf =   4.656e+01 (106928)
*405806: obj =   2.088083637e+03 inf =   4.656e+01 (106923)
*405825: obj =   2.088083585e+03 inf =   4.658e+01 (106927) 1
*405850: obj =   2.088083538e+03 inf =   4.659e+01 (106927)
*405876: obj =   2.088083538e+03 inf =   4.659e+01 (106909)
*405903: obj =   2.088083492e+03 inf =   4.660e+01 (106924)
*405926: obj =   2.088083415e+03 inf =   4.663e+01 (106934) 1
*405951: obj =   2.088083377e+03 inf =   4.664e+01 (106924)
*405978: obj =   2.088083370e+03 inf =   4.665e+01 (106921)
*406007: obj =   2.088083370e+03 inf =   4.664e+01 (106932)
*406027: obj =   2.088083369e+03 inf =   4.664e+01 (106950) 1
*406053: obj =   2.088083364e+03 inf =   4.665e+01 (106935)
*406079: obj =   2.088083364e+03 inf =   4.664e+01 (106930)
*406105: obj =   2.088083364e+03 inf =   4.664e+01 (106920)
*406128: obj =   2.088083364e+03 inf =   4.664e+01 (106910) 1
*406155: obj =   2.088083364e+03 inf =   4.664e+01 (106918)
*406183: obj =   2.088083360e+03 inf =   4.663e+01 (106923)
*406209: obj =   2.088083360e+03 inf =   4.663e+01 (106913)
*406229: obj =   2.088083360e+03 inf =   4.663e+01 (106908) 1
*406257: obj =   2.088083360e+03 inf =   4.663e+01 (106892)
*406285: obj =   2.088083360e+03 inf =   4.663e+01 (106884)
*406310: obj =   2.088083360e+03 inf =   4.663e+01 (106880)
*406330: obj =   2.088083360e+03 inf =   4.663e+01 (106874) 1
*406358: obj =   2.088083360e+03 inf =   4.663e+01 (106885)
*406386: obj =   2.088083360e+03 inf =   4.662e+01 (106874)
*406413: obj =   2.088083360e+03 inf =   4.662e+01 (106864)
*406431: obj =   2.088083360e+03 inf =   4.662e+01 (106869) 1
*406461: obj =   2.088083359e+03 inf =   4.662e+01 (106869)
*406490: obj =   2.088083359e+03 inf =   4.661e+01 (106884)
*406519: obj =   2.088083359e+03 inf =   4.661e+01 (106882)
*406532: obj =   2.088083359e+03 inf =   4.661e+01 (106866) 1
*406562: obj =   2.088083359e+03 inf =   4.660e+01 (106879)
*406591: obj =   2.088083359e+03 inf =   4.660e+01 (106857)
*406619: obj =   2.088083359e+03 inf =   4.660e+01 (106853)
*406633: obj =   2.088083359e+03 inf =   4.659e+01 (106859) 1
*406661: obj =   2.088083359e+03 inf =   4.660e+01 (106861)
*406689: obj =   2.088083352e+03 inf =   4.660e+01 (106861)
*406717: obj =   2.088083348e+03 inf =   4.660e+01 (106857)
*406734: obj =   2.088083348e+03 inf =   4.660e+01 (106862) 1
*406761: obj =   2.088083328e+03 inf =   4.660e+01 (106865)
*406789: obj =   2.088083323e+03 inf =   4.660e+01 (106863)
*406818: obj =   2.088083322e+03 inf =   4.660e+01 (106857)
*406835: obj =   2.088083322e+03 inf =   4.660e+01 (106859) 1
*406863: obj =   2.088083322e+03 inf =   4.660e+01 (106844)
*406891: obj =   2.088083322e+03 inf =   4.660e+01 (106842)
*406917: obj =   2.088083322e+03 inf =   4.660e+01 (106850)
*406936: obj =   2.088083322e+03 inf =   4.660e+01 (106852) 1
*406962: obj =   2.088083313e+03 inf =   4.660e+01 (106843)
*406991: obj =   2.088083296e+03 inf =   4.660e+01 (106848)
*407018: obj =   2.088083296e+03 inf =   4.660e+01 (106827)
*407037: obj =   2.088083296e+03 inf =   4.660e+01 (106841) 1
*407066: obj =   2.088083291e+03 inf =   4.660e+01 (106837)
*407095: obj =   2.088083291e+03 inf =   4.660e+01 (106836)
*407123: obj =   2.088083291e+03 inf =   4.660e+01 (106825)
*407138: obj =   2.088083289e+03 inf =   4.660e+01 (106820) 1
*407165: obj =   2.088083289e+03 inf =   4.659e+01 (106821)
*407193: obj =   2.088083289e+03 inf =   4.659e+01 (106821)
*407221: obj =   2.088083289e+03 inf =   4.659e+01 (106821)
*407239: obj =   2.088083289e+03 inf =   4.659e+01 (106831) 1
*407269: obj =   2.088083289e+03 inf =   4.659e+01 (106829)
*407298: obj =   2.088083289e+03 inf =   4.659e+01 (106824)
*407327: obj =   2.088083289e+03 inf =   4.659e+01 (106821)
*407340: obj =   2.088083289e+03 inf =   4.658e+01 (106815) 1
*407370: obj =   2.088083289e+03 inf =   4.658e+01 (106835)
*407399: obj =   2.088083288e+03 inf =   4.658e+01 (106835)
*407428: obj =   2.088083288e+03 inf =   4.658e+01 (106839)
*407441: obj =   2.088083288e+03 inf =   4.658e+01 (106836) 1
*407471: obj =   2.088083271e+03 inf =   4.658e+01 (106834)
*407499: obj =   2.088083235e+03 inf =   4.658e+01 (106839)
*407527: obj =   2.088083186e+03 inf =   4.659e+01 (106836)
*407542: obj =   2.088083144e+03 inf =   4.659e+01 (106831) 1
*407575: obj =   2.088083105e+03 inf =   4.660e+01 (106829)
*407608: obj =   2.088083057e+03 inf =   4.661e+01 (106830)
*407641: obj =   2.088083057e+03 inf =   4.661e+01 (106834)
*407643: obj =   2.088083057e+03 inf =   4.661e+01 (106840) 1
*407675: obj =   2.088083057e+03 inf =   4.661e+01 (106843)
*407708: obj =   2.088083057e+03 inf =   4.660e+01 (106828)
*407740: obj =   2.088083057e+03 inf =   4.660e+01 (106828)
*407744: obj =   2.088083057e+03 inf =   4.661e+01 (106829) 1
*407776: obj =   2.088083022e+03 inf =   4.661e+01 (106833)
*407806: obj =   2.088082997e+03 inf =   4.661e+01 (106856)
*407837: obj =   2.088082954e+03 inf =   4.662e+01 (106861)
*407845: obj =   2.088082913e+03 inf =   4.662e+01 (106864) 1
*407876: obj =   2.088082882e+03 inf =   4.663e+01 (106864)
*407907: obj =   2.088082881e+03 inf =   4.663e+01 (106850)
*407938: obj =   2.088082754e+03 inf =   4.665e+01 (106856)
*407946: obj =   2.088082740e+03 inf =   4.665e+01 (106856) 1
*407977: obj =   2.088082679e+03 inf =   4.666e+01 (106850)
*408008: obj =   2.088082664e+03 inf =   4.666e+01 (106836)
*408039: obj =   2.088082659e+03 inf =   4.666e+01 (106832)
*408047: obj =   2.088082650e+03 inf =   4.667e+01 (106846) 1
*408077: obj =   2.088082647e+03 inf =   4.667e+01 (106846)
*408107: obj =   2.088082637e+03 inf =   4.667e+01 (106850)
*408137: obj =   2.088082637e+03 inf =   4.667e+01 (106850)
*408148: obj =   2.088082637e+03 inf =   4.667e+01 (106834) 1
*408179: obj =   2.088082637e+03 inf =   4.667e+01 (106829)
*408210: obj =   2.088082636e+03 inf =   4.667e+01 (106815)
*408241: obj =   2.088082636e+03 inf =   4.667e+01 (106818)
*408249: obj =   2.088082636e+03 inf =   4.667e+01 (106810) 1
*408280: obj =   2.088082636e+03 inf =   4.666e+01 (106822)
*408311: obj =   2.088082636e+03 inf =   4.666e+01 (106815)
*408342: obj =   2.088082636e+03 inf =   4.666e+01 (106835)
*408350: obj =   2.088082636e+03 inf =   4.666e+01 (106826) 1
*408380: obj =   2.088082632e+03 inf =   4.666e+01 (106818)
*408410: obj =   2.088082626e+03 inf =   4.666e+01 (106816)
*408439: obj =   2.088082626e+03 inf =   4.666e+01 (106825)
*408451: obj =   2.088082626e+03 inf =   4.666e+01 (106823) 1
*408478: obj =   2.088082626e+03 inf =   4.665e+01 (106809)
*408504: obj =   2.088082626e+03 inf =   4.665e+01 (106797)
*408532: obj =   2.088082626e+03 inf =   4.665e+01 (106783)
*408552: obj =   2.088082626e+03 inf =   4.665e+01 (106786) 1
*408577: obj =   2.088082626e+03 inf =   4.665e+01 (106787)
*408602: obj =   2.088082626e+03 inf =   4.664e+01 (106790)
*408628: obj =   2.088082626e+03 inf =   4.664e+01 (106775)
*408653: obj =   2.088082625e+03 inf =   4.664e+01 (106782) 1
*408680: obj =   2.088082625e+03 inf =   4.664e+01 (106782)
*408707: obj =   2.088082625e+03 inf =   4.664e+01 (106793)
*408735: obj =   2.088082625e+03 inf =   4.664e+01 (106776)
*408754: obj =   2.088082617e+03 inf =   4.664e+01 (106775) 1
*408781: obj =   2.088082595e+03 inf =   4.664e+01 (106764)
*408807: obj =   2.088082588e+03 inf =   4.664e+01 (106772)
*408835: obj =   2.088082588e+03 inf =   4.664e+01 (106788)
*408855: obj =   2.088082584e+03 inf =   4.664e+01 (106803) 1
*408880: obj =   2.088082584e+03 inf =   4.664e+01 (106810)
*408905: obj =   2.088082492e+03 inf =   4.665e+01 (106797)
*408931: obj =   2.088082428e+03 inf =   4.666e+01 (106792)
*408956: obj =   2.088082376e+03 inf =   4.667e+01 (106791) 1
*408981: obj =   2.088082297e+03 inf =   4.668e+01 (106784)
*409006: obj =   2.088082266e+03 inf =   4.668e+01 (106782)
*409031: obj =   2.088082266e+03 inf =   4.668e+01 (106781)
*409057: obj =   2.088082266e+03 inf =   4.668e+01 (106789)
*409058: obj =   2.088082266e+03 inf =   4.668e+01 (106781) 1
*409083: obj =   2.088082266e+03 inf =   4.668e+01 (106780)
*409108: obj =   2.088082266e+03 inf =   4.668e+01 (106771)
*409132: obj =   2.088082264e+03 inf =   4.668e+01 (106766)
*409159: obj =   2.088082263e+03 inf =   4.668e+01 (106751) 1
*409185: obj =   2.088082263e+03 inf =   4.668e+01 (106753)
*409209: obj =   2.088082263e+03 inf =   4.668e+01 (106747)
*409234: obj =   2.088082195e+03 inf =   4.670e+01 (106750)
*409259: obj =   2.088082142e+03 inf =   4.670e+01 (106751)
*409260: obj =   2.088082142e+03 inf =   4.670e+01 (106744) 1
*409285: obj =   2.088082097e+03 inf =   4.671e+01 (106739)
*409311: obj =   2.088081996e+03 inf =   4.673e+01 (106737)
*409336: obj =   2.088081963e+03 inf =   4.673e+01 (106733)
*409361: obj =   2.088081929e+03 inf =   4.674e+01 (106729) 1
*409386: obj =   2.088081832e+03 inf =   4.676e+01 (106733)
*409411: obj =   2.088081831e+03 inf =   4.676e+01 (106740)
*409436: obj =   2.088081779e+03 inf =   4.677e+01 (106734)
*409461: obj =   2.088081686e+03 inf =   4.678e+01 (106724)
*409462: obj =   2.088081686e+03 inf =   4.678e+01 (106728) 1
*409487: obj =   2.088081685e+03 inf =   4.678e+01 (106732)
*409512: obj =   2.088081603e+03 inf =   4.680e+01 (106732)
*409537: obj =   2.088081598e+03 inf =   4.680e+01 (106730)
*409562: obj =   2.088081502e+03 inf =   4.681e+01 (106722)
*409563: obj =   2.088081502e+03 inf =   4.681e+01 (106727) 1
*409587: obj =   2.088081430e+03 inf =   4.683e+01 (106732)
*409612: obj =   2.088081367e+03 inf =   4.684e+01 (106738)
*409638: obj =   2.088081367e+03 inf =   4.683e+01 (106743)
*409662: obj =   2.088081363e+03 inf =   4.684e+01 (106732)
*409664: obj =   2.088081363e+03 inf =   4.684e+01 (106733) 1
*409690: obj =   2.088081363e+03 inf =   4.683e+01 (106726)
*409716: obj =   2.088081363e+03 inf =   4.683e+01 (106715)
*409742: obj =   2.088081353e+03 inf =   4.683e+01 (106721)
*409765: obj =   2.088081326e+03 inf =   4.684e+01 (106734) 1
*409790: obj =   2.088081283e+03 inf =   4.684e+01 (106743)
*409815: obj =   2.088081257e+03 inf =   4.685e+01 (106747)
*409839: obj =   2.088081222e+03 inf =   4.685e+01 (106732)
*409863: obj =   2.088081199e+03 inf =   4.685e+01 (106748)
*409866: obj =   2.088081199e+03 inf =   4.685e+01 (106752) 1
*409890: obj =   2.088081161e+03 inf =   4.686e+01 (106759)
*409915: obj =   2.088081105e+03 inf =   4.687e+01 (106760)
*409939: obj =   2.088081047e+03 inf =   4.688e+01 (106752)
*409964: obj =   2.088081018e+03 inf =   4.689e+01 (106754)
*409967: obj =   2.088081009e+03 inf =   4.689e+01 (106751) 1
*409992: obj =   2.088080999e+03 inf =   4.689e+01 (106740)
*410017: obj =   2.088080999e+03 inf =   4.689e+01 (106740)
*410041: obj =   2.088080999e+03 inf =   4.690e+01 (106737)
*410065: obj =   2.088080978e+03 inf =   4.690e+01 (106737)
*410068: obj =   2.088080978e+03 inf =   4.690e+01 (106750) 1
*410092: obj =   2.088080977e+03 inf =   4.690e+01 (106741)
*410115: obj =   2.088080964e+03 inf =   4.690e+01 (106740)
*410139: obj =   2.088080879e+03 inf =   4.692e+01 (106740)
*410165: obj =   2.088080878e+03 inf =   4.692e+01 (106725)
*410169: obj =   2.088080878e+03 inf =   4.692e+01 (106724) 1
*410193: obj =   2.088080864e+03 inf =   4.692e+01 (106724)
*410217: obj =   2.088080863e+03 inf =   4.692e+01 (106739)
*410242: obj =   2.088080863e+03 inf =   4.692e+01 (106728)
*410266: obj =   2.088080863e+03 inf =   4.692e+01 (106739)
*410270: obj =   2.088080863e+03 inf =   4.692e+01 (106745) 1
*410294: obj =   2.088080863e+03 inf =   4.692e+01 (106724)
*410318: obj =   2.088080811e+03 inf =   4.693e+01 (106741)
*410343: obj =   2.088080791e+03 inf =   4.693e+01 (106730)
*410369: obj =   2.088080790e+03 inf =   4.693e+01 (106722)
*410371: obj =   2.088080790e+03 inf =   4.693e+01 (106725) 1
*410397: obj =   2.088080790e+03 inf =   4.693e+01 (106735)
*410424: obj =   2.088080789e+03 inf =   4.693e+01 (106731)
*410450: obj =   2.088080789e+03 inf =   4.693e+01 (106715)
*410472: obj =   2.088080789e+03 inf =   4.692e+01 (106711) 1
*410498: obj =   2.088080789e+03 inf =   4.692e+01 (106719)
*410524: obj =   2.088080789e+03 inf =   4.692e+01 (106704)
*410552: obj =   2.088080789e+03 inf =   4.692e+01 (106711)
*410573: obj =   2.088080789e+03 inf =   4.692e+01 (106702) 1
*410600: obj =   2.088080789e+03 inf =   4.692e+01 (106706)
*410626: obj =   2.088080789e+03 inf =   4.691e+01 (106688)
*410652: obj =   2.088080789e+03 inf =   4.691e+01 (106685)
*410674: obj =   2.088080789e+03 inf =   4.691e+01 (106697) 1
*410698: obj =   2.088080789e+03 inf =   4.691e+01 (106695)
*410722: obj =   2.088080789e+03 inf =   4.691e+01 (106684)
*410747: obj =   2.088080789e+03 inf =   4.691e+01 (106709)
*410770: obj =   2.088080775e+03 inf =   4.691e+01 (106687)
*410775: obj =   2.088080775e+03 inf =   4.691e+01 (106689) 1
*410797: obj =   2.088080757e+03 inf =   4.691e+01 (106694)
*410820: obj =   2.088080752e+03 inf =   4.691e+01 (106713)
*410844: obj =   2.088080683e+03 inf =   4.692e+01 (106701)
*410867: obj =   2.088080625e+03 inf =   4.693e+01 (106713)
*410877: obj =   2.088080618e+03 inf =   4.693e+01 (106702) 1
*410900: obj =   2.088080566e+03 inf =   4.694e+01 (106718)
*410924: obj =   2.088080566e+03 inf =   4.694e+01 (106711)
*410946: obj =   2.088080458e+03 inf =   4.695e+01 (106710)
*410968: obj =   2.088080457e+03 inf =   4.695e+01 (106709)
*410978: obj =   2.088080431e+03 inf =   4.696e+01 (106719) 1
*411002: obj =   2.088080427e+03 inf =   4.696e+01 (106707)
*411025: obj =   2.088080357e+03 inf =   4.697e+01 (106691)
*411048: obj =   2.088080289e+03 inf =   4.699e+01 (106694)
*411072: obj =   2.088080230e+03 inf =   4.700e+01 (106687)
*411079: obj =   2.088080229e+03 inf =   4.700e+01 (106679) 1
*411103: obj =   2.088080229e+03 inf =   4.700e+01 (106680)
*411127: obj =   2.088080229e+03 inf =   4.700e+01 (106690)
*411151: obj =   2.088080229e+03 inf =   4.700e+01 (106696)
*411175: obj =   2.088080215e+03 inf =   4.700e+01 (106681)
*411180: obj =   2.088080215e+03 inf =   4.700e+01 (106678) 1
*411204: obj =   2.088080215e+03 inf =   4.700e+01 (106675)
*411229: obj =   2.088080215e+03 inf =   4.700e+01 (106668)
*411254: obj =   2.088080215e+03 inf =   4.700e+01 (106675)
*411279: obj =   2.088080215e+03 inf =   4.700e+01 (106669)
*411282: obj =   2.088080215e+03 inf =   4.700e+01 (106670) 1
*411308: obj =   2.088080214e+03 inf =   4.700e+01 (106688)
*411334: obj =   2.088080214e+03 inf =   4.700e+01 (106694)
*411360: obj =   2.088080214e+03 inf =   4.699e+01 (106711)
*411383: obj =   2.088080214e+03 inf =   4.699e+01 (106709) 1
*411410: obj =   2.088080214e+03 inf =   4.699e+01 (106704)
*411437: obj =   2.088080214e+03 inf =   4.699e+01 (106712)
*411464: obj =   2.088080214e+03 inf =   4.699e+01 (106713)
*411484: obj =   2.088080213e+03 inf =   4.699e+01 (106717) 1
*411510: obj =   2.088080213e+03 inf =   4.698e+01 (106725)
*411535: obj =   2.088080212e+03 inf =   4.698e+01 (106705)
*411557: obj =   2.088080190e+03 inf =   4.699e+01 (106703)
*411580: obj =   2.088080151e+03 inf =   4.699e+01 (106694)
*411585: obj =   2.088080151e+03 inf =   4.699e+01 (106698) 1
*411608: obj =   2.088080121e+03 inf =   4.700e+01 (106692)
*411631: obj =   2.088080108e+03 inf =   4.700e+01 (106686)
*411653: obj =   2.088080108e+03 inf =   4.700e+01 (106697)
*411676: obj =   2.088080107e+03 inf =   4.700e+01 (106684)
*411686: obj =   2.088080107e+03 inf =   4.700e+01 (106692) 1
*411709: obj =   2.088080107e+03 inf =   4.700e+01 (106681)
*411732: obj =   2.088080036e+03 inf =   4.701e+01 (106677)
*411755: obj =   2.088079979e+03 inf =   4.702e+01 (106679)
*411779: obj =   2.088079949e+03 inf =   4.703e+01 (106667)
*411788: obj =   2.088079949e+03 inf =   4.703e+01 (106664) 1
*411812: obj =   2.088079949e+03 inf =   4.703e+01 (106671)
*411835: obj =   2.088079879e+03 inf =   4.703e+01 (106678)
*411859: obj =   2.088079874e+03 inf =   4.703e+01 (106668)
*411883: obj =   2.088079821e+03 inf =   4.704e+01 (106660)
*411890: obj =   2.088079797e+03 inf =   4.705e+01 (106659) 1
*411912: obj =   2.088079767e+03 inf =   4.705e+01 (106661)
*411933: obj =   2.088079707e+03 inf =   4.706e+01 (106643)
*411955: obj =   2.088079671e+03 inf =   4.707e+01 (106647)
*411977: obj =   2.088079611e+03 inf =   4.708e+01 (106654)
*411991: obj =   2.088079611e+03 inf =   4.708e+01 (106644) 1
*412017: obj =   2.088079610e+03 inf =   4.708e+01 (106655)
*412041: obj =   2.088079598e+03 inf =   4.708e+01 (106654)
*412064: obj =   2.088079577e+03 inf =   4.708e+01 (106659)
*412088: obj =   2.088079508e+03 inf =   4.710e+01 (106670)
*412092: obj =   2.088079486e+03 inf =   4.710e+01 (106658) 1
*412115: obj =   2.088079379e+03 inf =   4.712e+01 (106670)
*412138: obj =   2.088079360e+03 inf =   4.712e+01 (106689)
*412161: obj =   2.088079360e+03 inf =   4.712e+01 (106687)
*412185: obj =   2.088079315e+03 inf =   4.713e+01 (106683)
*412193: obj =   2.088079305e+03 inf =   4.713e+01 (106689) 1
*412218: obj =   2.088079305e+03 inf =   4.713e+01 (106688)
*412243: obj =   2.088079304e+03 inf =   4.713e+01 (106696)
*412268: obj =   2.088079304e+03 inf =   4.713e+01 (106687)
*412292: obj =   2.088079304e+03 inf =   4.712e+01 (106688)
*412294: obj =   2.088079304e+03 inf =   4.712e+01 (106701) 1
*412320: obj =   2.088079304e+03 inf =   4.712e+01 (106679)
*412346: obj =   2.088079304e+03 inf =   4.712e+01 (106671)
*412372: obj =   2.088079304e+03 inf =   4.712e+01 (106660)
*412395: obj =   2.088079304e+03 inf =   4.712e+01 (106664) 1
*412422: obj =   2.088079304e+03 inf =   4.712e+01 (106655)
*412447: obj =   2.088079301e+03 inf =   4.712e+01 (106657)
*412472: obj =   2.088079301e+03 inf =   4.712e+01 (106659)
*412496: obj =   2.088079297e+03 inf =   4.712e+01 (106661) 1
*412520: obj =   2.088079295e+03 inf =   4.712e+01 (106660)
*412544: obj =   2.088079295e+03 inf =   4.712e+01 (106655)
*412569: obj =   2.088079295e+03 inf =   4.711e+01 (106666)
*412593: obj =   2.088079295e+03 inf =   4.711e+01 (106666)
*412597: obj =   2.088079295e+03 inf =   4.711e+01 (106666) 1
*412621: obj =   2.088079292e+03 inf =   4.711e+01 (106665)
*412645: obj =   2.088079292e+03 inf =   4.711e+01 (106673)
*412669: obj =   2.088079292e+03 inf =   4.711e+01 (106678)
*412692: obj =   2.088079292e+03 inf =   4.711e+01 (106666)
*412698: obj =   2.088079292e+03 inf =   4.711e+01 (106664) 1
*412721: obj =   2.088079292e+03 inf =   4.711e+01 (106674)
*412744: obj =   2.088079292e+03 inf =   4.711e+01 (106681)
*412768: obj =   2.088079284e+03 inf =   4.711e+01 (106678)
*412791: obj =   2.088079284e+03 inf =   4.711e+01 (106672)
*412799: obj =   2.088079284e+03 inf =   4.711e+01 (106668) 1
*412828: obj =   2.088079284e+03 inf =   4.711e+01 (106673)
*412856: obj =   2.088079258e+03 inf =   4.711e+01 (106669)
*412883: obj =   2.088079213e+03 inf =   4.711e+01 (106692)
*412900: obj =   2.088079201e+03 inf =   4.711e+01 (106683) 1
*412925: obj =   2.088079201e+03 inf =   4.711e+01 (106662)
*412949: obj =   2.088079201e+03 inf =   4.711e+01 (106661)
*412978: obj =   2.088079165e+03 inf =   4.711e+01 (106665)
*413002: obj =   2.088079165e+03 inf =   4.711e+01 (106676) 1
*413030: obj =   2.088079165e+03 inf =   4.711e+01 (106685)
*413058: obj =   2.088079140e+03 inf =   4.712e+01 (106663)
*413086: obj =   2.088079038e+03 inf =   4.713e+01 (106660)
*413104: obj =   2.088078977e+03 inf =   4.714e+01 (106662) 1
*413133: obj =   2.088078924e+03 inf =   4.714e+01 (106650)
*413161: obj =   2.088078893e+03 inf =   4.715e+01 (106645)
*413190: obj =   2.088078893e+03 inf =   4.715e+01 (106639)
*413205: obj =   2.088078893e+03 inf =   4.715e+01 (106654) 1
*413233: obj =   2.088078893e+03 inf =   4.715e+01 (106657)
*413261: obj =   2.088078851e+03 inf =   4.716e+01 (106636)
*413289: obj =   2.088078758e+03 inf =   4.717e+01 (106632)
*413306: obj =   2.088078757e+03 inf =   4.717e+01 (106627) 1
*413335: obj =   2.088078725e+03 inf =   4.718e+01 (106643)
*413361: obj =   2.088078725e+03 inf =   4.718e+01 (106645)
*413384: obj =   2.088078725e+03 inf =   4.718e+01 (106651)
*413407: obj =   2.088078725e+03 inf =   4.718e+01 (106642) 1
*413435: obj =   2.088078725e+03 inf =   4.718e+01 (106645)
*413463: obj =   2.088078725e+03 inf =   4.718e+01 (106654)
*413492: obj =   2.088078634e+03 inf =   4.719e+01 (106669)
*413508: obj =   2.088078634e+03 inf =   4.719e+01 (106678) 1
*413536: obj =   2.088078633e+03 inf =   4.719e+01 (106683)
*413567: obj =   2.088078633e+03 inf =   4.719e+01 (106684)
*413599: obj =   2.088078632e+03 inf =   4.719e+01 (106701)
*413609: obj =   2.088078632e+03 inf =   4.719e+01 (106704) 1
*413637: obj =   2.088078632e+03 inf =   4.719e+01 (106701)
*413663: obj =   2.088078628e+03 inf =   4.719e+01 (106687)
*413688: obj =   2.088078628e+03 inf =   4.719e+01 (106680)
*413710: obj =   2.088078628e+03 inf =   4.719e+01 (106682) 1
*413738: obj =   2.088078582e+03 inf =   4.719e+01 (106683)
*413766: obj =   2.088078544e+03 inf =   4.720e+01 (106694)
*413794: obj =   2.088078466e+03 inf =   4.721e+01 (106688)
*413811: obj =   2.088078450e+03 inf =   4.721e+01 (106690) 1
*413839: obj =   2.088078368e+03 inf =   4.723e+01 (106678)
*413867: obj =   2.088078294e+03 inf =   4.724e+01 (106680)
*413895: obj =   2.088078291e+03 inf =   4.724e+01 (106657)
*413912: obj =   2.088078291e+03 inf =   4.724e+01 (106662) 1
*413936: obj =   2.088078242e+03 inf =   4.725e+01 (106653)
*413960: obj =   2.088078233e+03 inf =   4.725e+01 (106649)
*413985: obj =   2.088078170e+03 inf =   4.726e+01 (106661)
*414013: obj =   2.088078170e+03 inf =   4.726e+01 (106671) 1
*414042: obj =   2.088078170e+03 inf =   4.726e+01 (106647)
*414070: obj =   2.088078170e+03 inf =   4.726e+01 (106660)
*414099: obj =   2.088078085e+03 inf =   4.728e+01 (106668)
*414114: obj =   2.088078082e+03 inf =   4.728e+01 (106662) 1
*414143: obj =   2.088078032e+03 inf =   4.729e+01 (106652)
*414172: obj =   2.088077910e+03 inf =   4.732e+01 (106663)
*414201: obj =   2.088077889e+03 inf =   4.732e+01 (106666)
*414215: obj =   2.088077889e+03 inf =   4.732e+01 (106673) 1
*414240: obj =   2.088077764e+03 inf =   4.735e+01 (106672)
*414265: obj =   2.088077704e+03 inf =   4.736e+01 (106672)
*414291: obj =   2.088077590e+03 inf =   4.738e+01 (106664)
*414316: obj =   2.088077515e+03 inf =   4.740e+01 (106671) 1
*414343: obj =   2.088077515e+03 inf =   4.740e+01 (106666)
*414376: obj =   2.088077515e+03 inf =   4.740e+01 (106666)
*414411: obj =   2.088077514e+03 inf =   4.740e+01 (106677)
*414417: obj =   2.088077514e+03 inf =   4.740e+01 (106677) 1
*414450: obj =   2.088077514e+03 inf =   4.740e+01 (106677)
*414482: obj =   2.088077513e+03 inf =   4.739e+01 (106681)
*414514: obj =   2.088077509e+03 inf =   4.740e+01 (106694)
*414518: obj =   2.088077509e+03 inf =   4.740e+01 (106682) 1
*414546: obj =   2.088077509e+03 inf =   4.739e+01 (106709)
*414575: obj =   2.088077509e+03 inf =   4.739e+01 (106708)
*414601: obj =   2.088077509e+03 inf =   4.739e+01 (106699)
*414619: obj =   2.088077509e+03 inf =   4.739e+01 (106703) 1
*414653: obj =   2.088077509e+03 inf =   4.738e+01 (106695)
*414687: obj =   2.088077509e+03 inf =   4.738e+01 (106710)
*414720: obj =   2.088077508e+03 inf =   4.738e+01 (106707) 1
*414752: obj =   2.088077477e+03 inf =   4.738e+01 (106688)
*414782: obj =   2.088077411e+03 inf =   4.739e+01 (106706)
*414813: obj =   2.088077350e+03 inf =   4.740e+01 (106699)
*414821: obj =   2.088077338e+03 inf =   4.740e+01 (106694) 1
*414851: obj =   2.088077275e+03 inf =   4.741e+01 (106700)
*414883: obj =   2.088077275e+03 inf =   4.741e+01 (106692)
*414916: obj =   2.088077275e+03 inf =   4.741e+01 (106688)
*414922: obj =   2.088077275e+03 inf =   4.741e+01 (106685) 1
*414955: obj =   2.088077275e+03 inf =   4.741e+01 (106710)
*414988: obj =   2.088077275e+03 inf =   4.741e+01 (106706)
*415023: obj =   2.088077275e+03 inf =   4.740e+01 (106703) 1
*415056: obj =   2.088077275e+03 inf =   4.740e+01 (106696)
*415087: obj =   2.088077275e+03 inf =   4.740e+01 (106714)
*415117: obj =   2.088077275e+03 inf =   4.740e+01 (106721)
*415124: obj =   2.088077267e+03 inf =   4.740e+01 (106717) 1
*415154: obj =   2.088077176e+03 inf =   4.742e+01 (106715)
*415184: obj =   2.088077133e+03 inf =   4.742e+01 (106715)
*415214: obj =   2.088077090e+03 inf =   4.743e+01 (106698)
*415225: obj =   2.088077069e+03 inf =   4.744e+01 (106689) 1
*415255: obj =   2.088077064e+03 inf =   4.744e+01 (106696)
*415285: obj =   2.088077027e+03 inf =   4.744e+01 (106685)
*415316: obj =   2.088076955e+03 inf =   4.745e+01 (106679)
*415326: obj =   2.088076918e+03 inf =   4.746e+01 (106679) 1
*415356: obj =   2.088076849e+03 inf =   4.747e+01 (106681)
*415386: obj =   2.088076830e+03 inf =   4.747e+01 (106680)
*415416: obj =   2.088076769e+03 inf =   4.748e+01 (106686)
*415427: obj =   2.088076769e+03 inf =   4.748e+01 (106686) 1
*415456: obj =   2.088076754e+03 inf =   4.749e+01 (106700)
*415486: obj =   2.088076754e+03 inf =   4.748e+01 (106690)
*415516: obj =   2.088076692e+03 inf =   4.749e+01 (106696)
*415528: obj =   2.088076639e+03 inf =   4.750e+01 (106695) 1
*415558: obj =   2.088076616e+03 inf =   4.751e+01 (106690)
*415587: obj =   2.088076509e+03 inf =   4.752e+01 (106701)
*415616: obj =   2.088076451e+03 inf =   4.754e+01 (106703)
*415629: obj =   2.088076451e+03 inf =   4.754e+01 (106708) 1
*415659: obj =   2.088076447e+03 inf =   4.754e+01 (106701)
*415689: obj =   2.088076447e+03 inf =   4.754e+01 (106694)
*415718: obj =   2.088076447e+03 inf =   4.754e+01 (106697)
*415730: obj =   2.088076447e+03 inf =   4.754e+01 (106692) 1
*415760: obj =   2.088076447e+03 inf =   4.754e+01 (106690)
*415790: obj =   2.088076362e+03 inf =   4.755e+01 (106715)
*415821: obj =   2.088076275e+03 inf =   4.757e+01 (106712)
*415831: obj =   2.088076254e+03 inf =   4.757e+01 (106723) 1
*415862: obj =   2.088076174e+03 inf =   4.759e+01 (106738)
*415897: obj =   2.088076163e+03 inf =   4.759e+01 (106745)
*415929: obj =   2.088076131e+03 inf =   4.759e+01 (106749)
*415932: obj =   2.088076131e+03 inf =   4.759e+01 (106737) 1
*415963: obj =   2.088076097e+03 inf =   4.760e+01 (106742)
*415995: obj =   2.088076095e+03 inf =   4.760e+01 (106759)
*416027: obj =   2.088076065e+03 inf =   4.761e+01 (106756)
*416033: obj =   2.088076065e+03 inf =   4.761e+01 (106746) 1
*416065: obj =   2.088076065e+03 inf =   4.761e+01 (106738)
*416098: obj =   2.088076064e+03 inf =   4.761e+01 (106725)
*416132: obj =   2.088076064e+03 inf =   4.761e+01 (106714)
*416134: obj =   2.088076064e+03 inf =   4.761e+01 (106724) 1
*416166: obj =   2.088076064e+03 inf =   4.761e+01 (106712)
*416198: obj =   2.088076064e+03 inf =   4.760e+01 (106718)
*416230: obj =   2.088076046e+03 inf =   4.761e+01 (106717)
*416235: obj =   2.088076046e+03 inf =   4.761e+01 (106725) 1
*416267: obj =   2.088076044e+03 inf =   4.761e+01 (106720)
*416300: obj =   2.088076044e+03 inf =   4.761e+01 (106703)
*416332: obj =   2.088076038e+03 inf =   4.761e+01 (106692)
*416336: obj =   2.088076038e+03 inf =   4.761e+01 (106692) 1
*416368: obj =   2.088076038e+03 inf =   4.760e+01 (106706)
*416399: obj =   2.088076038e+03 inf =   4.760e+01 (106711)
*416431: obj =   2.088076038e+03 inf =   4.760e+01 (106703)
*416437: obj =   2.088076038e+03 inf =   4.760e+01 (106694) 1
*416470: obj =   2.088076038e+03 inf =   4.759e+01 (106690)
*416501: obj =   2.088076027e+03 inf =   4.760e+01 (106688)
*416532: obj =   2.088076027e+03 inf =   4.760e+01 (106692)
*416538: obj =   2.088076027e+03 inf =   4.760e+01 (106695) 1
*416570: obj =   2.088076027e+03 inf =   4.759e+01 (106662)
*416601: obj =   2.088076021e+03 inf =   4.760e+01 (106675)
*416635: obj =   2.088076020e+03 inf =   4.759e+01 (106691)
*416639: obj =   2.088076020e+03 inf =   4.759e+01 (106690) 1
*416672: obj =   2.088076019e+03 inf =   4.759e+01 (106688)
*416705: obj =   2.088076019e+03 inf =   4.759e+01 (106710)
*416737: obj =   2.088076019e+03 inf =   4.758e+01 (106705)
*416740: obj =   2.088076019e+03 inf =   4.758e+01 (106697) 1
*416771: obj =   2.088076013e+03 inf =   4.758e+01 (106694)
*416801: obj =   2.088075996e+03 inf =   4.759e+01 (106691)
*416833: obj =   2.088075995e+03 inf =   4.759e+01 (106681)
*416841: obj =   2.088075995e+03 inf =   4.759e+01 (106668) 1
*416874: obj =   2.088075990e+03 inf =   4.759e+01 (106665)
*416908: obj =   2.088075963e+03 inf =   4.759e+01 (106664)
*416942: obj =   2.088075963e+03 inf =   4.759e+01 (106665) 1
*416973: obj =   2.088075963e+03 inf =   4.758e+01 (106668)
*417004: obj =   2.088075961e+03 inf =   4.758e+01 (106661)
*417036: obj =   2.088075958e+03 inf =   4.758e+01 (106646)
*417043: obj =   2.088075942e+03 inf =   4.758e+01 (106642) 1
*417074: obj =   2.088075906e+03 inf =   4.759e+01 (106663)
*417107: obj =   2.088075903e+03 inf =   4.758e+01 (106661)
*417141: obj =   2.088075903e+03 inf =   4.758e+01 (106663)
*417144: obj =   2.088075902e+03 inf =   4.758e+01 (106660) 1
*417177: obj =   2.088075902e+03 inf =   4.758e+01 (106650)
*417210: obj =   2.088075895e+03 inf =   4.758e+01 (106640)
*417242: obj =   2.088075895e+03 inf =   4.758e+01 (106645)
*417245: obj =   2.088075895e+03 inf =   4.758e+01 (106635) 1
*417279: obj =   2.088075895e+03 inf =   4.757e+01 (106637)
*417313: obj =   2.088075885e+03 inf =   4.757e+01 (106656)
*417346: obj =   2.088075885e+03 inf =   4.757e+01 (106642) 1
*417378: obj =   2.088075854e+03 inf =   4.758e+01 (106646)
*417409: obj =   2.088075854e+03 inf =   4.758e+01 (106651)
*417439: obj =   2.088075841e+03 inf =   4.758e+01 (106664)
*417447: obj =   2.088075841e+03 inf =   4.758e+01 (106655) 1
*417478: obj =   2.088075748e+03 inf =   4.759e+01 (106647)
*417508: obj =   2.088075675e+03 inf =   4.760e+01 (106647)
*417538: obj =   2.088075675e+03 inf =   4.760e+01 (106656)
*417548: obj =   2.088075675e+03 inf =   4.760e+01 (106657) 1
*417578: obj =   2.088075586e+03 inf =   4.762e+01 (106648)
*417608: obj =   2.088075552e+03 inf =   4.762e+01 (106653)
*417637: obj =   2.088075480e+03 inf =   4.764e+01 (106652)
*417649: obj =   2.088075480e+03 inf =   4.764e+01 (106656) 1
*417679: obj =   2.088075387e+03 inf =   4.765e+01 (106648)
*417709: obj =   2.088075354e+03 inf =   4.766e+01 (106640)
*417739: obj =   2.088075354e+03 inf =   4.766e+01 (106635)
*417750: obj =   2.088075354e+03 inf =   4.766e+01 (106646) 1
*417779: obj =   2.088075269e+03 inf =   4.767e+01 (106657)
*417808: obj =   2.088075180e+03 inf =   4.769e+01 (106664)
*417837: obj =   2.088075180e+03 inf =   4.769e+01 (106658)
*417851: obj =   2.088075180e+03 inf =   4.768e+01 (106665) 1
*417884: obj =   2.088075147e+03 inf =   4.769e+01 (106658)
*417915: obj =   2.088075111e+03 inf =   4.769e+01 (106669)
*417945: obj =   2.088075103e+03 inf =   4.769e+01 (106665)
*417952: obj =   2.088075103e+03 inf =   4.769e+01 (106672) 1
*417983: obj =   2.088075091e+03 inf =   4.770e+01 (106667)
*418013: obj =   2.088075090e+03 inf =   4.770e+01 (106656)
*418041: obj =   2.088075053e+03 inf =   4.770e+01 (106660)
*418053: obj =   2.088075032e+03 inf =   4.770e+01 (106660) 1
*418083: obj =   2.088074922e+03 inf =   4.772e+01 (106664)
*418113: obj =   2.088074764e+03 inf =   4.775e+01 (106659)
*418143: obj =   2.088074690e+03 inf =   4.776e+01 (106673)
*418154: obj =   2.088074663e+03 inf =   4.777e+01 (106677) 1
*418184: obj =   2.088074508e+03 inf =   4.780e+01 (106665)
*418213: obj =   2.088074452e+03 inf =   4.781e+01 (106663)
*418242: obj =   2.088074428e+03 inf =   4.781e+01 (106663)
*418255: obj =   2.088074425e+03 inf =   4.781e+01 (106668) 1
*418285: obj =   2.088074425e+03 inf =   4.781e+01 (106668)
*418314: obj =   2.088074286e+03 inf =   4.784e+01 (106667)
*418343: obj =   2.088074227e+03 inf =   4.785e+01 (106666)
*418356: obj =   2.088074227e+03 inf =   4.785e+01 (106660) 1
*418385: obj =   2.088074225e+03 inf =   4.785e+01 (106649)
*418418: obj =   2.088074225e+03 inf =   4.785e+01 (106635)
*418450: obj =   2.088074181e+03 inf =   4.786e+01 (106618)
*418457: obj =   2.088074160e+03 inf =   4.786e+01 (106622) 1
*418486: obj =   2.088074146e+03 inf =   4.787e+01 (106620)
*418516: obj =   2.088074146e+03 inf =   4.787e+01 (106630)
*418545: obj =   2.088074146e+03 inf =   4.787e+01 (106633)
*418558: obj =   2.088074145e+03 inf =   4.787e+01 (106629) 1
*418588: obj =   2.088074145e+03 inf =   4.787e+01 (106623)
*418617: obj =   2.088074024e+03 inf =   4.789e+01 (106616)
*418647: obj =   2.088073992e+03 inf =   4.790e+01 (106625)
*418659: obj =   2.088073991e+03 inf =   4.790e+01 (106622) 1
*418692: obj =   2.088073991e+03 inf =   4.790e+01 (106611)
*418726: obj =   2.088073991e+03 inf =   4.789e+01 (106610)
*418754: obj =   2.088073991e+03 inf =   4.789e+01 (106605)
*418760: obj =   2.088073971e+03 inf =   4.789e+01 (106606) 1
*418790: obj =   2.088073936e+03 inf =   4.790e+01 (106609)
*418820: obj =   2.088073874e+03 inf =   4.791e+01 (106615)
*418850: obj =   2.088073784e+03 inf =   4.793e+01 (106599)
*418861: obj =   2.088073784e+03 inf =   4.792e+01 (106610) 1
*418894: obj =   2.088073752e+03 inf =   4.793e+01 (106610)
*418924: obj =   2.088073690e+03 inf =   4.794e+01 (106618)
*418955: obj =   2.088073605e+03 inf =   4.796e+01 (106607)
*418962: obj =   2.088073603e+03 inf =   4.796e+01 (106604) 1
*418992: obj =   2.088073476e+03 inf =   4.799e+01 (106617)
*419021: obj =   2.088073474e+03 inf =   4.799e+01 (106609)
*419050: obj =   2.088073418e+03 inf =   4.800e+01 (106618)
*419063: obj =   2.088073351e+03 inf =   4.801e+01 (106611) 1
*419090: obj =   2.088073341e+03 inf =   4.801e+01 (106624)
*419119: obj =   2.088073294e+03 inf =   4.802e+01 (106622)
*419149: obj =   2.088073109e+03 inf =   4.806e+01 (106640)
*419164: obj =   2.088073073e+03 inf =   4.807e+01 (106635) 1
*419193: obj =   2.088073005e+03 inf =   4.808e+01 (106620)
*419222: obj =   2.088072947e+03 inf =   4.810e+01 (106630)
*419251: obj =   2.088072905e+03 inf =   4.810e+01 (106614)
*419265: obj =   2.088072853e+03 inf =   4.812e+01 (106613) 1
*419299: obj =   2.088072850e+03 inf =   4.812e+01 (106605)
*419333: obj =   2.088072850e+03 inf =   4.812e+01 (106584)
*419366: obj =   2.088072850e+03 inf =   4.811e+01 (106587) 1
*419395: obj =   2.088072768e+03 inf =   4.813e+01 (106587)
*419424: obj =   2.088072764e+03 inf =   4.813e+01 (106583)
*419453: obj =   2.088072702e+03 inf =   4.815e+01 (106596)
*419467: obj =   2.088072702e+03 inf =   4.815e+01 (106593) 1
*419496: obj =   2.088072702e+03 inf =   4.815e+01 (106600)
*419525: obj =   2.088072673e+03 inf =   4.815e+01 (106610)
*419553: obj =   2.088072579e+03 inf =   4.818e+01 (106600)
*419568: obj =   2.088072518e+03 inf =   4.819e+01 (106609) 1
*419597: obj =   2.088072513e+03 inf =   4.819e+01 (106596)
*419626: obj =   2.088072513e+03 inf =   4.819e+01 (106585)
*419655: obj =   2.088072512e+03 inf =   4.819e+01 (106587)
*419669: obj =   2.088072416e+03 inf =   4.821e+01 (106583) 1
*419698: obj =   2.088072318e+03 inf =   4.824e+01 (106585)
*419727: obj =   2.088072271e+03 inf =   4.825e+01 (106576)
*419757: obj =   2.088072271e+03 inf =   4.825e+01 (106589)
*419770: obj =   2.088072271e+03 inf =   4.825e+01 (106583) 1
*419799: obj =   2.088072270e+03 inf =   4.825e+01 (106592)
*419828: obj =   2.088072269e+03 inf =   4.825e+01 (106586)
*419860: obj =   2.088072269e+03 inf =   4.825e+01 (106603)
*419871: obj =   2.088072269e+03 inf =   4.825e+01 (106610) 1
*419900: obj =   2.088072269e+03 inf =   4.825e+01 (106613)
*419929: obj =   2.088072269e+03 inf =   4.825e+01 (106606)
*419958: obj =   2.088072267e+03 inf =   4.825e+01 (106593)
*419972: obj =   2.088072267e+03 inf =   4.825e+01 (106598) 1
*420002: obj =   2.088072267e+03 inf =   4.825e+01 (106594)
*420031: obj =   2.088072267e+03 inf =   4.825e+01 (106607)
*420059: obj =   2.088072145e+03 inf =   4.828e+01 (106613)
*420073: obj =   2.088072129e+03 inf =   4.828e+01 (106618) 1
*420103: obj =   2.088072129e+03 inf =   4.828e+01 (106626)
*420133: obj =   2.088072129e+03 inf =   4.828e+01 (106627)
*420163: obj =   2.088072129e+03 inf =   4.828e+01 (106624)
*420175: obj =   2.088072127e+03 inf =   4.828e+01 (106623) 1
*420209: obj =   2.088072127e+03 inf =   4.828e+01 (106630)
*420243: obj =   2.088072127e+03 inf =   4.828e+01 (106658)
*420276: obj =   2.088072127e+03 inf =   4.827e+01 (106648) 1
*420309: obj =   2.088072127e+03 inf =   4.827e+01 (106650)
*420338: obj =   2.088072031e+03 inf =   4.829e+01 (106644)
*420367: obj =   2.088072030e+03 inf =   4.829e+01 (106650)
*420378: obj =   2.088072030e+03 inf =   4.829e+01 (106637) 1
*420408: obj =   2.088072030e+03 inf =   4.829e+01 (106643)
*420437: obj =   2.088071953e+03 inf =   4.831e+01 (106648)
*420466: obj =   2.088071861e+03 inf =   4.832e+01 (106654)
*420479: obj =   2.088071860e+03 inf =   4.832e+01 (106665) 1
*420508: obj =   2.088071860e+03 inf =   4.833e+01 (106647)
*420537: obj =   2.088071860e+03 inf =   4.833e+01 (106664)
*420566: obj =   2.088071860e+03 inf =   4.833e+01 (106646)
*420580: obj =   2.088071860e+03 inf =   4.833e+01 (106643) 1
*420609: obj =   2.088071860e+03 inf =   4.833e+01 (106639)
*420638: obj =   2.088071816e+03 inf =   4.834e+01 (106638)
*420667: obj =   2.088071816e+03 inf =   4.834e+01 (106632)
*420681: obj =   2.088071793e+03 inf =   4.834e+01 (106642) 1
*420711: obj =   2.088071732e+03 inf =   4.836e+01 (106645)
*420740: obj =   2.088071732e+03 inf =   4.835e+01 (106645)
*420769: obj =   2.088071732e+03 inf =   4.835e+01 (106659)
*420782: obj =   2.088071732e+03 inf =   4.835e+01 (106653) 1
*420811: obj =   2.088071732e+03 inf =   4.835e+01 (106656)
*420841: obj =   2.088071728e+03 inf =   4.835e+01 (106653)
*420871: obj =   2.088071728e+03 inf =   4.835e+01 (106657)
*420883: obj =   2.088071728e+03 inf =   4.835e+01 (106661) 1
*420912: obj =   2.088071618e+03 inf =   4.838e+01 (106647)
*420941: obj =   2.088071549e+03 inf =   4.839e+01 (106640)
*420970: obj =   2.088071479e+03 inf =   4.840e+01 (106635)
*420984: obj =   2.088071435e+03 inf =   4.841e+01 (106622) 1
*421019: obj =   2.088071432e+03 inf =   4.841e+01 (106636)
*421050: obj =   2.088071432e+03 inf =   4.841e+01 (106634)
*421079: obj =   2.088071430e+03 inf =   4.841e+01 (106655)
*421085: obj =   2.088071430e+03 inf =   4.841e+01 (106640) 1
*421114: obj =   2.088071429e+03 inf =   4.841e+01 (106643)
*421144: obj =   2.088071350e+03 inf =   4.842e+01 (106626)
*421173: obj =   2.088071255e+03 inf =   4.844e+01 (106639)
*421186: obj =   2.088071178e+03 inf =   4.846e+01 (106640) 1
*421215: obj =   2.088071038e+03 inf =   4.848e+01 (106637)
*421245: obj =   2.088070899e+03 inf =   4.851e+01 (106641)
*421275: obj =   2.088070859e+03 inf =   4.852e+01 (106616)
*421287: obj =   2.088070859e+03 inf =   4.852e+01 (106619) 1
*421317: obj =   2.088070859e+03 inf =   4.852e+01 (106620)
*421347: obj =   2.088070859e+03 inf =   4.852e+01 (106629)
*421376: obj =   2.088070843e+03 inf =   4.852e+01 (106631)
*421388: obj =   2.088070802e+03 inf =   4.853e+01 (106639) 1
*421418: obj =   2.088070710e+03 inf =   4.855e+01 (106624)
*421447: obj =   2.088070580e+03 inf =   4.858e+01 (106641)
*421476: obj =   2.088070487e+03 inf =   4.861e+01 (106644)
*421489: obj =   2.088070479e+03 inf =   4.861e+01 (106642) 1
*421520: obj =   2.088070450e+03 inf =   4.861e+01 (106631)
*421550: obj =   2.088070421e+03 inf =   4.862e+01 (106641)
*421579: obj =   2.088070416e+03 inf =   4.862e+01 (106647)
*421590: obj =   2.088070416e+03 inf =   4.862e+01 (106638) 1
*421619: obj =   2.088070390e+03 inf =   4.863e+01 (106636)
*421648: obj =   2.088070390e+03 inf =   4.863e+01 (106651)
*421677: obj =   2.088070358e+03 inf =   4.863e+01 (106659)
*421691: obj =   2.088070292e+03 inf =   4.865e+01 (106640) 1
*421721: obj =   2.088070140e+03 inf =   4.868e+01 (106652)
*421750: obj =   2.088070081e+03 inf =   4.870e+01 (106647)
*421780: obj =   2.088070006e+03 inf =   4.871e+01 (106613)
*421792: obj =   2.088069971e+03 inf =   4.872e+01 (106637) 1
*421822: obj =   2.088069883e+03 inf =   4.874e+01 (106617)
*421850: obj =   2.088069808e+03 inf =   4.876e+01 (106621)
*421879: obj =   2.088069742e+03 inf =   4.877e+01 (106616)
*421893: obj =   2.088069658e+03 inf =   4.879e+01 (106615) 1
*421922: obj =   2.088069577e+03 inf =   4.881e+01 (106620)
*421952: obj =   2.088069546e+03 inf =   4.882e+01 (106602)
*421982: obj =   2.088069546e+03 inf =   4.882e+01 (106611)
*421994: obj =   2.088069483e+03 inf =   4.883e+01 (106613) 1
*422024: obj =   2.088069389e+03 inf =   4.885e+01 (106596)
*422054: obj =   2.088069350e+03 inf =   4.886e+01 (106588)
*422084: obj =   2.088069349e+03 inf =   4.886e+01 (106577)
*422095: obj =   2.088069318e+03 inf =   4.886e+01 (106579) 1
*422125: obj =   2.088069235e+03 inf =   4.888e+01 (106574)
*422155: obj =   2.088069111e+03 inf =   4.891e+01 (106581)
*422185: obj =   2.088069038e+03 inf =   4.893e+01 (106572)
*422196: obj =   2.088069022e+03 inf =   4.893e+01 (106575) 1
*422225: obj =   2.088068894e+03 inf =   4.896e+01 (106571)
*422254: obj =   2.088068824e+03 inf =   4.898e+01 (106578)
*422284: obj =   2.088068824e+03 inf =   4.898e+01 (106580)
*422297: obj =   2.088068821e+03 inf =   4.898e+01 (106574) 1
*422327: obj =   2.088068816e+03 inf =   4.898e+01 (106580)
*422359: obj =   2.088068811e+03 inf =   4.898e+01 (106598)
*422389: obj =   2.088068811e+03 inf =   4.898e+01 (106570)
*422398: obj =   2.088068811e+03 inf =   4.898e+01 (106577) 1
*422427: obj =   2.088068742e+03 inf =   4.900e+01 (106570)
*422461: obj =   2.088068742e+03 inf =   4.899e+01 (106562)
*422494: obj =   2.088068742e+03 inf =   4.899e+01 (106540)
*422499: obj =   2.088068742e+03 inf =   4.899e+01 (106551) 1
*422532: obj =   2.088068742e+03 inf =   4.899e+01 (106547)
*422565: obj =   2.088068742e+03 inf =   4.899e+01 (106535)
*422599: obj =   2.088068741e+03 inf =   4.899e+01 (106543)
*422600: obj =   2.088068741e+03 inf =   4.899e+01 (106548) 1
*422642: obj =   2.088068741e+03 inf =   4.899e+01 (106555)
*422680: obj =   2.088068739e+03 inf =   4.899e+01 (106559)
*422702: obj =   2.088068734e+03 inf =   4.899e+01 (106555) 1
*422733: obj =   2.088068718e+03 inf =   4.900e+01 (106551)
*422763: obj =   2.088068718e+03 inf =   4.900e+01 (106562)
*422792: obj =   2.088068655e+03 inf =   4.901e+01 (106584)
*422803: obj =   2.088068643e+03 inf =   4.901e+01 (106585) 1
*422832: obj =   2.088068618e+03 inf =   4.902e+01 (106576)
*422861: obj =   2.088068616e+03 inf =   4.902e+01 (106578)
*422893: obj =   2.088068613e+03 inf =   4.902e+01 (106595)
*422905: obj =   2.088068613e+03 inf =   4.902e+01 (106604) 1
*422933: obj =   2.088068613e+03 inf =   4.902e+01 (106586)
*422961: obj =   2.088068554e+03 inf =   4.903e+01 (106593)
*422989: obj =   2.088068494e+03 inf =   4.904e+01 (106596)
*423006: obj =   2.088068493e+03 inf =   4.904e+01 (106591) 1
*423035: obj =   2.088068490e+03 inf =   4.904e+01 (106592)
*423064: obj =   2.088068490e+03 inf =   4.904e+01 (106594)
*423092: obj =   2.088068478e+03 inf =   4.905e+01 (106594)
*423107: obj =   2.088068463e+03 inf =   4.905e+01 (106589) 1
*423138: obj =   2.088068459e+03 inf =   4.905e+01 (106594)
*423168: obj =   2.088068444e+03 inf =   4.906e+01 (106594)
*423200: obj =   2.088068444e+03 inf =   4.906e+01 (106579)
*423208: obj =   2.088068444e+03 inf =   4.906e+01 (106571) 1
*423242: obj =   2.088068444e+03 inf =   4.905e+01 (106589)
*423276: obj =   2.088068444e+03 inf =   4.905e+01 (106587)
*423309: obj =   2.088068444e+03 inf =   4.905e+01 (106593) 1
*423341: obj =   2.088068444e+03 inf =   4.905e+01 (106607)
*423368: obj =   2.088068444e+03 inf =   4.905e+01 (106605)
*423396: obj =   2.088068444e+03 inf =   4.905e+01 (106607)
*423411: obj =   2.088068374e+03 inf =   4.906e+01 (106611) 1
*423439: obj =   2.088068374e+03 inf =   4.906e+01 (106597)
*423468: obj =   2.088068374e+03 inf =   4.906e+01 (106600)
*423496: obj =   2.088068374e+03 inf =   4.906e+01 (106594)
*423513: obj =   2.088068368e+03 inf =   4.907e+01 (106607) 1
*423543: obj =   2.088068337e+03 inf =   4.908e+01 (106598)
*423572: obj =   2.088068337e+03 inf =   4.908e+01 (106596)
*423602: obj =   2.088068337e+03 inf =   4.908e+01 (106587)
*423614: obj =   2.088068337e+03 inf =   4.908e+01 (106593) 1
*423642: obj =   2.088068294e+03 inf =   4.910e+01 (106595)
*423670: obj =   2.088068290e+03 inf =   4.910e+01 (106598)
*423699: obj =   2.088068290e+03 inf =   4.910e+01 (106597)
*423715: obj =   2.088068290e+03 inf =   4.910e+01 (106591) 1
*423744: obj =   2.088068290e+03 inf =   4.909e+01 (106592)
*423772: obj =   2.088068290e+03 inf =   4.910e+01 (106593)
*423801: obj =   2.088068290e+03 inf =   4.910e+01 (106581)
*423816: obj =   2.088068220e+03 inf =   4.912e+01 (106580) 1
*423845: obj =   2.088068208e+03 inf =   4.913e+01 (106577)
*423873: obj =   2.088068189e+03 inf =   4.914e+01 (106590)
*423901: obj =   2.088068159e+03 inf =   4.914e+01 (106605)
*423917: obj =   2.088068152e+03 inf =   4.914e+01 (106598) 1
*423945: obj =   2.088068152e+03 inf =   4.914e+01 (106593)
*423973: obj =   2.088068130e+03 inf =   4.915e+01 (106589)
*424005: obj =   2.088068111e+03 inf =   4.915e+01 (106593)
*424018: obj =   2.088068108e+03 inf =   4.915e+01 (106577) 1
*424049: obj =   2.088068102e+03 inf =   4.915e+01 (106586)
*424078: obj =   2.088068043e+03 inf =   4.916e+01 (106581)
*424106: obj =   2.088067994e+03 inf =   4.917e+01 (106580)
*424119: obj =   2.088067994e+03 inf =   4.917e+01 (106578) 1
*424147: obj =   2.088067953e+03 inf =   4.918e+01 (106573)
*424175: obj =   2.088067953e+03 inf =   4.918e+01 (106577)
*424202: obj =   2.088067930e+03 inf =   4.919e+01 (106580)
*424220: obj =   2.088067930e+03 inf =   4.919e+01 (106591) 1
*424248: obj =   2.088067930e+03 inf =   4.919e+01 (106590)
*424276: obj =   2.088067929e+03 inf =   4.919e+01 (106597)
*424304: obj =   2.088067929e+03 inf =   4.919e+01 (106593)
*424321: obj =   2.088067929e+03 inf =   4.919e+01 (106586) 1
*424349: obj =   2.088067929e+03 inf =   4.919e+01 (106584)
*424377: obj =   2.088067928e+03 inf =   4.919e+01 (106595)
*424404: obj =   2.088067860e+03 inf =   4.921e+01 (106583)
*424423: obj =   2.088067860e+03 inf =   4.921e+01 (106584) 1
*424450: obj =   2.088067860e+03 inf =   4.920e+01 (106575)
*424478: obj =   2.088067860e+03 inf =   4.920e+01 (106570)
*424506: obj =   2.088067860e+03 inf =   4.920e+01 (106578)
*424524: obj =   2.088067860e+03 inf =   4.921e+01 (106573) 1
*424554: obj =   2.088067860e+03 inf =   4.921e+01 (106586)
*424582: obj =   2.088067860e+03 inf =   4.921e+01 (106584)
*424610: obj =   2.088067860e+03 inf =   4.921e+01 (106597)
*424625: obj =   2.088067830e+03 inf =   4.921e+01 (106592) 1
*424656: obj =   2.088067815e+03 inf =   4.922e+01 (106582)
*424685: obj =   2.088067723e+03 inf =   4.926e+01 (106577)
*424715: obj =   2.088067636e+03 inf =   4.930e+01 (106590)
*424726: obj =   2.088067636e+03 inf =   4.930e+01 (106578) 1
*424756: obj =   2.088067636e+03 inf =   4.930e+01 (106578)
*424786: obj =   2.088067636e+03 inf =   4.930e+01 (106573)
*424815: obj =   2.088067636e+03 inf =   4.930e+01 (106564)
*424827: obj =   2.088067636e+03 inf =   4.930e+01 (106542) 1
*424857: obj =   2.088067591e+03 inf =   4.931e+01 (106552)
*424885: obj =   2.088067452e+03 inf =   4.934e+01 (106562)
*424913: obj =   2.088067407e+03 inf =   4.935e+01 (106565)
*424928: obj =   2.088067407e+03 inf =   4.935e+01 (106575) 1
*424956: obj =   2.088067308e+03 inf =   4.937e+01 (106552)
*424984: obj =   2.088067219e+03 inf =   4.939e+01 (106558)
*425015: obj =   2.088067215e+03 inf =   4.939e+01 (106526)
*425029: obj =   2.088067215e+03 inf =   4.939e+01 (106524) 1
*425056: obj =   2.088067215e+03 inf =   4.939e+01 (106528)
*425084: obj =   2.088067215e+03 inf =   4.939e+01 (106537)
*425111: obj =   2.088067215e+03 inf =   4.939e+01 (106535)
*425130: obj =   2.088067215e+03 inf =   4.939e+01 (106531) 1
*425158: obj =   2.088067215e+03 inf =   4.939e+01 (106525)
*425186: obj =   2.088067214e+03 inf =   4.939e+01 (106528)
*425213: obj =   2.088067214e+03 inf =   4.939e+01 (106520)
*425231: obj =   2.088067214e+03 inf =   4.939e+01 (106532) 1
*425258: obj =   2.088067212e+03 inf =   4.939e+01 (106540)
*425287: obj =   2.088067210e+03 inf =   4.939e+01 (106543)
*425315: obj =   2.088067210e+03 inf =   4.939e+01 (106533)
*425332: obj =   2.088067210e+03 inf =   4.939e+01 (106538) 1
*425360: obj =   2.088067210e+03 inf =   4.940e+01 (106535)
*425390: obj =   2.088067210e+03 inf =   4.939e+01 (106536)
*425418: obj =   2.088067183e+03 inf =   4.940e+01 (106542)
*425433: obj =   2.088067183e+03 inf =   4.940e+01 (106540) 1
*425463: obj =   2.088067149e+03 inf =   4.941e+01 (106550)
*425495: obj =   2.088067149e+03 inf =   4.941e+01 (106547)
*425527: obj =   2.088067149e+03 inf =   4.940e+01 (106539)
*425534: obj =   2.088067149e+03 inf =   4.940e+01 (106541) 1
*425562: obj =   2.088067128e+03 inf =   4.941e+01 (106545)
*425590: obj =   2.088067122e+03 inf =   4.941e+01 (106550)
*425619: obj =   2.088067122e+03 inf =   4.941e+01 (106540)
*425635: obj =   2.088067122e+03 inf =   4.941e+01 (106547) 1
*425662: obj =   2.088067104e+03 inf =   4.941e+01 (106543)
*425689: obj =   2.088067099e+03 inf =   4.941e+01 (106552)
*425720: obj =   2.088067099e+03 inf =   4.941e+01 (106548)
*425736: obj =   2.088067099e+03 inf =   4.941e+01 (106536) 1
*425765: obj =   2.088067099e+03 inf =   4.941e+01 (106533)
*425794: obj =   2.088067062e+03 inf =   4.941e+01 (106527)
*425824: obj =   2.088067061e+03 inf =   4.941e+01 (106533)
*425837: obj =   2.088067040e+03 inf =   4.942e+01 (106531) 1
*425868: obj =   2.088067029e+03 inf =   4.942e+01 (106542)
*425897: obj =   2.088066965e+03 inf =   4.943e+01 (106535)
*425926: obj =   2.088066932e+03 inf =   4.944e+01 (106536)
*425938: obj =   2.088066891e+03 inf =   4.945e+01 (106539) 1
*425967: obj =   2.088066783e+03 inf =   4.947e+01 (106526)
*425997: obj =   2.088066708e+03 inf =   4.949e+01 (106508)
*426026: obj =   2.088066654e+03 inf =   4.950e+01 (106524)
*426039: obj =   2.088066654e+03 inf =   4.950e+01 (106520) 1
*426068: obj =   2.088066652e+03 inf =   4.950e+01 (106507)
*426097: obj =   2.088066652e+03 inf =   4.951e+01 (106516)
*426126: obj =   2.088066616e+03 inf =   4.951e+01 (106509)
*426140: obj =   2.088066584e+03 inf =   4.952e+01 (106506) 1
*426169: obj =   2.088066429e+03 inf =   4.955e+01 (106517)
*426198: obj =   2.088066395e+03 inf =   4.956e+01 (106512)
*426227: obj =   2.088066360e+03 inf =   4.957e+01 (106518)
*426241: obj =   2.088066296e+03 inf =   4.958e+01 (106527) 1
*426271: obj =   2.088066219e+03 inf =   4.960e+01 (106526)
*426301: obj =   2.088066146e+03 inf =   4.962e+01 (106520)
*426330: obj =   2.088066144e+03 inf =   4.962e+01 (106518)
*426342: obj =   2.088066098e+03 inf =   4.963e+01 (106509) 1
*426371: obj =   2.088066032e+03 inf =   4.964e+01 (106501)
*426400: obj =   2.088065874e+03 inf =   4.968e+01 (106510)
*426429: obj =   2.088065702e+03 inf =   4.972e+01 (106507)
*426443: obj =   2.088065698e+03 inf =   4.972e+01 (106515) 1
*426472: obj =   2.088065698e+03 inf =   4.972e+01 (106504)
*426501: obj =   2.088065697e+03 inf =   4.972e+01 (106499)
*426530: obj =   2.088065696e+03 inf =   4.972e+01 (106502)
*426544: obj =   2.088065696e+03 inf =   4.972e+01 (106497) 1
*426573: obj =   2.088065695e+03 inf =   4.972e+01 (106485)
*426602: obj =   2.088065695e+03 inf =   4.972e+01 (106480)
*426630: obj =   2.088065695e+03 inf =   4.972e+01 (106470)
*426645: obj =   2.088065695e+03 inf =   4.972e+01 (106482) 1
*426675: obj =   2.088065695e+03 inf =   4.972e+01 (106470)
*426704: obj =   2.088065695e+03 inf =   4.973e+01 (106493)
*426735: obj =   2.088065695e+03 inf =   4.973e+01 (106492)
*426746: obj =   2.088065695e+03 inf =   4.973e+01 (106480) 1
*426776: obj =   2.088065695e+03 inf =   4.973e+01 (106477)
*426805: obj =   2.088065695e+03 inf =   4.973e+01 (106476)
*426836: obj =   2.088065687e+03 inf =   4.973e+01 (106462)
*426847: obj =   2.088065687e+03 inf =   4.973e+01 (106472) 1
*426876: obj =   2.088065687e+03 inf =   4.973e+01 (106473)
*426904: obj =   2.088065687e+03 inf =   4.973e+01 (106488)
*426932: obj =   2.088065687e+03 inf =   4.973e+01 (106482)
*426948: obj =   2.088065687e+03 inf =   4.973e+01 (106488) 1
*426977: obj =   2.088065687e+03 inf =   4.973e+01 (106494)
*427005: obj =   2.088065604e+03 inf =   4.975e+01 (106491)
*427032: obj =   2.088065566e+03 inf =   4.976e+01 (106482)
*427049: obj =   2.088065566e+03 inf =   4.976e+01 (106459) 1
*427078: obj =   2.088065566e+03 inf =   4.976e+01 (106473)
*427109: obj =   2.088065541e+03 inf =   4.976e+01 (106458)
*427139: obj =   2.088065393e+03 inf =   4.980e+01 (106457)
*427150: obj =   2.088065393e+03 inf =   4.980e+01 (106455) 1
*427179: obj =   2.088065382e+03 inf =   4.980e+01 (106453)
*427208: obj =   2.088065310e+03 inf =   4.982e+01 (106450)
*427236: obj =   2.088065272e+03 inf =   4.983e+01 (106437)
*427251: obj =   2.088065272e+03 inf =   4.983e+01 (106436) 1
*427280: obj =   2.088065218e+03 inf =   4.984e+01 (106438)
*427309: obj =   2.088065150e+03 inf =   4.986e+01 (106445)
*427338: obj =   2.088065068e+03 inf =   4.988e+01 (106447)
*427352: obj =   2.088065025e+03 inf =   4.989e+01 (106447) 1
*427383: obj =   2.088065013e+03 inf =   4.990e+01 (106442)
*427414: obj =   2.088065011e+03 inf =   4.990e+01 (106443)
*427445: obj =   2.088065000e+03 inf =   4.990e+01 (106457)
*427453: obj =   2.088065000e+03 inf =   4.990e+01 (106450) 1
*427484: obj =   2.088065000e+03 inf =   4.990e+01 (106452)
*427516: obj =   2.088065000e+03 inf =   4.989e+01 (106440)
*427547: obj =   2.088065000e+03 inf =   4.989e+01 (106431)
*427554: obj =   2.088065000e+03 inf =   4.989e+01 (106437) 1
*427585: obj =   2.088065000e+03 inf =   4.989e+01 (106435)
*427617: obj =   2.088064998e+03 inf =   4.989e+01 (106421)
*427649: obj =   2.088064998e+03 inf =   4.989e+01 (106431)
*427655: obj =   2.088064998e+03 inf =   4.989e+01 (106438) 1
*427687: obj =   2.088064998e+03 inf =   4.988e+01 (106412)
*427719: obj =   2.088064990e+03 inf =   4.988e+01 (106410)
*427751: obj =   2.088064987e+03 inf =   4.988e+01 (106407)
*427756: obj =   2.088064987e+03 inf =   4.988e+01 (106418) 1
*427786: obj =   2.088064987e+03 inf =   4.988e+01 (106438)
*427814: obj =   2.088064963e+03 inf =   4.988e+01 (106420)
*427842: obj =   2.088064960e+03 inf =   4.988e+01 (106436)
*427857: obj =   2.088064960e+03 inf =   4.988e+01 (106428) 1
*427885: obj =   2.088064952e+03 inf =   4.989e+01 (106435)
*427916: obj =   2.088064929e+03 inf =   4.990e+01 (106474)
*427948: obj =   2.088064928e+03 inf =   4.990e+01 (106487)
*427958: obj =   2.088064928e+03 inf =   4.990e+01 (106477) 1
*427987: obj =   2.088064904e+03 inf =   4.990e+01 (106455)
*428015: obj =   2.088064903e+03 inf =   4.990e+01 (106451)
*428043: obj =   2.088064841e+03 inf =   4.991e+01 (106450)
*428059: obj =   2.088064841e+03 inf =   4.991e+01 (106458) 1
*428087: obj =   2.088064841e+03 inf =   4.991e+01 (106458)
*428116: obj =   2.088064841e+03 inf =   4.992e+01 (106449)
*428144: obj =   2.088064757e+03 inf =   4.993e+01 (106449)
*428160: obj =   2.088064755e+03 inf =   4.993e+01 (106452) 1
*428192: obj =   2.088064754e+03 inf =   4.993e+01 (106451)
*428221: obj =   2.088064753e+03 inf =   4.993e+01 (106450)
*428250: obj =   2.088064713e+03 inf =   4.994e+01 (106439)
*428261: obj =   2.088064664e+03 inf =   4.995e+01 (106455) 1
*428290: obj =   2.088064594e+03 inf =   4.997e+01 (106454)
*428319: obj =   2.088064554e+03 inf =   4.997e+01 (106448)
*428347: obj =   2.088064551e+03 inf =   4.997e+01 (106440)
*428362: obj =   2.088064551e+03 inf =   4.997e+01 (106437) 1
*428390: obj =   2.088064549e+03 inf =   4.997e+01 (106457)
*428417: obj =   2.088064519e+03 inf =   4.998e+01 (106442)
*428445: obj =   2.088064449e+03 inf =   4.999e+01 (106449)
*428463: obj =   2.088064438e+03 inf =   4.999e+01 (106429) 1
*428492: obj =   2.088064366e+03 inf =   5.001e+01 (106443)
*428520: obj =   2.088064347e+03 inf =   5.001e+01 (106448)
*428548: obj =   2.088064248e+03 inf =   5.003e+01 (106420)
*428564: obj =   2.088064248e+03 inf =   5.003e+01 (106432) 1
*428594: obj =   2.088064248e+03 inf =   5.003e+01 (106416)
*428622: obj =   2.088064232e+03 inf =   5.004e+01 (106437)
*428651: obj =   2.088064232e+03 inf =   5.004e+01 (106416)
*428665: obj =   2.088064161e+03 inf =   5.005e+01 (106423) 1
*428697: obj =   2.088064161e+03 inf =   5.005e+01 (106415)
*428729: obj =   2.088064161e+03 inf =   5.005e+01 (106421)
*428762: obj =   2.088064146e+03 inf =   5.005e+01 (106432)
*428766: obj =   2.088064131e+03 inf =   5.005e+01 (106433) 1
*428795: obj =   2.088064061e+03 inf =   5.006e+01 (106423)
*428827: obj =   2.088064031e+03 inf =   5.006e+01 (106426)
*428858: obj =   2.088064013e+03 inf =   5.006e+01 (106444)
*428867: obj =   2.088064002e+03 inf =   5.007e+01 (106449) 1
*428896: obj =   2.088063975e+03 inf =   5.007e+01 (106437)
*428925: obj =   2.088063908e+03 inf =   5.009e+01 (106440)
*428954: obj =   2.088063824e+03 inf =   5.011e+01 (106438)
*428968: obj =   2.088063794e+03 inf =   5.011e+01 (106441) 1
*428997: obj =   2.088063701e+03 inf =   5.013e+01 (106448)
*429028: obj =   2.088063694e+03 inf =   5.013e+01 (106431)
*429063: obj =   2.088063691e+03 inf =   5.013e+01 (106442)
*429069: obj =   2.088063691e+03 inf =   5.013e+01 (106444) 1
*429101: obj =   2.088063691e+03 inf =   5.013e+01 (106426)
*429132: obj =   2.088063691e+03 inf =   5.013e+01 (106424)
*429165: obj =   2.088063691e+03 inf =   5.013e+01 (106428)
*429170: obj =   2.088063691e+03 inf =   5.013e+01 (106418) 1
*429201: obj =   2.088063691e+03 inf =   5.012e+01 (106420)
*429233: obj =   2.088063691e+03 inf =   5.012e+01 (106405)
*429264: obj =   2.088063691e+03 inf =   5.012e+01 (106405)
*429271: obj =   2.088063691e+03 inf =   5.012e+01 (106414) 1
*429302: obj =   2.088063686e+03 inf =   5.012e+01 (106397)
*429337: obj =   2.088063686e+03 inf =   5.011e+01 (106410)
*429372: obj =   2.088063686e+03 inf =   5.011e+01 (106418) 1
*429407: obj =   2.088063641e+03 inf =   5.011e+01 (106413)
*429440: obj =   2.088063628e+03 inf =   5.012e+01 (106401)
*429472: obj =   2.088063572e+03 inf =   5.012e+01 (106392)
*429473: obj =   2.088063568e+03 inf =   5.013e+01 (106388) 1
*429505: obj =   2.088063567e+03 inf =   5.013e+01 (106374)
*429537: obj =   2.088063565e+03 inf =   5.013e+01 (106377)
*429568: obj =   2.088063564e+03 inf =   5.013e+01 (106369)
*429574: obj =   2.088063529e+03 inf =   5.013e+01 (106372) 1
*429605: obj =   2.088063483e+03 inf =   5.014e+01 (106361)
*429636: obj =   2.088063424e+03 inf =   5.015e+01 (106378)
*429666: obj =   2.088063380e+03 inf =   5.016e+01 (106351)
*429675: obj =   2.088063380e+03 inf =   5.016e+01 (106357) 1
*429706: obj =   2.088063379e+03 inf =   5.016e+01 (106364)
*429736: obj =   2.088063355e+03 inf =   5.016e+01 (106389)
*429767: obj =   2.088063355e+03 inf =   5.016e+01 (106387)
*429776: obj =   2.088063355e+03 inf =   5.016e+01 (106372) 1
*429805: obj =   2.088063286e+03 inf =   5.017e+01 (106376)
*429834: obj =   2.088063250e+03 inf =   5.018e+01 (106367)
*429863: obj =   2.088063250e+03 inf =   5.018e+01 (106372)
*429878: obj =   2.088063192e+03 inf =   5.019e+01 (106387) 1
*429908: obj =   2.088063142e+03 inf =   5.021e+01 (106386)
*429940: obj =   2.088063082e+03 inf =   5.022e+01 (106381)
*429973: obj =   2.088063082e+03 inf =   5.021e+01 (106387)
*429979: obj =   2.088063082e+03 inf =   5.021e+01 (106387) 1
*430008: obj =   2.088063082e+03 inf =   5.021e+01 (106389)
*430040: obj =   2.088063082e+03 inf =   5.021e+01 (106367)
*430071: obj =   2.088063078e+03 inf =   5.021e+01 (106387)
*430080: obj =   2.088063077e+03 inf =   5.021e+01 (106380) 1
*430109: obj =   2.088062978e+03 inf =   5.022e+01 (106382)
*430137: obj =   2.088062964e+03 inf =   5.022e+01 (106375)
*430165: obj =   2.088062819e+03 inf =   5.025e+01 (106375)
*430181: obj =   2.088062805e+03 inf =   5.025e+01 (106374) 1
*430210: obj =   2.088062803e+03 inf =   5.025e+01 (106356)
*430239: obj =   2.088062803e+03 inf =   5.025e+01 (106352)
*430267: obj =   2.088062803e+03 inf =   5.025e+01 (106350)
*430282: obj =   2.088062751e+03 inf =   5.026e+01 (106342) 1
*430311: obj =   2.088062681e+03 inf =   5.028e+01 (106346)
*430342: obj =   2.088062615e+03 inf =   5.029e+01 (106332)
*430374: obj =   2.088062615e+03 inf =   5.029e+01 (106334)
*430383: obj =   2.088062615e+03 inf =   5.029e+01 (106326) 1
*430416: obj =   2.088062615e+03 inf =   5.029e+01 (106358)
*430452: obj =   2.088062615e+03 inf =   5.028e+01 (106371)
*430484: obj =   2.088062615e+03 inf =   5.028e+01 (106379) 1
*430518: obj =   2.088062615e+03 inf =   5.027e+01 (106377)
*430552: obj =   2.088062615e+03 inf =   5.027e+01 (106359)
*430585: obj =   2.088062615e+03 inf =   5.027e+01 (106346) 1
*430619: obj =   2.088062602e+03 inf =   5.027e+01 (106356)
*430653: obj =   2.088062602e+03 inf =   5.027e+01 (106368)
*430686: obj =   2.088062586e+03 inf =   5.027e+01 (106361) 1
*430718: obj =   2.088062586e+03 inf =   5.027e+01 (106367)
*430751: obj =   2.088062586e+03 inf =   5.027e+01 (106347)
*430782: obj =   2.088062586e+03 inf =   5.027e+01 (106364)
*430787: obj =   2.088062586e+03 inf =   5.027e+01 (106360) 1
*430819: obj =   2.088062565e+03 inf =   5.027e+01 (106345)
*430849: obj =   2.088062509e+03 inf =   5.027e+01 (106338)
*430878: obj =   2.088062490e+03 inf =   5.027e+01 (106349)
*430888: obj =   2.088062490e+03 inf =   5.027e+01 (106353) 1
*430918: obj =   2.088062401e+03 inf =   5.029e+01 (106352)
*430949: obj =   2.088062277e+03 inf =   5.031e+01 (106356)
*430981: obj =   2.088062263e+03 inf =   5.031e+01 (106346)
*430989: obj =   2.088062259e+03 inf =   5.031e+01 (106352) 1
*431023: obj =   2.088062236e+03 inf =   5.031e+01 (106353)
*431053: obj =   2.088062235e+03 inf =   5.031e+01 (106369)
*431085: obj =   2.088062178e+03 inf =   5.032e+01 (106368)
*431090: obj =   2.088062169e+03 inf =   5.032e+01 (106367) 1
*431121: obj =   2.088062113e+03 inf =   5.033e+01 (106367)
*431149: obj =   2.088062089e+03 inf =   5.034e+01 (106376)
*431178: obj =   2.088062074e+03 inf =   5.034e+01 (106367)
*431191: obj =   2.088062063e+03 inf =   5.034e+01 (106358) 1
*431225: obj =   2.088061998e+03 inf =   5.036e+01 (106378)
*431261: obj =   2.088061992e+03 inf =   5.036e+01 (106361)
*431292: obj =   2.088061975e+03 inf =   5.036e+01 (106360) 1
*431326: obj =   2.088061975e+03 inf =   5.036e+01 (106345)
*431357: obj =   2.088061951e+03 inf =   5.036e+01 (106345)
*431386: obj =   2.088061951e+03 inf =   5.036e+01 (106335)
*431393: obj =   2.088061951e+03 inf =   5.036e+01 (106325) 1
*431420: obj =   2.088061951e+03 inf =   5.036e+01 (106325)
*431448: obj =   2.088061870e+03 inf =   5.037e+01 (106332)
*431476: obj =   2.088061796e+03 inf =   5.039e+01 (106342)
*431494: obj =   2.088061723e+03 inf =   5.040e+01 (106331) 1
*431523: obj =   2.088061653e+03 inf =   5.041e+01 (106329)
*431552: obj =   2.088061563e+03 inf =   5.043e+01 (106333)
*431580: obj =   2.088061503e+03 inf =   5.044e+01 (106351)
*431595: obj =   2.088061503e+03 inf =   5.044e+01 (106347) 1
*431624: obj =   2.088061391e+03 inf =   5.046e+01 (106341)
*431653: obj =   2.088061375e+03 inf =   5.046e+01 (106342)
*431682: obj =   2.088061334e+03 inf =   5.047e+01 (106333)
*431696: obj =   2.088061333e+03 inf =   5.047e+01 (106358) 1
*431725: obj =   2.088061333e+03 inf =   5.047e+01 (106365)
*431754: obj =   2.088061231e+03 inf =   5.049e+01 (106359)
*431783: obj =   2.088061226e+03 inf =   5.049e+01 (106361)
*431797: obj =   2.088061225e+03 inf =   5.049e+01 (106361) 1
*431826: obj =   2.088061195e+03 inf =   5.049e+01 (106345)
*431857: obj =   2.088061162e+03 inf =   5.050e+01 (106364)
*431886: obj =   2.088061162e+03 inf =   5.050e+01 (106353)
*431899: obj =   2.088061162e+03 inf =   5.050e+01 (106358) 1
*431929: obj =   2.088061148e+03 inf =   5.050e+01 (106368)
*431960: obj =   2.088061148e+03 inf =   5.050e+01 (106362)
*431989: obj =   2.088061066e+03 inf =   5.052e+01 (106370)
*432000: obj =   2.088061043e+03 inf =   5.052e+01 (106361) 1
*432030: obj =   2.088060949e+03 inf =   5.054e+01 (106341)
*432060: obj =   2.088060946e+03 inf =   5.054e+01 (106342)
*432092: obj =   2.088060917e+03 inf =   5.055e+01 (106332)
*432101: obj =   2.088060868e+03 inf =   5.055e+01 (106330) 1
*432130: obj =   2.088060868e+03 inf =   5.055e+01 (106341)
*432160: obj =   2.088060868e+03 inf =   5.055e+01 (106317)
*432189: obj =   2.088060868e+03 inf =   5.055e+01 (106329)
*432202: obj =   2.088060805e+03 inf =   5.057e+01 (106322) 1
*432230: obj =   2.088060805e+03 inf =   5.057e+01 (106313)
*432259: obj =   2.088060805e+03 inf =   5.057e+01 (106335)
*432287: obj =   2.088060672e+03 inf =   5.059e+01 (106344)
*432303: obj =   2.088060598e+03 inf =   5.061e+01 (106339) 1
*432332: obj =   2.088060578e+03 inf =   5.062e+01 (106339)
*432361: obj =   2.088060504e+03 inf =   5.063e+01 (106347)
*432390: obj =   2.088060384e+03 inf =   5.066e+01 (106346)
*432404: obj =   2.088060346e+03 inf =   5.067e+01 (106334) 1
*432433: obj =   2.088060343e+03 inf =   5.067e+01 (106334)
*432462: obj =   2.088060300e+03 inf =   5.068e+01 (106349)
*432491: obj =   2.088060258e+03 inf =   5.069e+01 (106350)
*432505: obj =   2.088060258e+03 inf =   5.069e+01 (106341) 1
*432535: obj =   2.088060144e+03 inf =   5.071e+01 (106335)
*432564: obj =   2.088060048e+03 inf =   5.073e+01 (106342)
*432593: obj =   2.088059959e+03 inf =   5.076e+01 (106343)
*432606: obj =   2.088059931e+03 inf =   5.076e+01 (106321) 1
*432639: obj =   2.088059931e+03 inf =   5.076e+01 (106324)
*432672: obj =   2.088059931e+03 inf =   5.076e+01 (106319)
*432707: obj =   2.088059931e+03 inf =   5.075e+01 (106316) 1
*432738: obj =   2.088059930e+03 inf =   5.075e+01 (106304)
*432767: obj =   2.088059905e+03 inf =   5.076e+01 (106308)
*432797: obj =   2.088059898e+03 inf =   5.076e+01 (106302)
*432808: obj =   2.088059898e+03 inf =   5.076e+01 (106305) 1
*432837: obj =   2.088059818e+03 inf =   5.077e+01 (106315)
*432871: obj =   2.088059803e+03 inf =   5.077e+01 (106309)
*432904: obj =   2.088059787e+03 inf =   5.077e+01 (106301)
*432909: obj =   2.088059787e+03 inf =   5.077e+01 (106298) 1
*432938: obj =   2.088059786e+03 inf =   5.077e+01 (106314)
*432967: obj =   2.088059785e+03 inf =   5.077e+01 (106328)
*432997: obj =   2.088059714e+03 inf =   5.079e+01 (106312)
*433010: obj =   2.088059713e+03 inf =   5.079e+01 (106319) 1
*433039: obj =   2.088059592e+03 inf =   5.081e+01 (106318)
*433068: obj =   2.088059498e+03 inf =   5.084e+01 (106320)
*433095: obj =   2.088059493e+03 inf =   5.084e+01 (106332)
*433111: obj =   2.088059446e+03 inf =   5.085e+01 (106331) 1
*433141: obj =   2.088059337e+03 inf =   5.087e+01 (106336)
*433171: obj =   2.088059330e+03 inf =   5.087e+01 (106332)
*433200: obj =   2.088059329e+03 inf =   5.087e+01 (106339)
*433212: obj =   2.088059329e+03 inf =   5.087e+01 (106335) 1
*433241: obj =   2.088059273e+03 inf =   5.088e+01 (106343)
*433269: obj =   2.088059234e+03 inf =   5.089e+01 (106308)
*433298: obj =   2.088059198e+03 inf =   5.090e+01 (106311)
*433313: obj =   2.088059198e+03 inf =   5.090e+01 (106322) 1
*433341: obj =   2.088059142e+03 inf =   5.091e+01 (106323)
*433370: obj =   2.088059129e+03 inf =   5.092e+01 (106312)
*433398: obj =   2.088059024e+03 inf =   5.094e+01 (106292)
*433414: obj =   2.088058981e+03 inf =   5.095e+01 (106293) 1
*433446: obj =   2.088058935e+03 inf =   5.095e+01 (106284)
*433479: obj =   2.088058935e+03 inf =   5.095e+01 (106283)
*433512: obj =   2.088058935e+03 inf =   5.095e+01 (106289)
*433515: obj =   2.088058935e+03 inf =   5.095e+01 (106286) 1
*433548: obj =   2.088058935e+03 inf =   5.095e+01 (106294)
*433582: obj =   2.088058935e+03 inf =   5.095e+01 (106327)
*433616: obj =   2.088058927e+03 inf =   5.094e+01 (106337) 1
*433649: obj =   2.088058926e+03 inf =   5.094e+01 (106323)
*433683: obj =   2.088058926e+03 inf =   5.093e+01 (106324)
*433716: obj =   2.088058926e+03 inf =   5.093e+01 (106334)
*433717: obj =   2.088058926e+03 inf =   5.093e+01 (106340) 1
*433751: obj =   2.088058926e+03 inf =   5.093e+01 (106315)
*433780: obj =   2.088058916e+03 inf =   5.093e+01 (106315)
*433808: obj =   2.088058907e+03 inf =   5.093e+01 (106314)
*433818: obj =   2.088058907e+03 inf =   5.093e+01 (106306) 1
*433848: obj =   2.088058854e+03 inf =   5.094e+01 (106297)
*433877: obj =   2.088058829e+03 inf =   5.094e+01 (106286)
*433907: obj =   2.088058813e+03 inf =   5.095e+01 (106274)
*433919: obj =   2.088058784e+03 inf =   5.095e+01 (106291) 1
*433949: obj =   2.088058765e+03 inf =   5.095e+01 (106288)
*433979: obj =   2.088058728e+03 inf =   5.096e+01 (106287)
*434008: obj =   2.088058657e+03 inf =   5.097e+01 (106303)
*434020: obj =   2.088058649e+03 inf =   5.098e+01 (106301) 1
*434049: obj =   2.088058581e+03 inf =   5.099e+01 (106291)
*434078: obj =   2.088058490e+03 inf =   5.101e+01 (106286)
*434106: obj =   2.088058392e+03 inf =   5.103e+01 (106293)
*434121: obj =   2.088058334e+03 inf =   5.104e+01 (106289) 1
*434149: obj =   2.088058290e+03 inf =   5.105e+01 (106292)
*434180: obj =   2.088058226e+03 inf =   5.106e+01 (106277)
*434213: obj =   2.088058226e+03 inf =   5.106e+01 (106301)
*434222: obj =   2.088058225e+03 inf =   5.106e+01 (106293) 1
*434250: obj =   2.088058173e+03 inf =   5.106e+01 (106303)
*434279: obj =   2.088058134e+03 inf =   5.107e+01 (106294)
*434307: obj =   2.088058134e+03 inf =   5.107e+01 (106302)
*434323: obj =   2.088058134e+03 inf =   5.107e+01 (106310) 1
*434351: obj =   2.088058134e+03 inf =   5.107e+01 (106304)
*434379: obj =   2.088058134e+03 inf =   5.107e+01 (106307)
*434407: obj =   2.088058089e+03 inf =   5.108e+01 (106299)
*434424: obj =   2.088058089e+03 inf =   5.108e+01 (106298) 1
*434451: obj =   2.088057994e+03 inf =   5.110e+01 (106299)
*434477: obj =   2.088057984e+03 inf =   5.110e+01 (106301)
*434505: obj =   2.088057918e+03 inf =   5.112e+01 (106292)
*434525: obj =   2.088057891e+03 inf =   5.112e+01 (106284) 1
*434553: obj =   2.088057885e+03 inf =   5.112e+01 (106298)
*434581: obj =   2.088057784e+03 inf =   5.114e+01 (106294)
*434609: obj =   2.088057694e+03 inf =   5.116e+01 (106285)
*434626: obj =   2.088057638e+03 inf =   5.118e+01 (106303) 1
*434654: obj =   2.088057553e+03 inf =   5.119e+01 (106297)
*434681: obj =   2.088057499e+03 inf =   5.121e+01 (106294)
*434709: obj =   2.088057493e+03 inf =   5.121e+01 (106299)
*434727: obj =   2.088057492e+03 inf =   5.121e+01 (106298) 1
*434755: obj =   2.088057492e+03 inf =   5.121e+01 (106292)
*434783: obj =   2.088057492e+03 inf =   5.121e+01 (106295)
*434810: obj =   2.088057491e+03 inf =   5.121e+01 (106291)
*434829: obj =   2.088057491e+03 inf =   5.121e+01 (106285) 1
*434858: obj =   2.088057491e+03 inf =   5.121e+01 (106290)
*434888: obj =   2.088057491e+03 inf =   5.121e+01 (106286)
*434917: obj =   2.088057388e+03 inf =   5.123e+01 (106288)
*434930: obj =   2.088057388e+03 inf =   5.123e+01 (106279) 1
*434959: obj =   2.088057346e+03 inf =   5.124e+01 (106288)
*434988: obj =   2.088057261e+03 inf =   5.126e+01 (106286)
*435018: obj =   2.088057225e+03 inf =   5.126e+01 (106293)
*435031: obj =   2.088057217e+03 inf =   5.126e+01 (106301) 1
*435060: obj =   2.088057181e+03 inf =   5.127e+01 (106284)
*435088: obj =   2.088057044e+03 inf =   5.130e+01 (106283)
*435117: obj =   2.088056971e+03 inf =   5.132e+01 (106280)
*435132: obj =   2.088056916e+03 inf =   5.133e+01 (106276) 1
*435160: obj =   2.088056910e+03 inf =   5.133e+01 (106279)
*435188: obj =   2.088056841e+03 inf =   5.135e+01 (106289)
*435216: obj =   2.088056750e+03 inf =   5.137e+01 (106275)
*435233: obj =   2.088056706e+03 inf =   5.138e+01 (106282) 1
*435261: obj =   2.088056676e+03 inf =   5.139e+01 (106284)
*435289: obj =   2.088056666e+03 inf =   5.139e+01 (106275)
*435317: obj =   2.088056666e+03 inf =   5.139e+01 (106278)
*435334: obj =   2.088056582e+03 inf =   5.141e+01 (106266) 1
*435362: obj =   2.088056483e+03 inf =   5.144e+01 (106262)
*435390: obj =   2.088056455e+03 inf =   5.145e+01 (106272)
*435417: obj =   2.088056360e+03 inf =   5.147e+01 (106277)
*435435: obj =   2.088056344e+03 inf =   5.147e+01 (106273) 1
*435462: obj =   2.088056265e+03 inf =   5.149e+01 (106281)
*435495: obj =   2.088056265e+03 inf =   5.149e+01 (106283)
*435526: obj =   2.088056265e+03 inf =   5.149e+01 (106277)
*435536: obj =   2.088056265e+03 inf =   5.149e+01 (106285) 1
*435569: obj =   2.088056265e+03 inf =   5.149e+01 (106292)
*435602: obj =   2.088056248e+03 inf =   5.149e+01 (106290)
*435636: obj =   2.088056248e+03 inf =   5.149e+01 (106291)
*435638: obj =   2.088056248e+03 inf =   5.149e+01 (106289) 1
*435672: obj =   2.088056248e+03 inf =   5.148e+01 (106294)
*435704: obj =   2.088056248e+03 inf =   5.148e+01 (106296)
*435736: obj =   2.088056246e+03 inf =   5.148e+01 (106275)
*435739: obj =   2.088056246e+03 inf =   5.148e+01 (106276) 1
*435770: obj =   2.088056246e+03 inf =   5.148e+01 (106261)
*435798: obj =   2.088056246e+03 inf =   5.148e+01 (106286)
*435826: obj =   2.088056143e+03 inf =   5.150e+01 (106287)
*435840: obj =   2.088056143e+03 inf =   5.150e+01 (106282) 1
*435872: obj =   2.088056143e+03 inf =   5.150e+01 (106266)
*435900: obj =   2.088056143e+03 inf =   5.150e+01 (106272)
*435927: obj =   2.088056143e+03 inf =   5.150e+01 (106291)
*435941: obj =   2.088056143e+03 inf =   5.150e+01 (106279) 1
*435969: obj =   2.088056142e+03 inf =   5.150e+01 (106283)
*435998: obj =   2.088056142e+03 inf =   5.150e+01 (106282)
*436028: obj =   2.088056142e+03 inf =   5.150e+01 (106275)
*436042: obj =   2.088056142e+03 inf =   5.150e+01 (106281) 1
*436076: obj =   2.088056142e+03 inf =   5.149e+01 (106284)
*436105: obj =   2.088056142e+03 inf =   5.149e+01 (106286)
*436134: obj =   2.088056095e+03 inf =   5.150e+01 (106294)
*436143: obj =   2.088056095e+03 inf =   5.150e+01 (106301) 1
*436172: obj =   2.088056095e+03 inf =   5.150e+01 (106304)
*436201: obj =   2.088056046e+03 inf =   5.151e+01 (106295)
*436230: obj =   2.088055975e+03 inf =   5.153e+01 (106289)
*436244: obj =   2.088055974e+03 inf =   5.153e+01 (106288) 1
*436273: obj =   2.088055906e+03 inf =   5.155e+01 (106278)
*436302: obj =   2.088055906e+03 inf =   5.155e+01 (106273)
*436331: obj =   2.088055906e+03 inf =   5.155e+01 (106276)
*436345: obj =   2.088055906e+03 inf =   5.155e+01 (106291) 1
*436373: obj =   2.088055906e+03 inf =   5.155e+01 (106296)
*436401: obj =   2.088055906e+03 inf =   5.155e+01 (106298)
*436430: obj =   2.088055906e+03 inf =   5.155e+01 (106289)
*436446: obj =   2.088055906e+03 inf =   5.155e+01 (106275) 1
*436480: obj =   2.088055906e+03 inf =   5.154e+01 (106279)
*436513: obj =   2.088055901e+03 inf =   5.154e+01 (106277)
*436546: obj =   2.088055893e+03 inf =   5.155e+01 (106281)
*436547: obj =   2.088055893e+03 inf =   5.155e+01 (106282) 1
*436578: obj =   2.088055893e+03 inf =   5.155e+01 (106276)
*436608: obj =   2.088055893e+03 inf =   5.155e+01 (106273)
*436638: obj =   2.088055893e+03 inf =   5.154e+01 (106290)
*436648: obj =   2.088055893e+03 inf =   5.154e+01 (106280) 1
*436679: obj =   2.088055893e+03 inf =   5.154e+01 (106286)
*436711: obj =   2.088055893e+03 inf =   5.154e+01 (106315)
*436744: obj =   2.088055893e+03 inf =   5.154e+01 (106302)
*436749: obj =   2.088055893e+03 inf =   5.154e+01 (106302) 1
*436779: obj =   2.088055893e+03 inf =   5.154e+01 (106311)
*436807: obj =   2.088055890e+03 inf =   5.154e+01 (106296)
*436838: obj =   2.088055889e+03 inf =   5.154e+01 (106283)
*436851: obj =   2.088055889e+03 inf =   5.154e+01 (106288) 1
*436884: obj =   2.088055879e+03 inf =   5.154e+01 (106290)
*436912: obj =   2.088055868e+03 inf =   5.154e+01 (106289)
*436941: obj =   2.088055868e+03 inf =   5.154e+01 (106279)
*436952: obj =   2.088055868e+03 inf =   5.154e+01 (106282) 1
*436982: obj =   2.088055868e+03 inf =   5.153e+01 (106281)
*437005: obj =   2.088055787e+03 inf =   5.155e+01 (106272)
*437029: obj =   2.088055724e+03 inf =   5.157e+01 (106280)
*437055: obj =   2.088055723e+03 inf =   5.157e+01 (106275) 1
*437083: obj =   2.088055666e+03 inf =   5.158e+01 (106295)
*437116: obj =   2.088055637e+03 inf =   5.158e+01 (106284)
*437147: obj =   2.088055596e+03 inf =   5.159e+01 (106285)
*437156: obj =   2.088055596e+03 inf =   5.159e+01 (106277) 1
*437188: obj =   2.088055592e+03 inf =   5.159e+01 (106268)
*437220: obj =   2.088055591e+03 inf =   5.158e+01 (106267)
*437252: obj =   2.088055586e+03 inf =   5.159e+01 (106271)
*437257: obj =   2.088055586e+03 inf =   5.159e+01 (106263) 1
*437289: obj =   2.088055584e+03 inf =   5.158e+01 (106265)
*437322: obj =   2.088055584e+03 inf =   5.158e+01 (106274)
*437355: obj =   2.088055584e+03 inf =   5.158e+01 (106256)
*437358: obj =   2.088055584e+03 inf =   5.158e+01 (106253) 1
*437391: obj =   2.088055584e+03 inf =   5.158e+01 (106251)
*437423: obj =   2.088055579e+03 inf =   5.158e+01 (106258)
*437455: obj =   2.088055578e+03 inf =   5.158e+01 (106261)
*437459: obj =   2.088055578e+03 inf =   5.158e+01 (106250) 1
*437491: obj =   2.088055553e+03 inf =   5.158e+01 (106242)
*437523: obj =   2.088055552e+03 inf =   5.158e+01 (106238)
*437556: obj =   2.088055537e+03 inf =   5.158e+01 (106252)
*437560: obj =   2.088055534e+03 inf =   5.158e+01 (106257) 1
*437593: obj =   2.088055534e+03 inf =   5.157e+01 (106263)
*437626: obj =   2.088055534e+03 inf =   5.157e+01 (106276)
*437658: obj =   2.088055534e+03 inf =   5.157e+01 (106272)
*437661: obj =   2.088055534e+03 inf =   5.157e+01 (106265) 1
*437694: obj =   2.088055534e+03 inf =   5.157e+01 (106266)
*437727: obj =   2.088055534e+03 inf =   5.156e+01 (106274)
*437760: obj =   2.088055534e+03 inf =   5.156e+01 (106281)
*437762: obj =   2.088055534e+03 inf =   5.156e+01 (106275) 1
*437792: obj =   2.088055512e+03 inf =   5.157e+01 (106278)
*437821: obj =   2.088055488e+03 inf =   5.157e+01 (106269)
*437851: obj =   2.088055470e+03 inf =   5.157e+01 (106288)
*437863: obj =   2.088055470e+03 inf =   5.157e+01 (106290) 1
*437896: obj =   2.088055453e+03 inf =   5.157e+01 (106276)
*437927: obj =   2.088055412e+03 inf =   5.158e+01 (106280)
*437956: obj =   2.088055412e+03 inf =   5.158e+01 (106260)
*437964: obj =   2.088055412e+03 inf =   5.158e+01 (106254) 1
*437993: obj =   2.088055394e+03 inf =   5.159e+01 (106265)
*438022: obj =   2.088055393e+03 inf =   5.159e+01 (106274)
*438054: obj =   2.088055393e+03 inf =   5.159e+01 (106285)
*438065: obj =   2.088055393e+03 inf =   5.158e+01 (106287) 1
*438098: obj =   2.088055393e+03 inf =   5.158e+01 (106290)
*438131: obj =   2.088055388e+03 inf =   5.158e+01 (106289)
*438165: obj =   2.088055362e+03 inf =   5.158e+01 (106270)
*438166: obj =   2.088055360e+03 inf =   5.158e+01 (106281) 1
*438198: obj =   2.088055320e+03 inf =   5.159e+01 (106271)
*438231: obj =   2.088055315e+03 inf =   5.159e+01 (106282)
*438264: obj =   2.088055252e+03 inf =   5.159e+01 (106268)
*438267: obj =   2.088055244e+03 inf =   5.160e+01 (106265) 1
*438300: obj =   2.088055200e+03 inf =   5.160e+01 (106267)
*438333: obj =   2.088055196e+03 inf =   5.160e+01 (106255)
*438365: obj =   2.088055196e+03 inf =   5.160e+01 (106260)
*438368: obj =   2.088055196e+03 inf =   5.159e+01 (106259) 1
*438400: obj =   2.088055192e+03 inf =   5.160e+01 (106273)
*438433: obj =   2.088055192e+03 inf =   5.159e+01 (106284)
*438465: obj =   2.088055192e+03 inf =   5.159e+01 (106294)
*438469: obj =   2.088055192e+03 inf =   5.159e+01 (106292) 1
*438500: obj =   2.088055181e+03 inf =   5.160e+01 (106302)
*438531: obj =   2.088055181e+03 inf =   5.160e+01 (106285)
*438562: obj =   2.088055168e+03 inf =   5.160e+01 (106286)
*438570: obj =   2.088055166e+03 inf =   5.160e+01 (106289) 1
*438601: obj =   2.088055166e+03 inf =   5.160e+01 (106293)
*438632: obj =   2.088055166e+03 inf =   5.160e+01 (106307)
*438664: obj =   2.088055166e+03 inf =   5.160e+01 (106299)
*438671: obj =   2.088055166e+03 inf =   5.159e+01 (106298) 1
*438704: obj =   2.088055162e+03 inf =   5.159e+01 (106300)
*438738: obj =   2.088055162e+03 inf =   5.159e+01 (106296)
*438771: obj =   2.088055162e+03 inf =   5.159e+01 (106299)
*438772: obj =   2.088055162e+03 inf =   5.159e+01 (106298) 1
*438802: obj =   2.088055146e+03 inf =   5.159e+01 (106296)
*438833: obj =   2.088055108e+03 inf =   5.160e+01 (106280)
*438863: obj =   2.088055029e+03 inf =   5.162e+01 (106288)
*438873: obj =   2.088055029e+03 inf =   5.161e+01 (106294) 1
*438906: obj =   2.088055021e+03 inf =   5.162e+01 (106289)
*438938: obj =   2.088055021e+03 inf =   5.162e+01 (106282)
*438972: obj =   2.088055006e+03 inf =   5.162e+01 (106273)
*438974: obj =   2.088055006e+03 inf =   5.162e+01 (106271) 1
*439006: obj =   2.088054982e+03 inf =   5.162e+01 (106279)
*439040: obj =   2.088054970e+03 inf =   5.162e+01 (106273)
*439074: obj =   2.088054970e+03 inf =   5.162e+01 (106263)
*439075: obj =   2.088054970e+03 inf =   5.162e+01 (106271) 1
*439110: obj =   2.088054969e+03 inf =   5.161e+01 (106273)
*439144: obj =   2.088054945e+03 inf =   5.161e+01 (106277)
*439175: obj =   2.088054880e+03 inf =   5.162e+01 (106297)
*439177: obj =   2.088054880e+03 inf =   5.162e+01 (106269) 1
*439209: obj =   2.088054812e+03 inf =   5.163e+01 (106276)
*439241: obj =   2.088054812e+03 inf =   5.163e+01 (106274)
*439272: obj =   2.088054812e+03 inf =   5.163e+01 (106266)
*439278: obj =   2.088054812e+03 inf =   5.163e+01 (106268) 1
*439310: obj =   2.088054783e+03 inf =   5.164e+01 (106273)
*439341: obj =   2.088054782e+03 inf =   5.164e+01 (106283)
*439373: obj =   2.088054782e+03 inf =   5.164e+01 (106269)
*439379: obj =   2.088054782e+03 inf =   5.164e+01 (106268) 1
*439411: obj =   2.088054781e+03 inf =   5.164e+01 (106265)
*439445: obj =   2.088054747e+03 inf =   5.164e+01 (106281)
*439479: obj =   2.088054747e+03 inf =   5.164e+01 (106271)
*439480: obj =   2.088054747e+03 inf =   5.164e+01 (106264) 1
*439508: obj =   2.088054747e+03 inf =   5.164e+01 (106276)
*439539: obj =   2.088054747e+03 inf =   5.163e+01 (106257)
*439570: obj =   2.088054747e+03 inf =   5.163e+01 (106252)
*439581: obj =   2.088054747e+03 inf =   5.163e+01 (106248) 1
*439612: obj =   2.088054688e+03 inf =   5.164e+01 (106253)
*439643: obj =   2.088054639e+03 inf =   5.165e+01 (106233)
*439673: obj =   2.088054639e+03 inf =   5.164e+01 (106239)
*439682: obj =   2.088054628e+03 inf =   5.164e+01 (106246) 1
*439711: obj =   2.088054544e+03 inf =   5.165e+01 (106242)
*439741: obj =   2.088054530e+03 inf =   5.166e+01 (106243)
*439772: obj =   2.088054530e+03 inf =   5.166e+01 (106258)
*439783: obj =   2.088054530e+03 inf =   5.166e+01 (106258) 1
*439814: obj =   2.088054530e+03 inf =   5.166e+01 (106261)
*439844: obj =   2.088054529e+03 inf =   5.165e+01 (106255)
*439874: obj =   2.088054529e+03 inf =   5.165e+01 (106253)
*439884: obj =   2.088054529e+03 inf =   5.165e+01 (106255) 1
*439913: obj =   2.088054529e+03 inf =   5.165e+01 (106259)
*439946: obj =   2.088054529e+03 inf =   5.165e+01 (106239)
*439975: obj =   2.088054441e+03 inf =   5.167e+01 (106246)
*439985: obj =   2.088054441e+03 inf =   5.167e+01 (106241) 1
*440013: obj =   2.088054441e+03 inf =   5.167e+01 (106261)
*440042: obj =   2.088054434e+03 inf =   5.167e+01 (106249)
*440071: obj =   2.088054359e+03 inf =   5.169e+01 (106246)
*440086: obj =   2.088054357e+03 inf =   5.169e+01 (106247) 1
*440115: obj =   2.088054291e+03 inf =   5.170e+01 (106247)
*440146: obj =   2.088054241e+03 inf =   5.171e+01 (106228)
*440178: obj =   2.088054182e+03 inf =   5.172e+01 (106232)
*440187: obj =   2.088054182e+03 inf =   5.172e+01 (106221) 1
*440220: obj =   2.088054182e+03 inf =   5.172e+01 (106218)
*440252: obj =   2.088054180e+03 inf =   5.172e+01 (106213)
*440284: obj =   2.088054180e+03 inf =   5.171e+01 (106208)
*440288: obj =   2.088054180e+03 inf =   5.171e+01 (106208) 1
*440320: obj =   2.088054178e+03 inf =   5.171e+01 (106212)
*440350: obj =   2.088054170e+03 inf =   5.171e+01 (106208)
*440382: obj =   2.088054170e+03 inf =   5.171e+01 (106203)
*440389: obj =   2.088054170e+03 inf =   5.171e+01 (106209) 1
*440422: obj =   2.088054169e+03 inf =   5.171e+01 (106205)
*440455: obj =   2.088054169e+03 inf =   5.170e+01 (106201)
*440489: obj =   2.088054169e+03 inf =   5.169e+01 (106203)
*440490: obj =   2.088054169e+03 inf =   5.169e+01 (106204) 1
*440524: obj =   2.088054169e+03 inf =   5.169e+01 (106207)
*440557: obj =   2.088054169e+03 inf =   5.169e+01 (106185)
*440590: obj =   2.088054169e+03 inf =   5.169e+01 (106185)
*440591: obj =   2.088054169e+03 inf =   5.169e+01 (106186) 1
*440624: obj =   2.088054169e+03 inf =   5.169e+01 (106191)
*440655: obj =   2.088054169e+03 inf =   5.169e+01 (106186)
*440688: obj =   2.088054169e+03 inf =   5.168e+01 (106189)
*440693: obj =   2.088054169e+03 inf =   5.168e+01 (106174) 1
*440726: obj =   2.088054169e+03 inf =   5.168e+01 (106167)
*440759: obj =   2.088054168e+03 inf =   5.168e+01 (106175)
*440790: obj =   2.088054168e+03 inf =   5.168e+01 (106181)
*440795: obj =   2.088054167e+03 inf =   5.168e+01 (106180) 1
*440824: obj =   2.088054166e+03 inf =   5.168e+01 (106191)
*440852: obj =   2.088054117e+03 inf =   5.169e+01 (106168)
*440880: obj =   2.088054099e+03 inf =   5.169e+01 (106182)
*440896: obj =   2.088054093e+03 inf =   5.169e+01 (106190) 1
*440926: obj =   2.088054064e+03 inf =   5.170e+01 (106203)
*440956: obj =   2.088054004e+03 inf =   5.171e+01 (106201)
*440986: obj =   2.088053935e+03 inf =   5.172e+01 (106194)
*440997: obj =   2.088053935e+03 inf =   5.172e+01 (106200) 1
*441026: obj =   2.088053896e+03 inf =   5.173e+01 (106199)
*441055: obj =   2.088053826e+03 inf =   5.175e+01 (106185)
*441084: obj =   2.088053791e+03 inf =   5.175e+01 (106189)
*441098: obj =   2.088053791e+03 inf =   5.175e+01 (106199) 1
*441130: obj =   2.088053791e+03 inf =   5.175e+01 (106196)
*441162: obj =   2.088053791e+03 inf =   5.175e+01 (106168)
*441194: obj =   2.088053776e+03 inf =   5.175e+01 (106189)
*441199: obj =   2.088053776e+03 inf =   5.175e+01 (106184) 1
*441231: obj =   2.088053776e+03 inf =   5.175e+01 (106187)
*441264: obj =   2.088053776e+03 inf =   5.175e+01 (106197)
*441297: obj =   2.088053776e+03 inf =   5.175e+01 (106174)
*441300: obj =   2.088053776e+03 inf =   5.175e+01 (106172) 1
*441331: obj =   2.088053776e+03 inf =   5.175e+01 (106160)
*441362: obj =   2.088053775e+03 inf =   5.175e+01 (106151)
*441393: obj =   2.088053775e+03 inf =   5.175e+01 (106143)
*441401: obj =   2.088053751e+03 inf =   5.176e+01 (106146) 1
*441433: obj =   2.088053727e+03 inf =   5.177e+01 (106136)
*441466: obj =   2.088053727e+03 inf =   5.177e+01 (106134)
*441497: obj =   2.088053727e+03 inf =   5.176e+01 (106117)
*441502: obj =   2.088053727e+03 inf =   5.176e+01 (106117) 1
*441533: obj =   2.088053711e+03 inf =   5.176e+01 (106105)
*441564: obj =   2.088053668e+03 inf =   5.178e+01 (106114)
*441595: obj =   2.088053660e+03 inf =   5.178e+01 (106123)
*441603: obj =   2.088053660e+03 inf =   5.178e+01 (106117) 1
*441634: obj =   2.088053651e+03 inf =   5.179e+01 (106120)
*441666: obj =   2.088053651e+03 inf =   5.178e+01 (106136)
*441698: obj =   2.088053651e+03 inf =   5.178e+01 (106124)
*441704: obj =   2.088053651e+03 inf =   5.178e+01 (106129) 1
*441736: obj =   2.088053650e+03 inf =   5.178e+01 (106132)
*441767: obj =   2.088053649e+03 inf =   5.177e+01 (106130)
*441798: obj =   2.088053644e+03 inf =   5.177e+01 (106119)
*441805: obj =   2.088053644e+03 inf =   5.177e+01 (106123) 1
*441835: obj =   2.088053604e+03 inf =   5.178e+01 (106126)
*441867: obj =   2.088053584e+03 inf =   5.179e+01 (106106)
*441900: obj =   2.088053560e+03 inf =   5.179e+01 (106127)
*441906: obj =   2.088053560e+03 inf =   5.178e+01 (106129) 1
*441935: obj =   2.088053521e+03 inf =   5.179e+01 (106123)
*441964: obj =   2.088053463e+03 inf =   5.180e+01 (106127)
*441994: obj =   2.088053399e+03 inf =   5.182e+01 (106109)
*442007: obj =   2.088053389e+03 inf =   5.182e+01 (106121) 1
*442036: obj =   2.088053389e+03 inf =   5.182e+01 (106105)
*442065: obj =   2.088053349e+03 inf =   5.183e+01 (106103)
*442094: obj =   2.088053279e+03 inf =   5.185e+01 (106113)
*442108: obj =   2.088053253e+03 inf =   5.185e+01 (106113) 1
*442141: obj =   2.088053253e+03 inf =   5.185e+01 (106111)
*442172: obj =   2.088053253e+03 inf =   5.185e+01 (106100)
*442203: obj =   2.088053249e+03 inf =   5.185e+01 (106123)
*442209: obj =   2.088053249e+03 inf =   5.185e+01 (106106) 1
*442241: obj =   2.088053242e+03 inf =   5.186e+01 (106102)
*442275: obj =   2.088053239e+03 inf =   5.185e+01 (106117)
*442310: obj =   2.088053239e+03 inf =   5.185e+01 (106149)
*442311: obj =   2.088053239e+03 inf =   5.185e+01 (106156) 1
*442346: obj =   2.088053237e+03 inf =   5.184e+01 (106147)
*442381: obj =   2.088053237e+03 inf =   5.184e+01 (106145)
*442412: obj =   2.088053234e+03 inf =   5.184e+01 (106149) 1
*442447: obj =   2.088053213e+03 inf =   5.184e+01 (106147)
*442482: obj =   2.088053202e+03 inf =   5.184e+01 (106153)
*442513: obj =   2.088053195e+03 inf =   5.184e+01 (106163) 1
*442547: obj =   2.088053152e+03 inf =   5.185e+01 (106146)
*442581: obj =   2.088053120e+03 inf =   5.185e+01 (106145)
*442614: obj =   2.088053119e+03 inf =   5.185e+01 (106142) 1
*442649: obj =   2.088053119e+03 inf =   5.185e+01 (106149)
*442684: obj =   2.088053119e+03 inf =   5.185e+01 (106159)
*442715: obj =   2.088053119e+03 inf =   5.185e+01 (106160) 1
*442750: obj =   2.088053119e+03 inf =   5.184e+01 (106167)
*442785: obj =   2.088053119e+03 inf =   5.184e+01 (106174)
*442816: obj =   2.088053106e+03 inf =   5.184e+01 (106175) 1
*442843: obj =   2.088053064e+03 inf =   5.185e+01 (106165)
*442872: obj =   2.088052994e+03 inf =   5.186e+01 (106151)
*442900: obj =   2.088052901e+03 inf =   5.188e+01 (106162)
